31460 execve("/usr/bin/timeout", ["timeout", "30", "./build/detector"], ["SHELL=/bin/bash", "LC_ADDRESS=nl_NL.UTF-8", "LC_NAME=nl_NL.UTF-8", "LC_MONETARY=nl_NL.UTF-8", "NO_AT_BRIDGE=1", "PWD=/home/pi/CoralEdgeTpu", "LOGNAME=pi", "XDG_SESSION_TYPE=tty", "MOTD_SHOWN=pam", "HOME=/home/pi", "LC_PAPER=nl_NL.UTF-8", "LANG=en_GB.UTF-8", "LS_COLORS=rs=0:di=01;34:ln=01;36:mh=00:pi=40;33:so=01;35:do=01;35:bd=40;33;01:cd=40;33;01:or=40;31;01:mi=00:su=37;41:sg=30;43:ca=00:tw=30;42:ow=34;42:st=37;44:ex=01;32:*.tar=01;31:*.tgz=01;31:*.arc=01;31:*.arj=01;31:*.taz=01;31:*.lha=01;31:*.lz4=01;31:*.lzh=01;31:*.lzma=01;31:*.tlz=01;31:*.txz=01;31:*.tzo=01;31:*.t7z=01;31:*.zip=01;31:*.z=01;31:*.dz=01;31:*.gz=01;31:*.lrz=01;31:*.lz=01;31:*.lzo=01;31:*.xz=01;31:*.zst=01;31:*.tzst=01;31:*.bz2=01;31:*.bz=01;31:*.tbz=01;31:*.tbz2=01;31:*.tz=01;31:*.deb=01;31:*.rpm=01;31:*.jar=01;31:*.war=01;31:*.ear=01;31:*.sar=01;31:*.rar=01;31:*.alz=01;31:*.ace=01;31:*.zoo=01;31:*.cpio=01;31:*.7z=01;31:*.rz=01;31:*.cab=01;31:*.wim=01;31:*.swm=01;31:*.dwm=01;31:*.esd=01;31:*.avif=01;35:*.jpg=01;35:*.jpeg=01;35:*.mjpg=01;35:*.mjpeg=01;35:*.gif=01;35:*.bmp=01;35:*.pbm=01;35:*.pgm=01;35:*.ppm=01;35:*.tga=01;35:*.xbm=01;35:*.xpm=01;35:*.tif=01;35:*.tiff=01;35:*.png=01;35:*.svg=01;35:*.svgz=01;35:*.mng=01;35:*.pcx=01;35:*.mov=01;35:*.mpg=01;35:*.mpeg=01;35:*.m2v=01;35:*.mkv=01;35:*."..., "SSH_CONNECTION=192.168.178.81 42128 192.168.178.48 22", "XDG_SESSION_CLASS=user", "LC_IDENTIFICATION=nl_NL.UTF-8", "TERM=xterm", "USER=pi", "GIT_PAGER=cat", "SHLVL=2", "PAGER=cat", "LC_TELEPHONE=nl_NL.UTF-8", "LC_MEASUREMENT=nl_NL.UTF-8", "XDG_SESSION_ID=4", "XDG_RUNTIME_DIR=/run/user/1000", "SSH_CLIENT=192.168.178.81 42128 22", "GEMINI_CLI=1", "GEMINI_CLI_NO_RELAUNCH=true", "PATH=/usr/local/sbin:/usr/local/bin:/usr/sbin:/usr/bin:/sbin:/bin:/usr/local/games:/usr/games", "DBUS_SESSION_BUS_ADDRESS=unix:path=/run/user/1000/bus", "SSH_TTY=/dev/pts/0", "LC_NUMERIC=nl_NL.UTF-8", "OLDPWD=/home/pi/CoralEdgeTpu/src", "TEXTDOMAIN=Linux-PAM", "_=/usr/bin/strace"]) = 0
31460 brk(NULL)                         = 0x55b720b000
31460 mmap(NULL, 8192, PROT_READ|PROT_WRITE, MAP_PRIVATE|MAP_ANONYMOUS, -1, 0) = 0x7f9ee8f000
31460 faccessat(AT_FDCWD, "/etc/ld.so.preload", R_OK) = -1 ENOENT (No such file or directory)
31460 openat(AT_FDCWD, "/etc/ld.so.cache", O_RDONLY|O_CLOEXEC) = 3
31460 newfstatat(3, "", {st_dev=makedev(0xb3, 0x2), st_ino=134468, st_mode=S_IFREG|0644, st_nlink=1, st_uid=0, st_gid=0, st_blksize=4096, st_blocks=232, st_size=115519, st_atime=1765264024 /* 2025-12-09T08:07:04.793557335+0100 */, st_atime_nsec=793557335, st_mtime=1765264024 /* 2025-12-09T08:07:04.793557335+0100 */, st_mtime_nsec=793557335, st_ctime=1765264024 /* 2025-12-09T08:07:04.801557309+0100 */, st_ctime_nsec=801557309}, AT_EMPTY_PATH) = 0
31460 mmap(NULL, 115519, PROT_READ, MAP_PRIVATE, 3, 0) = 0x7f9ee39000
31460 close(3)                          = 0
31460 openat(AT_FDCWD, "/lib/aarch64-linux-gnu/libc.so.6", O_RDONLY|O_CLOEXEC) = 3
31460 read(3, "\177ELF\2\1\1\3\0\0\0\0\0\0\0\0\3\0\267\0\1\0\0\0000y\2\0\0\0\0\0@\0\0\0\0\0\0\0\20#\31\0\0\0\0\0\0\0\0\0@\08\0\n\0@\0?\0>\0\6\0\0\0\4\0\0\0@\0\0\0\0\0\0\0@\0\0\0\0\0\0\0@\0\0\0\0\0\0\0000\2\0\0\0\0\0\0000\2\0\0\0\0\0\0\10\0\0\0\0\0\0\0\3\0\0\0\4\0\0\0\210\202\25\0\0\0\0\0\210\202\25\0\0\0\0\0\210\202\25\0\0\0\0\0\33\0\0\0\0\0\0\0\33\0\0\0\0\0\0\0\10\0\0\0\0\0\0\0\1\0\0\0\5\0\0\0\0\0\0\0\0\0\0\0\0\0\0\0\0\0\0\0\0\0\0\0\0\0\0\0\244d\30\0\0\0\0\0\244d\30\0\0\0\0\0\0\0\1\0\0\0\0\0\1\0\0\0\6\0\0\0\300\315\30\0\0\0\0\0\300\315\31\0\0\0\0\0\300\315\31\0\0\0\0\0\10I\0\0\0\0\0\0\240\22\1\0\0\0\0\0\0\0\1\0\0\0\0\0\2\0\0\0\6\0\0\0\260\373\30\0\0\0\0\0\260\373\31\0\0\0\0\0\260\373\31\0\0\0\0\0\260\1\0\0\0\0\0\0\260\1\0\0\0\0\0\0\10\0\0\0\0\0\0\0\4\0\0\0\4\0\0\0p\2\0\0\0\0\0\0p\2\0\0\0\0\0\0p\2\0\0\0\0\0\0D\0\0\0\0\0\0\0D\0\0\0\0\0\0\0\4\0\0\0\0\0\0\0\7\0\0\0\4\0\0\0\300\315\30\0\0\0\0\0\300\315\31\0\0\0\0\0\300\315\31\0\0\0\0\0\20\0\0\0\0\0\0\0\220\0\0\0\0\0\0\0\20\0\0\0\0\0\0\0P\345td\4\0\0\0\244\202\25\0\0\0\0\0\244\202\25\0\0\0\0\0\244\202\25\0\0\0\0\0dh\0\0\0\0\0\0dh\0\0\0\0\0\0\4\0\0\0\0\0\0\0Q\345td\6\0\0\0\0\0\0\0\0\0\0\0\0\0\0\0\0\0\0\0\0\0\0\0\0\0\0\0\0\0\0\0\0\0\0\0\0\0\0\0\0\0\0\0\20\0\0\0\0\0\0\0R\345td\4\0\0\0\300\315\30\0\0\0\0\0\300\315\31\0\0\0\0\0\300\315\31\0\0\0\0\0@2\0\0\0\0\0\0@2\0\0\0\0\0\0\1\0\0\0\0\0\0\0\4\0\0\0\24\0\0\0\3\0\0\0GNU\0\242\357B\20\201\1X\255\337#\246L\365\372\2126\363\340\257\306\4\0\0\0\20\0\0\0\1\0\0\0GNU\0\0\0\0\0\3\0\0\0\7\0\0\0\0\0\0\0\0\0\0\0\361\3\0\0\27\0\0\0\0\1\0\0\16\0\0\0@0\22\\\250 \23\1\210\3\346\220\305E\214\0\304\0X\0\7\204 p\302\200\1\r\212\34\301\24\21\200\310D2\10*@\210V<- N\262H&\204\320\216\4\f\0\3\2\16\261\254:\17f\310\200\3003\0\300\fP\t \201\t\224\v$ ($\0\204$Z0\20X\200\312DB(\0\6\200\20\32C\0\250T\200\0IP\4Q\212P\22\4\0$\0\10  \21\20", 832) = 832
31460 newfstatat(3, "", {st_dev=makedev(0xb3, 0x2), st_ino=6057, st_mode=S_IFREG|0755, st_nlink=1, st_uid=0, st_gid=0, st_blksize=4096, st_blocks=3232, st_size=1651408, st_atime=1731460670 /* 2024-11-13T02:17:50.893307645+0100 */, st_atime_nsec=893307645, st_mtime=1730897328 /* 2024-11-06T13:48:48+0100 */, st_mtime_nsec=0, st_ctime=1731460654 /* 2024-11-13T02:17:34.275215387+0100 */, st_ctime_nsec=275215387}, AT_EMPTY_PATH) = 0
31460 mmap(NULL, 1826912, PROT_NONE, MAP_PRIVATE|MAP_ANONYMOUS, -1, 0) = 0x7f9ec7a000
31460 mmap(0x7f9ec80000, 1761376, PROT_READ|PROT_EXEC, MAP_PRIVATE|MAP_FIXED|MAP_DENYWRITE, 3, 0) = 0x7f9ec80000
31460 munmap(0x7f9ec7a000, 24576)       = 0
31460 munmap(0x7f9ee2f000, 36960)       = 0
31460 mprotect(0x7f9ee07000, 86016, PROT_NONE) = 0
31460 mmap(0x7f9ee1c000, 24576, PROT_READ|PROT_WRITE, MAP_PRIVATE|MAP_FIXED|MAP_DENYWRITE, 3, 0x18c000) = 0x7f9ee1c000
31460 mmap(0x7f9ee22000, 49248, PROT_READ|PROT_WRITE, MAP_PRIVATE|MAP_FIXED|MAP_ANONYMOUS, -1, 0) = 0x7f9ee22000
31460 close(3)                          = 0
31460 set_tid_address(0x7f9ee90090)     = 31460
31460 set_robust_list(0x7f9ee900a0, 24) = 0
31460 rseq(0x7f9ee906e0, 0x20, 0, 0xd428bc00) = 0
31460 mprotect(0x7f9ee1c000, 16384, PROT_READ) = 0
31460 mprotect(0x55842ef000, 4096, PROT_READ) = 0
31460 mmap(NULL, 8192, PROT_READ|PROT_WRITE, MAP_PRIVATE|MAP_ANONYMOUS, -1, 0) = 0x7f9ee8d000
31460 mprotect(0x7f9ee94000, 8192, PROT_READ) = 0
31460 prlimit64(0, RLIMIT_STACK, NULL, {rlim_cur=8192*1024, rlim_max=RLIM64_INFINITY}) = 0
31460 munmap(0x7f9ee39000, 115519)      = 0
31460 getrandom("\x84\x20\x46\x56\xbd\x1e\x49\x8d", 8, GRND_NONBLOCK) = 8
31460 brk(NULL)                         = 0x55b720b000
31460 brk(0x55b722c000)                 = 0x55b722c000
31460 openat(AT_FDCWD, "/usr/lib/locale/locale-archive", O_RDONLY|O_CLOEXEC) = 3
31460 newfstatat(3, "", {st_dev=makedev(0xb3, 0x2), st_ino=116993, st_mode=S_IFREG|0644, st_nlink=1, st_uid=0, st_gid=0, st_blksize=4096, st_blocks=5816, st_size=3048976, st_atime=1763679326 /* 2025-11-20T23:55:26.021494496+0100 */, st_atime_nsec=21494496, st_mtime=1763679326 /* 2025-11-20T23:55:26.029494566+0100 */, st_mtime_nsec=29494566, st_ctime=1763679326 /* 2025-11-20T23:55:26.029494566+0100 */, st_ctime_nsec=29494566}, AT_EMPTY_PATH) = 0
31460 mmap(NULL, 3048976, PROT_READ, MAP_PRIVATE, 3, 0) = 0x7f9e997000
31460 close(3)                          = 0
31460 openat(AT_FDCWD, "/usr/share/locale/locale.alias", O_RDONLY|O_CLOEXEC) = 3
31460 newfstatat(3, "", {st_dev=makedev(0xb3, 0x2), st_ino=130286, st_mode=S_IFREG|0644, st_nlink=1, st_uid=0, st_gid=0, st_blksize=4096, st_blocks=8, st_size=2996, st_atime=1731460706 /* 2024-11-13T02:18:26.899506997+0100 */, st_atime_nsec=899506997, st_mtime=1730897328 /* 2024-11-06T13:48:48+0100 */, st_mtime_nsec=0, st_ctime=1731460653 /* 2024-11-13T02:17:33.046208557+0100 */, st_ctime_nsec=46208557}, AT_EMPTY_PATH) = 0
31460 read(3, "# Locale name alias data base.\n# Copyright (C) 1996-2022 Free Software Foundation, Inc.\n#\n# This program is free software; you can redistribute it and/or modify\n# it under the terms of the GNU General Public License as published by\n# the Free Software Foundation; either version 2, or (at your option)\n# any later version.\n#\n# This program is distributed in the hope that it will be useful,\n# but WITHOUT ANY WARRANTY; without even the implied warranty of\n# MERCHANTABILITY or FITNESS FOR A PARTICULAR PURPOSE.  See the\n# GNU General Public License for more details.\n#\n# You should have received a copy of the GNU General Public License\n# along with this program; if not, see <https://www.gnu.org/licenses/>.\n\n# The format of this file is the same as for the corresponding file of\n# the X Window System, which normally can be found in\n#\t/usr/lib/X11/locale/locale.alias\n# A single line contains two fields: an alias and a substitution value.\n# All entries are case independent.\n\n# Note: This file is obsolete and is kept aro"..., 4096) = 2996
31460 read(3, "", 4096)                 = 0
31460 close(3)                          = 0
31460 openat(AT_FDCWD, "/usr/lib/locale/nl_NL.UTF-8/LC_IDENTIFICATION", O_RDONLY|O_CLOEXEC) = -1 ENOENT (No such file or directory)
31460 openat(AT_FDCWD, "/usr/lib/locale/nl_NL.utf8/LC_IDENTIFICATION", O_RDONLY|O_CLOEXEC) = -1 ENOENT (No such file or directory)
31460 openat(AT_FDCWD, "/usr/lib/locale/nl_NL/LC_IDENTIFICATION", O_RDONLY|O_CLOEXEC) = -1 ENOENT (No such file or directory)
31460 openat(AT_FDCWD, "/usr/lib/locale/nl.UTF-8/LC_IDENTIFICATION", O_RDONLY|O_CLOEXEC) = -1 ENOENT (No such file or directory)
31460 openat(AT_FDCWD, "/usr/lib/locale/nl.utf8/LC_IDENTIFICATION", O_RDONLY|O_CLOEXEC) = -1 ENOENT (No such file or directory)
31460 openat(AT_FDCWD, "/usr/lib/locale/nl/LC_IDENTIFICATION", O_RDONLY|O_CLOEXEC) = -1 ENOENT (No such file or directory)
31460 setpgid(0, 0)                     = 0
31460 rt_sigaction(SIGALRM, {sa_handler=0x55842d2a10, sa_mask=[], sa_flags=SA_RESTART}, NULL, 8) = 0
31460 rt_sigaction(SIGINT, {sa_handler=0x55842d2a10, sa_mask=[], sa_flags=SA_RESTART}, NULL, 8) = 0
31460 rt_sigaction(SIGQUIT, {sa_handler=0x55842d2a10, sa_mask=[], sa_flags=SA_RESTART}, NULL, 8) = 0
31460 rt_sigaction(SIGHUP, {sa_handler=0x55842d2a10, sa_mask=[], sa_flags=SA_RESTART}, NULL, 8) = 0
31460 rt_sigaction(SIGTERM, {sa_handler=0x55842d2a10, sa_mask=[], sa_flags=SA_RESTART}, NULL, 8) = 0
31460 rt_sigaction(SIGTERM, {sa_handler=0x55842d2a10, sa_mask=[], sa_flags=SA_RESTART}, NULL, 8) = 0
31460 rt_sigaction(SIGTTIN, {sa_handler=SIG_IGN, sa_mask=[TTIN], sa_flags=SA_RESTART}, {sa_handler=SIG_DFL, sa_mask=[], sa_flags=0}, 8) = 0
31460 rt_sigaction(SIGTTOU, {sa_handler=SIG_IGN, sa_mask=[TTOU], sa_flags=SA_RESTART}, {sa_handler=SIG_DFL, sa_mask=[], sa_flags=0}, 8) = 0
31460 rt_sigaction(SIGCHLD, {sa_handler=0x55842d27e0, sa_mask=[], sa_flags=SA_RESTART}, NULL, 8) = 0
31460 rt_sigprocmask(SIG_UNBLOCK, [CHLD], NULL, 8) = 0
31460 clone(child_stack=NULL, flags=CLONE_CHILD_CLEARTID|CLONE_CHILD_SETTID|SIGCHLD, child_tidptr=0x7f9ee90090) = 31461
31460 rt_sigprocmask(SIG_UNBLOCK, [ALRM],  <unfinished ...>
31461 set_robust_list(0x7f9ee900a0, 24 <unfinished ...>
31460 <... rt_sigprocmask resumed>NULL, 8) = 0
31461 <... set_robust_list resumed>)    = 0
31460 timer_create(CLOCK_REALTIME, {sigev_signo=SIGALRM, sigev_notify=SIGEV_SIGNAL}, [0]) = 0
31461 rt_sigaction(SIGTTIN, {sa_handler=SIG_DFL, sa_mask=[TTIN], sa_flags=SA_RESTART},  <unfinished ...>
31460 timer_settime(0, 0, {it_interval={tv_sec=0, tv_nsec=0}, it_value={tv_sec=30, tv_nsec=0}},  <unfinished ...>
31461 <... rt_sigaction resumed>{sa_handler=SIG_IGN, sa_mask=[TTIN], sa_flags=SA_RESTART}, 8) = 0
31460 <... timer_settime resumed>NULL)  = 0
31461 rt_sigaction(SIGTTOU, {sa_handler=SIG_DFL, sa_mask=[TTOU], sa_flags=SA_RESTART},  <unfinished ...>
31460 rt_sigprocmask(SIG_BLOCK, [HUP INT QUIT ALRM TERM CHLD],  <unfinished ...>
31461 <... rt_sigaction resumed>{sa_handler=SIG_IGN, sa_mask=[TTOU], sa_flags=SA_RESTART}, 8) = 0
31460 <... rt_sigprocmask resumed>[], 8) = 0
31460 wait4(31461, 0x7fd87a89a4, WNOHANG, NULL) = 0
31461 execve("./build/detector", ["./build/detector"], ["SHELL=/bin/bash", "LC_ADDRESS=nl_NL.UTF-8", "LC_NAME=nl_NL.UTF-8", "LC_MONETARY=nl_NL.UTF-8", "NO_AT_BRIDGE=1", "PWD=/home/pi/CoralEdgeTpu", "LOGNAME=pi", "XDG_SESSION_TYPE=tty", "MOTD_SHOWN=pam", "HOME=/home/pi", "LC_PAPER=nl_NL.UTF-8", "LANG=en_GB.UTF-8", "LS_COLORS=rs=0:di=01;34:ln=01;36:mh=00:pi=40;33:so=01;35:do=01;35:bd=40;33;01:cd=40;33;01:or=40;31;01:mi=00:su=37;41:sg=30;43:ca=00:tw=30;42:ow=34;42:st=37;44:ex=01;32:*.tar=01;31:*.tgz=01;31:*.arc=01;31:*.arj=01;31:*.taz=01;31:*.lha=01;31:*.lz4=01;31:*.lzh=01;31:*.lzma=01;31:*.tlz=01;31:*.txz=01;31:*.tzo=01;31:*.t7z=01;31:*.zip=01;31:*.z=01;31:*.dz=01;31:*.gz=01;31:*.lrz=01;31:*.lz=01;31:*.lzo=01;31:*.xz=01;31:*.zst=01;31:*.tzst=01;31:*.bz2=01;31:*.bz=01;31:*.tbz=01;31:*.tbz2=01;31:*.tz=01;31:*.deb=01;31:*.rpm=01;31:*.jar=01;31:*.war=01;31:*.ear=01;31:*.sar=01;31:*.rar=01;31:*.alz=01;31:*.ace=01;31:*.zoo=01;31:*.cpio=01;31:*.7z=01;31:*.rz=01;31:*.cab=01;31:*.wim=01;31:*.swm=01;31:*.dwm=01;31:*.esd=01;31:*.avif=01;35:*.jpg=01;35:*.jpeg=01;35:*.mjpg=01;35:*.mjpeg=01;35:*.gif=01;35:*.bmp=01;35:*.pbm=01;35:*.pgm=01;35:*.ppm=01;35:*.tga=01;35:*.xbm=01;35:*.xpm=01;35:*.tif=01;35:*.tiff=01;35:*.png=01;35:*.svg=01;35:*.svgz=01;35:*.mng=01;35:*.pcx=01;35:*.mov=01;35:*.mpg=01;35:*.mpeg=01;35:*.m2v=01;35:*.mkv=01;35:*."..., "SSH_CONNECTION=192.168.178.81 42128 192.168.178.48 22", "XDG_SESSION_CLASS=user", "LC_IDENTIFICATION=nl_NL.UTF-8", "TERM=xterm", "USER=pi", "GIT_PAGER=cat", "SHLVL=2", "PAGER=cat", "LC_TELEPHONE=nl_NL.UTF-8", "LC_MEASUREMENT=nl_NL.UTF-8", "XDG_SESSION_ID=4", "XDG_RUNTIME_DIR=/run/user/1000", "SSH_CLIENT=192.168.178.81 42128 22", "GEMINI_CLI=1", "GEMINI_CLI_NO_RELAUNCH=true", "PATH=/usr/local/sbin:/usr/local/bin:/usr/sbin:/usr/bin:/sbin:/bin:/usr/local/games:/usr/games", "DBUS_SESSION_BUS_ADDRESS=unix:path=/run/user/1000/bus", "SSH_TTY=/dev/pts/0", "LC_NUMERIC=nl_NL.UTF-8", "OLDPWD=/home/pi/CoralEdgeTpu/src", "TEXTDOMAIN=Linux-PAM", "_=/usr/bin/strace"] <unfinished ...>
31460 rt_sigsuspend([], 8 <unfinished ...>
31461 <... execve resumed>)             = 0
31461 brk(NULL)                         = 0x5595125000
31461 mmap(NULL, 8192, PROT_READ|PROT_WRITE, MAP_PRIVATE|MAP_ANONYMOUS, -1, 0) = 0x7fb8005000
31461 readlinkat(AT_FDCWD, "/proc/self/exe", "/home/pi/CoralEdgeTpu/build/detector", 4096) = 36
31461 faccessat(AT_FDCWD, "/etc/ld.so.preload", R_OK) = -1 ENOENT (No such file or directory)
31461 openat(AT_FDCWD, "'$/home/pi/CoralEdgeTpu/build/../lib'/tls/aarch64/atomics/libtensorflowlite.so", O_RDONLY|O_CLOEXEC) = -1 ENOENT (No such file or directory)
31461 openat(AT_FDCWD, "'$/home/pi/CoralEdgeTpu/build/../lib'/tls/aarch64/libtensorflowlite.so", O_RDONLY|O_CLOEXEC) = -1 ENOENT (No such file or directory)
31461 openat(AT_FDCWD, "'$/home/pi/CoralEdgeTpu/build/../lib'/tls/atomics/libtensorflowlite.so", O_RDONLY|O_CLOEXEC) = -1 ENOENT (No such file or directory)
31461 openat(AT_FDCWD, "'$/home/pi/CoralEdgeTpu/build/../lib'/tls/libtensorflowlite.so", O_RDONLY|O_CLOEXEC) = -1 ENOENT (No such file or directory)
31461 openat(AT_FDCWD, "'$/home/pi/CoralEdgeTpu/build/../lib'/aarch64/atomics/libtensorflowlite.so", O_RDONLY|O_CLOEXEC) = -1 ENOENT (No such file or directory)
31461 openat(AT_FDCWD, "'$/home/pi/CoralEdgeTpu/build/../lib'/aarch64/libtensorflowlite.so", O_RDONLY|O_CLOEXEC) = -1 ENOENT (No such file or directory)
31461 openat(AT_FDCWD, "'$/home/pi/CoralEdgeTpu/build/../lib'/atomics/libtensorflowlite.so", O_RDONLY|O_CLOEXEC) = -1 ENOENT (No such file or directory)
31461 openat(AT_FDCWD, "'$/home/pi/CoralEdgeTpu/build/../lib'/libtensorflowlite.so", O_RDONLY|O_CLOEXEC) = -1 ENOENT (No such file or directory)
31461 openat(AT_FDCWD, "/home/pi/CoralEdgeTpu/lib/tls/aarch64/atomics/libtensorflowlite.so", O_RDONLY|O_CLOEXEC) = -1 ENOENT (No such file or directory)
31461 newfstatat(AT_FDCWD, "/home/pi/CoralEdgeTpu/lib/tls/aarch64/atomics", 0x7fc472c200, 0) = -1 ENOENT (No such file or directory)
31461 openat(AT_FDCWD, "/home/pi/CoralEdgeTpu/lib/tls/aarch64/libtensorflowlite.so", O_RDONLY|O_CLOEXEC) = -1 ENOENT (No such file or directory)
31461 newfstatat(AT_FDCWD, "/home/pi/CoralEdgeTpu/lib/tls/aarch64", 0x7fc472c200, 0) = -1 ENOENT (No such file or directory)
31461 openat(AT_FDCWD, "/home/pi/CoralEdgeTpu/lib/tls/atomics/libtensorflowlite.so", O_RDONLY|O_CLOEXEC) = -1 ENOENT (No such file or directory)
31461 newfstatat(AT_FDCWD, "/home/pi/CoralEdgeTpu/lib/tls/atomics", 0x7fc472c200, 0) = -1 ENOENT (No such file or directory)
31461 openat(AT_FDCWD, "/home/pi/CoralEdgeTpu/lib/tls/libtensorflowlite.so", O_RDONLY|O_CLOEXEC) = -1 ENOENT (No such file or directory)
31461 newfstatat(AT_FDCWD, "/home/pi/CoralEdgeTpu/lib/tls", 0x7fc472c200, 0) = -1 ENOENT (No such file or directory)
31461 openat(AT_FDCWD, "/home/pi/CoralEdgeTpu/lib/aarch64/atomics/libtensorflowlite.so", O_RDONLY|O_CLOEXEC) = -1 ENOENT (No such file or directory)
31461 newfstatat(AT_FDCWD, "/home/pi/CoralEdgeTpu/lib/aarch64/atomics", 0x7fc472c200, 0) = -1 ENOENT (No such file or directory)
31461 openat(AT_FDCWD, "/home/pi/CoralEdgeTpu/lib/aarch64/libtensorflowlite.so", O_RDONLY|O_CLOEXEC) = -1 ENOENT (No such file or directory)
31461 newfstatat(AT_FDCWD, "/home/pi/CoralEdgeTpu/lib/aarch64", 0x7fc472c200, 0) = -1 ENOENT (No such file or directory)
31461 openat(AT_FDCWD, "/home/pi/CoralEdgeTpu/lib/atomics/libtensorflowlite.so", O_RDONLY|O_CLOEXEC) = -1 ENOENT (No such file or directory)
31461 newfstatat(AT_FDCWD, "/home/pi/CoralEdgeTpu/lib/atomics", 0x7fc472c200, 0) = -1 ENOENT (No such file or directory)
31461 openat(AT_FDCWD, "/home/pi/CoralEdgeTpu/lib/libtensorflowlite.so", O_RDONLY|O_CLOEXEC) = 3
31461 read(3, "\177ELF\2\1\1\3\0\0\0\0\0\0\0\0\3\0\267\0\1\0\0\0\0\0\0\0\0\0\0\0@\0\0\0\0\0\0\0`13\0\0\0\0\0\0\0\0\0@\08\0\t\0@\0 \0\37\0\6\0\0\0\4\0\0\0@\0\0\0\0\0\0\0@\0\0\0\0\0\0\0@\0\0\0\0\0\0\0\370\1\0\0\0\0\0\0\370\1\0\0\0\0\0\0\10\0\0\0\0\0\0\0\1\0\0\0\5\0\0\0\0\0\0\0\0\0\0\0\0\0\0\0\0\0\0\0\0\0\0\0\0\0\0\0@02\0\0\0\0\0@02\0\0\0\0\0\0\0\1\0\0\0\0\0\1\0\0\0\6\0\0\0\200\2542\0\0\0\0\0\200\2543\0\0\0\0\0\200\2543\0\0\0\0\0X\203\0\0\0\0\0\0\351\204\0\0\0\0\0\0\0\0\1\0\0\0\0\0\2\0\0\0\6\0\0\0\210\3022\0\0\0\0\0\210\3023\0\0\0\0\0\210\3023\0\0\0\0\0\220\2\0\0\0\0\0\0\220\2\0\0\0\0\0\0\10\0\0\0\0\0\0\0\4\0\0\0\4\0\0\08\2\0\0\0\0\0\08\2\0\0\0\0\0\08\2\0\0\0\0\0\0$\0\0\0\0\0\0\0$\0\0\0\0\0\0\0\4\0\0\0\0\0\0\0P\345td\4\0\0\0\344\3411\0\0\0\0\0\344\3411\0\0\0\0\0\344\3411\0\0\0\0\0\\N\0\0\0\0\0\0\\N\0\0\0\0\0\0\4\0\0\0\0\0\0\0Q\345td\6\0\0\0\0\0\0\0\0\0\0\0\0\0\0\0\0\0\0\0\0\0\0\0\0\0\0\0\0\0\0\0\0\0\0\0\0\0\0\0\0\0\0\0\20\0\0\0\0\0\0\0\7\0\0\0\4\0\0\0\200\2542\0\0\0\0\0\200\2543\0\0\0\0\0\200\2543\0\0\0\0\0\30\0\0\0\0\0\0\0\30\0\0\0\0\0\0\0\10\0\0\0\0\0\0\0R\345td\6\0\0\0\200\2542\0\0\0\0\0\200\2543\0\0\0\0\0\200\2543\0\0\0\0\0\200S\0\0\0\0\0\0\200S\0\0\0\0\0\0\20\0\0\0\0\0\0\0\4\0\0\0\24\0\0\0\3\0\0\0GNU\0\227\214\25U\vU6\343\226\256\371\26+\26\345AH[\227\\\0\0\0\0\0\0\0\0\0\0\0\0\0\0\0\0\0\0\0\0\0\0\0\0\0\0\0\0\37\0\0\0\6\0\22\0\0\0\0\0\0\0\0\0\30\0\0\0\0\0\0\00006\0\0\22\0\0\0\0\0\0\0\0\0\0\0\0\0\0\0\0\0\0\0\262G\0\0\22\0\0\0\0\0\0\0\0\0\0\0\0\0\0\0\0\0\0\0\206H\0\0\22\0\0\0\0\0\0\0\0\0\0\0\0\0\0\0\0\0\0\0\335H\0\0\22\0\0\0\0\0\0\0\0\0\0\0\0\0\0\0\0\0\0\0\2I\0\0\22\0\0\0\0\0\0\0\0\0\0\0\0\0\0\0\0\0\0\0002K\0\0\22\0\0\0\0\0\0\0\0\0\0\0\0\0\0\0\0\0\0\0\263^\0\0\22\0\0\0\0\0\0\0\0\0\0\0\0\0\0\0\0\0\0\0\305^\0\0\22\0\0\0", 832) = 832
31461 newfstatat(3, "", {st_dev=makedev(0xb3, 0x2), st_ino=423349, st_mode=S_IFREG|0755, st_nlink=1, st_uid=1000, st_gid=1000, st_blksize=4096, st_blocks=6528, st_size=3357024, st_atime=1765047657 /* 2025-12-06T20:00:57.765114556+0100 */, st_atime_nsec=765114556, st_mtime=1765047657 /* 2025-12-06T20:00:57.781114527+0100 */, st_mtime_nsec=781114527, st_ctime=1765047657 /* 2025-12-06T20:00:57.781114527+0100 */, st_ctime_nsec=781114527}, AT_EMPTY_PATH) = 0
31461 mmap(NULL, 3486057, PROT_NONE, MAP_PRIVATE|MAP_ANONYMOUS, -1, 0) = 0x7fb7c78000
31461 mmap(0x7fb7c80000, 3420521, PROT_READ|PROT_EXEC, MAP_PRIVATE|MAP_FIXED|MAP_DENYWRITE, 3, 0) = 0x7fb7c80000
31461 munmap(0x7fb7c78000, 32768)       = 0
31461 munmap(0x7fb7fc4000, 29033)       = 0
31461 mprotect(0x7fb7fa4000, 90112, PROT_NONE) = 0
31461 mmap(0x7fb7fba000, 36864, PROT_READ|PROT_WRITE, MAP_PRIVATE|MAP_FIXED|MAP_DENYWRITE, 3, 0x32a000) = 0x7fb7fba000
31461 mmap(0x7fb7fc3000, 361, PROT_READ|PROT_WRITE, MAP_PRIVATE|MAP_FIXED|MAP_ANONYMOUS, -1, 0) = 0x7fb7fc3000
31461 close(3)                          = 0
31461 openat(AT_FDCWD, "'$/home/pi/CoralEdgeTpu/build/../lib'/tls/aarch64/atomics/libedgetpu.so.1", O_RDONLY|O_CLOEXEC) = -1 ENOENT (No such file or directory)
31461 openat(AT_FDCWD, "'$/home/pi/CoralEdgeTpu/build/../lib'/tls/aarch64/libedgetpu.so.1", O_RDONLY|O_CLOEXEC) = -1 ENOENT (No such file or directory)
31461 openat(AT_FDCWD, "'$/home/pi/CoralEdgeTpu/build/../lib'/tls/atomics/libedgetpu.so.1", O_RDONLY|O_CLOEXEC) = -1 ENOENT (No such file or directory)
31461 openat(AT_FDCWD, "'$/home/pi/CoralEdgeTpu/build/../lib'/tls/libedgetpu.so.1", O_RDONLY|O_CLOEXEC) = -1 ENOENT (No such file or directory)
31461 openat(AT_FDCWD, "'$/home/pi/CoralEdgeTpu/build/../lib'/aarch64/atomics/libedgetpu.so.1", O_RDONLY|O_CLOEXEC) = -1 ENOENT (No such file or directory)
31461 openat(AT_FDCWD, "'$/home/pi/CoralEdgeTpu/build/../lib'/aarch64/libedgetpu.so.1", O_RDONLY|O_CLOEXEC) = -1 ENOENT (No such file or directory)
31461 openat(AT_FDCWD, "'$/home/pi/CoralEdgeTpu/build/../lib'/atomics/libedgetpu.so.1", O_RDONLY|O_CLOEXEC) = -1 ENOENT (No such file or directory)
31461 openat(AT_FDCWD, "'$/home/pi/CoralEdgeTpu/build/../lib'/libedgetpu.so.1", O_RDONLY|O_CLOEXEC) = -1 ENOENT (No such file or directory)
31461 openat(AT_FDCWD, "/home/pi/CoralEdgeTpu/lib/libedgetpu.so.1", O_RDONLY|O_CLOEXEC) = 3
31461 read(3, "\177ELF\2\1\1\0\0\0\0\0\0\0\0\0\3\0\267\0\1\0\0\0\0\0\0\0\0\0\0\0@\0\0\0\0\0\0\0PL\21\0\0\0\0\0\0\0\0\0@\08\0\10\0@\0$\0#\0\6\0\0\0\4\0\0\0@\0\0\0\0\0\0\0@\0\0\0\0\0\0\0@\0\0\0\0\0\0\0\300\1\0\0\0\0\0\0\300\1\0\0\0\0\0\0\10\0\0\0\0\0\0\0\1\0\0\0\5\0\0\0\0\0\0\0\0\0\0\0\0\0\0\0\0\0\0\0\0\0\0\0\0\0\0\0\310\223\20\0\0\0\0\0\310\223\20\0\0\0\0\0\0\0\1\0\0\0\0\0\1\0\0\0\6\0\0\0\20\305\20\0\0\0\0\0\20\305\21\0\0\0\0\0\20\305\21\0\0\0\0\0\340@\0\0\0\0\0\0\350f\0\0\0\0\0\0\0\0\1\0\0\0\0\0\2\0\0\0\6\0\0\0\200\357\20\0\0\0\0\0\200\357\21\0\0\0\0\0\200\357\21\0\0\0\0\0\200\2\0\0\0\0\0\0\200\2\0\0\0\0\0\0\10\0\0\0\0\0\0\0\4\0\0\0\4\0\0\0\0\2\0\0\0\0\0\0\0\2\0\0\0\0\0\0\0\2\0\0\0\0\0\0$\0\0\0\0\0\0\0$\0\0\0\0\0\0\0\4\0\0\0\0\0\0\0P\345td\4\0\0\0\234a\20\0\0\0\0\0\234a\20\0\0\0\0\0\234a\20\0\0\0\0\0,2\0\0\0\0\0\0,2\0\0\0\0\0\0\4\0\0\0\0\0\0\0Q\345td\6\0\0\0\0\0\0\0\0\0\0\0\0\0\0\0\0\0\0\0\0\0\0\0\0\0\0\0\0\0\0\0\0\0\0\0\0\0\0\0\0\0\0\0\20\0\0\0\0\0\0\0R\345td\6\0\0\0\20\305\20\0\0\0\0\0\20\305\21\0\0\0\0\0\20\305\21\0\0\0\0\0\360:\0\0\0\0\0\0\360:\0\0\0\0\0\0\20\0\0\0\0\0\0\0\4\0\0\0\24\0\0\0\3\0\0\0GNU\0\272\223c\345,*\206,\323\336m\244\223K\300\316\25\205-\351\0\0\0\0\0\0\0\0\0\0\0\0\0\0\0\0\0\0\0\0\0\0\0\0\0\0\0\0\31\0\0\0\22\0\0\0\0\0\0\0\0\0\0\0\0\0\0\0\0\0\0\0l\0\0\0\22\0\0\0\0\0\0\0\0\0\0\0\0\0\0\0\0\0\0\0\240\0\0\0\22\0\0\0\0\0\0\0\0\0\0\0\0\0\0\0\0\0\0\0\374\0\0\0\22\0\0\0\0\0\0\0\0\0\0\0\0\0\0\0\0\0\0\0\27\1\0\0\22\0\0\0\0\0\0\0\0\0\0\0\0\0\0\0\0\0\0\0002\1\0\0\22\0\0\0\0\0\0\0\0\0\0\0\0\0\0\0\0\0\0\0E\1\0\0\22\0\0\0\0\0\0\0\0\0\0\0\0\0\0\0\0\0\0\0^\1\0\0\22\0\0\0\0\0\0\0\0\0\0\0\0\0\0\0\0\0\0\0\201\1\0\0\22\0\0\0\0\0\0\0\0\0\0\0\0\0\0\0\0\0\0\0\312\1\0\0\22\0\0\0\0\0\0\0\0\0\0\0\0\0\0\0\0\0\0\0\32\2\0\0\21\0\0\0\0\0\0\0\0\0\0\0", 832) = 832
31461 newfstatat(3, "", {st_dev=makedev(0xb3, 0x2), st_ino=25123, st_mode=S_IFREG|0644, st_nlink=1, st_uid=0, st_gid=0, st_blksize=4096, st_blocks=2224, st_size=1135952, st_atime=1765264022 /* 2025-12-09T08:07:02+0100 */, st_atime_nsec=0, st_mtime=1625860613 /* 2021-07-09T21:56:53+0200 */, st_mtime_nsec=0, st_ctime=1765264024 /* 2025-12-09T08:07:04.269559068+0100 */, st_ctime_nsec=269559068}, AT_EMPTY_PATH) = 0
31461 mmap(NULL, 1256440, PROT_NONE, MAP_PRIVATE|MAP_ANONYMOUS, -1, 0) = 0x7fb7b4d000
31461 mmap(0x7fb7b50000, 1190904, PROT_READ|PROT_EXEC, MAP_PRIVATE|MAP_FIXED|MAP_DENYWRITE, 3, 0) = 0x7fb7b50000
31461 munmap(0x7fb7b4d000, 12288)       = 0
31461 munmap(0x7fb7c73000, 52216)       = 0
31461 mprotect(0x7fb7c5a000, 73728, PROT_NONE) = 0
31461 mmap(0x7fb7c6c000, 20480, PROT_READ|PROT_WRITE, MAP_PRIVATE|MAP_FIXED|MAP_DENYWRITE, 3, 0x10c000) = 0x7fb7c6c000
31461 mmap(0x7fb7c71000, 7160, PROT_READ|PROT_WRITE, MAP_PRIVATE|MAP_FIXED|MAP_ANONYMOUS, -1, 0) = 0x7fb7c71000
31461 close(3)                          = 0
31461 openat(AT_FDCWD, "'$/home/pi/CoralEdgeTpu/build/../lib'/tls/aarch64/atomics/libcamera.so.0.5", O_RDONLY|O_CLOEXEC) = -1 ENOENT (No such file or directory)
31461 openat(AT_FDCWD, "'$/home/pi/CoralEdgeTpu/build/../lib'/tls/aarch64/libcamera.so.0.5", O_RDONLY|O_CLOEXEC) = -1 ENOENT (No such file or directory)
31461 openat(AT_FDCWD, "'$/home/pi/CoralEdgeTpu/build/../lib'/tls/atomics/libcamera.so.0.5", O_RDONLY|O_CLOEXEC) = -1 ENOENT (No such file or directory)
31461 openat(AT_FDCWD, "'$/home/pi/CoralEdgeTpu/build/../lib'/tls/libcamera.so.0.5", O_RDONLY|O_CLOEXEC) = -1 ENOENT (No such file or directory)
31461 openat(AT_FDCWD, "'$/home/pi/CoralEdgeTpu/build/../lib'/aarch64/atomics/libcamera.so.0.5", O_RDONLY|O_CLOEXEC) = -1 ENOENT (No such file or directory)
31461 openat(AT_FDCWD, "'$/home/pi/CoralEdgeTpu/build/../lib'/aarch64/libcamera.so.0.5", O_RDONLY|O_CLOEXEC) = -1 ENOENT (No such file or directory)
31461 openat(AT_FDCWD, "'$/home/pi/CoralEdgeTpu/build/../lib'/atomics/libcamera.so.0.5", O_RDONLY|O_CLOEXEC) = -1 ENOENT (No such file or directory)
31461 openat(AT_FDCWD, "'$/home/pi/CoralEdgeTpu/build/../lib'/libcamera.so.0.5", O_RDONLY|O_CLOEXEC) = -1 ENOENT (No such file or directory)
31461 openat(AT_FDCWD, "/home/pi/CoralEdgeTpu/lib/libcamera.so.0.5", O_RDONLY|O_CLOEXEC) = -1 ENOENT (No such file or directory)
31461 openat(AT_FDCWD, "/etc/ld.so.cache", O_RDONLY|O_CLOEXEC) = 3
31461 newfstatat(3, "", {st_dev=makedev(0xb3, 0x2), st_ino=134468, st_mode=S_IFREG|0644, st_nlink=1, st_uid=0, st_gid=0, st_blksize=4096, st_blocks=232, st_size=115519, st_atime=1765264024 /* 2025-12-09T08:07:04.793557335+0100 */, st_atime_nsec=793557335, st_mtime=1765264024 /* 2025-12-09T08:07:04.793557335+0100 */, st_mtime_nsec=793557335, st_ctime=1765264024 /* 2025-12-09T08:07:04.801557309+0100 */, st_ctime_nsec=801557309}, AT_EMPTY_PATH) = 0
31461 mmap(NULL, 115519, PROT_READ, MAP_PRIVATE, 3, 0) = 0x7fb7b33000
31461 close(3)                          = 0
31461 openat(AT_FDCWD, "/lib/aarch64-linux-gnu/libcamera.so.0.5", O_RDONLY|O_CLOEXEC) = 3
31461 read(3, "\177ELF\2\1\1\3\0\0\0\0\0\0\0\0\3\0\267\0\1\0\0\0\0\0\0\0\0\0\0\0@\0\0\0\0\0\0\0X\22\35\0\0\0\0\0\0\0\0\0@\08\0\7\0@\0\35\0\34\0\1\0\0\0\5\0\0\0\0\0\0\0\0\0\0\0\0\0\0\0\0\0\0\0\0\0\0\0\0\0\0\0\353!\34\0\0\0\0\0\353!\34\0\0\0\0\0\0\0\1\0\0\0\0\0\1\0\0\0\6\0\0\0xo\34\0\0\0\0\0xo\35\0\0\0\0\0xo\35\0\0\0\0\0`\241\0\0\0\0\0\0(\367\0\0\0\0\0\0\0\0\1\0\0\0\0\0\2\0\0\0\6\0\0\0X\272\34\0\0\0\0\0X\272\35\0\0\0\0\0X\272\35\0\0\0\0\0\260\2\0\0\0\0\0\0\260\2\0\0\0\0\0\0\10\0\0\0\0\0\0\0\4\0\0\0\4\0\0\0\310\1\0\0\0\0\0\0\310\1\0\0\0\0\0\0\310\1\0\0\0\0\0\0$\0\0\0\0\0\0\0$\0\0\0\0\0\0\0\4\0\0\0\0\0\0\0P\345td\4\0\0\0\254\372\30\0\0\0\0\0\254\372\30\0\0\0\0\0\254\372\30\0\0\0\0\0$P\0\0\0\0\0\0$P\0\0\0\0\0\0\4\0\0\0\0\0\0\0Q\345td\6\0\0\0\0\0\0\0\0\0\0\0\0\0\0\0\0\0\0\0\0\0\0\0\0\0\0\0\0\0\0\0\0\0\0\0\0\0\0\0\0\0\0\0\20\0\0\0\0\0\0\0R\345td\4\0\0\0xo\34\0\0\0\0\0xo\35\0\0\0\0\0xo\35\0\0\0\0\0\210\220\0\0\0\0\0\0\210\220\0\0\0\0\0\0\1\0\0\0\0\0\0\0\4\0\0\0\24\0\0\0\3\0\0\0GNU\0\17\340)\31\253]M\274\243\250\234\177\255\273KOr\6\4d\0\0\0\0\5\10\0\0m\1\0\0\0\2\0\0\17\0\0\0\20\2118\10\20\0)T\0\202\31\6\5HBP\0@\10\0\300\201\0\4\300\0\0\0\0\0\1\0!\2\242\220\2\201\202\34\0\304\4\0\240\0\0!\200D\4\215\0\3\20\24\0\216\0d\0\26\230\10\7\200\330\4 $0\10@\4\30\200 \2\10\0(\200H\0\2\22\0\10\0H\6\2@\0\0\0\0\210A\0\")\200\0!\1\213\1\0\1\201\3\200\0\0\6\10\244:T%\200\0\0\32\201\6\26\20\nY\310\10\300\300\10 !@\1\0\0\0B\6\0 \200\0\0\0\0@\200\10@\200\200\0\2B\1\224\240\201\4\4f\0\0\0\2\0\200\4\"\0@K\0\3\4\200b\211\204\1\20BC \304@\0\0\330\0.\22O\t\0T\200`\4\0\3H!\320\20\0\212\10\1  \1\0\2\0\1 \300\7\0\241\22\204\242\210\4\304\206$\31\20\22\4!\340z\v\24\0\0\0\1 $\0160\201\0\30\n\0\2\0h\10\206\n\200I@\201\0\10\200\0\f \0\0\0\4%(t\36\4\21\200\10\0\4\224\200\200\0 \0\fR\10\10!\1\241\08 \1\0\0\0\0100\0\2E@\200\t\205\20T\210", 832) = 832
31461 newfstatat(3, "", {st_dev=makedev(0xb3, 0x2), st_ino=194, st_mode=S_IFREG|0644, st_nlink=1, st_uid=0, st_gid=0, st_blksize=4096, st_blocks=3728, st_size=1907096, st_atime=1763933673 /* 2025-11-23T22:34:33+0100 */, st_atime_nsec=0, st_mtime=1757420767 /* 2025-09-09T14:26:07+0200 */, st_mtime_nsec=0, st_ctime=1763933675 /* 2025-11-23T22:34:35.179470436+0100 */, st_ctime_nsec=179470436}, AT_EMPTY_PATH) = 0
31461 mmap(NULL, 2057888, PROT_NONE, MAP_PRIVATE|MAP_ANONYMOUS, -1, 0) = 0x7fb793c000
31461 mmap(0x7fb7940000, 1992352, PROT_READ|PROT_EXEC, MAP_PRIVATE|MAP_FIXED|MAP_DENYWRITE, 3, 0) = 0x7fb7940000
31461 munmap(0x7fb793c000, 16384)       = 0
31461 munmap(0x7fb7b27000, 46752)       = 0
31461 mprotect(0x7fb7b03000, 77824, PROT_NONE) = 0
31461 mmap(0x7fb7b16000, 49152, PROT_READ|PROT_WRITE, MAP_PRIVATE|MAP_FIXED|MAP_DENYWRITE, 3, 0x1c6000) = 0x7fb7b16000
31461 mmap(0x7fb7b22000, 18080, PROT_READ|PROT_WRITE, MAP_PRIVATE|MAP_FIXED|MAP_ANONYMOUS, -1, 0) = 0x7fb7b22000
31461 close(3)                          = 0
31461 openat(AT_FDCWD, "'$/home/pi/CoralEdgeTpu/build/../lib'/tls/aarch64/atomics/libcamera-base.so.0.5", O_RDONLY|O_CLOEXEC) = -1 ENOENT (No such file or directory)
31461 openat(AT_FDCWD, "'$/home/pi/CoralEdgeTpu/build/../lib'/tls/aarch64/libcamera-base.so.0.5", O_RDONLY|O_CLOEXEC) = -1 ENOENT (No such file or directory)
31461 openat(AT_FDCWD, "'$/home/pi/CoralEdgeTpu/build/../lib'/tls/atomics/libcamera-base.so.0.5", O_RDONLY|O_CLOEXEC) = -1 ENOENT (No such file or directory)
31461 openat(AT_FDCWD, "'$/home/pi/CoralEdgeTpu/build/../lib'/tls/libcamera-base.so.0.5", O_RDONLY|O_CLOEXEC) = -1 ENOENT (No such file or directory)
31461 openat(AT_FDCWD, "'$/home/pi/CoralEdgeTpu/build/../lib'/aarch64/atomics/libcamera-base.so.0.5", O_RDONLY|O_CLOEXEC) = -1 ENOENT (No such file or directory)
31461 openat(AT_FDCWD, "'$/home/pi/CoralEdgeTpu/build/../lib'/aarch64/libcamera-base.so.0.5", O_RDONLY|O_CLOEXEC) = -1 ENOENT (No such file or directory)
31461 openat(AT_FDCWD, "'$/home/pi/CoralEdgeTpu/build/../lib'/atomics/libcamera-base.so.0.5", O_RDONLY|O_CLOEXEC) = -1 ENOENT (No such file or directory)
31461 openat(AT_FDCWD, "'$/home/pi/CoralEdgeTpu/build/../lib'/libcamera-base.so.0.5", O_RDONLY|O_CLOEXEC) = -1 ENOENT (No such file or directory)
31461 openat(AT_FDCWD, "/home/pi/CoralEdgeTpu/lib/libcamera-base.so.0.5", O_RDONLY|O_CLOEXEC) = -1 ENOENT (No such file or directory)
31461 openat(AT_FDCWD, "/lib/aarch64-linux-gnu/libcamera-base.so.0.5", O_RDONLY|O_CLOEXEC) = 3
31461 read(3, "\177ELF\2\1\1\3\0\0\0\0\0\0\0\0\3\0\267\0\1\0\0\0\0\0\0\0\0\0\0\0@\0\0\0\0\0\0\0\260\1\3\0\0\0\0\0\0\0\0\0@\08\0\10\0@\0\34\0\33\0\1\0\0\0\5\0\0\0\0\0\0\0\0\0\0\0\0\0\0\0\0\0\0\0\0\0\0\0\0\0\0\0\373c\2\0\0\0\0\0\373c\2\0\0\0\0\0\0\0\1\0\0\0\0\0\1\0\0\0\6\0\0\0\300\354\2\0\0\0\0\0\300\354\3\0\0\0\0\0\300\354\3\0\0\0\0\0T\23\0\0\0\0\0\0\340\24\0\0\0\0\0\0\0\0\1\0\0\0\0\0\2\0\0\0\6\0\0\0\250\363\2\0\0\0\0\0\250\363\3\0\0\0\0\0\250\363\3\0\0\0\0\0000\2\0\0\0\0\0\0000\2\0\0\0\0\0\0\10\0\0\0\0\0\0\0\4\0\0\0\4\0\0\0\0\2\0\0\0\0\0\0\0\2\0\0\0\0\0\0\0\2\0\0\0\0\0\0$\0\0\0\0\0\0\0$\0\0\0\0\0\0\0\4\0\0\0\0\0\0\0\7\0\0\0\4\0\0\0\300\354\2\0\0\0\0\0\300\354\3\0\0\0\0\0\300\354\3\0\0\0\0\0\0\0\0\0\0\0\0\0(\0\0\0\0\0\0\0\10\0\0\0\0\0\0\0P\345td\4\0\0\0\364\31\2\0\0\0\0\0\364\31\2\0\0\0\0\0\364\31\2\0\0\0\0\0\304\10\0\0\0\0\0\0\304\10\0\0\0\0\0\0\4\0\0\0\0\0\0\0Q\345td\6\0\0\0\0\0\0\0\0\0\0\0\0\0\0\0\0\0\0\0\0\0\0\0\0\0\0\0\0\0\0\0\0\0\0\0\0\0\0\0\0\0\0\0\20\0\0\0\0\0\0\0R\345td\4\0\0\0\300\354\2\0\0\0\0\0\300\354\3\0\0\0\0\0\300\354\3\0\0\0\0\0@\23\0\0\0\0\0\0@\23\0\0\0\0\0\0\1\0\0\0\0\0\0\0\4\0\0\0\24\0\0\0\3\0\0\0GNU\0\254\322\n\246h\355\240\231\260\373\363\24a\357\306<\4\227du\0\0\0\0\7\1\0\0\221\0\0\0@\0\0\0\f\0\0\0\0 \0\320D\0\20B\20\0\0\3\0\0\0\2\0\20\200\30\2D@B\r\2#\0\5\1\2*\21\246 E\200\341\4\20\2 \0\0\"\0\10D\2\0\5\4\1\20\200\320\5\0\4@\251\30\4@\0\210\f\0\0\0\0\20 \0\4\200@M\0\0\4\205\0\4\200\t\0\0\34 @\25\302\252\0\0 \"\204\20Te\n@\202\2172\10\230!J\200\1| E\22J@\f@\10\24\f \0\2(\10\0\0\0\0\0\0\1\0\t\6\fH\0\0\206 \0\200\r$\0\0\221\0\nD\0\0\200@\10\10\0\206\0\201)\4\33\10\r$@\201\201\5@\1\10\304\200\0\0\0\4&\4\4\1`\"\265I\200\0\0\210\6\206\303\1\240\200\20\0\200\0\0\20\0\5\t\0\4@\0\6\0\0TP\203\3\10\240\213@\0&\264B\0H \0\4\1@\10\0\4\200\f\0004\306\240\5\0\201\10@\0\4\10@\200\5H\0\fH\0002\200", 832) = 832
31461 newfstatat(3, "", {st_dev=makedev(0xb3, 0x2), st_ino=193, st_mode=S_IFREG|0644, st_nlink=1, st_uid=0, st_gid=0, st_blksize=4096, st_blocks=392, st_size=198832, st_atime=1763933673 /* 2025-11-23T22:34:33+0100 */, st_atime_nsec=0, st_mtime=1757420767 /* 2025-09-09T14:26:07+0200 */, st_mtime_nsec=0, st_ctime=1763933675 /* 2025-11-23T22:34:35.179470436+0100 */, st_ctime_nsec=179470436}, AT_EMPTY_PATH) = 0
31461 mmap(NULL, 328096, PROT_NONE, MAP_PRIVATE|MAP_ANONYMOUS, -1, 0) = 0x7fb78ef000
31461 mmap(0x7fb78f0000, 262560, PROT_READ|PROT_EXEC, MAP_PRIVATE|MAP_FIXED|MAP_DENYWRITE, 3, 0) = 0x7fb78f0000
31461 munmap(0x7fb78ef000, 4096)        = 0
31461 munmap(0x7fb7931000, 57760)       = 0
31461 mprotect(0x7fb7917000, 94208, PROT_NONE) = 0
31461 mmap(0x7fb792e000, 12288, PROT_READ|PROT_WRITE, MAP_PRIVATE|MAP_FIXED|MAP_DENYWRITE, 3, 0x2e000) = 0x7fb792e000
31461 close(3)                          = 0
31461 openat(AT_FDCWD, "'$/home/pi/CoralEdgeTpu/build/../lib'/tls/aarch64/atomics/libx264.so.164", O_RDONLY|O_CLOEXEC) = -1 ENOENT (No such file or directory)
31461 openat(AT_FDCWD, "'$/home/pi/CoralEdgeTpu/build/../lib'/tls/aarch64/libx264.so.164", O_RDONLY|O_CLOEXEC) = -1 ENOENT (No such file or directory)
31461 openat(AT_FDCWD, "'$/home/pi/CoralEdgeTpu/build/../lib'/tls/atomics/libx264.so.164", O_RDONLY|O_CLOEXEC) = -1 ENOENT (No such file or directory)
31461 openat(AT_FDCWD, "'$/home/pi/CoralEdgeTpu/build/../lib'/tls/libx264.so.164", O_RDONLY|O_CLOEXEC) = -1 ENOENT (No such file or directory)
31461 openat(AT_FDCWD, "'$/home/pi/CoralEdgeTpu/build/../lib'/aarch64/atomics/libx264.so.164", O_RDONLY|O_CLOEXEC) = -1 ENOENT (No such file or directory)
31461 openat(AT_FDCWD, "'$/home/pi/CoralEdgeTpu/build/../lib'/aarch64/libx264.so.164", O_RDONLY|O_CLOEXEC) = -1 ENOENT (No such file or directory)
31461 openat(AT_FDCWD, "'$/home/pi/CoralEdgeTpu/build/../lib'/atomics/libx264.so.164", O_RDONLY|O_CLOEXEC) = -1 ENOENT (No such file or directory)
31461 openat(AT_FDCWD, "'$/home/pi/CoralEdgeTpu/build/../lib'/libx264.so.164", O_RDONLY|O_CLOEXEC) = -1 ENOENT (No such file or directory)
31461 openat(AT_FDCWD, "/home/pi/CoralEdgeTpu/lib/libx264.so.164", O_RDONLY|O_CLOEXEC) = -1 ENOENT (No such file or directory)
31461 openat(AT_FDCWD, "/lib/aarch64-linux-gnu/libx264.so.164", O_RDONLY|O_CLOEXEC) = 3
31461 read(3, "\177ELF\2\1\1\0\0\0\0\0\0\0\0\0\3\0\267\0\1\0\0\0\0\0\0\0\0\0\0\0@\0\0\0\0\0\0\0x\6\25\0\0\0\0\0\0\0\0\0@\08\0\7\0@\0\32\0\31\0\1\0\0\0\5\0\0\0\0\0\0\0\0\0\0\0\0\0\0\0\0\0\0\0\0\0\0\0\0\0\0\0@T\24\0\0\0\0\0@T\24\0\0\0\0\0\0\0\1\0\0\0\0\0\1\0\0\0\6\0\0\0\10\350\24\0\0\0\0\0\10\350\25\0\0\0\0\0\10\350\25\0\0\0\0\0H\35\0\0\0\0\0\0h\255\17\0\0\0\0\0\0\0\1\0\0\0\0\0\2\0\0\0\6\0\0\0\210\365\24\0\0\0\0\0\210\365\25\0\0\0\0\0\210\365\25\0\0\0\0\0\20\2\0\0\0\0\0\0\20\2\0\0\0\0\0\0\10\0\0\0\0\0\0\0\4\0\0\0\4\0\0\0\310\1\0\0\0\0\0\0\310\1\0\0\0\0\0\0\310\1\0\0\0\0\0\0$\0\0\0\0\0\0\0$\0\0\0\0\0\0\0\4\0\0\0\0\0\0\0P\345td\4\0\0\0\220H\23\0\0\0\0\0\220H\23\0\0\0\0\0\220H\23\0\0\0\0\0|&\0\0\0\0\0\0|&\0\0\0\0\0\0\4\0\0\0\0\0\0\0Q\345td\6\0\0\0\0\0\0\0\0\0\0\0\0\0\0\0\0\0\0\0\0\0\0\0\0\0\0\0\0\0\0\0\0\0\0\0\0\0\0\0\0\0\0\0\20\0\0\0\0\0\0\0R\345td\4\0\0\0\10\350\24\0\0\0\0\0\10\350\25\0\0\0\0\0\10\350\25\0\0\0\0\0\370\27\0\0\0\0\0\0\370\27\0\0\0\0\0\0\1\0\0\0\0\0\0\0\4\0\0\0\24\0\0\0\3\0\0\0GNU\0W\200>\247P\253\305b6=GY\322\231T\210\254g\211P\0\0\0\0\7\1\0\0P\0\0\0@\0\0\0\f\0\0\0$\200\tB\300\0\0\0\0$\1\10\f\2\0\2\1\3U\4\5`\251\204 &\10\26 b\260\0\10\226\225 \20\21\4\0@\1(\4\0B\4\1\t\2&\4!\240\26\204 \2\21\0\202L\4\0002\201\1\221\5\0\1\21\10\0\4\0\20\1\200\0 \f\1\210\200\1\261\"&\234\306\32\230\21\35\f\201\4\0p\320\204\nP\0\250C\200d\242\10\2\22\1H(\260\0@\0Hq\0\20\n\0000\260\1\2\6P\20\"\0H\10\220\1\240\10\200\4\20\0\0\0@\1\0\10\20\r\240`\6\0$\0P@\0A\0\\\0\10\34!\6 d\0020\240\0\4\3@\0\241@\1\34\220\246\0\225\250\0\4\n\2`\"$\1\0\254!\0\21\202\215DS\217\0\108\205\220\0H\0\10\4-\10\226 \210\253 \"\1\0\0\300\0\0\200\315\1\304\0\24\20\10\1\10\245\0\4\5\0\1\0\0\0\30\320\304P\200\0B\2\0\3\352\203\204\300!\200\310\200\v\20\0!P\0\0\0\301\200B\300\244\0\4\213$ 8,\0\0\0\20\0\0\205\300\10\220\3\20\0\6\5\254@%\310\31\1\5\"\200Px\210\300\203A \0", 832) = 832
31461 newfstatat(3, "", {st_dev=makedev(0xb3, 0x2), st_ino=6787, st_mode=S_IFREG|0644, st_nlink=1, st_uid=0, st_gid=0, st_blksize=4096, st_blocks=2696, st_size=1379576, st_atime=1731460707 /* 2024-11-13T02:18:27.394509732+0100 */, st_atime_nsec=394509732, st_mtime=1681335425 /* 2023-04-12T23:37:05+0200 */, st_mtime_nsec=0, st_ctime=1731460655 /* 2024-11-13T02:17:35.034219604+0100 */, st_ctime_nsec=34219604}, AT_EMPTY_PATH) = 0
31461 mmap(NULL, 2528624, PROT_NONE, MAP_PRIVATE|MAP_ANONYMOUS, -1, 0) = 0x7fb7686000
31461 mmap(0x7fb7690000, 2463088, PROT_READ|PROT_EXEC, MAP_PRIVATE|MAP_FIXED|MAP_DENYWRITE, 3, 0) = 0x7fb7690000
31461 munmap(0x7fb7686000, 40960)       = 0
31461 munmap(0x7fb78ea000, 21872)       = 0
31461 mprotect(0x7fb77d6000, 98304, PROT_NONE) = 0
31461 mmap(0x7fb77ee000, 12288, PROT_READ|PROT_WRITE, MAP_PRIVATE|MAP_FIXED|MAP_DENYWRITE, 3, 0x14e000) = 0x7fb77ee000
31461 mmap(0x7fb77f1000, 1017200, PROT_READ|PROT_WRITE, MAP_PRIVATE|MAP_FIXED|MAP_ANONYMOUS, -1, 0) = 0x7fb77f1000
31461 close(3)                          = 0
31461 openat(AT_FDCWD, "'$/home/pi/CoralEdgeTpu/build/../lib'/tls/aarch64/atomics/libopencv_imgproc.so.406", O_RDONLY|O_CLOEXEC) = -1 ENOENT (No such file or directory)
31461 openat(AT_FDCWD, "'$/home/pi/CoralEdgeTpu/build/../lib'/tls/aarch64/libopencv_imgproc.so.406", O_RDONLY|O_CLOEXEC) = -1 ENOENT (No such file or directory)
31461 openat(AT_FDCWD, "'$/home/pi/CoralEdgeTpu/build/../lib'/tls/atomics/libopencv_imgproc.so.406", O_RDONLY|O_CLOEXEC) = -1 ENOENT (No such file or directory)
31461 openat(AT_FDCWD, "'$/home/pi/CoralEdgeTpu/build/../lib'/tls/libopencv_imgproc.so.406", O_RDONLY|O_CLOEXEC) = -1 ENOENT (No such file or directory)
31461 openat(AT_FDCWD, "'$/home/pi/CoralEdgeTpu/build/../lib'/aarch64/atomics/libopencv_imgproc.so.406", O_RDONLY|O_CLOEXEC) = -1 ENOENT (No such file or directory)
31461 openat(AT_FDCWD, "'$/home/pi/CoralEdgeTpu/build/../lib'/aarch64/libopencv_imgproc.so.406", O_RDONLY|O_CLOEXEC) = -1 ENOENT (No such file or directory)
31461 openat(AT_FDCWD, "'$/home/pi/CoralEdgeTpu/build/../lib'/atomics/libopencv_imgproc.so.406", O_RDONLY|O_CLOEXEC) = -1 ENOENT (No such file or directory)
31461 openat(AT_FDCWD, "'$/home/pi/CoralEdgeTpu/build/../lib'/libopencv_imgproc.so.406", O_RDONLY|O_CLOEXEC) = -1 ENOENT (No such file or directory)
31461 openat(AT_FDCWD, "/home/pi/CoralEdgeTpu/lib/libopencv_imgproc.so.406", O_RDONLY|O_CLOEXEC) = -1 ENOENT (No such file or directory)
31461 openat(AT_FDCWD, "/lib/aarch64-linux-gnu/libopencv_imgproc.so.406", O_RDONLY|O_CLOEXEC) = 3
31461 read(3, "\177ELF\2\1\1\3\0\0\0\0\0\0\0\0\3\0\267\0\1\0\0\0\0\0\0\0\0\0\0\0@\0\0\0\0\0\0\08q.\0\0\0\0\0\0\0\0\0@\08\0\7\0@\0\32\0\31\0\1\0\0\0\5\0\0\0\0\0\0\0\0\0\0\0\0\0\0\0\0\0\0\0\0\0\0\0\0\0\0\0\226s,\0\0\0\0\0\226s,\0\0\0\0\0\0\0\1\0\0\0\0\0\1\0\0\0\6\0\0\0\30\30-\0\0\0\0\0\30\30-\0\0\0\0\0\30\30-\0\0\0\0\0\360W\1\0\0\0\0\0\0303\v\0\0\0\0\0\0\0\1\0\0\0\0\0\2\0\0\0\6\0\0\0\250\346-\0\0\0\0\0\250\346-\0\0\0\0\0\250\346-\0\0\0\0\0@\2\0\0\0\0\0\0@\2\0\0\0\0\0\0\10\0\0\0\0\0\0\0\4\0\0\0\4\0\0\0\310\1\0\0\0\0\0\0\310\1\0\0\0\0\0\0\310\1\0\0\0\0\0\0$\0\0\0\0\0\0\0$\0\0\0\0\0\0\0\4\0\0\0\0\0\0\0P\345td\4\0\0\0\f#)\0\0\0\0\0\f#)\0\0\0\0\0\f#)\0\0\0\0\0|S\0\0\0\0\0\0|S\0\0\0\0\0\0\4\0\0\0\0\0\0\0Q\345td\6\0\0\0\0\0\0\0\0\0\0\0\0\0\0\0\0\0\0\0\0\0\0\0\0\0\0\0\0\0\0\0\0\0\0\0\0\0\0\0\0\0\0\0\20\0\0\0\0\0\0\0R\345td\4\0\0\0\30\30-\0\0\0\0\0\30\30-\0\0\0\0\0\30\30-\0\0\0\0\0\350\347\0\0\0\0\0\0\350\347\0\0\0\0\0\0\1\0\0\0\0\0\0\0\4\0\0\0\24\0\0\0\3\0\0\0GNU\0\270\371j\24\224OuuE\34\353\10\271Y1)k9\306 \0\0\0\0\7\1\0\0\243\1\0\0@\0\0\0\f\0\0\0 \20\201\0\20$\4\0002\0\200\0211\230\":\300\1\0\4@\0@\200\1\0@ \0\0\0!\10h\0\3\10@\0\0\2(\2\322&\260\2210\0\4\1\4\2\0B\0\305\1\0\203\215p\20\0250C  \302\2\3@\200\220DX\0\322\202\5(\1A\0\4\2\0\20B\0 @\200\1A0 \204 \6\221\220@\"\2131\260e\0\32\10\235\4e\303\4*A\303\10\1\0\"\204 \0\0\2(a\21020\0 8\"\22\4\0#\tM\2\204\201\205 \3\0310\3m\221\0\2\200 \4\341\2 \0000\0, \0\310\304\20$\4\2\17j$\200D\1\244 $@\4\24\10\0\0P\300J\1@(\201\36\202\3400\0\0\214\21\0\4P\240\30\0\0@\20\212\0\2\342\0\20\204\2250\"\0\344\tP\0\300\0] \234\0(\2\0 (A\30\320\30\232\300\220\200\260\2H\300\2\0\0\2\0\0\2\0\0\206!,\0\370\7\1\22\4\0\4|\n\0\0\20`\0\6p\206\214\301J\21\201)\210@\202H\1\220`@\300\24\2\302\204\0\10\10\0&\202\1\0u @ R\200h\0 \20\354\20", 832) = 832
31461 newfstatat(3, "", {st_dev=makedev(0xb3, 0x2), st_ino=3324, st_mode=S_IFREG|0644, st_nlink=1, st_uid=0, st_gid=0, st_blksize=4096, st_blocks=5952, st_size=3045304, st_atime=1763934699 /* 2025-11-23T22:51:39+0100 */, st_atime_nsec=0, st_mtime=1683884438 /* 2023-05-12T11:40:38+0200 */, st_mtime_nsec=0, st_ctime=1763934700 /* 2025-11-23T22:51:40.410801166+0100 */, st_ctime_nsec=410801166}, AT_EMPTY_PATH) = 0
31461 mmap(NULL, 8192, PROT_READ|PROT_WRITE, MAP_PRIVATE|MAP_ANONYMOUS, -1, 0) = 0x7fb8003000
31461 mmap(NULL, 3754800, PROT_NONE, MAP_PRIVATE|MAP_ANONYMOUS, -1, 0) = 0x7fb72fb000
31461 mmap(0x7fb7300000, 3689264, PROT_READ|PROT_EXEC, MAP_PRIVATE|MAP_FIXED|MAP_DENYWRITE, 3, 0) = 0x7fb7300000
31461 munmap(0x7fb72fb000, 20480)       = 0
31461 munmap(0x7fb7685000, 43824)       = 0
31461 mprotect(0x7fb75c8000, 36864, PROT_NONE) = 0
31461 mmap(0x7fb75d1000, 94208, PROT_READ|PROT_WRITE, MAP_PRIVATE|MAP_FIXED|MAP_DENYWRITE, 3, 0x2d1000) = 0x7fb75d1000
31461 mmap(0x7fb75e8000, 641840, PROT_READ|PROT_WRITE, MAP_PRIVATE|MAP_FIXED|MAP_ANONYMOUS, -1, 0) = 0x7fb75e8000
31461 close(3)                          = 0
31461 openat(AT_FDCWD, "'$/home/pi/CoralEdgeTpu/build/../lib'/tls/aarch64/atomics/libopencv_core.so.406", O_RDONLY|O_CLOEXEC) = -1 ENOENT (No such file or directory)
31461 openat(AT_FDCWD, "'$/home/pi/CoralEdgeTpu/build/../lib'/tls/aarch64/libopencv_core.so.406", O_RDONLY|O_CLOEXEC) = -1 ENOENT (No such file or directory)
31461 openat(AT_FDCWD, "'$/home/pi/CoralEdgeTpu/build/../lib'/tls/atomics/libopencv_core.so.406", O_RDONLY|O_CLOEXEC) = -1 ENOENT (No such file or directory)
31461 openat(AT_FDCWD, "'$/home/pi/CoralEdgeTpu/build/../lib'/tls/libopencv_core.so.406", O_RDONLY|O_CLOEXEC) = -1 ENOENT (No such file or directory)
31461 openat(AT_FDCWD, "'$/home/pi/CoralEdgeTpu/build/../lib'/aarch64/atomics/libopencv_core.so.406", O_RDONLY|O_CLOEXEC) = -1 ENOENT (No such file or directory)
31461 openat(AT_FDCWD, "'$/home/pi/CoralEdgeTpu/build/../lib'/aarch64/libopencv_core.so.406", O_RDONLY|O_CLOEXEC) = -1 ENOENT (No such file or directory)
31461 openat(AT_FDCWD, "'$/home/pi/CoralEdgeTpu/build/../lib'/atomics/libopencv_core.so.406", O_RDONLY|O_CLOEXEC) = -1 ENOENT (No such file or directory)
31461 openat(AT_FDCWD, "'$/home/pi/CoralEdgeTpu/build/../lib'/libopencv_core.so.406", O_RDONLY|O_CLOEXEC) = -1 ENOENT (No such file or directory)
31461 openat(AT_FDCWD, "/home/pi/CoralEdgeTpu/lib/libopencv_core.so.406", O_RDONLY|O_CLOEXEC) = -1 ENOENT (No such file or directory)
31461 openat(AT_FDCWD, "/lib/aarch64-linux-gnu/libopencv_core.so.406", O_RDONLY|O_CLOEXEC) = 3
31461 read(3, "\177ELF\2\1\1\3\0\0\0\0\0\0\0\0\3\0\267\0\1\0\0\0\0\0\0\0\0\0\0\0@\0\0\0\0\0\0\0\200\23,\0\0\0\0\0\0\0\0\0@\08\0\7\0@\0\32\0\31\0\1\0\0\0\5\0\0\0\0\0\0\0\0\0\0\0\0\0\0\0\0\0\0\0\0\0\0\0\0\0\0\0\243\330*\0\0\0\0\0\243\330*\0\0\0\0\0\0\0\1\0\0\0\0\0\1\0\0\0\6\0\0\0\2402+\0\0\0\0\0\2402+\0\0\0\0\0\2402+\0\0\0\0\0\260\337\0\0\0\0\0\0`0\1\0\0\0\0\0\0\0\1\0\0\0\0\0\2\0\0\0\6\0\0\0\260\323+\0\0\0\0\0\260\323+\0\0\0\0\0\260\323+\0\0\0\0\0\200\2\0\0\0\0\0\0\200\2\0\0\0\0\0\0\10\0\0\0\0\0\0\0\4\0\0\0\4\0\0\0\310\1\0\0\0\0\0\0\310\1\0\0\0\0\0\0\310\1\0\0\0\0\0\0$\0\0\0\0\0\0\0$\0\0\0\0\0\0\0\4\0\0\0\0\0\0\0P\345td\4\0\0\0\f\357%\0\0\0\0\0\f\357%\0\0\0\0\0\f\357%\0\0\0\0\0\244\204\0\0\0\0\0\0\244\204\0\0\0\0\0\0\4\0\0\0\0\0\0\0Q\345td\6\0\0\0\0\0\0\0\0\0\0\0\0\0\0\0\0\0\0\0\0\0\0\0\0\0\0\0\0\0\0\0\0\0\0\0\0\0\0\0\0\0\0\0\20\0\0\0\0\0\0\0R\345td\4\0\0\0\2402+\0\0\0\0\0\2402+\0\0\0\0\0\2402+\0\0\0\0\0`\315\0\0\0\0\0\0`\315\0\0\0\0\0\0\1\0\0\0\0\0\0\0\4\0\0\0\24\0\0\0\3\0\0\0GNU\0000Ql9\304\vA\212\n\376\353\244\16}\321\25\f\267\316\0\0\0\0\0\5\10\0\0'\1\0\0\0\1\0\0\16\0\0\0d\240\v\2209X\0\0\312\0\t\t\240\10\0\6\10\4\20\202\0$@X\5\241\2\220\340\5\0\4$\314b\204\211\22\201\20\34Q\220\0\0004\350\0\"\10\3`\0\f\r\205\21\215(\330\10<\302( \320\0\20 @\0 \5\25\300\4\310J+\244\0\240\2100\0\0\20\2\1(\10\222\21Y\200I\23\305\3468b\213\23\2045\0h\0\6\10\4\0\n\200(\4\6P\24%\r\252\200\6\20\330\t\1\0@\252H\0042\300\2\204\24\272\2@\307\240\251\215\20\20P\201@HBBH\340\6\242t\21F\20H\10\0\243\0\1 J\2d\340\220\f@\0@\0\231\0\0000\1&\4\21 \1\20\0\5\30\324\2\0\6\200\03436\6\n\226\24AJ\210Z\2\24)\27\262@$\4F  (\202\276\311T\0$\250$\200\204\225\fP0POD'\t\220`\222H\1y \5\200\10\"\350(\10\0\213\0\202\204\10\20\201\202\301\221B\212\204\5\10\204\2\"\2D\0\200\350\v\17\241\vFE\22\21\10LE \10$&\2\4\222\26L\310\201\200_\304\345\2\24\24\4\0@\304 \203E\33\222M\n@d\20", 832) = 832
31461 newfstatat(3, "", {st_dev=makedev(0xb3, 0x2), st_ino=1777, st_mode=S_IFREG|0644, st_nlink=1, st_uid=0, st_gid=0, st_blksize=4096, st_blocks=5648, st_size=2890240, st_atime=1763934699 /* 2025-11-23T22:51:39+0100 */, st_atime_nsec=0, st_mtime=1683884438 /* 2023-05-12T11:40:38+0200 */, st_mtime_nsec=0, st_ctime=1763934700 /* 2025-11-23T22:51:40.070801332+0100 */, st_ctime_nsec=70801332}, AT_EMPTY_PATH) = 0
31461 mmap(NULL, 2974464, PROT_NONE, MAP_PRIVATE|MAP_ANONYMOUS, -1, 0) = 0x7fb7029000
31461 mmap(0x7fb7030000, 2908928, PROT_READ|PROT_EXEC, MAP_PRIVATE|MAP_FIXED|MAP_DENYWRITE, 3, 0) = 0x7fb7030000
31461 munmap(0x7fb7029000, 28672)       = 0
31461 munmap(0x7fb72f7000, 33536)       = 0
31461 mprotect(0x7fb72de000, 20480, PROT_NONE) = 0
31461 mmap(0x7fb72e3000, 61440, PROT_READ|PROT_WRITE, MAP_PRIVATE|MAP_FIXED|MAP_DENYWRITE, 3, 0x2b3000) = 0x7fb72e3000
31461 mmap(0x7fb72f2000, 17152, PROT_READ|PROT_WRITE, MAP_PRIVATE|MAP_FIXED|MAP_ANONYMOUS, -1, 0) = 0x7fb72f2000
31461 close(3)                          = 0
31461 openat(AT_FDCWD, "'$/home/pi/CoralEdgeTpu/build/../lib'/tls/aarch64/atomics/libstdc++.so.6", O_RDONLY|O_CLOEXEC) = -1 ENOENT (No such file or directory)
31461 openat(AT_FDCWD, "'$/home/pi/CoralEdgeTpu/build/../lib'/tls/aarch64/libstdc++.so.6", O_RDONLY|O_CLOEXEC) = -1 ENOENT (No such file or directory)
31461 openat(AT_FDCWD, "'$/home/pi/CoralEdgeTpu/build/../lib'/tls/atomics/libstdc++.so.6", O_RDONLY|O_CLOEXEC) = -1 ENOENT (No such file or directory)
31461 openat(AT_FDCWD, "'$/home/pi/CoralEdgeTpu/build/../lib'/tls/libstdc++.so.6", O_RDONLY|O_CLOEXEC) = -1 ENOENT (No such file or directory)
31461 openat(AT_FDCWD, "'$/home/pi/CoralEdgeTpu/build/../lib'/aarch64/atomics/libstdc++.so.6", O_RDONLY|O_CLOEXEC) = -1 ENOENT (No such file or directory)
31461 openat(AT_FDCWD, "'$/home/pi/CoralEdgeTpu/build/../lib'/aarch64/libstdc++.so.6", O_RDONLY|O_CLOEXEC) = -1 ENOENT (No such file or directory)
31461 openat(AT_FDCWD, "'$/home/pi/CoralEdgeTpu/build/../lib'/atomics/libstdc++.so.6", O_RDONLY|O_CLOEXEC) = -1 ENOENT (No such file or directory)
31461 openat(AT_FDCWD, "'$/home/pi/CoralEdgeTpu/build/../lib'/libstdc++.so.6", O_RDONLY|O_CLOEXEC) = -1 ENOENT (No such file or directory)
31461 openat(AT_FDCWD, "/home/pi/CoralEdgeTpu/lib/libstdc++.so.6", O_RDONLY|O_CLOEXEC) = -1 ENOENT (No such file or directory)
31461 openat(AT_FDCWD, "/lib/aarch64-linux-gnu/libstdc++.so.6", O_RDONLY|O_CLOEXEC) = 3
31461 read(3, "\177ELF\2\1\1\3\0\0\0\0\0\0\0\0\3\0\267\0\1\0\0\0\0\0\0\0\0\0\0\0@\0\0\0\0\0\0\0\230%!\0\0\0\0\0\0\0\0\0@\08\0\10\0@\0\37\0\36\0\1\0\0\0\5\0\0\0\0\0\0\0\0\0\0\0\0\0\0\0\0\0\0\0\0\0\0\0\0\0\0\0\305\240\37\0\0\0\0\0\305\240\37\0\0\0\0\0\0\0\1\0\0\0\0\0\1\0\0\0\6\0\0\0\360V \0\0\0\0\0\360V \0\0\0\0\0\360V \0\0\0\0\0h\314\0\0\0\0\0\0\360\0\1\0\0\0\0\0\0\0\1\0\0\0\0\0\2\0\0\0\6\0\0\0\230\351 \0\0\0\0\0\230\351 \0\0\0\0\0\230\351 \0\0\0\0\0000\2\0\0\0\0\0\0000\2\0\0\0\0\0\0\10\0\0\0\0\0\0\0\4\0\0\0\4\0\0\0\0\2\0\0\0\0\0\0\0\2\0\0\0\0\0\0\0\2\0\0\0\0\0\0$\0\0\0\0\0\0\0$\0\0\0\0\0\0\0\4\0\0\0\0\0\0\0\7\0\0\0\4\0\0\0\360V \0\0\0\0\0\360V \0\0\0\0\0\360V \0\0\0\0\0\0\0\0\0\0\0\0\0 \0\0\0\0\0\0\0\10\0\0\0\0\0\0\0P\345td\4\0\0\0\\\251\33\0\0\0\0\0\\\251\33\0\0\0\0\0\\\251\33\0\0\0\0\0004\214\0\0\0\0\0\0004\214\0\0\0\0\0\0\4\0\0\0\0\0\0\0Q\345td\6\0\0\0\0\0\0\0\0\0\0\0\0\0\0\0\0\0\0\0\0\0\0\0\0\0\0\0\0\0\0\0\0\0\0\0\0\0\0\0\0\0\0\0\20\0\0\0\0\0\0\0R\345td\4\0\0\0\360V \0\0\0\0\0\360V \0\0\0\0\0\360V \0\0\0\0\0\20\251\0\0\0\0\0\0\20\251\0\0\0\0\0\0\1\0\0\0\0\0\0\0\4\0\0\0\24\0\0\0\3\0\0\0GNU\0\202\341h\35\320\271\t\37\n\276\17T\346\35\305\217\357&.\261\0\0\0\0\374\7\0\0\303\0\0\0\0\2\0\0\17\0\0\0\4\220G\20\203P\343\230\6\26\1E\242 \212\20@ !\0\4\342\0\1(\214$\23 \6\220(\6,\210%\2\0Z\20\0\20\16!\201\10\22\202_@\300Tx\251\264P\302\5k\220\341 \0250\30\0!\241\0b\305 V\5\271D\220\v\t\t$=G\2\2\t\21\247\210\200-\270\235\350\206yD\224\304\200\373\0l /\254C`6\220\200(2\22( \2BX\316 \204\302\2\20\202A\200\241Hi\10\"\24\0@#\10i\0\20\1L\1\25\240HD\3\240\22\200H\2\0\20@\200\v \342\16%\210\20\0A@\206\4\2+x\3656\300\201\3233\204\0\22\4-$ \0HX\200L\24\0\10 \4\20\0\6\6\5 F\210@\\\6 @\25h\304p \0\351\250\5\1P2\366\377\307\337_\30\213\206\204\22\240\200t\346\270\244U[# \220Q\300$\360\247\240!h\210\210\1\3\200\301\10\3\0\4\0\344\10\220", 832) = 832
31461 newfstatat(3, "", {st_dev=makedev(0xb3, 0x2), st_ino=22240, st_mode=S_IFREG|0644, st_nlink=1, st_uid=0, st_gid=0, st_blksize=4096, st_blocks=4248, st_size=2174296, st_atime=1764345026 /* 2025-11-28T16:50:26+0100 */, st_atime_nsec=0, st_mtime=1744025177 /* 2025-04-07T13:26:17+0200 */, st_mtime_nsec=0, st_ctime=1764345026 /* 2025-11-28T16:50:26.773023076+0100 */, st_ctime_nsec=773023076}, AT_EMPTY_PATH) = 0
31461 mmap(NULL, 2250720, PROT_NONE, MAP_PRIVATE|MAP_ANONYMOUS, -1, 0) = 0x7fb6e0a000
31461 mmap(0x7fb6e10000, 2185184, PROT_READ|PROT_EXEC, MAP_PRIVATE|MAP_FIXED|MAP_DENYWRITE, 3, 0) = 0x7fb6e10000
31461 munmap(0x7fb6e0a000, 24576)       = 0
31461 munmap(0x7fb7026000, 38880)       = 0
31461 mprotect(0x7fb700b000, 40960, PROT_NONE) = 0
31461 mmap(0x7fb7015000, 57344, PROT_READ|PROT_WRITE, MAP_PRIVATE|MAP_FIXED|MAP_DENYWRITE, 3, 0x205000) = 0x7fb7015000
31461 mmap(0x7fb7023000, 10208, PROT_READ|PROT_WRITE, MAP_PRIVATE|MAP_FIXED|MAP_ANONYMOUS, -1, 0) = 0x7fb7023000
31461 close(3)                          = 0
31461 openat(AT_FDCWD, "'$/home/pi/CoralEdgeTpu/build/../lib'/tls/aarch64/atomics/libm.so.6", O_RDONLY|O_CLOEXEC) = -1 ENOENT (No such file or directory)
31461 openat(AT_FDCWD, "'$/home/pi/CoralEdgeTpu/build/../lib'/tls/aarch64/libm.so.6", O_RDONLY|O_CLOEXEC) = -1 ENOENT (No such file or directory)
31461 openat(AT_FDCWD, "'$/home/pi/CoralEdgeTpu/build/../lib'/tls/atomics/libm.so.6", O_RDONLY|O_CLOEXEC) = -1 ENOENT (No such file or directory)
31461 openat(AT_FDCWD, "'$/home/pi/CoralEdgeTpu/build/../lib'/tls/libm.so.6", O_RDONLY|O_CLOEXEC) = -1 ENOENT (No such file or directory)
31461 openat(AT_FDCWD, "'$/home/pi/CoralEdgeTpu/build/../lib'/aarch64/atomics/libm.so.6", O_RDONLY|O_CLOEXEC) = -1 ENOENT (No such file or directory)
31461 openat(AT_FDCWD, "'$/home/pi/CoralEdgeTpu/build/../lib'/aarch64/libm.so.6", O_RDONLY|O_CLOEXEC) = -1 ENOENT (No such file or directory)
31461 openat(AT_FDCWD, "'$/home/pi/CoralEdgeTpu/build/../lib'/atomics/libm.so.6", O_RDONLY|O_CLOEXEC) = -1 ENOENT (No such file or directory)
31461 openat(AT_FDCWD, "'$/home/pi/CoralEdgeTpu/build/../lib'/libm.so.6", O_RDONLY|O_CLOEXEC) = -1 ENOENT (No such file or directory)
31461 openat(AT_FDCWD, "/home/pi/CoralEdgeTpu/lib/libm.so.6", O_RDONLY|O_CLOEXEC) = -1 ENOENT (No such file or directory)
31461 openat(AT_FDCWD, "/lib/aarch64-linux-gnu/libm.so.6", O_RDONLY|O_CLOEXEC) = 3
31461 read(3, "\177ELF\2\1\1\0\0\0\0\0\0\0\0\0\3\0\267\0\1\0\0\0\0\0\0\0\0\0\0\0@\0\0\0\0\0\0\0\230\1\t\0\0\0\0\0\0\0\0\0@\08\0\7\0@\0\33\0\32\0\1\0\0\0\5\0\0\0\0\0\0\0\0\0\0\0\0\0\0\0\0\0\0\0\0\0\0\0\0\0\0\0X\376\7\0\0\0\0\0X\376\7\0\0\0\0\0\0\0\1\0\0\0\0\0\1\0\0\0\6\0\0\0x\375\10\0\0\0\0\0x\375\10\0\0\0\0\0x\375\10\0\0\0\0\0\354\2\0\0\0\0\0\0\370\2\0\0\0\0\0\0\0\0\1\0\0\0\0\0\2\0\0\0\6\0\0\0\210\375\10\0\0\0\0\0\210\375\10\0\0\0\0\0\210\375\10\0\0\0\0\0\0\2\0\0\0\0\0\0\0\2\0\0\0\0\0\0\10\0\0\0\0\0\0\0\4\0\0\0\4\0\0\0\310\1\0\0\0\0\0\0\310\1\0\0\0\0\0\0\310\1\0\0\0\0\0\0D\0\0\0\0\0\0\0D\0\0\0\0\0\0\0\4\0\0\0\0\0\0\0P\345td\4\0\0\0\340q\7\0\0\0\0\0\340q\7\0\0\0\0\0\340q\7\0\0\0\0\0\274\22\0\0\0\0\0\0\274\22\0\0\0\0\0\0\4\0\0\0\0\0\0\0Q\345td\6\0\0\0\0\0\0\0\0\0\0\0\0\0\0\0\0\0\0\0\0\0\0\0\0\0\0\0\0\0\0\0\0\0\0\0\0\0\0\0\0\0\0\0\20\0\0\0\0\0\0\0R\345td\4\0\0\0x\375\10\0\0\0\0\0x\375\10\0\0\0\0\0x\375\10\0\0\0\0\0\210\2\0\0\0\0\0\0\210\2\0\0\0\0\0\0\1\0\0\0\0\0\0\0\4\0\0\0\24\0\0\0\3\0\0\0GNU\0\263\3340r\26\367\6\366\336\264\220\251\326\226\310\345@Jxr\4\0\0\0\20\0\0\0\1\0\0\0GNU\0\0\0\0\0\3\0\0\0\7\0\0\0\0\0\0\0\0\0\0\0\342\3\0\0\22\0\0\0\200\0\0\0\r\0\0\0\245@\0@AH\20\4*T\4N\2\17u\0J\350\200\"\0a\10\312H`\0\200\0006J@\24\204&\20PA\337\300P\21\2) \20x\202\24\10\0\222\22\0\200(\252\4%@\212`\30\0\2#\0E \20*\2\20\244\tf\215Q\6\212\21\0\0\0\4!\22@\5\01000\324J: \320\0\10\22\1\204iJG\211\f\20\200H \0`(\220\24\n\5\22\2\2\210\0\6\0\10\2@@\10\203\30 \204\5A0E\4 \210#\t\0@B\20@\203!A\0\4`\0\0J\1\t\224\1\200\200\10\0000H2\2\210\10\1\10 D\20\1!\254\r\n\20 \f\2\0\310S\"\320\210\206\0 \0D@\0\20\1\200\200\202\221\0!\206I\2\10\22\0\0)\0R\10\4\202\20\0 \10\t\200d\2\0 \0\0222\1\0\"\0@\4\1V\0\"\10\201R\10\246\34\2\240\200\0J (\206\20\250\24c\35\210\351\21\0\300\20\204\4\1\30\10\0\0\0\4\0\0\0\10\20\0\20H P@\24", 832) = 832
31461 newfstatat(3, "", {st_dev=makedev(0xb3, 0x2), st_ino=6427, st_mode=S_IFREG|0644, st_nlink=1, st_uid=0, st_gid=0, st_blksize=4096, st_blocks=1160, st_size=591960, st_atime=1731460670 /* 2024-11-13T02:17:50.901307689+0100 */, st_atime_nsec=901307689, st_mtime=1730897328 /* 2024-11-06T13:48:48+0100 */, st_mtime_nsec=0, st_ctime=1731460654 /* 2024-11-13T02:17:34.638217404+0100 */, st_ctime_nsec=638217404}, AT_EMPTY_PATH) = 0
31461 mmap(NULL, 655472, PROT_NONE, MAP_PRIVATE|MAP_ANONYMOUS, -1, 0) = 0x7fb6d6f000
31461 mmap(0x7fb6d70000, 589936, PROT_READ|PROT_EXEC, MAP_PRIVATE|MAP_FIXED|MAP_DENYWRITE, 3, 0) = 0x7fb6d70000
31461 munmap(0x7fb6d6f000, 4096)        = 0
31461 munmap(0x7fb6e01000, 57456)       = 0
31461 mprotect(0x7fb6df0000, 61440, PROT_NONE) = 0
31461 mmap(0x7fb6dff000, 8192, PROT_READ|PROT_WRITE, MAP_PRIVATE|MAP_FIXED|MAP_DENYWRITE, 3, 0x8f000) = 0x7fb6dff000
31461 close(3)                          = 0
31461 openat(AT_FDCWD, "'$/home/pi/CoralEdgeTpu/build/../lib'/tls/aarch64/atomics/libgcc_s.so.1", O_RDONLY|O_CLOEXEC) = -1 ENOENT (No such file or directory)
31461 openat(AT_FDCWD, "'$/home/pi/CoralEdgeTpu/build/../lib'/tls/aarch64/libgcc_s.so.1", O_RDONLY|O_CLOEXEC) = -1 ENOENT (No such file or directory)
31461 openat(AT_FDCWD, "'$/home/pi/CoralEdgeTpu/build/../lib'/tls/atomics/libgcc_s.so.1", O_RDONLY|O_CLOEXEC) = -1 ENOENT (No such file or directory)
31461 openat(AT_FDCWD, "'$/home/pi/CoralEdgeTpu/build/../lib'/tls/libgcc_s.so.1", O_RDONLY|O_CLOEXEC) = -1 ENOENT (No such file or directory)
31461 openat(AT_FDCWD, "'$/home/pi/CoralEdgeTpu/build/../lib'/aarch64/atomics/libgcc_s.so.1", O_RDONLY|O_CLOEXEC) = -1 ENOENT (No such file or directory)
31461 openat(AT_FDCWD, "'$/home/pi/CoralEdgeTpu/build/../lib'/aarch64/libgcc_s.so.1", O_RDONLY|O_CLOEXEC) = -1 ENOENT (No such file or directory)
31461 openat(AT_FDCWD, "'$/home/pi/CoralEdgeTpu/build/../lib'/atomics/libgcc_s.so.1", O_RDONLY|O_CLOEXEC) = -1 ENOENT (No such file or directory)
31461 openat(AT_FDCWD, "'$/home/pi/CoralEdgeTpu/build/../lib'/libgcc_s.so.1", O_RDONLY|O_CLOEXEC) = -1 ENOENT (No such file or directory)
31461 openat(AT_FDCWD, "/home/pi/CoralEdgeTpu/lib/libgcc_s.so.1", O_RDONLY|O_CLOEXEC) = -1 ENOENT (No such file or directory)
31461 openat(AT_FDCWD, "/lib/aarch64-linux-gnu/libgcc_s.so.1", O_RDONLY|O_CLOEXEC) = 3
31461 read(3, "\177ELF\2\1\1\0\0\0\0\0\0\0\0\0\3\0\267\0\1\0\0\0\0\0\0\0\0\0\0\0@\0\0\0\0\0\0\0\310\2\2\0\0\0\0\0\0\0\0\0@\08\0\7\0@\0\32\0\31\0\1\0\0\0\5\0\0\0\0\0\0\0\0\0\0\0\0\0\0\0\0\0\0\0\0\0\0\0\0\0\0\0h2\1\0\0\0\0\0h2\1\0\0\0\0\0\0\0\1\0\0\0\0\0\1\0\0\0\6\0\0\0\270\375\1\0\0\0\0\0\270\375\2\0\0\0\0\0\270\375\2\0\0\0\0\0\350\3\0\0\0\0\0\0\20\5\0\0\0\0\0\0\0\0\1\0\0\0\0\0\2\0\0\0\6\0\0\0\310\375\1\0\0\0\0\0\310\375\2\0\0\0\0\0\310\375\2\0\0\0\0\0\360\1\0\0\0\0\0\0\360\1\0\0\0\0\0\0\10\0\0\0\0\0\0\0\4\0\0\0\4\0\0\0\310\1\0\0\0\0\0\0\310\1\0\0\0\0\0\0\310\1\0\0\0\0\0\0$\0\0\0\0\0\0\0$\0\0\0\0\0\0\0\4\0\0\0\0\0\0\0P\345td\4\0\0\0 \22\1\0\0\0\0\0 \22\1\0\0\0\0\0 \22\1\0\0\0\0\0\34\5\0\0\0\0\0\0\34\5\0\0\0\0\0\0\4\0\0\0\0\0\0\0Q\345td\6\0\0\0\0\0\0\0\0\0\0\0\0\0\0\0\0\0\0\0\0\0\0\0\0\0\0\0\0\0\0\0\0\0\0\0\0\0\0\0\0\0\0\0\20\0\0\0\0\0\0\0R\345td\4\0\0\0\270\375\1\0\0\0\0\0\270\375\2\0\0\0\0\0\270\375\2\0\0\0\0\0H\2\0\0\0\0\0\0H\2\0\0\0\0\0\0\1\0\0\0\0\0\0\0\4\0\0\0\24\0\0\0\3\0\0\0GNU\0\25\31\333\376\301\3\245\2j\306u\200\264\n,`\26\213\25\f\0\0\0\0\203\0\0\0\30\0\0\0\20\0\0\0\n\0\0\0\23\34\3\30\4$\0\1\1\201\0T\4\2\10\20\200\204\0\0\0\f\5\200\2\0`\20\4\222\0\24\22\200\300 \300\0\200\2t\1\0\0\10(\300\2H\1+ \320\1\2(\23\265$`l\322\0!#pB@r\204\30`@@\1\0\200\v\0\0\22$\0\0\21\2\10A\300\1$\t\21(  \10C\v\246\222\10\tH\10\3@\f\n\34\22O\306\1\207\vA\204\226\315\4\302\305\4\242\333\16\314\30\0\0\0\31\0\0\0\34\0\0\0\0\0\0\0\36\0\0\0\0\0\0\0!\0\0\0\"\0\0\0%\0\0\0(\0\0\0*\0\0\0\0\0\0\0+\0\0\0-\0\0\0.\0\0\0001\0\0\0002\0\0\0005\0\0\0006\0\0\08\0\0\0\0\0\0\09\0\0\0:\0\0\0\0\0\0\0>\0\0\0@\0\0\0A\0\0\0B\0\0\0C\0\0\0D\0\0\0F\0\0\0G\0\0\0\0\0\0\0\0\0\0\0H\0\0\0\0\0\0\0I\0\0\0J\0\0\0K\0\0\0L\0\0\0M\0\0\0N\0\0\0\0\0\0\0\0\0\0\0P\0\0\0\0\0\0\0\0\0\0\0R\0\0\0", 832) = 832
31461 newfstatat(3, "", {st_dev=makedev(0xb3, 0x2), st_ino=139, st_mode=S_IFREG|0644, st_nlink=1, st_uid=0, st_gid=0, st_blksize=4096, st_blocks=264, st_size=133448, st_atime=1764345027 /* 2025-11-28T16:50:27+0100 */, st_atime_nsec=0, st_mtime=1744025177 /* 2025-04-07T13:26:17+0200 */, st_mtime_nsec=0, st_ctime=1764345038 /* 2025-11-28T16:50:38.157004026+0100 */, st_ctime_nsec=157004026}, AT_EMPTY_PATH) = 0
31461 mmap(NULL, 262856, PROT_NONE, MAP_PRIVATE|MAP_ANONYMOUS, -1, 0) = 0x7fb6d2f000
31461 mmap(0x7fb6d30000, 197320, PROT_READ|PROT_EXEC, MAP_PRIVATE|MAP_FIXED|MAP_DENYWRITE, 3, 0) = 0x7fb6d30000
31461 munmap(0x7fb6d2f000, 4096)        = 0
31461 munmap(0x7fb6d61000, 58056)       = 0
31461 mprotect(0x7fb6d44000, 110592, PROT_NONE) = 0
31461 mmap(0x7fb6d5f000, 8192, PROT_READ|PROT_WRITE, MAP_PRIVATE|MAP_FIXED|MAP_DENYWRITE, 3, 0x1f000) = 0x7fb6d5f000
31461 close(3)                          = 0
31461 openat(AT_FDCWD, "'$/home/pi/CoralEdgeTpu/build/../lib'/tls/aarch64/atomics/libc.so.6", O_RDONLY|O_CLOEXEC) = -1 ENOENT (No such file or directory)
31461 openat(AT_FDCWD, "'$/home/pi/CoralEdgeTpu/build/../lib'/tls/aarch64/libc.so.6", O_RDONLY|O_CLOEXEC) = -1 ENOENT (No such file or directory)
31461 openat(AT_FDCWD, "'$/home/pi/CoralEdgeTpu/build/../lib'/tls/atomics/libc.so.6", O_RDONLY|O_CLOEXEC) = -1 ENOENT (No such file or directory)
31461 openat(AT_FDCWD, "'$/home/pi/CoralEdgeTpu/build/../lib'/tls/libc.so.6", O_RDONLY|O_CLOEXEC) = -1 ENOENT (No such file or directory)
31461 openat(AT_FDCWD, "'$/home/pi/CoralEdgeTpu/build/../lib'/aarch64/atomics/libc.so.6", O_RDONLY|O_CLOEXEC) = -1 ENOENT (No such file or directory)
31461 openat(AT_FDCWD, "'$/home/pi/CoralEdgeTpu/build/../lib'/aarch64/libc.so.6", O_RDONLY|O_CLOEXEC) = -1 ENOENT (No such file or directory)
31461 openat(AT_FDCWD, "'$/home/pi/CoralEdgeTpu/build/../lib'/atomics/libc.so.6", O_RDONLY|O_CLOEXEC) = -1 ENOENT (No such file or directory)
31461 openat(AT_FDCWD, "'$/home/pi/CoralEdgeTpu/build/../lib'/libc.so.6", O_RDONLY|O_CLOEXEC) = -1 ENOENT (No such file or directory)
31461 openat(AT_FDCWD, "/home/pi/CoralEdgeTpu/lib/libc.so.6", O_RDONLY|O_CLOEXEC) = -1 ENOENT (No such file or directory)
31461 openat(AT_FDCWD, "/lib/aarch64-linux-gnu/libc.so.6", O_RDONLY|O_CLOEXEC) = 3
31461 read(3, "\177ELF\2\1\1\3\0\0\0\0\0\0\0\0\3\0\267\0\1\0\0\0000y\2\0\0\0\0\0@\0\0\0\0\0\0\0\20#\31\0\0\0\0\0\0\0\0\0@\08\0\n\0@\0?\0>\0\6\0\0\0\4\0\0\0@\0\0\0\0\0\0\0@\0\0\0\0\0\0\0@\0\0\0\0\0\0\0000\2\0\0\0\0\0\0000\2\0\0\0\0\0\0\10\0\0\0\0\0\0\0\3\0\0\0\4\0\0\0\210\202\25\0\0\0\0\0\210\202\25\0\0\0\0\0\210\202\25\0\0\0\0\0\33\0\0\0\0\0\0\0\33\0\0\0\0\0\0\0\10\0\0\0\0\0\0\0\1\0\0\0\5\0\0\0\0\0\0\0\0\0\0\0\0\0\0\0\0\0\0\0\0\0\0\0\0\0\0\0\244d\30\0\0\0\0\0\244d\30\0\0\0\0\0\0\0\1\0\0\0\0\0\1\0\0\0\6\0\0\0\300\315\30\0\0\0\0\0\300\315\31\0\0\0\0\0\300\315\31\0\0\0\0\0\10I\0\0\0\0\0\0\240\22\1\0\0\0\0\0\0\0\1\0\0\0\0\0\2\0\0\0\6\0\0\0\260\373\30\0\0\0\0\0\260\373\31\0\0\0\0\0\260\373\31\0\0\0\0\0\260\1\0\0\0\0\0\0\260\1\0\0\0\0\0\0\10\0\0\0\0\0\0\0\4\0\0\0\4\0\0\0p\2\0\0\0\0\0\0p\2\0\0\0\0\0\0p\2\0\0\0\0\0\0D\0\0\0\0\0\0\0D\0\0\0\0\0\0\0\4\0\0\0\0\0\0\0\7\0\0\0\4\0\0\0\300\315\30\0\0\0\0\0\300\315\31\0\0\0\0\0\300\315\31\0\0\0\0\0\20\0\0\0\0\0\0\0\220\0\0\0\0\0\0\0\20\0\0\0\0\0\0\0P\345td\4\0\0\0\244\202\25\0\0\0\0\0\244\202\25\0\0\0\0\0\244\202\25\0\0\0\0\0dh\0\0\0\0\0\0dh\0\0\0\0\0\0\4\0\0\0\0\0\0\0Q\345td\6\0\0\0\0\0\0\0\0\0\0\0\0\0\0\0\0\0\0\0\0\0\0\0\0\0\0\0\0\0\0\0\0\0\0\0\0\0\0\0\0\0\0\0\20\0\0\0\0\0\0\0R\345td\4\0\0\0\300\315\30\0\0\0\0\0\300\315\31\0\0\0\0\0\300\315\31\0\0\0\0\0@2\0\0\0\0\0\0@2\0\0\0\0\0\0\1\0\0\0\0\0\0\0\4\0\0\0\24\0\0\0\3\0\0\0GNU\0\242\357B\20\201\1X\255\337#\246L\365\372\2126\363\340\257\306\4\0\0\0\20\0\0\0\1\0\0\0GNU\0\0\0\0\0\3\0\0\0\7\0\0\0\0\0\0\0\0\0\0\0\361\3\0\0\27\0\0\0\0\1\0\0\16\0\0\0@0\22\\\250 \23\1\210\3\346\220\305E\214\0\304\0X\0\7\204 p\302\200\1\r\212\34\301\24\21\200\310D2\10*@\210V<- N\262H&\204\320\216\4\f\0\3\2\16\261\254:\17f\310\200\3003\0\300\fP\t \201\t\224\v$ ($\0\204$Z0\20X\200\312DB(\0\6\200\20\32C\0\250T\200\0IP\4Q\212P\22\4\0$\0\10  \21\20", 832) = 832
31461 newfstatat(3, "", {st_dev=makedev(0xb3, 0x2), st_ino=6057, st_mode=S_IFREG|0755, st_nlink=1, st_uid=0, st_gid=0, st_blksize=4096, st_blocks=3232, st_size=1651408, st_atime=1731460670 /* 2024-11-13T02:17:50.893307645+0100 */, st_atime_nsec=893307645, st_mtime=1730897328 /* 2024-11-06T13:48:48+0100 */, st_mtime_nsec=0, st_ctime=1731460654 /* 2024-11-13T02:17:34.275215387+0100 */, st_ctime_nsec=275215387}, AT_EMPTY_PATH) = 0
31461 mmap(NULL, 8192, PROT_READ|PROT_WRITE, MAP_PRIVATE|MAP_ANONYMOUS, -1, 0) = 0x7fb8001000
31461 mmap(NULL, 1826912, PROT_NONE, MAP_PRIVATE|MAP_ANONYMOUS, -1, 0) = 0x7fb6b71000
31461 mmap(0x7fb6b80000, 1761376, PROT_READ|PROT_EXEC, MAP_PRIVATE|MAP_FIXED|MAP_DENYWRITE, 3, 0) = 0x7fb6b80000
31461 munmap(0x7fb6b71000, 61440)       = 0
31461 munmap(0x7fb6d2f000, 96)          = 0
31461 mprotect(0x7fb6d07000, 86016, PROT_NONE) = 0
31461 mmap(0x7fb6d1c000, 24576, PROT_READ|PROT_WRITE, MAP_PRIVATE|MAP_FIXED|MAP_DENYWRITE, 3, 0x18c000) = 0x7fb6d1c000
31461 mmap(0x7fb6d22000, 49248, PROT_READ|PROT_WRITE, MAP_PRIVATE|MAP_FIXED|MAP_ANONYMOUS, -1, 0) = 0x7fb6d22000
31461 close(3)                          = 0
31461 openat(AT_FDCWD, "/lib/aarch64-linux-gnu/libusb-1.0.so.0", O_RDONLY|O_CLOEXEC) = 3
31461 read(3, "\177ELF\2\1\1\0\0\0\0\0\0\0\0\0\3\0\267\0\1\0\0\0\0\0\0\0\0\0\0\0@\0\0\0\0\0\0\0X\305\1\0\0\0\0\0\0\0\0\0@\08\0\10\0@\0\33\0\32\0\1\0\0\0\5\0\0\0\0\0\0\0\0\0\0\0\0\0\0\0\0\0\0\0\0\0\0\0\0\0\0\0\274\264\1\0\0\0\0\0\274\264\1\0\0\0\0\0\0\0\1\0\0\0\0\0\1\0\0\0\6\0\0\0000\271\1\0\0\0\0\0000\271\2\0\0\0\0\0000\271\2\0\0\0\0\0\370\n\0\0\0\0\0\0000\f\0\0\0\0\0\0\0\0\1\0\0\0\0\0\2\0\0\0\6\0\0\0X\275\1\0\0\0\0\0X\275\2\0\0\0\0\0X\275\2\0\0\0\0\0 \2\0\0\0\0\0\0 \2\0\0\0\0\0\0\10\0\0\0\0\0\0\0\4\0\0\0\4\0\0\0\0\2\0\0\0\0\0\0\0\2\0\0\0\0\0\0\0\2\0\0\0\0\0\0$\0\0\0\0\0\0\0$\0\0\0\0\0\0\0\4\0\0\0\0\0\0\0\7\0\0\0\4\0\0\0000\271\1\0\0\0\0\0000\271\2\0\0\0\0\0000\271\2\0\0\0\0\0\0\0\0\0\0\0\0\0\4\0\0\0\0\0\0\0\4\0\0\0\0\0\0\0P\345td\4\0\0\0P\177\1\0\0\0\0\0P\177\1\0\0\0\0\0P\177\1\0\0\0\0\0\334\6\0\0\0\0\0\0\334\6\0\0\0\0\0\0\4\0\0\0\0\0\0\0Q\345td\6\0\0\0\0\0\0\0\0\0\0\0\0\0\0\0\0\0\0\0\0\0\0\0\0\0\0\0\0\0\0\0\0\0\0\0\0\0\0\0\0\0\0\0\20\0\0\0\0\0\0\0R\345td\4\0\0\0000\271\1\0\0\0\0\0000\271\2\0\0\0\0\0000\271\2\0\0\0\0\0\320\6\0\0\0\0\0\0\320\6\0\0\0\0\0\0\1\0\0\0\0\0\0\0\4\0\0\0\24\0\0\0\3\0\0\0GNU\0\22TO\301\2547\210\357SK\371\236\304\247\343 \216\216\331\305\0\0\0\0C\0\0\0e\0\0\0\10\0\0\0\t\0\0\0\256\35)\213\30\f\1\244\323z\2\1\n\0\225\0\3 \20F\263@2\256=\32\302P6\301\240\2\"BS\1@\0\324\10!\30\205 \20\202!\0\0\1h\5\10\204\0$k\321J\331\2\1K\220e\0\0\0g\0\0\0h\0\0\0i\0\0\0l\0\0\0\0\0\0\0\0\0\0\0n\0\0\0\0\0\0\0o\0\0\0\0\0\0\0\0\0\0\0p\0\0\0q\0\0\0r\0\0\0s\0\0\0u\0\0\0\0\0\0\0v\0\0\0w\0\0\0y\0\0\0\0\0\0\0z\0\0\0\0\0\0\0}\0\0\0~\0\0\0\177\0\0\0\202\0\0\0\205\0\0\0\0\0\0\0\0\0\0\0\0\0\0\0\207\0\0\0\211\0\0\0\212\0\0\0\214\0\0\0\216\0\0\0\220\0\0\0\221\0\0\0\222\0\0\0\0\0\0\0\224\0\0\0\226\0\0\0\227\0\0\0\0\0\0\0\230\0\0\0\233\0\0\0\235\0\0\0\236\0\0\0\237\0\0\0", 832) = 832
31461 newfstatat(3, "", {st_dev=makedev(0xb3, 0x2), st_ino=6732, st_mode=S_IFREG|0644, st_nlink=1, st_uid=0, st_gid=0, st_blksize=4096, st_blocks=232, st_size=117784, st_atime=1731460707 /* 2024-11-13T02:18:27.391509716+0100 */, st_atime_nsec=391509716, st_mtime=1649620050 /* 2022-04-10T21:47:30+0200 */, st_mtime_nsec=0, st_ctime=1731460654 /* 2024-11-13T02:17:34.854218604+0100 */, st_ctime_nsec=854218604}, AT_EMPTY_PATH) = 0
31461 mmap(NULL, 247136, PROT_NONE, MAP_PRIVATE|MAP_ANONYMOUS, -1, 0) = 0x7fb6b43000
31461 mmap(0x7fb6b50000, 181600, PROT_READ|PROT_EXEC, MAP_PRIVATE|MAP_FIXED|MAP_DENYWRITE, 3, 0) = 0x7fb6b50000
31461 munmap(0x7fb6b43000, 53248)       = 0
31461 munmap(0x7fb6b7d000, 9568)        = 0
31461 mprotect(0x7fb6b6c000, 61440, PROT_NONE) = 0
31461 mmap(0x7fb6b7b000, 8192, PROT_READ|PROT_WRITE, MAP_PRIVATE|MAP_FIXED|MAP_DENYWRITE, 3, 0x1b000) = 0x7fb6b7b000
31461 close(3)                          = 0
31461 openat(AT_FDCWD, "/lib/aarch64-linux-gnu/libpthread.so.0", O_RDONLY|O_CLOEXEC) = 3
31461 read(3, "\177ELF\2\1\1\0\0\0\0\0\0\0\0\0\3\0\267\0\1\0\0\0\0\0\0\0\0\0\0\0@\0\0\0\0\0\0\0H\1\1\0\0\0\0\0\0\0\0\0@\08\0\7\0@\0\32\0\31\0\1\0\0\0\5\0\0\0\0\0\0\0\0\0\0\0\0\0\0\0\0\0\0\0\0\0\0\0\0\0\0\0\0\t\0\0\0\0\0\0\0\t\0\0\0\0\0\0\0\0\1\0\0\0\0\0\1\0\0\0\6\0\0\0\300\375\0\0\0\0\0\0\300\375\1\0\0\0\0\0\300\375\1\0\0\0\0\0X\2\0\0\0\0\0\0`\2\0\0\0\0\0\0\0\0\1\0\0\0\0\0\2\0\0\0\6\0\0\0\320\375\0\0\0\0\0\0\320\375\1\0\0\0\0\0\320\375\1\0\0\0\0\0\360\1\0\0\0\0\0\0\360\1\0\0\0\0\0\0\10\0\0\0\0\0\0\0\4\0\0\0\4\0\0\0\310\1\0\0\0\0\0\0\310\1\0\0\0\0\0\0\310\1\0\0\0\0\0\0D\0\0\0\0\0\0\0D\0\0\0\0\0\0\0\4\0\0\0\0\0\0\0P\345td\4\0\0\08\10\0\0\0\0\0\08\10\0\0\0\0\0\08\10\0\0\0\0\0\0004\0\0\0\0\0\0\0004\0\0\0\0\0\0\0\4\0\0\0\0\0\0\0Q\345td\6\0\0\0\0\0\0\0\0\0\0\0\0\0\0\0\0\0\0\0\0\0\0\0\0\0\0\0\0\0\0\0\0\0\0\0\0\0\0\0\0\0\0\0\20\0\0\0\0\0\0\0R\345td\4\0\0\0\300\375\0\0\0\0\0\0\300\375\1\0\0\0\0\0\300\375\1\0\0\0\0\0@\2\0\0\0\0\0\0@\2\0\0\0\0\0\0\1\0\0\0\0\0\0\0\4\0\0\0\24\0\0\0\3\0\0\0GNU\0\244\326+cn\3351g\3\374\201y6\371\322\tRQ W\4\0\0\0\20\0\0\0\1\0\0\0GNU\0\0\0\0\0\3\0\0\0\7\0\0\0\0\0\0\0\0\0\0\0\16\0\0\0\7\0\0\0\1\0\0\0\6\0\0\0\0c\0\0\30\200@\0\0\0\0\0\7\0\0\0\0\0\0\0\0\0\0\0\0\0\0\0\10\0\0\0\0\0\0\0\0\0\0\0\0\0\0\0\r\0\0\0\16\0\0\0\0\0\0\0\17\0\0\0\20\0\0\0\357\370\363\303\210\335v\26\210\335v\26\210\335v\26\210\335v\26\211\335v\26\315\370\363\303\317\370\363\303\t\371\363\303\t\371\363\303\0\0\0\0\0\0\0\0\0\0\0\0\0\0\0\0\0\0\0\0\0\0\0\0\0\0\0\0\3\0\v\0\320\6\0\0\0\0\0\0\0\0\0\0\0\0\0\0\0\0\0\0\3\0\26\0\20\0\2\0\0\0\0\0\0\0\0\0\0\0\0\0\20\0\0\0 \0\0\0\0\0\0\0\0\0\0\0\0\0\0\0\0\0\0\0F\0\0\0\"\0\0\0\0\0\0\0\0\0\0\0\0\0\0\0\0\0\0\0\1\0\0\0 \0\0\0\0\0\0\0\0\0\0\0\0\0\0\0\0\0\0\0,\0\0\0 \0\0\0\0\0\0\0\0\0\0\0\0\0\0\0\0\0\0\0\246\0\0\0\21\0\361\377\0\0\0\0\0\0\0\0", 832) = 832
31461 newfstatat(3, "", {st_dev=makedev(0xb3, 0x2), st_ino=6602, st_mode=S_IFREG|0644, st_nlink=1, st_uid=0, st_gid=0, st_blksize=4096, st_blocks=136, st_size=67528, st_atime=1731460707 /* 2024-11-13T02:18:27.384509677+0100 */, st_atime_nsec=384509677, st_mtime=1730897328 /* 2024-11-06T13:48:48+0100 */, st_mtime_nsec=0, st_ctime=1731460654 /* 2024-11-13T02:17:34.742217981+0100 */, st_ctime_nsec=742217981}, AT_EMPTY_PATH) = 0
31461 mmap(NULL, 196640, PROT_NONE, MAP_PRIVATE|MAP_ANONYMOUS, -1, 0) = 0x7fb6b1f000
31461 mmap(0x7fb6b20000, 131104, PROT_READ|PROT_EXEC, MAP_PRIVATE|MAP_FIXED|MAP_DENYWRITE, 3, 0) = 0x7fb6b20000
31461 munmap(0x7fb6b1f000, 4096)        = 0
31461 munmap(0x7fb6b41000, 57376)       = 0
31461 mprotect(0x7fb6b21000, 122880, PROT_NONE) = 0
31461 mmap(0x7fb6b3f000, 8192, PROT_READ|PROT_WRITE, MAP_PRIVATE|MAP_FIXED|MAP_DENYWRITE, 3, 0xf000) = 0x7fb6b3f000
31461 close(3)                          = 0
31461 openat(AT_FDCWD, "/lib/aarch64-linux-gnu/libpisp.so.1", O_RDONLY|O_CLOEXEC) = 3
31461 read(3, "\177ELF\2\1\1\3\0\0\0\0\0\0\0\0\3\0\267\0\1\0\0\0\0\0\0\0\0\0\0\0@\0\0\0\0\0\0\0`\21\r\0\0\0\0\0\0\0\0\0@\08\0\7\0@\0\33\0\32\0\1\0\0\0\5\0\0\0\0\0\0\0\0\0\0\0\0\0\0\0\0\0\0\0\0\0\0\0\0\0\0\0\3476\f\0\0\0\0\0\3476\f\0\0\0\0\0\0\0\1\0\0\0\0\0\1\0\0\0\6\0\0\0000\341\f\0\0\0\0\0000\341\r\0\0\0\0\0000\341\r\0\0\0\0\0\370.\0\0\0\0\0\0\2404\0\0\0\0\0\0\0\0\1\0\0\0\0\0\2\0\0\0\6\0\0\0(\370\f\0\0\0\0\0(\370\r\0\0\0\0\0(\370\r\0\0\0\0\0000\2\0\0\0\0\0\0000\2\0\0\0\0\0\0\10\0\0\0\0\0\0\0\4\0\0\0\4\0\0\0\310\1\0\0\0\0\0\0\310\1\0\0\0\0\0\0\310\1\0\0\0\0\0\0$\0\0\0\0\0\0\0$\0\0\0\0\0\0\0\4\0\0\0\0\0\0\0P\345td\4\0\0\0\220\376\n\0\0\0\0\0\220\376\n\0\0\0\0\0\220\376\n\0\0\0\0\0004\34\0\0\0\0\0\0004\34\0\0\0\0\0\0\4\0\0\0\0\0\0\0Q\345td\6\0\0\0\0\0\0\0\0\0\0\0\0\0\0\0\0\0\0\0\0\0\0\0\0\0\0\0\0\0\0\0\0\0\0\0\0\0\0\0\0\0\0\0\20\0\0\0\0\0\0\0R\345td\4\0\0\0000\341\f\0\0\0\0\0000\341\r\0\0\0\0\0000\341\r\0\0\0\0\0\320\36\0\0\0\0\0\0\320\36\0\0\0\0\0\0\1\0\0\0\0\0\0\0\4\0\0\0\24\0\0\0\3\0\0\0GNU\0S\267\233\246r\177\6\272&A\253$\215\213\355\304\225\326p!\0\0\0\0\7\4\0\0\344\0\0\0\200\0\0\0\r\0\0\0\20\10\0\0\4\200\0\2\4\"\20\20@\200\0\2@\4\300P\0\t\10F\300\0\250\202\20\1\0 \4$\30\25P\340\4$\30\t@\20\24\0\200@ILb\3\300\227J\7\10-\10\22\"\202$\1@\2\22:!\4\2\30\0\vd\2200\210D@\0\10\0B\10E1\200F\24\5\300X\205\224\5\5\0 \0\26\201H\200\21\220\0D\fL\310@\220 (\2\2\200\0\0p\20\4\7\220\0\21\0\10\333H\26(\tH\20I\10@#Z\21&4\214\0\224\20\200\220+T\300\226\300\220\200\20\24\212\300\0  \1\245P@480\0\20\200\rH\0\200\200\20\4P\"\200\10\34P\21\2\22\1\26\30\20\1\0`\0\0\0\6\0t\220rFB\20\0\205\2\30\204\200\2\300D\20\5B\200FD\0\16\1\0\200\0$\300\34\1\tap\252\33L\1BV\200\1\10\r\20* \31Z\f \250\300\302R\0\342\250E\0\6\10q@\20\25\n\"\4BM $\0B\4@\24\t\21\4\0 a\"\2\1\22\300\30\341\262\247\"\10!h\0\20\4\224\0\5 \4\10\16\260\6\220\20 \0\202\200\0D\20", 832) = 832
31461 newfstatat(3, "", {st_dev=makedev(0xb3, 0x2), st_ino=191, st_mode=S_IFREG|0644, st_nlink=1, st_uid=0, st_gid=0, st_blksize=4096, st_blocks=1680, st_size=858144, st_atime=1763933673 /* 2025-11-23T22:34:33+0100 */, st_atime_nsec=0, st_mtime=1745935979 /* 2025-04-29T16:12:59+0200 */, st_mtime_nsec=0, st_ctime=1763933674 /* 2025-11-23T22:34:34.519471075+0100 */, st_ctime_nsec=519471075}, AT_EMPTY_PATH) = 0
31461 mmap(NULL, 988624, PROT_NONE, MAP_PRIVATE|MAP_ANONYMOUS, -1, 0) = 0x7fb6a2e000
31461 mmap(0x7fb6a30000, 923088, PROT_READ|PROT_EXEC, MAP_PRIVATE|MAP_FIXED|MAP_DENYWRITE, 3, 0) = 0x7fb6a30000
31461 munmap(0x7fb6a2e000, 8192)        = 0
31461 munmap(0x7fb6b12000, 54736)       = 0
31461 mprotect(0x7fb6af4000, 106496, PROT_NONE) = 0
31461 mmap(0x7fb6b0e000, 16384, PROT_READ|PROT_WRITE, MAP_PRIVATE|MAP_FIXED|MAP_DENYWRITE, 3, 0xce000) = 0x7fb6b0e000
31461 close(3)                          = 0
31461 openat(AT_FDCWD, "/lib/aarch64-linux-gnu/libyuv.so.0", O_RDONLY|O_CLOEXEC) = 3
31461 read(3, "\177ELF\2\1\1\0\0\0\0\0\0\0\0\0\3\0\267\0\1\0\0\0\0\0\0\0\0\0\0\0@\0\0\0\0\0\0\0000\1\10\0\0\0\0\0\0\0\0\0@\08\0\7\0@\0\31\0\30\0\1\0\0\0\5\0\0\0\0\0\0\0\0\0\0\0\0\0\0\0\0\0\0\0\0\0\0\0\0\0\0\0\242\364\6\0\0\0\0\0\242\364\6\0\0\0\0\0\0\0\1\0\0\0\0\0\1\0\0\0\6\0\0\0\370\335\7\0\0\0\0\0\370\335\7\0\0\0\0\0\370\335\7\0\0\0\0\0\30\"\0\0\0\0\0\0 \"\0\0\0\0\0\0\0\0\1\0\0\0\0\0\2\0\0\0\6\0\0\0\10\336\7\0\0\0\0\0\10\336\7\0\0\0\0\0\10\336\7\0\0\0\0\0@\2\0\0\0\0\0\0@\2\0\0\0\0\0\0\10\0\0\0\0\0\0\0\4\0\0\0\4\0\0\0\310\1\0\0\0\0\0\0\310\1\0\0\0\0\0\0\310\1\0\0\0\0\0\0$\0\0\0\0\0\0\0$\0\0\0\0\0\0\0\4\0\0\0\0\0\0\0P\345td\4\0\0\0\0\360\5\0\0\0\0\0\0\360\5\0\0\0\0\0\0\360\5\0\0\0\0\0\244\"\0\0\0\0\0\0\244\"\0\0\0\0\0\0\4\0\0\0\0\0\0\0Q\345td\6\0\0\0\0\0\0\0\0\0\0\0\0\0\0\0\0\0\0\0\0\0\0\0\0\0\0\0\0\0\0\0\0\0\0\0\0\0\0\0\0\0\0\0\20\0\0\0\0\0\0\0R\345td\4\0\0\0\370\335\7\0\0\0\0\0\370\335\7\0\0\0\0\0\370\335\7\0\0\0\0\0\10\"\0\0\0\0\0\0\10\"\0\0\0\0\0\0\1\0\0\0\0\0\0\0\4\0\0\0\24\0\0\0\3\0\0\0GNU\0v):B[\202\315\3437\331R\315\1\352\20)\373\3201]\0\0\0\0\7\4\0\0%\0\0\0\200\0\0\0\r\0\0\0\0cQ\31B \331!`\21\221\10\231\4\r\240\212c\200&\24\1\4d\1\2\201\5\244\10\216!\0\0\0\20\0\0\220\205\0\0\220\24\20\1\4\300 \200D\240BI\200\5!\10\1ID\23T\2\216J\232\26LH\0\256\240\214\200\2\10\1\20\207\1\0\5\5\28\0 \233b \0\1\200\217\n!\30H\0\241h\2000@\t\0\311\260$\f\20\1P\v$A\0X\0\221[\0206\246\253JI @\10\25I\2\204h\0040\5\232s\2\f\4P\1\5\204\0D\34\0\206\1@\201\2C\24\4\20\224@\0210H\3@\0\n\0C\340\0\1\204\220\1 \200\0^A\0\5$A\214\10\16\21 @\210\0\3(\0\0L\0\0010\20\240#\204XA@\1\0\213\n\200\311P\4\0\20 \240@\0\241\20800\2\0(\21\223\4\263!\302\200A\f\211\1\320\204\3@\20Q#@\204\200@P\316\1\302\4\nh\300\31@\3\20\24\20I\0\0L\220\243\0003\0\302\0\21@\0A (\24\205\2D\310\4\4\0\1@\0B\20H\0\0000@\243\211\t\2\0\v\227\1M\0\30\0\1\2\30\2\3", 832) = 832
31461 newfstatat(3, "", {st_dev=makedev(0xb3, 0x2), st_ino=6829, st_mode=S_IFREG|0644, st_nlink=1, st_uid=0, st_gid=0, st_blksize=4096, st_blocks=1032, st_size=526192, st_atime=1731460707 /* 2024-11-13T02:18:27.396509743+0100 */, st_atime_nsec=396509743, st_mtime=1676238142 /* 2023-02-12T22:42:22+0100 */, st_mtime_nsec=0, st_ctime=1731460655 /* 2024-11-13T02:17:35.050219693+0100 */, st_ctime_nsec=50219693}, AT_EMPTY_PATH) = 0
31461 mmap(NULL, 589848, PROT_NONE, MAP_PRIVATE|MAP_ANONYMOUS, -1, 0) = 0x7fb699f000
31461 mmap(0x7fb69a0000, 524312, PROT_READ|PROT_EXEC, MAP_PRIVATE|MAP_FIXED|MAP_DENYWRITE, 3, 0) = 0x7fb69a0000
31461 munmap(0x7fb699f000, 4096)        = 0
31461 munmap(0x7fb6a21000, 57368)       = 0
31461 mprotect(0x7fb6a10000, 53248, PROT_NONE) = 0
31461 mmap(0x7fb6a1d000, 16384, PROT_READ|PROT_WRITE, MAP_PRIVATE|MAP_FIXED|MAP_DENYWRITE, 3, 0x7d000) = 0x7fb6a1d000
31461 close(3)                          = 0
31461 openat(AT_FDCWD, "/lib/aarch64-linux-gnu/libgnutls.so.30", O_RDONLY|O_CLOEXEC) = 3
31461 read(3, "\177ELF\2\1\1\0\0\0\0\0\0\0\0\0\3\0\267\0\1\0\0\0\0\0\0\0\0\0\0\0@\0\0\0\0\0\0\0\20\37#\0\0\0\0\0\0\0\0\0@\08\0\10\0@\0\33\0\32\0\1\0\0\0\5\0\0\0\0\0\0\0\0\0\0\0\0\0\0\0\0\0\0\0\0\0\0\0\0\0\0\0dA!\0\0\0\0\0dA!\0\0\0\0\0\0\0\1\0\0\0\0\0\1\0\0\0\6\0\0\0\370\364!\0\0\0\0\0\370\364\"\0\0\0\0\0\370\364\"\0\0\0\0\0\350(\1\0\0\0\0\0HZ\1\0\0\0\0\0\0\0\1\0\0\0\0\0\2\0\0\0\6\0\0\0\370\324\"\0\0\0\0\0\370\324#\0\0\0\0\0\370\324#\0\0\0\0\0\220\2\0\0\0\0\0\0\220\2\0\0\0\0\0\0\10\0\0\0\0\0\0\0\4\0\0\0\4\0\0\0\0\2\0\0\0\0\0\0\0\2\0\0\0\0\0\0\0\2\0\0\0\0\0\0$\0\0\0\0\0\0\0$\0\0\0\0\0\0\0\4\0\0\0\0\0\0\0\7\0\0\0\4\0\0\0\370\364!\0\0\0\0\0\370\364\"\0\0\0\0\0\370\364\"\0\0\0\0\0\0\0\0\0\0\0\0\0\20\0\0\0\0\0\0\0\10\0\0\0\0\0\0\0P\345td\4\0\0\0 g\36\0\0\0\0\0 g\36\0\0\0\0\0 g\36\0\0\0\0\0TW\0\0\0\0\0\0TW\0\0\0\0\0\0\4\0\0\0\0\0\0\0Q\345td\6\0\0\0\0\0\0\0\0\0\0\0\0\0\0\0\0\0\0\0\0\0\0\0\0\0\0\0\0\0\0\0\0\0\0\0\0\0\0\0\0\0\0\0\20\0\0\0\0\0\0\0R\345td\4\0\0\0\370\364!\0\0\0\0\0\370\364\"\0\0\0\0\0\370\364\"\0\0\0\0\0\10\v\1\0\0\0\0\0\10\v\1\0\0\0\0\0\1\0\0\0\0\0\0\0\4\0\0\0\24\0\0\0\3\0\0\0GNU\0\264>\351\nK\n\356\270\311t\375\237\270\252\215W\212\177\262.\0\0\0\0\7\4\0\0\3\2\0\0\200\0\0\0\r\0\0\0)\3\21\2440\220\250\212$\v\240\275\311F\204i\22\0\f\206\344\202\304\21\375\2\10l7\200\343[\0\31X\200\200\1\240&\344\33\1\224\266@\3\316\255 \234\250\4,\v\t\23\0\225\2`\214\0\"v\3\213\200\250\0\20\311\f\211\0$P\214\244&&\311\30\5\32\0\2/\0\204\30h+\205\0\326%\2J\240\22\201\4.$+\2\21\4\200\245\1[R\340\4\0\4\241\0\202\0\200\0@r\204\16J\1M1\301*)gLh@!\24p\0\270\210\2460\0\201h\19b\2149@\223D\1\1\240\300\0`A\242\0\211!\205\20\202\24\321n\0$\2i\354\3\206\20\220$h\342D\314\2\202d!\200\"\205\350\3\271\200\3\24\20X\0\212\300b\26I(\4\200\16\271@\20\302\340\244\306\48\221\5\4$\2\10\200\10\4\ta\233\300@\301\32\22\271~\0\1\24\200\230\202\0231\35\345RrB\360\204 \240\240\n0\352\316", 832) = 832
31461 newfstatat(3, "", {st_dev=makedev(0xb3, 0x2), st_ino=4623, st_mode=S_IFREG|0644, st_nlink=1, st_uid=0, st_gid=0, st_blksize=4096, st_blocks=4504, st_size=2303440, st_atime=1763764334 /* 2025-11-21T23:32:14+0100 */, st_atime_nsec=0, st_mtime=1752555739 /* 2025-07-15T07:02:19+0200 */, st_mtime_nsec=0, st_ctime=1763764335 /* 2025-11-21T23:32:15.230188008+0100 */, st_ctime_nsec=230188008}, AT_EMPTY_PATH) = 0
31461 mmap(NULL, 2445120, PROT_NONE, MAP_PRIVATE|MAP_ANONYMOUS, -1, 0) = 0x7fb674b000
31461 mmap(0x7fb6750000, 2379584, PROT_READ|PROT_EXEC, MAP_PRIVATE|MAP_FIXED|MAP_DENYWRITE, 3, 0) = 0x7fb6750000
31461 munmap(0x7fb674b000, 20480)       = 0
31461 munmap(0x7fb6995000, 44864)       = 0
31461 mprotect(0x7fb6965000, 106496, PROT_NONE) = 0
31461 mmap(0x7fb697f000, 77824, PROT_READ|PROT_WRITE, MAP_PRIVATE|MAP_FIXED|MAP_DENYWRITE, 3, 0x21f000) = 0x7fb697f000
31461 mmap(0x7fb6992000, 12096, PROT_READ|PROT_WRITE, MAP_PRIVATE|MAP_FIXED|MAP_ANONYMOUS, -1, 0) = 0x7fb6992000
31461 close(3)                          = 0
31461 openat(AT_FDCWD, "/lib/aarch64-linux-gnu/liblttng-ust.so.1", O_RDONLY|O_CLOEXEC) = 3
31461 read(3, "\177ELF\2\1\1\0\0\0\0\0\0\0\0\0\3\0\267\0\1\0\0\0\0\0\0\0\0\0\0\0@\0\0\0\0\0\0\0\0Y\10\0\0\0\0\0\0\0\0\0@\08\0\10\0@\0\37\0\36\0\1\0\0\0\5\0\0\0\0\0\0\0\0\0\0\0\0\0\0\0\0\0\0\0\0\0\0\0\0\0\0\0$\226\7\0\0\0\0\0$\226\7\0\0\0\0\0\0\0\1\0\0\0\0\0\1\0\0\0\6\0\0\0000\310\7\0\0\0\0\0000\310\10\0\0\0\0\0000\310\10\0\0\0\0\0\360\216\0\0\0\0\0\0X\32\1\0\0\0\0\0\0\0\1\0\0\0\0\0\2\0\0\0\6\0\0\0\240\366\7\0\0\0\0\0\240\366\10\0\0\0\0\0\240\366\10\0\0\0\0\0000\2\0\0\0\0\0\0000\2\0\0\0\0\0\0\10\0\0\0\0\0\0\0\4\0\0\0\4\0\0\0\0\2\0\0\0\0\0\0\0\2\0\0\0\0\0\0\0\2\0\0\0\0\0\0$\0\0\0\0\0\0\0$\0\0\0\0\0\0\0\4\0\0\0\0\0\0\0\7\0\0\0\4\0\0\0000\310\7\0\0\0\0\0000\310\10\0\0\0\0\0000\310\10\0\0\0\0\0(\0\0\0\0\0\0\0\10\t\0\0\0\0\0\0\20\0\0\0\0\0\0\0P\345td\4\0\0\0L\275\6\0\0\0\0\0L\275\6\0\0\0\0\0L\275\6\0\0\0\0\0d\31\0\0\0\0\0\0d\31\0\0\0\0\0\0\4\0\0\0\0\0\0\0Q\345td\6\0\0\0\0\0\0\0\0\0\0\0\0\0\0\0\0\0\0\0\0\0\0\0\0\0\0\0\0\0\0\0\0\0\0\0\0\0\0\0\0\0\0\0\20\0\0\0\0\0\0\0R\345td\4\0\0\0000\310\7\0\0\0\0\0000\310\10\0\0\0\0\0000\310\10\0\0\0\0\0\3207\0\0\0\0\0\0\3207\0\0\0\0\0\0\1\0\0\0\0\0\0\0\4\0\0\0\24\0\0\0\3\0\0\0GNU\0\236\210\264?\374\223\364[\305Z\207\233\334O/\215:\35\360\332\0\0\0\0C\0\0\0\317\0\0\0\10\0\0\0\t\0\0\0\202\211\301\0\34 \4\2J \0042\10T\0kA\201\203\0\200\4\242L\0040\1\1\2 Z\260\310\0\0B\311\31\0\0\t\2\200\0\1\200\16\20\200xP\312\"2\305\0\20L\211l\n\37\3V\317\0\0\0\320\0\0\0\321\0\0\0\326\0\0\0\0\0\0\0\327\0\0\0\0\0\0\0\0\0\0\0\0\0\0\0\330\0\0\0\331\0\0\0\333\0\0\0\334\0\0\0\336\0\0\0\340\0\0\0\341\0\0\0\0\0\0\0\344\0\0\0\0\0\0\0\0\0\0\0\345\0\0\0\346\0\0\0\347\0\0\0\351\0\0\0\352\0\0\0\0\0\0\0\354\0\0\0\0\0\0\0\356\0\0\0\361\0\0\0\362\0\0\0\0\0\0\0\365\0\0\0\0\0\0\0\0\0\0\0\366\0\0\0\367\0\0\0\373\0\0\0\375\0\0\0\376\0\0\0\0\0\0\0\377\0\0\0\0\0\0\0\0\0\0\0\0\1\0\0\2\1\0\0\4\1\0\0\5\1\0\0\0\0\0\0\6\1\0\0", 832) = 832
31461 newfstatat(3, "", {st_dev=makedev(0xb3, 0x2), st_ino=6417, st_mode=S_IFREG|0644, st_nlink=1, st_uid=0, st_gid=0, st_blksize=4096, st_blocks=1080, st_size=549056, st_atime=1731460707 /* 2024-11-13T02:18:27.374509622+0100 */, st_atime_nsec=374509622, st_mtime=1665499204 /* 2022-10-11T16:40:04+0200 */, st_mtime_nsec=0, st_ctime=1731460654 /* 2024-11-13T02:17:34.632217370+0100 */, st_ctime_nsec=632217370}, AT_EMPTY_PATH) = 0
31461 mmap(NULL, 8192, PROT_READ|PROT_WRITE, MAP_PRIVATE|MAP_ANONYMOUS, -1, 0) = 0x7fb7fff000
31461 mmap(NULL, 713352, PROT_NONE, MAP_PRIVATE|MAP_ANONYMOUS, -1, 0) = 0x7fb66a1000
31461 mmap(0x7fb66b0000, 647816, PROT_READ|PROT_EXEC, MAP_PRIVATE|MAP_FIXED|MAP_DENYWRITE, 3, 0) = 0x7fb66b0000
31461 munmap(0x7fb66a1000, 61440)       = 0
31461 munmap(0x7fb674f000, 648)         = 0
31461 mprotect(0x7fb672a000, 73728, PROT_NONE) = 0
31461 mmap(0x7fb673c000, 40960, PROT_READ|PROT_WRITE, MAP_PRIVATE|MAP_FIXED|MAP_DENYWRITE, 3, 0x7c000) = 0x7fb673c000
31461 mmap(0x7fb6746000, 33416, PROT_READ|PROT_WRITE, MAP_PRIVATE|MAP_FIXED|MAP_ANONYMOUS, -1, 0) = 0x7fb6746000
31461 close(3)                          = 0
31461 openat(AT_FDCWD, "/lib/aarch64-linux-gnu/libudev.so.1", O_RDONLY|O_CLOEXEC) = 3
31461 read(3, "\177ELF\2\1\1\0\0\0\0\0\0\0\0\0\3\0\267\0\1\0\0\0\0\0\0\0\0\0\0\0@\0\0\0\0\0\0\0\300\2\3\0\0\0\0\0\0\0\0\0@\08\0\10\0@\0\34\0\33\0\1\0\0\0\5\0\0\0\0\0\0\0\0\0\0\0\0\0\0\0\0\0\0\0\0\0\0\0\0\0\0\0\200\250\2\0\0\0\0\0\200\250\2\0\0\0\0\0\0\0\1\0\0\0\0\0\1\0\0\0\6\0\0\0h\367\2\0\0\0\0\0h\367\3\0\0\0\0\0h\367\3\0\0\0\0\0\30\n\0\0\0\0\0\0\210\22\0\0\0\0\0\0\0\0\1\0\0\0\0\0\2\0\0\0\6\0\0\0H\371\2\0\0\0\0\0H\371\3\0\0\0\0\0H\371\3\0\0\0\0\0 \2\0\0\0\0\0\0 \2\0\0\0\0\0\0\10\0\0\0\0\0\0\0\4\0\0\0\4\0\0\0\0\2\0\0\0\0\0\0\0\2\0\0\0\0\0\0\0\2\0\0\0\0\0\0\310\0\0\0\0\0\0\0\310\0\0\0\0\0\0\0\4\0\0\0\0\0\0\0\7\0\0\0\4\0\0\0h\367\2\0\0\0\0\0h\367\3\0\0\0\0\0h\367\3\0\0\0\0\0\0\0\0\0\0\0\0\0\24\0\0\0\0\0\0\0\10\0\0\0\0\0\0\0P\345td\4\0\0\0\\W\2\0\0\0\0\0\\W\2\0\0\0\0\0\\W\2\0\0\0\0\0\204\t\0\0\0\0\0\0\204\t\0\0\0\0\0\0\4\0\0\0\0\0\0\0Q\345td\6\0\0\0\0\0\0\0\0\0\0\0\0\0\0\0\0\0\0\0\0\0\0\0\0\0\0\0\0\0\0\0\0\0\0\0\0\0\0\0\0\0\0\0\20\0\0\0\0\0\0\0R\345td\4\0\0\0h\367\2\0\0\0\0\0h\367\3\0\0\0\0\0h\367\3\0\0\0\0\0\230\10\0\0\0\0\0\0\230\10\0\0\0\0\0\0\1\0\0\0\0\0\0\0\4\0\0\0\24\0\0\0\3\0\0\0GNU\0\210\32\362\2767\206b\337\332\22Y\nI\0000f/CM=\4\0\0\0\224\0\0\0~\32\376\312FDO\0{\"type\":\"deb\",\"os\":\"Debian\",\"name\":\"systemd\",\"version\":\"252.39-1~deb12u1\",\"architecture\":\"arm64\",\"debugInfoUrl\":\"https://debuginfod.debian.net\"}\0\0\0\0a\0\0\0\213\0\0\0\20\0\0\0\n\0\0\0\320\f@\225\223\20$\203\10\0\0\0\0\33\2\2\210\226\6\10\224\0\4 \4\0\4\200\22$\2RA\0\0\20\10\0\t@\0\10@\200\0\10$a\2\0\341\25$\f\6A\204\1$\20a\1A\n\4H \20@\t0 \20\240\0@\1PA\f\250\0\2\200E\0\1\0D\0\224\0\4\20\10\0\200\2\0\0\200\10\0\0", 832) = 832
31461 newfstatat(3, "", {st_dev=makedev(0xb3, 0x2), st_ino=1436, st_mode=S_IFREG|0644, st_nlink=1, st_uid=0, st_gid=0, st_blksize=4096, st_blocks=392, st_size=199104, st_atime=1763764330 /* 2025-11-21T23:32:10+0100 */, st_atime_nsec=0, st_mtime=1750949920 /* 2025-06-26T16:58:40+0200 */, st_mtime_nsec=0, st_ctime=1763764334 /* 2025-11-21T23:32:14.150188946+0100 */, st_ctime_nsec=150188946}, AT_EMPTY_PATH) = 0
31461 mmap(NULL, 330224, PROT_NONE, MAP_PRIVATE|MAP_ANONYMOUS, -1, 0) = 0x7fb665f000
31461 mmap(0x7fb6660000, 264688, PROT_READ|PROT_EXEC, MAP_PRIVATE|MAP_FIXED|MAP_DENYWRITE, 3, 0) = 0x7fb6660000
31461 munmap(0x7fb665f000, 4096)        = 0
31461 munmap(0x7fb66a1000, 59888)       = 0
31461 mprotect(0x7fb668b000, 81920, PROT_NONE) = 0
31461 mmap(0x7fb669f000, 8192, PROT_READ|PROT_WRITE, MAP_PRIVATE|MAP_FIXED|MAP_DENYWRITE, 3, 0x2f000) = 0x7fb669f000
31461 close(3)                          = 0
31461 openat(AT_FDCWD, "/lib/aarch64-linux-gnu/libyaml-0.so.2", O_RDONLY|O_CLOEXEC) = 3
31461 read(3, "\177ELF\2\1\1\0\0\0\0\0\0\0\0\0\3\0\267\0\1\0\0\0\0\0\0\0\0\0\0\0@\0\0\0\0\0\0\0x\1\2\0\0\0\0\0\0\0\0\0@\08\0\7\0@\0\30\0\27\0\1\0\0\0\5\0\0\0\0\0\0\0\0\0\0\0\0\0\0\0\0\0\0\0\0\0\0\0\0\0\0\0T\263\1\0\0\0\0\0T\263\1\0\0\0\0\0\0\0\1\0\0\0\0\0\1\0\0\0\6\0\0\0\210\374\1\0\0\0\0\0\210\374\2\0\0\0\0\0\210\374\2\0\0\0\0\0\340\3\0\0\0\0\0\0\350\3\0\0\0\0\0\0\0\0\1\0\0\0\0\0\2\0\0\0\6\0\0\0\230\374\1\0\0\0\0\0\230\374\2\0\0\0\0\0\230\374\2\0\0\0\0\0\0\2\0\0\0\0\0\0\0\2\0\0\0\0\0\0\10\0\0\0\0\0\0\0\4\0\0\0\4\0\0\0\310\1\0\0\0\0\0\0\310\1\0\0\0\0\0\0\310\1\0\0\0\0\0\0$\0\0\0\0\0\0\0$\0\0\0\0\0\0\0\4\0\0\0\0\0\0\0P\345td\4\0\0\0d\213\1\0\0\0\0\0d\213\1\0\0\0\0\0d\213\1\0\0\0\0\0\274\3\0\0\0\0\0\0\274\3\0\0\0\0\0\0\4\0\0\0\0\0\0\0Q\345td\6\0\0\0\0\0\0\0\0\0\0\0\0\0\0\0\0\0\0\0\0\0\0\0\0\0\0\0\0\0\0\0\0\0\0\0\0\0\0\0\0\0\0\0\20\0\0\0\0\0\0\0R\345td\4\0\0\0\210\374\1\0\0\0\0\0\210\374\2\0\0\0\0\0\210\374\2\0\0\0\0\0x\3\0\0\0\0\0\0x\3\0\0\0\0\0\0\1\0\0\0\0\0\0\0\4\0\0\0\24\0\0\0\3\0\0\0GNU\0\220!H\1Z\331\247\236\374\223F\345\\\f\351S\276_\216,\0\0\0\0%\0\0\0\30\0\0\0\10\0\0\0\t\0\0\0\0\0 \0\1\10$\0\f\21$F\4\30\10@\10\0\4\2\f\0 \250\4\4\5\250.B 0@\2P\0T\1\0102H\10\10b\0\n\v\360\5\215\22\0(\4\1\0\26\5B\1\210\210\0\216\0\0\0\0\30\0\0\0\0\0\0\0\0\0\0\0\0\0\0\0\0\0\0\0\0\0\0\0\31\0\0\0\34\0\0\0\35\0\0\0 \0\0\0!\0\0\0\"\0\0\0\0\0\0\0%\0\0\0(\0\0\0+\0\0\0.\0\0\0001\0\0\0002\0\0\0\0\0\0\0003\0\0\0007\0\0\09\0\0\0<\0\0\0>\0\0\0\0\0\0\0?\0\0\0@\0\0\0D\0\0\0F\0\0\0G\0\0\0H\0\0\0L\0\0\0N\0\0\0O\0\0\0Q\0\0\0\331\ta\244\212a|\314X\230IO\303\25\226R\337\272\301\177\26\311\1\303b$\356\277\333\334<\213\177\230\2\nUX\2 ^\6z\357\3461D\241S\262\333\272HV\346\222\322\224\302\r\203\304\302\340\276\244W\330\242\262\342\222\373\367\240\367j\7\31\211B\326L\353's\324w\350R\333\2R\343\264\35Y}X\307\343B\307\177\217\2215W", 832) = 832
31461 newfstatat(3, "", {st_dev=makedev(0xb3, 0x2), st_ino=6828, st_mode=S_IFREG|0644, st_nlink=1, st_uid=0, st_gid=0, st_blksize=4096, st_blocks=264, st_size=132984, st_atime=1731460707 /* 2024-11-13T02:18:27.396509743+0100 */, st_atime_nsec=396509743, st_mtime=1657118709 /* 2022-07-06T16:45:09+0200 */, st_mtime_nsec=0, st_ctime=1731460655 /* 2024-11-13T02:17:35.049219687+0100 */, st_ctime_nsec=49219687}, AT_EMPTY_PATH) = 0
31461 mmap(NULL, 262256, PROT_NONE, MAP_PRIVATE|MAP_ANONYMOUS, -1, 0) = 0x7fb661f000
31461 mmap(0x7fb6620000, 196720, PROT_READ|PROT_EXEC, MAP_PRIVATE|MAP_FIXED|MAP_DENYWRITE, 3, 0) = 0x7fb6620000
31461 munmap(0x7fb661f000, 4096)        = 0
31461 munmap(0x7fb6651000, 57456)       = 0
31461 mprotect(0x7fb663c000, 77824, PROT_NONE) = 0
31461 mmap(0x7fb664f000, 8192, PROT_READ|PROT_WRITE, MAP_PRIVATE|MAP_FIXED|MAP_DENYWRITE, 3, 0x1f000) = 0x7fb664f000
31461 close(3)                          = 0
31461 openat(AT_FDCWD, "/lib/aarch64-linux-gnu/libdw.so.1", O_RDONLY|O_CLOEXEC) = 3
31461 read(3, "\177ELF\2\1\1\0\0\0\0\0\0\0\0\0\3\0\267\0\1\0\0\0\0\0\0\0\0\0\0\0@\0\0\0\0\0\0\0\320\n\v\0\0\0\0\0\0\0\0\0@\08\0\10\0@\0\35\0\34\0\1\0\0\0\5\0\0\0\0\0\0\0\0\0\0\0\0\0\0\0\0\0\0\0\0\0\0\0\0\0\0\0\224\246\t\0\0\0\0\0\224\246\t\0\0\0\0\0\0\0\1\0\0\0\0\0\1\0\0\0\6\0\0\0\370z\n\0\0\0\0\0\370z\n\0\0\0\0\0\370z\n\0\0\0\0\0\226\216\0\0\0\0\0\0@\224\0\0\0\0\0\0\0\0\1\0\0\0\0\0\2\0\0\0\6\0\0\0p\365\n\0\0\0\0\0p\365\n\0\0\0\0\0p\365\n\0\0\0\0\0`\2\0\0\0\0\0\0`\2\0\0\0\0\0\0\10\0\0\0\0\0\0\0\4\0\0\0\4\0\0\0\0\2\0\0\0\0\0\0\0\2\0\0\0\0\0\0\0\2\0\0\0\0\0\0$\0\0\0\0\0\0\0$\0\0\0\0\0\0\0\4\0\0\0\0\0\0\0\7\0\0\0\4\0\0\0\370z\n\0\0\0\0\0\370z\n\0\0\0\0\0\370z\n\0\0\0\0\0\10\0\0\0\0\0\0\0\20\0\0\0\0\0\0\0\10\0\0\0\0\0\0\0P\345td\4\0\0\0\310\323\10\0\0\0\0\0\310\323\10\0\0\0\0\0\310\323\10\0\0\0\0\0004\33\0\0\0\0\0\0004\33\0\0\0\0\0\0\4\0\0\0\0\0\0\0Q\345td\6\0\0\0\0\0\0\0\0\0\0\0\0\0\0\0\0\0\0\0\0\0\0\0\0\0\0\0\0\0\0\0\0\0\0\0\0\0\0\0\0\0\0\0\20\0\0\0\0\0\0\0R\345td\4\0\0\0\370z\n\0\0\0\0\0\370z\n\0\0\0\0\0\370z\n\0\0\0\0\0\10\205\0\0\0\0\0\0\10\205\0\0\0\0\0\0\1\0\0\0\0\0\0\0\4\0\0\0\24\0\0\0\3\0\0\0GNU\0\336\330I\371\224\16a/\267\341\220\332E\321\303\4\215\32\1\243\0\0\0\0\305\0\0\0\242\0\0\0 \0\0\0\v\0\0\0\10\207\204\0223\r\350\211\4\6\262\10$\224F\242PL\260\200\300\0\0\202 \220@@\0$\2B(\20\251H\21T\202$\20\0@ \0 \0\0@\212\0 \1\0\0\0\341\0(\200\0\0\2\0000@\0\0\0\30\2\0\200\"\204\220\263\231\0$I@\24\210\0 \222\1\204\220\240&\206\0\2\0\200$\200\0\0\1@\20\5\20\200\1)\0 CD(\t\240\251\"\20\200\0\6\"\24D\n\200\0`\0\nv \240\0\4\271\205\0002\0 \t\216\24\0\244\2\0\210\0\0010\r\0104\0\f\1\0\0\201\10\312\4\22B\210@!\20D\23\10A\320\30@\202@P\0\1\6\256\1\0 \312\3\5\220\326\241 \4\254\2U\0\10\212\1\25\214\200%d\4\10br\0\10\0\0!\244)H\0!\4\260\240\270\0\20\2\4\4\4\0B\332\242(\34$\206\0\232\240\300\202\20\340\201\1\204\0\0!\5\20\1\242\0\0\0\0\0\0\0", 832) = 832
31461 newfstatat(3, "", {st_dev=makedev(0xb3, 0x2), st_ino=6138, st_mode=S_IFREG|0644, st_nlink=1, st_uid=0, st_gid=0, st_blksize=4096, st_blocks=1424, st_size=725520, st_atime=1731460707 /* 2024-11-13T02:18:27.357509528+0100 */, st_atime_nsec=357509528, st_mtime=1673704490 /* 2023-01-14T14:54:50+0100 */, st_mtime_nsec=0, st_ctime=1731460654 /* 2024-11-13T02:17:34.341215753+0100 */, st_ctime_nsec=341215753}, AT_EMPTY_PATH) = 0
31461 mmap(NULL, 790328, PROT_NONE, MAP_PRIVATE|MAP_ANONYMOUS, -1, 0) = 0x7fb655f000
31461 mmap(0x7fb6560000, 724792, PROT_READ|PROT_EXEC, MAP_PRIVATE|MAP_FIXED|MAP_DENYWRITE, 3, 0) = 0x7fb6560000
31461 munmap(0x7fb655f000, 4096)        = 0
31461 munmap(0x7fb6611000, 61240)       = 0
31461 mprotect(0x7fb65fb000, 49152, PROT_NONE) = 0
31461 mmap(0x7fb6607000, 40960, PROT_READ|PROT_WRITE, MAP_PRIVATE|MAP_FIXED|MAP_DENYWRITE, 3, 0xa7000) = 0x7fb6607000
31461 close(3)                          = 0
31461 openat(AT_FDCWD, "/lib/aarch64-linux-gnu/libz.so.1", O_RDONLY|O_CLOEXEC) = 3
31461 read(3, "\177ELF\2\1\1\0\0\0\0\0\0\0\0\0\3\0\267\0\1\0\0\0\0\0\0\0\0\0\0\0@\0\0\0\0\0\0\0\320\2\2\0\0\0\0\0\0\0\0\0@\08\0\7\0@\0\33\0\32\0\1\0\0\0\5\0\0\0\0\0\0\0\0\0\0\0\0\0\0\0\0\0\0\0\0\0\0\0\0\0\0\0P\237\1\0\0\0\0\0P\237\1\0\0\0\0\0\0\0\1\0\0\0\0\0\1\0\0\0\6\0\0\0P\374\1\0\0\0\0\0P\374\2\0\0\0\0\0P\374\2\0\0\0\0\0H\5\0\0\0\0\0\0P\5\0\0\0\0\0\0\0\0\1\0\0\0\0\0\2\0\0\0\6\0\0\0\260\375\1\0\0\0\0\0\260\375\2\0\0\0\0\0\260\375\2\0\0\0\0\0\0\2\0\0\0\0\0\0\0\2\0\0\0\0\0\0\10\0\0\0\0\0\0\0\4\0\0\0\4\0\0\0\310\1\0\0\0\0\0\0\310\1\0\0\0\0\0\0\310\1\0\0\0\0\0\0$\0\0\0\0\0\0\0$\0\0\0\0\0\0\0\4\0\0\0\0\0\0\0P\345td\4\0\0\0T}\1\0\0\0\0\0T}\1\0\0\0\0\0T}\1\0\0\0\0\0\364\3\0\0\0\0\0\0\364\3\0\0\0\0\0\0\4\0\0\0\0\0\0\0Q\345td\6\0\0\0\0\0\0\0\0\0\0\0\0\0\0\0\0\0\0\0\0\0\0\0\0\0\0\0\0\0\0\0\0\0\0\0\0\0\0\0\0\0\0\0\20\0\0\0\0\0\0\0R\345td\4\0\0\0P\374\1\0\0\0\0\0P\374\2\0\0\0\0\0P\374\2\0\0\0\0\0\260\3\0\0\0\0\0\0\260\3\0\0\0\0\0\0\1\0\0\0\0\0\0\0\4\0\0\0\24\0\0\0\3\0\0\0GNU\0l\331M\311m\334\260\340\267\376\374\245\216\344\264X\1770f=\0\0\0\0a\0\0\0\32\0\0\0\20\0\0\0\n\0\0\0\0\"@b\f\3\2\0E\0\0A\10\4\5\22\4\1\204\4\0\7\10\0\4\1\26\n\0\21\2\0\0A\0\224\204\204\10\10\0l\0\24 \260\204\200\0\2603@\t\360d\200\2B\206\0\0\0\4\20\0\1 \24\0\2\2\0\10\0#\n\2\10\78\f\0\4\340\1\0 \0 \0H!R\35\230\221\0/12\1\6\0\10\4\0\0\0\200!\2\n\200\2\0\10 G\0\1Qd\0\0\2\202\0\0\0\0\0\0\32\0\0\0\35\0\0\0\37\0\0\0\0\0\0\0!\0\0\0$\0\0\0&\0\0\0'\0\0\0+\0\0\0\0\0\0\0,\0\0\0-\0\0\0/\0\0\0000\0\0\0\0\0\0\0\0\0\0\0001\0\0\0003\0\0\0007\0\0\08\0\0\0\0\0\0\0:\0\0\0\0\0\0\0;\0\0\0\0\0\0\0<\0\0\0\0\0\0\0\0\0\0\0\0\0\0\0\0\0\0\0=\0\0\0\0\0\0\0\0\0\0\0\0\0\0\0\0\0\0\0\0\0\0\0>\0\0\0@\0\0\0\0\0\0\0\0\0\0\0B\0\0\0C\0\0\0D\0\0\0\0\0\0\0\0\0\0\0E\0\0\0\0\0\0\0", 832) = 832
31461 newfstatat(3, "", {st_dev=makedev(0xb3, 0x2), st_ino=6831, st_mode=S_IFREG|0644, st_nlink=1, st_uid=0, st_gid=0, st_blksize=4096, st_blocks=264, st_size=133520, st_atime=1731460670 /* 2024-11-13T02:17:50.900307684+0100 */, st_atime_nsec=900307684, st_mtime=1730367586 /* 2024-10-31T10:39:46+0100 */, st_mtime_nsec=0, st_ctime=1731460655 /* 2024-11-13T02:17:35.051219698+0100 */, st_ctime_nsec=51219698}, AT_EMPTY_PATH) = 0
31461 mmap(NULL, 262560, PROT_NONE, MAP_PRIVATE|MAP_ANONYMOUS, -1, 0) = 0x7fb651f000
31461 mmap(0x7fb6520000, 197024, PROT_READ|PROT_EXEC, MAP_PRIVATE|MAP_FIXED|MAP_DENYWRITE, 3, 0) = 0x7fb6520000
31461 munmap(0x7fb651f000, 4096)        = 0
31461 munmap(0x7fb6551000, 57760)       = 0
31461 mprotect(0x7fb653a000, 86016, PROT_NONE) = 0
31461 mmap(0x7fb654f000, 8192, PROT_READ|PROT_WRITE, MAP_PRIVATE|MAP_FIXED|MAP_DENYWRITE, 3, 0x1f000) = 0x7fb654f000
31461 close(3)                          = 0
31461 openat(AT_FDCWD, "/lib/aarch64-linux-gnu/libGLX.so.0", O_RDONLY|O_CLOEXEC) = 3
31461 read(3, "\177ELF\2\1\1\0\0\0\0\0\0\0\0\0\3\0\267\0\1\0\0\0\0\0\0\0\0\0\0\0@\0\0\0\0\0\0\0\370\2\3\0\0\0\0\0\0\0\0\0@\08\0\7\0@\0\32\0\31\0\1\0\0\0\5\0\0\0\0\0\0\0\0\0\0\0\0\0\0\0\0\0\0\0\0\0\0\0\0\0\0\0\264\3\2\0\0\0\0\0\264\3\2\0\0\0\0\0\0\0\1\0\0\0\0\0\1\0\0\0\6\0\0\0\330\370\2\0\0\0\0\0\330\370\3\0\0\0\0\0\330\370\3\0\0\0\0\0\374\10\0\0\0\0\0\08\f\1\0\0\0\0\0\0\0\1\0\0\0\0\0\2\0\0\0\6\0\0\0`\375\2\0\0\0\0\0`\375\3\0\0\0\0\0`\375\3\0\0\0\0\0000\2\0\0\0\0\0\0000\2\0\0\0\0\0\0\10\0\0\0\0\0\0\0\4\0\0\0\4\0\0\0\310\1\0\0\0\0\0\0\310\1\0\0\0\0\0\0\310\1\0\0\0\0\0\0$\0\0\0\0\0\0\0$\0\0\0\0\0\0\0\4\0\0\0\0\0\0\0P\345td\4\0\0\0\\\336\1\0\0\0\0\0\\\336\1\0\0\0\0\0\\\336\1\0\0\0\0\0|\5\0\0\0\0\0\0|\5\0\0\0\0\0\0\4\0\0\0\0\0\0\0Q\345td\6\0\0\0\0\0\0\0\0\0\0\0\0\0\0\0\0\0\0\0\0\0\0\0\0\0\0\0\0\0\0\0\0\0\0\0\0\0\0\0\0\0\0\0\20\0\0\0\0\0\0\0R\345td\4\0\0\0\330\370\2\0\0\0\0\0\330\370\3\0\0\0\0\0\330\370\3\0\0\0\0\0(\7\0\0\0\0\0\0(\7\0\0\0\0\0\0\1\0\0\0\0\0\0\0\4\0\0\0\24\0\0\0\3\0\0\0GNU\0\275\0\214\4\345p\367\363\2218D\274\233\363\317O<1\370\251\0\0\0\0%\0\0\0A\0\0\0\10\0\0\0\t\0\0\0\0\0\0\0\10\0\0\1\0\0\20\34@\4e(\0*\v\0\5$\325\200\2\0\0\0\0\0\0 \3\0\300\0\0\200\0\1)\20`a\224\0\250\0\10`\0\21\21\4\2\311C\10\20!\202;\34A\0\0\0\0A\0\0\0C\0\0\0\0\0\0\0F\0\0\0\0\0\0\0G\0\0\0K\0\0\0\0\0\0\0O\0\0\0\0\0\0\0P\0\0\0\0\0\0\0Q\0\0\0\0\0\0\0\0\0\0\0S\0\0\0V\0\0\0X\0\0\0\0\0\0\0Y\0\0\0[\0\0\0\\\0\0\0^\0\0\0a\0\0\0d\0\0\0\0\0\0\0\0\0\0\0e\0\0\0\0\0\0\0f\0\0\0i\0\0\0j\0\0\0\0\0\0\0\0\0\0\0k\0\0\0p\0\0\0.\3\276}\271\301\344\240d\317\324A\312\351*V\221\354\201v\211&\236~z\264\343<L\273\261\365\"\360Uo\1\2574\350r\1\315\257\230U\0\304DI #\301\372\\\\s1\365\241\221\240\225\374\350\1\6\316\341\251\354\213\354}1K\270\35\310\301Y\357\227y\26\361\36\36\263\242\354\216U\270\351\267\346\333l\354\235}\33\300\307\203\356\317", 832) = 832
31461 newfstatat(3, "", {st_dev=makedev(0xb3, 0x2), st_ino=5828, st_mode=S_IFREG|0644, st_nlink=1, st_uid=0, st_gid=0, st_blksize=4096, st_blocks=392, st_size=199032, st_atime=1731460707 /* 2024-11-13T02:18:27.338509423+0100 */, st_atime_nsec=338509423, st_mtime=1672753705 /* 2023-01-03T14:48:25+0100 */, st_mtime_nsec=0, st_ctime=1731460653 /* 2024-11-13T02:17:33.959213631+0100 */, st_ctime_nsec=959213631}, AT_EMPTY_PATH) = 0
31461 mmap(NULL, 8192, PROT_READ|PROT_WRITE, MAP_PRIVATE|MAP_ANONYMOUS, -1, 0) = 0x7fb7ffd000
31461 mmap(NULL, 394512, PROT_NONE, MAP_PRIVATE|MAP_ANONYMOUS, -1, 0) = 0x7fb64bf000
31461 mmap(0x7fb64c0000, 328976, PROT_READ|PROT_EXEC, MAP_PRIVATE|MAP_FIXED|MAP_DENYWRITE, 3, 0) = 0x7fb64c0000
31461 munmap(0x7fb64bf000, 4096)        = 0
31461 munmap(0x7fb6511000, 58640)       = 0
31461 mprotect(0x7fb64e1000, 122880, PROT_NONE) = 0
31461 mmap(0x7fb64ff000, 8192, PROT_READ|PROT_WRITE, MAP_PRIVATE|MAP_FIXED|MAP_DENYWRITE, 3, 0x2f000) = 0x7fb64ff000
31461 mmap(0x7fb6501000, 62736, PROT_READ|PROT_WRITE, MAP_PRIVATE|MAP_FIXED|MAP_ANONYMOUS, -1, 0) = 0x7fb6501000
31461 close(3)                          = 0
31461 openat(AT_FDCWD, "/lib/aarch64-linux-gnu/liblapack.so.3", O_RDONLY|O_CLOEXEC) = 3
31461 read(3, "\177ELF\2\1\1\0\0\0\0\0\0\0\0\0\3\0\267\0\1\0\0\0\0\0\0\0\0\0\0\0@\0\0\0\0\0\0\0\30\21V\0\0\0\0\0\0\0\0\0@\08\0\7\0@\0\30\0\27\0\1\0\0\0\5\0\0\0\0\0\0\0\0\0\0\0\0\0\0\0\0\0\0\0\0\0\0\0\0\0\0\0\250\354T\0\0\0\0\0\250\354T\0\0\0\0\0\0\0\1\0\0\0\0\0\1\0\0\0\6\0\0\0H\314U\0\0\0\0\0H\314U\0\0\0\0\0H\314U\0\0\0\0\0\300C\0\0\0\0\0\0pD\0\0\0\0\0\0\0\0\1\0\0\0\0\0\2\0\0\0\6\0\0\0X\314U\0\0\0\0\0X\314U\0\0\0\0\0X\314U\0\0\0\0\0@\2\0\0\0\0\0\0@\2\0\0\0\0\0\0\10\0\0\0\0\0\0\0\4\0\0\0\4\0\0\0\310\1\0\0\0\0\0\0\310\1\0\0\0\0\0\0\310\1\0\0\0\0\0\0$\0\0\0\0\0\0\0$\0\0\0\0\0\0\0\4\0\0\0\0\0\0\0P\345td\4\0\0\0\4xP\0\0\0\0\0\4xP\0\0\0\0\0\4xP\0\0\0\0\0$=\0\0\0\0\0\0$=\0\0\0\0\0\0\4\0\0\0\0\0\0\0Q\345td\6\0\0\0\0\0\0\0\0\0\0\0\0\0\0\0\0\0\0\0\0\0\0\0\0\0\0\0\0\0\0\0\0\0\0\0\0\0\0\0\0\0\0\0\20\0\0\0\0\0\0\0R\345td\4\0\0\0H\314U\0\0\0\0\0H\314U\0\0\0\0\0H\314U\0\0\0\0\0\2703\0\0\0\0\0\0\2703\0\0\0\0\0\0\1\0\0\0\0\0\0\0\4\0\0\0\24\0\0\0\3\0\0\0GNU\0W%\300F\fX\277\301\274B\3116\3152\3476\245L\363\33\0\0\0\0\7\4\0\0\263\0\0\0\0\1\0\0\16\0\0\0b\0@H&\2I\3)\1\"\0220\200\t\304(\301\0000@@\tY\200\10@L!\4\10\0\22\0\0\0\224\"@\200\0\201e\0\234\20\4\4\2 \2\4\3\342A!\"H\0\0@\24P H\1\0Z\0\2\0\0@\203L\230\7\0\5\20H\0\210\10\260\0\24\2\21c\0\10\20\n$@\n\0 \30\"\0\"\20\0010\0\2D!,((@\200\0\0\0\0\261\0\0\n\4\26\0\0\4\0 \0\2\22\0 \20\300D\t\220\205$\200,\230\0220\0\200@\311\230 B\20\1#\300B\t\0T\2403u\0> \0D\0H&@\1\200\0\1\200\2%\0P \26\0\"\10\16\25\240\201-P\t\241\26\2D\200\211\0\30\22\1\0\t?\0\20\270( \264\27\201 Aq\1(\1\10\0\2\200X\f\256\2 \1\0\0\20D\2\0\254\0 H\0\26\v\200\0\0D\300Ap\2\1\4\6 a\205\1\30\0012\10\0060\20AI\20\33\n \4\240 \264\0\0@\10iP\241\20`!\32)\0\1d\324\222\1! \32\0\0\10`\200\202\30 \0\20\21 !\240\240\20\240\200\10\2\201\1", 832) = 832
31461 newfstatat(3, "", {st_dev=makedev(0xb3, 0x2), st_ino=8062, st_mode=S_IFREG|0644, st_nlink=1, st_uid=0, st_gid=0, st_blksize=4096, st_blocks=11024, st_size=5642008, st_atime=1731460707 /* 2024-11-13T02:18:27.312509279+0100 */, st_atime_nsec=312509279, st_mtime=1669551712 /* 2022-11-27T13:21:52+0100 */, st_mtime_nsec=0, st_ctime=1731460655 /* 2024-11-13T02:17:35.331221254+0100 */, st_ctime_nsec=331221254}, AT_EMPTY_PATH) = 0
31461 mmap(NULL, 5705912, PROT_NONE, MAP_PRIVATE|MAP_ANONYMOUS, -1, 0) = 0x7fb5f4e000
31461 mmap(0x7fb5f50000, 5640376, PROT_READ|PROT_EXEC, MAP_PRIVATE|MAP_FIXED|MAP_DENYWRITE, 3, 0) = 0x7fb5f50000
31461 munmap(0x7fb5f4e000, 8192)        = 0
31461 munmap(0x7fb64b2000, 53432)       = 0
31461 mprotect(0x7fb649f000, 53248, PROT_NONE) = 0
31461 mmap(0x7fb64ac000, 24576, PROT_READ|PROT_WRITE, MAP_PRIVATE|MAP_FIXED|MAP_DENYWRITE, 3, 0x55c000) = 0x7fb64ac000
31461 close(3)                          = 0
31461 openat(AT_FDCWD, "/lib/aarch64-linux-gnu/libblas.so.3", O_RDONLY|O_CLOEXEC) = 3
31461 read(3, "\177ELF\2\1\1\0\0\0\0\0\0\0\0\0\3\0\267\0\1\0\0\0\0\0\0\0\0\0\0\0@\0\0\0\0\0\0\0\30\1\6\0\0\0\0\0\0\0\0\0@\08\0\7\0@\0\30\0\27\0\1\0\0\0\5\0\0\0\0\0\0\0\0\0\0\0\0\0\0\0\0\0\0\0\0\0\0\0\0\0\0\0`O\5\0\0\0\0\0`O\5\0\0\0\0\0\0\0\1\0\0\0\0\0\1\0\0\0\6\0\0\0\310\367\5\0\0\0\0\0\310\367\6\0\0\0\0\0\310\367\6\0\0\0\0\0@\10\0\0\0\0\0\0P\10\0\0\0\0\0\0\0\0\1\0\0\0\0\0\2\0\0\0\6\0\0\0\330\367\5\0\0\0\0\0\330\367\6\0\0\0\0\0\330\367\6\0\0\0\0\0\0\2\0\0\0\0\0\0\0\2\0\0\0\0\0\0\10\0\0\0\0\0\0\0\4\0\0\0\4\0\0\0\310\1\0\0\0\0\0\0\310\1\0\0\0\0\0\0\310\1\0\0\0\0\0\0$\0\0\0\0\0\0\0$\0\0\0\0\0\0\0\4\0\0\0\0\0\0\0P\345td\4\0\0\0X\375\4\0\0\0\0\0X\375\4\0\0\0\0\0X\375\4\0\0\0\0\0<\n\0\0\0\0\0\0<\n\0\0\0\0\0\0\4\0\0\0\0\0\0\0Q\345td\6\0\0\0\0\0\0\0\0\0\0\0\0\0\0\0\0\0\0\0\0\0\0\0\0\0\0\0\0\0\0\0\0\0\0\0\0\0\0\0\0\0\0\0\20\0\0\0\0\0\0\0R\345td\4\0\0\0\310\367\5\0\0\0\0\0\310\367\6\0\0\0\0\0\310\367\6\0\0\0\0\08\10\0\0\0\0\0\08\10\0\0\0\0\0\0\1\0\0\0\0\0\0\0\4\0\0\0\24\0\0\0\3\0\0\0GNU\0\355J5\313 \354\346\336\27Z\270\321\206U5\37\267.T\225\0\0\0\0\7\1\0\0\23\0\0\0 \0\0\0\v\0\0\0:Pp p\0\tP\242(\221\10\212\26F\202\300\21\6 \1\0\20 \1\330\314|\0E\202\201\1\2\240\300\f\0\0@\1\20b \5\24\304\200\4\0\0H@x&\240\200\305l0C\0\1\10\1\230\200\5\30\0\1\215@\10\0\"\0\1\20HB\0\2A\0\224\10\240\220P\0I\0\200\0\300$\0\20\200\10\0\0\1\200\205Jp\320\200\254\6\320\0-\220\234\0\20\34\4\214\234\312\315\213Q\4\221Pv\24\250\0t@\3\0,\22\0342\0\244 a@\2\200\25\2\2\200\270FL\245(&\1\0#(\200H0\0x\3008\312\220NE\304\23\fI\10%)\240\3\2404\3\224F\0\221\10\20\31\3\242\1\362\1D\0004\2101\244\252D\f\34\10\10\340\f*\20\204\10\324@#\26\320\250\1`\210\214\23\t\to\0\5\r\350\202\4dGF\303\t\10 \28\230\10\10\10\362\10\"B\347\21\302\23\0\0\0\0\0\0\0\24\0\0\0\26\0\0\0\27\0\0\0\31\0\0\0\0\0\0\0\0\0\0\0\32\0\0\0\0\0\0\0\0\0\0\0\33\0\0\0\34\0\0\0\36\0\0\0\0\0\0\0\37\0\0\0", 832) = 832
31461 newfstatat(3, "", {st_dev=makedev(0xb3, 0x2), st_ino=7187, st_mode=S_IFREG|0644, st_nlink=1, st_uid=0, st_gid=0, st_blksize=4096, st_blocks=776, st_size=395032, st_atime=1731460707 /* 2024-11-13T02:18:27.281509108+0100 */, st_atime_nsec=281509108, st_mtime=1669551712 /* 2022-11-27T13:21:52+0100 */, st_mtime_nsec=0, st_ctime=1731460655 /* 2024-11-13T02:17:35.131220143+0100 */, st_ctime_nsec=131220143}, AT_EMPTY_PATH) = 0
31461 mmap(NULL, 524312, PROT_NONE, MAP_PRIVATE|MAP_ANONYMOUS, -1, 0) = 0x7fb5ecf000
31461 mmap(0x7fb5ed0000, 458776, PROT_READ|PROT_EXEC, MAP_PRIVATE|MAP_FIXED|MAP_DENYWRITE, 3, 0) = 0x7fb5ed0000
31461 munmap(0x7fb5ecf000, 4096)        = 0
31461 munmap(0x7fb5f41000, 57368)       = 0
31461 mprotect(0x7fb5f25000, 106496, PROT_NONE) = 0
31461 mmap(0x7fb5f3f000, 8192, PROT_READ|PROT_WRITE, MAP_PRIVATE|MAP_FIXED|MAP_DENYWRITE, 3, 0x5f000) = 0x7fb5f3f000
31461 close(3)                          = 0
31461 openat(AT_FDCWD, "/lib/aarch64-linux-gnu/libtbb.so.12", O_RDONLY|O_CLOEXEC) = 3
31461 read(3, "\177ELF\2\1\1\0\0\0\0\0\0\0\0\0\3\0\267\0\1\0\0\0\0\0\0\0\0\0\0\0@\0\0\0\0\0\0\0\250\1\3\0\0\0\0\0\0\0\0\0@\08\0\7\0@\0\32\0\31\0\1\0\0\0\5\0\0\0\0\0\0\0\0\0\0\0\0\0\0\0\0\0\0\0\0\0\0\0\0\0\0\0\355%\2\0\0\0\0\0\355%\2\0\0\0\0\0\0\0\1\0\0\0\0\0\1\0\0\0\6\0\0\0\0\356\2\0\0\0\0\0\0\356\3\0\0\0\0\0\0\356\3\0\0\0\0\0x\22\0\0\0\0\0\0\250f\1\0\0\0\0\0\0\0\1\0\0\0\0\0\2\0\0\0\6\0\0\0\220\370\2\0\0\0\0\0\220\370\3\0\0\0\0\0\220\370\3\0\0\0\0\0000\2\0\0\0\0\0\0000\2\0\0\0\0\0\0\10\0\0\0\0\0\0\0\4\0\0\0\4\0\0\0\310\1\0\0\0\0\0\0\310\1\0\0\0\0\0\0\310\1\0\0\0\0\0\0$\0\0\0\0\0\0\0$\0\0\0\0\0\0\0\4\0\0\0\0\0\0\0P\345td\4\0\0\0\340\325\1\0\0\0\0\0\340\325\1\0\0\0\0\0\340\325\1\0\0\0\0\0\304\n\0\0\0\0\0\0\304\n\0\0\0\0\0\0\4\0\0\0\0\0\0\0Q\345td\6\0\0\0\0\0\0\0\0\0\0\0\0\0\0\0\0\0\0\0\0\0\0\0\0\0\0\0\0\0\0\0\0\0\0\0\0\0\0\0\0\0\0\0\20\0\0\0\0\0\0\0R\345td\4\0\0\0\0\356\2\0\0\0\0\0\0\356\3\0\0\0\0\0\0\356\3\0\0\0\0\0\0\22\0\0\0\0\0\0\0\22\0\0\0\0\0\0\1\0\0\0\0\0\0\0\4\0\0\0\24\0\0\0\3\0\0\0GNU\0\"\374\217%\302\312T\255\216}\306\r\251\354\212/\313\273\304f\0\0\0\0a\0\0\0\211\0\0\0\20\0\0\0\n\0\0\0\3\200B\0\201\0\0p\200\0A\200\0\0\10\20*@\212\240\21\20\5=\1 \0\0\210\0\10 \0\0B\0\0(A\0\5\24\30\200)%QjU\32\\ \0\0\20\304&\20\1\6(\0\20(\24\200!@\0\1@\201\4(r@\30)\0b\1 \23 \2\5\0\0\0\0\10\0P\200\"\0\20$L\0\0\0000\0\1\240\0\10\0\0\0\0\16\0%\30d\"\310\1(\25 \0\240D \230\211\0\0\0\215\0\0\0\0\0\0\0\0\0\0\0\216\0\0\0\217\0\0\0\0\0\0\0\220\0\0\0\0\0\0\0\221\0\0\0\222\0\0\0\0\0\0\0\224\0\0\0\225\0\0\0\226\0\0\0\0\0\0\0\0\0\0\0\0\0\0\0\0\0\0\0\232\0\0\0\235\0\0\0\240\0\0\0\243\0\0\0\0\0\0\0\244\0\0\0\245\0\0\0\247\0\0\0\0\0\0\0\250\0\0\0\254\0\0\0\255\0\0\0\256\0\0\0\260\0\0\0\261\0\0\0\264\0\0\0\266\0\0\0\267\0\0\0\271\0\0\0\272\0\0\0\0\0\0\0\273\0\0\0\0\0\0\0\274\0\0\0\275\0\0\0\276\0\0\0\0\0\0\0\0\0\0\0\277\0\0\0", 832) = 832
31461 newfstatat(3, "", {st_dev=makedev(0xb3, 0x2), st_ino=1775, st_mode=S_IFREG|0644, st_nlink=1, st_uid=0, st_gid=0, st_blksize=4096, st_blocks=392, st_size=198696, st_atime=1763934699 /* 2025-11-23T22:51:39+0100 */, st_atime_nsec=0, st_mtime=1684232581 /* 2023-05-16T12:23:01+0200 */, st_mtime_nsec=0, st_ctime=1763934699 /* 2025-11-23T22:51:39.862801433+0100 */, st_ctime_nsec=862801433}, AT_EMPTY_PATH) = 0
31461 mmap(NULL, 414888, PROT_NONE, MAP_PRIVATE|MAP_ANONYMOUS, -1, 0) = 0x7fb5e6a000
31461 mmap(0x7fb5e70000, 349352, PROT_READ|PROT_EXEC, MAP_PRIVATE|MAP_FIXED|MAP_DENYWRITE, 3, 0) = 0x7fb5e70000
31461 munmap(0x7fb5e6a000, 24576)       = 0
31461 munmap(0x7fb5ec6000, 38056)       = 0
31461 mprotect(0x7fb5e93000, 110592, PROT_NONE) = 0
31461 mmap(0x7fb5eae000, 12288, PROT_READ|PROT_WRITE, MAP_PRIVATE|MAP_FIXED|MAP_DENYWRITE, 3, 0x2e000) = 0x7fb5eae000
31461 mmap(0x7fb5eb1000, 83112, PROT_READ|PROT_WRITE, MAP_PRIVATE|MAP_FIXED|MAP_ANONYMOUS, -1, 0) = 0x7fb5eb1000
31461 close(3)                          = 0
31461 openat(AT_FDCWD, "/lib/aarch64-linux-gnu/libboost_log.so.1.74.0", O_RDONLY|O_CLOEXEC) = 3
31461 read(3, "\177ELF\2\1\1\3\0\0\0\0\0\0\0\0\3\0\267\0\1\0\0\0\0\0\0\0\0\0\0\0@\0\0\0\0\0\0\0\230\2\r\0\0\0\0\0\0\0\0\0@\08\0\7\0@\0\33\0\32\0\1\0\0\0\5\0\0\0\0\0\0\0\0\0\0\0\0\0\0\0\0\0\0\0\0\0\0\0\0\0\0\0\340\2\f\0\0\0\0\0\340\2\f\0\0\0\0\0\0\0\1\0\0\0\0\0\1\0\0\0\6\0\0\0\20\242\f\0\0\0\0\0\20\242\r\0\0\0\0\0\20\242\r\0\0\0\0\0\360^\0\0\0\0\0\0\320b\0\0\0\0\0\0\0\0\1\0\0\0\0\0\2\0\0\0\6\0\0\0\240\350\f\0\0\0\0\0\240\350\r\0\0\0\0\0\240\350\r\0\0\0\0\0@\2\0\0\0\0\0\0@\2\0\0\0\0\0\0\10\0\0\0\0\0\0\0\4\0\0\0\4\0\0\0\310\1\0\0\0\0\0\0\310\1\0\0\0\0\0\0\310\1\0\0\0\0\0\0$\0\0\0\0\0\0\0$\0\0\0\0\0\0\0\4\0\0\0\0\0\0\0P\345td\4\0\0\0000_\n\0\0\0\0\0000_\n\0\0\0\0\0000_\n\0\0\0\0\0\0040\0\0\0\0\0\0\0040\0\0\0\0\0\0\4\0\0\0\0\0\0\0Q\345td\6\0\0\0\0\0\0\0\0\0\0\0\0\0\0\0\0\0\0\0\0\0\0\0\0\0\0\0\0\0\0\0\0\0\0\0\0\0\0\0\0\0\0\0\20\0\0\0\0\0\0\0R\345td\4\0\0\0\20\242\f\0\0\0\0\0\20\242\r\0\0\0\0\0\20\242\r\0\0\0\0\0\360]\0\0\0\0\0\0\360]\0\0\0\0\0\0\1\0\0\0\0\0\0\0\4\0\0\0\24\0\0\0\3\0\0\0GNU\0\2%\305C\32\235)\300\10\253\316j\312\270\324\277\10\200\10\204\0\0\0\0\t\2\0\0i\1\0\0\200\0\0\0\r\0\0\0\n\214\25\0\320\0\342` \20\2\0\10@\3\4 \26\10\20\304\10\10 \t\201\0a\0\1@`\0\200\0\0\0\3\200`\2\314\300\0!\4\240\10H\200\220\0 8!\2`\20\10\4\0\302$\0200J\10aM\2\24@\10\24\22@!$U\4\0\30  L#\205\10\0\247\201D\350\1\1\201\0\200\340\0\210 0\2\0\300\4\0\0\0\f\332\220\20\4J\n\214\4\20 \0\5\4@A\2\0\4\30 \0@\0\20\210\20A\2\0@\20\4\10@  \10\10\0\30\20\341\210\\\"\300\0\200\2\20\207\0\300\10\225\242\226\1\0\20 \32\10\0\0H\360\202\20\200@\200\2\200\r\2\300\22\1\1X\21\0\2@$\220\216\0\4\4\24\0\"\6\f1\0\fA\f\20\240\210Q\0\0\0\0\200\4\0\0A\1\0\230\202\10 !\304p\0000\226J\5\330\10\301\0D\0'\300\10\320\201*%\0h\10\205\240P\20\7\4\200I\0\20\4\t\5\300\2\0\2A\301P2\0 \n(\210\200\244\0\t\1\221V\21\200\0\342B\326 b\6\0\10\0\0\240D\0\204\1\210A)\n\0\20\0A\0\0\0\1\22@", 832) = 832
31461 newfstatat(3, "", {st_dev=makedev(0xb3, 0x2), st_ino=147, st_mode=S_IFREG|0644, st_nlink=1, st_uid=0, st_gid=0, st_blksize=4096, st_blocks=1672, st_size=854360, st_atime=1763933673 /* 2025-11-23T22:34:33+0100 */, st_atime_nsec=0, st_mtime=1684481096 /* 2023-05-19T09:24:56+0200 */, st_mtime_nsec=0, st_ctime=1763933674 /* 2025-11-23T22:34:34.303471285+0100 */, st_ctime_nsec=303471285}, AT_EMPTY_PATH) = 0
31461 mmap(NULL, 984288, PROT_NONE, MAP_PRIVATE|MAP_ANONYMOUS, -1, 0) = 0x7fb5d7f000
31461 mmap(0x7fb5d80000, 918752, PROT_READ|PROT_EXEC, MAP_PRIVATE|MAP_FIXED|MAP_DENYWRITE, 3, 0) = 0x7fb5d80000
31461 munmap(0x7fb5d7f000, 4096)        = 0
31461 munmap(0x7fb5e61000, 58592)       = 0
31461 mprotect(0x7fb5e41000, 102400, PROT_NONE) = 0
31461 mmap(0x7fb5e5a000, 28672, PROT_READ|PROT_WRITE, MAP_PRIVATE|MAP_FIXED|MAP_DENYWRITE, 3, 0xca000) = 0x7fb5e5a000
31461 close(3)                          = 0
31461 openat(AT_FDCWD, "/lib/aarch64-linux-gnu/libboost_thread.so.1.74.0", O_RDONLY|O_CLOEXEC) = 3
31461 read(3, "\177ELF\2\1\1\3\0\0\0\0\0\0\0\0\3\0\267\0\1\0\0\0\0\0\0\0\0\0\0\0@\0\0\0\0\0\0\0X\1\3\0\0\0\0\0\0\0\0\0@\08\0\7\0@\0\32\0\31\0\1\0\0\0\5\0\0\0\0\0\0\0\0\0\0\0\0\0\0\0\0\0\0\0\0\0\0\0\0\0\0\0\253\363\1\0\0\0\0\0\253\363\1\0\0\0\0\0\0\0\1\0\0\0\0\0\1\0\0\0\6\0\0\0X\351\2\0\0\0\0\0X\351\2\0\0\0\0\0X\351\2\0\0\0\0\0\320\26\0\0\0\0\0\0P\30\0\0\0\0\0\0\0\0\1\0\0\0\0\0\2\0\0\0\6\0\0\0\210\370\2\0\0\0\0\0\210\370\2\0\0\0\0\0\210\370\2\0\0\0\0\0 \2\0\0\0\0\0\0 \2\0\0\0\0\0\0\10\0\0\0\0\0\0\0\4\0\0\0\4\0\0\0\310\1\0\0\0\0\0\0\310\1\0\0\0\0\0\0\310\1\0\0\0\0\0\0$\0\0\0\0\0\0\0$\0\0\0\0\0\0\0\4\0\0\0\0\0\0\0P\345td\4\0\0\08\263\1\0\0\0\0\08\263\1\0\0\0\0\08\263\1\0\0\0\0\0\364\7\0\0\0\0\0\0\364\7\0\0\0\0\0\0\4\0\0\0\0\0\0\0Q\345td\6\0\0\0\0\0\0\0\0\0\0\0\0\0\0\0\0\0\0\0\0\0\0\0\0\0\0\0\0\0\0\0\0\0\0\0\0\0\0\0\0\0\0\0\20\0\0\0\0\0\0\0R\345td\4\0\0\0X\351\2\0\0\0\0\0X\351\2\0\0\0\0\0X\351\2\0\0\0\0\0\250\26\0\0\0\0\0\0\250\26\0\0\0\0\0\0\1\0\0\0\0\0\0\0\4\0\0\0\24\0\0\0\3\0\0\0GNU\0\375\230\f*2&\372M\216\323\201o!\202i\336\376\322:\31\0\0\0\0\203\0\0\0~\0\0\0\20\0\0\0\n\0\0\09\20\0012\201@\0\20(\0@PJD\200\fp\4`<\211 \212\300T\0\22\2\200AR\302\f\0\1\0  @\240\244\n@\t@@\250\202\0\304\220\0\2\20\2\1\32FI\20\1\0\32\20\21\2FH\22\0\22\32\202`\200 \22\220d`\0\0\0\v\n\0\0L@\20\4\301\0\10\0\26\24\1\4\4\"E\4t\230\316\10\201\345pmH\"IP\31\270\240\1\6\r@\31\2\32P@\200~\0\0\0\177\0\0\0\203\0\0\0\204\0\0\0\0\0\0\0\205\0\0\0\210\0\0\0\211\0\0\0\212\0\0\0\0\0\0\0\213\0\0\0\216\0\0\0\217\0\0\0\0\0\0\0\221\0\0\0\224\0\0\0\0\0\0\0\0\0\0\0\0\0\0\0\225\0\0\0\226\0\0\0\230\0\0\0\0\0\0\0\233\0\0\0\236\0\0\0\0\0\0\0\240\0\0\0\242\0\0\0\243\0\0\0\244\0\0\0\246\0\0\0\247\0\0\0\0\0\0\0\250\0\0\0\0\0\0\0\0\0\0\0\252\0\0\0\0\0\0\0\253\0\0\0\0\0\0\0\0\0\0\0\254\0\0\0\255\0\0\0\0\0\0\0\0\0\0\0\260\0\0\0\262\0\0\0\265\0\0\0", 832) = 832
31461 newfstatat(3, "", {st_dev=makedev(0xb3, 0x2), st_ino=6047, st_mode=S_IFREG|0644, st_nlink=1, st_uid=0, st_gid=0, st_blksize=4096, st_blocks=392, st_size=198616, st_atime=1731460707 /* 2024-11-13T02:18:27.351509495+0100 */, st_atime_nsec=351509495, st_mtime=1684481096 /* 2023-05-19T09:24:56+0200 */, st_mtime_nsec=0, st_ctime=1731460654 /* 2024-11-13T02:17:34.265215331+0100 */, st_ctime_nsec=265215331}, AT_EMPTY_PATH) = 0
31461 mmap(NULL, 8192, PROT_READ|PROT_WRITE, MAP_PRIVATE|MAP_ANONYMOUS, -1, 0) = 0x7fb7ffb000
31461 mmap(NULL, 262568, PROT_NONE, MAP_PRIVATE|MAP_ANONYMOUS, -1, 0) = 0x7fb5d3f000
31461 mmap(0x7fb5d40000, 197032, PROT_READ|PROT_EXEC, MAP_PRIVATE|MAP_FIXED|MAP_DENYWRITE, 3, 0) = 0x7fb5d40000
31461 munmap(0x7fb5d3f000, 4096)        = 0
31461 munmap(0x7fb5d71000, 57768)       = 0
31461 mprotect(0x7fb5d60000, 57344, PROT_NONE) = 0
31461 mmap(0x7fb5d6e000, 12288, PROT_READ|PROT_WRITE, MAP_PRIVATE|MAP_FIXED|MAP_DENYWRITE, 3, 0x2e000) = 0x7fb5d6e000
31461 close(3)                          = 0
31461 openat(AT_FDCWD, "/lib/aarch64-linux-gnu/libjpeg.so.62", O_RDONLY|O_CLOEXEC) = 3
31461 read(3, "\177ELF\2\1\1\0\0\0\0\0\0\0\0\0\3\0\267\0\1\0\0\0\0\0\0\0\0\0\0\0@\0\0\0\0\0\0\0@\1\6\0\0\0\0\0\0\0\0\0@\08\0\10\0@\0\33\0\32\0\1\0\0\0\5\0\0\0\0\0\0\0\0\0\0\0\0\0\0\0\0\0\0\0\0\0\0\0\0\0\0\0\370\0\5\0\0\0\0\0\370\0\5\0\0\0\0\0\0\0\1\0\0\0\0\0\1\0\0\0\6\0\0\0\374\363\5\0\0\0\0\0\374\363\6\0\0\0\0\0\374\363\6\0\0\0\0\0\f\f\0\0\0\0\0\0\24\f\0\0\0\0\0\0\0\0\1\0\0\0\0\0\2\0\0\0\6\0\0\0(\370\5\0\0\0\0\0(\370\6\0\0\0\0\0(\370\6\0\0\0\0\0 \2\0\0\0\0\0\0 \2\0\0\0\0\0\0\10\0\0\0\0\0\0\0\4\0\0\0\4\0\0\0\0\2\0\0\0\0\0\0\0\2\0\0\0\0\0\0\0\2\0\0\0\0\0\0$\0\0\0\0\0\0\0$\0\0\0\0\0\0\0\4\0\0\0\0\0\0\0\7\0\0\0\4\0\0\0\374\363\5\0\0\0\0\0\374\363\6\0\0\0\0\0\374\363\6\0\0\0\0\0\f\0\0\0\0\0\0\0\f\0\0\0\0\0\0\0\4\0\0\0\0\0\0\0P\345td\4\0\0\0\0\224\4\0\0\0\0\0\0\224\4\0\0\0\0\0\0\224\4\0\0\0\0\0|\16\0\0\0\0\0\0|\16\0\0\0\0\0\0\4\0\0\0\0\0\0\0Q\345td\6\0\0\0\0\0\0\0\0\0\0\0\0\0\0\0\0\0\0\0\0\0\0\0\0\0\0\0\0\0\0\0\0\0\0\0\0\0\0\0\0\0\0\0\20\0\0\0\0\0\0\0R\345td\4\0\0\0\374\363\5\0\0\0\0\0\374\363\6\0\0\0\0\0\374\363\6\0\0\0\0\0\4\f\0\0\0\0\0\0\4\f\0\0\0\0\0\0\1\0\0\0\0\0\0\0\4\0\0\0\24\0\0\0\3\0\0\0GNU\0\324\361\247\"u\f\6\211\201\3356\311\247\271\16\207\370\217\247\365\0\0\0\0a\0\0\0!\0\0\0\20\0\0\0\n\0\0\0\31\21\310\n\4\2\230\1\20a\220\0007\20 \1\7\341\25\211\20\1\5\200\230\f\2@\1\26M\0022\n\0`\240C\n\201\0\323\2*x\20\0@\0\34\20\23\0\10(\10\200 \0@% D\221\"c\10\0\t*\10\200\6\234\r\0\v\0002$\1\342\0B\0\1j@\1\310H \204\0\340\315\1(N\20\0\20\210\0\4\0\0104 \200\0)\0\362\301\108\0\20\200 \20\300A\3\0`\204!\0\0\0\"\0\0\0#\0\0\0&\0\0\0'\0\0\0(\0\0\0+\0\0\0,\0\0\0\0\0\0\0-\0\0\0\0\0\0\0\0\0\0\0\0\0\0\0\0\0\0\0/\0\0\0\0\0\0\0000\0\0\0004\0\0\0005\0\0\0006\0\0\08\0\0\09\0\0\0:\0\0\0;\0\0\0<\0\0\0\0\0\0\0=\0\0\0>\0\0\0?\0\0\0\0\0\0\0A\0\0\0C\0\0\0G\0\0\0J\0\0\0", 832) = 832
31461 newfstatat(3, "", {st_dev=makedev(0xb3, 0x2), st_ino=6367, st_mode=S_IFREG|0644, st_nlink=1, st_uid=0, st_gid=0, st_blksize=4096, st_blocks=776, st_size=395264, st_atime=1731460707 /* 2024-11-13T02:18:27.371509605+0100 */, st_atime_nsec=371509605, st_mtime=1675434522 /* 2023-02-03T15:28:42+0100 */, st_mtime_nsec=0, st_ctime=1731460654 /* 2024-11-13T02:17:34.614217270+0100 */, st_ctime_nsec=614217270}, AT_EMPTY_PATH) = 0
31461 mmap(NULL, 524304, PROT_NONE, MAP_PRIVATE|MAP_ANONYMOUS, -1, 0) = 0x7fb5cbf000
31461 mmap(0x7fb5cc0000, 458768, PROT_READ|PROT_EXEC, MAP_PRIVATE|MAP_FIXED|MAP_DENYWRITE, 3, 0) = 0x7fb5cc0000
31461 munmap(0x7fb5cbf000, 4096)        = 0
31461 munmap(0x7fb5d31000, 57360)       = 0
31461 mprotect(0x7fb5d11000, 122880, PROT_NONE) = 0
31461 mmap(0x7fb5d2f000, 8192, PROT_READ|PROT_WRITE, MAP_PRIVATE|MAP_FIXED|MAP_DENYWRITE, 3, 0x5f000) = 0x7fb5d2f000
31461 close(3)                          = 0
31461 openat(AT_FDCWD, "/lib/aarch64-linux-gnu/libp11-kit.so.0", O_RDONLY|O_CLOEXEC) = 3
31461 read(3, "\177ELF\2\1\1\0\0\0\0\0\0\0\0\0\3\0\267\0\1\0\0\0\0\0\0\0\0\0\0\0@\0\0\0\0\0\0\0\240\227\24\0\0\0\0\0\0\0\0\0@\08\0\10\0@\0\33\0\32\0\1\0\0\0\5\0\0\0\0\0\0\0\0\0\0\0\0\0\0\0\0\0\0\0\0\0\0\0\0\0\0\0\320a\22\0\0\0\0\0\320a\22\0\0\0\0\0\0\0\1\0\0\0\0\0\1\0\0\0\6\0\0\0\20]\23\0\0\0\0\0\20]\23\0\0\0\0\0\20]\23\0\0\0\0\0`9\1\0\0\0\0\0\330>\1\0\0\0\0\0\0\0\1\0\0\0\0\0\2\0\0\0\6\0\0\0\210\367\23\0\0\0\0\0\210\367\23\0\0\0\0\0\210\367\23\0\0\0\0\0000\2\0\0\0\0\0\0000\2\0\0\0\0\0\0\10\0\0\0\0\0\0\0\4\0\0\0\4\0\0\0\0\2\0\0\0\0\0\0\0\2\0\0\0\0\0\0\0\2\0\0\0\0\0\0$\0\0\0\0\0\0\0$\0\0\0\0\0\0\0\4\0\0\0\0\0\0\0\7\0\0\0\4\0\0\0\20]\23\0\0\0\0\0\20]\23\0\0\0\0\0\20]\23\0\0\0\0\0\0\0\0\0\0\0\0\0\20\2\0\0\0\0\0\0\20\0\0\0\0\0\0\0P\345td\4\0\0\0X\0\17\0\0\0\0\0X\0\17\0\0\0\0\0X\0\17\0\0\0\0\0\304\236\0\0\0\0\0\0\304\236\0\0\0\0\0\0\4\0\0\0\0\0\0\0Q\345td\6\0\0\0\0\0\0\0\0\0\0\0\0\0\0\0\0\0\0\0\0\0\0\0\0\0\0\0\0\0\0\0\0\0\0\0\0\0\0\0\0\0\0\0\20\0\0\0\0\0\0\0R\345td\4\0\0\0\20]\23\0\0\0\0\0\20]\23\0\0\0\0\0\20]\23\0\0\0\0\0\360\242\0\0\0\0\0\0\360\242\0\0\0\0\0\0\1\0\0\0\0\0\0\0\4\0\0\0\24\0\0\0\3\0\0\0GNU\0\203t\275\347\243H\242\311\377\370\211E\27\267\236\212\2061\350\t\0\0\0\0a\0\0\0n\0\0\0\20\0\0\0\n\0\0\0\0D0\320\10\0\3\214\203 \202\0\0\2\4R\6\1\fE\2\0\204\21 \1\1\f\0\0\0\1(\0 0\220@! \3\226\24\4@\0E $\210@ \t$ \4U\10\201 .\"A\n)\300\22\2\0\0@\0\200\f\0\10\0@\0\0004\0\24\210\0\0\0\0\0& !\f\2\200\2!\33D  \2 T\10`\0040\0\210\0\222(\0\252\t\0\0H\2EB \210\1\n\240\1n\0\0\0\0\0\0\0\0\0\0\0q\0\0\0s\0\0\0\0\0\0\0u\0\0\0\0\0\0\0\0\0\0\0w\0\0\0y\0\0\0z\0\0\0\0\0\0\0\0\0\0\0}\0\0\0\177\0\0\0\201\0\0\0\0\0\0\0\202\0\0\0\203\0\0\0\204\0\0\0\205\0\0\0\0\0\0\0\207\0\0\0\210\0\0\0\212\0\0\0\214\0\0\0\220\0\0\0\0\0\0\0\222\0\0\0\0\0\0\0\225\0\0\0\226\0\0\0\227\0\0\0", 832) = 832
31461 newfstatat(3, "", {st_dev=makedev(0xb3, 0x2), st_ino=6542, st_mode=S_IFREG|0644, st_nlink=1, st_uid=0, st_gid=0, st_blksize=4096, st_blocks=2640, st_size=1351264, st_atime=1731460673 /* 2024-11-13T02:17:53.553322398+0100 */, st_atime_nsec=553322398, st_mtime=1672076805 /* 2022-12-26T18:46:45+0100 */, st_mtime_nsec=0, st_ctime=1731460654 /* 2024-11-13T02:17:34.704217770+0100 */, st_ctime_nsec=704217770}, AT_EMPTY_PATH) = 0
31461 mmap(NULL, 1416168, PROT_NONE, MAP_PRIVATE|MAP_ANONYMOUS, -1, 0) = 0x7fb5b66000
31461 mmap(0x7fb5b70000, 1350632, PROT_READ|PROT_EXEC, MAP_PRIVATE|MAP_FIXED|MAP_DENYWRITE, 3, 0) = 0x7fb5b70000
31461 munmap(0x7fb5b66000, 40960)       = 0
31461 munmap(0x7fb5cba000, 23528)       = 0
31461 mprotect(0x7fb5c97000, 57344, PROT_NONE) = 0
31461 mmap(0x7fb5ca5000, 86016, PROT_READ|PROT_WRITE, MAP_PRIVATE|MAP_FIXED|MAP_DENYWRITE, 3, 0x135000) = 0x7fb5ca5000
31461 close(3)                          = 0
31461 openat(AT_FDCWD, "/lib/aarch64-linux-gnu/libidn2.so.0", O_RDONLY|O_CLOEXEC) = 3
31461 read(3, "\177ELF\2\1\1\0\0\0\0\0\0\0\0\0\3\0\267\0\1\0\0\0\0\0\0\0\0\0\0\0@\0\0\0\0\0\0\0\210\1\3\0\0\0\0\0\0\0\0\0@\08\0\7\0@\0\32\0\31\0\1\0\0\0\5\0\0\0\0\0\0\0\0\0\0\0\0\0\0\0\0\0\0\0\0\0\0\0\0\0\0\0\320\334\2\0\0\0\0\0\320\334\2\0\0\0\0\0\0\0\1\0\0\0\0\0\1\0\0\0\6\0\0\0\0\373\2\0\0\0\0\0\0\373\3\0\0\0\0\0\0\373\3\0\0\0\0\0X\5\0\0\0\0\0\0h\5\0\0\0\0\0\0\0\0\1\0\0\0\0\0\2\0\0\0\6\0\0\0h\373\2\0\0\0\0\0h\373\3\0\0\0\0\0h\373\3\0\0\0\0\0000\2\0\0\0\0\0\0000\2\0\0\0\0\0\0\10\0\0\0\0\0\0\0\4\0\0\0\4\0\0\0\310\1\0\0\0\0\0\0\310\1\0\0\0\0\0\0\310\1\0\0\0\0\0\0$\0\0\0\0\0\0\0$\0\0\0\0\0\0\0\4\0\0\0\0\0\0\0P\345td\4\0\0\0\30\306\2\0\0\0\0\0\30\306\2\0\0\0\0\0\30\306\2\0\0\0\0\0,\3\0\0\0\0\0\0,\3\0\0\0\0\0\0\4\0\0\0\0\0\0\0Q\345td\6\0\0\0\0\0\0\0\0\0\0\0\0\0\0\0\0\0\0\0\0\0\0\0\0\0\0\0\0\0\0\0\0\0\0\0\0\0\0\0\0\0\0\0\20\0\0\0\0\0\0\0R\345td\4\0\0\0\0\373\2\0\0\0\0\0\0\373\3\0\0\0\0\0\0\373\3\0\0\0\0\0\0\5\0\0\0\0\0\0\0\5\0\0\0\0\0\0\1\0\0\0\0\0\0\0\4\0\0\0\24\0\0\0\3\0\0\0GNU\0\270]f?\357d\224$$F\204i,\254(\370\265Y\343\332\0\0\0\0\21\0\0\0A\0\0\0\2\0\0\0\7\0\0\0:\4\340fC\200\32\2 \10\22%<\246\0HA\0\0\0\0\0\0\0B\0\0\0C\0\0\0D\0\0\0E\0\0\0F\0\0\0H\0\0\0J\0\0\0L\0\0\0M\0\0\0O\0\0\0P\0\0\0Q\0\0\0\0\0\0\0T\0\0\0V\0\0\0\213<O.\227B\36\347\313B\36\347\343r\340\22\27s\340\22\204wi\30\205\314\321\362\320H\265\362\335\267\3063\34B\265\362\241\30\255\30\355\21\255\30\264@a\200!\355\3523\325\345\376\331\231A\265\362j\377qdh\21\255\30Y\21\255\30\324\375p\20[rq\25\24\20\263\3623\17\367\221\0\0\0\0\0\0\0\0\0\0\0\0\0\0\0\0\0\0\0\0\0\0\0\0\0\0\0\0\3\0\n\0\270\31\0\0\0\0\0\0\0\0\0\0\0\0\0\0\0\0\0\0\3\0\26\0\0\0\4\0\0\0\0\0\0\0\0\0\0\0\0\0\5\1\0\0\22\0\0\0\0\0\0\0\0\0\0\0\0\0\0\0\0\0\0\0\16\3\0\0\22\0\0\0\0\0\0\0\0\0\0\0\0\0\0\0\0\0\0\0\227\1\0\0\22\0\0\0\0\0\0\0\0\0\0\0\0\0\0\0\0\0\0\0", 832) = 832
31461 newfstatat(3, "", {st_dev=makedev(0xb3, 0x2), st_ino=6344, st_mode=S_IFREG|0644, st_nlink=1, st_uid=0, st_gid=0, st_blksize=4096, st_blocks=392, st_size=198664, st_atime=1731460673 /* 2024-11-13T02:17:53.553322398+0100 */, st_atime_nsec=553322398, st_mtime=1661700422 /* 2022-08-28T17:27:02+0200 */, st_mtime_nsec=0, st_ctime=1731460654 /* 2024-11-13T02:17:34.574217048+0100 */, st_ctime_nsec=574217048}, AT_EMPTY_PATH) = 0
31461 mmap(NULL, 327784, PROT_NONE, MAP_PRIVATE|MAP_ANONYMOUS, -1, 0) = 0x7fb5b1f000
31461 mmap(0x7fb5b20000, 262248, PROT_READ|PROT_EXEC, MAP_PRIVATE|MAP_FIXED|MAP_DENYWRITE, 3, 0) = 0x7fb5b20000
31461 munmap(0x7fb5b1f000, 4096)        = 0
31461 munmap(0x7fb5b61000, 57448)       = 0
31461 mprotect(0x7fb5b4e000, 69632, PROT_NONE) = 0
31461 mmap(0x7fb5b5f000, 8192, PROT_READ|PROT_WRITE, MAP_PRIVATE|MAP_FIXED|MAP_DENYWRITE, 3, 0x2f000) = 0x7fb5b5f000
31461 close(3)                          = 0
31461 openat(AT_FDCWD, "/lib/aarch64-linux-gnu/libunistring.so.2", O_RDONLY|O_CLOEXEC) = 3
31461 read(3, "\177ELF\2\1\1\0\0\0\0\0\0\0\0\0\3\0\267\0\1\0\0\0\0\0\0\0\0\0\0\0@\0\0\0\0\0\0\0x\1\33\0\0\0\0\0\0\0\0\0@\08\0\7\0@\0\31\0\30\0\1\0\0\0\5\0\0\0\0\0\0\0\0\0\0\0\0\0\0\0\0\0\0\0\0\0\0\0\0\0\0\0\310\212\32\0\0\0\0\0\310\212\32\0\0\0\0\0\0\0\1\0\0\0\0\0\1\0\0\0\6\0\0\0p\307\32\0\0\0\0\0p\307\33\0\0\0\0\0p\307\33\0\0\0\0\0\3508\0\0\0\0\0\08A\0\0\0\0\0\0\0\0\1\0\0\0\0\0\2\0\0\0\6\0\0\0\310\360\32\0\0\0\0\0\310\360\33\0\0\0\0\0\310\360\33\0\0\0\0\0\0\2\0\0\0\0\0\0\0\2\0\0\0\0\0\0\10\0\0\0\0\0\0\0\4\0\0\0\4\0\0\0\310\1\0\0\0\0\0\0\310\1\0\0\0\0\0\0\310\1\0\0\0\0\0\0$\0\0\0\0\0\0\0$\0\0\0\0\0\0\0\4\0\0\0\0\0\0\0P\345td\4\0\0\0\344\f\32\0\0\0\0\0\344\f\32\0\0\0\0\0\344\f\32\0\0\0\0\0\204\22\0\0\0\0\0\0\204\22\0\0\0\0\0\0\4\0\0\0\0\0\0\0Q\345td\6\0\0\0\0\0\0\0\0\0\0\0\0\0\0\0\0\0\0\0\0\0\0\0\0\0\0\0\0\0\0\0\0\0\0\0\0\0\0\0\0\0\0\0\20\0\0\0\0\0\0\0R\345td\4\0\0\0p\307\32\0\0\0\0\0p\307\33\0\0\0\0\0p\307\33\0\0\0\0\0\2208\0\0\0\0\0\0\2208\0\0\0\0\0\0\1\0\0\0\0\0\0\0\4\0\0\0\24\0\0\0\3\0\0\0GNU\0v:\303Q\215\2o\202Z\356\270\200\221NA]\262\22f\273\0\0\0\0\t\2\0\0C\0\0\0@\0\0\0\f\0\0\0\354\17\2\3111@\f(\340\1L\312\20\224\2\24\340C\200\324\0\0\0\204I\200\26@\f\30@\30\"\210&P\1\10\202`\201\0$\200\310\1\0\2p\26 \0\0\f4\20\204!A\1;\204\304\200L\20\2\20@;\21\203\26^\345A\0T@\f\210\6}NJ\24\203\0\204\213\5@\0101\08D\0\200\342\2a,\fB\200K\25\301 \t\211\f\220@\0A\245\"\10Yc\212\30\0\200\200PDdI\0011+\201\"\200\10\0iB\24A\23\31\0071\5\34\303V@\242\362\240\304\5J\n\254H B\2\200\5@\4\0p\230\4X\10\340\3\"a\0062\27\235E\240\204\236\4d\2444\1C\323\242P\0\30\260\20\21\320\260\205\20\0`\1\20ha\0\202K\3/\23d\201XH\221\4\2767\316:xQBNy\320C\10\21\24`\374\204Q\2\300\321\"A\211\242\264\0\210\243\n\3434`\200\2tP\v\n\303\23\t \20\0\200\2\0   kd\202\201?\n\250H#G\240\221\f\241\2\225\202\0\1Y&\332&\224 \31\" \200\0\1@\312H\n$\200\2x\264\t@0\342S\t\201", 832) = 832
31461 newfstatat(3, "", {st_dev=makedev(0xb3, 0x2), st_ino=6725, st_mode=S_IFREG|0644, st_nlink=1, st_uid=0, st_gid=0, st_blksize=4096, st_blocks=3464, st_size=1771448, st_atime=1731460673 /* 2024-11-13T02:17:53.553322398+0100 */, st_atime_nsec=553322398, st_mtime=1664726954 /* 2022-10-02T18:09:14+0200 */, st_mtime_nsec=0, st_ctime=1731460654 /* 2024-11-13T02:17:34.852218593+0100 */, st_ctime_nsec=852218593}, AT_EMPTY_PATH) = 0
31461 mmap(NULL, 1902760, PROT_NONE, MAP_PRIVATE|MAP_ANONYMOUS, -1, 0) = 0x7fb594f000
31461 mmap(0x7fb5950000, 1837224, PROT_READ|PROT_EXEC, MAP_PRIVATE|MAP_FIXED|MAP_DENYWRITE, 3, 0) = 0x7fb5950000
31461 munmap(0x7fb594f000, 4096)        = 0
31461 munmap(0x7fb5b11000, 59560)       = 0
31461 mprotect(0x7fb5af9000, 77824, PROT_NONE) = 0
31461 mmap(0x7fb5b0c000, 20480, PROT_READ|PROT_WRITE, MAP_PRIVATE|MAP_FIXED|MAP_DENYWRITE, 3, 0x1ac000) = 0x7fb5b0c000
31461 close(3)                          = 0
31461 openat(AT_FDCWD, "/lib/aarch64-linux-gnu/libtasn1.so.6", O_RDONLY|O_CLOEXEC) = 3
31461 read(3, "\177ELF\2\1\1\0\0\0\0\0\0\0\0\0\3\0\267\0\1\0\0\0\0\0\0\0\0\0\0\0@\0\0\0\0\0\0\08\1\2\0\0\0\0\0\0\0\0\0@\08\0\7\0@\0\32\0\31\0\1\0\0\0\5\0\0\0\0\0\0\0\0\0\0\0\0\0\0\0\0\0\0\0\0\0\0\0\0\0\0\0\260\27\1\0\0\0\0\0\260\27\1\0\0\0\0\0\0\0\1\0\0\0\0\0\1\0\0\0\6\0\0\0\360\362\1\0\0\0\0\0\360\362\2\0\0\0\0\0\360\362\2\0\0\0\0\0\34\r\0\0\0\0\0\0\310\16\0\0\0\0\0\0\0\0\1\0\0\0\0\0\2\0\0\0\6\0\0\0\270\373\1\0\0\0\0\0\270\373\2\0\0\0\0\0\270\373\2\0\0\0\0\0 \2\0\0\0\0\0\0 \2\0\0\0\0\0\0\10\0\0\0\0\0\0\0\4\0\0\0\4\0\0\0\310\1\0\0\0\0\0\0\310\1\0\0\0\0\0\0\310\1\0\0\0\0\0\0$\0\0\0\0\0\0\0$\0\0\0\0\0\0\0\4\0\0\0\0\0\0\0P\345td\4\0\0\0p\373\0\0\0\0\0\0p\373\0\0\0\0\0\0p\373\0\0\0\0\0\0T\3\0\0\0\0\0\0T\3\0\0\0\0\0\0\4\0\0\0\0\0\0\0Q\345td\6\0\0\0\0\0\0\0\0\0\0\0\0\0\0\0\0\0\0\0\0\0\0\0\0\0\0\0\0\0\0\0\0\0\0\0\0\0\0\0\0\0\0\0\20\0\0\0\0\0\0\0R\345td\4\0\0\0\360\362\1\0\0\0\0\0\360\362\2\0\0\0\0\0\360\362\2\0\0\0\0\0\20\r\0\0\0\0\0\0\20\r\0\0\0\0\0\0\1\0\0\0\0\0\0\0\4\0\0\0\24\0\0\0\3\0\0\0GNU\0\253\365\216\222\344\261'|\333\32\236\225\313r*\32H\243g]\0\0\0\0%\0\0\0,\0\0\0\4\0\0\0\10\0\0\0\10\4\245|D\230\331$\201AQ\0 \0\22\f\304\201\211b\331K\212\0020\n\35!\0020@\10,\0\0\0-\0\0\0.\0\0\0/\0\0\0000\0\0\0002\0\0\0005\0\0\08\0\0\0\0\0\0\09\0\0\0:\0\0\0;\0\0\0<\0\0\0>\0\0\0\0\0\0\0\0\0\0\0?\0\0\0\0\0\0\0A\0\0\0\0\0\0\0B\0\0\0D\0\0\0F\0\0\0G\0\0\0H\0\0\0I\0\0\0J\0\0\0K\0\0\0M\0\0\0N\0\0\0O\0\0\0\0\0\0\0R\0\0\0T\0\0\0U\0\0\0\0\0\0\0V\0\0\0\207\347\321p3\322\275\303\217\351\210J\305{\246O,]\215\10\323\235(\302\210\371j\313.\233\211\2621W\326gz\207\225f\324a5\250\323\311\215H\37w\254l\355vF9e{HJ\321\213y\3536\312\306)\221dj\367OH\361H\236\302\262\312+C|q\25bE\230\234`\376\212\23p@A\34\272\262\312\247\7\34\326\227\331\4\202\241\331.\303u\2616$\221g@A/\346@\353\330\220y\361\305mW\327\253\250\227\211\33\275<\227", 832) = 832
31461 newfstatat(3, "", {st_dev=makedev(0xb3, 0x2), st_ino=4657, st_mode=S_IFREG|0644, st_nlink=1, st_uid=0, st_gid=0, st_blksize=4096, st_blocks=264, st_size=133048, st_atime=1763764334 /* 2025-11-21T23:32:14+0100 */, st_atime_nsec=0, st_mtime=1739017393 /* 2025-02-08T13:23:13+0100 */, st_mtime_nsec=0, st_ctime=1763764334 /* 2025-11-21T23:32:14.566188585+0100 */, st_ctime_nsec=566188585}, AT_EMPTY_PATH) = 0
31461 mmap(NULL, 8192, PROT_READ|PROT_WRITE, MAP_PRIVATE|MAP_ANONYMOUS, -1, 0) = 0x7fb7ff9000
31461 mmap(NULL, 262584, PROT_NONE, MAP_PRIVATE|MAP_ANONYMOUS, -1, 0) = 0x7fb590f000
31461 mmap(0x7fb5910000, 197048, PROT_READ|PROT_EXEC, MAP_PRIVATE|MAP_FIXED|MAP_DENYWRITE, 3, 0) = 0x7fb5910000
31461 munmap(0x7fb590f000, 4096)        = 0
31461 munmap(0x7fb5941000, 57784)       = 0
31461 mprotect(0x7fb5922000, 118784, PROT_NONE) = 0
31461 mmap(0x7fb593f000, 8192, PROT_READ|PROT_WRITE, MAP_PRIVATE|MAP_FIXED|MAP_DENYWRITE, 3, 0x1f000) = 0x7fb593f000
31461 close(3)                          = 0
31461 openat(AT_FDCWD, "/lib/aarch64-linux-gnu/libnettle.so.8", O_RDONLY|O_CLOEXEC) = 3
31461 read(3, "\177ELF\2\1\1\0\0\0\0\0\0\0\0\0\3\0\267\0\1\0\0\0\0\0\0\0\0\0\0\0@\0\0\0\0\0\0\0\210\1\5\0\0\0\0\0\0\0\0\0@\08\0\7\0@\0\32\0\31\0\1\0\0\0\5\0\0\0\0\0\0\0\0\0\0\0\0\0\0\0\0\0\0\0\0\0\0\0\0\0\0\0\260z\4\0\0\0\0\0\260z\4\0\0\0\0\0\0\0\1\0\0\0\0\0\1\0\0\0\6\0\0\0\370\344\4\0\0\0\0\0\370\344\5\0\0\0\0\0\370\344\5\0\0\0\0\0`\33\0\0\0\0\0\0h\33\0\0\0\0\0\0\0\0\1\0\0\0\0\0\2\0\0\0\6\0\0\0\20\365\4\0\0\0\0\0\20\365\5\0\0\0\0\0\20\365\5\0\0\0\0\0 \2\0\0\0\0\0\0 \2\0\0\0\0\0\0\10\0\0\0\0\0\0\0\4\0\0\0\4\0\0\0\310\1\0\0\0\0\0\0\310\1\0\0\0\0\0\0\310\1\0\0\0\0\0\0$\0\0\0\0\0\0\0$\0\0\0\0\0\0\0\4\0\0\0\0\0\0\0P\345td\4\0\0\0\f\35\4\0\0\0\0\0\f\35\4\0\0\0\0\0\f\35\4\0\0\0\0\0\234\20\0\0\0\0\0\0\234\20\0\0\0\0\0\0\4\0\0\0\0\0\0\0Q\345td\6\0\0\0\0\0\0\0\0\0\0\0\0\0\0\0\0\0\0\0\0\0\0\0\0\0\0\0\0\0\0\0\0\0\0\0\0\0\0\0\0\0\0\0\20\0\0\0\0\0\0\0R\345td\4\0\0\0\370\344\4\0\0\0\0\0\370\344\5\0\0\0\0\0\370\344\5\0\0\0\0\0\10\33\0\0\0\0\0\0\10\33\0\0\0\0\0\0\1\0\0\0\0\0\0\0\4\0\0\0\24\0\0\0\3\0\0\0GNU\0\313\356\253\30!\376\310\375\304\27\256\323R\362\232! \221\230.\0\0\0\0\t\2\0\0\32\0\0\0@\0\0\0\f\0\0\0\1\f\1\0\20\0\1\211\0\0\r\250\f\0\20H\16\20\21\6\205\1\200\225\20\0*\10\220\210\10\f \0\201\0P\1\t\200P\t\211\7\201@\214\240\"K!,z\30D\202\n@h\0\v\3\20\22\0\0\1\0\202\0\0\20F\5\1\0\3K\310\300!1\240\0%\0\0HX\f\341\f\0@\109H\np\0C\303 \10 \0\5\23#d\v\"F(B !(@\220\2L,\203\20\2\330\321\24\0\4\20\36\30m\312\0\304\22\20\10\0`\200\0\23\2\24\10\10i\22\251\231\200\2\31\1\272\201\20\251h@\f\2b\10H\32\205\25\"@\0\222P\244\2\244  l\240\2\4\4\22\206B)\212\220\3\210\356\4\26\16HI\1i\4!\221\204P\2\n\1\0\10\205\2@\0\4@\25\0\30\0\210\0\202\0P\220\f!\4\10\230\4\0\0\6\1$@`f\202\0H\220A\2$\"\2\10(\211\0\1\23\0\240\36\201\0\4\0\n\4\2J\0\0 \24@\320\240b\0\0T\10B\0L\362`\30JA(\310\20\0\10$Ix\0\0A\214`\31\0\v\0\16\0\0B\10*\10\30\212\3B\6\204\0", 832) = 832
31461 newfstatat(3, "", {st_dev=makedev(0xb3, 0x2), st_ino=6481, st_mode=S_IFREG|0644, st_nlink=1, st_uid=0, st_gid=0, st_blksize=4096, st_blocks=648, st_size=329736, st_atime=1731460673 /* 2024-11-13T02:17:53.554322403+0100 */, st_atime_nsec=554322403, st_mtime=1660244862 /* 2022-08-11T21:07:42+0200 */, st_mtime_nsec=0, st_ctime=1731460654 /* 2024-11-13T02:17:34.663217542+0100 */, st_ctime_nsec=663217542}, AT_EMPTY_PATH) = 0
31461 mmap(NULL, 458848, PROT_NONE, MAP_PRIVATE|MAP_ANONYMOUS, -1, 0) = 0x7fb589f000
31461 mmap(0x7fb58a0000, 393312, PROT_READ|PROT_EXEC, MAP_PRIVATE|MAP_FIXED|MAP_DENYWRITE, 3, 0) = 0x7fb58a0000
31461 munmap(0x7fb589f000, 4096)        = 0
31461 munmap(0x7fb5901000, 57440)       = 0
31461 mprotect(0x7fb58e8000, 90112, PROT_NONE) = 0
31461 mmap(0x7fb58fe000, 12288, PROT_READ|PROT_WRITE, MAP_PRIVATE|MAP_FIXED|MAP_DENYWRITE, 3, 0x4e000) = 0x7fb58fe000
31461 close(3)                          = 0
31461 openat(AT_FDCWD, "/lib/aarch64-linux-gnu/libhogweed.so.6", O_RDONLY|O_CLOEXEC) = 3
31461 read(3, "\177ELF\2\1\1\0\0\0\0\0\0\0\0\0\3\0\267\0\1\0\0\0\0\0\0\0\0\0\0\0@\0\0\0\0\0\0\08\1\5\0\0\0\0\0\0\0\0\0@\08\0\7\0@\0\32\0\31\0\1\0\0\0\5\0\0\0\0\0\0\0\0\0\0\0\0\0\0\0\0\0\0\0\0\0\0\0\0\0\0\0pf\4\0\0\0\0\0pf\4\0\0\0\0\0\0\0\1\0\0\0\0\0\1\0\0\0\6\0\0\0`\352\4\0\0\0\0\0`\352\5\0\0\0\0\0`\352\5\0\0\0\0\0\250\25\0\0\0\0\0\0\260\25\0\0\0\0\0\0\0\0\1\0\0\0\0\0\2\0\0\0\6\0\0\0\200\365\4\0\0\0\0\0\200\365\5\0\0\0\0\0\200\365\5\0\0\0\0\0@\2\0\0\0\0\0\0@\2\0\0\0\0\0\0\10\0\0\0\0\0\0\0\4\0\0\0\4\0\0\0\310\1\0\0\0\0\0\0\310\1\0\0\0\0\0\0\310\1\0\0\0\0\0\0$\0\0\0\0\0\0\0$\0\0\0\0\0\0\0\4\0\0\0\0\0\0\0P\345td\4\0\0\0\204\36\4\0\0\0\0\0\204\36\4\0\0\0\0\0\204\36\4\0\0\0\0\0\334\t\0\0\0\0\0\0\334\t\0\0\0\0\0\0\4\0\0\0\0\0\0\0Q\345td\6\0\0\0\0\0\0\0\0\0\0\0\0\0\0\0\0\0\0\0\0\0\0\0\0\0\0\0\0\0\0\0\0\0\0\0\0\0\0\0\0\0\0\0\20\0\0\0\0\0\0\0R\345td\4\0\0\0`\352\4\0\0\0\0\0`\352\5\0\0\0\0\0`\352\5\0\0\0\0\0\240\25\0\0\0\0\0\0\240\25\0\0\0\0\0\0\1\0\0\0\0\0\0\0\4\0\0\0\24\0\0\0\3\0\0\0GNU\0\330;.cosX\345\"\241\5$i^9\331i\364\242\"\0\0\0\0\7\1\0\0o\0\0\0 \0\0\0\v\0\0\0H \20\4\2100\0Ip\324\1%\0\26\20\20\23\301@*\10H\0\242\245\202\352\320\r\v\222!\1\0X\254\0N \21 AY\10\24\0\0\4\24j\202q\214\212\22\221D\244`E$\t\240\0\200p. \302b\10'(\0H\321\3\0\201\215\4\0\10\0ht\250\206\0\31\250*\7\225\31\206J\32h\0\332\0\0(\300\24\210\10\1L`\"$\0(\2(@\300\4C\305\10B\221\6\3 \20\0\0000\224\0B\0\21\0@P\10\202a\303\10@\20\22\4\0Q\2\20B C2\215 @B\370\1\r\23\00050\211\31\200\0b\30\v\201@4\24b\21\f\222$\1\204\24\0\4\240\0@\10\300+\0030\4\22\200\4\6\256\25\203\0\0\24\0 \4\1\0\221\200\240\250\0001\22\2H`:\2\1\200(\0\0\4\0\f\0053*\24\"\220A\2\2B\24@\0@\t\201@5@\0205\0,o\0\0\0\0\0\0\0p\0\0\0\0\0\0\0r\0\0\0\0\0\0\0\0\0\0\0\0\0\0\0\0\0\0\0t\0\0\0v\0\0\0y\0\0\0z\0\0\0\0\0\0\0{\0\0\0\0\0\0\0", 832) = 832
31461 newfstatat(3, "", {st_dev=makedev(0xb3, 0x2), st_ino=6322, st_mode=S_IFREG|0644, st_nlink=1, st_uid=0, st_gid=0, st_blksize=4096, st_blocks=648, st_size=329656, st_atime=1731460673 /* 2024-11-13T02:17:53.554322403+0100 */, st_atime_nsec=554322403, st_mtime=1660244862 /* 2022-08-11T21:07:42+0200 */, st_mtime_nsec=0, st_ctime=1731460654 /* 2024-11-13T02:17:34.523216765+0100 */, st_ctime_nsec=523216765}, AT_EMPTY_PATH) = 0
31461 mmap(NULL, 458768, PROT_NONE, MAP_PRIVATE|MAP_ANONYMOUS, -1, 0) = 0x7fb582f000
31461 mmap(0x7fb5830000, 393232, PROT_READ|PROT_EXEC, MAP_PRIVATE|MAP_FIXED|MAP_DENYWRITE, 3, 0) = 0x7fb5830000
31461 munmap(0x7fb582f000, 4096)        = 0
31461 munmap(0x7fb5891000, 57360)       = 0
31461 mprotect(0x7fb5877000, 94208, PROT_NONE) = 0
31461 mmap(0x7fb588e000, 12288, PROT_READ|PROT_WRITE, MAP_PRIVATE|MAP_FIXED|MAP_DENYWRITE, 3, 0x4e000) = 0x7fb588e000
31461 close(3)                          = 0
31461 openat(AT_FDCWD, "/lib/aarch64-linux-gnu/libgmp.so.10", O_RDONLY|O_CLOEXEC) = 3
31461 read(3, "\177ELF\2\1\1\0\0\0\0\0\0\0\0\0\3\0\267\0\1\0\0\0\0\0\0\0\0\0\0\0@\0\0\0\0\0\0\0\240\f\10\0\0\0\0\0\0\0\0\0@\08\0\7\0@\0\32\0\31\0\1\0\0\0\5\0\0\0\0\0\0\0\0\0\0\0\0\0\0\0\0\0\0\0\0\0\0\0\0\0\0\0pM\7\0\0\0\0\0pM\7\0\0\0\0\0\0\0\1\0\0\0\0\0\1\0\0\0\6\0\0\0p\371\7\0\0\0\0\0p\371\10\0\0\0\0\0p\371\10\0\0\0\0\0\10\22\0\0\0\0\0\0@\22\0\0\0\0\0\0\0\0\1\0\0\0\0\0\2\0\0\0\6\0\0\0\320\374\7\0\0\0\0\0\320\374\10\0\0\0\0\0\320\374\10\0\0\0\0\0\340\1\0\0\0\0\0\0\340\1\0\0\0\0\0\0\10\0\0\0\0\0\0\0\4\0\0\0\4\0\0\0\310\1\0\0\0\0\0\0\310\1\0\0\0\0\0\0\310\1\0\0\0\0\0\0$\0\0\0\0\0\0\0$\0\0\0\0\0\0\0\4\0\0\0\0\0\0\0P\345td\4\0\0\0p\257\6\0\0\0\0\0p\257\6\0\0\0\0\0p\257\6\0\0\0\0\0\254\23\0\0\0\0\0\0\254\23\0\0\0\0\0\0\4\0\0\0\0\0\0\0Q\345td\6\0\0\0\0\0\0\0\0\0\0\0\0\0\0\0\0\0\0\0\0\0\0\0\0\0\0\0\0\0\0\0\0\0\0\0\0\0\0\0\0\0\0\0\20\0\0\0\0\0\0\0R\345td\4\0\0\0p\371\7\0\0\0\0\0p\371\10\0\0\0\0\0p\371\10\0\0\0\0\0\220\6\0\0\0\0\0\0\220\6\0\0\0\0\0\0\1\0\0\0\0\0\0\0\4\0\0\0\24\0\0\0\3\0\0\0GNU\0\32/\355\2\330\25\23\262\30|$\344Z\355\0\333R\223@\f\0\0\0\0\t\2\0\0-\0\0\0@\0\0\0\f\0\0\0\224I\1\21\310\0p\5\206\1\"\1\\\0@\5`\30F\300\370\34\2B\0\220\1\201\10\0\344\n \0\20\16\4\20\10\n$\0$\1!\4\"@l+\204\22\201\3@\22\320\6\220\0302 b\2\08\20 \202\1\0@\t\n\10B@D\1\10\2\t\200\0\266\20\2\3h\"\0\21442 G\1\336\200U\214\204 \276(\310EA\202\220(N\3000\254\r\345\270m\10`\0\300\324\2642\350\371\4V\f\25\210)A\0\320\201\10@\22\3d2\2!\200@\230\226\4\240\3041AH\226\210\302\240\323\\\5H\200\4\213<\1\2\200\6\222!\0 \6PXC\20\241X\304\326t*Y\200B\20\20K3\31\230\4\0\272\200\0\6\1\t\301B$\20P\250\10\0\3\n\"\0\261\221Z$\315\2\201\222\20\1\0\21\202\200\0\1\0\f\30\0 \0\244\0@#\10\0\2`\20\23\224\201\4\221\261\26\0\21\5\200\32 \22\10\200\20\2\311\30\4\30\204\21\31\0\10\0\0\20@0\20\0\211\n\370\25\0`\3@\305fP`\t\270\200\5N\32\213!h4D\1\254\304%\313@\240\213\10\2116\3\1\4\200\201", 832) = 832
31461 newfstatat(3, "", {st_dev=makedev(0xb3, 0x2), st_ino=6244, st_mode=S_IFREG|0644, st_nlink=1, st_uid=0, st_gid=0, st_blksize=4096, st_blocks=1040, st_size=529184, st_atime=1731460673 /* 2024-11-13T02:17:53.554322403+0100 */, st_atime_nsec=554322403, st_mtime=1663872237 /* 2022-09-22T20:43:57+0200 */, st_mtime_nsec=0, st_ctime=1731460654 /* 2024-11-13T02:17:34.438216292+0100 */, st_ctime_nsec=438216292}, AT_EMPTY_PATH) = 0
31461 mmap(NULL, 658352, PROT_NONE, MAP_PRIVATE|MAP_ANONYMOUS, -1, 0) = 0x7fb578f000
31461 mmap(0x7fb5790000, 592816, PROT_READ|PROT_EXEC, MAP_PRIVATE|MAP_FIXED|MAP_DENYWRITE, 3, 0) = 0x7fb5790000
31461 munmap(0x7fb578f000, 4096)        = 0
31461 munmap(0x7fb5821000, 60336)       = 0
31461 mprotect(0x7fb5805000, 106496, PROT_NONE) = 0
31461 mmap(0x7fb581f000, 8192, PROT_READ|PROT_WRITE, MAP_PRIVATE|MAP_FIXED|MAP_DENYWRITE, 3, 0x7f000) = 0x7fb581f000
31461 close(3)                          = 0
31461 openat(AT_FDCWD, "/lib/aarch64-linux-gnu/libnuma.so.1", O_RDONLY|O_CLOEXEC) = 3
31461 read(3, "\177ELF\2\1\1\0\0\0\0\0\0\0\0\0\3\0\267\0\1\0\0\0\0\0\0\0\0\0\0\0@\0\0\0\0\0\0\0@\5\1\0\0\0\0\0\0\0\0\0@\08\0\10\0@\0\34\0\33\0\1\0\0\0\5\0\0\0\0\0\0\0\0\0\0\0\0\0\0\0\0\0\0\0\0\0\0\0\0\0\0\0\224\273\0\0\0\0\0\0\224\273\0\0\0\0\0\0\0\0\1\0\0\0\0\0\1\0\0\0\6\0\0\0\f\375\0\0\0\0\0\0\f\375\1\0\0\0\0\0\f\375\1\0\0\0\0\0\374\6\0\0\0\0\0\0\204I\0\0\0\0\0\0\0\0\1\0\0\0\0\0\2\0\0\0\6\0\0\08\375\0\0\0\0\0\08\375\1\0\0\0\0\08\375\1\0\0\0\0\0 \2\0\0\0\0\0\0 \2\0\0\0\0\0\0\10\0\0\0\0\0\0\0\4\0\0\0\4\0\0\0\0\2\0\0\0\0\0\0\0\2\0\0\0\0\0\0\0\2\0\0\0\0\0\0$\0\0\0\0\0\0\0$\0\0\0\0\0\0\0\4\0\0\0\0\0\0\0\7\0\0\0\4\0\0\0\f\375\0\0\0\0\0\0\f\375\1\0\0\0\0\0\f\375\1\0\0\0\0\0\4\0\0\0\0\0\0\0\10\0\0\0\0\0\0\0\4\0\0\0\0\0\0\0P\345td\4\0\0\0\300\237\0\0\0\0\0\0\300\237\0\0\0\0\0\0\300\237\0\0\0\0\0\0\364\3\0\0\0\0\0\0\364\3\0\0\0\0\0\0\4\0\0\0\0\0\0\0Q\345td\6\0\0\0\0\0\0\0\0\0\0\0\0\0\0\0\0\0\0\0\0\0\0\0\0\0\0\0\0\0\0\0\0\0\0\0\0\0\0\0\0\0\0\0\20\0\0\0\0\0\0\0R\345td\4\0\0\0\f\375\0\0\0\0\0\0\f\375\1\0\0\0\0\0\f\375\1\0\0\0\0\0\364\2\0\0\0\0\0\0\364\2\0\0\0\0\0\0\1\0\0\0\0\0\0\0\4\0\0\0\24\0\0\0\3\0\0\0GNU\0\260\27\342C\260\263\351\23|\304&]Q80Q\314\342C\215\0\0\0\0a\0\0\0G\0\0\0\20\0\0\0\n\0\0\0\0D\0\4\20#\204@\0\1\0\0\20\1 \0\0\1\301\201 \0\n\210\v0B\200\245\0\0\204\0\240\4\362\0070$ @\0\26\22@\310pB\207\22\0\334\0\0T@\4\220\0\0@\26\20\2\1\25H\10\7\10@\20\0\0\2@\200\1\2440```!\0\0@\240T\10\20@\0\24\0\0\0`\20\0\0\0\200\0\2\0\0\200\10\300\3@\202@\230\4\201\20\0000\20$\0\0\236\204\220 \0\0\0\0G\0\0\0\0\0\0\0I\0\0\0J\0\0\0K\0\0\0\0\0\0\0\0\0\0\0\0\0\0\0L\0\0\0\0\0\0\0M\0\0\0N\0\0\0\0\0\0\0O\0\0\0R\0\0\0S\0\0\0\0\0\0\0\0\0\0\0T\0\0\0\0\0\0\0\0\0\0\0U\0\0\0\0\0\0\0V\0\0\0Y\0\0\0Z\0\0\0\0\0\0\0\\\0\0\0]\0\0\0\0\0\0\0\0\0\0\0_\0\0\0`\0\0\0", 832) = 832
31461 newfstatat(3, "", {st_dev=makedev(0xb3, 0x2), st_ino=24023, st_mode=S_IFREG|0644, st_nlink=1, st_uid=0, st_gid=0, st_blksize=4096, st_blocks=136, st_size=68672, st_atime=1764946756 /* 2025-12-05T15:59:16+0100 */, st_atime_nsec=0, st_mtime=1743761181 /* 2025-04-04T12:06:21+0200 */, st_mtime_nsec=0, st_ctime=1764946784 /* 2025-12-05T15:59:44.231629795+0100 */, st_ctime_nsec=231629795}, AT_EMPTY_PATH) = 0
31461 mmap(NULL, 214672, PROT_NONE, MAP_PRIVATE|MAP_ANONYMOUS, -1, 0) = 0x7fb575b000
31461 mmap(0x7fb5760000, 149136, PROT_READ|PROT_EXEC, MAP_PRIVATE|MAP_FIXED|MAP_DENYWRITE, 3, 0) = 0x7fb5760000
31461 munmap(0x7fb575b000, 20480)       = 0
31461 munmap(0x7fb5785000, 42640)       = 0
31461 mprotect(0x7fb576c000, 77824, PROT_NONE) = 0
31461 mmap(0x7fb577f000, 8192, PROT_READ|PROT_WRITE, MAP_PRIVATE|MAP_FIXED|MAP_DENYWRITE, 3, 0xf000) = 0x7fb577f000
31461 mmap(0x7fb5781000, 13968, PROT_READ|PROT_WRITE, MAP_PRIVATE|MAP_FIXED|MAP_ANONYMOUS, -1, 0) = 0x7fb5781000
31461 close(3)                          = 0
31461 openat(AT_FDCWD, "/lib/aarch64-linux-gnu/liblttng-ust-common.so.1", O_RDONLY|O_CLOEXEC) = 3
31461 read(3, "\177ELF\2\1\1\0\0\0\0\0\0\0\0\0\3\0\267\0\1\0\0\0\0\0\0\0\0\0\0\0@\0\0\0\0\0\0\0\330\7\1\0\0\0\0\0\0\0\0\0@\08\0\10\0@\0\32\0\31\0\1\0\0\0\5\0\0\0\0\0\0\0\0\0\0\0\0\0\0\0\0\0\0\0\0\0\0\0\0\0\0\0\\\352\0\0\0\0\0\0\\\352\0\0\0\0\0\0\0\0\1\0\0\0\0\0\1\0\0\0\6\0\0\0000\371\0\0\0\0\0\0000\371\1\0\0\0\0\0000\371\1\0\0\0\0\0\200\r\0\0\0\0\0\0\220\17\0\0\0\0\0\0\0\0\1\0\0\0\0\0\2\0\0\0\6\0\0\0\0\373\0\0\0\0\0\0\0\373\1\0\0\0\0\0\0\373\1\0\0\0\0\0\0\2\0\0\0\0\0\0\0\2\0\0\0\0\0\0\10\0\0\0\0\0\0\0\4\0\0\0\4\0\0\0\0\2\0\0\0\0\0\0\0\2\0\0\0\0\0\0\0\2\0\0\0\0\0\0$\0\0\0\0\0\0\0$\0\0\0\0\0\0\0\4\0\0\0\0\0\0\0\7\0\0\0\4\0\0\0000\371\0\0\0\0\0\0000\371\1\0\0\0\0\0000\371\1\0\0\0\0\0\0\0\0\0\0\0\0\0\30\0\0\0\0\0\0\0\10\0\0\0\0\0\0\0P\345td\4\0\0\0\234\315\0\0\0\0\0\0\234\315\0\0\0\0\0\0\234\315\0\0\0\0\0\0\f\4\0\0\0\0\0\0\f\4\0\0\0\0\0\0\4\0\0\0\0\0\0\0Q\345td\6\0\0\0\0\0\0\0\0\0\0\0\0\0\0\0\0\0\0\0\0\0\0\0\0\0\0\0\0\0\0\0\0\0\0\0\0\0\0\0\0\0\0\0\20\0\0\0\0\0\0\0R\345td\4\0\0\0000\371\0\0\0\0\0\0000\371\1\0\0\0\0\0000\371\1\0\0\0\0\0\320\6\0\0\0\0\0\0\320\6\0\0\0\0\0\0\1\0\0\0\0\0\0\0\4\0\0\0\24\0\0\0\3\0\0\0GNU\0\361V\355\2608\321\5\331\377\307Tq\343wvo\367 {\202\0\0\0\0%\0\0\0L\0\0\0\4\0\0\0\10\0\0\0\344\22\7Ap%R\20\306\10\4@\202\0\0\6\2008\0\n\244\340\30B\2\260 \0\204\fP\266L\0\0\0\0\0\0\0N\0\0\0O\0\0\0\0\0\0\0Q\0\0\0S\0\0\0\0\0\0\0T\0\0\0U\0\0\0V\0\0\0W\0\0\0\0\0\0\0X\0\0\0Y\0\0\0\0\0\0\0Z\0\0\0[\0\0\0\0\0\0\0_\0\0\0b\0\0\0e\0\0\0f\0\0\0g\0\0\0\0\0\0\0\0\0\0\0h\0\0\0i\0\0\0m\0\0\0n\0\0\0\0\0\0\0o\0\0\0\0\0\0\0p\0\0\0q\0\0\0s\0\0\0t\0\0\0R\2\26\200gG>\7+\246\341\376\300\374\177\315\37569\367\20\302p\"\243\376\274PK\272\33j\371\364\325\334)L\354k\343\272EH\215\33\365C\245\256k\v1\344\"\1\325\214%?\256\rW\232\254\371\t3\246\313XJy\6\337\347\352\3776\303,\255\230\5", 832) = 832
31461 newfstatat(3, "", {st_dev=makedev(0xb3, 0x2), st_ino=6407, st_mode=S_IFREG|0644, st_nlink=1, st_uid=0, st_gid=0, st_blksize=4096, st_blocks=136, st_size=69208, st_atime=1731460707 /* 2024-11-13T02:18:27.374509622+0100 */, st_atime_nsec=374509622, st_mtime=1665499204 /* 2022-10-11T16:40:04+0200 */, st_mtime_nsec=0, st_ctime=1731460654 /* 2024-11-13T02:17:34.630217359+0100 */, st_ctime_nsec=630217359}, AT_EMPTY_PATH) = 0
31461 mmap(NULL, 8192, PROT_READ|PROT_WRITE, MAP_PRIVATE|MAP_ANONYMOUS, -1, 0) = 0x7fb7ff7000
31461 mmap(NULL, 198848, PROT_NONE, MAP_PRIVATE|MAP_ANONYMOUS, -1, 0) = 0x7fb572f000
31461 mmap(0x7fb5730000, 133312, PROT_READ|PROT_EXEC, MAP_PRIVATE|MAP_FIXED|MAP_DENYWRITE, 3, 0) = 0x7fb5730000
31461 munmap(0x7fb572f000, 4096)        = 0
31461 munmap(0x7fb5751000, 59584)       = 0
31461 mprotect(0x7fb573f000, 65536, PROT_NONE) = 0
31461 mmap(0x7fb574f000, 8192, PROT_READ|PROT_WRITE, MAP_PRIVATE|MAP_FIXED|MAP_DENYWRITE, 3, 0xf000) = 0x7fb574f000
31461 close(3)                          = 0
31461 openat(AT_FDCWD, "/lib/aarch64-linux-gnu/liblttng-ust-tracepoint.so.1", O_RDONLY|O_CLOEXEC) = 3
31461 read(3, "\177ELF\2\1\1\0\0\0\0\0\0\0\0\0\3\0\267\0\1\0\0\0\0\0\0\0\0\0\0\0@\0\0\0\0\0\0\0 \10\1\0\0\0\0\0\0\0\0\0@\08\0\7\0@\0\32\0\31\0\1\0\0\0\5\0\0\0\0\0\0\0\0\0\0\0\0\0\0\0\0\0\0\0\0\0\0\0\0\0\0\0\224\351\0\0\0\0\0\0\224\351\0\0\0\0\0\0\0\0\1\0\0\0\0\0\1\0\0\0\6\0\0\0\360\371\0\0\0\0\0\0\360\371\1\0\0\0\0\0\360\371\1\0\0\0\0\0\260\f\0\0\0\0\0\0\300\r\1\0\0\0\0\0\0\0\1\0\0\0\0\0\2\0\0\0\6\0\0\0\270\373\0\0\0\0\0\0\270\373\1\0\0\0\0\0\270\373\1\0\0\0\0\0\20\2\0\0\0\0\0\0\20\2\0\0\0\0\0\0\10\0\0\0\0\0\0\0\4\0\0\0\4\0\0\0\310\1\0\0\0\0\0\0\310\1\0\0\0\0\0\0\310\1\0\0\0\0\0\0$\0\0\0\0\0\0\0$\0\0\0\0\0\0\0\4\0\0\0\0\0\0\0P\345td\4\0\0\0\314\317\0\0\0\0\0\0\314\317\0\0\0\0\0\0\314\317\0\0\0\0\0\0t\3\0\0\0\0\0\0t\3\0\0\0\0\0\0\4\0\0\0\0\0\0\0Q\345td\6\0\0\0\0\0\0\0\0\0\0\0\0\0\0\0\0\0\0\0\0\0\0\0\0\0\0\0\0\0\0\0\0\0\0\0\0\0\0\0\0\0\0\0\20\0\0\0\0\0\0\0R\345td\4\0\0\0\360\371\0\0\0\0\0\0\360\371\1\0\0\0\0\0\360\371\1\0\0\0\0\0\20\6\0\0\0\0\0\0\20\6\0\0\0\0\0\0\1\0\0\0\0\0\0\0\4\0\0\0\24\0\0\0\3\0\0\0GNU\0{\201O4i\353\33:^\265cb^\217\326\224\22XR|\0\0\0\0\3\0\0\0B\0\0\0\2\0\0\0\7\0\0\0 \224\201\t\20\234\4j\1\201\220\1\20`\0\201B\0\0\0H\0\0\0L\0\0\0*\354M\357~\362E\245\220\rH):\345\201\377\204\353C\245\263\34\26c*\6\210\247\254\376Yt@w\247\255o\352C\n\330G\247\177\256\307W3\354K'\365x\204\35-%\37G\10\0\0\0\0\0\0\0\0\0\0\0\0\0\0\0\0\0\0\0\0\0\0\0\0\0\0\0\0\3\0\t\0\10\37\0\0\0\0\0\0\0\0\0\0\0\0\0\0\0\0\0\0\3\0\25\0\0\0\2\0\0\0\0\0\0\0\0\0\0\0\0\0\261\0\0\0\22\0\0\0\0\0\0\0\0\0\0\0\0\0\0\0\0\0\0\0\306\4\0\0\22\0\0\0\0\0\0\0\0\0\0\0\0\0\0\0\0\0\0\0\214\4\0\0\22\0\0\0\0\0\0\0\0\0\0\0\0\0\0\0\0\0\0\0U\0\0\0\22\0\0\0\0\0\0\0\0\0\0\0\0\0\0\0\0\0\0\0\27\4\0\0\22\0\0\0\0\0\0\0\0\0\0\0\0\0\0\0\0\0\0\0\20\0\0\0 \0\0\0\0\0\0\0\0\0\0\0\0\0\0\0\0\0\0\0P\4\0\0\22\0\0\0\0\0\0\0\0\0\0\0", 832) = 832
31461 newfstatat(3, "", {st_dev=makedev(0xb3, 0x2), st_ino=6416, st_mode=S_IFREG|0644, st_nlink=1, st_uid=0, st_gid=0, st_blksize=4096, st_blocks=136, st_size=69280, st_atime=1731460707 /* 2024-11-13T02:18:27.374509622+0100 */, st_atime_nsec=374509622, st_mtime=1665499204 /* 2022-10-11T16:40:04+0200 */, st_mtime_nsec=0, st_ctime=1731460654 /* 2024-11-13T02:17:34.632217370+0100 */, st_ctime_nsec=632217370}, AT_EMPTY_PATH) = 0
31461 mmap(NULL, 264112, PROT_NONE, MAP_PRIVATE|MAP_ANONYMOUS, -1, 0) = 0x7fb56ef000
31461 mmap(0x7fb56f0000, 198576, PROT_READ|PROT_EXEC, MAP_PRIVATE|MAP_FIXED|MAP_DENYWRITE, 3, 0) = 0x7fb56f0000
31461 munmap(0x7fb56ef000, 4096)        = 0
31461 munmap(0x7fb5721000, 59312)       = 0
31461 mprotect(0x7fb56ff000, 65536, PROT_NONE) = 0
31461 mmap(0x7fb570f000, 8192, PROT_READ|PROT_WRITE, MAP_PRIVATE|MAP_FIXED|MAP_DENYWRITE, 3, 0xf000) = 0x7fb570f000
31461 mmap(0x7fb5711000, 63408, PROT_READ|PROT_WRITE, MAP_PRIVATE|MAP_FIXED|MAP_ANONYMOUS, -1, 0) = 0x7fb5711000
31461 close(3)                          = 0
31461 openat(AT_FDCWD, "/lib/aarch64-linux-gnu/libelf.so.1", O_RDONLY|O_CLOEXEC) = 3
31461 read(3, "\177ELF\2\1\1\0\0\0\0\0\0\0\0\0\3\0\267\0\1\0\0\0\0\0\0\0\0\0\0\0@\0\0\0\0\0\0\0\370\2\2\0\0\0\0\0\0\0\0\0@\08\0\10\0@\0\34\0\33\0\1\0\0\0\5\0\0\0\0\0\0\0\0\0\0\0\0\0\0\0\0\0\0\0\0\0\0\0\0\0\0\0\10\232\1\0\0\0\0\0\10\232\1\0\0\0\0\0\0\0\1\0\0\0\0\0\1\0\0\0\6\0\0\0\300\373\1\0\0\0\0\0\300\373\2\0\0\0\0\0\300\373\2\0\0\0\0\0\370\5\0\0\0\0\0\0\10\6\0\0\0\0\0\0\0\0\1\0\0\0\0\0\2\0\0\0\6\0\0\0\200\375\1\0\0\0\0\0\200\375\2\0\0\0\0\0\200\375\2\0\0\0\0\0000\2\0\0\0\0\0\0000\2\0\0\0\0\0\0\10\0\0\0\0\0\0\0\4\0\0\0\4\0\0\0\0\2\0\0\0\0\0\0\0\2\0\0\0\0\0\0\0\2\0\0\0\0\0\0$\0\0\0\0\0\0\0$\0\0\0\0\0\0\0\4\0\0\0\0\0\0\0\7\0\0\0\4\0\0\0\300\373\1\0\0\0\0\0\300\373\2\0\0\0\0\0\300\373\2\0\0\0\0\0\0\0\0\0\0\0\0\0\4\0\0\0\0\0\0\0\4\0\0\0\0\0\0\0P\345td\4\0\0\0 f\1\0\0\0\0\0 f\1\0\0\0\0\0 f\1\0\0\0\0\0\\\6\0\0\0\0\0\0\\\6\0\0\0\0\0\0\4\0\0\0\0\0\0\0Q\345td\6\0\0\0\0\0\0\0\0\0\0\0\0\0\0\0\0\0\0\0\0\0\0\0\0\0\0\0\0\0\0\0\0\0\0\0\0\0\0\0\0\0\0\0\20\0\0\0\0\0\0\0R\345td\4\0\0\0\300\373\1\0\0\0\0\0\300\373\2\0\0\0\0\0\300\373\2\0\0\0\0\0@\4\0\0\0\0\0\0@\4\0\0\0\0\0\0\1\0\0\0\0\0\0\0\4\0\0\0\24\0\0\0\3\0\0\0GNU\0\212Y\223&KF\203\246\376;}\177\37'\215K\220\220\331}\0\0\0\0a\0\0\0002\0\0\0\20\0\0\0\n\0\0\0C\10\2\0\20\3\10\300\24\0\10\372\207\204\0\10\0\200\201\6\0\0\0\10\200\4\0\0000 \1\240`\20\264S\r\230\30\20\22\0`!\202\210D\n\200\240\300\316\300\201\22\3\10 E\1\310\300\2\2\2\v\21\200A\24\6\n\10\0\0\0\30\202\0 \0\202\200\200\261\1 \0(\1\1T\22H\3642B\20\22\241\10B\210A\0\200\0\200A\200\10\207\4\200\0A\200P\0\1A  \0\215UH\0242\0\0\0003\0\0\0\0\0\0\0\0\0\0\0\0\0\0\0004\0\0\0006\0\0\0007\0\0\0:\0\0\0\0\0\0\0=\0\0\0\0\0\0\0>\0\0\0\0\0\0\0\0\0\0\0@\0\0\0C\0\0\0E\0\0\0F\0\0\0\0\0\0\0G\0\0\0I\0\0\0K\0\0\0\0\0\0\0L\0\0\0N\0\0\0\0\0\0\0P\0\0\0Q\0\0\0S\0\0\0U\0\0\0V\0\0\0X\0\0\0Y\0\0\0", 832) = 832
31461 newfstatat(3, "", {st_dev=makedev(0xb3, 0x2), st_ino=6143, st_mode=S_IFREG|0644, st_nlink=1, st_uid=0, st_gid=0, st_blksize=4096, st_blocks=264, st_size=133624, st_atime=1731460707 /* 2024-11-13T02:18:27.357509528+0100 */, st_atime_nsec=357509528, st_mtime=1673704490 /* 2023-01-14T14:54:50+0100 */, st_mtime_nsec=0, st_ctime=1731460654 /* 2024-11-13T02:17:34.342215759+0100 */, st_ctime_nsec=342215759}, AT_EMPTY_PATH) = 0
31461 mmap(NULL, 262600, PROT_NONE, MAP_PRIVATE|MAP_ANONYMOUS, -1, 0) = 0x7fb56af000
31461 mmap(0x7fb56b0000, 197064, PROT_READ|PROT_EXEC, MAP_PRIVATE|MAP_FIXED|MAP_DENYWRITE, 3, 0) = 0x7fb56b0000
31461 munmap(0x7fb56af000, 4096)        = 0
31461 munmap(0x7fb56e1000, 57800)       = 0
31461 mprotect(0x7fb56ca000, 86016, PROT_NONE) = 0
31461 mmap(0x7fb56df000, 8192, PROT_READ|PROT_WRITE, MAP_PRIVATE|MAP_FIXED|MAP_DENYWRITE, 3, 0x1f000) = 0x7fb56df000
31461 close(3)                          = 0
31461 openat(AT_FDCWD, "/lib/aarch64-linux-gnu/liblzma.so.5", O_RDONLY|O_CLOEXEC) = 3
31461 read(3, "\177ELF\2\1\1\0\0\0\0\0\0\0\0\0\3\0\267\0\1\0\0\0\0\0\0\0\0\0\0\0@\0\0\0\0\0\0\08\1\3\0\0\0\0\0\0\0\0\0@\08\0\7\0@\0\32\0\31\0\1\0\0\0\5\0\0\0\0\0\0\0\0\0\0\0\0\0\0\0\0\0\0\0\0\0\0\0\0\0\0\0 \243\2\0\0\0\0\0 \243\2\0\0\0\0\0\0\0\1\0\0\0\0\0\1\0\0\0\6\0\0\0\270\363\2\0\0\0\0\0\270\363\3\0\0\0\0\0\270\363\3\0\0\0\0\0P\f\0\0\0\0\0\0X\f\0\0\0\0\0\0\0\0\1\0\0\0\0\0\2\0\0\0\6\0\0\0H\372\2\0\0\0\0\0H\372\3\0\0\0\0\0H\372\3\0\0\0\0\0 \2\0\0\0\0\0\0 \2\0\0\0\0\0\0\10\0\0\0\0\0\0\0\4\0\0\0\4\0\0\0\310\1\0\0\0\0\0\0\310\1\0\0\0\0\0\0\310\1\0\0\0\0\0\0$\0\0\0\0\0\0\0$\0\0\0\0\0\0\0\4\0\0\0\0\0\0\0P\345td\4\0\0\0\20R\2\0\0\0\0\0\20R\2\0\0\0\0\0\20R\2\0\0\0\0\0\274\n\0\0\0\0\0\0\274\n\0\0\0\0\0\0\4\0\0\0\0\0\0\0Q\345td\6\0\0\0\0\0\0\0\0\0\0\0\0\0\0\0\0\0\0\0\0\0\0\0\0\0\0\0\0\0\0\0\0\0\0\0\0\0\0\0\0\0\0\0\20\0\0\0\0\0\0\0R\345td\4\0\0\0\270\363\2\0\0\0\0\0\270\363\3\0\0\0\0\0\270\363\3\0\0\0\0\0H\f\0\0\0\0\0\0H\f\0\0\0\0\0\0\1\0\0\0\0\0\0\0\4\0\0\0\24\0\0\0\3\0\0\0GNU\0\17^\241\351H\307\205L $\365 \267\240\234@\333v\260\240\0\0\0\0a\0\0\0&\0\0\0\20\0\0\0\n\0\0\0\0\1\242\2 @ \301\270 (\204@\0\21\0(\4\10\200\0\202\5\0\6\0\0\202\1\10 \0\0*\0RA\2\4\201\21\320h\261H\215B(\0\10\300\200P\0\210\204\10\202T\16\22\210\0\4A\4\0\0\0@\200\0`8T\0\300\0@\0\202\260\20`\214\20\7\243@\0\31\20E\2P\3 \0 \6\2 \0 l\24P\4\3030\340\0\310\10\0\24\4@\20\4I\0 \2\300\0G0&\0\0\0(\0\0\0\0\0\0\0\0\0\0\0)\0\0\0\0\0\0\0*\0\0\0\0\0\0\0,\0\0\0/\0\0\0001\0\0\0002\0\0\0004\0\0\0005\0\0\0007\0\0\0\0\0\0\08\0\0\0\0\0\0\0\0\0\0\09\0\0\0\0\0\0\0;\0\0\0=\0\0\0\0\0\0\0?\0\0\0\0\0\0\0@\0\0\0B\0\0\0D\0\0\0H\0\0\0K\0\0\0L\0\0\0\0\0\0\0\0\0\0\0O\0\0\0\0\0\0\0\0\0\0\0P\0\0\0\0\0\0\0T\0\0\0U\0\0\0V\0\0\0W\0\0\0\0\0\0\0Y\0\0\0\\\0\0\0]\0\0\0^\0\0\0", 832) = 832
31461 newfstatat(3, "", {st_dev=makedev(0xb3, 0x2), st_ino=3845, st_mode=S_IFREG|0644, st_nlink=1, st_uid=0, st_gid=0, st_blksize=4096, st_blocks=392, st_size=198584, st_atime=1763764326 /* 2025-11-21T23:32:06+0100 */, st_atime_nsec=0, st_mtime=1743710139 /* 2025-04-03T21:55:39+0200 */, st_mtime_nsec=0, st_ctime=1763764326 /* 2025-11-21T23:32:06.714195461+0100 */, st_ctime_nsec=714195461}, AT_EMPTY_PATH) = 0
31461 mmap(NULL, 327696, PROT_NONE, MAP_PRIVATE|MAP_ANONYMOUS, -1, 0) = 0x7fb565f000
31461 mmap(0x7fb5660000, 262160, PROT_READ|PROT_EXEC, MAP_PRIVATE|MAP_FIXED|MAP_DENYWRITE, 3, 0) = 0x7fb5660000
31461 munmap(0x7fb565f000, 4096)        = 0
31461 munmap(0x7fb56a1000, 57360)       = 0
31461 mprotect(0x7fb568b000, 81920, PROT_NONE) = 0
31461 mmap(0x7fb569f000, 8192, PROT_READ|PROT_WRITE, MAP_PRIVATE|MAP_FIXED|MAP_DENYWRITE, 3, 0x2f000) = 0x7fb569f000
31461 close(3)                          = 0
31461 openat(AT_FDCWD, "/lib/aarch64-linux-gnu/libbz2.so.1.0", O_RDONLY|O_CLOEXEC) = 3
31461 read(3, "\177ELF\2\1\1\0\0\0\0\0\0\0\0\0\3\0\267\0\1\0\0\0\0\0\0\0\0\0\0\0@\0\0\0\0\0\0\0(\r\1\0\0\0\0\0\0\0\0\0@\08\0\7\0@\0\31\0\30\0\1\0\0\0\5\0\0\0\0\0\0\0\0\0\0\0\0\0\0\0\0\0\0\0\0\0\0\0\0\0\0\0<\364\0\0\0\0\0\0<\364\0\0\0\0\0\0\0\0\1\0\0\0\0\0\1\0\0\0\6\0\0\0\240\373\0\0\0\0\0\0\240\373\1\0\0\0\0\0\240\373\1\0\0\0\0\0h\20\0\0\0\0\0\0p\20\0\0\0\0\0\0\0\0\1\0\0\0\0\0\2\0\0\0\6\0\0\0000\374\0\0\0\0\0\0000\374\1\0\0\0\0\0000\374\1\0\0\0\0\0\0\2\0\0\0\0\0\0\0\2\0\0\0\0\0\0\10\0\0\0\0\0\0\0\4\0\0\0\4\0\0\0\310\1\0\0\0\0\0\0\310\1\0\0\0\0\0\0\310\1\0\0\0\0\0\0$\0\0\0\0\0\0\0$\0\0\0\0\0\0\0\4\0\0\0\0\0\0\0P\345td\4\0\0\0\24\347\0\0\0\0\0\0\24\347\0\0\0\0\0\0\24\347\0\0\0\0\0\0\204\1\0\0\0\0\0\0\204\1\0\0\0\0\0\0\4\0\0\0\0\0\0\0Q\345td\6\0\0\0\0\0\0\0\0\0\0\0\0\0\0\0\0\0\0\0\0\0\0\0\0\0\0\0\0\0\0\0\0\0\0\0\0\0\0\0\0\0\0\0\20\0\0\0\0\0\0\0R\345td\4\0\0\0\240\373\0\0\0\0\0\0\240\373\1\0\0\0\0\0\240\373\1\0\0\0\0\0`\4\0\0\0\0\0\0`\4\0\0\0\0\0\0\1\0\0\0\0\0\0\0\4\0\0\0\24\0\0\0\3\0\0\0GNU\0\205\371\242\210\6]\301-\33\273\350.yU\243\364\5%iO\0\0\0\0\21\0\0\0\36\0\0\0\4\0\0\0\10\0\0\0\1@\200\0@\0\2\22\10\206\213\5x\6\200\4\211\276\0102\220\244\200\2\325\0\5\0T\30 `\36\0\0\0\37\0\0\0\"\0\0\0%\0\0\0'\0\0\0*\0\0\0\0\0\0\0000\0\0\0002\0\0\0004\0\0\0006\0\0\0007\0\0\09\0\0\0;\0\0\0<\0\0\0=\0\0\0@\0\0\0k\20G\327\352=\257\237P\343F\16\217\223\26a\214G\215\323zi\317\222\213\234X\327\16\200%\327\345\222t\301\246$\f\370\256j|\3449\346\354\262\26f\346\344\300&W\327H\3463\262B\323\ri<q\372K\271\355\315\302\306\342\351\224\231\335\212\300\2027#\31\377&\310\200\212\tpYO\317\273\224\3215\227\301J\2676}\201\215\375\251z\344\306]\307\202\245r\2537\337\302YZ\210\301V\246\245\26\304\322`\301e\246\2517\301lm\312\0\0\0\0\0\0\0\0\0\0\0\0\0\0\0\0\0\0\0\0\0\0\0\0\0\0\0\0\3\0\t\0000\24\0\0\0\0\0\0\0\0\0\0\0\0\0\0\0\0\0\0\3\0\25\0\0\0\2\0\0\0\0\0\0\0\0\0\0\0\0\0n\0\0\0\22\0\0\0", 832) = 832
31461 newfstatat(3, "", {st_dev=makedev(0xb3, 0x2), st_ino=6054, st_mode=S_IFREG|0644, st_nlink=1, st_uid=0, st_gid=0, st_blksize=4096, st_blocks=144, st_size=70504, st_atime=1731460670 /* 2024-11-13T02:17:50.900307684+0100 */, st_atime_nsec=900307684, st_mtime=1663545852 /* 2022-09-19T02:04:12+0200 */, st_mtime_nsec=0, st_ctime=1731460654 /* 2024-11-13T02:17:34.267215342+0100 */, st_ctime_nsec=267215342}, AT_EMPTY_PATH) = 0
31461 mmap(NULL, 199696, PROT_NONE, MAP_PRIVATE|MAP_ANONYMOUS, -1, 0) = 0x7fb562f000
31461 mmap(0x7fb5630000, 134160, PROT_READ|PROT_EXEC, MAP_PRIVATE|MAP_FIXED|MAP_DENYWRITE, 3, 0) = 0x7fb5630000
31461 munmap(0x7fb562f000, 4096)        = 0
31461 munmap(0x7fb5651000, 60432)       = 0
31461 mprotect(0x7fb5640000, 61440, PROT_NONE) = 0
31461 mmap(0x7fb564f000, 8192, PROT_READ|PROT_WRITE, MAP_PRIVATE|MAP_FIXED|MAP_DENYWRITE, 3, 0xf000) = 0x7fb564f000
31461 close(3)                          = 0
31461 openat(AT_FDCWD, "/lib/aarch64-linux-gnu/libGLdispatch.so.0", O_RDONLY|O_CLOEXEC) = 3
31461 read(3, "\177ELF\2\1\1\0\0\0\0\0\0\0\0\0\3\0\267\0\1\0\0\0\0\0\0\0\0\0\0\0@\0\0\0\0\0\0\0\370\1\30\0\0\0\0\0\0\0\0\0@\08\0\10\0@\0\34\0\33\0\1\0\0\0\5\0\0\0\0\0\0\0\0\0\0\0\0\0\0\0\0\0\0\0\0\0\0\0\0\0\0\0`]\25\0\0\0\0\0`]\25\0\0\0\0\0\0\0\1\0\0\0\0\0\1\0\0\0\6\0\0\0\330B\26\0\0\0\0\0\330B\26\0\0\0\0\0\330B\26\0\0\0\0\0\350\275\1\0\0\0\0\08@\2\0\0\0\0\0\0\0\1\0\0\0\0\0\2\0\0\0\6\0\0\0\200\375\27\0\0\0\0\0\200\375\27\0\0\0\0\0\200\375\27\0\0\0\0\0\340\1\0\0\0\0\0\0\340\1\0\0\0\0\0\0\10\0\0\0\0\0\0\0\4\0\0\0\4\0\0\0\0\2\0\0\0\0\0\0\0\2\0\0\0\0\0\0\0\2\0\0\0\0\0\0$\0\0\0\0\0\0\0$\0\0\0\0\0\0\0\4\0\0\0\0\0\0\0\7\0\0\0\4\0\0\0\330B\26\0\0\0\0\0\330B\26\0\0\0\0\0\330B\26\0\0\0\0\0\10\0\0\0\0\0\0\0\10\0\0\0\0\0\0\0\10\0\0\0\0\0\0\0P\345td\4\0\0\0\254J\25\0\0\0\0\0\254J\25\0\0\0\0\0\254J\25\0\0\0\0\0\334\3\0\0\0\0\0\0\334\3\0\0\0\0\0\0\4\0\0\0\0\0\0\0Q\345td\6\0\0\0\0\0\0\0\0\0\0\0\0\0\0\0\0\0\0\0\0\0\0\0\0\0\0\0\0\0\0\0\0\0\0\0\0\0\0\0\0\0\0\0\20\0\0\0\0\0\0\0R\345td\4\0\0\0\330B\26\0\0\0\0\0\330B\26\0\0\0\0\0\330B\26\0\0\0\0\0(\275\1\0\0\0\0\0(\275\1\0\0\0\0\0\1\0\0\0\0\0\0\0\4\0\0\0\24\0\0\0\3\0\0\0GNU\0X\244+\335[\347\267\213M@P\336W3\2114W\272\5b\0\0\0\0\21\0\0\0\33\0\0\0\2\0\0\0\7\0\0\0\0061\5\0040\26\4\t\r \10\1\200Z\20\25\33\0\0\0\35\0\0\0\0\0\0\0\37\0\0\0\0\0\0\0#\0\0\0&\0\0\0(\0\0\0\0\0\0\0\0\0\0\0)\0\0\0*\0\0\0\0\0\0\0\0\0\0\0+\0\0\0\0\0\0\0,\0\0\0\10\31,]-M\227\377\372\6\231\377\347\251\177\315\202f\235\58\22\332\231(\274\363\217Y\34dn\20\274\325/R\272\24\236C\27\r\5\244\0\355\330\353\241\351(i\374W\363\223\335\261\nAVs\274}l\232$\r\365V\352\0\0\0\0\0\0\0\0\0\0\0\0\0\0\0\0\0\0\0\0\0\0\0\0\0\0\0\0\0\0\0\0\3\0\t\0\10\4\4\0\0\0\0\0\0\0\0\0\0\0\0\0\0\0\0\0\3\0\30\0\260\0\30\0\0\0\0\0\0\0\0\0\0\0\0\0\1\0\0\0 \0\0\0\0\0\0\0\0\0\0\0\0\0\0\0\0\0\0\0v\2\0\0\21\0\0\0", 832) = 832
31461 newfstatat(3, "", {st_dev=makedev(0xb3, 0x2), st_ino=5830, st_mode=S_IFREG|0644, st_nlink=1, st_uid=0, st_gid=0, st_blksize=4096, st_blocks=3080, st_size=1575160, st_atime=1731460707 /* 2024-11-13T02:18:27.338509423+0100 */, st_atime_nsec=338509423, st_mtime=1672753705 /* 2023-01-03T14:48:25+0100 */, st_mtime_nsec=0, st_ctime=1731460653 /* 2024-11-13T02:17:33.962213647+0100 */, st_ctime_nsec=962213647}, AT_EMPTY_PATH) = 0
31461 mmap(NULL, 8192, PROT_READ|PROT_WRITE, MAP_PRIVATE|MAP_ANONYMOUS, -1, 0) = 0x7fb7ff5000
31461 mmap(NULL, 1671952, PROT_NONE, MAP_PRIVATE|MAP_ANONYMOUS, -1, 0) = 0x7fb5497000
31461 mmap(0x7fb54a0000, 1606416, PROT_READ|PROT_EXEC, MAP_PRIVATE|MAP_FIXED|MAP_DENYWRITE, 3, 0) = 0x7fb54a0000
31461 munmap(0x7fb5497000, 36864)       = 0
31461 munmap(0x7fb5629000, 25360)       = 0
31461 mprotect(0x7fb55f6000, 57344, PROT_NONE) = 0
31461 mmap(0x7fb5604000, 118784, PROT_READ|PROT_WRITE, MAP_PRIVATE|MAP_FIXED|MAP_DENYWRITE, 3, 0x164000) = 0x7fb5604000
31461 mmap(0x7fb5621000, 29456, PROT_READ|PROT_WRITE, MAP_PRIVATE|MAP_FIXED|MAP_ANONYMOUS, -1, 0) = 0x7fb5621000
31461 close(3)                          = 0
31461 openat(AT_FDCWD, "/lib/aarch64-linux-gnu/libX11.so.6", O_RDONLY|O_CLOEXEC) = 3
31461 read(3, "\177ELF\2\1\1\0\0\0\0\0\0\0\0\0\3\0\267\0\1\0\0\0\0\0\0\0\0\0\0\0@\0\0\0\0\0\0\0\260C\24\0\0\0\0\0\0\0\0\0@\08\0\7\0@\0\32\0\31\0\1\0\0\0\5\0\0\0\0\0\0\0\0\0\0\0\0\0\0\0\0\0\0\0\0\0\0\0\0\0\0\0\0\211\23\0\0\0\0\0\0\211\23\0\0\0\0\0\0\0\1\0\0\0\0\0\1\0\0\0\6\0\0\0\240\360\23\0\0\0\0\0\240\360\24\0\0\0\0\0\240\360\24\0\0\0\0\0\350Q\0\0\0\0\0\0\250X\0\0\0\0\0\0\0\0\1\0\0\0\0\0\2\0\0\0\6\0\0\0\10\373\23\0\0\0\0\0\10\373\24\0\0\0\0\0\10\373\24\0\0\0\0\0\360\1\0\0\0\0\0\0\360\1\0\0\0\0\0\0\10\0\0\0\0\0\0\0\4\0\0\0\4\0\0\0\310\1\0\0\0\0\0\0\310\1\0\0\0\0\0\0\310\1\0\0\0\0\0\0$\0\0\0\0\0\0\0$\0\0\0\0\0\0\0\4\0\0\0\0\0\0\0P\345td\4\0\0\0004\266\21\0\0\0\0\0004\266\21\0\0\0\0\0004\266\21\0\0\0\0\0l;\0\0\0\0\0\0l;\0\0\0\0\0\0\4\0\0\0\0\0\0\0Q\345td\6\0\0\0\0\0\0\0\0\0\0\0\0\0\0\0\0\0\0\0\0\0\0\0\0\0\0\0\0\0\0\0\0\0\0\0\0\0\0\0\0\0\0\0\20\0\0\0\0\0\0\0R\345td\4\0\0\0\240\360\23\0\0\0\0\0\240\360\24\0\0\0\0\0\240\360\24\0\0\0\0\0`\17\0\0\0\0\0\0`\17\0\0\0\0\0\0\1\0\0\0\0\0\0\0\4\0\0\0\24\0\0\0\3\0\0\0GNU\0\370\306\n\323\244=\302P\343\244\222pzY\372\325\241{\352&\0\0\0\0\7\4\0\0\215\0\0\0\200\0\0\0\r\0\0\0\303\30\20\0\304g\240`B\321\0\301\1@@\262\0066B\202H\301\1B\254\32\10\0D\2\0\306\2\260\254\0\t\241\31\5\240\20\310\200@$\nB\0I\204\250Q\0\0\200%\0\0\20\10\0\20\1\200\4\30\1@@@p\6\242\2212 \n\0J\21\n\2100\0\2\1\210\25%%\243\30\0\300\20H\6\32a\270X4H\4 \1\4\220&\350\10 \21\202\0\2\24\220\330\202P\08a\0102\0\5A! \0\206\t\222\0\0Q$\0\0\0\20p\201\300`\2x\2204\2\200\2\4@\0\20\0i\200\300P\10l\202(\231\16\340\340iV\22X\31FI\"\30\23\321\0<!X\"\221`E \3\2\4\310\240\4\0\234\21K\204H\302@^eQ\222\201@\365\n\fm\305i\0\201\0\205\10o\0\4\301d \201\t@$P#\10\0\22\21\24\n\37@\1\4\0\5E$\232\230\33\242P\26\25H\10d@\0 \250\30\207B\0S\200\201\30\300\203R2I.\302\213*$\v%\24H\0\4%h\02014\202\226\\\221\201 \206\3\22\322\4U\0\242\0\205`\26\210\206B\0\2d\4\2\0\0", 832) = 832
31461 newfstatat(3, "", {st_dev=makedev(0xb3, 0x2), st_ino=5885, st_mode=S_IFREG|0644, st_nlink=1, st_uid=0, st_gid=0, st_blksize=4096, st_blocks=2600, st_size=1329712, st_atime=1731460686 /* 2024-11-13T02:18:06.460393923+0100 */, st_atime_nsec=460393923, st_mtime=1696323152 /* 2023-10-03T10:52:32+0200 */, st_mtime_nsec=0, st_ctime=1731460654 /* 2024-11-13T02:17:34.176214836+0100 */, st_ctime_nsec=176214836}, AT_EMPTY_PATH) = 0
31461 mmap(NULL, 1460552, PROT_NONE, MAP_PRIVATE|MAP_ANONYMOUS, -1, 0) = 0x7fb533b000
31461 mmap(0x7fb5340000, 1395016, PROT_READ|PROT_EXEC, MAP_PRIVATE|MAP_FIXED|MAP_DENYWRITE, 3, 0) = 0x7fb5340000
31461 munmap(0x7fb533b000, 20480)       = 0
31461 munmap(0x7fb5495000, 43336)       = 0
31461 mprotect(0x7fb5479000, 90112, PROT_NONE) = 0
31461 mmap(0x7fb548f000, 24576, PROT_READ|PROT_WRITE, MAP_PRIVATE|MAP_FIXED|MAP_DENYWRITE, 3, 0x13f000) = 0x7fb548f000
31461 close(3)                          = 0
31461 openat(AT_FDCWD, "/lib/aarch64-linux-gnu/libgfortran.so.5", O_RDONLY|O_CLOEXEC) = 3
31461 read(3, "\177ELF\2\1\1\0\0\0\0\0\0\0\0\0\3\0\267\0\1\0\0\0\0\0\0\0\0\0\0\0@\0\0\0\0\0\0\0\210\23\26\0\0\0\0\0\0\0\0\0@\08\0\10\0@\0\34\0\33\0\1\0\0\0\5\0\0\0\0\0\0\0\0\0\0\0\0\0\0\0\0\0\0\0\0\0\0\0\0\0\0\0\234\220\25\0\0\0\0\0\234\220\25\0\0\0\0\0\0\0\1\0\0\0\0\0\1\0\0\0\6\0\0\0h\365\25\0\0\0\0\0h\365\26\0\0\0\0\0h\365\26\0\0\0\0\0\344\34\0\0\0\0\0\0\260\37\0\0\0\0\0\0\0\0\1\0\0\0\0\0\2\0\0\0\6\0\0\0H\375\25\0\0\0\0\0H\375\26\0\0\0\0\0H\375\26\0\0\0\0\0000\2\0\0\0\0\0\0000\2\0\0\0\0\0\0\10\0\0\0\0\0\0\0\4\0\0\0\4\0\0\0\0\2\0\0\0\0\0\0\0\2\0\0\0\0\0\0\0\2\0\0\0\0\0\0$\0\0\0\0\0\0\0$\0\0\0\0\0\0\0\4\0\0\0\0\0\0\0\7\0\0\0\4\0\0\0h\365\25\0\0\0\0\0h\365\26\0\0\0\0\0h\365\26\0\0\0\0\0\0\0\0\0\0\0\0\0\10\0\0\0\0\0\0\0\10\0\0\0\0\0\0\0P\345td\4\0\0\0 g\23\0\0\0\0\0 g\23\0\0\0\0\0 g\23\0\0\0\0\0\\;\0\0\0\0\0\0\\;\0\0\0\0\0\0\4\0\0\0\0\0\0\0Q\345td\6\0\0\0\0\0\0\0\0\0\0\0\0\0\0\0\0\0\0\0\0\0\0\0\0\0\0\0\0\0\0\0\0\0\0\0\0\0\0\0\0\0\0\0\20\0\0\0\0\0\0\0R\345td\4\0\0\0h\365\25\0\0\0\0\0h\365\26\0\0\0\0\0h\365\26\0\0\0\0\0\230\n\0\0\0\0\0\0\230\n\0\0\0\0\0\0\1\0\0\0\0\0\0\0\4\0\0\0\24\0\0\0\3\0\0\0GNU\0\25\331C\201\\\217\204\341K\20\257\354v\272\31\227c\346\34\362\0\0\0\0\7\4\0\0\363\0\0\0\200\0\0\0\r\0\0\0\10\0\20\0\211\f\361\f\10\v\21\1\330cV\200tX\31\10@B\0\4\0,B\200\303\16\0\200\341z\31\200\2@F@\0\206\0\0A\220\0T\tPE\214H\0\t\354\n@\4\0\200\0\0\260Q\30\1\20@\22O@\10\220W \326\t\226Z\5\302\221\247\200\2 Z'A\23%d\216E\2\260d\6\4\0\0\260\10\"\"y\276\\D\v\250\0\0\4\26A\310\0\0\4h\27\7\1\20\1\10B$\1\350\0\0\360\n\2\200\0 \240\4i\202\10\0\0\242\0\0\t\0 \23D\20\20\"\203\276\3\0YN\2\0\5\221\0\202\242\262\30K\1\213@\f\0\0\0\0\300\0` PP\0\0\200\4\2#\t\0\240G\0\230H\4\0014\21\\S1R9B\0p\213\21>&H \0020\350\246\22\0\0\23\1\0\200H\10\0C\334\1\0\202\10\210@\20%\0b\26\0\1`\31\260\200r\204\10\4\260\10\0\200\24 \2P", 832) = 832
31461 newfstatat(3, "", {st_dev=makedev(0xb3, 0x2), st_ino=111, st_mode=S_IFREG|0644, st_nlink=1, st_uid=0, st_gid=0, st_blksize=4096, st_blocks=2832, st_size=1448584, st_atime=1764345027 /* 2025-11-28T16:50:27+0100 */, st_atime_nsec=0, st_mtime=1744025177 /* 2025-04-07T13:26:17+0200 */, st_mtime_nsec=0, st_ctime=1764345038 /* 2025-11-28T16:50:38.013004267+0100 */, st_ctime_nsec=13004267}, AT_EMPTY_PATH) = 0
31461 mmap(NULL, 1578264, PROT_NONE, MAP_PRIVATE|MAP_ANONYMOUS, -1, 0) = 0x7fb51be000
31461 mmap(0x7fb51c0000, 1512728, PROT_READ|PROT_EXEC, MAP_PRIVATE|MAP_FIXED|MAP_DENYWRITE, 3, 0) = 0x7fb51c0000
31461 munmap(0x7fb51be000, 8192)        = 0
31461 munmap(0x7fb5332000, 54552)       = 0
31461 mprotect(0x7fb531a000, 86016, PROT_NONE) = 0
31461 mmap(0x7fb532f000, 12288, PROT_READ|PROT_WRITE, MAP_PRIVATE|MAP_FIXED|MAP_DENYWRITE, 3, 0x15f000) = 0x7fb532f000
31461 close(3)                          = 0
31461 openat(AT_FDCWD, "/lib/aarch64-linux-gnu/libboost_filesystem.so.1.74.0", O_RDONLY|O_CLOEXEC) = 3
31461 read(3, "\177ELF\2\1\1\3\0\0\0\0\0\0\0\0\3\0\267\0\1\0\0\0\0\0\0\0\0\0\0\0@\0\0\0\0\0\0\0P\1\2\0\0\0\0\0\0\0\0\0@\08\0\7\0@\0\32\0\31\0\1\0\0\0\5\0\0\0\0\0\0\0\0\0\0\0\0\0\0\0\0\0\0\0\0\0\0\0\0\0\0\0\24\263\1\0\0\0\0\0\24\263\1\0\0\0\0\0\0\0\1\0\0\0\0\0\1\0\0\0\6\0\0\0\330\364\1\0\0\0\0\0\330\364\2\0\0\0\0\0\330\364\2\0\0\0\0\0H\v\0\0\0\0\0\0\0\r\0\0\0\0\0\0\0\0\1\0\0\0\0\0\2\0\0\0\6\0\0\0\370\367\1\0\0\0\0\0\370\367\2\0\0\0\0\0\370\367\2\0\0\0\0\0 \2\0\0\0\0\0\0 \2\0\0\0\0\0\0\10\0\0\0\0\0\0\0\4\0\0\0\4\0\0\0\310\1\0\0\0\0\0\0\310\1\0\0\0\0\0\0\310\1\0\0\0\0\0\0$\0\0\0\0\0\0\0$\0\0\0\0\0\0\0\4\0\0\0\0\0\0\0P\345td\4\0\0\0\300\200\1\0\0\0\0\0\300\200\1\0\0\0\0\0\300\200\1\0\0\0\0\0\24\5\0\0\0\0\0\0\24\5\0\0\0\0\0\0\4\0\0\0\0\0\0\0Q\345td\6\0\0\0\0\0\0\0\0\0\0\0\0\0\0\0\0\0\0\0\0\0\0\0\0\0\0\0\0\0\0\0\0\0\0\0\0\0\0\0\0\0\0\0\20\0\0\0\0\0\0\0R\345td\4\0\0\0\330\364\1\0\0\0\0\0\330\364\2\0\0\0\0\0\330\364\2\0\0\0\0\0(\v\0\0\0\0\0\0(\v\0\0\0\0\0\0\1\0\0\0\0\0\0\0\4\0\0\0\24\0\0\0\3\0\0\0GNU\0\236T\331\r\265\361\245&D\213\364O\204\366\0\1\251\235p\257\0\0\0\0\203\0\0\0v\0\0\0\20\0\0\0\n\0\0\0\355@\0000\241A\0\1\10\4\20\1B\0\0\240\30\202P\10\1#\206\200@\4\246 \210\tz\300-\300x\222\242\0A@NB\320\0\242\t\0\200J\310\22d(\10\22\206 \0\t\0\222\2\t \3B\0\20\24\10&\2\0\3\4`\6@ \4\265/\10\v\210\20!T\0002\204\0\2\2\10\5R@\4A\0d\6\340M\2376\260\247Pr\234\0/BM\260\2108\236\1&\f\6\2\17\300\350v\0\0\0x\0\0\0y\0\0\0\0\0\0\0\0\0\0\0z\0\0\0}\0\0\0~\0\0\0\177\0\0\0\201\0\0\0\202\0\0\0\0\0\0\0\206\0\0\0\207\0\0\0\211\0\0\0\212\0\0\0\216\0\0\0\217\0\0\0\220\0\0\0\221\0\0\0\222\0\0\0\224\0\0\0\0\0\0\0\226\0\0\0\230\0\0\0\232\0\0\0\233\0\0\0\234\0\0\0\235\0\0\0\236\0\0\0\237\0\0\0\0\0\0\0\0\0\0\0\240\0\0\0\242\0\0\0\244\0\0\0\245\0\0\0\250\0\0\0\251\0\0\0\253\0\0\0\254\0\0\0\256\0\0\0\257\0\0\0\262\0\0\0\264\0\0\0\265\0\0\0\267\0\0\0\270\0\0\0", 832) = 832
31461 newfstatat(3, "", {st_dev=makedev(0xb3, 0x2), st_ino=6041, st_mode=S_IFREG|0644, st_nlink=1, st_uid=0, st_gid=0, st_blksize=4096, st_blocks=264, st_size=133072, st_atime=1731460707 /* 2024-11-13T02:18:27.351509495+0100 */, st_atime_nsec=351509495, st_mtime=1684481096 /* 2023-05-19T09:24:56+0200 */, st_mtime_nsec=0, st_ctime=1731460654 /* 2024-11-13T02:17:34.260215303+0100 */, st_ctime_nsec=260215303}, AT_EMPTY_PATH) = 0
31461 mmap(NULL, 262616, PROT_NONE, MAP_PRIVATE|MAP_ANONYMOUS, -1, 0) = 0x7fb517f000
31461 mmap(0x7fb5180000, 197080, PROT_READ|PROT_EXEC, MAP_PRIVATE|MAP_FIXED|MAP_DENYWRITE, 3, 0) = 0x7fb5180000
31461 munmap(0x7fb517f000, 4096)        = 0
31461 munmap(0x7fb51b1000, 57816)       = 0
31461 mprotect(0x7fb519c000, 77824, PROT_NONE) = 0
31461 mmap(0x7fb51af000, 8192, PROT_READ|PROT_WRITE, MAP_PRIVATE|MAP_FIXED|MAP_DENYWRITE, 3, 0x1f000) = 0x7fb51af000
31461 close(3)                          = 0
31461 openat(AT_FDCWD, "/lib/aarch64-linux-gnu/libffi.so.8", O_RDONLY|O_CLOEXEC) = 3
31461 read(3, "\177ELF\2\1\1\0\0\0\0\0\0\0\0\0\3\0\267\0\1\0\0\0\0\0\0\0\0\0\0\0@\0\0\0\0\0\0\0\340\2\1\0\0\0\0\0\0\0\0\0@\08\0\7\0@\0\33\0\32\0\1\0\0\0\5\0\0\0\0\0\0\0\0\0\0\0\0\0\0\0\0\0\0\0\0\0\0\0\0\0\0\0\340v\0\0\0\0\0\0\340v\0\0\0\0\0\0\0\0\1\0\0\0\0\0\1\0\0\0\6\0\0\0x\374\0\0\0\0\0\0x\374\1\0\0\0\0\0x\374\1\0\0\0\0\0004\5\0\0\0\0\0\0\320\t\0\0\0\0\0\0\0\0\1\0\0\0\0\0\2\0\0\0\6\0\0\0\250\375\0\0\0\0\0\0\250\375\1\0\0\0\0\0\250\375\1\0\0\0\0\0\0\2\0\0\0\0\0\0\0\2\0\0\0\0\0\0\10\0\0\0\0\0\0\0\4\0\0\0\4\0\0\0\310\1\0\0\0\0\0\0\310\1\0\0\0\0\0\0\310\1\0\0\0\0\0\0$\0\0\0\0\0\0\0$\0\0\0\0\0\0\0\4\0\0\0\0\0\0\0P\345td\4\0\0\0 j\0\0\0\0\0\0 j\0\0\0\0\0\0 j\0\0\0\0\0\0\f\2\0\0\0\0\0\0\f\2\0\0\0\0\0\0\4\0\0\0\0\0\0\0Q\345td\6\0\0\0\0\0\0\0\0\0\0\0\0\0\0\0\0\0\0\0\0\0\0\0\0\0\0\0\0\0\0\0\0\0\0\0\0\0\0\0\0\0\0\0\20\0\0\0\0\0\0\0R\345td\4\0\0\0x\374\0\0\0\0\0\0x\374\1\0\0\0\0\0x\374\1\0\0\0\0\0\210\3\0\0\0\0\0\0\210\3\0\0\0\0\0\0\1\0\0\0\0\0\0\0\4\0\0\0\24\0\0\0\3\0\0\0GNU\0e-\234\2336\375\322\3558*\5G\327br=p\f7\10\0\0\0\0%\0\0\0(\0\0\0\4\0\0\0\10\0\0\0\21\1B\266\0\0\354\n\241\0\302\"\206\6IV\243\20\"\220\200\24@\6dc\5P\201X`F(\0\0\0\0\0\0\0\0\0\0\0\0\0\0\0)\0\0\0+\0\0\0,\0\0\0.\0\0\0/\0\0\0001\0\0\0\0\0\0\0002\0\0\0004\0\0\0005\0\0\0006\0\0\0007\0\0\08\0\0\0=\0\0\0>\0\0\0?\0\0\0A\0\0\0B\0\0\0C\0\0\0\0\0\0\0\0\0\0\0D\0\0\0\0\0\0\0G\0\0\0J\0\0\0L\0\0\0M\0\0\0\0\0\0\0\0\0\0\0\0\0\0\0\0\0\0\0N\0\0\0Q\0\0\0\215\247P\324\36\266\257#\311\305\3654\255\21\243<\4\10Z(\253@\361\314s\251\333\353\310\371!\26\273gB\366E\252\367s\322MP^W\31\317\344\37u{\3559\31%\35\2016'\354\377^\204\355@6u\3446\32(\244p\205B]\236\7Z(\177g\264[\321\34,^\373\210;\24\302\266\257#]Q\275[\225\34\4rab\3w;\26Z\3002Qp\331\364\6\177E\35\263T\224\34\0\302>\266E\3531\341\236T~\224y\"\1", 832) = 832
31461 newfstatat(3, "", {st_dev=makedev(0xb3, 0x2), st_ino=6166, st_mode=S_IFREG|0644, st_nlink=1, st_uid=0, st_gid=0, st_blksize=4096, st_blocks=136, st_size=68000, st_atime=1731460673 /* 2024-11-13T02:17:53.554322403+0100 */, st_atime_nsec=554322403, st_mtime=1666600001 /* 2022-10-24T10:26:41+0200 */, st_mtime_nsec=0, st_ctime=1731460654 /* 2024-11-13T02:17:34.356215837+0100 */, st_ctime_nsec=356215837}, AT_EMPTY_PATH) = 0
31461 mmap(NULL, 198216, PROT_NONE, MAP_PRIVATE|MAP_ANONYMOUS, -1, 0) = 0x7fb514f000
31461 mmap(0x7fb5150000, 132680, PROT_READ|PROT_EXEC, MAP_PRIVATE|MAP_FIXED|MAP_DENYWRITE, 3, 0) = 0x7fb5150000
31461 munmap(0x7fb514f000, 4096)        = 0
31461 munmap(0x7fb5171000, 58952)       = 0
31461 mprotect(0x7fb5158000, 94208, PROT_NONE) = 0
31461 mmap(0x7fb516f000, 8192, PROT_READ|PROT_WRITE, MAP_PRIVATE|MAP_FIXED|MAP_DENYWRITE, 3, 0xf000) = 0x7fb516f000
31461 close(3)                          = 0
31461 mmap(NULL, 8192, PROT_READ|PROT_WRITE, MAP_PRIVATE|MAP_ANONYMOUS, -1, 0) = 0x7fb7ff3000
31461 openat(AT_FDCWD, "/lib/aarch64-linux-gnu/libxcb.so.1", O_RDONLY|O_CLOEXEC) = 3
31461 read(3, "\177ELF\2\1\1\0\0\0\0\0\0\0\0\0\3\0\267\0\1\0\0\0\0\0\0\0\0\0\0\0@\0\0\0\0\0\0\0\370\4\3\0\0\0\0\0\0\0\0\0@\08\0\7\0@\0\32\0\31\0\1\0\0\0\5\0\0\0\0\0\0\0\0\0\0\0\0\0\0\0\0\0\0\0\0\0\0\0\0\0\0\0\210o\2\0\0\0\0\0\210o\2\0\0\0\0\0\0\0\1\0\0\0\0\0\1\0\0\0\6\0\0\0\310\374\2\0\0\0\0\0\310\374\3\0\0\0\0\0\310\374\3\0\0\0\0\0\10\7\0\0\0\0\0\0\200\7\0\0\0\0\0\0\0\0\1\0\0\0\0\0\2\0\0\0\6\0\0\0\230\375\2\0\0\0\0\0\230\375\3\0\0\0\0\0\230\375\3\0\0\0\0\0\0\2\0\0\0\0\0\0\0\2\0\0\0\0\0\0\10\0\0\0\0\0\0\0\4\0\0\0\4\0\0\0\310\1\0\0\0\0\0\0\310\1\0\0\0\0\0\0\310\1\0\0\0\0\0\0$\0\0\0\0\0\0\0$\0\0\0\0\0\0\0\4\0\0\0\0\0\0\0P\345td\4\0\0\0\220\3\2\0\0\0\0\0\220\3\2\0\0\0\0\0\220\3\2\0\0\0\0\0\\\26\0\0\0\0\0\0\\\26\0\0\0\0\0\0\4\0\0\0\0\0\0\0Q\345td\6\0\0\0\0\0\0\0\0\0\0\0\0\0\0\0\0\0\0\0\0\0\0\0\0\0\0\0\0\0\0\0\0\0\0\0\0\0\0\0\0\0\0\0\20\0\0\0\0\0\0\0R\345td\4\0\0\0\310\374\2\0\0\0\0\0\310\374\3\0\0\0\0\0\310\374\3\0\0\0\0\08\3\0\0\0\0\0\08\3\0\0\0\0\0\0\1\0\0\0\0\0\0\0\4\0\0\0\24\0\0\0\3\0\0\0GNU\0r\234\360\344t\326\351\370{]\273\221\23\235&\317<3\0372\0\0\0\0\t\2\0\0:\0\0\0@\0\0\0\f\0\0\0@ \0245~\0004\10 \240B`@\212B4``@\224$\200\21\7Ao\203\205s5\325(\24@ \213\0202\221(v\0\205\222\f\0370)\4@\10(\20jP\f\200\1A\25(\240\0\30\21P\262\220\252\0$#\4\200\201\0\7@d\4\"\0E\203\220\316!D\250\0@\2 \0\0\0\204\0102 \0\4W\240\5\206.\202\vJZ\7\210\0\0\"\4H\"\10\205\34&\212\211@0\300@\0\240\4\262\20@\4 \22\21\260\20\16\350\0\231\254pQj\fq\2(\2\206\30A\10\ndQhV\38\16\266$h!\20 \2\22(\244\202\v\4D@ 1\210\2303\301T@\2\30\0\24!*\330\20\202\207\r\204\303P\0m\241\240\244\16%\0\1\321\0`\t\n\0\n\24\4D\1 B\240\204\5\5H\234|1Y\216\201\23#\200u1LFc$\16\220P\200\0m\0\2\303\3140\3\t\v\224 \r\301`F\108\327\0@B\010442\0\214P\261\200H\0\0\200\2\0\20\v\10\16\202( \31\4\312X\24HJ\203\0 &\30\0I\2\6@\0\0\16\\%N\27\21\276\225", 832) = 832
31461 newfstatat(3, "", {st_dev=makedev(0xb3, 0x2), st_ino=6812, st_mode=S_IFREG|0644, st_nlink=1, st_uid=0, st_gid=0, st_blksize=4096, st_blocks=392, st_size=199544, st_atime=1731460686 /* 2024-11-13T02:18:06.460393923+0100 */, st_atime_nsec=460393923, st_mtime=1659592779 /* 2022-08-04T07:59:39+0200 */, st_mtime_nsec=0, st_ctime=1731460655 /* 2024-11-13T02:17:35.042219648+0100 */, st_ctime_nsec=42219648}, AT_EMPTY_PATH) = 0
31461 mmap(NULL, 328776, PROT_NONE, MAP_PRIVATE|MAP_ANONYMOUS, -1, 0) = 0x7fb50ff000
31461 mmap(0x7fb5100000, 263240, PROT_READ|PROT_EXEC, MAP_PRIVATE|MAP_FIXED|MAP_DENYWRITE, 3, 0) = 0x7fb5100000
31461 munmap(0x7fb50ff000, 4096)        = 0
31461 munmap(0x7fb5141000, 58440)       = 0
31461 mprotect(0x7fb5127000, 98304, PROT_NONE) = 0
31461 mmap(0x7fb513f000, 8192, PROT_READ|PROT_WRITE, MAP_PRIVATE|MAP_FIXED|MAP_DENYWRITE, 3, 0x2f000) = 0x7fb513f000
31461 close(3)                          = 0
31461 openat(AT_FDCWD, "/lib/aarch64-linux-gnu/libXau.so.6", O_RDONLY|O_CLOEXEC) = 3
31461 read(3, "\177ELF\2\1\1\0\0\0\0\0\0\0\0\0\3\0\267\0\1\0\0\0 \16\0\0\0\0\0\0@\0\0\0\0\0\0\0\0202\0\0\0\0\0\0\0\0\0\0@\08\0\7\0@\0\31\0\30\0\1\0\0\0\5\0\0\0\0\0\0\0\0\0\0\0\0\0\0\0\0\0\0\0\0\0\0\0\0\0\0\0\310\37\0\0\0\0\0\0\310\37\0\0\0\0\0\0\0\0\1\0\0\0\0\0\1\0\0\0\6\0\0\0\310-\0\0\0\0\0\0\310-\1\0\0\0\0\0\310-\1\0\0\0\0\0000\3\0\0\0\0\0\0P\3\0\0\0\0\0\0\0\0\1\0\0\0\0\0\2\0\0\0\6\0\0\0\330-\0\0\0\0\0\0\330-\1\0\0\0\0\0\330-\1\0\0\0\0\0\340\1\0\0\0\0\0\0\340\1\0\0\0\0\0\0\10\0\0\0\0\0\0\0\4\0\0\0\4\0\0\0\310\1\0\0\0\0\0\0\310\1\0\0\0\0\0\0\310\1\0\0\0\0\0\0$\0\0\0\0\0\0\0$\0\0\0\0\0\0\0\4\0\0\0\0\0\0\0P\345td\4\0\0\0\350\33\0\0\0\0\0\0\350\33\0\0\0\0\0\0\350\33\0\0\0\0\0\0\214\0\0\0\0\0\0\0\214\0\0\0\0\0\0\0\4\0\0\0\0\0\0\0Q\345td\6\0\0\0\0\0\0\0\0\0\0\0\0\0\0\0\0\0\0\0\0\0\0\0\0\0\0\0\0\0\0\0\0\0\0\0\0\0\0\0\0\0\0\0\20\0\0\0\0\0\0\0R\345td\4\0\0\0\310-\0\0\0\0\0\0\310-\1\0\0\0\0\0\310-\1\0\0\0\0\08\2\0\0\0\0\0\08\2\0\0\0\0\0\0\1\0\0\0\0\0\0\0\4\0\0\0\24\0\0\0\3\0\0\0GNU\0\332\4\335$\336\361\300s\236\372\2150tv\351\377m)[n\0\0\0\0\3\0\0\0!\0\0\0\1\0\0\0\6\0\0\0\nB\23\230`\4@\4!\0\0\0\"\0\0\0%\0\0\0\321P!\225\210\332\374i\216\335\330\372\201~t}\320\267]\1\232\31\220\335\234\212j\26U\31\t\270\0\0\0\0\0\0\0\0\0\0\0\0\0\0\0\0\0\0\0\0\0\0\0\0\0\0\0\0\0\0\0\0\3\0\t\0\10\f\0\0\0\0\0\0\0\0\0\0\0\0\0\0\0\0\0\0\3\0\25\0\3600\1\0\0\0\0\0\0\0\0\0\0\0\0\0\203\0\0\0\22\0\0\0\0\0\0\0\0\0\0\0\0\0\0\0\0\0\0\0\20\0\0\0 \0\0\0\0\0\0\0\0\0\0\0\0\0\0\0\0\0\0\0 \1\0\0\22\0\0\0\0\0\0\0\0\0\0\0\0\0\0\0\0\0\0\0F\0\0\0\"\0\0\0\0\0\0\0\0\0\0\0\0\0\0\0\0\0\0\0\214\1\0\0\22\0\0\0\0\0\0\0\0\0\0\0\0\0\0\0\0\0\0\0-\1\0\0\22\0\0\0\0\0\0\0\0\0\0\0\0\0\0\0\0\0\0\0\212\0\0\0\22\0\0\0\0\0\0\0\0\0\0\0\0\0\0\0\0\0\0\0\321\0\0\0\22\0\0\0\0\0\0\0\0\0\0\0\0\0\0\0\0\0\0\0", 832) = 832
31461 newfstatat(3, "", {st_dev=makedev(0xb3, 0x2), st_ino=5889, st_mode=S_IFREG|0644, st_nlink=1, st_uid=0, st_gid=0, st_blksize=4096, st_blocks=32, st_size=14416, st_atime=1731460686 /* 2024-11-13T02:18:06.462393934+0100 */, st_atime_nsec=462393934, st_mtime=1611872708 /* 2021-01-28T23:25:08+0100 */, st_mtime_nsec=0, st_ctime=1731460654 /* 2024-11-13T02:17:34.177214842+0100 */, st_ctime_nsec=177214842}, AT_EMPTY_PATH) = 0
31461 mmap(NULL, 143640, PROT_NONE, MAP_PRIVATE|MAP_ANONYMOUS, -1, 0) = 0x7fb50dc000
31461 mmap(0x7fb50e0000, 78104, PROT_READ|PROT_EXEC, MAP_PRIVATE|MAP_FIXED|MAP_DENYWRITE, 3, 0) = 0x7fb50e0000
31461 munmap(0x7fb50dc000, 16384)       = 0
31461 munmap(0x7fb50f4000, 45336)       = 0
31461 mprotect(0x7fb50e2000, 65536, PROT_NONE) = 0
31461 mmap(0x7fb50f2000, 8192, PROT_READ|PROT_WRITE, MAP_PRIVATE|MAP_FIXED|MAP_DENYWRITE, 3, 0x2000) = 0x7fb50f2000
31461 close(3)                          = 0
31461 openat(AT_FDCWD, "/lib/aarch64-linux-gnu/libXdmcp.so.6", O_RDONLY|O_CLOEXEC) = 3
31461 read(3, "\177ELF\2\1\1\0\0\0\0\0\0\0\0\0\3\0\267\0\1\0\0\0\260\24\0\0\0\0\0\0@\0\0\0\0\0\0\0\360Q\0\0\0\0\0\0\0\0\0\0@\08\0\6\0@\0\31\0\30\0\1\0\0\0\5\0\0\0\0\0\0\0\0\0\0\0\0\0\0\0\0\0\0\0\0\0\0\0\0\0\0\0\354>\0\0\0\0\0\0\354>\0\0\0\0\0\0\0\0\1\0\0\0\0\0\1\0\0\0\6\0\0\0\250M\0\0\0\0\0\0\250M\1\0\0\0\0\0\250M\1\0\0\0\0\08\3\0\0\0\0\0\0@\3\0\0\0\0\0\0\0\0\1\0\0\0\0\0\2\0\0\0\6\0\0\0\300M\0\0\0\0\0\0\300M\1\0\0\0\0\0\300M\1\0\0\0\0\0\360\1\0\0\0\0\0\0\360\1\0\0\0\0\0\0\10\0\0\0\0\0\0\0\4\0\0\0\4\0\0\0\220\1\0\0\0\0\0\0\220\1\0\0\0\0\0\0\220\1\0\0\0\0\0\0$\0\0\0\0\0\0\0$\0\0\0\0\0\0\0\4\0\0\0\0\0\0\0Q\345td\6\0\0\0\0\0\0\0\0\0\0\0\0\0\0\0\0\0\0\0\0\0\0\0\0\0\0\0\0\0\0\0\0\0\0\0\0\0\0\0\0\0\0\0\20\0\0\0\0\0\0\0R\345td\4\0\0\0\250M\0\0\0\0\0\0\250M\1\0\0\0\0\0\250M\1\0\0\0\0\0X\2\0\0\0\0\0\0X\2\0\0\0\0\0\0\1\0\0\0\0\0\0\0\4\0\0\0\24\0\0\0\3\0\0\0GNU\0000U\271g:\25\255c6\345\361\220\243d\213x\30\361v\277\0\0\0\0%\0\0\0\24\0\0\0\10\0\0\0\t\0\0\0\1\0\201\22\214\0\200\0\0\0\200\0\10\4@\0\10@\220X\22\350\211\241\0\1\0@@$\1\0\t\0\246T\2\4\20@\10\1\3\t\f\0\200 @\0\1\10\30\242\242\r\2@\4A\310\216\200\1\24\0\0\0\25\0\0\0\27\0\0\0\31\0\0\0\32\0\0\0\35\0\0\0\37\0\0\0 \0\0\0!\0\0\0\0\0\0\0%\0\0\0&\0\0\0\0\0\0\0\0\0\0\0)\0\0\0*\0\0\0,\0\0\0/\0\0\0\0\0\0\0000\0\0\0002\0\0\0003\0\0\0\0\0\0\0\0\0\0\0004\0\0\0006\0\0\0\0\0\0\0007\0\0\08\0\0\09\0\0\0:\0\0\0;\0\0\0\0\0\0\0>\0\0\0\0\0\0\0@\0\0\0D\0\0\0\233~1\374\242!\265&\267\\\345\35\32\245-\307\35\316\377\351\301\35\226\335\202p\\\225b\267\361\376\265u\246\20\352\323\357\16\347Zgw\1\2574\350\353oh\2\34U)i\310`\254\210H\7(\374\337\3\245\311\251G\342\254\216\326\343\3124}_\220\25\303\373\30\337\315\377\351\356O\231\202Q\243(\335\"n\362\226X\357\227y\245\2676\350w\373\234\264\254oh\2\263\372R\336\337T)i\0212@u\330qX\34\241.\6\34\273\343\222|\23\243(\335\237\334\314\350\257\270\350LCE\325\354\260\310\311\315\256_}9", 832) = 832
31461 newfstatat(3, "", {st_dev=makedev(0xb3, 0x2), st_ino=5895, st_mode=S_IFREG|0644, st_nlink=1, st_uid=0, st_gid=0, st_blksize=4096, st_blocks=48, st_size=22576, st_atime=1731460686 /* 2024-11-13T02:18:06.462393934+0100 */, st_atime_nsec=462393934, st_mtime=1488464839 /* 2017-03-02T15:27:19+0100 */, st_mtime_nsec=0, st_ctime=1731460654 /* 2024-11-13T02:17:34.178214848+0100 */, st_ctime_nsec=178214848}, AT_EMPTY_PATH) = 0
31461 mmap(NULL, 151784, PROT_NONE, MAP_PRIVATE|MAP_ANONYMOUS, -1, 0) = 0x7fb50ba000
31461 mmap(0x7fb50c0000, 86248, PROT_READ|PROT_EXEC, MAP_PRIVATE|MAP_FIXED|MAP_DENYWRITE, 3, 0) = 0x7fb50c0000
31461 munmap(0x7fb50ba000, 24576)       = 0
31461 munmap(0x7fb50d6000, 37096)       = 0
31461 mprotect(0x7fb50c4000, 65536, PROT_NONE) = 0
31461 mmap(0x7fb50d4000, 8192, PROT_READ|PROT_WRITE, MAP_PRIVATE|MAP_FIXED|MAP_DENYWRITE, 3, 0x4000) = 0x7fb50d4000
31461 close(3)                          = 0
31461 openat(AT_FDCWD, "/lib/aarch64-linux-gnu/libbsd.so.0", O_RDONLY|O_CLOEXEC) = 3
31461 read(3, "\177ELF\2\1\1\0\0\0\0\0\0\0\0\0\3\0\267\0\1\0\0\0\0\0\0\0\0\0\0\0@\0\0\0\0\0\0\08\2\2\0\0\0\0\0\0\0\0\0@\08\0\7\0@\0$\0#\0\1\0\0\0\5\0\0\0\0\0\0\0\0\0\0\0\0\0\0\0\0\0\0\0\0\0\0\0\0\0\0\0\200\37\1\0\0\0\0\0\200\37\1\0\0\0\0\0\0\0\1\0\0\0\0\0\1\0\0\0\6\0\0\0\260\370\1\0\0\0\0\0\260\370\2\0\0\0\0\0\260\370\2\0\0\0\0\0x\7\0\0\0\0\0\0\250\27\0\0\0\0\0\0\0\0\1\0\0\0\0\0\2\0\0\0\6\0\0\0\300\370\1\0\0\0\0\0\300\370\2\0\0\0\0\0\300\370\2\0\0\0\0\0000\2\0\0\0\0\0\0000\2\0\0\0\0\0\0\10\0\0\0\0\0\0\0\4\0\0\0\4\0\0\0\310\1\0\0\0\0\0\0\310\1\0\0\0\0\0\0\310\1\0\0\0\0\0\0$\0\0\0\0\0\0\0$\0\0\0\0\0\0\0\4\0\0\0\0\0\0\0P\345td\4\0\0\0x\375\0\0\0\0\0\0x\375\0\0\0\0\0\0x\375\0\0\0\0\0\0\\\4\0\0\0\0\0\0\\\4\0\0\0\0\0\0\4\0\0\0\0\0\0\0Q\345td\6\0\0\0\0\0\0\0\0\0\0\0\0\0\0\0\0\0\0\0\0\0\0\0\0\0\0\0\0\0\0\0\0\0\0\0\0\0\0\0\0\0\0\0\20\0\0\0\0\0\0\0R\345td\4\0\0\0\260\370\1\0\0\0\0\0\260\370\2\0\0\0\0\0\260\370\2\0\0\0\0\0P\7\0\0\0\0\0\0P\7\0\0\0\0\0\0\1\0\0\0\0\0\0\0\4\0\0\0\24\0\0\0\3\0\0\0GNU\0\30\251\257!uYh\35\343$\372\253\232I\262\301]\260\235\314\0\0\0\0a\0\0\0\215\0\0\0\20\0\0\0\n\0\0\0\0 \20`\20P\0\5\204TaC5\n\4\20\10\0\4\0\4\0\"\0043\22\300\0\" \2\0\0\1\0\2`\201\0\0\210A\220 \24<\0\322\f\2\200\t@(\0\2\0\0\2\2\200\t\20\1\nP\tj\1\240&\0\0\1\342\301\10\2470\320\200\200\4\1  \1\2\30\0\230\10\376\257\310\31\200\5\202\211 \0B\4\1\2\220\10\0R`\200A\210\241\f\4 @\1\22\4\1\0\0\240\310\n\215\0\0\0\216\0\0\0\217\0\0\0\0\0\0\0\0\0\0\0\220\0\0\0\221\0\0\0\222\0\0\0\0\0\0\0\225\0\0\0\227\0\0\0\231\0\0\0\235\0\0\0\237\0\0\0\241\0\0\0\0\0\0\0\0\0\0\0\243\0\0\0\247\0\0\0\0\0\0\0\250\0\0\0\0\0\0\0\0\0\0\0\251\0\0\0\0\0\0\0\253\0\0\0\255\0\0\0\0\0\0\0\0\0\0\0\0\0\0\0\260\0\0\0\261\0\0\0\0\0\0\0\263\0\0\0\264\0\0\0\265\0\0\0\271\0\0\0\273\0\0\0\275\0\0\0\276\0\0\0\277\0\0\0\301\0\0\0\303\0\0\0\306\0\0\0\310\0\0\0\312\0\0\0\313\0\0\0\0\0\0\0", 832) = 832
31461 newfstatat(3, "", {st_dev=makedev(0xb3, 0x2), st_ino=6053, st_mode=S_IFREG|0644, st_nlink=1, st_uid=0, st_gid=0, st_blksize=4096, st_blocks=264, st_size=133944, st_atime=1731460686 /* 2024-11-13T02:18:06.462393934+0100 */, st_atime_nsec=462393934, st_mtime=1675016808 /* 2023-01-29T19:26:48+0100 */, st_mtime_nsec=0, st_ctime=1731460654 /* 2024-11-13T02:17:34.267215342+0100 */, st_ctime_nsec=267215342}, AT_EMPTY_PATH) = 0
31461 mmap(NULL, 266328, PROT_NONE, MAP_PRIVATE|MAP_ANONYMOUS, -1, 0) = 0x7fb507e000
31461 mmap(0x7fb5080000, 200792, PROT_READ|PROT_EXEC, MAP_PRIVATE|MAP_FIXED|MAP_DENYWRITE, 3, 0) = 0x7fb5080000
31461 munmap(0x7fb507e000, 8192)        = 0
31461 munmap(0x7fb50b2000, 53336)       = 0
31461 mprotect(0x7fb5092000, 118784, PROT_NONE) = 0
31461 mmap(0x7fb50af000, 8192, PROT_READ|PROT_WRITE, MAP_PRIVATE|MAP_FIXED|MAP_DENYWRITE, 3, 0x1f000) = 0x7fb50af000
31461 mmap(0x7fb50b1000, 88, PROT_READ|PROT_WRITE, MAP_PRIVATE|MAP_FIXED|MAP_ANONYMOUS, -1, 0) = 0x7fb50b1000
31461 close(3)                          = 0
31461 openat(AT_FDCWD, "/lib/aarch64-linux-gnu/libmd.so.0", O_RDONLY|O_CLOEXEC) = 3
31461 read(3, "\177ELF\2\1\1\0\0\0\0\0\0\0\0\0\3\0\267\0\1\0\0\0\0\0\0\0\0\0\0\0@\0\0\0\0\0\0\0\370\1\1\0\0\0\0\0\0\0\0\0@\08\0\7\0@\0\32\0\31\0\1\0\0\0\5\0\0\0\0\0\0\0\0\0\0\0\0\0\0\0\0\0\0\0\0\0\0\0\0\0\0\0|\232\0\0\0\0\0\0|\232\0\0\0\0\0\0\0\0\1\0\0\0\0\0\1\0\0\0\6\0\0\0\360\372\0\0\0\0\0\0\360\372\1\0\0\0\0\0\360\372\1\0\0\0\0\0\330\5\0\0\0\0\0\0\340\5\0\0\0\0\0\0\0\0\1\0\0\0\0\0\2\0\0\0\6\0\0\0\210\373\0\0\0\0\0\0\210\373\1\0\0\0\0\0\210\373\1\0\0\0\0\0 \2\0\0\0\0\0\0 \2\0\0\0\0\0\0\10\0\0\0\0\0\0\0\4\0\0\0\4\0\0\0\310\1\0\0\0\0\0\0\310\1\0\0\0\0\0\0\310\1\0\0\0\0\0\0$\0\0\0\0\0\0\0$\0\0\0\0\0\0\0\4\0\0\0\0\0\0\0P\345td\4\0\0\0\354\213\0\0\0\0\0\0\354\213\0\0\0\0\0\0\354\213\0\0\0\0\0\0L\2\0\0\0\0\0\0L\2\0\0\0\0\0\0\4\0\0\0\0\0\0\0Q\345td\6\0\0\0\0\0\0\0\0\0\0\0\0\0\0\0\0\0\0\0\0\0\0\0\0\0\0\0\0\0\0\0\0\0\0\0\0\0\0\0\0\0\0\0\20\0\0\0\0\0\0\0R\345td\4\0\0\0\360\372\0\0\0\0\0\0\360\372\1\0\0\0\0\0\360\372\1\0\0\0\0\0\20\5\0\0\0\0\0\0\20\5\0\0\0\0\0\0\1\0\0\0\0\0\0\0\4\0\0\0\24\0\0\0\3\0\0\0GNU\0@\375\3\225*X@\255\313\256\220\232D\33\250\206\202\3263\332\0\0\0\0C\0\0\0\22\0\0\0\10\0\0\0\t\0\0\0\n\200(l\20De @\31\254\221@\331\1\201\220\20\2\210 b \20\21HH\1@E5\20 (0\0004\10@\2B\0Q\2J\322 \210\6\20\34\0,@\2\2\241\27\222\6\202,\20D\22\0\0\0\23\0\0\0\25\0\0\0\0\0\0\0\31\0\0\0\0\0\0\0\34\0\0\0\36\0\0\0\0\0\0\0 \0\0\0\0\0\0\0\0\0\0\0!\0\0\0\0\0\0\0\0\0\0\0\0\0\0\0\"\0\0\0\0\0\0\0\0\0\0\0#\0\0\0$\0\0\0%\0\0\0&\0\0\0\0\0\0\0'\0\0\0\0\0\0\0(\0\0\0)\0\0\0+\0\0\0,\0\0\0-\0\0\0.\0\0\0/\0\0\0000\0\0\0002\0\0\0\0\0\0\0\0\0\0\0003\0\0\0\0\0\0\0005\0\0\0007\0\0\0\0\0\0\0\0\0\0\0\0\0\0\08\0\0\0:\0\0\0=\0\0\0@\0\0\0B\0\0\0E\0\0\0G\0\0\0H\0\0\0I\0\0\0J\0\0\0K\0\0\0M\0\0\0N\0\0\0O\0\0\0P\0\0\0Q\0\0\0U\0\0\0\0\0\0\0\0\0\0\0\0\0\0\0", 832) = 832
31461 newfstatat(3, "", {st_dev=makedev(0xb3, 0x2), st_ino=6437, st_mode=S_IFREG|0644, st_nlink=1, st_uid=0, st_gid=0, st_blksize=4096, st_blocks=136, st_size=67704, st_atime=1731460670 /* 2024-11-13T02:17:50.909307734+0100 */, st_atime_nsec=909307734, st_mtime=1657417415 /* 2022-07-10T03:43:35+0200 */, st_mtime_nsec=0, st_ctime=1731460654 /* 2024-11-13T02:17:34.642217426+0100 */, st_ctime_nsec=642217426}, AT_EMPTY_PATH) = 0
31461 mmap(NULL, 196816, PROT_NONE, MAP_PRIVATE|MAP_ANONYMOUS, -1, 0) = 0x7fb504f000
31461 mmap(0x7fb5050000, 131280, PROT_READ|PROT_EXEC, MAP_PRIVATE|MAP_FIXED|MAP_DENYWRITE, 3, 0) = 0x7fb5050000
31461 munmap(0x7fb504f000, 4096)        = 0
31461 munmap(0x7fb5071000, 57552)       = 0
31461 mprotect(0x7fb505a000, 86016, PROT_NONE) = 0
31461 mmap(0x7fb506f000, 8192, PROT_READ|PROT_WRITE, MAP_PRIVATE|MAP_FIXED|MAP_DENYWRITE, 3, 0xf000) = 0x7fb506f000
31461 close(3)                          = 0
31461 mmap(NULL, 8192, PROT_READ|PROT_WRITE, MAP_PRIVATE|MAP_ANONYMOUS, -1, 0) = 0x7fb7fca000
31461 mmap(NULL, 8192, PROT_READ|PROT_WRITE, MAP_PRIVATE|MAP_ANONYMOUS, -1, 0) = 0x7fb7fc8000
31461 mmap(NULL, 8192, PROT_READ|PROT_WRITE, MAP_PRIVATE|MAP_ANONYMOUS, -1, 0) = 0x7fb7fc6000
31461 mmap(NULL, 12288, PROT_READ|PROT_WRITE, MAP_PRIVATE|MAP_ANONYMOUS, -1, 0) = 0x7fb7c7d000
31461 set_tid_address(0x7fb7c7d110)     = 31461
31461 set_robust_list(0x7fb7c7d120, 24) = 0
31461 rseq(0x7fb7c7d760, 0x20, 0, 0xd428bc00) = 0
31461 mprotect(0x7fb6d1c000, 16384, PROT_READ) = 0
31461 mprotect(0x7fb506f000, 4096, PROT_READ) = 0
31461 mprotect(0x7fb50af000, 4096, PROT_READ) = 0
31461 mprotect(0x7fb50d4000, 4096, PROT_READ) = 0
31461 mprotect(0x7fb50f2000, 4096, PROT_READ) = 0
31461 mprotect(0x7fb513f000, 4096, PROT_READ) = 0
31461 mprotect(0x7fb516f000, 4096, PROT_READ) = 0
31461 mprotect(0x7fb6dff000, 4096, PROT_READ) = 0
31461 mprotect(0x7fb6d5f000, 4096, PROT_READ) = 0
31461 mmap(NULL, 8192, PROT_READ|PROT_WRITE, MAP_PRIVATE|MAP_ANONYMOUS, -1, 0) = 0x7fb7fc4000
31461 mprotect(0x7fb7015000, 45056, PROT_READ) = 0
31461 mprotect(0x7fb51af000, 4096, PROT_READ) = 0
31461 mprotect(0x7fb532f000, 4096, PROT_READ) = 0
31461 mprotect(0x7fb548f000, 4096, PROT_READ) = 0
31461 mprotect(0x7fb5604000, 114688, PROT_READ) = 0
31461 mprotect(0x7fb564f000, 4096, PROT_READ) = 0
31461 mprotect(0x7fb569f000, 4096, PROT_READ) = 0
31461 mprotect(0x7fb654f000, 4096, PROT_READ) = 0
31461 mprotect(0x7fb56df000, 4096, PROT_READ) = 0
31461 mprotect(0x7fb574f000, 4096, PROT_READ) = 0
31461 mprotect(0x7fb570f000, 4096, PROT_READ) = 0
31461 mprotect(0x7fb577f000, 4096, PROT_READ) = 0
31461 mprotect(0x7fb581f000, 4096, PROT_READ) = 0
31461 mprotect(0x7fb58fe000, 8192, PROT_READ) = 0
31461 mprotect(0x7fb588e000, 8192, PROT_READ) = 0
31461 mprotect(0x7fb593f000, 4096, PROT_READ) = 0
31461 mprotect(0x7fb5b0c000, 16384, PROT_READ) = 0
31461 mprotect(0x7fb5b5f000, 4096, PROT_READ) = 0
31461 mprotect(0x7fb5ca5000, 45056, PROT_READ) = 0
31461 mprotect(0x7fb5d2f000, 4096, PROT_READ) = 0
31461 mprotect(0x7fb5d6e000, 8192, PROT_READ) = 0
31461 mmap(NULL, 12288, PROT_READ|PROT_WRITE, MAP_PRIVATE|MAP_ANONYMOUS, -1, 0) = 0x7fb7c7a000
31461 mprotect(0x7fb5e5a000, 24576, PROT_READ) = 0
31461 mprotect(0x7fb5eae000, 8192, PROT_READ) = 0
31461 mprotect(0x7fb5f3f000, 4096, PROT_READ) = 0
31461 mprotect(0x7fb64ac000, 16384, PROT_READ) = 0
31461 mprotect(0x7fb64ff000, 4096, PROT_READ) = 0
31461 mprotect(0x7fb6607000, 36864, PROT_READ) = 0
31461 mprotect(0x7fb664f000, 4096, PROT_READ) = 0
31461 mprotect(0x7fb669f000, 4096, PROT_READ) = 0
31461 mprotect(0x7fb673c000, 16384, PROT_READ) = 0
31461 mprotect(0x7fb697f000, 69632, PROT_READ) = 0
31461 mprotect(0x7fb6a1d000, 12288, PROT_READ) = 0
31461 mprotect(0x7fb6b0e000, 8192, PROT_READ) = 0
31461 mprotect(0x7fb6b3f000, 4096, PROT_READ) = 0
31461 mprotect(0x7fb6b7b000, 4096, PROT_READ) = 0
31461 mprotect(0x7fb72e3000, 53248, PROT_READ) = 0
31461 mmap(NULL, 20480, PROT_READ|PROT_WRITE, MAP_PRIVATE|MAP_ANONYMOUS, -1, 0) = 0x7fb7c75000
31461 mprotect(0x7fb75d1000, 61440, PROT_READ) = 0
31461 mprotect(0x7fb77ee000, 8192, PROT_READ) = 0
31461 mprotect(0x7fb792e000, 8192, PROT_READ) = 0
31461 mprotect(0x7fb7b16000, 40960, PROT_READ) = 0
31461 mprotect(0x7fb7c6c000, 16384, PROT_READ) = 0
31461 mprotect(0x7fb7fba000, 24576, PROT_READ) = 0
31461 mprotect(0x557f28d000, 12288, PROT_READ) = 0
31461 mprotect(0x7fb800a000, 8192, PROT_READ) = 0
31461 prlimit64(0, RLIMIT_STACK, NULL, {rlim_cur=8192*1024, rlim_max=RLIM64_INFINITY}) = 0
31461 munmap(0x7fb7b33000, 115519)      = 0
31461 getrandom("\xc3\xa2\x27\xab\xca\x46\x81\xff", 8, GRND_NONBLOCK) = 8
31461 brk(NULL)                         = 0x5595125000
31461 brk(0x5595146000)                 = 0x5595146000
31461 uname({sysname="Linux", nodename="pi", release="6.6.51+rpt-rpi-v8", version="#1 SMP PREEMPT Debian 1:6.6.51-1+rpt3 (2024-10-08)", machine="aarch64", domainname="(none)"}) = 0
31461 newfstatat(0, "", {st_dev=makedev(0, 0x14), st_ino=5, st_mode=S_IFCHR|0620, st_nlink=1, st_uid=1000, st_gid=5, st_blksize=1024, st_blocks=0, st_rdev=makedev(0x88, 0x2), st_atime=1765431995 /* 2025-12-11T06:46:35.960018820+0100 */, st_atime_nsec=960018820, st_mtime=1765431995 /* 2025-12-11T06:46:35.960018820+0100 */, st_mtime_nsec=960018820, st_ctime=1765431995 /* 2025-12-11T06:46:35.960018820+0100 */, st_ctime_nsec=960018820}, AT_EMPTY_PATH) = 0
31461 newfstatat(1, "", {st_dev=makedev(0, 0x14), st_ino=5, st_mode=S_IFCHR|0620, st_nlink=1, st_uid=1000, st_gid=5, st_blksize=1024, st_blocks=0, st_rdev=makedev(0x88, 0x2), st_atime=1765431995 /* 2025-12-11T06:46:35.960018820+0100 */, st_atime_nsec=960018820, st_mtime=1765431995 /* 2025-12-11T06:46:35.960018820+0100 */, st_mtime_nsec=960018820, st_ctime=1765431995 /* 2025-12-11T06:46:35.960018820+0100 */, st_ctime_nsec=960018820}, AT_EMPTY_PATH) = 0
31461 newfstatat(2, "", {st_dev=makedev(0, 0x14), st_ino=5, st_mode=S_IFCHR|0620, st_nlink=1, st_uid=1000, st_gid=5, st_blksize=1024, st_blocks=0, st_rdev=makedev(0x88, 0x2), st_atime=1765431995 /* 2025-12-11T06:46:35.960018820+0100 */, st_atime_nsec=960018820, st_mtime=1765431995 /* 2025-12-11T06:46:35.960018820+0100 */, st_mtime_nsec=960018820, st_ctime=1765431995 /* 2025-12-11T06:46:35.960018820+0100 */, st_ctime_nsec=960018820}, AT_EMPTY_PATH) = 0
31461 prlimit64(0, RLIMIT_NOFILE, NULL, {rlim_cur=1024*1024, rlim_max=1024*1024}) = 0
31461 mmap(NULL, 135168, PROT_READ|PROT_WRITE, MAP_PRIVATE|MAP_ANONYMOUS, -1, 0) = 0x7fb7b2f000
31461 geteuid()                         = 1000
31461 getuid()                          = 1000
31461 getegid()                         = 1000
31461 getgid()                          = 1000
31461 geteuid()                         = 1000
31461 getuid()                          = 1000
31461 getegid()                         = 1000
31461 getgid()                          = 1000
31461 geteuid()                         = 1000
31461 getuid()                          = 1000
31461 getegid()                         = 1000
31461 getgid()                          = 1000
31461 geteuid()                         = 1000
31461 getuid()                          = 1000
31461 getegid()                         = 1000
31461 getgid()                          = 1000
31461 geteuid()                         = 1000
31461 getuid()                          = 1000
31461 getegid()                         = 1000
31461 getgid()                          = 1000
31461 membarrier(MEMBARRIER_CMD_QUERY, 0) = 0x3ff (MEMBARRIER_CMD_GLOBAL|MEMBARRIER_CMD_GLOBAL_EXPEDITED|MEMBARRIER_CMD_REGISTER_GLOBAL_EXPEDITED|MEMBARRIER_CMD_PRIVATE_EXPEDITED|MEMBARRIER_CMD_REGISTER_PRIVATE_EXPEDITED|MEMBARRIER_CMD_PRIVATE_EXPEDITED_SYNC_CORE|MEMBARRIER_CMD_REGISTER_PRIVATE_EXPEDITED_SYNC_CORE|MEMBARRIER_CMD_PRIVATE_EXPEDITED_RSEQ|MEMBARRIER_CMD_REGISTER_PRIVATE_EXPEDITED_RSEQ|0x200)
31461 membarrier(MEMBARRIER_CMD_REGISTER_PRIVATE_EXPEDITED, 0) = 0
31461 openat(AT_FDCWD, "/proc/self/status", O_RDONLY) = 3
31461 newfstatat(3, "", {st_dev=makedev(0, 0x13), st_ino=92061, st_mode=S_IFREG|0444, st_nlink=1, st_uid=1000, st_gid=1000, st_blksize=1024, st_blocks=0, st_size=0, st_atime=1765431996 /* 2025-12-11T06:46:36.012018813+0100 */, st_atime_nsec=12018813, st_mtime=1765431996 /* 2025-12-11T06:46:36.012018813+0100 */, st_mtime_nsec=12018813, st_ctime=1765431996 /* 2025-12-11T06:46:36.012018813+0100 */, st_ctime_nsec=12018813}, AT_EMPTY_PATH) = 0
31461 read(3, "Name:\tdetector\nUmask:\t0022\nState:\tR (running)\nTgid:\t31461\nNgid:\t0\nPid:\t31461\nPPid:\t31460\nTracerPid:\t31457\nUid:\t1000\t1000\t1000\t1000\nGid:\t1000\t1000\t1000\t1000\nFDSize:\t64\nGroups:\t4 20 24 27 29 44 46 60 100 102 105 110 115 993 994 995 1000 1001 \nNStgid:\t31461\nNSpid:\t31461\nNSpgid:\t31460\nNSsid:\t31455\nKthread:\t0\nVmPeak:\t   47892 kB\nVmSize:\t   47892 kB\nVmLck:\t       0 kB\nVmPin:\t       0 kB\nVmHWM:\t    9472 kB\nVmRSS:\t    9472 kB\nRssAnon:\t    1408 kB\nRssFile:\t    8064 kB\nRssShmem:\t       0 kB\nVmData:\t    2836 kB\nVmStk:\t     132 kB\nVmExe:\t    1200 kB\nVmLib:\t   38852 kB\nVmPTE:\t     124 kB\nVmSwap:\t       0 kB\nCoreDumping:\t0\nTHP_enabled:\t0\nuntag_mask:\t0xffffffffffffff\nThreads:\t1\nSigQ:\t1/14617\nSigPnd:\t0000000000000000\nShdPnd:\t0000000000000000\nSigBlk:\t0000000000000000\nSigIgn:\t0000000000000000\nSigCgt:\t0000000000000000\nCapInh:\t0000000000000000\nCapPrm:\t0000000000000000\nCapEff:\t0000000000000000\nCapBnd:\t000001ffffffffff\nCapAmb:\t0000000000000000\nNoNewPrivs:\t0\nSeccomp:\t0\nSeccomp_filters:\t0\nSpeculation_Store_Bypass:\tthread vulnerable\n", 1024) = 1024
31461 read(3, "SpeculationIndirectBranch:\tunknown\nCpus_allowed:\tf\nCpus_allowed_list:\t0-3\nMems_allowed:\t1\nMems_allowed_list:\t0\nvoluntary_ctxt_switches:\t1515\nnonvoluntary_ctxt_switches:\t2\n", 1024) = 171
31461 read(3, "", 1024)                 = 0
31461 close(3)                          = 0
31461 openat(AT_FDCWD, "/sys/devices/system/node", O_RDONLY|O_NONBLOCK|O_CLOEXEC|O_DIRECTORY) = -1 ENOENT (No such file or directory)
31461 sched_getaffinity(0, 512, [0 1 2 3]) = 32
31461 openat(AT_FDCWD, "/sys/devices/system/cpu/possible", O_RDONLY|O_CLOEXEC) = 3
31461 read(3, "0-3\n", 1024)            = 4
31461 close(3)                          = 0
31461 openat(AT_FDCWD, "/proc/self/status", O_RDONLY) = 3
31461 newfstatat(3, "", {st_dev=makedev(0, 0x13), st_ino=92061, st_mode=S_IFREG|0444, st_nlink=1, st_uid=1000, st_gid=1000, st_blksize=1024, st_blocks=0, st_size=0, st_atime=1765431996 /* 2025-12-11T06:46:36.012018813+0100 */, st_atime_nsec=12018813, st_mtime=1765431996 /* 2025-12-11T06:46:36.012018813+0100 */, st_mtime_nsec=12018813, st_ctime=1765431996 /* 2025-12-11T06:46:36.012018813+0100 */, st_ctime_nsec=12018813}, AT_EMPTY_PATH) = 0
31461 read(3, "Name:\tdetector\nUmask:\t0022\nState:\tR (running)\nTgid:\t31461\nNgid:\t0\nPid:\t31461\nPPid:\t31460\nTracerPid:\t31457\nUid:\t1000\t1000\t1000\t1000\nGid:\t1000\t1000\t1000\t1000\nFDSize:\t64\nGroups:\t4 20 24 27 29 44 46 60 100 102 105 110 115 993 994 995 1000 1001 \nNStgid:\t31461\nNSpid:\t31461\nNSpgid:\t31460\nNSsid:\t31455\nKthread:\t0\nVmPeak:\t   47892 kB\nVmSize:\t   47892 kB\nVmLck:\t       0 kB\nVmPin:\t       0 kB\nVmHWM:\t    9472 kB\nVmRSS:\t    9472 kB\nRssAnon:\t    1408 kB\nRssFile:\t    8064 kB\nRssShmem:\t       0 kB\nVmData:\t    2836 kB\nVmStk:\t     132 kB\nVmExe:\t    1200 kB\nVmLib:\t   38852 kB\nVmPTE:\t     124 kB\nVmSwap:\t       0 kB\nCoreDumping:\t0\nTHP_enabled:\t0\nuntag_mask:\t0xffffffffffffff\nThreads:\t1\nSigQ:\t1/14617\nSigPnd:\t0000000000000000\nShdPnd:\t0000000000000000\nSigBlk:\t0000000000000000\nSigIgn:\t0000000000000000\nSigCgt:\t0000000000000000\nCapInh:\t0000000000000000\nCapPrm:\t0000000000000000\nCapEff:\t0000000000000000\nCapBnd:\t000001ffffffffff\nCapAmb:\t0000000000000000\nNoNewPrivs:\t0\nSeccomp:\t0\nSeccomp_filters:\t0\nSpeculation_Store_Bypass:\tthread vulnerable\n", 1024) = 1024
31461 read(3, "SpeculationIndirectBranch:\tunknown\nCpus_allowed:\tf\nCpus_allowed_list:\t0-3\nMems_allowed:\t1\nMems_allowed_list:\t0\nvoluntary_ctxt_switches:\t1537\nnonvoluntary_ctxt_switches:\t2\n", 1024) = 171
31461 read(3, "", 1024)                 = 0
31461 close(3)                          = 0
31461 futex(0x7fb7023764, FUTEX_WAKE_PRIVATE, 2147483647) = 0
31461 futex(0x7fb5eb0118, FUTEX_WAKE_PRIVATE, 2147483647) = 0
31461 rt_sigprocmask(SIG_BLOCK, ~[RTMIN RT_1], [], 8) = 0
31461 mmap(NULL, 1056, PROT_READ|PROT_WRITE, MAP_PRIVATE|MAP_ANONYMOUS, -1, 0) = 0x7fb7c74000
31461 rt_sigprocmask(SIG_SETMASK, [], NULL, 8) = 0
31461 geteuid()                         = 1000
31461 getuid()                          = 1000
31461 getegid()                         = 1000
31461 getgid()                          = 1000
31461 geteuid()                         = 1000
31461 getuid()                          = 1000
31461 getegid()                         = 1000
31461 getgid()                          = 1000
31461 geteuid()                         = 1000
31461 getuid()                          = 1000
31461 getegid()                         = 1000
31461 getgid()                          = 1000
31461 geteuid()                         = 1000
31461 getuid()                          = 1000
31461 getegid()                         = 1000
31461 getgid()                          = 1000
31461 geteuid()                         = 1000
31461 getuid()                          = 1000
31461 getegid()                         = 1000
31461 getgid()                          = 1000
31461 rt_sigprocmask(SIG_SETMASK, ~[RTMIN RT_1], [], 8) = 0
31461 rt_sigprocmask(SIG_SETMASK, [], NULL, 8) = 0
31461 rt_sigprocmask(SIG_SETMASK, ~[RTMIN RT_1], [], 8) = 0
31461 rt_sigprocmask(SIG_SETMASK, [], NULL, 8) = 0
31461 rt_sigprocmask(SIG_SETMASK, ~[RTMIN RT_1], [], 8) = 0
31461 rt_sigprocmask(SIG_SETMASK, [], NULL, 8) = 0
31461 readlinkat(AT_FDCWD, "/proc/self/exe", "/home/pi/CoralEdgeTpu/build/detector", 4095) = 36
31461 rt_sigprocmask(SIG_SETMASK, ~[RTMIN RT_1], [], 8) = 0
31461 rt_sigprocmask(SIG_SETMASK, [], NULL, 8) = 0
31461 openat(AT_FDCWD, "/home/pi/CoralEdgeTpu/build/detector", O_RDONLY|O_CLOEXEC) = 3
31461 rt_sigprocmask(SIG_SETMASK, ~[RTMIN RT_1], [], 8) = 0
31461 rt_sigprocmask(SIG_SETMASK, [], NULL, 8) = 0
31461 read(3, "\177ELF\2\1\1\3\0\0\0\0\0\0\0\0", 16) = 16
31461 lseek(3, 0, SEEK_SET)             = 0
31461 read(3, "\177ELF\2\1\1\3\0\0\0\0\0\0\0\0\3\0\267\0\1\0\0\0\200\260\1\0\0\0\0\0@\0\0\0\0\0\0\0p\223\255\0\0\0\0\0\0\0\0\0@\08\0\t\0@\0&\0%\0", 64) = 64
31461 lseek(3, 11377840, SEEK_SET)      = 11377840
31461 read(3, "\21\0\0\0\3\0\0\0\0\0\0\0\0\0\0\0\0\0\0\0\0\0\0\0\356\221\255\0\0\0\0\0\202\1\0\0\0\0\0\0\0\0\0\0\0\0\0\0\1\0\0\0\0\0\0\0\0\0\0\0\0\0\0\0", 64) = 64
31461 lseek(3, 64, SEEK_SET)            = 64
31461 read(3, "\6\0\0\0\4\0\0\0@\0\0\0\0\0\0\0@\0\0\0\0\0\0\0@\0\0\0\0\0\0\0\370\1\0\0\0\0\0\0\370\1\0\0\0\0\0\0\10\0\0\0\0\0\0\0", 56) = 56
31461 lseek(3, 120, SEEK_SET)           = 120
31461 read(3, "\3\0\0\0\4\0\0\08\2\0\0\0\0\0\08\2\0\0\0\0\0\08\2\0\0\0\0\0\0\33\0\0\0\0\0\0\0\33\0\0\0\0\0\0\0\1\0\0\0\0\0\0\0", 56) = 56
31461 lseek(3, 176, SEEK_SET)           = 176
31461 read(3, "\1\0\0\0\5\0\0\0\0\0\0\0\0\0\0\0\0\0\0\0\0\0\0\0\0\0\0\0\0\0\0\0\230\277\22\0\0\0\0\0\230\277\22\0\0\0\0\0\0\0\1\0\0\0\0\0", 56) = 56
31461 lseek(3, 232, SEEK_SET)           = 232
31461 read(3, "\1\0\0\0\6\0\0\0\30\326\22\0\0\0\0\0\30\326\23\0\0\0\0\0\30\326\23\0\0\0\0\08A\0\0\0\0\0\0\270F\0\0\0\0\0\0\0\0\1\0\0\0\0\0", 56) = 56
31461 lseek(3, 288, SEEK_SET)           = 288
31461 read(3, "\2\0\0\0\6\0\0\0H\374\22\0\0\0\0\0H\374\23\0\0\0\0\0H\374\23\0\0\0\0\0\220\2\0\0\0\0\0\0\220\2\0\0\0\0\0\0\10\0\0\0\0\0\0\0", 56) = 56
31461 lseek(3, 344, SEEK_SET)           = 344
31461 read(3, "\4\0\0\0\4\0\0\0T\2\0\0\0\0\0\0T\2\0\0\0\0\0\0T\2\0\0\0\0\0\0D\0\0\0\0\0\0\0D\0\0\0\0\0\0\0\4\0\0\0\0\0\0\0", 56) = 56
31461 lseek(3, 400, SEEK_SET)           = 400
31461 read(3, "P\345td\4\0\0\0\370B\16\0\0\0\0\0\370B\16\0\0\0\0\0\370B\16\0\0\0\0\0\4\327\0\0\0\0\0\0\4\327\0\0\0\0\0\0\4\0\0\0\0\0\0\0", 56) = 56
31461 lseek(3, 456, SEEK_SET)           = 456
31461 read(3, "Q\345td\6\0\0\0\0\0\0\0\0\0\0\0\0\0\0\0\0\0\0\0\0\0\0\0\0\0\0\0\0\0\0\0\0\0\0\0\0\0\0\0\0\0\0\0\20\0\0\0\0\0\0\0", 56) = 56
31461 lseek(3, 512, SEEK_SET)           = 512
31461 read(3, "R\345td\4\0\0\0\30\326\22\0\0\0\0\0\30\326\23\0\0\0\0\0\30\326\23\0\0\0\0\0\350)\0\0\0\0\0\0\350)\0\0\0\0\0\0\1\0\0\0\0\0\0\0", 56) = 56
31461 lseek(3, 64, SEEK_SET)            = 64
31461 read(3, "\6\0\0\0\4\0\0\0@\0\0\0\0\0\0\0@\0\0\0\0\0\0\0@\0\0\0\0\0\0\0\370\1\0\0\0\0\0\0\370\1\0\0\0\0\0\0\10\0\0\0\0\0\0\0", 56) = 56
31461 lseek(3, 120, SEEK_SET)           = 120
31461 read(3, "\3\0\0\0\4\0\0\08\2\0\0\0\0\0\08\2\0\0\0\0\0\08\2\0\0\0\0\0\0\33\0\0\0\0\0\0\0\33\0\0\0\0\0\0\0\1\0\0\0\0\0\0\0", 56) = 56
31461 lseek(3, 176, SEEK_SET)           = 176
31461 read(3, "\1\0\0\0\5\0\0\0\0\0\0\0\0\0\0\0\0\0\0\0\0\0\0\0\0\0\0\0\0\0\0\0\230\277\22\0\0\0\0\0\230\277\22\0\0\0\0\0\0\0\1\0\0\0\0\0", 56) = 56
31461 lseek(3, 232, SEEK_SET)           = 232
31461 read(3, "\1\0\0\0\6\0\0\0\30\326\22\0\0\0\0\0\30\326\23\0\0\0\0\0\30\326\23\0\0\0\0\08A\0\0\0\0\0\0\270F\0\0\0\0\0\0\0\0\1\0\0\0\0\0", 56) = 56
31461 lseek(3, 288, SEEK_SET)           = 288
31461 read(3, "\2\0\0\0\6\0\0\0H\374\22\0\0\0\0\0H\374\23\0\0\0\0\0H\374\23\0\0\0\0\0\220\2\0\0\0\0\0\0\220\2\0\0\0\0\0\0\10\0\0\0\0\0\0\0", 56) = 56
31461 lseek(3, 344, SEEK_SET)           = 344
31461 read(3, "\4\0\0\0\4\0\0\0T\2\0\0\0\0\0\0T\2\0\0\0\0\0\0T\2\0\0\0\0\0\0D\0\0\0\0\0\0\0D\0\0\0\0\0\0\0\4\0\0\0\0\0\0\0", 56) = 56
31461 lseek(3, 596, SEEK_SET)           = 596
31461 read(3, "\4\0\0\0\24\0\0\0\3\0\0\0", 12) = 12
31461 lseek(3, 612, SEEK_SET)           = 612
31461 read(3, "\224\251\306\244\231\f\263\322\36\274\312dp\307\373\361=\202\341\317", 20) = 20
31461 lseek(3, 11375472, SEEK_SET)      = 11375472
31461 read(3, "\0\0\0\0\0\0\0\0\0\0\0\0\0\0\0\0\0\0\0\0\0\0\0\0\0\0\0\0\0\0\0\0\0\0\0\0\0\0\0\0\0\0\0\0\0\0\0\0\0\0\0\0\0\0\0\0\0\0\0\0\0\0\0\0", 64) = 64
31461 lseek(3, 11375536, SEEK_SET)      = 11375536
31461 read(3, "\33\0\0\0\1\0\0\0\2\0\0\0\0\0\0\08\2\0\0\0\0\0\08\2\0\0\0\0\0\0\33\0\0\0\0\0\0\0\0\0\0\0\0\0\0\0\1\0\0\0\0\0\0\0\0\0\0\0\0\0\0\0", 64) = 64
31461 lseek(3, 11375113, SEEK_SET)      = 11375113
31461 read(3, ".interp\0.note.gnu.build-id\0.note.ABI-tag\0.gnu.hash\0.dynsym\0.dynstr\0.gnu.version\0.gnu.version_r\0.rela.dyn\0.rela.plt\0.init\0.text\0.fini\0.rodata\0.eh_frame_hdr\0.eh_frame\0.gcc_except_table\0.init_array\0.fini_array\0.data.rel.ro\0.dynamic\0.got\0.got.plt\0.data\0.bss\0.comment\0.debug_aranges\0.debug_info\0.debug_abbrev\0.debug_line\0.debug_str\0.debug_line_str\0.debug_rnglists\0", 359) = 359
31461 lseek(3, 11375113, SEEK_SET)      = 11375113
31461 read(3, ".interp\0", 8)           = 8
31461 lseek(3, 11375600, SEEK_SET)      = 11375600
31461 read(3, "#\0\0\0\7\0\0\0\2\0\0\0\0\0\0\0T\2\0\0\0\0\0\0T\2\0\0\0\0\0\0$\0\0\0\0\0\0\0\0\0\0\0\0\0\0\0\4\0\0\0\0\0\0\0\0\0\0\0\0\0\0\0", 64) = 64
31461 lseek(3, 11375664, SEEK_SET)      = 11375664
31461 read(3, "6\0\0\0\7\0\0\0\2\0\0\0\0\0\0\0x\2\0\0\0\0\0\0x\2\0\0\0\0\0\0 \0\0\0\0\0\0\0\0\0\0\0\0\0\0\0\4\0\0\0\0\0\0\0\0\0\0\0\0\0\0\0", 64) = 64
31461 lseek(3, 11375728, SEEK_SET)      = 11375728
31461 read(3, "D\0\0\0\366\377\377o\2\0\0\0\0\0\0\0\230\2\0\0\0\0\0\0\230\2\0\0\0\0\0\0\314\t\0\0\0\0\0\0\5\0\0\0\0\0\0\0\10\0\0\0\0\0\0\0\0\0\0\0\0\0\0\0", 64) = 64
31461 lseek(3, 11375792, SEEK_SET)      = 11375792
31461 read(3, "N\0\0\0\v\0\0\0\2\0\0\0\0\0\0\0h\f\0\0\0\0\0\0h\f\0\0\0\0\0\0PF\0\0\0\0\0\0\6\0\0\0\3\0\0\0\10\0\0\0\0\0\0\0\30\0\0\0\0\0\0\0", 64) = 64
31461 lseek(3, 11375856, SEEK_SET)      = 11375856
31461 read(3, "V\0\0\0\3\0\0\0\2\0\0\0\0\0\0\0\270R\0\0\0\0\0\0\270R\0\0\0\0\0\0,\254\0\0\0\0\0\0\0\0\0\0\0\0\0\0\1\0\0\0\0\0\0\0\0\0\0\0\0\0\0\0", 64) = 64
31461 lseek(3, 11375920, SEEK_SET)      = 11375920
31461 read(3, "^\0\0\0\377\377\377o\2\0\0\0\0\0\0\0\344\376\0\0\0\0\0\0\344\376\0\0\0\0\0\0\334\5\0\0\0\0\0\0\5\0\0\0\0\0\0\0\2\0\0\0\0\0\0\0\2\0\0\0\0\0\0\0", 64) = 64
31461 lseek(3, 11375984, SEEK_SET)      = 11375984
31461 read(3, "k\0\0\0\376\377\377o\2\0\0\0\0\0\0\0\300\4\1\0\0\0\0\0\300\4\1\0\0\0\0\0\340\1\0\0\0\0\0\0\6\0\0\0\6\0\0\0\10\0\0\0\0\0\0\0\0\0\0\0\0\0\0\0", 64) = 64
31461 lseek(3, 11376048, SEEK_SET)      = 11376048
31461 read(3, "z\0\0\0\4\0\0\0\2\0\0\0\0\0\0\0\240\6\1\0\0\0\0\0\240\6\1\0\0\0\0\0\310g\0\0\0\0\0\0\5\0\0\0\0\0\0\0\10\0\0\0\0\0\0\0\30\0\0\0\0\0\0\0", 64) = 64
31461 lseek(3, 11376112, SEEK_SET)      = 11376112
31461 read(3, "\204\0\0\0\4\0\0\0B\0\0\0\0\0\0\0hn\1\0\0\0\0\0hn\1\0\0\0\0\0H'\0\0\0\0\0\0\5\0\0\0\30\0\0\0\10\0\0\0\0\0\0\0\30\0\0\0\0\0\0\0", 64) = 64
31461 lseek(3, 11376176, SEEK_SET)      = 11376176
31461 read(3, "\216\0\0\0\1\0\0\0\6\0\0\0\0\0\0\0\260\225\1\0\0\0\0\0\260\225\1\0\0\0\0\0\30\0\0\0\0\0\0\0\0\0\0\0\0\0\0\0\4\0\0\0\0\0\0\0\0\0\0\0\0\0\0\0", 64) = 64
31461 lseek(3, 11375228, SEEK_SET)      = 11375228
31461 read(3, ".init\0.text\0.fini\0.rodata\0.eh_frame_hdr\0.eh_frame\0.gcc_except_table\0.init_array\0.fini_array\0.data.rel.ro\0.dynamic\0.got\0.got.plt\0.data\0.bss\0.comment\0.debug_aranges\0.debug_info\0.debug_abbrev\0.debug_line\0.debug_str\0.debug_line_str\0.debug_rnglists\0", 244) = 244
31461 lseek(3, 11375228, SEEK_SET)      = 11375228
31461 read(3, ".init\0", 6)             = 6
31461 lseek(3, 11376240, SEEK_SET)      = 11376240
31461 read(3, "\211\0\0\0\1\0\0\0\6\0\0\0\0\0\0\0\320\225\1\0\0\0\0\0\320\225\1\0\0\0\0\0P\32\0\0\0\0\0\0\0\0\0\0\0\0\0\0\20\0\0\0\0\0\0\0\0\0\0\0\0\0\0\0", 64) = 64
31461 lseek(3, 11375223, SEEK_SET)      = 11375223
31461 read(3, ".plt\0.init\0.text\0.fini\0.rodata\0.eh_frame_hdr\0.eh_frame\0.gcc_except_table\0.init_array\0.fini_array\0.data.rel.ro\0.dynamic\0.got\0.got.plt\0.data\0.bss\0.comment\0.debug_aranges\0.debug_info\0.debug_abbrev\0.debug_line\0.debug_str\0.debug_line_str\0.debug_rnglists\0", 249) = 249
31461 lseek(3, 11375223, SEEK_SET)      = 11375223
31461 read(3, ".plt\0", 5)              = 5
31461 lseek(3, 11376304, SEEK_SET)      = 11376304
31461 read(3, "\224\0\0\0\1\0\0\0\6\0\0\0\0\0\0\0@\260\1\0\0\0\0\0@\260\1\0\0\0\0\0004*\v\0\0\0\0\0\0\0\0\0\0\0\0\0@\0\0\0\0\0\0\0\0\0\0\0\0\0\0\0", 64) = 64
31461 lseek(3, 11375234, SEEK_SET)      = 11375234
31461 read(3, ".text\0.fini\0.rodata\0.eh_frame_hdr\0.eh_frame\0.gcc_except_table\0.init_array\0.fini_array\0.data.rel.ro\0.dynamic\0.got\0.got.plt\0.data\0.bss\0.comment\0.debug_aranges\0.debug_info\0.debug_abbrev\0.debug_line\0.debug_str\0.debug_line_str\0.debug_rnglists\0", 238) = 238
31461 lseek(3, 11375234, SEEK_SET)      = 11375234
31461 read(3, ".text\0", 6)             = 6
31461 lseek(3, 11376368, SEEK_SET)      = 11376368
31461 read(3, "\232\0\0\0\1\0\0\0\6\0\0\0\0\0\0\0t\332\f\0\0\0\0\0t\332\f\0\0\0\0\0\24\0\0\0\0\0\0\0\0\0\0\0\0\0\0\0\4\0\0\0\0\0\0\0\0\0\0\0\0\0\0\0", 64) = 64
31461 lseek(3, 11375240, SEEK_SET)      = 11375240
31461 read(3, ".fini\0.rodata\0.eh_frame_hdr\0.eh_frame\0.gcc_except_table\0.init_array\0.fini_array\0.data.rel.ro\0.dynamic\0.got\0.got.plt\0.data\0.bss\0.comment\0.debug_aranges\0.debug_info\0.debug_abbrev\0.debug_line\0.debug_str\0.debug_line_str\0.debug_rnglists\0", 232) = 232
31461 lseek(3, 11375240, SEEK_SET)      = 11375240
31461 read(3, ".fini\0", 6)             = 6
31461 lseek(3, 11376432, SEEK_SET)      = 11376432
31461 read(3, "\240\0\0\0\1\0\0\0\2\0\0\0\0\0\0\0\210\332\f\0\0\0\0\0\210\332\f\0\0\0\0\0ph\1\0\0\0\0\0\0\0\0\0\0\0\0\0\10\0\0\0\0\0\0\0\0\0\0\0\0\0\0\0", 64) = 64
31461 lseek(3, 11375246, SEEK_SET)      = 11375246
31461 read(3, ".rodata\0.eh_frame_hdr\0.eh_frame\0.gcc_except_table\0.init_array\0.fini_array\0.data.rel.ro\0.dynamic\0.got\0.got.plt\0.data\0.bss\0.comment\0.debug_aranges\0.debug_info\0.debug_abbrev\0.debug_line\0.debug_str\0.debug_line_str\0.debug_rnglists\0", 226) = 226
31461 lseek(3, 11375246, SEEK_SET)      = 11375246
31461 read(3, ".rodata\0", 8)           = 8
31461 lseek(3, 11376496, SEEK_SET)      = 11376496
31461 read(3, "\250\0\0\0\1\0\0\0\2\0\0\0\0\0\0\0\370B\16\0\0\0\0\0\370B\16\0\0\0\0\0\4\327\0\0\0\0\0\0\0\0\0\0\0\0\0\0\4\0\0\0\0\0\0\0\0\0\0\0\0\0\0\0", 64) = 64
31461 lseek(3, 11375254, SEEK_SET)      = 11375254
31461 read(3, ".eh_frame_hdr\0.eh_frame\0.gcc_except_table\0.init_array\0.fini_array\0.data.rel.ro\0.dynamic\0.got\0.got.plt\0.data\0.bss\0.comment\0.debug_aranges\0.debug_info\0.debug_abbrev\0.debug_line\0.debug_str\0.debug_line_str\0.debug_rnglists\0", 218) = 218
31461 lseek(3, 11375254, SEEK_SET)      = 11375254
31461 read(3, ".eh_frame_hdr\0", 14)    = 14
31461 lseek(3, 11376560, SEEK_SET)      = 11376560
31461 read(3, "\266\0\0\0\1\0\0\0\2\0\0\0\0\0\0\0\0\32\17\0\0\0\0\0\0\32\17\0\0\0\0\0\234W\3\0\0\0\0\0\0\0\0\0\0\0\0\0\10\0\0\0\0\0\0\0\0\0\0\0\0\0\0\0", 64) = 64
31461 lseek(3, 11375268, SEEK_SET)      = 11375268
31461 read(3, ".eh_frame\0.gcc_except_table\0.init_array\0.fini_array\0.data.rel.ro\0.dynamic\0.got\0.got.plt\0.data\0.bss\0.comment\0.debug_aranges\0.debug_info\0.debug_abbrev\0.debug_line\0.debug_str\0.debug_line_str\0.debug_rnglists\0", 204) = 204
31461 lseek(3, 11375268, SEEK_SET)      = 11375268
31461 read(3, ".eh_frame\0", 10)        = 10
31461 lseek(3, 11376624, SEEK_SET)      = 11376624
31461 read(3, "\300\0\0\0\1\0\0\0\2\0\0\0\0\0\0\0\234q\22\0\0\0\0\0\234q\22\0\0\0\0\0\374M\0\0\0\0\0\0\0\0\0\0\0\0\0\0\4\0\0\0\0\0\0\0\0\0\0\0\0\0\0\0", 64) = 64
31461 lseek(3, 11375278, SEEK_SET)      = 11375278
31461 read(3, ".gcc_except_table\0.init_array\0.fini_array\0.data.rel.ro\0.dynamic\0.got\0.got.plt\0.data\0.bss\0.comment\0.debug_aranges\0.debug_info\0.debug_abbrev\0.debug_line\0.debug_str\0.debug_line_str\0.debug_rnglists\0", 194) = 194
31461 lseek(3, 11375278, SEEK_SET)      = 11375278
31461 read(3, ".gcc_except_table\0", 18) = 18
31461 lseek(3, 11376688, SEEK_SET)      = 11376688
31461 read(3, "\322\0\0\0\16\0\0\0\3\0\0\0\0\0\0\0\30\326\23\0\0\0\0\0\30\326\22\0\0\0\0\0h\0\0\0\0\0\0\0\0\0\0\0\0\0\0\0\10\0\0\0\0\0\0\0\10\0\0\0\0\0\0\0", 64) = 64
31461 lseek(3, 11376752, SEEK_SET)      = 11376752
31461 read(3, "\336\0\0\0\17\0\0\0\3\0\0\0\0\0\0\0\200\326\23\0\0\0\0\0\200\326\22\0\0\0\0\0\10\0\0\0\0\0\0\0\0\0\0\0\0\0\0\0\10\0\0\0\0\0\0\0\10\0\0\0\0\0\0\0", 64) = 64
31461 lseek(3, 11376816, SEEK_SET)      = 11376816
31461 read(3, "\352\0\0\0\1\0\0\0\3\0\0\0\0\0\0\0\210\326\23\0\0\0\0\0\210\326\22\0\0\0\0\0\300%\0\0\0\0\0\0\0\0\0\0\0\0\0\0\10\0\0\0\0\0\0\0\0\0\0\0\0\0\0\0", 64) = 64
31461 lseek(3, 11375320, SEEK_SET)      = 11375320
31461 read(3, ".data.rel.ro\0.dynamic\0.got\0.got.plt\0.data\0.bss\0.comment\0.debug_aranges\0.debug_info\0.debug_abbrev\0.debug_line\0.debug_str\0.debug_line_str\0.debug_rnglists\0", 152) = 152
31461 lseek(3, 11375320, SEEK_SET)      = 11375320
31461 read(3, ".data.rel.ro\0", 13)     = 13
31461 lseek(3, 11376880, SEEK_SET)      = 11376880
31461 read(3, "\367\0\0\0\6\0\0\0\3\0\0\0\0\0\0\0H\374\23\0\0\0\0\0H\374\22\0\0\0\0\0\220\2\0\0\0\0\0\0\6\0\0\0\0\0\0\0\10\0\0\0\0\0\0\0\20\0\0\0\0\0\0\0", 64) = 64
31461 lseek(3, 11376944, SEEK_SET)      = 11376944
31461 read(3, "\0\1\0\0\1\0\0\0\3\0\0\0\0\0\0\0\330\376\23\0\0\0\0\0\330\376\22\0\0\0\0\0\20\1\0\0\0\0\0\0\0\0\0\0\0\0\0\0\10\0\0\0\0\0\0\0\10\0\0\0\0\0\0\0", 64) = 64
31461 lseek(3, 11375342, SEEK_SET)      = 11375342
31461 read(3, ".got\0.got.plt\0.data\0.bss\0.comment\0.debug_aranges\0.debug_info\0.debug_abbrev\0.debug_line\0.debug_str\0.debug_line_str\0.debug_rnglists\0", 130) = 130
31461 lseek(3, 11375342, SEEK_SET)      = 11375342
31461 read(3, ".got\0", 5)              = 5
31461 lseek(3, 11377008, SEEK_SET)      = 11377008
31461 read(3, "\5\1\0\0\1\0\0\0\3\0\0\0\0\0\0\0\350\377\23\0\0\0\0\0\350\377\22\0\0\0\0\0000\r\0\0\0\0\0\0\0\0\0\0\0\0\0\0\10\0\0\0\0\0\0\0\10\0\0\0\0\0\0\0", 64) = 64
31461 lseek(3, 11375347, SEEK_SET)      = 11375347
31461 read(3, ".got.plt\0.data\0.bss\0.comment\0.debug_aranges\0.debug_info\0.debug_abbrev\0.debug_line\0.debug_str\0.debug_line_str\0.debug_rnglists\0", 125) = 125
31461 lseek(3, 11375347, SEEK_SET)      = 11375347
31461 read(3, ".got.plt\0", 9)          = 9
31461 lseek(3, 11377072, SEEK_SET)      = 11377072
31461 read(3, "\16\1\0\0\1\0\0\0\3\0\0\0\0\0\0\0\30\r\24\0\0\0\0\0\30\r\23\0\0\0\0\08\n\0\0\0\0\0\0\0\0\0\0\0\0\0\0\10\0\0\0\0\0\0\0\0\0\0\0\0\0\0\0", 64) = 64
31461 lseek(3, 11375356, SEEK_SET)      = 11375356
31461 read(3, ".data\0.bss\0.comment\0.debug_aranges\0.debug_info\0.debug_abbrev\0.debug_line\0.debug_str\0.debug_line_str\0.debug_rnglists\0", 116) = 116
31461 lseek(3, 11375356, SEEK_SET)      = 11375356
31461 read(3, ".data\0", 6)             = 6
31461 lseek(3, 11377136, SEEK_SET)      = 11377136
31461 read(3, "\24\1\0\0\10\0\0\0\3\0\0\0\0\0\0\0P\27\24\0\0\0\0\0P\27\23\0\0\0\0\0\200\5\0\0\0\0\0\0\0\0\0\0\0\0\0\0\10\0\0\0\0\0\0\0\0\0\0\0\0\0\0\0", 64) = 64
31461 lseek(3, 11377200, SEEK_SET)      = 11377200
31461 read(3, "\31\1\0\0\1\0\0\0000\0\0\0\0\0\0\0\0\0\0\0\0\0\0\0P\27\23\0\0\0\0\0'\0\0\0\0\0\0\0\0\0\0\0\0\0\0\0\1\0\0\0\0\0\0\0\1\0\0\0\0\0\0\0", 64) = 64
31461 lseek(3, 11375367, SEEK_SET)      = 11375367
31461 read(3, ".comment\0.debug_aranges\0.debug_info\0.debug_abbrev\0.debug_line\0.debug_str\0.debug_line_str\0.debug_rnglists\0", 105) = 105
31461 lseek(3, 11375367, SEEK_SET)      = 11375367
31461 read(3, ".comment\0", 9)          = 9
31461 lseek(3, 11377264, SEEK_SET)      = 11377264
31461 read(3, "\"\1\0\0\1\0\0\0\0\0\0\0\0\0\0\0\0\0\0\0\0\0\0\0w\27\23\0\0\0\0\0p\22\2\0\0\0\0\0\0\0\0\0\0\0\0\0\1\0\0\0\0\0\0\0\0\0\0\0\0\0\0\0", 64) = 64
31461 lseek(3, 11375376, SEEK_SET)      = 11375376
31461 read(3, ".debug_aranges\0.debug_info\0.debug_abbrev\0.debug_line\0.debug_str\0.debug_line_str\0.debug_rnglists\0", 96) = 96
31461 lseek(3, 11375376, SEEK_SET)      = 11375376
31461 read(3, ".debug_aranges\0", 15)   = 15
31461 lseek(3, 11377328, SEEK_SET)      = 11377328
31461 read(3, "1\1\0\0\1\0\0\0\0\0\0\0\0\0\0\0\0\0\0\0\0\0\0\0\347)\25\0\0\0\0\0T/C\0\0\0\0\0\0\0\0\0\0\0\0\0\1\0\0\0\0\0\0\0\0\0\0\0\0\0\0\0", 64) = 64
31461 lseek(3, 11375391, SEEK_SET)      = 11375391
31461 read(3, ".debug_info\0.debug_abbrev\0.debug_line\0.debug_str\0.debug_line_str\0.debug_rnglists\0", 81) = 81
31461 lseek(3, 11375391, SEEK_SET)      = 11375391
31461 read(3, ".debug_info\0", 12)      = 12
31461 lseek(3, 11377392, SEEK_SET)      = 11377392
31461 read(3, "=\1\0\0\1\0\0\0\0\0\0\0\0\0\0\0\0\0\0\0\0\0\0\0;YX\0\0\0\0\0\303/\1\0\0\0\0\0\0\0\0\0\0\0\0\0\1\0\0\0\0\0\0\0\0\0\0\0\0\0\0\0", 64) = 64
31461 lseek(3, 11375403, SEEK_SET)      = 11375403
31461 read(3, ".debug_abbrev\0.debug_line\0.debug_str\0.debug_line_str\0.debug_rnglists\0", 69) = 69
31461 lseek(3, 11375403, SEEK_SET)      = 11375403
31461 read(3, ".debug_abbrev\0", 14)    = 14
31461 lseek(3, 11377456, SEEK_SET)      = 11377456
31461 read(3, "K\1\0\0\1\0\0\0\0\0\0\0\0\0\0\0\0\0\0\0\0\0\0\0\376\210Y\0\0\0\0\0\270i\6\0\0\0\0\0\0\0\0\0\0\0\0\0\1\0\0\0\0\0\0\0\0\0\0\0\0\0\0\0", 64) = 64
31461 lseek(3, 11375417, SEEK_SET)      = 11375417
31461 read(3, ".debug_line\0.debug_str\0.debug_line_str\0.debug_rnglists\0", 55) = 55
31461 lseek(3, 11375417, SEEK_SET)      = 11375417
31461 read(3, ".debug_line\0", 12)      = 12
31461 lseek(3, 11377520, SEEK_SET)      = 11377520
31461 read(3, "W\1\0\0\1\0\0\0000\0\0\0\0\0\0\0\0\0\0\0\0\0\0\0\266\362_\0\0\0\0\0006\2348\0\0\0\0\0\0\0\0\0\0\0\0\0\1\0\0\0\0\0\0\0\1\0\0\0\0\0\0\0", 64) = 64
31461 lseek(3, 11375429, SEEK_SET)      = 11375429
31461 read(3, ".debug_str\0.debug_line_str\0.debug_rnglists\0", 43) = 43
31461 lseek(3, 11375429, SEEK_SET)      = 11375429
31461 read(3, ".debug_str\0", 11)       = 11
31461 lseek(3, 11377584, SEEK_SET)      = 11377584
31461 read(3, "b\1\0\0\1\0\0\0000\0\0\0\0\0\0\0\0\0\0\0\0\0\0\0\354\216\230\0\0\0\0\0\26\31\0\0\0\0\0\0\0\0\0\0\0\0\0\0\1\0\0\0\0\0\0\0\1\0\0\0\0\0\0\0", 64) = 64
31461 lseek(3, 11375440, SEEK_SET)      = 11375440
31461 read(3, ".debug_line_str\0.debug_rnglists\0", 32) = 32
31461 lseek(3, 11375440, SEEK_SET)      = 11375440
31461 read(3, ".debug_line_str\0", 16)  = 16
31461 lseek(3, 11377648, SEEK_SET)      = 11377648
31461 read(3, "r\1\0\0\1\0\0\0\0\0\0\0\0\0\0\0\0\0\0\0\0\0\0\0\2\250\230\0\0\0\0\08Y\1\0\0\0\0\0\0\0\0\0\0\0\0\0\1\0\0\0\0\0\0\0\0\0\0\0\0\0\0\0", 64) = 64
31461 lseek(3, 11375456, SEEK_SET)      = 11375456
31461 read(3, ".debug_rnglists\0", 16)  = 16
31461 lseek(3, 11375456, SEEK_SET)      = 11375456
31461 read(3, ".debug_rnglists\0", 16)  = 16
31461 lseek(3, 11377712, SEEK_SET)      = 11377712
31461 read(3, "\1\0\0\0\2\0\0\0\0\0\0\0\0\0\0\0\0\0\0\0\0\0\0\0@\1\232\0\0\0\0\0x\337\5\0\0\0\0\0$\0\0\0T\35\0\0\10\0\0\0\0\0\0\0\30\0\0\0\0\0\0\0", 64) = 64
31461 lseek(3, 11377776, SEEK_SET)      = 11377776
31461 read(3, "\t\0\0\0\3\0\0\0\0\0\0\0\0\0\0\0\0\0\0\0\0\0\0\0\270\340\237\0\0\0\0\0006\261\r\0\0\0\0\0\0\0\0\0\0\0\0\0\1\0\0\0\0\0\0\0\0\0\0\0\0\0\0\0", 64) = 64
31461 lseek(3, 11377840, SEEK_SET)      = 11377840
31461 read(3, "\21\0\0\0\3\0\0\0\0\0\0\0\0\0\0\0\0\0\0\0\0\0\0\0\356\221\255\0\0\0\0\0\202\1\0\0\0\0\0\0\0\0\0\0\0\0\0\0\1\0\0\0\0\0\0\0\0\0\0\0\0\0\0\0", 64) = 64
31461 rt_sigprocmask(SIG_SETMASK, ~[RTMIN RT_1], [], 8) = 0
31461 rt_sigprocmask(SIG_SETMASK, [], NULL, 8) = 0
31461 close(3)                          = 0
31461 rt_sigprocmask(SIG_SETMASK, ~[RTMIN RT_1], [], 8) = 0
31461 rt_sigprocmask(SIG_SETMASK, [], NULL, 8) = 0
31461 getcwd("/home/pi/CoralEdgeTpu", 1024) = 22
31461 readlinkat(AT_FDCWD, "/home/pi/CoralEdgeTpu/linux-vdso.so.1", 0x7fc472b6c0, 1023) = -1 ENOENT (No such file or directory)
31461 readlinkat(AT_FDCWD, "/home", 0x7fc472b6c0, 1023) = -1 EINVAL (Invalid argument)
31461 readlinkat(AT_FDCWD, "/home/pi", 0x7fc472b6c0, 1023) = -1 EINVAL (Invalid argument)
31461 readlinkat(AT_FDCWD, "/home/pi/CoralEdgeTpu", 0x7fc472b6c0, 1023) = -1 EINVAL (Invalid argument)
31461 readlinkat(AT_FDCWD, "/home/pi/CoralEdgeTpu/lib", 0x7fc472b6c0, 1023) = -1 EINVAL (Invalid argument)
31461 readlinkat(AT_FDCWD, "/home/pi/CoralEdgeTpu/lib/libtensorflowlite.so", 0x7fc472b6c0, 1023) = -1 EINVAL (Invalid argument)
31461 rt_sigprocmask(SIG_SETMASK, ~[RTMIN RT_1], [], 8) = 0
31461 rt_sigprocmask(SIG_SETMASK, [], NULL, 8) = 0
31461 openat(AT_FDCWD, "/home/pi/CoralEdgeTpu/lib/libtensorflowlite.so", O_RDONLY|O_CLOEXEC) = 3
31461 rt_sigprocmask(SIG_SETMASK, ~[RTMIN RT_1], [], 8) = 0
31461 rt_sigprocmask(SIG_SETMASK, [], NULL, 8) = 0
31461 read(3, "\177ELF\2\1\1\3\0\0\0\0\0\0\0\0", 16) = 16
31461 lseek(3, 0, SEEK_SET)             = 0
31461 read(3, "\177ELF\2\1\1\3\0\0\0\0\0\0\0\0\3\0\267\0\1\0\0\0\0\0\0\0\0\0\0\0@\0\0\0\0\0\0\0`13\0\0\0\0\0\0\0\0\0@\08\0\t\0@\0 \0\37\0", 64) = 64
31461 lseek(3, 3356960, SEEK_SET)       = 3356960
31461 read(3, "-\1\0\0\3\0\0\0\0\0\0\0\0\0\0\0\0\0\0\0\0\0\0\0\02403\0\0\0\0\0L\1\0\0\0\0\0\0\0\0\0\0\0\0\0\0\1\0\0\0\0\0\0\0\0\0\0\0\0\0\0\0", 64) = 64
31461 lseek(3, 64, SEEK_SET)            = 64
31461 read(3, "\6\0\0\0\4\0\0\0@\0\0\0\0\0\0\0@\0\0\0\0\0\0\0@\0\0\0\0\0\0\0\370\1\0\0\0\0\0\0\370\1\0\0\0\0\0\0\10\0\0\0\0\0\0\0", 56) = 56
31461 lseek(3, 120, SEEK_SET)           = 120
31461 read(3, "\1\0\0\0\5\0\0\0\0\0\0\0\0\0\0\0\0\0\0\0\0\0\0\0\0\0\0\0\0\0\0\0@02\0\0\0\0\0@02\0\0\0\0\0\0\0\1\0\0\0\0\0", 56) = 56
31461 lseek(3, 176, SEEK_SET)           = 176
31461 read(3, "\1\0\0\0\6\0\0\0\200\2542\0\0\0\0\0\200\2543\0\0\0\0\0\200\2543\0\0\0\0\0X\203\0\0\0\0\0\0\351\204\0\0\0\0\0\0\0\0\1\0\0\0\0\0", 56) = 56
31461 lseek(3, 232, SEEK_SET)           = 232
31461 read(3, "\2\0\0\0\6\0\0\0\210\3022\0\0\0\0\0\210\3023\0\0\0\0\0\210\3023\0\0\0\0\0\220\2\0\0\0\0\0\0\220\2\0\0\0\0\0\0\10\0\0\0\0\0\0\0", 56) = 56
31461 lseek(3, 288, SEEK_SET)           = 288
31461 read(3, "\4\0\0\0\4\0\0\08\2\0\0\0\0\0\08\2\0\0\0\0\0\08\2\0\0\0\0\0\0$\0\0\0\0\0\0\0$\0\0\0\0\0\0\0\4\0\0\0\0\0\0\0", 56) = 56
31461 lseek(3, 344, SEEK_SET)           = 344
31461 read(3, "P\345td\4\0\0\0\344\3411\0\0\0\0\0\344\3411\0\0\0\0\0\344\3411\0\0\0\0\0\\N\0\0\0\0\0\0\\N\0\0\0\0\0\0\4\0\0\0\0\0\0\0", 56) = 56
31461 lseek(3, 400, SEEK_SET)           = 400
31461 read(3, "Q\345td\6\0\0\0\0\0\0\0\0\0\0\0\0\0\0\0\0\0\0\0\0\0\0\0\0\0\0\0\0\0\0\0\0\0\0\0\0\0\0\0\0\0\0\0\20\0\0\0\0\0\0\0", 56) = 56
31461 lseek(3, 456, SEEK_SET)           = 456
31461 read(3, "\7\0\0\0\4\0\0\0\200\2542\0\0\0\0\0\200\2543\0\0\0\0\0\200\2543\0\0\0\0\0\30\0\0\0\0\0\0\0\30\0\0\0\0\0\0\0\10\0\0\0\0\0\0\0", 56) = 56
31461 lseek(3, 512, SEEK_SET)           = 512
31461 read(3, "R\345td\6\0\0\0\200\2542\0\0\0\0\0\200\2543\0\0\0\0\0\200\2543\0\0\0\0\0\200S\0\0\0\0\0\0\200S\0\0\0\0\0\0\20\0\0\0\0\0\0\0", 56) = 56
31461 lseek(3, 64, SEEK_SET)            = 64
31461 read(3, "\6\0\0\0\4\0\0\0@\0\0\0\0\0\0\0@\0\0\0\0\0\0\0@\0\0\0\0\0\0\0\370\1\0\0\0\0\0\0\370\1\0\0\0\0\0\0\10\0\0\0\0\0\0\0", 56) = 56
31461 lseek(3, 120, SEEK_SET)           = 120
31461 read(3, "\1\0\0\0\5\0\0\0\0\0\0\0\0\0\0\0\0\0\0\0\0\0\0\0\0\0\0\0\0\0\0\0@02\0\0\0\0\0@02\0\0\0\0\0\0\0\1\0\0\0\0\0", 56) = 56
31461 lseek(3, 176, SEEK_SET)           = 176
31461 read(3, "\1\0\0\0\6\0\0\0\200\2542\0\0\0\0\0\200\2543\0\0\0\0\0\200\2543\0\0\0\0\0X\203\0\0\0\0\0\0\351\204\0\0\0\0\0\0\0\0\1\0\0\0\0\0", 56) = 56
31461 lseek(3, 232, SEEK_SET)           = 232
31461 read(3, "\2\0\0\0\6\0\0\0\210\3022\0\0\0\0\0\210\3023\0\0\0\0\0\210\3023\0\0\0\0\0\220\2\0\0\0\0\0\0\220\2\0\0\0\0\0\0\10\0\0\0\0\0\0\0", 56) = 56
31461 lseek(3, 288, SEEK_SET)           = 288
31461 read(3, "\4\0\0\0\4\0\0\08\2\0\0\0\0\0\08\2\0\0\0\0\0\08\2\0\0\0\0\0\0$\0\0\0\0\0\0\0$\0\0\0\0\0\0\0\4\0\0\0\0\0\0\0", 56) = 56
31461 lseek(3, 568, SEEK_SET)           = 568
31461 read(3, "\4\0\0\0\24\0\0\0\3\0\0\0", 12) = 12
31461 lseek(3, 584, SEEK_SET)           = 584
31461 read(3, "\227\214\25U\vU6\343\226\256\371\26+\26\345AH[\227\\", 20) = 20
31461 lseek(3, 3354976, SEEK_SET)       = 3354976
31461 read(3, "\0\0\0\0\0\0\0\0\0\0\0\0\0\0\0\0\0\0\0\0\0\0\0\0\0\0\0\0\0\0\0\0\0\0\0\0\0\0\0\0\0\0\0\0\0\0\0\0\0\0\0\0\0\0\0\0\0\0\0\0\0\0\0\0", 64) = 64
31461 lseek(3, 3355040, SEEK_SET)       = 3355040
31461 read(3, "\2\1\0\0\7\0\0\0\2\0\0\0\0\0\0\08\2\0\0\0\0\0\08\2\0\0\0\0\0\0$\0\0\0\0\0\0\0\0\0\0\0\0\0\0\0\4\0\0\0\0\0\0\0\0\0\0\0\0\0\0\0", 64) = 64
31461 lseek(3, 3355104, SEEK_SET)       = 3355104
31461 read(3, "\253\0\0\0\v\0\0\0\2\0\0\0\0\0\0\0`\2\0\0\0\0\0\0`\2\0\0\0\0\0\0\250\314\0\0\0\0\0\0\3\0\0\0\2\0\0\0\10\0\0\0\0\0\0\0\30\0\0\0\0\0\0\0", 64) = 64
31461 lseek(3, 3355168, SEEK_SET)       = 3355168
31461 read(3, "K\0\0\0\3\0\0\0\2\0\0\0\0\0\0\0\10\317\0\0\0\0\0\0\10\317\0\0\0\0\0\0r\216\2\0\0\0\0\0\0\0\0\0\0\0\0\0\1\0\0\0\0\0\0\0\0\0\0\0\0\0\0\0", 64) = 64
31461 lseek(3, 3355232, SEEK_SET)       = 3355232
31461 read(3, "\314\0\0\0\366\377\377o\2\0\0\0\0\0\0\0\200]\3\0\0\0\0\0\200]\3\0\0\0\0\0\3406\0\0\0\0\0\0\2\0\0\0\0\0\0\0\10\0\0\0\0\0\0\0\0\0\0\0\0\0\0\0", 64) = 64
31461 lseek(3, 3355296, SEEK_SET)       = 3355296
31461 read(3, "\207\0\0\0\377\377\377o\2\0\0\0\0\0\0\0`\224\3\0\0\0\0\0`\224\3\0\0\0\0\0\16\21\0\0\0\0\0\0\2\0\0\0\0\0\0\0\2\0\0\0\0\0\0\0\2\0\0\0\0\0\0\0", 64) = 64
31461 lseek(3, 3355360, SEEK_SET)       = 3355360
31461 read(3, "\25\1\0\0\375\377\377o\2\0\0\0\0\0\0\0p\245\3\0\0\0\0\0p\245\3\0\0\0\0\08\0\0\0\0\0\0\0\3\0\0\0\2\0\0\0\4\0\0\0\0\0\0\0\0\0\0\0\0\0\0\0", 64) = 64
31461 lseek(3, 3355424, SEEK_SET)       = 3355424
31461 read(3, "a\0\0\0\376\377\377o\2\0\0\0\0\0\0\0\250\245\3\0\0\0\0\0\250\245\3\0\0\0\0\0\320\1\0\0\0\0\0\0\3\0\0\0\5\0\0\0\4\0\0\0\0\0\0\0\0\0\0\0\0\0\0\0", 64) = 64
31461 lseek(3, 3355488, SEEK_SET)       = 3355488
31461 read(3, "}\0\0\0\4\0\0\0\2\0\0\0\0\0\0\0x\247\3\0\0\0\0\0x\247\3\0\0\0\0\0\10\216\0\0\0\0\0\0\2\0\0\0\0\0\0\0\10\0\0\0\0\0\0\0\30\0\0\0\0\0\0\0", 64) = 64
31461 lseek(3, 3355552, SEEK_SET)       = 3355552
31461 read(3, "6\0\0\0\4\0\0\0B\0\0\0\0\0\0\0\2005\4\0\0\0\0\0\2005\4\0\0\0\0\0\230\224\0\0\0\0\0\0\2\0\0\0\v\0\0\0\10\0\0\0\0\0\0\0\30\0\0\0\0\0\0\0", 64) = 64
31461 lseek(3, 3355616, SEEK_SET)       = 3355616
31461 read(3, "@\0\0\0\1\0\0\0\6\0\0\0\0\0\0\0\30\312\4\0\0\0\0\0\30\312\4\0\0\0\0\0\30\0\0\0\0\0\0\0\0\0\0\0\0\0\0\0\4\0\0\0\0\0\0\0\0\0\0\0\0\0\0\0", 64) = 64
31461 lseek(3, 3354708, SEEK_SET)       = 3354708
31461 read(3, ".init\0.bss\0.dynstr\0.eh_frame_hdr\0.gnu.version_r\0.data.rel.ro\0.rela.dyn\0.gnu.version\0.note.gnu.gold-version\0.dynsym\0.data.rel.ro.local\0.fini\0.gnu.hash\0.eh_frame\0.gcc_except_table\0.tm_clone_table\0.note.gnu.build-id\0.gnu.version_d\0.dynamic\0.shstrtab\0.tdata\0.rodata\0.data\0", 268) = 268
31461 lseek(3, 3354708, SEEK_SET)       = 3354708
31461 read(3, ".init\0", 6)             = 6
31461 lseek(3, 3355680, SEEK_SET)       = 3355680
31461 read(3, ";\0\0\0\1\0\0\0\6\0\0\0\0\0\0\0000\312\4\0\0\0\0\0000\312\4\0\0\0\0\0@c\0\0\0\0\0\0\0\0\0\0\0\0\0\0\10\0\0\0\0\0\0\0\20\0\0\0\0\0\0\0", 64) = 64
31461 lseek(3, 3354703, SEEK_SET)       = 3354703
31461 read(3, ".plt\0.init\0.bss\0.dynstr\0.eh_frame_hdr\0.gnu.version_r\0.data.rel.ro\0.rela.dyn\0.gnu.version\0.note.gnu.gold-version\0.dynsym\0.data.rel.ro.local\0.fini\0.gnu.hash\0.eh_frame\0.gcc_except_table\0.tm_clone_table\0.note.gnu.build-id\0.gnu.version_d\0.dynamic\0.shstrtab\0.tdata\0.rodata\0.data\0", 273) = 273
31461 lseek(3, 3354703, SEEK_SET)       = 3354703
31461 read(3, ".plt\0", 5)              = 5
31461 lseek(3, 3355744, SEEK_SET)       = 3355744
31461 read(3, "\31\0\0\0\1\0\0\0\6\0\0\0\0\0\0\0p-\5\0\0\0\0\0p-\5\0\0\0\0\0\20}(\0\0\0\0\0\0\0\0\0\0\0\0\0\20\0\0\0\0\0\0\0\0\0\0\0\0\0\0\0", 64) = 64
31461 lseek(3, 3354669, SEEK_SET)       = 3354669
31461 read(3, ".text\0.got\0.comment\0.got.plt\0.rela.plt\0.init\0.bss\0.dynstr\0.eh_frame_hdr\0.gnu.version_r\0.data.rel.ro\0.rela.dyn\0.gnu.version\0.note.gnu.gold-version\0.dynsym\0.data.rel.ro.local\0.fini\0.gnu.hash\0.eh_frame\0.gcc_except_table\0.tm_clone_table\0.note.gnu.build-id\0.gnu.version_d\0.dynamic\0.shstrtab\0.tdata\0.rodata\0.data\0", 307) = 307
31461 lseek(3, 3354669, SEEK_SET)       = 3354669
31461 read(3, ".text\0", 6)             = 6
31461 lseek(3, 3355808, SEEK_SET)       = 3355808
31461 read(3, "\306\0\0\0\1\0\0\0\6\0\0\0\0\0\0\0\200\252-\0\0\0\0\0\200\252-\0\0\0\0\0\24\0\0\0\0\0\0\0\0\0\0\0\0\0\0\0\4\0\0\0\0\0\0\0\0\0\0\0\0\0\0\0", 64) = 64
31461 lseek(3, 3354842, SEEK_SET)       = 3354842
31461 read(3, ".fini\0.gnu.hash\0.eh_frame\0.gcc_except_table\0.tm_clone_table\0.note.gnu.build-id\0.gnu.version_d\0.dynamic\0.shstrtab\0.tdata\0.rodata\0.data\0", 134) = 134
31461 lseek(3, 3354842, SEEK_SET)       = 3354842
31461 read(3, ".fini\0", 6)             = 6
31461 lseek(3, 3355872, SEEK_SET)       = 3355872
31461 read(3, ">\1\0\0\1\0\0\0\2\0\0\0\0\0\0\0\240\252-\0\0\0\0\0\240\252-\0\0\0\0\0\255\1\1\0\0\0\0\0\0\0\0\0\0\0\0\0\20\0\0\0\0\0\0\0\0\0\0\0\0\0\0\0", 64) = 64
31461 lseek(3, 3354962, SEEK_SET)       = 3354962
31461 read(3, ".rodata\0.data\0", 14)   = 14
31461 lseek(3, 3354962, SEEK_SET)       = 3354962
31461 read(3, ".rodata\0", 8)           = 8
31461 lseek(3, 3355936, SEEK_SET)       = 3355936
31461 read(3, "\340\0\0\0\1\0\0\0\2\0\0\0\0\0\0\0P\254.\0\0\0\0\0P\254.\0\0\0\0\0\376-\0\0\0\0\0\0\0\0\0\0\0\0\0\0\4\0\0\0\0\0\0\0\0\0\0\0\0\0\0\0", 64) = 64
31461 lseek(3, 3354868, SEEK_SET)       = 3354868
31461 read(3, ".gcc_except_table\0.tm_clone_table\0.note.gnu.build-id\0.gnu.version_d\0.dynamic\0.shstrtab\0.tdata\0.rodata\0.data\0", 108) = 108
31461 lseek(3, 3354868, SEEK_SET)       = 3354868
31461 read(3, ".gcc_except_table\0", 18) = 18
31461 lseek(3, 3356000, SEEK_SET)       = 3356000
31461 read(3, "\326\0\0\0\1\0\0\0\2\0\0\0\0\0\0\0P\332.\0\0\0\0\0P\332.\0\0\0\0\0\224\7\3\0\0\0\0\0\0\0\0\0\0\0\0\0\10\0\0\0\0\0\0\0\0\0\0\0\0\0\0\0", 64) = 64
31461 lseek(3, 3354858, SEEK_SET)       = 3354858
31461 read(3, ".eh_frame\0.gcc_except_table\0.tm_clone_table\0.note.gnu.build-id\0.gnu.version_d\0.dynamic\0.shstrtab\0.tdata\0.rodata\0.data\0", 118) = 118
31461 lseek(3, 3354858, SEEK_SET)       = 3354858
31461 read(3, ".eh_frame\0", 10)        = 10
31461 lseek(3, 3356064, SEEK_SET)       = 3356064
31461 read(3, "S\0\0\0\1\0\0\0\2\0\0\0\0\0\0\0\344\3411\0\0\0\0\0\344\3411\0\0\0\0\0\\N\0\0\0\0\0\0\0\0\0\0\0\0\0\0\4\0\0\0\0\0\0\0\0\0\0\0\0\0\0\0", 64) = 64
31461 lseek(3, 3354727, SEEK_SET)       = 3354727
31461 read(3, ".eh_frame_hdr\0.gnu.version_r\0.data.rel.ro\0.rela.dyn\0.gnu.version\0.note.gnu.gold-version\0.dynsym\0.data.rel.ro.local\0.fini\0.gnu.hash\0.eh_frame\0.gcc_except_table\0.tm_clone_table\0.note.gnu.build-id\0.gnu.version_d\0.dynamic\0.shstrtab\0.tdata\0.rodata\0.data\0", 249) = 249
31461 lseek(3, 3354727, SEEK_SET)       = 3354727
31461 read(3, ".eh_frame_hdr\0", 14)    = 14
31461 lseek(3, 3356128, SEEK_SET)       = 3356128
31461 read(3, "7\1\0\0\1\0\0\0\3\4\0\0\0\0\0\0\200\2543\0\0\0\0\0\200\2542\0\0\0\0\0\30\0\0\0\0\0\0\0\0\0\0\0\0\0\0\0\10\0\0\0\0\0\0\0\0\0\0\0\0\0\0\0", 64) = 64
31461 lseek(3, 3354955, SEEK_SET)       = 3354955
31461 read(3, ".tdata\0.rodata\0.data\0", 21) = 21
31461 lseek(3, 3354955, SEEK_SET)       = 3354955
31461 read(3, ".tdata\0", 7)            = 7
31461 lseek(3, 3356192, SEEK_SET)       = 3356192
31461 read(3, "\263\0\0\0\1\0\0\0\3\0\0\0\0\0\0\0\240\2543\0\0\0\0\0\240\2542\0\0\0\0\0\230\7\0\0\0\0\0\0\0\0\0\0\0\0\0\0\20\0\0\0\0\0\0\0\0\0\0\0\0\0\0\0", 64) = 64
31461 lseek(3, 3354823, SEEK_SET)       = 3354823
31461 read(3, ".data.rel.ro.local\0.fini\0.gnu.hash\0.eh_frame\0.gcc_except_table\0.tm_clone_table\0.note.gnu.build-id\0.gnu.version_d\0.dynamic\0.shstrtab\0.tdata\0.rodata\0.data\0", 153) = 153
31461 lseek(3, 3354823, SEEK_SET)       = 3354823
31461 read(3, ".data.rel.ro.local\0", 19) = 19
31461 lseek(3, 3356256, SEEK_SET)       = 3356256
31461 read(3, "\r\0\0\0\17\0\0\0\3\0\0\0\0\0\0\08\2643\0\0\0\0\08\2642\0\0\0\0\0\10\0\0\0\0\0\0\0\0\0\0\0\0\0\0\0\10\0\0\0\0\0\0\0\10\0\0\0\0\0\0\0", 64) = 64
31461 lseek(3, 3356320, SEEK_SET)       = 3356320
31461 read(3, "\1\0\0\0\16\0\0\0\3\0\0\0\0\0\0\0@\2643\0\0\0\0\0@\2642\0\0\0\0\0\30\0\0\0\0\0\0\0\0\0\0\0\0\0\0\0\10\0\0\0\0\0\0\0\10\0\0\0\0\0\0\0", 64) = 64
31461 lseek(3, 3356384, SEEK_SET)       = 3356384
31461 read(3, "p\0\0\0\1\0\0\0\3\0\0\0\0\0\0\0X\2643\0\0\0\0\0X\2642\0\0\0\0\0000\16\0\0\0\0\0\0\0\0\0\0\0\0\0\0\10\0\0\0\0\0\0\0\0\0\0\0\0\0\0\0", 64) = 64
31461 lseek(3, 3354756, SEEK_SET)       = 3354756
31461 read(3, ".data.rel.ro\0.rela.dyn\0.gnu.version\0.note.gnu.gold-version\0.dynsym\0.data.rel.ro.local\0.fini\0.gnu.hash\0.eh_frame\0.gcc_except_table\0.tm_clone_table\0.note.gnu.build-id\0.gnu.version_d\0.dynamic\0.shstrtab\0.tdata\0.rodata\0.data\0", 220) = 220
31461 lseek(3, 3354756, SEEK_SET)       = 3354756
31461 read(3, ".data.rel.ro\0", 13)     = 13
31461 lseek(3, 3356448, SEEK_SET)       = 3356448
31461 read(3, "$\1\0\0\6\0\0\0\3\0\0\0\0\0\0\0\210\3023\0\0\0\0\0\210\3022\0\0\0\0\0\220\2\0\0\0\0\0\0\3\0\0\0\0\0\0\0\10\0\0\0\0\0\0\0\20\0\0\0\0\0\0\0", 64) = 64
31461 lseek(3, 3356512, SEEK_SET)       = 3356512
31461 read(3, "\37\0\0\0\1\0\0\0\3\0\0\0\0\0\0\0\30\3053\0\0\0\0\0\30\3052\0\0\0\0\0@\t\0\0\0\0\0\0\0\0\0\0\0\0\0\0\10\0\0\0\0\0\0\0\0\0\0\0\0\0\0\0", 64) = 64
31461 lseek(3, 3354675, SEEK_SET)       = 3354675
31461 read(3, ".got\0.comment\0.got.plt\0.rela.plt\0.init\0.bss\0.dynstr\0.eh_frame_hdr\0.gnu.version_r\0.data.rel.ro\0.rela.dyn\0.gnu.version\0.note.gnu.gold-version\0.dynsym\0.data.rel.ro.local\0.fini\0.gnu.hash\0.eh_frame\0.gcc_except_table\0.tm_clone_table\0.note.gnu.build-id\0.gnu.version_d\0.dynamic\0.shstrtab\0.tdata\0.rodata\0.data\0", 301) = 301
31461 lseek(3, 3354675, SEEK_SET)       = 3354675
31461 read(3, ".got\0", 5)              = 5
31461 lseek(3, 3356576, SEEK_SET)       = 3356576
31461 read(3, "-\0\0\0\1\0\0\0\3\0\0\0\0\0\0\0X\3163\0\0\0\0\0X\3162\0\0\0\0\0\2501\0\0\0\0\0\0\0\0\0\0\0\0\0\0\10\0\0\0\0\0\0\0\0\0\0\0\0\0\0\0", 64) = 64
31461 lseek(3, 3354689, SEEK_SET)       = 3354689
31461 read(3, ".got.plt\0.rela.plt\0.init\0.bss\0.dynstr\0.eh_frame_hdr\0.gnu.version_r\0.data.rel.ro\0.rela.dyn\0.gnu.version\0.note.gnu.gold-version\0.dynsym\0.data.rel.ro.local\0.fini\0.gnu.hash\0.eh_frame\0.gcc_except_table\0.tm_clone_table\0.note.gnu.build-id\0.gnu.version_d\0.dynamic\0.shstrtab\0.tdata\0.rodata\0.data\0", 287) = 287
31461 lseek(3, 3354689, SEEK_SET)       = 3354689
31461 read(3, ".got.plt\0", 9)          = 9
31461 lseek(3, 3356640, SEEK_SET)       = 3356640
31461 read(3, "\362\0\0\0\1\0\0\0\3\0\0\0\0\0\0\0\0\0004\0\0\0\0\0\0\0003\0\0\0\0\0\0\0\0\0\0\0\0\0\0\0\0\0\0\0\0\0\10\0\0\0\0\0\0\0\0\0\0\0\0\0\0\0", 64) = 64
31461 lseek(3, 3354886, SEEK_SET)       = 3354886
31461 read(3, ".tm_clone_table\0.note.gnu.build-id\0.gnu.version_d\0.dynamic\0.shstrtab\0.tdata\0.rodata\0.data\0", 90) = 90
31461 lseek(3, 3354886, SEEK_SET)       = 3354886
31461 read(3, ".tm_clone_table\0", 16)  = 16
31461 lseek(3, 3356704, SEEK_SET)       = 3356704
31461 read(3, "F\1\0\0\1\0\0\0\3\0\0\0\0\0\0\0\0\0004\0\0\0\0\0\0\0003\0\0\0\0\0\330/\0\0\0\0\0\0\0\0\0\0\0\0\0\0\10\0\0\0\0\0\0\0\0\0\0\0\0\0\0\0", 64) = 64
31461 lseek(3, 3354970, SEEK_SET)       = 3354970
31461 read(3, ".data\0", 6)             = 6
31461 lseek(3, 3354970, SEEK_SET)       = 3354970
31461 read(3, ".data\0", 6)             = 6
31461 lseek(3, 3356768, SEEK_SET)       = 3356768
31461 read(3, "F\0\0\0\10\0\0\0\3\0\0\0\0\0\0\0\340/4\0\0\0\0\0\330/3\0\0\0\0\0\211\1\0\0\0\0\0\0\0\0\0\0\0\0\0\0\20\0\0\0\0\0\0\0\0\0\0\0\0\0\0\0", 64) = 64
31461 lseek(3, 3356832, SEEK_SET)       = 3356832
31461 read(3, "$\0\0\0\1\0\0\0000\0\0\0\0\0\0\0\0\0\0\0\0\0\0\0\330/3\0\0\0\0\0 \0\0\0\0\0\0\0\0\0\0\0\0\0\0\0\1\0\0\0\0\0\0\0\1\0\0\0\0\0\0\0", 64) = 64
31461 lseek(3, 3354680, SEEK_SET)       = 3354680
31461 read(3, ".comment\0.got.plt\0.rela.plt\0.init\0.bss\0.dynstr\0.eh_frame_hdr\0.gnu.version_r\0.data.rel.ro\0.rela.dyn\0.gnu.version\0.note.gnu.gold-version\0.dynsym\0.data.rel.ro.local\0.fini\0.gnu.hash\0.eh_frame\0.gcc_except_table\0.tm_clone_table\0.note.gnu.build-id\0.gnu.version_d\0.dynamic\0.shstrtab\0.tdata\0.rodata\0.data\0", 296) = 296
31461 lseek(3, 3354680, SEEK_SET)       = 3354680
31461 read(3, ".comment\0", 9)          = 9
31461 lseek(3, 3356896, SEEK_SET)       = 3356896
31461 read(3, "\224\0\0\0\7\0\0\0\0\0\0\0\0\0\0\0\0\0\0\0\0\0\0\0\370/3\0\0\0\0\0\34\0\0\0\0\0\0\0\0\0\0\0\0\0\0\0\4\0\0\0\0\0\0\0\0\0\0\0\0\0\0\0", 64) = 64
31461 lseek(3, 3356960, SEEK_SET)       = 3356960
31461 read(3, "-\1\0\0\3\0\0\0\0\0\0\0\0\0\0\0\0\0\0\0\0\0\0\0\02403\0\0\0\0\0L\1\0\0\0\0\0\0\0\0\0\0\0\0\0\0\1\0\0\0\0\0\0\0\0\0\0\0\0\0\0\0", 64) = 64
31461 rt_sigprocmask(SIG_SETMASK, ~[RTMIN RT_1], [], 8) = 0
31461 rt_sigprocmask(SIG_SETMASK, [], NULL, 8) = 0
31461 close(3)                          = 0
31461 rt_sigprocmask(SIG_SETMASK, ~[RTMIN RT_1], [], 8) = 0
31461 rt_sigprocmask(SIG_SETMASK, [], NULL, 8) = 0
31461 readlinkat(AT_FDCWD, "/home", 0x7fc472b6c0, 1023) = -1 EINVAL (Invalid argument)
31461 readlinkat(AT_FDCWD, "/home/pi", 0x7fc472b6c0, 1023) = -1 EINVAL (Invalid argument)
31461 readlinkat(AT_FDCWD, "/home/pi/CoralEdgeTpu", 0x7fc472b6c0, 1023) = -1 EINVAL (Invalid argument)
31461 readlinkat(AT_FDCWD, "/home/pi/CoralEdgeTpu/lib", 0x7fc472b6c0, 1023) = -1 EINVAL (Invalid argument)
31461 readlinkat(AT_FDCWD, "/home/pi/CoralEdgeTpu/lib/libedgetpu.so.1", "/usr/lib/aarch64-linux-gnu/libedgetpu.so.1.0", 1023) = 44
31461 readlinkat(AT_FDCWD, "/usr", 0x7fc472b6c0, 1023) = -1 EINVAL (Invalid argument)
31461 readlinkat(AT_FDCWD, "/usr/lib", 0x7fc472b6c0, 1023) = -1 EINVAL (Invalid argument)
31461 readlinkat(AT_FDCWD, "/usr/lib/aarch64-linux-gnu", 0x7fc472b6c0, 1023) = -1 EINVAL (Invalid argument)
31461 readlinkat(AT_FDCWD, "/usr/lib/aarch64-linux-gnu/libedgetpu.so.1.0", 0x7fc472b6c0, 1023) = -1 EINVAL (Invalid argument)
31461 rt_sigprocmask(SIG_SETMASK, ~[RTMIN RT_1], [], 8) = 0
31461 rt_sigprocmask(SIG_SETMASK, [], NULL, 8) = 0
31461 openat(AT_FDCWD, "/usr/lib/aarch64-linux-gnu/libedgetpu.so.1.0", O_RDONLY|O_CLOEXEC) = 3
31461 rt_sigprocmask(SIG_SETMASK, ~[RTMIN RT_1], [], 8) = 0
31461 rt_sigprocmask(SIG_SETMASK, [], NULL, 8) = 0
31461 read(3, "\177ELF\2\1\1\0\0\0\0\0\0\0\0\0", 16) = 16
31461 lseek(3, 0, SEEK_SET)             = 0
31461 read(3, "\177ELF\2\1\1\0\0\0\0\0\0\0\0\0\3\0\267\0\1\0\0\0\0\0\0\0\0\0\0\0@\0\0\0\0\0\0\0PL\21\0\0\0\0\0\0\0\0\0@\08\0\10\0@\0$\0#\0", 64) = 64
31461 lseek(3, 1135888, SEEK_SET)       = 1135888
31461 read(3, "\21\0\0\0\3\0\0\0\0\0\0\0\0\0\0\0\0\0\0\0\0\0\0\0\330J\21\0\0\0\0\0v\1\0\0\0\0\0\0\0\0\0\0\0\0\0\0\1\0\0\0\0\0\0\0\0\0\0\0\0\0\0\0", 64) = 64
31461 lseek(3, 64, SEEK_SET)            = 64
31461 read(3, "\6\0\0\0\4\0\0\0@\0\0\0\0\0\0\0@\0\0\0\0\0\0\0@\0\0\0\0\0\0\0\300\1\0\0\0\0\0\0\300\1\0\0\0\0\0\0\10\0\0\0\0\0\0\0", 56) = 56
31461 lseek(3, 120, SEEK_SET)           = 120
31461 read(3, "\1\0\0\0\5\0\0\0\0\0\0\0\0\0\0\0\0\0\0\0\0\0\0\0\0\0\0\0\0\0\0\0\310\223\20\0\0\0\0\0\310\223\20\0\0\0\0\0\0\0\1\0\0\0\0\0", 56) = 56
31461 lseek(3, 176, SEEK_SET)           = 176
31461 read(3, "\1\0\0\0\6\0\0\0\20\305\20\0\0\0\0\0\20\305\21\0\0\0\0\0\20\305\21\0\0\0\0\0\340@\0\0\0\0\0\0\350f\0\0\0\0\0\0\0\0\1\0\0\0\0\0", 56) = 56
31461 lseek(3, 232, SEEK_SET)           = 232
31461 read(3, "\2\0\0\0\6\0\0\0\200\357\20\0\0\0\0\0\200\357\21\0\0\0\0\0\200\357\21\0\0\0\0\0\200\2\0\0\0\0\0\0\200\2\0\0\0\0\0\0\10\0\0\0\0\0\0\0", 56) = 56
31461 lseek(3, 288, SEEK_SET)           = 288
31461 read(3, "\4\0\0\0\4\0\0\0\0\2\0\0\0\0\0\0\0\2\0\0\0\0\0\0\0\2\0\0\0\0\0\0$\0\0\0\0\0\0\0$\0\0\0\0\0\0\0\4\0\0\0\0\0\0\0", 56) = 56
31461 lseek(3, 344, SEEK_SET)           = 344
31461 read(3, "P\345td\4\0\0\0\234a\20\0\0\0\0\0\234a\20\0\0\0\0\0\234a\20\0\0\0\0\0,2\0\0\0\0\0\0,2\0\0\0\0\0\0\4\0\0\0\0\0\0\0", 56) = 56
31461 lseek(3, 400, SEEK_SET)           = 400
31461 read(3, "Q\345td\6\0\0\0\0\0\0\0\0\0\0\0\0\0\0\0\0\0\0\0\0\0\0\0\0\0\0\0\0\0\0\0\0\0\0\0\0\0\0\0\0\0\0\0\20\0\0\0\0\0\0\0", 56) = 56
31461 lseek(3, 456, SEEK_SET)           = 456
31461 read(3, "R\345td\6\0\0\0\20\305\20\0\0\0\0\0\20\305\21\0\0\0\0\0\20\305\21\0\0\0\0\0\360:\0\0\0\0\0\0\360:\0\0\0\0\0\0\20\0\0\0\0\0\0\0", 56) = 56
31461 lseek(3, 64, SEEK_SET)            = 64
31461 read(3, "\6\0\0\0\4\0\0\0@\0\0\0\0\0\0\0@\0\0\0\0\0\0\0@\0\0\0\0\0\0\0\300\1\0\0\0\0\0\0\300\1\0\0\0\0\0\0\10\0\0\0\0\0\0\0", 56) = 56
31461 lseek(3, 120, SEEK_SET)           = 120
31461 read(3, "\1\0\0\0\5\0\0\0\0\0\0\0\0\0\0\0\0\0\0\0\0\0\0\0\0\0\0\0\0\0\0\0\310\223\20\0\0\0\0\0\310\223\20\0\0\0\0\0\0\0\1\0\0\0\0\0", 56) = 56
31461 lseek(3, 176, SEEK_SET)           = 176
31461 read(3, "\1\0\0\0\6\0\0\0\20\305\20\0\0\0\0\0\20\305\21\0\0\0\0\0\20\305\21\0\0\0\0\0\340@\0\0\0\0\0\0\350f\0\0\0\0\0\0\0\0\1\0\0\0\0\0", 56) = 56
31461 lseek(3, 232, SEEK_SET)           = 232
31461 read(3, "\2\0\0\0\6\0\0\0\200\357\20\0\0\0\0\0\200\357\21\0\0\0\0\0\200\357\21\0\0\0\0\0\200\2\0\0\0\0\0\0\200\2\0\0\0\0\0\0\10\0\0\0\0\0\0\0", 56) = 56
31461 lseek(3, 288, SEEK_SET)           = 288
31461 read(3, "\4\0\0\0\4\0\0\0\0\2\0\0\0\0\0\0\0\2\0\0\0\0\0\0\0\2\0\0\0\0\0\0$\0\0\0\0\0\0\0$\0\0\0\0\0\0\0\4\0\0\0\0\0\0\0", 56) = 56
31461 lseek(3, 512, SEEK_SET)           = 512
31461 read(3, "\4\0\0\0\24\0\0\0\3\0\0\0", 12) = 12
31461 lseek(3, 528, SEEK_SET)           = 528
31461 read(3, "\272\223c\345,*\206,\323\336m\244\223K\300\316\25\205-\351", 20) = 20
31461 lseek(3, 1133648, SEEK_SET)       = 1133648
31461 read(3, "\0\0\0\0\0\0\0\0\0\0\0\0\0\0\0\0\0\0\0\0\0\0\0\0\0\0\0\0\0\0\0\0\0\0\0\0\0\0\0\0\0\0\0\0\0\0\0\0\0\0\0\0\0\0\0\0\0\0\0\0\0\0\0\0", 64) = 64
31461 lseek(3, 1133712, SEEK_SET)       = 1133712
31461 read(3, "\33\0\0\0\7\0\0\0\2\0\0\0\0\0\0\0\0\2\0\0\0\0\0\0\0\2\0\0\0\0\0\0$\0\0\0\0\0\0\0\0\0\0\0\0\0\0\0\4\0\0\0\0\0\0\0\0\0\0\0\0\0\0\0", 64) = 64
31461 lseek(3, 1133776, SEEK_SET)       = 1133776
31461 read(3, ".\0\0\0\v\0\0\0\2\0\0\0\0\0\0\0(\2\0\0\0\0\0\0(\2\0\0\0\0\0\0\250\36\0\0\0\0\0\0\3\0\0\0\1\0\0\0\10\0\0\0\0\0\0\0\30\0\0\0\0\0\0\0", 64) = 64
31461 lseek(3, 1133840, SEEK_SET)       = 1133840
31461 read(3, "6\0\0\0\3\0\0\0\2\0\0\0\0\0\0\0\320 \0\0\0\0\0\0\320 \0\0\0\0\0\0\227$\0\0\0\0\0\0\0\0\0\0\0\0\0\0\1\0\0\0\0\0\0\0\0\0\0\0\0\0\0\0", 64) = 64
31461 lseek(3, 1133904, SEEK_SET)       = 1133904
31461 read(3, ">\0\0\0\366\377\377o\2\0\0\0\0\0\0\0hE\0\0\0\0\0\0hE\0\0\0\0\0\0h\0\0\0\0\0\0\0\2\0\0\0\0\0\0\0\10\0\0\0\0\0\0\0\0\0\0\0\0\0\0\0", 64) = 64
31461 lseek(3, 1133968, SEEK_SET)       = 1133968
31461 read(3, "H\0\0\0\377\377\377o\2\0\0\0\0\0\0\0\320E\0\0\0\0\0\0\320E\0\0\0\0\0\0\216\2\0\0\0\0\0\0\2\0\0\0\0\0\0\0\2\0\0\0\0\0\0\0\2\0\0\0\0\0\0\0", 64) = 64
31461 lseek(3, 1134032, SEEK_SET)       = 1134032
31461 read(3, "U\0\0\0\375\377\377o\2\0\0\0\0\0\0\0`H\0\0\0\0\0\0`H\0\0\0\0\0\08\0\0\0\0\0\0\0\3\0\0\0\2\0\0\0\4\0\0\0\0\0\0\0\0\0\0\0\0\0\0\0", 64) = 64
31461 lseek(3, 1134096, SEEK_SET)       = 1134096
31461 read(3, "d\0\0\0\376\377\377o\2\0\0\0\0\0\0\0\230H\0\0\0\0\0\0\230H\0\0\0\0\0\0\260\1\0\0\0\0\0\0\3\0\0\0\6\0\0\0\4\0\0\0\0\0\0\0\0\0\0\0\0\0\0\0", 64) = 64
31461 lseek(3, 1134160, SEEK_SET)       = 1134160
31461 read(3, "s\0\0\0\4\0\0\0\2\0\0\0\0\0\0\0HJ\0\0\0\0\0\0HJ\0\0\0\0\0\0P\224\0\0\0\0\0\0\2\0\0\0\0\0\0\0\10\0\0\0\0\0\0\0\30\0\0\0\0\0\0\0", 64) = 64
31461 lseek(3, 1134224, SEEK_SET)       = 1134224
31461 read(3, "}\0\0\0\4\0\0\0B\0\0\0\0\0\0\0\230\336\0\0\0\0\0\0\230\336\0\0\0\0\0\0\340\20\0\0\0\0\0\0\2\0\0\0\33\0\0\0\10\0\0\0\0\0\0\0\30\0\0\0\0\0\0\0", 64) = 64
31461 lseek(3, 1134288, SEEK_SET)       = 1134288
31461 read(3, "\207\0\0\0\1\0\0\0\6\0\0\0\0\0\0\0x\357\0\0\0\0\0\0x\357\0\0\0\0\0\0\24\0\0\0\0\0\0\0\0\0\0\0\0\0\0\0\4\0\0\0\0\0\0\0\0\0\0\0\0\0\0\0", 64) = 64
31461 lseek(3, 1133407, SEEK_SET)       = 1133407
31461 read(3, ".init\0.text\0malloc_hook\0.fini\0.rodata\0.gcc_except_table\0flags_help_cold\0.eh_frame\0.eh_frame_hdr\0.data.rel.ro.local\0.init_array\0.fini_array\0.jcr\0.data.rel.ro\0.dynamic\0.got\0.got.plt\0.tm_clone_table\0.data\0.bss\0.comment\0.note.gnu.gold-version\0", 239) = 239
31461 lseek(3, 1133407, SEEK_SET)       = 1133407
31461 read(3, ".init\0", 6)             = 6
31461 lseek(3, 1134352, SEEK_SET)       = 1134352
31461 read(3, "\202\0\0\0\1\0\0\0\6\0\0\0\0\0\0\0\220\357\0\0\0\0\0\0\220\357\0\0\0\0\0\0`\v\0\0\0\0\0\0\0\0\0\0\0\0\0\0\10\0\0\0\0\0\0\0\20\0\0\0\0\0\0\0", 64) = 64
31461 lseek(3, 1133402, SEEK_SET)       = 1133402
31461 read(3, ".plt\0.init\0.text\0malloc_hook\0.fini\0.rodata\0.gcc_except_table\0flags_help_cold\0.eh_frame\0.eh_frame_hdr\0.data.rel.ro.local\0.init_array\0.fini_array\0.jcr\0.data.rel.ro\0.dynamic\0.got\0.got.plt\0.tm_clone_table\0.data\0.bss\0.comment\0.note.gnu.gold-version\0", 244) = 244
31461 lseek(3, 1133402, SEEK_SET)       = 1133402
31461 read(3, ".plt\0", 5)              = 5
31461 lseek(3, 1134416, SEEK_SET)       = 1134416
31461 read(3, "\215\0\0\0\1\0\0\0\6\0\0\0\0\0\0\0\360\372\0\0\0\0\0\0\360\372\0\0\0\0\0\0L\f\f\0\0\0\0\0\0\0\0\0\0\0\0\0\20\0\0\0\0\0\0\0\0\0\0\0\0\0\0\0", 64) = 64
31461 lseek(3, 1133413, SEEK_SET)       = 1133413
31461 read(3, ".text\0malloc_hook\0.fini\0.rodata\0.gcc_except_table\0flags_help_cold\0.eh_frame\0.eh_frame_hdr\0.data.rel.ro.local\0.init_array\0.fini_array\0.jcr\0.data.rel.ro\0.dynamic\0.got\0.got.plt\0.tm_clone_table\0.data\0.bss\0.comment\0.note.gnu.gold-version\0", 233) = 233
31461 lseek(3, 1133413, SEEK_SET)       = 1133413
31461 read(3, ".text\0", 6)             = 6
31461 lseek(3, 1134480, SEEK_SET)       = 1134480
31461 read(3, "\223\0\0\0\1\0\0\0\6\0\0\0\0\0\0\0@\7\r\0\0\0\0\0@\7\r\0\0\0\0\0P\2\0\0\0\0\0\0\0\0\0\0\0\0\0\0\10\0\0\0\0\0\0\0\0\0\0\0\0\0\0\0", 64) = 64
31461 lseek(3, 1133419, SEEK_SET)       = 1133419
31461 read(3, "malloc_hook\0.fini\0.rodata\0.gcc_except_table\0flags_help_cold\0.eh_frame\0.eh_frame_hdr\0.data.rel.ro.local\0.init_array\0.fini_array\0.jcr\0.data.rel.ro\0.dynamic\0.got\0.got.plt\0.tm_clone_table\0.data\0.bss\0.comment\0.note.gnu.gold-version\0", 227) = 227
31461 lseek(3, 1133419, SEEK_SET)       = 1133419
31461 read(3, "malloc_hook\0", 12)      = 12
31461 lseek(3, 1134544, SEEK_SET)       = 1134544
31461 read(3, "\237\0\0\0\1\0\0\0\6\0\0\0\0\0\0\0\220\t\r\0\0\0\0\0\220\t\r\0\0\0\0\0\20\0\0\0\0\0\0\0\0\0\0\0\0\0\0\0\4\0\0\0\0\0\0\0\0\0\0\0\0\0\0\0", 64) = 64
31461 lseek(3, 1133431, SEEK_SET)       = 1133431
31461 read(3, ".fini\0.rodata\0.gcc_except_table\0flags_help_cold\0.eh_frame\0.eh_frame_hdr\0.data.rel.ro.local\0.init_array\0.fini_array\0.jcr\0.data.rel.ro\0.dynamic\0.got\0.got.plt\0.tm_clone_table\0.data\0.bss\0.comment\0.note.gnu.gold-version\0", 215) = 215
31461 lseek(3, 1133431, SEEK_SET)       = 1133431
31461 read(3, ".fini\0", 6)             = 6
31461 lseek(3, 1134608, SEEK_SET)       = 1134608
31461 read(3, "\245\0\0\0\1\0\0\0\2\0\0\0\0\0\0\0\240\t\r\0\0\0\0\0\240\t\r\0\0\0\0\0`Z\1\0\0\0\0\0\0\0\0\0\0\0\0\0\20\0\0\0\0\0\0\0\0\0\0\0\0\0\0\0", 64) = 64
31461 lseek(3, 1133437, SEEK_SET)       = 1133437
31461 read(3, ".rodata\0.gcc_except_table\0flags_help_cold\0.eh_frame\0.eh_frame_hdr\0.data.rel.ro.local\0.init_array\0.fini_array\0.jcr\0.data.rel.ro\0.dynamic\0.got\0.got.plt\0.tm_clone_table\0.data\0.bss\0.comment\0.note.gnu.gold-version\0", 209) = 209
31461 lseek(3, 1133437, SEEK_SET)       = 1133437
31461 read(3, ".rodata\0", 8)           = 8
31461 lseek(3, 1134672, SEEK_SET)       = 1134672
31461 read(3, "\255\0\0\0\1\0\0\0\2\0\0\0\0\0\0\0\0d\16\0\0\0\0\0\0d\16\0\0\0\0\0002\251\0\0\0\0\0\0\0\0\0\0\0\0\0\0\4\0\0\0\0\0\0\0\0\0\0\0\0\0\0\0", 64) = 64
31461 lseek(3, 1133445, SEEK_SET)       = 1133445
31461 read(3, ".gcc_except_table\0flags_help_cold\0.eh_frame\0.eh_frame_hdr\0.data.rel.ro.local\0.init_array\0.fini_array\0.jcr\0.data.rel.ro\0.dynamic\0.got\0.got.plt\0.tm_clone_table\0.data\0.bss\0.comment\0.note.gnu.gold-version\0", 201) = 201
31461 lseek(3, 1133445, SEEK_SET)       = 1133445
31461 read(3, ".gcc_except_table\0", 18) = 18
31461 lseek(3, 1134736, SEEK_SET)       = 1134736
31461 read(3, "\277\0\0\0\1\0\0\0\2\0\0\0\0\0\0\08\r\17\0\0\0\0\08\r\17\0\0\0\0\0\3\4\0\0\0\0\0\0\0\0\0\0\0\0\0\0\10\0\0\0\0\0\0\0\0\0\0\0\0\0\0\0", 64) = 64
31461 lseek(3, 1133463, SEEK_SET)       = 1133463
31461 read(3, "flags_help_cold\0.eh_frame\0.eh_frame_hdr\0.data.rel.ro.local\0.init_array\0.fini_array\0.jcr\0.data.rel.ro\0.dynamic\0.got\0.got.plt\0.tm_clone_table\0.data\0.bss\0.comment\0.note.gnu.gold-version\0", 183) = 183
31461 lseek(3, 1133463, SEEK_SET)       = 1133463
31461 read(3, "flags_help_cold\0", 16)  = 16
31461 lseek(3, 1134800, SEEK_SET)       = 1134800
31461 read(3, "\317\0\0\0\1\0\0\0\2\0\0\0\0\0\0\0@\21\17\0\0\0\0\0@\21\17\0\0\0\0\0\\P\1\0\0\0\0\0\0\0\0\0\0\0\0\0\10\0\0\0\0\0\0\0\0\0\0\0\0\0\0\0", 64) = 64
31461 lseek(3, 1133479, SEEK_SET)       = 1133479
31461 read(3, ".eh_frame\0.eh_frame_hdr\0.data.rel.ro.local\0.init_array\0.fini_array\0.jcr\0.data.rel.ro\0.dynamic\0.got\0.got.plt\0.tm_clone_table\0.data\0.bss\0.comment\0.note.gnu.gold-version\0", 167) = 167
31461 lseek(3, 1133479, SEEK_SET)       = 1133479
31461 read(3, ".eh_frame\0", 10)        = 10
31461 lseek(3, 1134864, SEEK_SET)       = 1134864
31461 read(3, "\331\0\0\0\1\0\0\0\2\0\0\0\0\0\0\0\234a\20\0\0\0\0\0\234a\20\0\0\0\0\0,2\0\0\0\0\0\0\0\0\0\0\0\0\0\0\4\0\0\0\0\0\0\0\0\0\0\0\0\0\0\0", 64) = 64
31461 lseek(3, 1133489, SEEK_SET)       = 1133489
31461 read(3, ".eh_frame_hdr\0.data.rel.ro.local\0.init_array\0.fini_array\0.jcr\0.data.rel.ro\0.dynamic\0.got\0.got.plt\0.tm_clone_table\0.data\0.bss\0.comment\0.note.gnu.gold-version\0", 157) = 157
31461 lseek(3, 1133489, SEEK_SET)       = 1133489
31461 read(3, ".eh_frame_hdr\0", 14)    = 14
31461 lseek(3, 1134928, SEEK_SET)       = 1134928
31461 read(3, "\347\0\0\0\1\0\0\0\3\0\0\0\0\0\0\0\20\305\21\0\0\0\0\0\20\305\20\0\0\0\0\0\230\1\0\0\0\0\0\0\0\0\0\0\0\0\0\0\20\0\0\0\0\0\0\0\0\0\0\0\0\0\0\0", 64) = 64
31461 lseek(3, 1133503, SEEK_SET)       = 1133503
31461 read(3, ".data.rel.ro.local\0.init_array\0.fini_array\0.jcr\0.data.rel.ro\0.dynamic\0.got\0.got.plt\0.tm_clone_table\0.data\0.bss\0.comment\0.note.gnu.gold-version\0", 143) = 143
31461 lseek(3, 1133503, SEEK_SET)       = 1133503
31461 read(3, ".data.rel.ro.local\0", 19) = 19
31461 lseek(3, 1134992, SEEK_SET)       = 1134992
31461 read(3, "\372\0\0\0\16\0\0\0\3\0\0\0\0\0\0\0\250\306\21\0\0\0\0\0\250\306\20\0\0\0\0\0X\0\0\0\0\0\0\0\0\0\0\0\0\0\0\0\10\0\0\0\0\0\0\0\10\0\0\0\0\0\0\0", 64) = 64
31461 lseek(3, 1135056, SEEK_SET)       = 1135056
31461 read(3, "\6\1\0\0\17\0\0\0\3\0\0\0\0\0\0\0\0\307\21\0\0\0\0\0\0\307\20\0\0\0\0\0\10\0\0\0\0\0\0\0\0\0\0\0\0\0\0\0\10\0\0\0\0\0\0\0\10\0\0\0\0\0\0\0", 64) = 64
31461 lseek(3, 1135120, SEEK_SET)       = 1135120
31461 read(3, "\22\1\0\0\1\0\0\0\3\0\0\0\0\0\0\0\10\307\21\0\0\0\0\0\10\307\20\0\0\0\0\0\10\0\0\0\0\0\0\0\0\0\0\0\0\0\0\0\10\0\0\0\0\0\0\0\0\0\0\0\0\0\0\0", 64) = 64
31461 lseek(3, 1133546, SEEK_SET)       = 1133546
31461 read(3, ".jcr\0.data.rel.ro\0.dynamic\0.got\0.got.plt\0.tm_clone_table\0.data\0.bss\0.comment\0.note.gnu.gold-version\0", 100) = 100
31461 lseek(3, 1133546, SEEK_SET)       = 1133546
31461 read(3, ".jcr\0", 5)              = 5
31461 lseek(3, 1135184, SEEK_SET)       = 1135184
31461 read(3, "\27\1\0\0\1\0\0\0\3\0\0\0\0\0\0\0\20\307\21\0\0\0\0\0\20\307\20\0\0\0\0\0p(\0\0\0\0\0\0\0\0\0\0\0\0\0\0\10\0\0\0\0\0\0\0\0\0\0\0\0\0\0\0", 64) = 64
31461 lseek(3, 1133551, SEEK_SET)       = 1133551
31461 read(3, ".data.rel.ro\0.dynamic\0.got\0.got.plt\0.tm_clone_table\0.data\0.bss\0.comment\0.note.gnu.gold-version\0", 95) = 95
31461 lseek(3, 1133551, SEEK_SET)       = 1133551
31461 read(3, ".data.rel.ro\0", 13)     = 13
31461 lseek(3, 1135248, SEEK_SET)       = 1135248
31461 read(3, "$\1\0\0\6\0\0\0\3\0\0\0\0\0\0\0\200\357\21\0\0\0\0\0\200\357\20\0\0\0\0\0\200\2\0\0\0\0\0\0\3\0\0\0\0\0\0\0\10\0\0\0\0\0\0\0\20\0\0\0\0\0\0\0", 64) = 64
31461 lseek(3, 1135312, SEEK_SET)       = 1135312
31461 read(3, "-\1\0\0\1\0\0\0\3\0\0\0\0\0\0\0\0\362\21\0\0\0\0\0\0\362\20\0\0\0\0\0@\10\0\0\0\0\0\0\0\0\0\0\0\0\0\0\10\0\0\0\0\0\0\0\0\0\0\0\0\0\0\0", 64) = 64
31461 lseek(3, 1133573, SEEK_SET)       = 1133573
31461 read(3, ".got\0.got.plt\0.tm_clone_table\0.data\0.bss\0.comment\0.note.gnu.gold-version\0", 73) = 73
31461 lseek(3, 1133573, SEEK_SET)       = 1133573
31461 read(3, ".got\0", 5)              = 5
31461 lseek(3, 1135376, SEEK_SET)       = 1135376
31461 read(3, "2\1\0\0\1\0\0\0\3\0\0\0\0\0\0\0@\372\21\0\0\0\0\0@\372\20\0\0\0\0\0\270\5\0\0\0\0\0\0\0\0\0\0\0\0\0\0\10\0\0\0\0\0\0\0\0\0\0\0\0\0\0\0", 64) = 64
31461 lseek(3, 1133578, SEEK_SET)       = 1133578
31461 read(3, ".got.plt\0.tm_clone_table\0.data\0.bss\0.comment\0.note.gnu.gold-version\0", 68) = 68
31461 lseek(3, 1133578, SEEK_SET)       = 1133578
31461 read(3, ".got.plt\0", 9)          = 9
31461 lseek(3, 1135440, SEEK_SET)       = 1135440
31461 read(3, ";\1\0\0\1\0\0\0\3\0\0\0\0\0\0\0\0\0\22\0\0\0\0\0\0\0\21\0\0\0\0\0\0\0\0\0\0\0\0\0\0\0\0\0\0\0\0\0\10\0\0\0\0\0\0\0\0\0\0\0\0\0\0\0", 64) = 64
31461 lseek(3, 1133587, SEEK_SET)       = 1133587
31461 read(3, ".tm_clone_table\0.data\0.bss\0.comment\0.note.gnu.gold-version\0", 59) = 59
31461 lseek(3, 1133587, SEEK_SET)       = 1133587
31461 read(3, ".tm_clone_table\0", 16)  = 16
31461 lseek(3, 1135504, SEEK_SET)       = 1135504
31461 read(3, "K\1\0\0\1\0\0\0\3\0\0\0\0\0\0\0\0\0\22\0\0\0\0\0\0\0\21\0\0\0\0\0\360\5\0\0\0\0\0\0\0\0\0\0\0\0\0\0\10\0\0\0\0\0\0\0\0\0\0\0\0\0\0\0", 64) = 64
31461 lseek(3, 1133603, SEEK_SET)       = 1133603
31461 read(3, ".data\0.bss\0.comment\0.note.gnu.gold-version\0", 43) = 43
31461 lseek(3, 1133603, SEEK_SET)       = 1133603
31461 read(3, ".data\0", 6)             = 6
31461 lseek(3, 1135568, SEEK_SET)       = 1135568
31461 read(3, "Q\1\0\0\10\0\0\0\3\0\0\0\0\0\0\0\0\6\22\0\0\0\0\0\360\5\21\0\0\0\0\0\370%\0\0\0\0\0\0\0\0\0\0\0\0\0\0@\0\0\0\0\0\0\0\0\0\0\0\0\0\0\0", 64) = 64
31461 lseek(3, 1135632, SEEK_SET)       = 1135632
31461 read(3, "V\1\0\0\1\0\0\0000\0\0\0\0\0\0\0\0\0\0\0\0\0\0\0\360\5\21\0\0\0\0\0'\0\0\0\0\0\0\0\0\0\0\0\0\0\0\0\1\0\0\0\0\0\0\0\1\0\0\0\0\0\0\0", 64) = 64
31461 lseek(3, 1133614, SEEK_SET)       = 1133614
31461 read(3, ".comment\0.note.gnu.gold-version\0", 32) = 32
31461 lseek(3, 1133614, SEEK_SET)       = 1133614
31461 read(3, ".comment\0", 9)          = 9
31461 lseek(3, 1135696, SEEK_SET)       = 1135696
31461 read(3, "_\1\0\0\7\0\0\0\0\0\0\0\0\0\0\0\0\0\0\0\0\0\0\0\30\6\21\0\0\0\0\0\34\0\0\0\0\0\0\0\0\0\0\0\0\0\0\0\4\0\0\0\0\0\0\0\0\0\0\0\0\0\0\0", 64) = 64
31461 lseek(3, 1135760, SEEK_SET)       = 1135760
31461 read(3, "\1\0\0\0\2\0\0\0\0\0\0\0\0\0\0\0\0\0\0\0\0\0\0\08\6\21\0\0\0\0\0\250!\0\0\0\0\0\0\"\0\0\0!\0\0\0\10\0\0\0\0\0\0\0\30\0\0\0\0\0\0\0", 64) = 64
31461 lseek(3, 1135824, SEEK_SET)       = 1135824
31461 read(3, "\t\0\0\0\3\0\0\0\0\0\0\0\0\0\0\0\0\0\0\0\0\0\0\0\340'\21\0\0\0\0\0\370\"\0\0\0\0\0\0\0\0\0\0\0\0\0\0\1\0\0\0\0\0\0\0\0\0\0\0\0\0\0\0", 64) = 64
31461 lseek(3, 1135888, SEEK_SET)       = 1135888
31461 read(3, "\21\0\0\0\3\0\0\0\0\0\0\0\0\0\0\0\0\0\0\0\0\0\0\0\330J\21\0\0\0\0\0v\1\0\0\0\0\0\0\0\0\0\0\0\0\0\0\1\0\0\0\0\0\0\0\0\0\0\0\0\0\0\0", 64) = 64
31461 rt_sigprocmask(SIG_SETMASK, ~[RTMIN RT_1], [], 8) = 0
31461 rt_sigprocmask(SIG_SETMASK, [], NULL, 8) = 0
31461 close(3)                          = 0
31461 rt_sigprocmask(SIG_SETMASK, ~[RTMIN RT_1], [], 8) = 0
31461 rt_sigprocmask(SIG_SETMASK, [], NULL, 8) = 0
31461 readlinkat(AT_FDCWD, "/lib", "usr/lib", 1023) = 7
31461 readlinkat(AT_FDCWD, "/usr", 0x7fc472b6c0, 1023) = -1 EINVAL (Invalid argument)
31461 readlinkat(AT_FDCWD, "/usr/lib", 0x7fc472b6c0, 1023) = -1 EINVAL (Invalid argument)
31461 readlinkat(AT_FDCWD, "/usr/lib/aarch64-linux-gnu", 0x7fc472b6c0, 1023) = -1 EINVAL (Invalid argument)
31461 readlinkat(AT_FDCWD, "/usr/lib/aarch64-linux-gnu/libcamera.so.0.5", "libcamera.so.0.5.2", 1023) = 18
31461 readlinkat(AT_FDCWD, "/usr/lib/aarch64-linux-gnu/libcamera.so.0.5.2", 0x7fc472b6c0, 1023) = -1 EINVAL (Invalid argument)
31461 rt_sigprocmask(SIG_SETMASK, ~[RTMIN RT_1], [], 8) = 0
31461 rt_sigprocmask(SIG_SETMASK, [], NULL, 8) = 0
31461 openat(AT_FDCWD, "/usr/lib/aarch64-linux-gnu/libcamera.so.0.5.2", O_RDONLY|O_CLOEXEC) = 3
31461 rt_sigprocmask(SIG_SETMASK, ~[RTMIN RT_1], [], 8) = 0
31461 rt_sigprocmask(SIG_SETMASK, [], NULL, 8) = 0
31461 read(3, "\177ELF\2\1\1\3\0\0\0\0\0\0\0\0", 16) = 16
31461 lseek(3, 0, SEEK_SET)             = 0
31461 read(3, "\177ELF\2\1\1\3\0\0\0\0\0\0\0\0\3\0\267\0\1\0\0\0\0\0\0\0\0\0\0\0@\0\0\0\0\0\0\0X\22\35\0\0\0\0\0\0\0\0\0@\08\0\7\0@\0\35\0\34\0", 64) = 64
31461 lseek(3, 1907032, SEEK_SET)       = 1907032
31461 read(3, "\1\0\0\0\3\0\0\0\0\0\0\0\0\0\0\0\0\0\0\0\0\0\0\0\f\21\35\0\0\0\0\0H\1\0\0\0\0\0\0\0\0\0\0\0\0\0\0\1\0\0\0\0\0\0\0\0\0\0\0\0\0\0\0", 64) = 64
31461 lseek(3, 64, SEEK_SET)            = 64
31461 read(3, "\1\0\0\0\5\0\0\0\0\0\0\0\0\0\0\0\0\0\0\0\0\0\0\0\0\0\0\0\0\0\0\0\353!\34\0\0\0\0\0\353!\34\0\0\0\0\0\0\0\1\0\0\0\0\0", 56) = 56
31461 lseek(3, 120, SEEK_SET)           = 120
31461 read(3, "\1\0\0\0\6\0\0\0xo\34\0\0\0\0\0xo\35\0\0\0\0\0xo\35\0\0\0\0\0`\241\0\0\0\0\0\0(\367\0\0\0\0\0\0\0\0\1\0\0\0\0\0", 56) = 56
31461 lseek(3, 176, SEEK_SET)           = 176
31461 read(3, "\2\0\0\0\6\0\0\0X\272\34\0\0\0\0\0X\272\35\0\0\0\0\0X\272\35\0\0\0\0\0\260\2\0\0\0\0\0\0\260\2\0\0\0\0\0\0\10\0\0\0\0\0\0\0", 56) = 56
31461 lseek(3, 232, SEEK_SET)           = 232
31461 read(3, "\4\0\0\0\4\0\0\0\310\1\0\0\0\0\0\0\310\1\0\0\0\0\0\0\310\1\0\0\0\0\0\0$\0\0\0\0\0\0\0$\0\0\0\0\0\0\0\4\0\0\0\0\0\0\0", 56) = 56
31461 lseek(3, 288, SEEK_SET)           = 288
31461 read(3, "P\345td\4\0\0\0\254\372\30\0\0\0\0\0\254\372\30\0\0\0\0\0\254\372\30\0\0\0\0\0$P\0\0\0\0\0\0$P\0\0\0\0\0\0\4\0\0\0\0\0\0\0", 56) = 56
31461 lseek(3, 344, SEEK_SET)           = 344
31461 read(3, "Q\345td\6\0\0\0\0\0\0\0\0\0\0\0\0\0\0\0\0\0\0\0\0\0\0\0\0\0\0\0\0\0\0\0\0\0\0\0\0\0\0\0\0\0\0\0\20\0\0\0\0\0\0\0", 56) = 56
31461 lseek(3, 400, SEEK_SET)           = 400
31461 read(3, "R\345td\4\0\0\0xo\34\0\0\0\0\0xo\35\0\0\0\0\0xo\35\0\0\0\0\0\210\220\0\0\0\0\0\0\210\220\0\0\0\0\0\0\1\0\0\0\0\0\0\0", 56) = 56
31461 lseek(3, 64, SEEK_SET)            = 64
31461 read(3, "\1\0\0\0\5\0\0\0\0\0\0\0\0\0\0\0\0\0\0\0\0\0\0\0\0\0\0\0\0\0\0\0\353!\34\0\0\0\0\0\353!\34\0\0\0\0\0\0\0\1\0\0\0\0\0", 56) = 56
31461 lseek(3, 120, SEEK_SET)           = 120
31461 read(3, "\1\0\0\0\6\0\0\0xo\34\0\0\0\0\0xo\35\0\0\0\0\0xo\35\0\0\0\0\0`\241\0\0\0\0\0\0(\367\0\0\0\0\0\0\0\0\1\0\0\0\0\0", 56) = 56
31461 lseek(3, 176, SEEK_SET)           = 176
31461 read(3, "\2\0\0\0\6\0\0\0X\272\34\0\0\0\0\0X\272\35\0\0\0\0\0X\272\35\0\0\0\0\0\260\2\0\0\0\0\0\0\260\2\0\0\0\0\0\0\10\0\0\0\0\0\0\0", 56) = 56
31461 lseek(3, 232, SEEK_SET)           = 232
31461 read(3, "\4\0\0\0\4\0\0\0\310\1\0\0\0\0\0\0\310\1\0\0\0\0\0\0\310\1\0\0\0\0\0\0$\0\0\0\0\0\0\0$\0\0\0\0\0\0\0\4\0\0\0\0\0\0\0", 56) = 56
31461 lseek(3, 456, SEEK_SET)           = 456
31461 read(3, "\4\0\0\0\24\0\0\0\3\0\0\0", 12) = 12
31461 lseek(3, 472, SEEK_SET)           = 472
31461 read(3, "\17\340)\31\253]M\274\243\250\234\177\255\273KOr\6\4d", 20) = 20
31461 lseek(3, 1905240, SEEK_SET)       = 1905240
31461 read(3, "\0\0\0\0\0\0\0\0\0\0\0\0\0\0\0\0\0\0\0\0\0\0\0\0\0\0\0\0\0\0\0\0\0\0\0\0\0\0\0\0\0\0\0\0\0\0\0\0\0\0\0\0\0\0\0\0\0\0\0\0\0\0\0\0", 64) = 64
31461 lseek(3, 1905304, SEEK_SET)       = 1905304
31461 read(3, "\v\0\0\0\7\0\0\0\2\0\0\0\0\0\0\0\310\1\0\0\0\0\0\0\310\1\0\0\0\0\0\0$\0\0\0\0\0\0\0\0\0\0\0\0\0\0\0\4\0\0\0\0\0\0\0\0\0\0\0\0\0\0\0", 64) = 64
31461 lseek(3, 1905368, SEEK_SET)       = 1905368
31461 read(3, "\36\0\0\0\366\377\377o\2\0\0\0\0\0\0\0\360\1\0\0\0\0\0\0\360\1\0\0\0\0\0\0\0f\0\0\0\0\0\0\3\0\0\0\0\0\0\0\10\0\0\0\0\0\0\0\0\0\0\0\0\0\0\0", 64) = 64
31461 lseek(3, 1905432, SEEK_SET)       = 1905432
31461 read(3, "(\0\0\0\v\0\0\0\2\0\0\0\0\0\0\0\360g\0\0\0\0\0\0\360g\0\0\0\0\0\0`e\1\0\0\0\0\0\4\0\0\0\3\0\0\0\10\0\0\0\0\0\0\0\30\0\0\0\0\0\0\0", 64) = 64
31461 lseek(3, 1905496, SEEK_SET)       = 1905496
31461 read(3, "0\0\0\0\3\0\0\0\2\0\0\0\0\0\0\0P\315\1\0\0\0\0\0P\315\1\0\0\0\0\0\317\200\4\0\0\0\0\0\0\0\0\0\0\0\0\0\1\0\0\0\0\0\0\0\0\0\0\0\0\0\0\0", 64) = 64
31461 lseek(3, 1905560, SEEK_SET)       = 1905560
31461 read(3, "8\0\0\0\377\377\377o\2\0\0\0\0\0\0\0 N\6\0\0\0\0\0 N\6\0\0\0\0\0\310\35\0\0\0\0\0\0\3\0\0\0\0\0\0\0\2\0\0\0\0\0\0\0\2\0\0\0\0\0\0\0", 64) = 64
31461 lseek(3, 1905624, SEEK_SET)       = 1905624
31461 read(3, "E\0\0\0\376\377\377o\2\0\0\0\0\0\0\0\350k\6\0\0\0\0\0\350k\6\0\0\0\0\0\360\1\0\0\0\0\0\0\4\0\0\0\7\0\0\0\10\0\0\0\0\0\0\0\0\0\0\0\0\0\0\0", 64) = 64
31461 lseek(3, 1905688, SEEK_SET)       = 1905688
31461 read(3, "T\0\0\0\4\0\0\0\2\0\0\0\0\0\0\0\330m\6\0\0\0\0\0\330m\6\0\0\0\0\08\22\1\0\0\0\0\0\3\0\0\0\0\0\0\0\10\0\0\0\0\0\0\0\30\0\0\0\0\0\0\0", 64) = 64
31461 lseek(3, 1905752, SEEK_SET)       = 1905752
31461 read(3, "^\0\0\0\4\0\0\0B\0\0\0\0\0\0\0\20\200\7\0\0\0\0\0\20\200\7\0\0\0\0\0\310\213\0\0\0\0\0\0\3\0\0\0\26\0\0\0\10\0\0\0\0\0\0\0\30\0\0\0\0\0\0\0", 64) = 64
31461 lseek(3, 1905816, SEEK_SET)       = 1905816
31461 read(3, "h\0\0\0\1\0\0\0\6\0\0\0\0\0\0\0\330\v\10\0\0\0\0\0\330\v\10\0\0\0\0\0\30\0\0\0\0\0\0\0\0\0\0\0\0\0\0\0\4\0\0\0\0\0\0\0\0\0\0\0\0\0\0\0", 64) = 64
31461 lseek(3, 1905012, SEEK_SET)       = 1905012
31461 read(3, ".init\0.text\0.fini\0.rodata\0lttng_ust_tracepoints_strings\0.eh_frame_hdr\0.eh_frame\0.gcc_except_table\0.init_array\0.fini_array\0.data.rel.ro\0.dynamic\0.got\0.data\0lttng_ust_tracepoints\0lttng_ust_tracepoints_ptrs\0.bss\0.gnu_debuglink\0", 224) = 224
31461 lseek(3, 1905012, SEEK_SET)       = 1905012
31461 read(3, ".init\0", 6)             = 6
31461 lseek(3, 1905880, SEEK_SET)       = 1905880
31461 read(3, "c\0\0\0\1\0\0\0\6\0\0\0\0\0\0\0\360\v\10\0\0\0\0\0\360\v\10\0\0\0\0\0P]\0\0\0\0\0\0\0\0\0\0\0\0\0\0\20\0\0\0\0\0\0\0\0\0\0\0\0\0\0\0", 64) = 64
31461 lseek(3, 1905007, SEEK_SET)       = 1905007
31461 read(3, ".plt\0.init\0.text\0.fini\0.rodata\0lttng_ust_tracepoints_strings\0.eh_frame_hdr\0.eh_frame\0.gcc_except_table\0.init_array\0.fini_array\0.data.rel.ro\0.dynamic\0.got\0.data\0lttng_ust_tracepoints\0lttng_ust_tracepoints_ptrs\0.bss\0.gnu_debuglink\0", 229) = 229
31461 lseek(3, 1905007, SEEK_SET)       = 1905007
31461 read(3, ".plt\0", 5)              = 5
31461 lseek(3, 1905944, SEEK_SET)       = 1905944
31461 read(3, "n\0\0\0\1\0\0\0\6\0\0\0\0\0\0\0@i\10\0\0\0\0\0@i\10\0\0\0\0\0\220\371\16\0\0\0\0\0\0\0\0\0\0\0\0\0\20\0\0\0\0\0\0\0\0\0\0\0\0\0\0\0", 64) = 64
31461 lseek(3, 1905018, SEEK_SET)       = 1905018
31461 read(3, ".text\0.fini\0.rodata\0lttng_ust_tracepoints_strings\0.eh_frame_hdr\0.eh_frame\0.gcc_except_table\0.init_array\0.fini_array\0.data.rel.ro\0.dynamic\0.got\0.data\0lttng_ust_tracepoints\0lttng_ust_tracepoints_ptrs\0.bss\0.gnu_debuglink\0", 218) = 218
31461 lseek(3, 1905018, SEEK_SET)       = 1905018
31461 read(3, ".text\0", 6)             = 6
31461 lseek(3, 1906008, SEEK_SET)       = 1906008
31461 read(3, "t\0\0\0\1\0\0\0\6\0\0\0\0\0\0\0\320b\27\0\0\0\0\0\320b\27\0\0\0\0\0\24\0\0\0\0\0\0\0\0\0\0\0\0\0\0\0\4\0\0\0\0\0\0\0\0\0\0\0\0\0\0\0", 64) = 64
31461 lseek(3, 1905024, SEEK_SET)       = 1905024
31461 read(3, ".fini\0.rodata\0lttng_ust_tracepoints_strings\0.eh_frame_hdr\0.eh_frame\0.gcc_except_table\0.init_array\0.fini_array\0.data.rel.ro\0.dynamic\0.got\0.data\0lttng_ust_tracepoints\0lttng_ust_tracepoints_ptrs\0.bss\0.gnu_debuglink\0", 212) = 212
31461 lseek(3, 1905024, SEEK_SET)       = 1905024
31461 read(3, ".fini\0", 6)             = 6
31461 lseek(3, 1906072, SEEK_SET)       = 1906072
31461 read(3, "z\0\0\0\1\0\0\0\2\0\0\0\0\0\0\0\360b\27\0\0\0\0\0\360b\27\0\0\0\0\0_\226\1\0\0\0\0\0\0\0\0\0\0\0\0\0\20\0\0\0\0\0\0\0\0\0\0\0\0\0\0\0", 64) = 64
31461 lseek(3, 1905030, SEEK_SET)       = 1905030
31461 read(3, ".rodata\0lttng_ust_tracepoints_strings\0.eh_frame_hdr\0.eh_frame\0.gcc_except_table\0.init_array\0.fini_array\0.data.rel.ro\0.dynamic\0.got\0.data\0lttng_ust_tracepoints\0lttng_ust_tracepoints_ptrs\0.bss\0.gnu_debuglink\0", 206) = 206
31461 lseek(3, 1905030, SEEK_SET)       = 1905030
31461 read(3, ".rodata\0", 8)           = 8
31461 lseek(3, 1906136, SEEK_SET)       = 1906136
31461 read(3, "\202\0\0\0\1\0\0\0\2\0\0\0\0\0\0\0P\371\30\0\0\0\0\0P\371\30\0\0\0\0\0Z\1\0\0\0\0\0\0\0\0\0\0\0\0\0\0\10\0\0\0\0\0\0\0\0\0\0\0\0\0\0\0", 64) = 64
31461 lseek(3, 1905038, SEEK_SET)       = 1905038
31461 read(3, "lttng_ust_tracepoints_strings\0.eh_frame_hdr\0.eh_frame\0.gcc_except_table\0.init_array\0.fini_array\0.data.rel.ro\0.dynamic\0.got\0.data\0lttng_ust_tracepoints\0lttng_ust_tracepoints_ptrs\0.bss\0.gnu_debuglink\0", 198) = 198
31461 lseek(3, 1905038, SEEK_SET)       = 1905038
31461 read(3, "lttng_ust_tracepoints_strings\0", 30) = 30
31461 lseek(3, 1906200, SEEK_SET)       = 1906200
31461 read(3, "\240\0\0\0\1\0\0\0\2\0\0\0\0\0\0\0\254\372\30\0\0\0\0\0\254\372\30\0\0\0\0\0$P\0\0\0\0\0\0\0\0\0\0\0\0\0\0\4\0\0\0\0\0\0\0\0\0\0\0\0\0\0\0", 64) = 64
31461 lseek(3, 1905068, SEEK_SET)       = 1905068
31461 read(3, ".eh_frame_hdr\0.eh_frame\0.gcc_except_table\0.init_array\0.fini_array\0.data.rel.ro\0.dynamic\0.got\0.data\0lttng_ust_tracepoints\0lttng_ust_tracepoints_ptrs\0.bss\0.gnu_debuglink\0", 168) = 168
31461 lseek(3, 1905068, SEEK_SET)       = 1905068
31461 read(3, ".eh_frame_hdr\0", 14)    = 14
31461 lseek(3, 1906264, SEEK_SET)       = 1906264
31461 read(3, "\256\0\0\0\1\0\0\0\2\0\0\0\0\0\0\0\320J\31\0\0\0\0\0\320J\31\0\0\0\0\0\3140\2\0\0\0\0\0\0\0\0\0\0\0\0\0\10\0\0\0\0\0\0\0\0\0\0\0\0\0\0\0", 64) = 64
31461 lseek(3, 1905082, SEEK_SET)       = 1905082
31461 read(3, ".eh_frame\0.gcc_except_table\0.init_array\0.fini_array\0.data.rel.ro\0.dynamic\0.got\0.data\0lttng_ust_tracepoints\0lttng_ust_tracepoints_ptrs\0.bss\0.gnu_debuglink\0", 154) = 154
31461 lseek(3, 1905082, SEEK_SET)       = 1905082
31461 read(3, ".eh_frame\0", 10)        = 10
31461 lseek(3, 1906328, SEEK_SET)       = 1906328
31461 read(3, "\270\0\0\0\1\0\0\0\2\0\0\0\0\0\0\0\234{\33\0\0\0\0\0\234{\33\0\0\0\0\0O\246\0\0\0\0\0\0\0\0\0\0\0\0\0\0\4\0\0\0\0\0\0\0\0\0\0\0\0\0\0\0", 64) = 64
31461 lseek(3, 1905092, SEEK_SET)       = 1905092
31461 read(3, ".gcc_except_table\0.init_array\0.fini_array\0.data.rel.ro\0.dynamic\0.got\0.data\0lttng_ust_tracepoints\0lttng_ust_tracepoints_ptrs\0.bss\0.gnu_debuglink\0", 144) = 144
31461 lseek(3, 1905092, SEEK_SET)       = 1905092
31461 read(3, ".gcc_except_table\0", 18) = 18
31461 lseek(3, 1906392, SEEK_SET)       = 1906392
31461 read(3, "\312\0\0\0\16\0\0\0\3\0\0\0\0\0\0\0xo\35\0\0\0\0\0xo\34\0\0\0\0\0@\1\0\0\0\0\0\0\0\0\0\0\0\0\0\0\10\0\0\0\0\0\0\0\10\0\0\0\0\0\0\0", 64) = 64
31461 lseek(3, 1906456, SEEK_SET)       = 1906456
31461 read(3, "\326\0\0\0\17\0\0\0\3\0\0\0\0\0\0\0\270p\35\0\0\0\0\0\270p\34\0\0\0\0\0(\0\0\0\0\0\0\0\0\0\0\0\0\0\0\0\10\0\0\0\0\0\0\0\10\0\0\0\0\0\0\0", 64) = 64
31461 lseek(3, 1906520, SEEK_SET)       = 1906520
31461 read(3, "\342\0\0\0\1\0\0\0\3\0\0\0\0\0\0\0\340p\35\0\0\0\0\0\340p\34\0\0\0\0\0xI\0\0\0\0\0\0\0\0\0\0\0\0\0\0\20\0\0\0\0\0\0\0\0\0\0\0\0\0\0\0", 64) = 64
31461 lseek(3, 1905134, SEEK_SET)       = 1905134
31461 read(3, ".data.rel.ro\0.dynamic\0.got\0.data\0lttng_ust_tracepoints\0lttng_ust_tracepoints_ptrs\0.bss\0.gnu_debuglink\0", 102) = 102
31461 lseek(3, 1905134, SEEK_SET)       = 1905134
31461 read(3, ".data.rel.ro\0", 13)     = 13
31461 lseek(3, 1906584, SEEK_SET)       = 1906584
31461 read(3, "\357\0\0\0\6\0\0\0\3\0\0\0\0\0\0\0X\272\35\0\0\0\0\0X\272\34\0\0\0\0\0\260\2\0\0\0\0\0\0\4\0\0\0\0\0\0\0\10\0\0\0\0\0\0\0\20\0\0\0\0\0\0\0", 64) = 64
31461 lseek(3, 1906648, SEEK_SET)       = 1906648
31461 read(3, "\370\0\0\0\1\0\0\0\3\0\0\0\0\0\0\0\10\275\35\0\0\0\0\0\10\275\34\0\0\0\0\0\370B\0\0\0\0\0\0\0\0\0\0\0\0\0\0\10\0\0\0\0\0\0\0\10\0\0\0\0\0\0\0", 64) = 64
31461 lseek(3, 1905156, SEEK_SET)       = 1905156
31461 read(3, ".got\0.data\0lttng_ust_tracepoints\0lttng_ust_tracepoints_ptrs\0.bss\0.gnu_debuglink\0", 80) = 80
31461 lseek(3, 1905156, SEEK_SET)       = 1905156
31461 read(3, ".got\0", 5)              = 5
31461 lseek(3, 1906712, SEEK_SET)       = 1906712
31461 read(3, "\375\0\0\0\1\0\0\0\3\0\0\0\0\0\0\0\0\0\36\0\0\0\0\0\0\0\35\0\0\0\0\0X\16\0\0\0\0\0\0\0\0\0\0\0\0\0\0\10\0\0\0\0\0\0\0\0\0\0\0\0\0\0\0", 64) = 64
31461 lseek(3, 1905161, SEEK_SET)       = 1905161
31461 read(3, ".data\0lttng_ust_tracepoints\0lttng_ust_tracepoints_ptrs\0.bss\0.gnu_debuglink\0", 75) = 75
31461 lseek(3, 1905161, SEEK_SET)       = 1905161
31461 read(3, ".data\0", 6)             = 6
31461 lseek(3, 1906776, SEEK_SET)       = 1906776
31461 read(3, "\3\1\0\0\1\0\0\0\3\0\0\0\0\0\0\0X\16\36\0\0\0\0\0X\16\35\0\0\0\0\0000\2\0\0\0\0\0\0\0\0\0\0\0\0\0\0\10\0\0\0\0\0\0\0\0\0\0\0\0\0\0\0", 64) = 64
31461 lseek(3, 1905167, SEEK_SET)       = 1905167
31461 read(3, "lttng_ust_tracepoints\0lttng_ust_tracepoints_ptrs\0.bss\0.gnu_debuglink\0", 69) = 69
31461 lseek(3, 1905167, SEEK_SET)       = 1905167
31461 read(3, "lttng_ust_tracepoints\0", 22) = 22
31461 lseek(3, 1906840, SEEK_SET)       = 1906840
31461 read(3, "\31\1\0\0\1\0\0\0\3\0\0\0\0\0\0\0\210\20\36\0\0\0\0\0\210\20\35\0\0\0\0\0P\0\0\0\0\0\0\0\0\0\0\0\0\0\0\0\10\0\0\0\0\0\0\0\0\0\0\0\0\0\0\0", 64) = 64
31461 lseek(3, 1905189, SEEK_SET)       = 1905189
31461 read(3, "lttng_ust_tracepoints_ptrs\0.bss\0.gnu_debuglink\0", 47) = 47
31461 lseek(3, 1905189, SEEK_SET)       = 1905189
31461 read(3, "lttng_ust_tracepoints_ptrs\0", 27) = 27
31461 lseek(3, 1906904, SEEK_SET)       = 1906904
31461 read(3, "4\1\0\0\10\0\0\0\3\0\0\0\0\0\0\0\340\20\36\0\0\0\0\0\330\20\35\0\0\0\0\0\300U\0\0\0\0\0\0\0\0\0\0\0\0\0\0\20\0\0\0\0\0\0\0\0\0\0\0\0\0\0\0", 64) = 64
31461 lseek(3, 1906968, SEEK_SET)       = 1906968
31461 read(3, "9\1\0\0\1\0\0\0\0\0\0\0\0\0\0\0\0\0\0\0\0\0\0\0\330\20\35\0\0\0\0\0004\0\0\0\0\0\0\0\0\0\0\0\0\0\0\0\4\0\0\0\0\0\0\0\0\0\0\0\0\0\0\0", 64) = 64
31461 lseek(3, 1905221, SEEK_SET)       = 1905221
31461 read(3, ".gnu_debuglink\0", 15)   = 15
31461 lseek(3, 1905221, SEEK_SET)       = 1905221
31461 read(3, ".gnu_debuglink\0", 15)   = 15
31461 lseek(3, 1904856, SEEK_SET)       = 1904856
31461 read(3, "e02919ab5d4dbca3a89c7fadbb4b4f72060464.debug\0\0\0\0", 48) = 48
31461 read(3, "\273iB\305", 4)          = 4
31461 rt_sigprocmask(SIG_SETMASK, ~[RTMIN RT_1], [], 8) = 0
31461 rt_sigprocmask(SIG_SETMASK, [], NULL, 8) = 0
31461 close(3)                          = 0
31461 rt_sigprocmask(SIG_SETMASK, ~[RTMIN RT_1], [], 8) = 0
31461 rt_sigprocmask(SIG_SETMASK, [], NULL, 8) = 0
31461 readlinkat(AT_FDCWD, "/lib", "usr/lib", 1023) = 7
31461 readlinkat(AT_FDCWD, "/usr", 0x7fc472b6c0, 1023) = -1 EINVAL (Invalid argument)
31461 readlinkat(AT_FDCWD, "/usr/lib", 0x7fc472b6c0, 1023) = -1 EINVAL (Invalid argument)
31461 readlinkat(AT_FDCWD, "/usr/lib/aarch64-linux-gnu", 0x7fc472b6c0, 1023) = -1 EINVAL (Invalid argument)
31461 readlinkat(AT_FDCWD, "/usr/lib/aarch64-linux-gnu/libcamera-base.so.0.5", "libcamera-base.so.0.5.2", 1023) = 23
31461 readlinkat(AT_FDCWD, "/usr/lib/aarch64-linux-gnu/libcamera-base.so.0.5.2", 0x7fc472b6c0, 1023) = -1 EINVAL (Invalid argument)
31461 rt_sigprocmask(SIG_SETMASK, ~[RTMIN RT_1], [], 8) = 0
31461 rt_sigprocmask(SIG_SETMASK, [], NULL, 8) = 0
31461 openat(AT_FDCWD, "/usr/lib/aarch64-linux-gnu/libcamera-base.so.0.5.2", O_RDONLY|O_CLOEXEC) = 3
31461 rt_sigprocmask(SIG_SETMASK, ~[RTMIN RT_1], [], 8) = 0
31461 rt_sigprocmask(SIG_SETMASK, [], NULL, 8) = 0
31461 read(3, "\177ELF\2\1\1\3\0\0\0\0\0\0\0\0", 16) = 16
31461 lseek(3, 0, SEEK_SET)             = 0
31461 read(3, "\177ELF\2\1\1\3\0\0\0\0\0\0\0\0\3\0\267\0\1\0\0\0\0\0\0\0\0\0\0\0@\0\0\0\0\0\0\0\260\1\3\0\0\0\0\0\0\0\0\0@\08\0\10\0@\0\34\0\33\0", 64) = 64
31461 lseek(3, 198768, SEEK_SET)        = 198768
31461 read(3, "\1\0\0\0\3\0\0\0\0\0\0\0\0\0\0\0\0\0\0\0\0\0\0\0\230\0\3\0\0\0\0\0\21\1\0\0\0\0\0\0\0\0\0\0\0\0\0\0\1\0\0\0\0\0\0\0\0\0\0\0\0\0\0\0", 64) = 64
31461 lseek(3, 64, SEEK_SET)            = 64
31461 read(3, "\1\0\0\0\5\0\0\0\0\0\0\0\0\0\0\0\0\0\0\0\0\0\0\0\0\0\0\0\0\0\0\0\373c\2\0\0\0\0\0\373c\2\0\0\0\0\0\0\0\1\0\0\0\0\0", 56) = 56
31461 lseek(3, 120, SEEK_SET)           = 120
31461 read(3, "\1\0\0\0\6\0\0\0\300\354\2\0\0\0\0\0\300\354\3\0\0\0\0\0\300\354\3\0\0\0\0\0T\23\0\0\0\0\0\0\340\24\0\0\0\0\0\0\0\0\1\0\0\0\0\0", 56) = 56
31461 lseek(3, 176, SEEK_SET)           = 176
31461 read(3, "\2\0\0\0\6\0\0\0\250\363\2\0\0\0\0\0\250\363\3\0\0\0\0\0\250\363\3\0\0\0\0\0000\2\0\0\0\0\0\0000\2\0\0\0\0\0\0\10\0\0\0\0\0\0\0", 56) = 56
31461 lseek(3, 232, SEEK_SET)           = 232
31461 read(3, "\4\0\0\0\4\0\0\0\0\2\0\0\0\0\0\0\0\2\0\0\0\0\0\0\0\2\0\0\0\0\0\0$\0\0\0\0\0\0\0$\0\0\0\0\0\0\0\4\0\0\0\0\0\0\0", 56) = 56
31461 lseek(3, 288, SEEK_SET)           = 288
31461 read(3, "\7\0\0\0\4\0\0\0\300\354\2\0\0\0\0\0\300\354\3\0\0\0\0\0\300\354\3\0\0\0\0\0\0\0\0\0\0\0\0\0(\0\0\0\0\0\0\0\10\0\0\0\0\0\0\0", 56) = 56
31461 lseek(3, 344, SEEK_SET)           = 344
31461 read(3, "P\345td\4\0\0\0\364\31\2\0\0\0\0\0\364\31\2\0\0\0\0\0\364\31\2\0\0\0\0\0\304\10\0\0\0\0\0\0\304\10\0\0\0\0\0\0\4\0\0\0\0\0\0\0", 56) = 56
31461 lseek(3, 400, SEEK_SET)           = 400
31461 read(3, "Q\345td\6\0\0\0\0\0\0\0\0\0\0\0\0\0\0\0\0\0\0\0\0\0\0\0\0\0\0\0\0\0\0\0\0\0\0\0\0\0\0\0\0\0\0\0\20\0\0\0\0\0\0\0", 56) = 56
31461 lseek(3, 456, SEEK_SET)           = 456
31461 read(3, "R\345td\4\0\0\0\300\354\2\0\0\0\0\0\300\354\3\0\0\0\0\0\300\354\3\0\0\0\0\0@\23\0\0\0\0\0\0@\23\0\0\0\0\0\0\1\0\0\0\0\0\0\0", 56) = 56
31461 lseek(3, 64, SEEK_SET)            = 64
31461 read(3, "\1\0\0\0\5\0\0\0\0\0\0\0\0\0\0\0\0\0\0\0\0\0\0\0\0\0\0\0\0\0\0\0\373c\2\0\0\0\0\0\373c\2\0\0\0\0\0\0\0\1\0\0\0\0\0", 56) = 56
31461 lseek(3, 120, SEEK_SET)           = 120
31461 read(3, "\1\0\0\0\6\0\0\0\300\354\2\0\0\0\0\0\300\354\3\0\0\0\0\0\300\354\3\0\0\0\0\0T\23\0\0\0\0\0\0\340\24\0\0\0\0\0\0\0\0\1\0\0\0\0\0", 56) = 56
31461 lseek(3, 176, SEEK_SET)           = 176
31461 read(3, "\2\0\0\0\6\0\0\0\250\363\2\0\0\0\0\0\250\363\3\0\0\0\0\0\250\363\3\0\0\0\0\0000\2\0\0\0\0\0\0000\2\0\0\0\0\0\0\10\0\0\0\0\0\0\0", 56) = 56
31461 lseek(3, 232, SEEK_SET)           = 232
31461 read(3, "\4\0\0\0\4\0\0\0\0\2\0\0\0\0\0\0\0\2\0\0\0\0\0\0\0\2\0\0\0\0\0\0$\0\0\0\0\0\0\0$\0\0\0\0\0\0\0\4\0\0\0\0\0\0\0", 56) = 56
31461 lseek(3, 512, SEEK_SET)           = 512
31461 read(3, "\4\0\0\0\24\0\0\0\3\0\0\0", 12) = 12
31461 lseek(3, 528, SEEK_SET)           = 528
31461 read(3, "\254\322\n\246h\355\240\231\260\373\363\24a\357\306<\4\227du", 20) = 20
31461 lseek(3, 197040, SEEK_SET)        = 197040
31461 read(3, "\0\0\0\0\0\0\0\0\0\0\0\0\0\0\0\0\0\0\0\0\0\0\0\0\0\0\0\0\0\0\0\0\0\0\0\0\0\0\0\0\0\0\0\0\0\0\0\0\0\0\0\0\0\0\0\0\0\0\0\0\0\0\0\0", 64) = 64
31461 lseek(3, 197104, SEEK_SET)        = 197104
31461 read(3, "\v\0\0\0\7\0\0\0\2\0\0\0\0\0\0\0\0\2\0\0\0\0\0\0\0\2\0\0\0\0\0\0$\0\0\0\0\0\0\0\0\0\0\0\0\0\0\0\4\0\0\0\0\0\0\0\0\0\0\0\0\0\0\0", 64) = 64
31461 lseek(3, 197168, SEEK_SET)        = 197168
31461 read(3, "\36\0\0\0\366\377\377o\2\0\0\0\0\0\0\0(\2\0\0\0\0\0\0(\2\0\0\0\0\0\0`\f\0\0\0\0\0\0\3\0\0\0\0\0\0\0\10\0\0\0\0\0\0\0\0\0\0\0\0\0\0\0", 64) = 64
31461 lseek(3, 197232, SEEK_SET)        = 197232
31461 read(3, "(\0\0\0\v\0\0\0\2\0\0\0\0\0\0\0\210\16\0\0\0\0\0\0\210\16\0\0\0\0\0\0\3202\0\0\0\0\0\0\4\0\0\0\3\0\0\0\10\0\0\0\0\0\0\0\30\0\0\0\0\0\0\0", 64) = 64
31461 lseek(3, 197296, SEEK_SET)        = 197296
31461 read(3, "0\0\0\0\3\0\0\0\2\0\0\0\0\0\0\0XA\0\0\0\0\0\0XA\0\0\0\0\0\0\343c\0\0\0\0\0\0\0\0\0\0\0\0\0\0\1\0\0\0\0\0\0\0\0\0\0\0\0\0\0\0", 64) = 64
31461 lseek(3, 197360, SEEK_SET)        = 197360
31461 read(3, "8\0\0\0\377\377\377o\2\0\0\0\0\0\0\0<\245\0\0\0\0\0\0<\245\0\0\0\0\0\0<\4\0\0\0\0\0\0\3\0\0\0\0\0\0\0\2\0\0\0\0\0\0\0\2\0\0\0\0\0\0\0", 64) = 64
31461 lseek(3, 197424, SEEK_SET)        = 197424
31461 read(3, "E\0\0\0\376\377\377o\2\0\0\0\0\0\0\0x\251\0\0\0\0\0\0x\251\0\0\0\0\0\0\320\1\0\0\0\0\0\0\4\0\0\0\5\0\0\0\10\0\0\0\0\0\0\0\0\0\0\0\0\0\0\0", 64) = 64
31461 lseek(3, 197488, SEEK_SET)        = 197488
31461 read(3, "T\0\0\0\4\0\0\0\2\0\0\0\0\0\0\0H\253\0\0\0\0\0\0H\253\0\0\0\0\0\0\350\27\0\0\0\0\0\0\3\0\0\0\0\0\0\0\10\0\0\0\0\0\0\0\30\0\0\0\0\0\0\0", 64) = 64
31461 lseek(3, 197552, SEEK_SET)        = 197552
31461 read(3, "^\0\0\0\4\0\0\0B\0\0\0\0\0\0\0000\303\0\0\0\0\0\0000\303\0\0\0\0\0\0x\30\0\0\0\0\0\0\3\0\0\0\26\0\0\0\10\0\0\0\0\0\0\0\30\0\0\0\0\0\0\0", 64) = 64
31461 lseek(3, 197616, SEEK_SET)        = 197616
31461 read(3, "h\0\0\0\1\0\0\0\6\0\0\0\0\0\0\0\250\333\0\0\0\0\0\0\250\333\0\0\0\0\0\0\30\0\0\0\0\0\0\0\0\0\0\0\0\0\0\0\4\0\0\0\0\0\0\0\0\0\0\0\0\0\0\0", 64) = 64
31461 lseek(3, 196864, SEEK_SET)        = 196864
31461 read(3, ".init\0.text\0.fini\0.rodata\0.eh_frame_hdr\0.eh_frame\0.gcc_except_table\0.tbss\0.init_array\0.fini_array\0.data.rel.ro\0.dynamic\0.got\0.data\0.bss\0.gnu_debugaltlink\0.gnu_debuglink\0", 169) = 169
31461 lseek(3, 196864, SEEK_SET)        = 196864
31461 read(3, ".init\0", 6)             = 6
31461 lseek(3, 197680, SEEK_SET)        = 197680
31461 read(3, "c\0\0\0\1\0\0\0\6\0\0\0\0\0\0\0\300\333\0\0\0\0\0\0\300\333\0\0\0\0\0\0`\20\0\0\0\0\0\0\0\0\0\0\0\0\0\0\20\0\0\0\0\0\0\0\0\0\0\0\0\0\0\0", 64) = 64
31461 lseek(3, 196859, SEEK_SET)        = 196859
31461 read(3, ".plt\0.init\0.text\0.fini\0.rodata\0.eh_frame_hdr\0.eh_frame\0.gcc_except_table\0.tbss\0.init_array\0.fini_array\0.data.rel.ro\0.dynamic\0.got\0.data\0.bss\0.gnu_debugaltlink\0.gnu_debuglink\0", 174) = 174
31461 lseek(3, 196859, SEEK_SET)        = 196859
31461 read(3, ".plt\0", 5)              = 5
31461 lseek(3, 197744, SEEK_SET)        = 197744
31461 read(3, "n\0\0\0\1\0\0\0\6\0\0\0\0\0\0\0 \354\0\0\0\0\0\0 \354\0\0\0\0\0\0P\20\1\0\0\0\0\0\0\0\0\0\0\0\0\0\20\0\0\0\0\0\0\0\0\0\0\0\0\0\0\0", 64) = 64
31461 lseek(3, 196870, SEEK_SET)        = 196870
31461 read(3, ".text\0.fini\0.rodata\0.eh_frame_hdr\0.eh_frame\0.gcc_except_table\0.tbss\0.init_array\0.fini_array\0.data.rel.ro\0.dynamic\0.got\0.data\0.bss\0.gnu_debugaltlink\0.gnu_debuglink\0", 163) = 163
31461 lseek(3, 196870, SEEK_SET)        = 196870
31461 read(3, ".text\0", 6)             = 6
31461 lseek(3, 197808, SEEK_SET)        = 197808
31461 read(3, "t\0\0\0\1\0\0\0\6\0\0\0\0\0\0\0p\374\1\0\0\0\0\0p\374\1\0\0\0\0\0\24\0\0\0\0\0\0\0\0\0\0\0\0\0\0\0\4\0\0\0\0\0\0\0\0\0\0\0\0\0\0\0", 64) = 64
31461 lseek(3, 196876, SEEK_SET)        = 196876
31461 read(3, ".fini\0.rodata\0.eh_frame_hdr\0.eh_frame\0.gcc_except_table\0.tbss\0.init_array\0.fini_array\0.data.rel.ro\0.dynamic\0.got\0.data\0.bss\0.gnu_debugaltlink\0.gnu_debuglink\0", 157) = 157
31461 lseek(3, 196876, SEEK_SET)        = 196876
31461 read(3, ".fini\0", 6)             = 6
31461 lseek(3, 197872, SEEK_SET)        = 197872
31461 read(3, "z\0\0\0\1\0\0\0\2\0\0\0\0\0\0\0\220\374\1\0\0\0\0\0\220\374\1\0\0\0\0\0c\35\0\0\0\0\0\0\0\0\0\0\0\0\0\0\20\0\0\0\0\0\0\0\0\0\0\0\0\0\0\0", 64) = 64
31461 lseek(3, 196882, SEEK_SET)        = 196882
31461 read(3, ".rodata\0.eh_frame_hdr\0.eh_frame\0.gcc_except_table\0.tbss\0.init_array\0.fini_array\0.data.rel.ro\0.dynamic\0.got\0.data\0.bss\0.gnu_debugaltlink\0.gnu_debuglink\0", 151) = 151
31461 lseek(3, 196882, SEEK_SET)        = 196882
31461 read(3, ".rodata\0", 8)           = 8
31461 lseek(3, 197936, SEEK_SET)        = 197936
31461 read(3, "\202\0\0\0\1\0\0\0\2\0\0\0\0\0\0\0\364\31\2\0\0\0\0\0\364\31\2\0\0\0\0\0\304\10\0\0\0\0\0\0\0\0\0\0\0\0\0\0\4\0\0\0\0\0\0\0\0\0\0\0\0\0\0\0", 64) = 64
31461 lseek(3, 196890, SEEK_SET)        = 196890
31461 read(3, ".eh_frame_hdr\0.eh_frame\0.gcc_except_table\0.tbss\0.init_array\0.fini_array\0.data.rel.ro\0.dynamic\0.got\0.data\0.bss\0.gnu_debugaltlink\0.gnu_debuglink\0", 143) = 143
31461 lseek(3, 196890, SEEK_SET)        = 196890
31461 read(3, ".eh_frame_hdr\0", 14)    = 14
31461 lseek(3, 198000, SEEK_SET)        = 198000
31461 read(3, "\220\0\0\0\1\0\0\0\2\0\0\0\0\0\0\0\270\"\2\0\0\0\0\0\270\"\2\0\0\0\0\0\2347\0\0\0\0\0\0\0\0\0\0\0\0\0\0\10\0\0\0\0\0\0\0\0\0\0\0\0\0\0\0", 64) = 64
31461 lseek(3, 196904, SEEK_SET)        = 196904
31461 read(3, ".eh_frame\0.gcc_except_table\0.tbss\0.init_array\0.fini_array\0.data.rel.ro\0.dynamic\0.got\0.data\0.bss\0.gnu_debugaltlink\0.gnu_debuglink\0", 129) = 129
31461 lseek(3, 196904, SEEK_SET)        = 196904
31461 read(3, ".eh_frame\0", 10)        = 10
31461 lseek(3, 198064, SEEK_SET)        = 198064
31461 read(3, "\232\0\0\0\1\0\0\0\2\0\0\0\0\0\0\0TZ\2\0\0\0\0\0TZ\2\0\0\0\0\0\247\t\0\0\0\0\0\0\0\0\0\0\0\0\0\0\1\0\0\0\0\0\0\0\0\0\0\0\0\0\0\0", 64) = 64
31461 lseek(3, 196914, SEEK_SET)        = 196914
31461 read(3, ".gcc_except_table\0.tbss\0.init_array\0.fini_array\0.data.rel.ro\0.dynamic\0.got\0.data\0.bss\0.gnu_debugaltlink\0.gnu_debuglink\0", 119) = 119
31461 lseek(3, 196914, SEEK_SET)        = 196914
31461 read(3, ".gcc_except_table\0", 18) = 18
31461 lseek(3, 198128, SEEK_SET)        = 198128
31461 read(3, "\254\0\0\0\10\0\0\0\3\4\0\0\0\0\0\0\300\354\3\0\0\0\0\0\300\354\2\0\0\0\0\0(\0\0\0\0\0\0\0\0\0\0\0\0\0\0\0\10\0\0\0\0\0\0\0\0\0\0\0\0\0\0\0", 64) = 64
31461 lseek(3, 198192, SEEK_SET)        = 198192
31461 read(3, "\262\0\0\0\16\0\0\0\3\0\0\0\0\0\0\0\300\354\3\0\0\0\0\0\300\354\2\0\0\0\0\0(\0\0\0\0\0\0\0\0\0\0\0\0\0\0\0\10\0\0\0\0\0\0\0\10\0\0\0\0\0\0\0", 64) = 64
31461 lseek(3, 198256, SEEK_SET)        = 198256
31461 read(3, "\276\0\0\0\17\0\0\0\3\0\0\0\0\0\0\0\350\354\3\0\0\0\0\0\350\354\2\0\0\0\0\0\10\0\0\0\0\0\0\0\0\0\0\0\0\0\0\0\10\0\0\0\0\0\0\0\10\0\0\0\0\0\0\0", 64) = 64
31461 lseek(3, 198320, SEEK_SET)        = 198320
31461 read(3, "\312\0\0\0\1\0\0\0\3\0\0\0\0\0\0\0\360\354\3\0\0\0\0\0\360\354\2\0\0\0\0\0\270\6\0\0\0\0\0\0\0\0\0\0\0\0\0\0\20\0\0\0\0\0\0\0\0\0\0\0\0\0\0\0", 64) = 64
31461 lseek(3, 196962, SEEK_SET)        = 196962
31461 read(3, ".data.rel.ro\0.dynamic\0.got\0.data\0.bss\0.gnu_debugaltlink\0.gnu_debuglink\0", 71) = 71
31461 lseek(3, 196962, SEEK_SET)        = 196962
31461 read(3, ".data.rel.ro\0", 13)     = 13
31461 lseek(3, 198384, SEEK_SET)        = 198384
31461 read(3, "\327\0\0\0\6\0\0\0\3\0\0\0\0\0\0\0\250\363\3\0\0\0\0\0\250\363\2\0\0\0\0\0000\2\0\0\0\0\0\0\4\0\0\0\0\0\0\0\10\0\0\0\0\0\0\0\20\0\0\0\0\0\0\0", 64) = 64
31461 lseek(3, 198448, SEEK_SET)        = 198448
31461 read(3, "\340\0\0\0\1\0\0\0\3\0\0\0\0\0\0\0\330\365\3\0\0\0\0\0\330\365\2\0\0\0\0\0(\n\0\0\0\0\0\0\0\0\0\0\0\0\0\0\10\0\0\0\0\0\0\0\10\0\0\0\0\0\0\0", 64) = 64
31461 lseek(3, 196984, SEEK_SET)        = 196984
31461 read(3, ".got\0.data\0.bss\0.gnu_debugaltlink\0.gnu_debuglink\0", 49) = 49
31461 lseek(3, 196984, SEEK_SET)        = 196984
31461 read(3, ".got\0", 5)              = 5
31461 lseek(3, 198512, SEEK_SET)        = 198512
31461 read(3, "\345\0\0\0\1\0\0\0\3\0\0\0\0\0\0\0\0\0\4\0\0\0\0\0\0\0\3\0\0\0\0\0\24\0\0\0\0\0\0\0\0\0\0\0\0\0\0\0\10\0\0\0\0\0\0\0\0\0\0\0\0\0\0\0", 64) = 64
31461 lseek(3, 196989, SEEK_SET)        = 196989
31461 read(3, ".data\0.bss\0.gnu_debugaltlink\0.gnu_debuglink\0", 44) = 44
31461 lseek(3, 196989, SEEK_SET)        = 196989
31461 read(3, ".data\0", 6)             = 6
31461 lseek(3, 198576, SEEK_SET)        = 198576
31461 read(3, "\353\0\0\0\10\0\0\0\3\0\0\0\0\0\0\0\30\0\4\0\0\0\0\0\24\0\3\0\0\0\0\0\210\1\0\0\0\0\0\0\0\0\0\0\0\0\0\0\10\0\0\0\0\0\0\0\0\0\0\0\0\0\0\0", 64) = 64
31461 lseek(3, 198640, SEEK_SET)        = 198640
31461 read(3, "\360\0\0\0\1\0\0\0\0\0\0\0\0\0\0\0\0\0\0\0\0\0\0\0\24\0\3\0\0\0\0\0M\0\0\0\0\0\0\0\0\0\0\0\0\0\0\0\1\0\0\0\0\0\0\0\0\0\0\0\0\0\0\0", 64) = 64
31461 lseek(3, 197000, SEEK_SET)        = 197000
31461 read(3, ".gnu_debugaltlink\0.gnu_debuglink\0", 33) = 33
31461 lseek(3, 197000, SEEK_SET)        = 197000
31461 read(3, ".gnu_debugaltlink\0", 18) = 18
31461 lseek(3, 198704, SEEK_SET)        = 198704
31461 read(3, "\2\1\0\0\1\0\0\0\0\0\0\0\0\0\0\0\0\0\0\0\0\0\0\0d\0\3\0\0\0\0\0004\0\0\0\0\0\0\0\0\0\0\0\0\0\0\0\4\0\0\0\0\0\0\0\0\0\0\0\0\0\0\0", 64) = 64
31461 lseek(3, 197018, SEEK_SET)        = 197018
31461 read(3, ".gnu_debuglink\0", 15)   = 15
31461 lseek(3, 197018, SEEK_SET)        = 197018
31461 read(3, ".gnu_debuglink\0", 15)   = 15
31461 lseek(3, 196708, SEEK_SET)        = 196708
31461 read(3, "d20aa668eda099b0fbf31461efc63c04976475.debug\0\0\0\0", 48) = 48
31461 read(3, "\250\363\2.", 4)         = 4
31461 rt_sigprocmask(SIG_SETMASK, ~[RTMIN RT_1], [], 8) = 0
31461 rt_sigprocmask(SIG_SETMASK, [], NULL, 8) = 0
31461 close(3)                          = 0
31461 rt_sigprocmask(SIG_SETMASK, ~[RTMIN RT_1], [], 8) = 0
31461 rt_sigprocmask(SIG_SETMASK, [], NULL, 8) = 0
31461 readlinkat(AT_FDCWD, "/lib", "usr/lib", 1023) = 7
31461 readlinkat(AT_FDCWD, "/usr", 0x7fc472b6c0, 1023) = -1 EINVAL (Invalid argument)
31461 readlinkat(AT_FDCWD, "/usr/lib", 0x7fc472b6c0, 1023) = -1 EINVAL (Invalid argument)
31461 readlinkat(AT_FDCWD, "/usr/lib/aarch64-linux-gnu", 0x7fc472b6c0, 1023) = -1 EINVAL (Invalid argument)
31461 readlinkat(AT_FDCWD, "/usr/lib/aarch64-linux-gnu/libx264.so.164", 0x7fc472b6c0, 1023) = -1 EINVAL (Invalid argument)
31461 rt_sigprocmask(SIG_SETMASK, ~[RTMIN RT_1], [], 8) = 0
31461 rt_sigprocmask(SIG_SETMASK, [], NULL, 8) = 0
31461 openat(AT_FDCWD, "/usr/lib/aarch64-linux-gnu/libx264.so.164", O_RDONLY|O_CLOEXEC) = 3
31461 rt_sigprocmask(SIG_SETMASK, ~[RTMIN RT_1], [], 8) = 0
31461 rt_sigprocmask(SIG_SETMASK, [], NULL, 8) = 0
31461 read(3, "\177ELF\2\1\1\0\0\0\0\0\0\0\0\0", 16) = 16
31461 lseek(3, 0, SEEK_SET)             = 0
31461 read(3, "\177ELF\2\1\1\0\0\0\0\0\0\0\0\0\3\0\267\0\1\0\0\0\0\0\0\0\0\0\0\0@\0\0\0\0\0\0\0x\6\25\0\0\0\0\0\0\0\0\0@\08\0\7\0@\0\32\0\31\0", 64) = 64
31461 lseek(3, 1379512, SEEK_SET)       = 1379512
31461 read(3, "\1\0\0\0\3\0\0\0\0\0\0\0\0\0\0\0\0\0\0\0\0\0\0\0\204\5\25\0\0\0\0\0\360\0\0\0\0\0\0\0\0\0\0\0\0\0\0\0\1\0\0\0\0\0\0\0\0\0\0\0\0\0\0\0", 64) = 64
31461 lseek(3, 64, SEEK_SET)            = 64
31461 read(3, "\1\0\0\0\5\0\0\0\0\0\0\0\0\0\0\0\0\0\0\0\0\0\0\0\0\0\0\0\0\0\0\0@T\24\0\0\0\0\0@T\24\0\0\0\0\0\0\0\1\0\0\0\0\0", 56) = 56
31461 lseek(3, 120, SEEK_SET)           = 120
31461 read(3, "\1\0\0\0\6\0\0\0\10\350\24\0\0\0\0\0\10\350\25\0\0\0\0\0\10\350\25\0\0\0\0\0H\35\0\0\0\0\0\0h\255\17\0\0\0\0\0\0\0\1\0\0\0\0\0", 56) = 56
31461 lseek(3, 176, SEEK_SET)           = 176
31461 read(3, "\2\0\0\0\6\0\0\0\210\365\24\0\0\0\0\0\210\365\25\0\0\0\0\0\210\365\25\0\0\0\0\0\20\2\0\0\0\0\0\0\20\2\0\0\0\0\0\0\10\0\0\0\0\0\0\0", 56) = 56
31461 lseek(3, 232, SEEK_SET)           = 232
31461 read(3, "\4\0\0\0\4\0\0\0\310\1\0\0\0\0\0\0\310\1\0\0\0\0\0\0\310\1\0\0\0\0\0\0$\0\0\0\0\0\0\0$\0\0\0\0\0\0\0\4\0\0\0\0\0\0\0", 56) = 56
31461 lseek(3, 288, SEEK_SET)           = 288
31461 read(3, "P\345td\4\0\0\0\220H\23\0\0\0\0\0\220H\23\0\0\0\0\0\220H\23\0\0\0\0\0|&\0\0\0\0\0\0|&\0\0\0\0\0\0\4\0\0\0\0\0\0\0", 56) = 56
31461 lseek(3, 344, SEEK_SET)           = 344
31461 read(3, "Q\345td\6\0\0\0\0\0\0\0\0\0\0\0\0\0\0\0\0\0\0\0\0\0\0\0\0\0\0\0\0\0\0\0\0\0\0\0\0\0\0\0\0\0\0\0\20\0\0\0\0\0\0\0", 56) = 56
31461 lseek(3, 400, SEEK_SET)           = 400
31461 read(3, "R\345td\4\0\0\0\10\350\24\0\0\0\0\0\10\350\25\0\0\0\0\0\10\350\25\0\0\0\0\0\370\27\0\0\0\0\0\0\370\27\0\0\0\0\0\0\1\0\0\0\0\0\0\0", 56) = 56
31461 lseek(3, 64, SEEK_SET)            = 64
31461 read(3, "\1\0\0\0\5\0\0\0\0\0\0\0\0\0\0\0\0\0\0\0\0\0\0\0\0\0\0\0\0\0\0\0@T\24\0\0\0\0\0@T\24\0\0\0\0\0\0\0\1\0\0\0\0\0", 56) = 56
31461 lseek(3, 120, SEEK_SET)           = 120
31461 read(3, "\1\0\0\0\6\0\0\0\10\350\24\0\0\0\0\0\10\350\25\0\0\0\0\0\10\350\25\0\0\0\0\0H\35\0\0\0\0\0\0h\255\17\0\0\0\0\0\0\0\1\0\0\0\0\0", 56) = 56
31461 lseek(3, 176, SEEK_SET)           = 176
31461 read(3, "\2\0\0\0\6\0\0\0\210\365\24\0\0\0\0\0\210\365\25\0\0\0\0\0\210\365\25\0\0\0\0\0\20\2\0\0\0\0\0\0\20\2\0\0\0\0\0\0\10\0\0\0\0\0\0\0", 56) = 56
31461 lseek(3, 232, SEEK_SET)           = 232
31461 read(3, "\4\0\0\0\4\0\0\0\310\1\0\0\0\0\0\0\310\1\0\0\0\0\0\0\310\1\0\0\0\0\0\0$\0\0\0\0\0\0\0$\0\0\0\0\0\0\0\4\0\0\0\0\0\0\0", 56) = 56
31461 lseek(3, 456, SEEK_SET)           = 456
31461 read(3, "\4\0\0\0\24\0\0\0\3\0\0\0", 12) = 12
31461 lseek(3, 472, SEEK_SET)           = 472
31461 read(3, "W\200>\247P\253\305b6=GY\322\231T\210\254g\211P", 20) = 20
31461 lseek(3, 1377912, SEEK_SET)       = 1377912
31461 read(3, "\0\0\0\0\0\0\0\0\0\0\0\0\0\0\0\0\0\0\0\0\0\0\0\0\0\0\0\0\0\0\0\0\0\0\0\0\0\0\0\0\0\0\0\0\0\0\0\0\0\0\0\0\0\0\0\0\0\0\0\0\0\0\0\0", 64) = 64
31461 lseek(3, 1377976, SEEK_SET)       = 1377976
31461 read(3, "\v\0\0\0\7\0\0\0\2\0\0\0\0\0\0\0\310\1\0\0\0\0\0\0\310\1\0\0\0\0\0\0$\0\0\0\0\0\0\0\0\0\0\0\0\0\0\0\4\0\0\0\0\0\0\0\0\0\0\0\0\0\0\0", 64) = 64
31461 lseek(3, 1378040, SEEK_SET)       = 1378040
31461 read(3, "\36\0\0\0\366\377\377o\2\0\0\0\0\0\0\0\360\1\0\0\0\0\0\0\360\1\0\0\0\0\0\0\204\r\0\0\0\0\0\0\3\0\0\0\0\0\0\0\10\0\0\0\0\0\0\0\0\0\0\0\0\0\0\0", 64) = 64
31461 lseek(3, 1378104, SEEK_SET)       = 1378104
31461 read(3, "(\0\0\0\v\0\0\0\2\0\0\0\0\0\0\0x\17\0\0\0\0\0\0x\17\0\0\0\0\0\0\2203\0\0\0\0\0\0\4\0\0\0\3\0\0\0\10\0\0\0\0\0\0\0\30\0\0\0\0\0\0\0", 64) = 64
31461 lseek(3, 1378168, SEEK_SET)       = 1378168
31461 read(3, "0\0\0\0\3\0\0\0\2\0\0\0\0\0\0\0\10C\0\0\0\0\0\0\10C\0\0\0\0\0\0d8\0\0\0\0\0\0\0\0\0\0\0\0\0\0\1\0\0\0\0\0\0\0\0\0\0\0\0\0\0\0", 64) = 64
31461 lseek(3, 1378232, SEEK_SET)       = 1378232
31461 read(3, "8\0\0\0\377\377\377o\2\0\0\0\0\0\0\0l{\0\0\0\0\0\0l{\0\0\0\0\0\0L\4\0\0\0\0\0\0\3\0\0\0\0\0\0\0\2\0\0\0\0\0\0\0\2\0\0\0\0\0\0\0", 64) = 64
31461 lseek(3, 1378296, SEEK_SET)       = 1378296
31461 read(3, "E\0\0\0\376\377\377o\2\0\0\0\0\0\0\0\270\177\0\0\0\0\0\0\270\177\0\0\0\0\0\0\240\0\0\0\0\0\0\0\4\0\0\0\3\0\0\0\10\0\0\0\0\0\0\0\0\0\0\0\0\0\0\0", 64) = 64
31461 lseek(3, 1378360, SEEK_SET)       = 1378360
31461 read(3, "T\0\0\0\4\0\0\0\2\0\0\0\0\0\0\0X\200\0\0\0\0\0\0X\200\0\0\0\0\0\0\2708\0\0\0\0\0\0\3\0\0\0\0\0\0\0\10\0\0\0\0\0\0\0\30\0\0\0\0\0\0\0", 64) = 64
31461 lseek(3, 1378424, SEEK_SET)       = 1378424
31461 read(3, "^\0\0\0\4\0\0\0B\0\0\0\0\0\0\0\20\271\0\0\0\0\0\0\20\271\0\0\0\0\0\0\330\6\0\0\0\0\0\0\3\0\0\0\25\0\0\0\10\0\0\0\0\0\0\0\30\0\0\0\0\0\0\0", 64) = 64
31461 lseek(3, 1378488, SEEK_SET)       = 1378488
31461 read(3, "h\0\0\0\1\0\0\0\6\0\0\0\0\0\0\0\350\277\0\0\0\0\0\0\350\277\0\0\0\0\0\0\30\0\0\0\0\0\0\0\0\0\0\0\0\0\0\0\4\0\0\0\0\0\0\0\0\0\0\0\0\0\0\0", 64) = 64
31461 lseek(3, 1377772, SEEK_SET)       = 1377772
31461 read(3, ".init\0.text\0.fini\0.rodata\0.eh_frame_hdr\0.eh_frame\0.init_array\0.fini_array\0.data.rel.ro\0.dynamic\0.got\0.got.plt\0.data\0.bss\0.gnu_debuglink\0", 136) = 136
31461 lseek(3, 1377772, SEEK_SET)       = 1377772
31461 read(3, ".init\0", 6)             = 6
31461 lseek(3, 1378552, SEEK_SET)       = 1378552
31461 read(3, "c\0\0\0\1\0\0\0\6\0\0\0\0\0\0\0\0\300\0\0\0\0\0\0\0\300\0\0\0\0\0\0\260\4\0\0\0\0\0\0\0\0\0\0\0\0\0\0\20\0\0\0\0\0\0\0\0\0\0\0\0\0\0\0", 64) = 64
31461 lseek(3, 1377767, SEEK_SET)       = 1377767
31461 read(3, ".plt\0.init\0.text\0.fini\0.rodata\0.eh_frame_hdr\0.eh_frame\0.init_array\0.fini_array\0.data.rel.ro\0.dynamic\0.got\0.got.plt\0.data\0.bss\0.gnu_debuglink\0", 141) = 141
31461 lseek(3, 1377767, SEEK_SET)       = 1377767
31461 read(3, ".plt\0", 5)              = 5
31461 lseek(3, 1378616, SEEK_SET)       = 1378616
31461 read(3, "n\0\0\0\1\0\0\0\6\0\0\0\0\0\0\0\300\304\0\0\0\0\0\0\300\304\0\0\0\0\0\0\224\237\20\0\0\0\0\0\0\0\0\0\0\0\0\0 \0\0\0\0\0\0\0\0\0\0\0\0\0\0\0", 64) = 64
31461 lseek(3, 1377778, SEEK_SET)       = 1377778
31461 read(3, ".text\0.fini\0.rodata\0.eh_frame_hdr\0.eh_frame\0.init_array\0.fini_array\0.data.rel.ro\0.dynamic\0.got\0.got.plt\0.data\0.bss\0.gnu_debuglink\0", 130) = 130
31461 lseek(3, 1377778, SEEK_SET)       = 1377778
31461 read(3, ".text\0", 6)             = 6
31461 lseek(3, 1378680, SEEK_SET)       = 1378680
31461 read(3, "t\0\0\0\1\0\0\0\6\0\0\0\0\0\0\0Td\21\0\0\0\0\0Td\21\0\0\0\0\0\24\0\0\0\0\0\0\0\0\0\0\0\0\0\0\0\4\0\0\0\0\0\0\0\0\0\0\0\0\0\0\0", 64) = 64
31461 lseek(3, 1377784, SEEK_SET)       = 1377784
31461 read(3, ".fini\0.rodata\0.eh_frame_hdr\0.eh_frame\0.init_array\0.fini_array\0.data.rel.ro\0.dynamic\0.got\0.got.plt\0.data\0.bss\0.gnu_debuglink\0", 124) = 124
31461 lseek(3, 1377784, SEEK_SET)       = 1377784
31461 read(3, ".fini\0", 6)             = 6
31461 lseek(3, 1378744, SEEK_SET)       = 1378744
31461 read(3, "z\0\0\0\1\0\0\0\2\0\0\0\0\0\0\0\200d\21\0\0\0\0\0\200d\21\0\0\0\0\0\20\344\1\0\0\0\0\0\0\0\0\0\0\0\0\0@\0\0\0\0\0\0\0\0\0\0\0\0\0\0\0", 64) = 64
31461 lseek(3, 1377790, SEEK_SET)       = 1377790
31461 read(3, ".rodata\0.eh_frame_hdr\0.eh_frame\0.init_array\0.fini_array\0.data.rel.ro\0.dynamic\0.got\0.got.plt\0.data\0.bss\0.gnu_debuglink\0", 118) = 118
31461 lseek(3, 1377790, SEEK_SET)       = 1377790
31461 read(3, ".rodata\0", 8)           = 8
31461 lseek(3, 1378808, SEEK_SET)       = 1378808
31461 read(3, "\202\0\0\0\1\0\0\0\2\0\0\0\0\0\0\0\220H\23\0\0\0\0\0\220H\23\0\0\0\0\0|&\0\0\0\0\0\0\0\0\0\0\0\0\0\0\4\0\0\0\0\0\0\0\0\0\0\0\0\0\0\0", 64) = 64
31461 lseek(3, 1377798, SEEK_SET)       = 1377798
31461 read(3, ".eh_frame_hdr\0.eh_frame\0.init_array\0.fini_array\0.data.rel.ro\0.dynamic\0.got\0.got.plt\0.data\0.bss\0.gnu_debuglink\0", 110) = 110
31461 lseek(3, 1377798, SEEK_SET)       = 1377798
31461 read(3, ".eh_frame_hdr\0", 14)    = 14
31461 lseek(3, 1378872, SEEK_SET)       = 1378872
31461 read(3, "\220\0\0\0\1\0\0\0\2\0\0\0\0\0\0\0\20o\23\0\0\0\0\0\20o\23\0\0\0\0\0000\345\0\0\0\0\0\0\0\0\0\0\0\0\0\0\10\0\0\0\0\0\0\0\0\0\0\0\0\0\0\0", 64) = 64
31461 lseek(3, 1377812, SEEK_SET)       = 1377812
31461 read(3, ".eh_frame\0.init_array\0.fini_array\0.data.rel.ro\0.dynamic\0.got\0.got.plt\0.data\0.bss\0.gnu_debuglink\0", 96) = 96
31461 lseek(3, 1377812, SEEK_SET)       = 1377812
31461 read(3, ".eh_frame\0", 10)        = 10
31461 lseek(3, 1378936, SEEK_SET)       = 1378936
31461 read(3, "\232\0\0\0\16\0\0\0\3\0\0\0\0\0\0\0\10\350\25\0\0\0\0\0\10\350\24\0\0\0\0\0\10\0\0\0\0\0\0\0\0\0\0\0\0\0\0\0\10\0\0\0\0\0\0\0\10\0\0\0\0\0\0\0", 64) = 64
31461 lseek(3, 1379000, SEEK_SET)       = 1379000
31461 read(3, "\246\0\0\0\17\0\0\0\3\0\0\0\0\0\0\0\20\350\25\0\0\0\0\0\20\350\24\0\0\0\0\0\10\0\0\0\0\0\0\0\0\0\0\0\0\0\0\0\10\0\0\0\0\0\0\0\10\0\0\0\0\0\0\0", 64) = 64
31461 lseek(3, 1379064, SEEK_SET)       = 1379064
31461 read(3, "\262\0\0\0\1\0\0\0\3\0\0\0\0\0\0\0\30\350\25\0\0\0\0\0\30\350\24\0\0\0\0\0p\r\0\0\0\0\0\0\0\0\0\0\0\0\0\0\10\0\0\0\0\0\0\0\0\0\0\0\0\0\0\0", 64) = 64
31461 lseek(3, 1377846, SEEK_SET)       = 1377846
31461 read(3, ".data.rel.ro\0.dynamic\0.got\0.got.plt\0.data\0.bss\0.gnu_debuglink\0", 62) = 62
31461 lseek(3, 1377846, SEEK_SET)       = 1377846
31461 read(3, ".data.rel.ro\0", 13)     = 13
31461 lseek(3, 1379128, SEEK_SET)       = 1379128
31461 read(3, "\277\0\0\0\6\0\0\0\3\0\0\0\0\0\0\0\210\365\25\0\0\0\0\0\210\365\24\0\0\0\0\0\20\2\0\0\0\0\0\0\4\0\0\0\0\0\0\0\10\0\0\0\0\0\0\0\20\0\0\0\0\0\0\0", 64) = 64
31461 lseek(3, 1379192, SEEK_SET)       = 1379192
31461 read(3, "\310\0\0\0\1\0\0\0\3\0\0\0\0\0\0\0\230\367\25\0\0\0\0\0\230\367\24\0\0\0\0\0P\10\0\0\0\0\0\0\0\0\0\0\0\0\0\0\10\0\0\0\0\0\0\0\10\0\0\0\0\0\0\0", 64) = 64
31461 lseek(3, 1377868, SEEK_SET)       = 1377868
31461 read(3, ".got\0.got.plt\0.data\0.bss\0.gnu_debuglink\0", 40) = 40
31461 lseek(3, 1377868, SEEK_SET)       = 1377868
31461 read(3, ".got\0", 5)              = 5
31461 lseek(3, 1379256, SEEK_SET)       = 1379256
31461 read(3, "\315\0\0\0\1\0\0\0\3\0\0\0\0\0\0\0\350\377\25\0\0\0\0\0\350\377\24\0\0\0\0\0`\2\0\0\0\0\0\0\0\0\0\0\0\0\0\0\10\0\0\0\0\0\0\0\10\0\0\0\0\0\0\0", 64) = 64
31461 lseek(3, 1377873, SEEK_SET)       = 1377873
31461 read(3, ".got.plt\0.data\0.bss\0.gnu_debuglink\0", 35) = 35
31461 lseek(3, 1377873, SEEK_SET)       = 1377873
31461 read(3, ".got.plt\0", 9)          = 9
31461 lseek(3, 1379320, SEEK_SET)       = 1379320
31461 read(3, "\326\0\0\0\1\0\0\0\3\0\0\0\0\0\0\0H\2\26\0\0\0\0\0H\2\25\0\0\0\0\0\10\3\0\0\0\0\0\0\0\0\0\0\0\0\0\0\10\0\0\0\0\0\0\0\0\0\0\0\0\0\0\0", 64) = 64
31461 lseek(3, 1377882, SEEK_SET)       = 1377882
31461 read(3, ".data\0.bss\0.gnu_debuglink\0", 26) = 26
31461 lseek(3, 1377882, SEEK_SET)       = 1377882
31461 read(3, ".data\0", 6)             = 6
31461 lseek(3, 1379384, SEEK_SET)       = 1379384
31461 read(3, "\334\0\0\0\10\0\0\0\3\0\0\0\0\0\0\0P\5\26\0\0\0\0\0P\5\25\0\0\0\0\0 \220\17\0\0\0\0\0\0\0\0\0\0\0\0\0\20\0\0\0\0\0\0\0\0\0\0\0\0\0\0\0", 64) = 64
31461 lseek(3, 1379448, SEEK_SET)       = 1379448
31461 read(3, "\341\0\0\0\1\0\0\0\0\0\0\0\0\0\0\0\0\0\0\0\0\0\0\0P\5\25\0\0\0\0\0004\0\0\0\0\0\0\0\0\0\0\0\0\0\0\0\4\0\0\0\0\0\0\0\0\0\0\0\0\0\0\0", 64) = 64
31461 lseek(3, 1377893, SEEK_SET)       = 1377893
31461 read(3, ".gnu_debuglink\0", 15)   = 15
31461 lseek(3, 1377893, SEEK_SET)       = 1377893
31461 read(3, ".gnu_debuglink\0", 15)   = 15
31461 lseek(3, 1377616, SEEK_SET)       = 1377616
31461 read(3, "803ea750abc562363d4759d2995488ac678950.debug\0\0\0\0", 48) = 48
31461 read(3, "\371{\211l", 4)          = 4
31461 rt_sigprocmask(SIG_SETMASK, ~[RTMIN RT_1], [], 8) = 0
31461 rt_sigprocmask(SIG_SETMASK, [], NULL, 8) = 0
31461 close(3)                          = 0
31461 rt_sigprocmask(SIG_SETMASK, ~[RTMIN RT_1], [], 8) = 0
31461 rt_sigprocmask(SIG_SETMASK, [], NULL, 8) = 0
31461 readlinkat(AT_FDCWD, "/lib", "usr/lib", 1023) = 7
31461 readlinkat(AT_FDCWD, "/usr", 0x7fc472b6c0, 1023) = -1 EINVAL (Invalid argument)
31461 readlinkat(AT_FDCWD, "/usr/lib", 0x7fc472b6c0, 1023) = -1 EINVAL (Invalid argument)
31461 readlinkat(AT_FDCWD, "/usr/lib/aarch64-linux-gnu", 0x7fc472b6c0, 1023) = -1 EINVAL (Invalid argument)
31461 readlinkat(AT_FDCWD, "/usr/lib/aarch64-linux-gnu/libopencv_imgproc.so.406", "libopencv_imgproc.so.4.6.0", 1023) = 26
31461 readlinkat(AT_FDCWD, "/usr/lib/aarch64-linux-gnu/libopencv_imgproc.so.4.6.0", 0x7fc472b6c0, 1023) = -1 EINVAL (Invalid argument)
31461 rt_sigprocmask(SIG_SETMASK, ~[RTMIN RT_1], [], 8) = 0
31461 rt_sigprocmask(SIG_SETMASK, [], NULL, 8) = 0
31461 openat(AT_FDCWD, "/usr/lib/aarch64-linux-gnu/libopencv_imgproc.so.4.6.0", O_RDONLY|O_CLOEXEC) = 3
31461 rt_sigprocmask(SIG_SETMASK, ~[RTMIN RT_1], [], 8) = 0
31461 rt_sigprocmask(SIG_SETMASK, [], NULL, 8) = 0
31461 read(3, "\177ELF\2\1\1\3\0\0\0\0\0\0\0\0", 16) = 16
31461 lseek(3, 0, SEEK_SET)             = 0
31461 read(3, "\177ELF\2\1\1\3\0\0\0\0\0\0\0\0\3\0\267\0\1\0\0\0\0\0\0\0\0\0\0\0@\0\0\0\0\0\0\08q.\0\0\0\0\0\0\0\0\0@\08\0\7\0@\0\32\0\31\0", 64) = 64
31461 lseek(3, 3045240, SEEK_SET)       = 3045240
31461 read(3, "\1\0\0\0\3\0\0\0\0\0\0\0\0\0\0\0\0\0\0\0\0\0\0\0<p.\0\0\0\0\0\371\0\0\0\0\0\0\0\0\0\0\0\0\0\0\0\1\0\0\0\0\0\0\0\0\0\0\0\0\0\0\0", 64) = 64
31461 lseek(3, 64, SEEK_SET)            = 64
31461 read(3, "\1\0\0\0\5\0\0\0\0\0\0\0\0\0\0\0\0\0\0\0\0\0\0\0\0\0\0\0\0\0\0\0\226s,\0\0\0\0\0\226s,\0\0\0\0\0\0\0\1\0\0\0\0\0", 56) = 56
31461 lseek(3, 120, SEEK_SET)           = 120
31461 read(3, "\1\0\0\0\6\0\0\0\30\30-\0\0\0\0\0\30\30-\0\0\0\0\0\30\30-\0\0\0\0\0\360W\1\0\0\0\0\0\0303\v\0\0\0\0\0\0\0\1\0\0\0\0\0", 56) = 56
31461 lseek(3, 176, SEEK_SET)           = 176
31461 read(3, "\2\0\0\0\6\0\0\0\250\346-\0\0\0\0\0\250\346-\0\0\0\0\0\250\346-\0\0\0\0\0@\2\0\0\0\0\0\0@\2\0\0\0\0\0\0\10\0\0\0\0\0\0\0", 56) = 56
31461 lseek(3, 232, SEEK_SET)           = 232
31461 read(3, "\4\0\0\0\4\0\0\0\310\1\0\0\0\0\0\0\310\1\0\0\0\0\0\0\310\1\0\0\0\0\0\0$\0\0\0\0\0\0\0$\0\0\0\0\0\0\0\4\0\0\0\0\0\0\0", 56) = 56
31461 lseek(3, 288, SEEK_SET)           = 288
31461 read(3, "P\345td\4\0\0\0\f#)\0\0\0\0\0\f#)\0\0\0\0\0\f#)\0\0\0\0\0|S\0\0\0\0\0\0|S\0\0\0\0\0\0\4\0\0\0\0\0\0\0", 56) = 56
31461 lseek(3, 344, SEEK_SET)           = 344
31461 read(3, "Q\345td\6\0\0\0\0\0\0\0\0\0\0\0\0\0\0\0\0\0\0\0\0\0\0\0\0\0\0\0\0\0\0\0\0\0\0\0\0\0\0\0\0\0\0\0\20\0\0\0\0\0\0\0", 56) = 56
31461 lseek(3, 400, SEEK_SET)           = 400
31461 read(3, "R\345td\4\0\0\0\30\30-\0\0\0\0\0\30\30-\0\0\0\0\0\30\30-\0\0\0\0\0\350\347\0\0\0\0\0\0\350\347\0\0\0\0\0\0\1\0\0\0\0\0\0\0", 56) = 56
31461 lseek(3, 64, SEEK_SET)            = 64
31461 read(3, "\1\0\0\0\5\0\0\0\0\0\0\0\0\0\0\0\0\0\0\0\0\0\0\0\0\0\0\0\0\0\0\0\226s,\0\0\0\0\0\226s,\0\0\0\0\0\0\0\1\0\0\0\0\0", 56) = 56
31461 lseek(3, 120, SEEK_SET)           = 120
31461 read(3, "\1\0\0\0\6\0\0\0\30\30-\0\0\0\0\0\30\30-\0\0\0\0\0\30\30-\0\0\0\0\0\360W\1\0\0\0\0\0\0303\v\0\0\0\0\0\0\0\1\0\0\0\0\0", 56) = 56
31461 lseek(3, 176, SEEK_SET)           = 176
31461 read(3, "\2\0\0\0\6\0\0\0\250\346-\0\0\0\0\0\250\346-\0\0\0\0\0\250\346-\0\0\0\0\0@\2\0\0\0\0\0\0@\2\0\0\0\0\0\0\10\0\0\0\0\0\0\0", 56) = 56
31461 lseek(3, 232, SEEK_SET)           = 232
31461 read(3, "\4\0\0\0\4\0\0\0\310\1\0\0\0\0\0\0\310\1\0\0\0\0\0\0\310\1\0\0\0\0\0\0$\0\0\0\0\0\0\0$\0\0\0\0\0\0\0\4\0\0\0\0\0\0\0", 56) = 56
31461 lseek(3, 456, SEEK_SET)           = 456
31461 read(3, "\4\0\0\0\24\0\0\0\3\0\0\0", 12) = 12
31461 lseek(3, 472, SEEK_SET)           = 472
31461 read(3, "\270\371j\24\224OuuE\34\353\10\271Y1)k9\306 ", 20) = 20
31461 lseek(3, 3043640, SEEK_SET)       = 3043640
31461 read(3, "\0\0\0\0\0\0\0\0\0\0\0\0\0\0\0\0\0\0\0\0\0\0\0\0\0\0\0\0\0\0\0\0\0\0\0\0\0\0\0\0\0\0\0\0\0\0\0\0\0\0\0\0\0\0\0\0\0\0\0\0\0\0\0\0", 64) = 64
31461 lseek(3, 3043704, SEEK_SET)       = 3043704
31461 read(3, "\v\0\0\0\7\0\0\0\2\0\0\0\0\0\0\0\310\1\0\0\0\0\0\0\310\1\0\0\0\0\0\0$\0\0\0\0\0\0\0\0\0\0\0\0\0\0\0\4\0\0\0\0\0\0\0\0\0\0\0\0\0\0\0", 64) = 64
31461 lseek(3, 3043768, SEEK_SET)       = 3043768
31461 read(3, "\36\0\0\0\366\377\377o\2\0\0\0\0\0\0\0\360\1\0\0\0\0\0\0\360\1\0\0\0\0\0\0t\r\0\0\0\0\0\0\3\0\0\0\0\0\0\0\10\0\0\0\0\0\0\0\0\0\0\0\0\0\0\0", 64) = 64
31461 lseek(3, 3043832, SEEK_SET)       = 3043832
31461 read(3, "(\0\0\0\v\0\0\0\2\0\0\0\0\0\0\0h\17\0\0\0\0\0\0h\17\0\0\0\0\0\0\370R\0\0\0\0\0\0\4\0\0\0\3\0\0\0\10\0\0\0\0\0\0\0\30\0\0\0\0\0\0\0", 64) = 64
31461 lseek(3, 3043896, SEEK_SET)       = 3043896
31461 read(3, "0\0\0\0\3\0\0\0\2\0\0\0\0\0\0\0`b\0\0\0\0\0\0`b\0\0\0\0\0\0 \230\0\0\0\0\0\0\0\0\0\0\0\0\0\0\1\0\0\0\0\0\0\0\0\0\0\0\0\0\0\0", 64) = 64
31461 lseek(3, 3043960, SEEK_SET)       = 3043960
31461 read(3, "8\0\0\0\377\377\377o\2\0\0\0\0\0\0\0\200\372\0\0\0\0\0\0\200\372\0\0\0\0\0\0\352\6\0\0\0\0\0\0\3\0\0\0\0\0\0\0\2\0\0\0\0\0\0\0\2\0\0\0\0\0\0\0", 64) = 64
31461 lseek(3, 3044024, SEEK_SET)       = 3044024
31461 read(3, "E\0\0\0\376\377\377o\2\0\0\0\0\0\0\0p\1\1\0\0\0\0\0p\1\1\0\0\0\0\0P\1\0\0\0\0\0\0\4\0\0\0\5\0\0\0\10\0\0\0\0\0\0\0\0\0\0\0\0\0\0\0", 64) = 64
31461 lseek(3, 3044088, SEEK_SET)       = 3044088
31461 read(3, "T\0\0\0\4\0\0\0\2\0\0\0\0\0\0\0\300\2\1\0\0\0\0\0\300\2\1\0\0\0\0\0p_\3\0\0\0\0\0\3\0\0\0\0\0\0\0\10\0\0\0\0\0\0\0\30\0\0\0\0\0\0\0", 64) = 64
31461 lseek(3, 3044152, SEEK_SET)       = 3044152
31461 read(3, "^\0\0\0\4\0\0\0B\0\0\0\0\0\0\0000b\4\0\0\0\0\0000b\4\0\0\0\0\0X8\0\0\0\0\0\0\3\0\0\0\25\0\0\0\10\0\0\0\0\0\0\0\30\0\0\0\0\0\0\0", 64) = 64
31461 lseek(3, 3044216, SEEK_SET)       = 3044216
31461 read(3, "h\0\0\0\1\0\0\0\6\0\0\0\0\0\0\0\210\232\4\0\0\0\0\0\210\232\4\0\0\0\0\0\30\0\0\0\0\0\0\0\0\0\0\0\0\0\0\0\4\0\0\0\0\0\0\0\0\0\0\0\0\0\0\0", 64) = 64
31461 lseek(3, 3043492, SEEK_SET)       = 3043492
31461 read(3, ".init\0.text\0.fini\0.rodata\0.eh_frame_hdr\0.eh_frame\0.gcc_except_table\0.init_array\0.fini_array\0.data.rel.ro\0.dynamic\0.got\0.data\0.bss\0.gnu_debuglink\0", 145) = 145
31461 lseek(3, 3043492, SEEK_SET)       = 3043492
31461 read(3, ".init\0", 6)             = 6
31461 lseek(3, 3044280, SEEK_SET)       = 3044280
31461 read(3, "c\0\0\0\1\0\0\0\6\0\0\0\0\0\0\0\240\232\4\0\0\0\0\0\240\232\4\0\0\0\0\0\260%\0\0\0\0\0\0\0\0\0\0\0\0\0\0\20\0\0\0\0\0\0\0\0\0\0\0\0\0\0\0", 64) = 64
31461 lseek(3, 3043487, SEEK_SET)       = 3043487
31461 read(3, ".plt\0.init\0.text\0.fini\0.rodata\0.eh_frame_hdr\0.eh_frame\0.gcc_except_table\0.init_array\0.fini_array\0.data.rel.ro\0.dynamic\0.got\0.data\0.bss\0.gnu_debuglink\0", 150) = 150
31461 lseek(3, 3043487, SEEK_SET)       = 3043487
31461 read(3, ".plt\0", 5)              = 5
31461 lseek(3, 3044344, SEEK_SET)       = 3044344
31461 read(3, "n\0\0\0\1\0\0\0\6\0\0\0\0\0\0\0P\300\4\0\0\0\0\0P\300\4\0\0\0\0\0\300-\33\0\0\0\0\0\0\0\0\0\0\0\0\0\20\0\0\0\0\0\0\0\0\0\0\0\0\0\0\0", 64) = 64
31461 lseek(3, 3043498, SEEK_SET)       = 3043498
31461 read(3, ".text\0.fini\0.rodata\0.eh_frame_hdr\0.eh_frame\0.gcc_except_table\0.init_array\0.fini_array\0.data.rel.ro\0.dynamic\0.got\0.data\0.bss\0.gnu_debuglink\0", 139) = 139
31461 lseek(3, 3043498, SEEK_SET)       = 3043498
31461 read(3, ".text\0", 6)             = 6
31461 lseek(3, 3044408, SEEK_SET)       = 3044408
31461 read(3, "t\0\0\0\1\0\0\0\6\0\0\0\0\0\0\0\20\356\37\0\0\0\0\0\20\356\37\0\0\0\0\0\24\0\0\0\0\0\0\0\0\0\0\0\0\0\0\0\4\0\0\0\0\0\0\0\0\0\0\0\0\0\0\0", 64) = 64
31461 lseek(3, 3043504, SEEK_SET)       = 3043504
31461 read(3, ".fini\0.rodata\0.eh_frame_hdr\0.eh_frame\0.gcc_except_table\0.init_array\0.fini_array\0.data.rel.ro\0.dynamic\0.got\0.data\0.bss\0.gnu_debuglink\0", 133) = 133
31461 lseek(3, 3043504, SEEK_SET)       = 3043504
31461 read(3, ".fini\0", 6)             = 6
31461 lseek(3, 3044472, SEEK_SET)       = 3044472
31461 read(3, "z\0\0\0\1\0\0\0\2\0\0\0\0\0\0\0000\356\37\0\0\0\0\0000\356\37\0\0\0\0\0\3314\t\0\0\0\0\0\0\0\0\0\0\0\0\0\20\0\0\0\0\0\0\0\0\0\0\0\0\0\0\0", 64) = 64
31461 lseek(3, 3043510, SEEK_SET)       = 3043510
31461 read(3, ".rodata\0.eh_frame_hdr\0.eh_frame\0.gcc_except_table\0.init_array\0.fini_array\0.data.rel.ro\0.dynamic\0.got\0.data\0.bss\0.gnu_debuglink\0", 127) = 127
31461 lseek(3, 3043510, SEEK_SET)       = 3043510
31461 read(3, ".rodata\0", 8)           = 8
31461 lseek(3, 3044536, SEEK_SET)       = 3044536
31461 read(3, "\202\0\0\0\1\0\0\0\2\0\0\0\0\0\0\0\f#)\0\0\0\0\0\f#)\0\0\0\0\0|S\0\0\0\0\0\0\0\0\0\0\0\0\0\0\4\0\0\0\0\0\0\0\0\0\0\0\0\0\0\0", 64) = 64
31461 lseek(3, 3043518, SEEK_SET)       = 3043518
31461 read(3, ".eh_frame_hdr\0.eh_frame\0.gcc_except_table\0.init_array\0.fini_array\0.data.rel.ro\0.dynamic\0.got\0.data\0.bss\0.gnu_debuglink\0", 119) = 119
31461 lseek(3, 3043518, SEEK_SET)       = 3043518
31461 read(3, ".eh_frame_hdr\0", 14)    = 14
31461 lseek(3, 3044600, SEEK_SET)       = 3044600
31461 read(3, "\220\0\0\0\1\0\0\0\2\0\0\0\0\0\0\0\210v)\0\0\0\0\0\210v)\0\0\0\0\0TC\2\0\0\0\0\0\0\0\0\0\0\0\0\0\10\0\0\0\0\0\0\0\0\0\0\0\0\0\0\0", 64) = 64
31461 lseek(3, 3043532, SEEK_SET)       = 3043532
31461 read(3, ".eh_frame\0.gcc_except_table\0.init_array\0.fini_array\0.data.rel.ro\0.dynamic\0.got\0.data\0.bss\0.gnu_debuglink\0", 105) = 105
31461 lseek(3, 3043532, SEEK_SET)       = 3043532
31461 read(3, ".eh_frame\0", 10)        = 10
31461 lseek(3, 3044664, SEEK_SET)       = 3044664
31461 read(3, "\232\0\0\0\1\0\0\0\2\0\0\0\0\0\0\0\334\271+\0\0\0\0\0\334\271+\0\0\0\0\0\272\271\0\0\0\0\0\0\0\0\0\0\0\0\0\0\4\0\0\0\0\0\0\0\0\0\0\0\0\0\0\0", 64) = 64
31461 lseek(3, 3043542, SEEK_SET)       = 3043542
31461 read(3, ".gcc_except_table\0.init_array\0.fini_array\0.data.rel.ro\0.dynamic\0.got\0.data\0.bss\0.gnu_debuglink\0", 95) = 95
31461 lseek(3, 3043542, SEEK_SET)       = 3043542
31461 read(3, ".gcc_except_table\0", 18) = 18
31461 lseek(3, 3044728, SEEK_SET)       = 3044728
31461 read(3, "\254\0\0\0\16\0\0\0\3\0\0\0\0\0\0\0\30\30-\0\0\0\0\0\30\30-\0\0\0\0\0`\0\0\0\0\0\0\0\0\0\0\0\0\0\0\0\10\0\0\0\0\0\0\0\10\0\0\0\0\0\0\0", 64) = 64
31461 lseek(3, 3044792, SEEK_SET)       = 3044792
31461 read(3, "\270\0\0\0\17\0\0\0\3\0\0\0\0\0\0\0x\30-\0\0\0\0\0x\30-\0\0\0\0\0\10\0\0\0\0\0\0\0\0\0\0\0\0\0\0\0\10\0\0\0\0\0\0\0\10\0\0\0\0\0\0\0", 64) = 64
31461 lseek(3, 3044856, SEEK_SET)       = 3044856
31461 read(3, "\304\0\0\0\1\0\0\0\3\0\0\0\0\0\0\0\200\30-\0\0\0\0\0\200\30-\0\0\0\0\0(\316\0\0\0\0\0\0\0\0\0\0\0\0\0\0\20\0\0\0\0\0\0\0\0\0\0\0\0\0\0\0", 64) = 64
31461 lseek(3, 3043584, SEEK_SET)       = 3043584
31461 read(3, ".data.rel.ro\0.dynamic\0.got\0.data\0.bss\0.gnu_debuglink\0", 53) = 53
31461 lseek(3, 3043584, SEEK_SET)       = 3043584
31461 read(3, ".data.rel.ro\0", 13)     = 13
31461 lseek(3, 3044920, SEEK_SET)       = 3044920
31461 read(3, "\321\0\0\0\6\0\0\0\3\0\0\0\0\0\0\0\250\346-\0\0\0\0\0\250\346-\0\0\0\0\0@\2\0\0\0\0\0\0\4\0\0\0\0\0\0\0\10\0\0\0\0\0\0\0\20\0\0\0\0\0\0\0", 64) = 64
31461 lseek(3, 3044984, SEEK_SET)       = 3044984
31461 read(3, "\332\0\0\0\1\0\0\0\3\0\0\0\0\0\0\0\350\350-\0\0\0\0\0\350\350-\0\0\0\0\0\20\27\0\0\0\0\0\0\0\0\0\0\0\0\0\0\10\0\0\0\0\0\0\0\10\0\0\0\0\0\0\0", 64) = 64
31461 lseek(3, 3043606, SEEK_SET)       = 3043606
31461 read(3, ".got\0.data\0.bss\0.gnu_debuglink\0", 31) = 31
31461 lseek(3, 3043606, SEEK_SET)       = 3043606
31461 read(3, ".got\0", 5)              = 5
31461 lseek(3, 3045048, SEEK_SET)       = 3045048
31461 read(3, "\337\0\0\0\1\0\0\0\3\0\0\0\0\0\0\0\0\0.\0\0\0\0\0\0\0.\0\0\0\0\0\10p\0\0\0\0\0\0\0\0\0\0\0\0\0\0\20\0\0\0\0\0\0\0\0\0\0\0\0\0\0\0", 64) = 64
31461 lseek(3, 3043611, SEEK_SET)       = 3043611
31461 read(3, ".data\0.bss\0.gnu_debuglink\0", 26) = 26
31461 lseek(3, 3043611, SEEK_SET)       = 3043611
31461 read(3, ".data\0", 6)             = 6
31461 lseek(3, 3045112, SEEK_SET)       = 3045112
31461 read(3, "\345\0\0\0\10\0\0\0\3\0\0\0\0\0\0\0\20p.\0\0\0\0\0\10p.\0\0\0\0\0 \333\t\0\0\0\0\0\0\0\0\0\0\0\0\0\20\0\0\0\0\0\0\0\0\0\0\0\0\0\0\0", 64) = 64
31461 lseek(3, 3045176, SEEK_SET)       = 3045176
31461 read(3, "\352\0\0\0\1\0\0\0\0\0\0\0\0\0\0\0\0\0\0\0\0\0\0\0\10p.\0\0\0\0\0004\0\0\0\0\0\0\0\0\0\0\0\0\0\0\0\4\0\0\0\0\0\0\0\0\0\0\0\0\0\0\0", 64) = 64
31461 lseek(3, 3043622, SEEK_SET)       = 3043622
31461 read(3, ".gnu_debuglink\0", 15)   = 15
31461 lseek(3, 3043622, SEEK_SET)       = 3043622
31461 read(3, ".gnu_debuglink\0", 15)   = 15
31461 lseek(3, 3043336, SEEK_SET)       = 3043336
31461 read(3, "f96a14944f7575451ceb08b95931296b39c620.debug\0\0\0\0", 48) = 48
31461 read(3, "\325\355\21J", 4)        = 4
31461 rt_sigprocmask(SIG_SETMASK, ~[RTMIN RT_1], [], 8) = 0
31461 rt_sigprocmask(SIG_SETMASK, [], NULL, 8) = 0
31461 close(3)                          = 0
31461 rt_sigprocmask(SIG_SETMASK, ~[RTMIN RT_1], [], 8) = 0
31461 rt_sigprocmask(SIG_SETMASK, [], NULL, 8) = 0
31461 readlinkat(AT_FDCWD, "/lib", "usr/lib", 1023) = 7
31461 readlinkat(AT_FDCWD, "/usr", 0x7fc472b6c0, 1023) = -1 EINVAL (Invalid argument)
31461 readlinkat(AT_FDCWD, "/usr/lib", 0x7fc472b6c0, 1023) = -1 EINVAL (Invalid argument)
31461 readlinkat(AT_FDCWD, "/usr/lib/aarch64-linux-gnu", 0x7fc472b6c0, 1023) = -1 EINVAL (Invalid argument)
31461 readlinkat(AT_FDCWD, "/usr/lib/aarch64-linux-gnu/libopencv_core.so.406", "libopencv_core.so.4.6.0", 1023) = 23
31461 readlinkat(AT_FDCWD, "/usr/lib/aarch64-linux-gnu/libopencv_core.so.4.6.0", 0x7fc472b6c0, 1023) = -1 EINVAL (Invalid argument)
31461 rt_sigprocmask(SIG_SETMASK, ~[RTMIN RT_1], [], 8) = 0
31461 rt_sigprocmask(SIG_SETMASK, [], NULL, 8) = 0
31461 openat(AT_FDCWD, "/usr/lib/aarch64-linux-gnu/libopencv_core.so.4.6.0", O_RDONLY|O_CLOEXEC) = 3
31461 rt_sigprocmask(SIG_SETMASK, ~[RTMIN RT_1], [], 8) = 0
31461 rt_sigprocmask(SIG_SETMASK, [], NULL, 8) = 0
31461 read(3, "\177ELF\2\1\1\3\0\0\0\0\0\0\0\0", 16) = 16
31461 lseek(3, 0, SEEK_SET)             = 0
31461 read(3, "\177ELF\2\1\1\3\0\0\0\0\0\0\0\0\3\0\267\0\1\0\0\0\0\0\0\0\0\0\0\0@\0\0\0\0\0\0\0\200\23,\0\0\0\0\0\0\0\0\0@\08\0\7\0@\0\32\0\31\0", 64) = 64
31461 lseek(3, 2890176, SEEK_SET)       = 2890176
31461 read(3, "\1\0\0\0\3\0\0\0\0\0\0\0\0\0\0\0\0\0\0\0\0\0\0\0\204\22,\0\0\0\0\0\371\0\0\0\0\0\0\0\0\0\0\0\0\0\0\0\1\0\0\0\0\0\0\0\0\0\0\0\0\0\0\0", 64) = 64
31461 lseek(3, 64, SEEK_SET)            = 64
31461 read(3, "\1\0\0\0\5\0\0\0\0\0\0\0\0\0\0\0\0\0\0\0\0\0\0\0\0\0\0\0\0\0\0\0\243\330*\0\0\0\0\0\243\330*\0\0\0\0\0\0\0\1\0\0\0\0\0", 56) = 56
31461 lseek(3, 120, SEEK_SET)           = 120
31461 read(3, "\1\0\0\0\6\0\0\0\2402+\0\0\0\0\0\2402+\0\0\0\0\0\2402+\0\0\0\0\0\260\337\0\0\0\0\0\0`0\1\0\0\0\0\0\0\0\1\0\0\0\0\0", 56) = 56
31461 lseek(3, 176, SEEK_SET)           = 176
31461 read(3, "\2\0\0\0\6\0\0\0\260\323+\0\0\0\0\0\260\323+\0\0\0\0\0\260\323+\0\0\0\0\0\200\2\0\0\0\0\0\0\200\2\0\0\0\0\0\0\10\0\0\0\0\0\0\0", 56) = 56
31461 lseek(3, 232, SEEK_SET)           = 232
31461 read(3, "\4\0\0\0\4\0\0\0\310\1\0\0\0\0\0\0\310\1\0\0\0\0\0\0\310\1\0\0\0\0\0\0$\0\0\0\0\0\0\0$\0\0\0\0\0\0\0\4\0\0\0\0\0\0\0", 56) = 56
31461 lseek(3, 288, SEEK_SET)           = 288
31461 read(3, "P\345td\4\0\0\0\f\357%\0\0\0\0\0\f\357%\0\0\0\0\0\f\357%\0\0\0\0\0\244\204\0\0\0\0\0\0\244\204\0\0\0\0\0\0\4\0\0\0\0\0\0\0", 56) = 56
31461 lseek(3, 344, SEEK_SET)           = 344
31461 read(3, "Q\345td\6\0\0\0\0\0\0\0\0\0\0\0\0\0\0\0\0\0\0\0\0\0\0\0\0\0\0\0\0\0\0\0\0\0\0\0\0\0\0\0\0\0\0\0\20\0\0\0\0\0\0\0", 56) = 56
31461 lseek(3, 400, SEEK_SET)           = 400
31461 read(3, "R\345td\4\0\0\0\2402+\0\0\0\0\0\2402+\0\0\0\0\0\2402+\0\0\0\0\0`\315\0\0\0\0\0\0`\315\0\0\0\0\0\0\1\0\0\0\0\0\0\0", 56) = 56
31461 lseek(3, 64, SEEK_SET)            = 64
31461 read(3, "\1\0\0\0\5\0\0\0\0\0\0\0\0\0\0\0\0\0\0\0\0\0\0\0\0\0\0\0\0\0\0\0\243\330*\0\0\0\0\0\243\330*\0\0\0\0\0\0\0\1\0\0\0\0\0", 56) = 56
31461 lseek(3, 120, SEEK_SET)           = 120
31461 read(3, "\1\0\0\0\6\0\0\0\2402+\0\0\0\0\0\2402+\0\0\0\0\0\2402+\0\0\0\0\0\260\337\0\0\0\0\0\0`0\1\0\0\0\0\0\0\0\1\0\0\0\0\0", 56) = 56
31461 lseek(3, 176, SEEK_SET)           = 176
31461 read(3, "\2\0\0\0\6\0\0\0\260\323+\0\0\0\0\0\260\323+\0\0\0\0\0\260\323+\0\0\0\0\0\200\2\0\0\0\0\0\0\200\2\0\0\0\0\0\0\10\0\0\0\0\0\0\0", 56) = 56
31461 lseek(3, 232, SEEK_SET)           = 232
31461 read(3, "\4\0\0\0\4\0\0\0\310\1\0\0\0\0\0\0\310\1\0\0\0\0\0\0\310\1\0\0\0\0\0\0$\0\0\0\0\0\0\0$\0\0\0\0\0\0\0\4\0\0\0\0\0\0\0", 56) = 56
31461 lseek(3, 456, SEEK_SET)           = 456
31461 read(3, "\4\0\0\0\24\0\0\0\3\0\0\0", 12) = 12
31461 lseek(3, 472, SEEK_SET)           = 472
31461 read(3, "0Ql9\304\vA\212\n\376\353\244\16}\321\25\f\267\316\0", 20) = 20
31461 lseek(3, 2888576, SEEK_SET)       = 2888576
31461 read(3, "\0\0\0\0\0\0\0\0\0\0\0\0\0\0\0\0\0\0\0\0\0\0\0\0\0\0\0\0\0\0\0\0\0\0\0\0\0\0\0\0\0\0\0\0\0\0\0\0\0\0\0\0\0\0\0\0\0\0\0\0\0\0\0\0", 64) = 64
31461 lseek(3, 2888640, SEEK_SET)       = 2888640
31461 read(3, "\v\0\0\0\7\0\0\0\2\0\0\0\0\0\0\0\310\1\0\0\0\0\0\0\310\1\0\0\0\0\0\0$\0\0\0\0\0\0\0\0\0\0\0\0\0\0\0\4\0\0\0\0\0\0\0\0\0\0\0\0\0\0\0", 64) = 64
31461 lseek(3, 2888704, SEEK_SET)       = 2888704
31461 read(3, "\36\0\0\0\366\377\377o\2\0\0\0\0\0\0\0\360\1\0\0\0\0\0\0\360\1\0\0\0\0\0\0\340L\0\0\0\0\0\0\3\0\0\0\0\0\0\0\10\0\0\0\0\0\0\0\0\0\0\0\0\0\0\0", 64) = 64
31461 lseek(3, 2888768, SEEK_SET)       = 2888768
31461 read(3, "(\0\0\0\v\0\0\0\2\0\0\0\0\0\0\0\320N\0\0\0\0\0\0\320N\0\0\0\0\0\0\20\370\0\0\0\0\0\0\4\0\0\0\3\0\0\0\10\0\0\0\0\0\0\0\30\0\0\0\0\0\0\0", 64) = 64
31461 lseek(3, 2888832, SEEK_SET)       = 2888832
31461 read(3, "0\0\0\0\3\0\0\0\2\0\0\0\0\0\0\0\340F\1\0\0\0\0\0\340F\1\0\0\0\0\0\37\230\1\0\0\0\0\0\0\0\0\0\0\0\0\0\1\0\0\0\0\0\0\0\0\0\0\0\0\0\0\0", 64) = 64
31461 lseek(3, 2888896, SEEK_SET)       = 2888896
31461 read(3, "8\0\0\0\377\377\377o\2\0\0\0\0\0\0\0\0\337\2\0\0\0\0\0\0\337\2\0\0\0\0\0\254\24\0\0\0\0\0\0\3\0\0\0\0\0\0\0\2\0\0\0\0\0\0\0\2\0\0\0\0\0\0\0", 64) = 64
31461 lseek(3, 2888960, SEEK_SET)       = 2888960
31461 read(3, "E\0\0\0\376\377\377o\2\0\0\0\0\0\0\0\260\363\2\0\0\0\0\0\260\363\2\0\0\0\0\0\0\2\0\0\0\0\0\0\4\0\0\0\5\0\0\0\10\0\0\0\0\0\0\0\0\0\0\0\0\0\0\0", 64) = 64
31461 lseek(3, 2889024, SEEK_SET)       = 2889024
31461 read(3, "T\0\0\0\4\0\0\0\2\0\0\0\0\0\0\0\260\365\2\0\0\0\0\0\260\365\2\0\0\0\0\0\310\253\1\0\0\0\0\0\3\0\0\0\0\0\0\0\10\0\0\0\0\0\0\0\30\0\0\0\0\0\0\0", 64) = 64
31461 lseek(3, 2889088, SEEK_SET)       = 2889088
31461 read(3, "^\0\0\0\4\0\0\0B\0\0\0\0\0\0\0x\241\4\0\0\0\0\0x\241\4\0\0\0\0\0\10j\0\0\0\0\0\0\3\0\0\0\25\0\0\0\10\0\0\0\0\0\0\0\30\0\0\0\0\0\0\0", 64) = 64
31461 lseek(3, 2889152, SEEK_SET)       = 2889152
31461 read(3, "h\0\0\0\1\0\0\0\6\0\0\0\0\0\0\0\200\v\5\0\0\0\0\0\200\v\5\0\0\0\0\0\30\0\0\0\0\0\0\0\0\0\0\0\0\0\0\0\4\0\0\0\0\0\0\0\0\0\0\0\0\0\0\0", 64) = 64
31461 lseek(3, 2888428, SEEK_SET)       = 2888428
31461 read(3, ".init\0.text\0.fini\0.rodata\0.eh_frame_hdr\0.eh_frame\0.gcc_except_table\0.init_array\0.fini_array\0.data.rel.ro\0.dynamic\0.got\0.data\0.bss\0.gnu_debuglink\0", 145) = 145
31461 lseek(3, 2888428, SEEK_SET)       = 2888428
31461 read(3, ".init\0", 6)             = 6
31461 lseek(3, 2889216, SEEK_SET)       = 2889216
31461 read(3, "c\0\0\0\1\0\0\0\6\0\0\0\0\0\0\0\240\v\5\0\0\0\0\0\240\v\5\0\0\0\0\0\320F\0\0\0\0\0\0\0\0\0\0\0\0\0\0\20\0\0\0\0\0\0\0\0\0\0\0\0\0\0\0", 64) = 64
31461 lseek(3, 2888423, SEEK_SET)       = 2888423
31461 read(3, ".plt\0.init\0.text\0.fini\0.rodata\0.eh_frame_hdr\0.eh_frame\0.gcc_except_table\0.init_array\0.fini_array\0.data.rel.ro\0.dynamic\0.got\0.data\0.bss\0.gnu_debuglink\0", 150) = 150
31461 lseek(3, 2888423, SEEK_SET)       = 2888423
31461 read(3, ".plt\0", 5)              = 5
31461 lseek(3, 2889280, SEEK_SET)       = 2889280
31461 read(3, "n\0\0\0\1\0\0\0\6\0\0\0\0\0\0\0pR\5\0\0\0\0\0pR\5\0\0\0\0\0\320\243\33\0\0\0\0\0\0\0\0\0\0\0\0\0\20\0\0\0\0\0\0\0\0\0\0\0\0\0\0\0", 64) = 64
31461 lseek(3, 2888434, SEEK_SET)       = 2888434
31461 read(3, ".text\0.fini\0.rodata\0.eh_frame_hdr\0.eh_frame\0.gcc_except_table\0.init_array\0.fini_array\0.data.rel.ro\0.dynamic\0.got\0.data\0.bss\0.gnu_debuglink\0", 139) = 139
31461 lseek(3, 2888434, SEEK_SET)       = 2888434
31461 read(3, ".text\0", 6)             = 6
31461 lseek(3, 2889344, SEEK_SET)       = 2889344
31461 read(3, "t\0\0\0\1\0\0\0\6\0\0\0\0\0\0\0@\366 \0\0\0\0\0@\366 \0\0\0\0\0\24\0\0\0\0\0\0\0\0\0\0\0\0\0\0\0\4\0\0\0\0\0\0\0\0\0\0\0\0\0\0\0", 64) = 64
31461 lseek(3, 2888440, SEEK_SET)       = 2888440
31461 read(3, ".fini\0.rodata\0.eh_frame_hdr\0.eh_frame\0.gcc_except_table\0.init_array\0.fini_array\0.data.rel.ro\0.dynamic\0.got\0.data\0.bss\0.gnu_debuglink\0", 133) = 133
31461 lseek(3, 2888440, SEEK_SET)       = 2888440
31461 read(3, ".fini\0", 6)             = 6
31461 lseek(3, 2889408, SEEK_SET)       = 2889408
31461 read(3, "z\0\0\0\1\0\0\0\2\0\0\0\0\0\0\0\200\366 \0\0\0\0\0\200\366 \0\0\0\0\0\211\370\4\0\0\0\0\0\0\0\0\0\0\0\0\0@\0\0\0\0\0\0\0\0\0\0\0\0\0\0\0", 64) = 64
31461 lseek(3, 2888446, SEEK_SET)       = 2888446
31461 read(3, ".rodata\0.eh_frame_hdr\0.eh_frame\0.gcc_except_table\0.init_array\0.fini_array\0.data.rel.ro\0.dynamic\0.got\0.data\0.bss\0.gnu_debuglink\0", 127) = 127
31461 lseek(3, 2888446, SEEK_SET)       = 2888446
31461 read(3, ".rodata\0", 8)           = 8
31461 lseek(3, 2889472, SEEK_SET)       = 2889472
31461 read(3, "\202\0\0\0\1\0\0\0\2\0\0\0\0\0\0\0\f\357%\0\0\0\0\0\f\357%\0\0\0\0\0\244\204\0\0\0\0\0\0\0\0\0\0\0\0\0\0\4\0\0\0\0\0\0\0\0\0\0\0\0\0\0\0", 64) = 64
31461 lseek(3, 2888454, SEEK_SET)       = 2888454
31461 read(3, ".eh_frame_hdr\0.eh_frame\0.gcc_except_table\0.init_array\0.fini_array\0.data.rel.ro\0.dynamic\0.got\0.data\0.bss\0.gnu_debuglink\0", 119) = 119
31461 lseek(3, 2888454, SEEK_SET)       = 2888454
31461 read(3, ".eh_frame_hdr\0", 14)    = 14
31461 lseek(3, 2889536, SEEK_SET)       = 2889536
31461 read(3, "\220\0\0\0\1\0\0\0\2\0\0\0\0\0\0\0\260s&\0\0\0\0\0\260s&\0\0\0\0\0\314D\3\0\0\0\0\0\0\0\0\0\0\0\0\0\10\0\0\0\0\0\0\0\0\0\0\0\0\0\0\0", 64) = 64
31461 lseek(3, 2888468, SEEK_SET)       = 2888468
31461 read(3, ".eh_frame\0.gcc_except_table\0.init_array\0.fini_array\0.data.rel.ro\0.dynamic\0.got\0.data\0.bss\0.gnu_debuglink\0", 105) = 105
31461 lseek(3, 2888468, SEEK_SET)       = 2888468
31461 read(3, ".eh_frame\0", 10)        = 10
31461 lseek(3, 2889600, SEEK_SET)       = 2889600
31461 read(3, "\232\0\0\0\1\0\0\0\2\0\0\0\0\0\0\0|\270)\0\0\0\0\0|\270)\0\0\0\0\0' \1\0\0\0\0\0\0\0\0\0\0\0\0\0\4\0\0\0\0\0\0\0\0\0\0\0\0\0\0\0", 64) = 64
31461 lseek(3, 2888478, SEEK_SET)       = 2888478
31461 read(3, ".gcc_except_table\0.init_array\0.fini_array\0.data.rel.ro\0.dynamic\0.got\0.data\0.bss\0.gnu_debuglink\0", 95) = 95
31461 lseek(3, 2888478, SEEK_SET)       = 2888478
31461 read(3, ".gcc_except_table\0", 18) = 18
31461 lseek(3, 2889664, SEEK_SET)       = 2889664
31461 read(3, "\254\0\0\0\16\0\0\0\3\0\0\0\0\0\0\0\2402+\0\0\0\0\0\2402+\0\0\0\0\0\330\0\0\0\0\0\0\0\0\0\0\0\0\0\0\0\10\0\0\0\0\0\0\0\10\0\0\0\0\0\0\0", 64) = 64
31461 lseek(3, 2889728, SEEK_SET)       = 2889728
31461 read(3, "\270\0\0\0\17\0\0\0\3\0\0\0\0\0\0\0x3+\0\0\0\0\0x3+\0\0\0\0\0\10\0\0\0\0\0\0\0\0\0\0\0\0\0\0\0\10\0\0\0\0\0\0\0\10\0\0\0\0\0\0\0", 64) = 64
31461 lseek(3, 2889792, SEEK_SET)       = 2889792
31461 read(3, "\304\0\0\0\1\0\0\0\3\0\0\0\0\0\0\0\2003+\0\0\0\0\0\2003+\0\0\0\0\0000\240\0\0\0\0\0\0\0\0\0\0\0\0\0\0\20\0\0\0\0\0\0\0\0\0\0\0\0\0\0\0", 64) = 64
31461 lseek(3, 2888520, SEEK_SET)       = 2888520
31461 read(3, ".data.rel.ro\0.dynamic\0.got\0.data\0.bss\0.gnu_debuglink\0", 53) = 53
31461 lseek(3, 2888520, SEEK_SET)       = 2888520
31461 read(3, ".data.rel.ro\0", 13)     = 13
31461 lseek(3, 2889856, SEEK_SET)       = 2889856
31461 read(3, "\321\0\0\0\6\0\0\0\3\0\0\0\0\0\0\0\260\323+\0\0\0\0\0\260\323+\0\0\0\0\0\200\2\0\0\0\0\0\0\4\0\0\0\0\0\0\0\10\0\0\0\0\0\0\0\20\0\0\0\0\0\0\0", 64) = 64
31461 lseek(3, 2889920, SEEK_SET)       = 2889920
31461 read(3, "\332\0\0\0\1\0\0\0\3\0\0\0\0\0\0\0000\326+\0\0\0\0\0000\326+\0\0\0\0\0\320)\0\0\0\0\0\0\0\0\0\0\0\0\0\0\10\0\0\0\0\0\0\0\10\0\0\0\0\0\0\0", 64) = 64
31461 lseek(3, 2888542, SEEK_SET)       = 2888542
31461 read(3, ".got\0.data\0.bss\0.gnu_debuglink\0", 31) = 31
31461 lseek(3, 2888542, SEEK_SET)       = 2888542
31461 read(3, ".got\0", 5)              = 5
31461 lseek(3, 2889984, SEEK_SET)       = 2889984
31461 read(3, "\337\0\0\0\1\0\0\0\3\0\0\0\0\0\0\0\0\0,\0\0\0\0\0\0\0,\0\0\0\0\0P\22\0\0\0\0\0\0\0\0\0\0\0\0\0\0\20\0\0\0\0\0\0\0\0\0\0\0\0\0\0\0", 64) = 64
31461 lseek(3, 2888547, SEEK_SET)       = 2888547
31461 read(3, ".data\0.bss\0.gnu_debuglink\0", 26) = 26
31461 lseek(3, 2888547, SEEK_SET)       = 2888547
31461 read(3, ".data\0", 6)             = 6
31461 lseek(3, 2890048, SEEK_SET)       = 2890048
31461 read(3, "\345\0\0\0\10\0\0\0\3\0\0\0\0\0\0\0\200\22,\0\0\0\0\0P\22,\0\0\0\0\0\200P\0\0\0\0\0\0\0\0\0\0\0\0\0\0@\0\0\0\0\0\0\0\0\0\0\0\0\0\0\0", 64) = 64
31461 lseek(3, 2890112, SEEK_SET)       = 2890112
31461 read(3, "\352\0\0\0\1\0\0\0\0\0\0\0\0\0\0\0\0\0\0\0\0\0\0\0P\22,\0\0\0\0\0004\0\0\0\0\0\0\0\0\0\0\0\0\0\0\0\4\0\0\0\0\0\0\0\0\0\0\0\0\0\0\0", 64) = 64
31461 lseek(3, 2888558, SEEK_SET)       = 2888558
31461 read(3, ".gnu_debuglink\0", 15)   = 15
31461 lseek(3, 2888558, SEEK_SET)       = 2888558
31461 read(3, ".gnu_debuglink\0", 15)   = 15
31461 lseek(3, 2888272, SEEK_SET)       = 2888272
31461 read(3, "516c39c40b418a0afeeba40e7dd1150cb7ce00.debug\0\0\0\0", 48) = 48
31461 read(3, "x\261q\24", 4)           = 4
31461 rt_sigprocmask(SIG_SETMASK, ~[RTMIN RT_1], [], 8) = 0
31461 rt_sigprocmask(SIG_SETMASK, [], NULL, 8) = 0
31461 close(3)                          = 0
31461 rt_sigprocmask(SIG_SETMASK, ~[RTMIN RT_1], [], 8) = 0
31461 rt_sigprocmask(SIG_SETMASK, [], NULL, 8) = 0
31461 readlinkat(AT_FDCWD, "/lib", "usr/lib", 1023) = 7
31461 readlinkat(AT_FDCWD, "/usr", 0x7fc472b6c0, 1023) = -1 EINVAL (Invalid argument)
31461 readlinkat(AT_FDCWD, "/usr/lib", 0x7fc472b6c0, 1023) = -1 EINVAL (Invalid argument)
31461 readlinkat(AT_FDCWD, "/usr/lib/aarch64-linux-gnu", 0x7fc472b6c0, 1023) = -1 EINVAL (Invalid argument)
31461 readlinkat(AT_FDCWD, "/usr/lib/aarch64-linux-gnu/libstdc++.so.6", "libstdc++.so.6.0.30", 1023) = 19
31461 readlinkat(AT_FDCWD, "/usr/lib/aarch64-linux-gnu/libstdc++.so.6.0.30", 0x7fc472b6c0, 1023) = -1 EINVAL (Invalid argument)
31461 rt_sigprocmask(SIG_SETMASK, ~[RTMIN RT_1], [], 8) = 0
31461 rt_sigprocmask(SIG_SETMASK, [], NULL, 8) = 0
31461 openat(AT_FDCWD, "/usr/lib/aarch64-linux-gnu/libstdc++.so.6.0.30", O_RDONLY|O_CLOEXEC) = 3
31461 rt_sigprocmask(SIG_SETMASK, ~[RTMIN RT_1], [], 8) = 0
31461 rt_sigprocmask(SIG_SETMASK, [], NULL, 8) = 0
31461 read(3, "\177ELF\2\1\1\3\0\0\0\0\0\0\0\0", 16) = 16
31461 lseek(3, 0, SEEK_SET)             = 0
31461 read(3, "\177ELF\2\1\1\3\0\0\0\0\0\0\0\0\3\0\267\0\1\0\0\0\0\0\0\0\0\0\0\0@\0\0\0\0\0\0\0\230%!\0\0\0\0\0\0\0\0\0@\08\0\10\0@\0\37\0\36\0", 64) = 64
31461 lseek(3, 2174232, SEEK_SET)       = 2174232
31461 read(3, "\1\0\0\0\3\0\0\0\0\0\0\0\0\0\0\0\0\0\0\0\0\0\0\0d$!\0\0\0\0\0003\1\0\0\0\0\0\0\0\0\0\0\0\0\0\0\1\0\0\0\0\0\0\0\0\0\0\0\0\0\0\0", 64) = 64
31461 lseek(3, 64, SEEK_SET)            = 64
31461 read(3, "\1\0\0\0\5\0\0\0\0\0\0\0\0\0\0\0\0\0\0\0\0\0\0\0\0\0\0\0\0\0\0\0\305\240\37\0\0\0\0\0\305\240\37\0\0\0\0\0\0\0\1\0\0\0\0\0", 56) = 56
31461 lseek(3, 120, SEEK_SET)           = 120
31461 read(3, "\1\0\0\0\6\0\0\0\360V \0\0\0\0\0\360V \0\0\0\0\0\360V \0\0\0\0\0h\314\0\0\0\0\0\0\360\0\1\0\0\0\0\0\0\0\1\0\0\0\0\0", 56) = 56
31461 lseek(3, 176, SEEK_SET)           = 176
31461 read(3, "\2\0\0\0\6\0\0\0\230\351 \0\0\0\0\0\230\351 \0\0\0\0\0\230\351 \0\0\0\0\0000\2\0\0\0\0\0\0000\2\0\0\0\0\0\0\10\0\0\0\0\0\0\0", 56) = 56
31461 lseek(3, 232, SEEK_SET)           = 232
31461 read(3, "\4\0\0\0\4\0\0\0\0\2\0\0\0\0\0\0\0\2\0\0\0\0\0\0\0\2\0\0\0\0\0\0$\0\0\0\0\0\0\0$\0\0\0\0\0\0\0\4\0\0\0\0\0\0\0", 56) = 56
31461 lseek(3, 288, SEEK_SET)           = 288
31461 read(3, "\7\0\0\0\4\0\0\0\360V \0\0\0\0\0\360V \0\0\0\0\0\360V \0\0\0\0\0\0\0\0\0\0\0\0\0 \0\0\0\0\0\0\0\10\0\0\0\0\0\0\0", 56) = 56
31461 lseek(3, 344, SEEK_SET)           = 344
31461 read(3, "P\345td\4\0\0\0\\\251\33\0\0\0\0\0\\\251\33\0\0\0\0\0\\\251\33\0\0\0\0\0004\214\0\0\0\0\0\0004\214\0\0\0\0\0\0\4\0\0\0\0\0\0\0", 56) = 56
31461 lseek(3, 400, SEEK_SET)           = 400
31461 read(3, "Q\345td\6\0\0\0\0\0\0\0\0\0\0\0\0\0\0\0\0\0\0\0\0\0\0\0\0\0\0\0\0\0\0\0\0\0\0\0\0\0\0\0\0\0\0\0\20\0\0\0\0\0\0\0", 56) = 56
31461 lseek(3, 456, SEEK_SET)           = 456
31461 read(3, "R\345td\4\0\0\0\360V \0\0\0\0\0\360V \0\0\0\0\0\360V \0\0\0\0\0\20\251\0\0\0\0\0\0\20\251\0\0\0\0\0\0\1\0\0\0\0\0\0\0", 56) = 56
31461 lseek(3, 64, SEEK_SET)            = 64
31461 read(3, "\1\0\0\0\5\0\0\0\0\0\0\0\0\0\0\0\0\0\0\0\0\0\0\0\0\0\0\0\0\0\0\0\305\240\37\0\0\0\0\0\305\240\37\0\0\0\0\0\0\0\1\0\0\0\0\0", 56) = 56
31461 lseek(3, 120, SEEK_SET)           = 120
31461 read(3, "\1\0\0\0\6\0\0\0\360V \0\0\0\0\0\360V \0\0\0\0\0\360V \0\0\0\0\0h\314\0\0\0\0\0\0\360\0\1\0\0\0\0\0\0\0\1\0\0\0\0\0", 56) = 56
31461 lseek(3, 176, SEEK_SET)           = 176
31461 read(3, "\2\0\0\0\6\0\0\0\230\351 \0\0\0\0\0\230\351 \0\0\0\0\0\230\351 \0\0\0\0\0000\2\0\0\0\0\0\0000\2\0\0\0\0\0\0\10\0\0\0\0\0\0\0", 56) = 56
31461 lseek(3, 232, SEEK_SET)           = 232
31461 read(3, "\4\0\0\0\4\0\0\0\0\2\0\0\0\0\0\0\0\2\0\0\0\0\0\0\0\2\0\0\0\0\0\0$\0\0\0\0\0\0\0$\0\0\0\0\0\0\0\4\0\0\0\0\0\0\0", 56) = 56
31461 lseek(3, 512, SEEK_SET)           = 512
31461 read(3, "\4\0\0\0\24\0\0\0\3\0\0\0", 12) = 12
31461 lseek(3, 528, SEEK_SET)           = 528
31461 read(3, "\202\341h\35\320\271\t\37\n\276\17T\346\35\305\217\357&.\261", 20) = 20
31461 lseek(3, 2172312, SEEK_SET)       = 2172312
31461 read(3, "\0\0\0\0\0\0\0\0\0\0\0\0\0\0\0\0\0\0\0\0\0\0\0\0\0\0\0\0\0\0\0\0\0\0\0\0\0\0\0\0\0\0\0\0\0\0\0\0\0\0\0\0\0\0\0\0\0\0\0\0\0\0\0\0", 64) = 64
31461 lseek(3, 2172376, SEEK_SET)       = 2172376
31461 read(3, "\v\0\0\0\7\0\0\0\2\0\0\0\0\0\0\0\0\2\0\0\0\0\0\0\0\2\0\0\0\0\0\0$\0\0\0\0\0\0\0\0\0\0\0\0\0\0\0\4\0\0\0\0\0\0\0\0\0\0\0\0\0\0\0", 64) = 64
31461 lseek(3, 2172440, SEEK_SET)       = 2172440
31461 read(3, "\36\0\0\0\366\377\377o\2\0\0\0\0\0\0\0(\2\0\0\0\0\0\0(\2\0\0\0\0\0\0X\215\0\0\0\0\0\0\3\0\0\0\0\0\0\0\10\0\0\0\0\0\0\0\0\0\0\0\0\0\0\0", 64) = 64
31461 lseek(3, 2172504, SEEK_SET)       = 2172504
31461 read(3, "(\0\0\0\v\0\0\0\2\0\0\0\0\0\0\0\200\217\0\0\0\0\0\0\200\217\0\0\0\0\0\0XB\2\0\0\0\0\0\4\0\0\0\3\0\0\0\10\0\0\0\0\0\0\0\30\0\0\0\0\0\0\0", 64) = 64
31461 lseek(3, 2172568, SEEK_SET)       = 2172568
31461 read(3, "0\0\0\0\3\0\0\0\2\0\0\0\0\0\0\0\330\321\2\0\0\0\0\0\330\321\2\0\0\0\0\0\273\234\4\0\0\0\0\0\0\0\0\0\0\0\0\0\1\0\0\0\0\0\0\0\0\0\0\0\0\0\0\0", 64) = 64
31461 lseek(3, 2172632, SEEK_SET)       = 2172632
31461 read(3, "8\0\0\0\377\377\377o\2\0\0\0\0\0\0\0\224n\7\0\0\0\0\0\224n\7\0\0\0\0\00020\0\0\0\0\0\0\3\0\0\0\0\0\0\0\2\0\0\0\0\0\0\0\2\0\0\0\0\0\0\0", 64) = 64
31461 lseek(3, 2172696, SEEK_SET)       = 2172696
31461 read(3, "E\0\0\0\375\377\377o\2\0\0\0\0\0\0\0\310\236\7\0\0\0\0\0\310\236\7\0\0\0\0\0|\6\0\0\0\0\0\0\4\0\0\0/\0\0\0\10\0\0\0\0\0\0\0\0\0\0\0\0\0\0\0", 64) = 64
31461 lseek(3, 2172760, SEEK_SET)       = 2172760
31461 read(3, "T\0\0\0\376\377\377o\2\0\0\0\0\0\0\0H\245\7\0\0\0\0\0H\245\7\0\0\0\0\0\360\0\0\0\0\0\0\0\4\0\0\0\3\0\0\0\10\0\0\0\0\0\0\0\0\0\0\0\0\0\0\0", 64) = 64
31461 lseek(3, 2172824, SEEK_SET)       = 2172824
31461 read(3, "c\0\0\0\4\0\0\0\2\0\0\0\0\0\0\08\246\7\0\0\0\0\08\246\7\0\0\0\0\0\230\215\1\0\0\0\0\0\3\0\0\0\0\0\0\0\10\0\0\0\0\0\0\0\30\0\0\0\0\0\0\0", 64) = 64
31461 lseek(3, 2172888, SEEK_SET)       = 2172888
31461 read(3, "m\0\0\0\4\0\0\0B\0\0\0\0\0\0\0\3203\t\0\0\0\0\0\3203\t\0\0\0\0\0\260d\0\0\0\0\0\0\3\0\0\0\31\0\0\0\10\0\0\0\0\0\0\0\30\0\0\0\0\0\0\0", 64) = 64
31461 lseek(3, 2172952, SEEK_SET)       = 2172952
31461 read(3, "w\0\0\0\1\0\0\0\6\0\0\0\0\0\0\0\200\230\t\0\0\0\0\0\200\230\t\0\0\0\0\0\30\0\0\0\0\0\0\0\0\0\0\0\0\0\0\0\4\0\0\0\0\0\0\0\0\0\0\0\0\0\0\0", 64) = 64
31461 lseek(3, 2172123, SEEK_SET)       = 2172123
31461 read(3, ".init\0.text\0.fini\0.rodata\0.stapsdt.base\0.eh_frame_hdr\0.eh_frame\0.gcc_except_table\0.tbss\0.init_array\0.fini_array\0.data.rel.ro\0.dynamic\0.got\0.got.plt\0.data\0.bss\0.note.stapsdt\0.gnu_debuglink\0", 188) = 188
31461 lseek(3, 2172123, SEEK_SET)       = 2172123
31461 read(3, ".init\0", 6)             = 6
31461 lseek(3, 2173016, SEEK_SET)       = 2173016
31461 read(3, "r\0\0\0\1\0\0\0\6\0\0\0\0\0\0\0\240\230\t\0\0\0\0\0\240\230\t\0\0\0\0\0000C\0\0\0\0\0\0\0\0\0\0\0\0\0\0\20\0\0\0\0\0\0\0\0\0\0\0\0\0\0\0", 64) = 64
31461 lseek(3, 2172118, SEEK_SET)       = 2172118
31461 read(3, ".plt\0.init\0.text\0.fini\0.rodata\0.stapsdt.base\0.eh_frame_hdr\0.eh_frame\0.gcc_except_table\0.tbss\0.init_array\0.fini_array\0.data.rel.ro\0.dynamic\0.got\0.got.plt\0.data\0.bss\0.note.stapsdt\0.gnu_debuglink\0", 193) = 193
31461 lseek(3, 2172118, SEEK_SET)       = 2172118
31461 read(3, ".plt\0", 5)              = 5
31461 lseek(3, 2173080, SEEK_SET)       = 2173080
31461 read(3, "}\0\0\0\1\0\0\0\6\0\0\0\0\0\0\0\320\333\t\0\0\0\0\0\320\333\t\0\0\0\0\0L\36\17\0\0\0\0\0\0\0\0\0\0\0\0\0\20\0\0\0\0\0\0\0\0\0\0\0\0\0\0\0", 64) = 64
31461 lseek(3, 2172129, SEEK_SET)       = 2172129
31461 read(3, ".text\0.fini\0.rodata\0.stapsdt.base\0.eh_frame_hdr\0.eh_frame\0.gcc_except_table\0.tbss\0.init_array\0.fini_array\0.data.rel.ro\0.dynamic\0.got\0.got.plt\0.data\0.bss\0.note.stapsdt\0.gnu_debuglink\0", 182) = 182
31461 lseek(3, 2172129, SEEK_SET)       = 2172129
31461 read(3, ".text\0", 6)             = 6
31461 lseek(3, 2173144, SEEK_SET)       = 2173144
31461 read(3, "\203\0\0\0\1\0\0\0\6\0\0\0\0\0\0\0\34\372\30\0\0\0\0\0\34\372\30\0\0\0\0\0\24\0\0\0\0\0\0\0\0\0\0\0\0\0\0\0\4\0\0\0\0\0\0\0\0\0\0\0\0\0\0\0", 64) = 64
31461 lseek(3, 2172135, SEEK_SET)       = 2172135
31461 read(3, ".fini\0.rodata\0.stapsdt.base\0.eh_frame_hdr\0.eh_frame\0.gcc_except_table\0.tbss\0.init_array\0.fini_array\0.data.rel.ro\0.dynamic\0.got\0.got.plt\0.data\0.bss\0.note.stapsdt\0.gnu_debuglink\0", 176) = 176
31461 lseek(3, 2172135, SEEK_SET)       = 2172135
31461 read(3, ".fini\0", 6)             = 6
31461 lseek(3, 2173208, SEEK_SET)       = 2173208
31461 read(3, "\211\0\0\0\1\0\0\0\2\0\0\0\0\0\0\0000\372\30\0\0\0\0\0000\372\30\0\0\0\0\0(\257\2\0\0\0\0\0\0\0\0\0\0\0\0\0\20\0\0\0\0\0\0\0\0\0\0\0\0\0\0\0", 64) = 64
31461 lseek(3, 2172141, SEEK_SET)       = 2172141
31461 read(3, ".rodata\0.stapsdt.base\0.eh_frame_hdr\0.eh_frame\0.gcc_except_table\0.tbss\0.init_array\0.fini_array\0.data.rel.ro\0.dynamic\0.got\0.got.plt\0.data\0.bss\0.note.stapsdt\0.gnu_debuglink\0", 170) = 170
31461 lseek(3, 2172141, SEEK_SET)       = 2172141
31461 read(3, ".rodata\0", 8)           = 8
31461 lseek(3, 2173272, SEEK_SET)       = 2173272
31461 read(3, "\221\0\0\0\1\0\0\0\2\0\0\0\0\0\0\0X\251\33\0\0\0\0\0X\251\33\0\0\0\0\0\1\0\0\0\0\0\0\0\0\0\0\0\0\0\0\0\1\0\0\0\0\0\0\0\0\0\0\0\0\0\0\0", 64) = 64
31461 lseek(3, 2172149, SEEK_SET)       = 2172149
31461 read(3, ".stapsdt.base\0.eh_frame_hdr\0.eh_frame\0.gcc_except_table\0.tbss\0.init_array\0.fini_array\0.data.rel.ro\0.dynamic\0.got\0.got.plt\0.data\0.bss\0.note.stapsdt\0.gnu_debuglink\0", 162) = 162
31461 lseek(3, 2172149, SEEK_SET)       = 2172149
31461 read(3, ".stapsdt.base\0", 14)    = 14
31461 lseek(3, 2173336, SEEK_SET)       = 2173336
31461 read(3, "\237\0\0\0\1\0\0\0\2\0\0\0\0\0\0\0\\\251\33\0\0\0\0\0\\\251\33\0\0\0\0\0004\214\0\0\0\0\0\0\0\0\0\0\0\0\0\0\4\0\0\0\0\0\0\0\0\0\0\0\0\0\0\0", 64) = 64
31461 lseek(3, 2172163, SEEK_SET)       = 2172163
31461 read(3, ".eh_frame_hdr\0.eh_frame\0.gcc_except_table\0.tbss\0.init_array\0.fini_array\0.data.rel.ro\0.dynamic\0.got\0.got.plt\0.data\0.bss\0.note.stapsdt\0.gnu_debuglink\0", 148) = 148
31461 lseek(3, 2172163, SEEK_SET)       = 2172163
31461 read(3, ".eh_frame_hdr\0", 14)    = 14
31461 lseek(3, 2173400, SEEK_SET)       = 2173400
31461 read(3, "\255\0\0\0\1\0\0\0\2\0\0\0\0\0\0\0\2205\34\0\0\0\0\0\2205\34\0\0\0\0\0004\351\2\0\0\0\0\0\0\0\0\0\0\0\0\0\10\0\0\0\0\0\0\0\0\0\0\0\0\0\0\0", 64) = 64
31461 lseek(3, 2172177, SEEK_SET)       = 2172177
31461 read(3, ".eh_frame\0.gcc_except_table\0.tbss\0.init_array\0.fini_array\0.data.rel.ro\0.dynamic\0.got\0.got.plt\0.data\0.bss\0.note.stapsdt\0.gnu_debuglink\0", 134) = 134
31461 lseek(3, 2172177, SEEK_SET)       = 2172177
31461 read(3, ".eh_frame\0", 10)        = 10
31461 lseek(3, 2173464, SEEK_SET)       = 2173464
31461 read(3, "\267\0\0\0\1\0\0\0\2\0\0\0\0\0\0\0\304\36\37\0\0\0\0\0\304\36\37\0\0\0\0\0\1\202\0\0\0\0\0\0\0\0\0\0\0\0\0\0\4\0\0\0\0\0\0\0\0\0\0\0\0\0\0\0", 64) = 64
31461 lseek(3, 2172187, SEEK_SET)       = 2172187
31461 read(3, ".gcc_except_table\0.tbss\0.init_array\0.fini_array\0.data.rel.ro\0.dynamic\0.got\0.got.plt\0.data\0.bss\0.note.stapsdt\0.gnu_debuglink\0", 124) = 124
31461 lseek(3, 2172187, SEEK_SET)       = 2172187
31461 read(3, ".gcc_except_table\0", 18) = 18
31461 lseek(3, 2173528, SEEK_SET)       = 2173528
31461 read(3, "\311\0\0\0\10\0\0\0\3\4\0\0\0\0\0\0\360V \0\0\0\0\0\360V \0\0\0\0\0 \0\0\0\0\0\0\0\0\0\0\0\0\0\0\0\10\0\0\0\0\0\0\0\0\0\0\0\0\0\0\0", 64) = 64
31461 lseek(3, 2173592, SEEK_SET)       = 2173592
31461 read(3, "\317\0\0\0\16\0\0\0\3\0\0\0\0\0\0\0\360V \0\0\0\0\0\360V \0\0\0\0\0x\0\0\0\0\0\0\0\0\0\0\0\0\0\0\0\10\0\0\0\0\0\0\0\10\0\0\0\0\0\0\0", 64) = 64
31461 lseek(3, 2173656, SEEK_SET)       = 2173656
31461 read(3, "\333\0\0\0\17\0\0\0\3\0\0\0\0\0\0\0hW \0\0\0\0\0hW \0\0\0\0\0\10\0\0\0\0\0\0\0\0\0\0\0\0\0\0\0\10\0\0\0\0\0\0\0\10\0\0\0\0\0\0\0", 64) = 64
31461 lseek(3, 2173720, SEEK_SET)       = 2173720
31461 read(3, "\347\0\0\0\1\0\0\0\3\0\0\0\0\0\0\0pW \0\0\0\0\0pW \0\0\0\0\0(\222\0\0\0\0\0\0\0\0\0\0\0\0\0\0\20\0\0\0\0\0\0\0\0\0\0\0\0\0\0\0", 64) = 64
31461 lseek(3, 2172235, SEEK_SET)       = 2172235
31461 read(3, ".data.rel.ro\0.dynamic\0.got\0.got.plt\0.data\0.bss\0.note.stapsdt\0.gnu_debuglink\0", 76) = 76
31461 lseek(3, 2172235, SEEK_SET)       = 2172235
31461 read(3, ".data.rel.ro\0", 13)     = 13
31461 lseek(3, 2173784, SEEK_SET)       = 2173784
31461 read(3, "\364\0\0\0\6\0\0\0\3\0\0\0\0\0\0\0\230\351 \0\0\0\0\0\230\351 \0\0\0\0\0000\2\0\0\0\0\0\0\4\0\0\0\0\0\0\0\10\0\0\0\0\0\0\0\20\0\0\0\0\0\0\0", 64) = 64
31461 lseek(3, 2173848, SEEK_SET)       = 2173848
31461 read(3, "\375\0\0\0\1\0\0\0\3\0\0\0\0\0\0\0\310\353 \0\0\0\0\0\310\353 \0\0\0\0\0 \24\0\0\0\0\0\0\0\0\0\0\0\0\0\0\10\0\0\0\0\0\0\0\10\0\0\0\0\0\0\0", 64) = 64
31461 lseek(3, 2172257, SEEK_SET)       = 2172257
31461 read(3, ".got\0.got.plt\0.data\0.bss\0.note.stapsdt\0.gnu_debuglink\0", 54) = 54
31461 lseek(3, 2172257, SEEK_SET)       = 2172257
31461 read(3, ".got\0", 5)              = 5
31461 lseek(3, 2173912, SEEK_SET)       = 2173912
31461 read(3, "\2\1\0\0\1\0\0\0\3\0\0\0\0\0\0\0\350\377 \0\0\0\0\0\350\377 \0\0\0\0\0\300!\0\0\0\0\0\0\0\0\0\0\0\0\0\0\10\0\0\0\0\0\0\0\10\0\0\0\0\0\0\0", 64) = 64
31461 lseek(3, 2172262, SEEK_SET)       = 2172262
31461 read(3, ".got.plt\0.data\0.bss\0.note.stapsdt\0.gnu_debuglink\0", 49) = 49
31461 lseek(3, 2172262, SEEK_SET)       = 2172262
31461 read(3, ".got.plt\0", 9)          = 9
31461 lseek(3, 2173976, SEEK_SET)       = 2173976
31461 read(3, "\v\1\0\0\1\0\0\0\3\0\0\0\0\0\0\0\250!!\0\0\0\0\0\250!!\0\0\0\0\0\260\1\0\0\0\0\0\0\0\0\0\0\0\0\0\0\10\0\0\0\0\0\0\0\0\0\0\0\0\0\0\0", 64) = 64
31461 lseek(3, 2172271, SEEK_SET)       = 2172271
31461 read(3, ".data\0.bss\0.note.stapsdt\0.gnu_debuglink\0", 40) = 40
31461 lseek(3, 2172271, SEEK_SET)       = 2172271
31461 read(3, ".data\0", 6)             = 6
31461 lseek(3, 2174040, SEEK_SET)       = 2174040
31461 read(3, "\21\1\0\0\10\0\0\0\3\0\0\0\0\0\0\0\200#!\0\0\0\0\0X#!\0\0\0\0\0`4\0\0\0\0\0\0\0\0\0\0\0\0\0\0@\0\0\0\0\0\0\0\0\0\0\0\0\0\0\0", 64) = 64
31461 lseek(3, 2174104, SEEK_SET)       = 2174104
31461 read(3, "\26\1\0\0\7\0\0\0\0\0\0\0\0\0\0\0\0\0\0\0\0\0\0\0X#!\0\0\0\0\0\330\0\0\0\0\0\0\0\0\0\0\0\0\0\0\0\4\0\0\0\0\0\0\0\0\0\0\0\0\0\0\0", 64) = 64
31461 lseek(3, 2174168, SEEK_SET)       = 2174168
31461 read(3, "$\1\0\0\1\0\0\0\0\0\0\0\0\0\0\0\0\0\0\0\0\0\0\0000$!\0\0\0\0\0004\0\0\0\0\0\0\0\0\0\0\0\0\0\0\0\4\0\0\0\0\0\0\0\0\0\0\0\0\0\0\0", 64) = 64
31461 lseek(3, 2172296, SEEK_SET)       = 2172296
31461 read(3, ".gnu_debuglink\0", 15)   = 15
31461 lseek(3, 2172296, SEEK_SET)       = 2172296
31461 read(3, ".gnu_debuglink\0", 15)   = 15
31461 lseek(3, 2171952, SEEK_SET)       = 2171952
31461 read(3, "e1681dd0b9091f0abe0f54e61dc58fef262eb1.debug\0\0\0\0", 48) = 48
31461 read(3, "\252\22\27\232", 4)      = 4
31461 rt_sigprocmask(SIG_SETMASK, ~[RTMIN RT_1], [], 8) = 0
31461 rt_sigprocmask(SIG_SETMASK, [], NULL, 8) = 0
31461 close(3)                          = 0
31461 rt_sigprocmask(SIG_SETMASK, ~[RTMIN RT_1], [], 8) = 0
31461 rt_sigprocmask(SIG_SETMASK, [], NULL, 8) = 0
31461 brk(0x5595167000)                 = 0x5595167000
31461 readlinkat(AT_FDCWD, "/lib", "usr/lib", 1023) = 7
31461 readlinkat(AT_FDCWD, "/usr", 0x7fc472b6c0, 1023) = -1 EINVAL (Invalid argument)
31461 readlinkat(AT_FDCWD, "/usr/lib", 0x7fc472b6c0, 1023) = -1 EINVAL (Invalid argument)
31461 readlinkat(AT_FDCWD, "/usr/lib/aarch64-linux-gnu", 0x7fc472b6c0, 1023) = -1 EINVAL (Invalid argument)
31461 readlinkat(AT_FDCWD, "/usr/lib/aarch64-linux-gnu/libm.so.6", 0x7fc472b6c0, 1023) = -1 EINVAL (Invalid argument)
31461 rt_sigprocmask(SIG_SETMASK, ~[RTMIN RT_1], [], 8) = 0
31461 rt_sigprocmask(SIG_SETMASK, [], NULL, 8) = 0
31461 openat(AT_FDCWD, "/usr/lib/aarch64-linux-gnu/libm.so.6", O_RDONLY|O_CLOEXEC) = 3
31461 rt_sigprocmask(SIG_SETMASK, ~[RTMIN RT_1], [], 8) = 0
31461 rt_sigprocmask(SIG_SETMASK, [], NULL, 8) = 0
31461 read(3, "\177ELF\2\1\1\0\0\0\0\0\0\0\0\0", 16) = 16
31461 lseek(3, 0, SEEK_SET)             = 0
31461 read(3, "\177ELF\2\1\1\0\0\0\0\0\0\0\0\0\3\0\267\0\1\0\0\0\0\0\0\0\0\0\0\0@\0\0\0\0\0\0\0\230\1\t\0\0\0\0\0\0\0\0\0@\08\0\7\0@\0\33\0\32\0", 64) = 64
31461 lseek(3, 591896, SEEK_SET)        = 591896
31461 read(3, "\1\0\0\0\3\0\0\0\0\0\0\0\0\0\0\0\0\0\0\0\0\0\0\0\230\0\t\0\0\0\0\0\0\1\0\0\0\0\0\0\0\0\0\0\0\0\0\0\1\0\0\0\0\0\0\0\0\0\0\0\0\0\0\0", 64) = 64
31461 lseek(3, 64, SEEK_SET)            = 64
31461 read(3, "\1\0\0\0\5\0\0\0\0\0\0\0\0\0\0\0\0\0\0\0\0\0\0\0\0\0\0\0\0\0\0\0X\376\7\0\0\0\0\0X\376\7\0\0\0\0\0\0\0\1\0\0\0\0\0", 56) = 56
31461 lseek(3, 120, SEEK_SET)           = 120
31461 read(3, "\1\0\0\0\6\0\0\0x\375\10\0\0\0\0\0x\375\10\0\0\0\0\0x\375\10\0\0\0\0\0\354\2\0\0\0\0\0\0\370\2\0\0\0\0\0\0\0\0\1\0\0\0\0\0", 56) = 56
31461 lseek(3, 176, SEEK_SET)           = 176
31461 read(3, "\2\0\0\0\6\0\0\0\210\375\10\0\0\0\0\0\210\375\10\0\0\0\0\0\210\375\10\0\0\0\0\0\0\2\0\0\0\0\0\0\0\2\0\0\0\0\0\0\10\0\0\0\0\0\0\0", 56) = 56
31461 lseek(3, 232, SEEK_SET)           = 232
31461 read(3, "\4\0\0\0\4\0\0\0\310\1\0\0\0\0\0\0\310\1\0\0\0\0\0\0\310\1\0\0\0\0\0\0D\0\0\0\0\0\0\0D\0\0\0\0\0\0\0\4\0\0\0\0\0\0\0", 56) = 56
31461 lseek(3, 288, SEEK_SET)           = 288
31461 read(3, "P\345td\4\0\0\0\340q\7\0\0\0\0\0\340q\7\0\0\0\0\0\340q\7\0\0\0\0\0\274\22\0\0\0\0\0\0\274\22\0\0\0\0\0\0\4\0\0\0\0\0\0\0", 56) = 56
31461 lseek(3, 344, SEEK_SET)           = 344
31461 read(3, "Q\345td\6\0\0\0\0\0\0\0\0\0\0\0\0\0\0\0\0\0\0\0\0\0\0\0\0\0\0\0\0\0\0\0\0\0\0\0\0\0\0\0\0\0\0\0\20\0\0\0\0\0\0\0", 56) = 56
31461 lseek(3, 400, SEEK_SET)           = 400
31461 read(3, "R\345td\4\0\0\0x\375\10\0\0\0\0\0x\375\10\0\0\0\0\0x\375\10\0\0\0\0\0\210\2\0\0\0\0\0\0\210\2\0\0\0\0\0\0\1\0\0\0\0\0\0\0", 56) = 56
31461 lseek(3, 64, SEEK_SET)            = 64
31461 read(3, "\1\0\0\0\5\0\0\0\0\0\0\0\0\0\0\0\0\0\0\0\0\0\0\0\0\0\0\0\0\0\0\0X\376\7\0\0\0\0\0X\376\7\0\0\0\0\0\0\0\1\0\0\0\0\0", 56) = 56
31461 lseek(3, 120, SEEK_SET)           = 120
31461 read(3, "\1\0\0\0\6\0\0\0x\375\10\0\0\0\0\0x\375\10\0\0\0\0\0x\375\10\0\0\0\0\0\354\2\0\0\0\0\0\0\370\2\0\0\0\0\0\0\0\0\1\0\0\0\0\0", 56) = 56
31461 lseek(3, 176, SEEK_SET)           = 176
31461 read(3, "\2\0\0\0\6\0\0\0\210\375\10\0\0\0\0\0\210\375\10\0\0\0\0\0\210\375\10\0\0\0\0\0\0\2\0\0\0\0\0\0\0\2\0\0\0\0\0\0\10\0\0\0\0\0\0\0", 56) = 56
31461 lseek(3, 232, SEEK_SET)           = 232
31461 read(3, "\4\0\0\0\4\0\0\0\310\1\0\0\0\0\0\0\310\1\0\0\0\0\0\0\310\1\0\0\0\0\0\0D\0\0\0\0\0\0\0D\0\0\0\0\0\0\0\4\0\0\0\0\0\0\0", 56) = 56
31461 lseek(3, 456, SEEK_SET)           = 456
31461 read(3, "\4\0\0\0\24\0\0\0\3\0\0\0", 12) = 12
31461 lseek(3, 472, SEEK_SET)           = 472
31461 read(3, "\263\3340r\26\367\6\366\336\264\220\251\326\226\310\345@Jxr", 20) = 20
31461 lseek(3, 590232, SEEK_SET)        = 590232
31461 read(3, "\0\0\0\0\0\0\0\0\0\0\0\0\0\0\0\0\0\0\0\0\0\0\0\0\0\0\0\0\0\0\0\0\0\0\0\0\0\0\0\0\0\0\0\0\0\0\0\0\0\0\0\0\0\0\0\0\0\0\0\0\0\0\0\0", 64) = 64
31461 lseek(3, 590296, SEEK_SET)        = 590296
31461 read(3, "\v\0\0\0\7\0\0\0\2\0\0\0\0\0\0\0\310\1\0\0\0\0\0\0\310\1\0\0\0\0\0\0$\0\0\0\0\0\0\0\0\0\0\0\0\0\0\0\4\0\0\0\0\0\0\0\0\0\0\0\0\0\0\0", 64) = 64
31461 lseek(3, 590360, SEEK_SET)        = 590360
31461 read(3, "\36\0\0\0\7\0\0\0\2\0\0\0\0\0\0\0\354\1\0\0\0\0\0\0\354\1\0\0\0\0\0\0 \0\0\0\0\0\0\0\0\0\0\0\0\0\0\0\4\0\0\0\0\0\0\0\0\0\0\0\0\0\0\0", 64) = 64
31461 lseek(3, 590424, SEEK_SET)        = 590424
31461 read(3, ",\0\0\0\366\377\377o\2\0\0\0\0\0\0\0\20\2\0\0\0\0\0\0\20\2\0\0\0\0\0\0\264%\0\0\0\0\0\0\4\0\0\0\0\0\0\0\10\0\0\0\0\0\0\0\0\0\0\0\0\0\0\0", 64) = 64
31461 lseek(3, 590488, SEEK_SET)        = 590488
31461 read(3, "6\0\0\0\v\0\0\0\2\0\0\0\0\0\0\0\310'\0\0\0\0\0\0\310'\0\0\0\0\0\0Xn\0\0\0\0\0\0\5\0\0\0\3\0\0\0\10\0\0\0\0\0\0\0\30\0\0\0\0\0\0\0", 64) = 64
31461 lseek(3, 590552, SEEK_SET)        = 590552
31461 read(3, ">\0\0\0\3\0\0\0\2\0\0\0\0\0\0\0 \226\0\0\0\0\0\0 \226\0\0\0\0\0\0\304%\0\0\0\0\0\0\0\0\0\0\0\0\0\0\1\0\0\0\0\0\0\0\0\0\0\0\0\0\0\0", 64) = 64
31461 lseek(3, 590616, SEEK_SET)        = 590616
31461 read(3, "F\0\0\0\377\377\377o\2\0\0\0\0\0\0\0\344\273\0\0\0\0\0\0\344\273\0\0\0\0\0\0002\t\0\0\0\0\0\0\4\0\0\0\0\0\0\0\2\0\0\0\0\0\0\0\2\0\0\0\0\0\0\0", 64) = 64
31461 lseek(3, 590680, SEEK_SET)        = 590680
31461 read(3, "S\0\0\0\375\377\377o\2\0\0\0\0\0\0\0\30\305\0\0\0\0\0\0\30\305\0\0\0\0\0\0\240\1\0\0\0\0\0\0\5\0\0\0\f\0\0\0\10\0\0\0\0\0\0\0\0\0\0\0\0\0\0\0", 64) = 64
31461 lseek(3, 590744, SEEK_SET)        = 590744
31461 read(3, "b\0\0\0\376\377\377o\2\0\0\0\0\0\0\0\270\306\0\0\0\0\0\0\270\306\0\0\0\0\0\0P\0\0\0\0\0\0\0\5\0\0\0\2\0\0\0\10\0\0\0\0\0\0\0\0\0\0\0\0\0\0\0", 64) = 64
31461 lseek(3, 590808, SEEK_SET)        = 590808
31461 read(3, "q\0\0\0\4\0\0\0\2\0\0\0\0\0\0\0\10\307\0\0\0\0\0\0\10\307\0\0\0\0\0\0P\1\0\0\0\0\0\0\4\0\0\0\0\0\0\0\10\0\0\0\0\0\0\0\30\0\0\0\0\0\0\0", 64) = 64
31461 lseek(3, 590872, SEEK_SET)        = 590872
31461 read(3, "{\0\0\0\4\0\0\0B\0\0\0\0\0\0\0X\310\0\0\0\0\0\0X\310\0\0\0\0\0\0\10\1\0\0\0\0\0\0\4\0\0\0\26\0\0\0\10\0\0\0\0\0\0\0\30\0\0\0\0\0\0\0", 64) = 64
31461 lseek(3, 590936, SEEK_SET)        = 590936
31461 read(3, "\205\0\0\0\1\0\0\0\6\0\0\0\0\0\0\0`\311\0\0\0\0\0\0`\311\0\0\0\0\0\0\30\0\0\0\0\0\0\0\0\0\0\0\0\0\0\0\4\0\0\0\0\0\0\0\0\0\0\0\0\0\0\0", 64) = 64
31461 lseek(3, 590109, SEEK_SET)        = 590109
31461 read(3, ".init\0.text\0.fini\0.rodata\0.eh_frame_hdr\0.eh_frame\0.init_array\0.fini_array\0.dynamic\0.got\0.got.plt\0.data\0.bss\0.gnu_debuglink\0", 123) = 123
31461 lseek(3, 590109, SEEK_SET)        = 590109
31461 read(3, ".init\0", 6)             = 6
31461 lseek(3, 591000, SEEK_SET)        = 591000
31461 read(3, "\200\0\0\0\1\0\0\0\6\0\0\0\0\0\0\0\200\311\0\0\0\0\0\0\200\311\0\0\0\0\0\0\320\0\0\0\0\0\0\0\0\0\0\0\0\0\0\0\20\0\0\0\0\0\0\0\0\0\0\0\0\0\0\0", 64) = 64
31461 lseek(3, 590104, SEEK_SET)        = 590104
31461 read(3, ".plt\0.init\0.text\0.fini\0.rodata\0.eh_frame_hdr\0.eh_frame\0.init_array\0.fini_array\0.dynamic\0.got\0.got.plt\0.data\0.bss\0.gnu_debuglink\0", 128) = 128
31461 lseek(3, 590104, SEEK_SET)        = 590104
31461 read(3, ".plt\0", 5)              = 5
31461 lseek(3, 591064, SEEK_SET)        = 591064
31461 read(3, "\213\0\0\0\1\0\0\0\6\0\0\0\0\0\0\0P\312\0\0\0\0\0\0P\312\0\0\0\0\0\0\200U\4\0\0\0\0\0\0\0\0\0\0\0\0\0\20\0\0\0\0\0\0\0\0\0\0\0\0\0\0\0", 64) = 64
31461 lseek(3, 590115, SEEK_SET)        = 590115
31461 read(3, ".text\0.fini\0.rodata\0.eh_frame_hdr\0.eh_frame\0.init_array\0.fini_array\0.dynamic\0.got\0.got.plt\0.data\0.bss\0.gnu_debuglink\0", 117) = 117
31461 lseek(3, 590115, SEEK_SET)        = 590115
31461 read(3, ".text\0", 6)             = 6
31461 lseek(3, 591128, SEEK_SET)        = 591128
31461 read(3, "\221\0\0\0\1\0\0\0\6\0\0\0\0\0\0\0\320\37\5\0\0\0\0\0\320\37\5\0\0\0\0\0\24\0\0\0\0\0\0\0\0\0\0\0\0\0\0\0\4\0\0\0\0\0\0\0\0\0\0\0\0\0\0\0", 64) = 64
31461 lseek(3, 590121, SEEK_SET)        = 590121
31461 read(3, ".fini\0.rodata\0.eh_frame_hdr\0.eh_frame\0.init_array\0.fini_array\0.dynamic\0.got\0.got.plt\0.data\0.bss\0.gnu_debuglink\0", 111) = 111
31461 lseek(3, 590121, SEEK_SET)        = 590121
31461 read(3, ".fini\0", 6)             = 6
31461 lseek(3, 591192, SEEK_SET)        = 591192
31461 read(3, "\227\0\0\0\1\0\0\0\2\0\0\0\0\0\0\0\360\37\5\0\0\0\0\0\360\37\5\0\0\0\0\0\360Q\2\0\0\0\0\0\0\0\0\0\0\0\0\0\20\0\0\0\0\0\0\0\0\0\0\0\0\0\0\0", 64) = 64
31461 lseek(3, 590127, SEEK_SET)        = 590127
31461 read(3, ".rodata\0.eh_frame_hdr\0.eh_frame\0.init_array\0.fini_array\0.dynamic\0.got\0.got.plt\0.data\0.bss\0.gnu_debuglink\0", 105) = 105
31461 lseek(3, 590127, SEEK_SET)        = 590127
31461 read(3, ".rodata\0", 8)           = 8
31461 lseek(3, 591256, SEEK_SET)        = 591256
31461 read(3, "\237\0\0\0\1\0\0\0\2\0\0\0\0\0\0\0\340q\7\0\0\0\0\0\340q\7\0\0\0\0\0\274\22\0\0\0\0\0\0\0\0\0\0\0\0\0\0\4\0\0\0\0\0\0\0\0\0\0\0\0\0\0\0", 64) = 64
31461 lseek(3, 590135, SEEK_SET)        = 590135
31461 read(3, ".eh_frame_hdr\0.eh_frame\0.init_array\0.fini_array\0.dynamic\0.got\0.got.plt\0.data\0.bss\0.gnu_debuglink\0", 97) = 97
31461 lseek(3, 590135, SEEK_SET)        = 590135
31461 read(3, ".eh_frame_hdr\0", 14)    = 14
31461 lseek(3, 591320, SEEK_SET)        = 591320
31461 read(3, "\255\0\0\0\1\0\0\0\2\0\0\0\0\0\0\0\240\204\7\0\0\0\0\0\240\204\7\0\0\0\0\0\270y\0\0\0\0\0\0\0\0\0\0\0\0\0\0\10\0\0\0\0\0\0\0\0\0\0\0\0\0\0\0", 64) = 64
31461 lseek(3, 590149, SEEK_SET)        = 590149
31461 read(3, ".eh_frame\0.init_array\0.fini_array\0.dynamic\0.got\0.got.plt\0.data\0.bss\0.gnu_debuglink\0", 83) = 83
31461 lseek(3, 590149, SEEK_SET)        = 590149
31461 read(3, ".eh_frame\0", 10)        = 10
31461 lseek(3, 591384, SEEK_SET)        = 591384
31461 read(3, "\267\0\0\0\16\0\0\0\3\0\0\0\0\0\0\0x\375\10\0\0\0\0\0x\375\10\0\0\0\0\0\10\0\0\0\0\0\0\0\0\0\0\0\0\0\0\0\10\0\0\0\0\0\0\0\10\0\0\0\0\0\0\0", 64) = 64
31461 lseek(3, 591448, SEEK_SET)        = 591448
31461 read(3, "\303\0\0\0\17\0\0\0\3\0\0\0\0\0\0\0\200\375\10\0\0\0\0\0\200\375\10\0\0\0\0\0\10\0\0\0\0\0\0\0\0\0\0\0\0\0\0\0\10\0\0\0\0\0\0\0\10\0\0\0\0\0\0\0", 64) = 64
31461 lseek(3, 591512, SEEK_SET)        = 591512
31461 read(3, "\317\0\0\0\6\0\0\0\3\0\0\0\0\0\0\0\210\375\10\0\0\0\0\0\210\375\10\0\0\0\0\0\0\2\0\0\0\0\0\0\5\0\0\0\0\0\0\0\10\0\0\0\0\0\0\0\20\0\0\0\0\0\0\0", 64) = 64
31461 lseek(3, 591576, SEEK_SET)        = 591576
31461 read(3, "\330\0\0\0\1\0\0\0\3\0\0\0\0\0\0\0\210\377\10\0\0\0\0\0\210\377\10\0\0\0\0\0`\0\0\0\0\0\0\0\0\0\0\0\0\0\0\0\10\0\0\0\0\0\0\0\10\0\0\0\0\0\0\0", 64) = 64
31461 lseek(3, 590192, SEEK_SET)        = 590192
31461 read(3, ".got\0.got.plt\0.data\0.bss\0.gnu_debuglink\0", 40) = 40
31461 lseek(3, 590192, SEEK_SET)        = 590192
31461 read(3, ".got\0", 5)              = 5
31461 lseek(3, 591640, SEEK_SET)        = 591640
31461 read(3, "\335\0\0\0\1\0\0\0\3\0\0\0\0\0\0\0\350\377\10\0\0\0\0\0\350\377\10\0\0\0\0\0p\0\0\0\0\0\0\0\0\0\0\0\0\0\0\0\10\0\0\0\0\0\0\0\10\0\0\0\0\0\0\0", 64) = 64
31461 lseek(3, 590197, SEEK_SET)        = 590197
31461 read(3, ".got.plt\0.data\0.bss\0.gnu_debuglink\0", 35) = 35
31461 lseek(3, 590197, SEEK_SET)        = 590197
31461 read(3, ".got.plt\0", 9)          = 9
31461 lseek(3, 591704, SEEK_SET)        = 591704
31461 read(3, "\346\0\0\0\1\0\0\0\3\0\0\0\0\0\0\0X\0\t\0\0\0\0\0X\0\t\0\0\0\0\0\f\0\0\0\0\0\0\0\0\0\0\0\0\0\0\0\10\0\0\0\0\0\0\0\0\0\0\0\0\0\0\0", 64) = 64
31461 lseek(3, 590206, SEEK_SET)        = 590206
31461 read(3, ".data\0.bss\0.gnu_debuglink\0", 26) = 26
31461 lseek(3, 590206, SEEK_SET)        = 590206
31461 read(3, ".data\0", 6)             = 6
31461 lseek(3, 591768, SEEK_SET)        = 591768
31461 read(3, "\354\0\0\0\10\0\0\0\3\0\0\0\0\0\0\0d\0\t\0\0\0\0\0d\0\t\0\0\0\0\0\f\0\0\0\0\0\0\0\0\0\0\0\0\0\0\0\4\0\0\0\0\0\0\0\0\0\0\0\0\0\0\0", 64) = 64
31461 lseek(3, 591832, SEEK_SET)        = 591832
31461 read(3, "\361\0\0\0\1\0\0\0\0\0\0\0\0\0\0\0\0\0\0\0\0\0\0\0d\0\t\0\0\0\0\0004\0\0\0\0\0\0\0\0\0\0\0\0\0\0\0\4\0\0\0\0\0\0\0\0\0\0\0\0\0\0\0", 64) = 64
31461 lseek(3, 590217, SEEK_SET)        = 590217
31461 read(3, ".gnu_debuglink\0", 15)   = 15
31461 lseek(3, 590217, SEEK_SET)        = 590217
31461 read(3, ".gnu_debuglink\0", 15)   = 15
31461 lseek(3, 589924, SEEK_SET)        = 589924
31461 read(3, "dc307216f706f6deb490a9d696c8e5404a7872.debug\0\0\0\0", 48) = 48
31461 read(3, "2\377\234\36", 4)        = 4
31461 rt_sigprocmask(SIG_SETMASK, ~[RTMIN RT_1], [], 8) = 0
31461 rt_sigprocmask(SIG_SETMASK, [], NULL, 8) = 0
31461 close(3)                          = 0
31461 rt_sigprocmask(SIG_SETMASK, ~[RTMIN RT_1], [], 8) = 0
31461 rt_sigprocmask(SIG_SETMASK, [], NULL, 8) = 0
31461 readlinkat(AT_FDCWD, "/lib", "usr/lib", 1023) = 7
31461 readlinkat(AT_FDCWD, "/usr", 0x7fc472b6c0, 1023) = -1 EINVAL (Invalid argument)
31461 readlinkat(AT_FDCWD, "/usr/lib", 0x7fc472b6c0, 1023) = -1 EINVAL (Invalid argument)
31461 readlinkat(AT_FDCWD, "/usr/lib/aarch64-linux-gnu", 0x7fc472b6c0, 1023) = -1 EINVAL (Invalid argument)
31461 readlinkat(AT_FDCWD, "/usr/lib/aarch64-linux-gnu/libgcc_s.so.1", 0x7fc472b6c0, 1023) = -1 EINVAL (Invalid argument)
31461 rt_sigprocmask(SIG_SETMASK, ~[RTMIN RT_1], [], 8) = 0
31461 rt_sigprocmask(SIG_SETMASK, [], NULL, 8) = 0
31461 openat(AT_FDCWD, "/usr/lib/aarch64-linux-gnu/libgcc_s.so.1", O_RDONLY|O_CLOEXEC) = 3
31461 rt_sigprocmask(SIG_SETMASK, ~[RTMIN RT_1], [], 8) = 0
31461 rt_sigprocmask(SIG_SETMASK, [], NULL, 8) = 0
31461 read(3, "\177ELF\2\1\1\0\0\0\0\0\0\0\0\0", 16) = 16
31461 lseek(3, 0, SEEK_SET)             = 0
31461 read(3, "\177ELF\2\1\1\0\0\0\0\0\0\0\0\0\3\0\267\0\1\0\0\0\0\0\0\0\0\0\0\0@\0\0\0\0\0\0\0\310\2\2\0\0\0\0\0\0\0\0\0@\08\0\7\0@\0\32\0\31\0", 64) = 64
31461 lseek(3, 133384, SEEK_SET)        = 133384
31461 read(3, "\1\0\0\0\3\0\0\0\0\0\0\0\0\0\0\0\0\0\0\0\0\0\0\0\324\1\2\0\0\0\0\0\362\0\0\0\0\0\0\0\0\0\0\0\0\0\0\0\1\0\0\0\0\0\0\0\0\0\0\0\0\0\0\0", 64) = 64
31461 lseek(3, 64, SEEK_SET)            = 64
31461 read(3, "\1\0\0\0\5\0\0\0\0\0\0\0\0\0\0\0\0\0\0\0\0\0\0\0\0\0\0\0\0\0\0\0h2\1\0\0\0\0\0h2\1\0\0\0\0\0\0\0\1\0\0\0\0\0", 56) = 56
31461 lseek(3, 120, SEEK_SET)           = 120
31461 read(3, "\1\0\0\0\6\0\0\0\270\375\1\0\0\0\0\0\270\375\2\0\0\0\0\0\270\375\2\0\0\0\0\0\350\3\0\0\0\0\0\0\20\5\0\0\0\0\0\0\0\0\1\0\0\0\0\0", 56) = 56
31461 lseek(3, 176, SEEK_SET)           = 176
31461 read(3, "\2\0\0\0\6\0\0\0\310\375\1\0\0\0\0\0\310\375\2\0\0\0\0\0\310\375\2\0\0\0\0\0\360\1\0\0\0\0\0\0\360\1\0\0\0\0\0\0\10\0\0\0\0\0\0\0", 56) = 56
31461 lseek(3, 232, SEEK_SET)           = 232
31461 read(3, "\4\0\0\0\4\0\0\0\310\1\0\0\0\0\0\0\310\1\0\0\0\0\0\0\310\1\0\0\0\0\0\0$\0\0\0\0\0\0\0$\0\0\0\0\0\0\0\4\0\0\0\0\0\0\0", 56) = 56
31461 lseek(3, 288, SEEK_SET)           = 288
31461 read(3, "P\345td\4\0\0\0 \22\1\0\0\0\0\0 \22\1\0\0\0\0\0 \22\1\0\0\0\0\0\34\5\0\0\0\0\0\0\34\5\0\0\0\0\0\0\4\0\0\0\0\0\0\0", 56) = 56
31461 lseek(3, 344, SEEK_SET)           = 344
31461 read(3, "Q\345td\6\0\0\0\0\0\0\0\0\0\0\0\0\0\0\0\0\0\0\0\0\0\0\0\0\0\0\0\0\0\0\0\0\0\0\0\0\0\0\0\0\0\0\0\20\0\0\0\0\0\0\0", 56) = 56
31461 lseek(3, 400, SEEK_SET)           = 400
31461 read(3, "R\345td\4\0\0\0\270\375\1\0\0\0\0\0\270\375\2\0\0\0\0\0\270\375\2\0\0\0\0\0H\2\0\0\0\0\0\0H\2\0\0\0\0\0\0\1\0\0\0\0\0\0\0", 56) = 56
31461 lseek(3, 64, SEEK_SET)            = 64
31461 read(3, "\1\0\0\0\5\0\0\0\0\0\0\0\0\0\0\0\0\0\0\0\0\0\0\0\0\0\0\0\0\0\0\0h2\1\0\0\0\0\0h2\1\0\0\0\0\0\0\0\1\0\0\0\0\0", 56) = 56
31461 lseek(3, 120, SEEK_SET)           = 120
31461 read(3, "\1\0\0\0\6\0\0\0\270\375\1\0\0\0\0\0\270\375\2\0\0\0\0\0\270\375\2\0\0\0\0\0\350\3\0\0\0\0\0\0\20\5\0\0\0\0\0\0\0\0\1\0\0\0\0\0", 56) = 56
31461 lseek(3, 176, SEEK_SET)           = 176
31461 read(3, "\2\0\0\0\6\0\0\0\310\375\1\0\0\0\0\0\310\375\2\0\0\0\0\0\310\375\2\0\0\0\0\0\360\1\0\0\0\0\0\0\360\1\0\0\0\0\0\0\10\0\0\0\0\0\0\0", 56) = 56
31461 lseek(3, 232, SEEK_SET)           = 232
31461 read(3, "\4\0\0\0\4\0\0\0\310\1\0\0\0\0\0\0\310\1\0\0\0\0\0\0\310\1\0\0\0\0\0\0$\0\0\0\0\0\0\0$\0\0\0\0\0\0\0\4\0\0\0\0\0\0\0", 56) = 56
31461 lseek(3, 456, SEEK_SET)           = 456
31461 read(3, "\4\0\0\0\24\0\0\0\3\0\0\0", 12) = 12
31461 lseek(3, 472, SEEK_SET)           = 472
31461 read(3, "\25\31\333\376\301\3\245\2j\306u\200\264\n,`\26\213\25\f", 20) = 20
31461 lseek(3, 131784, SEEK_SET)        = 131784
31461 read(3, "\0\0\0\0\0\0\0\0\0\0\0\0\0\0\0\0\0\0\0\0\0\0\0\0\0\0\0\0\0\0\0\0\0\0\0\0\0\0\0\0\0\0\0\0\0\0\0\0\0\0\0\0\0\0\0\0\0\0\0\0\0\0\0\0", 64) = 64
31461 lseek(3, 131848, SEEK_SET)        = 131848
31461 read(3, "\v\0\0\0\7\0\0\0\2\0\0\0\0\0\0\0\310\1\0\0\0\0\0\0\310\1\0\0\0\0\0\0$\0\0\0\0\0\0\0\0\0\0\0\0\0\0\0\4\0\0\0\0\0\0\0\0\0\0\0\0\0\0\0", 64) = 64
31461 lseek(3, 131912, SEEK_SET)        = 131912
31461 read(3, "\36\0\0\0\366\377\377o\2\0\0\0\0\0\0\0\360\1\0\0\0\0\0\0\360\1\0\0\0\0\0\0\334\4\0\0\0\0\0\0\3\0\0\0\0\0\0\0\10\0\0\0\0\0\0\0\0\0\0\0\0\0\0\0", 64) = 64
31461 lseek(3, 131976, SEEK_SET)        = 131976
31461 read(3, "(\0\0\0\v\0\0\0\2\0\0\0\0\0\0\0\320\6\0\0\0\0\0\0\320\6\0\0\0\0\0\0\300\17\0\0\0\0\0\0\4\0\0\0\3\0\0\0\10\0\0\0\0\0\0\0\30\0\0\0\0\0\0\0", 64) = 64
31461 lseek(3, 132040, SEEK_SET)        = 132040
31461 read(3, "0\0\0\0\3\0\0\0\2\0\0\0\0\0\0\0\220\26\0\0\0\0\0\0\220\26\0\0\0\0\0\0\246\10\0\0\0\0\0\0\0\0\0\0\0\0\0\0\1\0\0\0\0\0\0\0\0\0\0\0\0\0\0\0", 64) = 64
31461 lseek(3, 132104, SEEK_SET)        = 132104
31461 read(3, "8\0\0\0\377\377\377o\2\0\0\0\0\0\0\0006\37\0\0\0\0\0\0006\37\0\0\0\0\0\0P\1\0\0\0\0\0\0\3\0\0\0\0\0\0\0\2\0\0\0\0\0\0\0\2\0\0\0\0\0\0\0", 64) = 64
31461 lseek(3, 132168, SEEK_SET)        = 132168
31461 read(3, "E\0\0\0\375\377\377o\2\0\0\0\0\0\0\0\210 \0\0\0\0\0\0\210 \0\0\0\0\0\0\4\2\0\0\0\0\0\0\4\0\0\0\17\0\0\0\10\0\0\0\0\0\0\0\0\0\0\0\0\0\0\0", 64) = 64
31461 lseek(3, 132232, SEEK_SET)        = 132232
31461 read(3, "T\0\0\0\376\377\377o\2\0\0\0\0\0\0\0\220\"\0\0\0\0\0\0\220\"\0\0\0\0\0\0@\0\0\0\0\0\0\0\4\0\0\0\1\0\0\0\10\0\0\0\0\0\0\0\0\0\0\0\0\0\0\0", 64) = 64
31461 lseek(3, 132296, SEEK_SET)        = 132296
31461 read(3, "c\0\0\0\4\0\0\0\2\0\0\0\0\0\0\0\320\"\0\0\0\0\0\0\320\"\0\0\0\0\0\0\300\0\0\0\0\0\0\0\3\0\0\0\0\0\0\0\10\0\0\0\0\0\0\0\30\0\0\0\0\0\0\0", 64) = 64
31461 lseek(3, 132360, SEEK_SET)        = 132360
31461 read(3, "m\0\0\0\4\0\0\0B\0\0\0\0\0\0\0\220#\0\0\0\0\0\0\220#\0\0\0\0\0\0\310\4\0\0\0\0\0\0\3\0\0\0\25\0\0\0\10\0\0\0\0\0\0\0\30\0\0\0\0\0\0\0", 64) = 64
31461 lseek(3, 132424, SEEK_SET)        = 132424
31461 read(3, "w\0\0\0\1\0\0\0\6\0\0\0\0\0\0\0X(\0\0\0\0\0\0X(\0\0\0\0\0\0\30\0\0\0\0\0\0\0\0\0\0\0\0\0\0\0\4\0\0\0\0\0\0\0\0\0\0\0\0\0\0\0", 64) = 64
31461 lseek(3, 131659, SEEK_SET)        = 131659
31461 read(3, ".init\0.text\0.fini\0.rodata\0.eh_frame_hdr\0.eh_frame\0.init_array\0.fini_array\0.dynamic\0.got\0.got.plt\0.data\0.bss\0.gnu_debuglink\0", 123) = 123
31461 lseek(3, 131659, SEEK_SET)        = 131659
31461 read(3, ".init\0", 6)             = 6
31461 lseek(3, 132488, SEEK_SET)        = 132488
31461 read(3, "r\0\0\0\1\0\0\0\6\0\0\0\0\0\0\0p(\0\0\0\0\0\0p(\0\0\0\0\0\0P\3\0\0\0\0\0\0\0\0\0\0\0\0\0\0\20\0\0\0\0\0\0\0\0\0\0\0\0\0\0\0", 64) = 64
31461 lseek(3, 131654, SEEK_SET)        = 131654
31461 read(3, ".plt\0.init\0.text\0.fini\0.rodata\0.eh_frame_hdr\0.eh_frame\0.init_array\0.fini_array\0.dynamic\0.got\0.got.plt\0.data\0.bss\0.gnu_debuglink\0", 128) = 128
31461 lseek(3, 131654, SEEK_SET)        = 131654
31461 read(3, ".plt\0", 5)              = 5
31461 lseek(3, 132552, SEEK_SET)        = 132552
31461 read(3, "}\0\0\0\1\0\0\0\6\0\0\0\0\0\0\0\300+\0\0\0\0\0\0\300+\0\0\0\0\0\0\200\342\0\0\0\0\0\0\0\0\0\0\0\0\0\0\20\0\0\0\0\0\0\0\0\0\0\0\0\0\0\0", 64) = 64
31461 lseek(3, 131665, SEEK_SET)        = 131665
31461 read(3, ".text\0.fini\0.rodata\0.eh_frame_hdr\0.eh_frame\0.init_array\0.fini_array\0.dynamic\0.got\0.got.plt\0.data\0.bss\0.gnu_debuglink\0", 117) = 117
31461 lseek(3, 131665, SEEK_SET)        = 131665
31461 read(3, ".text\0", 6)             = 6
31461 lseek(3, 132616, SEEK_SET)        = 132616
31461 read(3, "\203\0\0\0\1\0\0\0\6\0\0\0\0\0\0\0@\16\1\0\0\0\0\0@\16\1\0\0\0\0\0\24\0\0\0\0\0\0\0\0\0\0\0\0\0\0\0\4\0\0\0\0\0\0\0\0\0\0\0\0\0\0\0", 64) = 64
31461 lseek(3, 131671, SEEK_SET)        = 131671
31461 read(3, ".fini\0.rodata\0.eh_frame_hdr\0.eh_frame\0.init_array\0.fini_array\0.dynamic\0.got\0.got.plt\0.data\0.bss\0.gnu_debuglink\0", 111) = 111
31461 lseek(3, 131671, SEEK_SET)        = 131671
31461 read(3, ".fini\0", 6)             = 6
31461 lseek(3, 132680, SEEK_SET)        = 132680
31461 read(3, "\211\0\0\0\1\0\0\0\2\0\0\0\0\0\0\0`\16\1\0\0\0\0\0`\16\1\0\0\0\0\0\300\3\0\0\0\0\0\0\0\0\0\0\0\0\0\0\20\0\0\0\0\0\0\0\0\0\0\0\0\0\0\0", 64) = 64
31461 lseek(3, 131677, SEEK_SET)        = 131677
31461 read(3, ".rodata\0.eh_frame_hdr\0.eh_frame\0.init_array\0.fini_array\0.dynamic\0.got\0.got.plt\0.data\0.bss\0.gnu_debuglink\0", 105) = 105
31461 lseek(3, 131677, SEEK_SET)        = 131677
31461 read(3, ".rodata\0", 8)           = 8
31461 lseek(3, 132744, SEEK_SET)        = 132744
31461 read(3, "\221\0\0\0\1\0\0\0\2\0\0\0\0\0\0\0 \22\1\0\0\0\0\0 \22\1\0\0\0\0\0\34\5\0\0\0\0\0\0\0\0\0\0\0\0\0\0\4\0\0\0\0\0\0\0\0\0\0\0\0\0\0\0", 64) = 64
31461 lseek(3, 131685, SEEK_SET)        = 131685
31461 read(3, ".eh_frame_hdr\0.eh_frame\0.init_array\0.fini_array\0.dynamic\0.got\0.got.plt\0.data\0.bss\0.gnu_debuglink\0", 97) = 97
31461 lseek(3, 131685, SEEK_SET)        = 131685
31461 read(3, ".eh_frame_hdr\0", 14)    = 14
31461 lseek(3, 132808, SEEK_SET)        = 132808
31461 read(3, "\237\0\0\0\1\0\0\0\2\0\0\0\0\0\0\0@\27\1\0\0\0\0\0@\27\1\0\0\0\0\0(\33\0\0\0\0\0\0\0\0\0\0\0\0\0\0\10\0\0\0\0\0\0\0\0\0\0\0\0\0\0\0", 64) = 64
31461 lseek(3, 131699, SEEK_SET)        = 131699
31461 read(3, ".eh_frame\0.init_array\0.fini_array\0.dynamic\0.got\0.got.plt\0.data\0.bss\0.gnu_debuglink\0", 83) = 83
31461 lseek(3, 131699, SEEK_SET)        = 131699
31461 read(3, ".eh_frame\0", 10)        = 10
31461 lseek(3, 132872, SEEK_SET)        = 132872
31461 read(3, "\251\0\0\0\16\0\0\0\3\0\0\0\0\0\0\0\270\375\2\0\0\0\0\0\270\375\1\0\0\0\0\0\10\0\0\0\0\0\0\0\0\0\0\0\0\0\0\0\10\0\0\0\0\0\0\0\10\0\0\0\0\0\0\0", 64) = 64
31461 lseek(3, 132936, SEEK_SET)        = 132936
31461 read(3, "\265\0\0\0\17\0\0\0\3\0\0\0\0\0\0\0\300\375\2\0\0\0\0\0\300\375\1\0\0\0\0\0\10\0\0\0\0\0\0\0\0\0\0\0\0\0\0\0\10\0\0\0\0\0\0\0\10\0\0\0\0\0\0\0", 64) = 64
31461 lseek(3, 133000, SEEK_SET)        = 133000
31461 read(3, "\301\0\0\0\6\0\0\0\3\0\0\0\0\0\0\0\310\375\2\0\0\0\0\0\310\375\1\0\0\0\0\0\360\1\0\0\0\0\0\0\4\0\0\0\0\0\0\0\10\0\0\0\0\0\0\0\20\0\0\0\0\0\0\0", 64) = 64
31461 lseek(3, 133064, SEEK_SET)        = 133064
31461 read(3, "\312\0\0\0\1\0\0\0\3\0\0\0\0\0\0\0\270\377\2\0\0\0\0\0\270\377\1\0\0\0\0\0000\0\0\0\0\0\0\0\0\0\0\0\0\0\0\0\10\0\0\0\0\0\0\0\10\0\0\0\0\0\0\0", 64) = 64
31461 lseek(3, 131742, SEEK_SET)        = 131742
31461 read(3, ".got\0.got.plt\0.data\0.bss\0.gnu_debuglink\0", 40) = 40
31461 lseek(3, 131742, SEEK_SET)        = 131742
31461 read(3, ".got\0", 5)              = 5
31461 lseek(3, 133128, SEEK_SET)        = 133128
31461 read(3, "\317\0\0\0\1\0\0\0\3\0\0\0\0\0\0\0\350\377\2\0\0\0\0\0\350\377\1\0\0\0\0\0\260\1\0\0\0\0\0\0\0\0\0\0\0\0\0\0\10\0\0\0\0\0\0\0\10\0\0\0\0\0\0\0", 64) = 64
31461 lseek(3, 131747, SEEK_SET)        = 131747
31461 read(3, ".got.plt\0.data\0.bss\0.gnu_debuglink\0", 35) = 35
31461 lseek(3, 131747, SEEK_SET)        = 131747
31461 read(3, ".got.plt\0", 9)          = 9
31461 lseek(3, 133192, SEEK_SET)        = 133192
31461 read(3, "\330\0\0\0\1\0\0\0\3\0\0\0\0\0\0\0\230\1\3\0\0\0\0\0\230\1\2\0\0\0\0\0\10\0\0\0\0\0\0\0\0\0\0\0\0\0\0\0\10\0\0\0\0\0\0\0\0\0\0\0\0\0\0\0", 64) = 64
31461 lseek(3, 131756, SEEK_SET)        = 131756
31461 read(3, ".data\0.bss\0.gnu_debuglink\0", 26) = 26
31461 lseek(3, 131756, SEEK_SET)        = 131756
31461 read(3, ".data\0", 6)             = 6
31461 lseek(3, 133256, SEEK_SET)        = 133256
31461 read(3, "\336\0\0\0\10\0\0\0\3\0\0\0\0\0\0\0\240\1\3\0\0\0\0\0\240\1\2\0\0\0\0\0(\1\0\0\0\0\0\0\0\0\0\0\0\0\0\0\20\0\0\0\0\0\0\0\0\0\0\0\0\0\0\0", 64) = 64
31461 lseek(3, 133320, SEEK_SET)        = 133320
31461 read(3, "\343\0\0\0\1\0\0\0\0\0\0\0\0\0\0\0\0\0\0\0\0\0\0\0\240\1\2\0\0\0\0\0004\0\0\0\0\0\0\0\0\0\0\0\0\0\0\0\4\0\0\0\0\0\0\0\0\0\0\0\0\0\0\0", 64) = 64
31461 lseek(3, 131767, SEEK_SET)        = 131767
31461 read(3, ".gnu_debuglink\0", 15)   = 15
31461 lseek(3, 131767, SEEK_SET)        = 131767
31461 read(3, ".gnu_debuglink\0", 15)   = 15
31461 lseek(3, 131488, SEEK_SET)        = 131488
31461 read(3, "19dbfec103a5026ac67580b40a2c60168b150c.debug\0\0\0\0", 48) = 48
31461 read(3, " \nY\36", 4)             = 4
31461 rt_sigprocmask(SIG_SETMASK, ~[RTMIN RT_1], [], 8) = 0
31461 rt_sigprocmask(SIG_SETMASK, [], NULL, 8) = 0
31461 close(3)                          = 0
31461 rt_sigprocmask(SIG_SETMASK, ~[RTMIN RT_1], [], 8) = 0
31461 rt_sigprocmask(SIG_SETMASK, [], NULL, 8) = 0
31461 readlinkat(AT_FDCWD, "/lib", "usr/lib", 1023) = 7
31461 readlinkat(AT_FDCWD, "/usr", 0x7fc472b6c0, 1023) = -1 EINVAL (Invalid argument)
31461 readlinkat(AT_FDCWD, "/usr/lib", 0x7fc472b6c0, 1023) = -1 EINVAL (Invalid argument)
31461 readlinkat(AT_FDCWD, "/usr/lib/aarch64-linux-gnu", 0x7fc472b6c0, 1023) = -1 EINVAL (Invalid argument)
31461 readlinkat(AT_FDCWD, "/usr/lib/aarch64-linux-gnu/libc.so.6", 0x7fc472b6c0, 1023) = -1 EINVAL (Invalid argument)
31461 rt_sigprocmask(SIG_SETMASK, ~[RTMIN RT_1], [], 8) = 0
31461 rt_sigprocmask(SIG_SETMASK, [], NULL, 8) = 0
31461 openat(AT_FDCWD, "/usr/lib/aarch64-linux-gnu/libc.so.6", O_RDONLY|O_CLOEXEC) = 3
31461 rt_sigprocmask(SIG_SETMASK, ~[RTMIN RT_1], [], 8) = 0
31461 rt_sigprocmask(SIG_SETMASK, [], NULL, 8) = 0
31461 read(3, "\177ELF\2\1\1\3\0\0\0\0\0\0\0\0", 16) = 16
31461 lseek(3, 0, SEEK_SET)             = 0
31461 read(3, "\177ELF\2\1\1\3\0\0\0\0\0\0\0\0\3\0\267\0\1\0\0\0000y\2\0\0\0\0\0@\0\0\0\0\0\0\0\20#\31\0\0\0\0\0\0\0\0\0@\08\0\n\0@\0?\0>\0", 64) = 64
31461 lseek(3, 1651344, SEEK_SET)       = 1651344
31461 read(3, "\1\0\0\0\3\0\0\0\0\0\0\0\0\0\0\0\0\0\0\0\0\0\0\0\230\36\31\0\0\0\0\0u\4\0\0\0\0\0\0\0\0\0\0\0\0\0\0\1\0\0\0\0\0\0\0\0\0\0\0\0\0\0\0", 64) = 64
31461 lseek(3, 64, SEEK_SET)            = 64
31461 read(3, "\6\0\0\0\4\0\0\0@\0\0\0\0\0\0\0@\0\0\0\0\0\0\0@\0\0\0\0\0\0\0000\2\0\0\0\0\0\0000\2\0\0\0\0\0\0\10\0\0\0\0\0\0\0", 56) = 56
31461 lseek(3, 120, SEEK_SET)           = 120
31461 read(3, "\3\0\0\0\4\0\0\0\210\202\25\0\0\0\0\0\210\202\25\0\0\0\0\0\210\202\25\0\0\0\0\0\33\0\0\0\0\0\0\0\33\0\0\0\0\0\0\0\10\0\0\0\0\0\0\0", 56) = 56
31461 lseek(3, 176, SEEK_SET)           = 176
31461 read(3, "\1\0\0\0\5\0\0\0\0\0\0\0\0\0\0\0\0\0\0\0\0\0\0\0\0\0\0\0\0\0\0\0\244d\30\0\0\0\0\0\244d\30\0\0\0\0\0\0\0\1\0\0\0\0\0", 56) = 56
31461 lseek(3, 232, SEEK_SET)           = 232
31461 read(3, "\1\0\0\0\6\0\0\0\300\315\30\0\0\0\0\0\300\315\31\0\0\0\0\0\300\315\31\0\0\0\0\0\10I\0\0\0\0\0\0\240\22\1\0\0\0\0\0\0\0\1\0\0\0\0\0", 56) = 56
31461 lseek(3, 288, SEEK_SET)           = 288
31461 read(3, "\2\0\0\0\6\0\0\0\260\373\30\0\0\0\0\0\260\373\31\0\0\0\0\0\260\373\31\0\0\0\0\0\260\1\0\0\0\0\0\0\260\1\0\0\0\0\0\0\10\0\0\0\0\0\0\0", 56) = 56
31461 lseek(3, 344, SEEK_SET)           = 344
31461 read(3, "\4\0\0\0\4\0\0\0p\2\0\0\0\0\0\0p\2\0\0\0\0\0\0p\2\0\0\0\0\0\0D\0\0\0\0\0\0\0D\0\0\0\0\0\0\0\4\0\0\0\0\0\0\0", 56) = 56
31461 lseek(3, 400, SEEK_SET)           = 400
31461 read(3, "\7\0\0\0\4\0\0\0\300\315\30\0\0\0\0\0\300\315\31\0\0\0\0\0\300\315\31\0\0\0\0\0\20\0\0\0\0\0\0\0\220\0\0\0\0\0\0\0\20\0\0\0\0\0\0\0", 56) = 56
31461 lseek(3, 456, SEEK_SET)           = 456
31461 read(3, "P\345td\4\0\0\0\244\202\25\0\0\0\0\0\244\202\25\0\0\0\0\0\244\202\25\0\0\0\0\0dh\0\0\0\0\0\0dh\0\0\0\0\0\0\4\0\0\0\0\0\0\0", 56) = 56
31461 lseek(3, 512, SEEK_SET)           = 512
31461 read(3, "Q\345td\6\0\0\0\0\0\0\0\0\0\0\0\0\0\0\0\0\0\0\0\0\0\0\0\0\0\0\0\0\0\0\0\0\0\0\0\0\0\0\0\0\0\0\0\20\0\0\0\0\0\0\0", 56) = 56
31461 lseek(3, 568, SEEK_SET)           = 568
31461 read(3, "R\345td\4\0\0\0\300\315\30\0\0\0\0\0\300\315\31\0\0\0\0\0\300\315\31\0\0\0\0\0@2\0\0\0\0\0\0@2\0\0\0\0\0\0\1\0\0\0\0\0\0\0", 56) = 56
31461 lseek(3, 64, SEEK_SET)            = 64
31461 read(3, "\6\0\0\0\4\0\0\0@\0\0\0\0\0\0\0@\0\0\0\0\0\0\0@\0\0\0\0\0\0\0000\2\0\0\0\0\0\0000\2\0\0\0\0\0\0\10\0\0\0\0\0\0\0", 56) = 56
31461 lseek(3, 120, SEEK_SET)           = 120
31461 read(3, "\3\0\0\0\4\0\0\0\210\202\25\0\0\0\0\0\210\202\25\0\0\0\0\0\210\202\25\0\0\0\0\0\33\0\0\0\0\0\0\0\33\0\0\0\0\0\0\0\10\0\0\0\0\0\0\0", 56) = 56
31461 lseek(3, 176, SEEK_SET)           = 176
31461 read(3, "\1\0\0\0\5\0\0\0\0\0\0\0\0\0\0\0\0\0\0\0\0\0\0\0\0\0\0\0\0\0\0\0\244d\30\0\0\0\0\0\244d\30\0\0\0\0\0\0\0\1\0\0\0\0\0", 56) = 56
31461 lseek(3, 232, SEEK_SET)           = 232
31461 read(3, "\1\0\0\0\6\0\0\0\300\315\30\0\0\0\0\0\300\315\31\0\0\0\0\0\300\315\31\0\0\0\0\0\10I\0\0\0\0\0\0\240\22\1\0\0\0\0\0\0\0\1\0\0\0\0\0", 56) = 56
31461 lseek(3, 288, SEEK_SET)           = 288
31461 read(3, "\2\0\0\0\6\0\0\0\260\373\30\0\0\0\0\0\260\373\31\0\0\0\0\0\260\373\31\0\0\0\0\0\260\1\0\0\0\0\0\0\260\1\0\0\0\0\0\0\10\0\0\0\0\0\0\0", 56) = 56
31461 lseek(3, 344, SEEK_SET)           = 344
31461 read(3, "\4\0\0\0\4\0\0\0p\2\0\0\0\0\0\0p\2\0\0\0\0\0\0p\2\0\0\0\0\0\0D\0\0\0\0\0\0\0D\0\0\0\0\0\0\0\4\0\0\0\0\0\0\0", 56) = 56
31461 lseek(3, 624, SEEK_SET)           = 624
31461 read(3, "\4\0\0\0\24\0\0\0\3\0\0\0", 12) = 12
31461 lseek(3, 640, SEEK_SET)           = 640
31461 read(3, "\242\357B\20\201\1X\255\337#\246L\365\372\2126\363\340\257\306", 20) = 20
31461 lseek(3, 1647376, SEEK_SET)       = 1647376
31461 read(3, "\0\0\0\0\0\0\0\0\0\0\0\0\0\0\0\0\0\0\0\0\0\0\0\0\0\0\0\0\0\0\0\0\0\0\0\0\0\0\0\0\0\0\0\0\0\0\0\0\0\0\0\0\0\0\0\0\0\0\0\0\0\0\0\0", 64) = 64
31461 lseek(3, 1647440, SEEK_SET)       = 1647440
31461 read(3, "\v\0\0\0\7\0\0\0\2\0\0\0\0\0\0\0p\2\0\0\0\0\0\0p\2\0\0\0\0\0\0$\0\0\0\0\0\0\0\0\0\0\0\0\0\0\0\4\0\0\0\0\0\0\0\0\0\0\0\0\0\0\0", 64) = 64
31461 lseek(3, 1647504, SEEK_SET)       = 1647504
31461 read(3, "\36\0\0\0\7\0\0\0\2\0\0\0\0\0\0\0\224\2\0\0\0\0\0\0\224\2\0\0\0\0\0\0 \0\0\0\0\0\0\0\0\0\0\0\0\0\0\0\4\0\0\0\0\0\0\0\0\0\0\0\0\0\0\0", 64) = 64
31461 lseek(3, 1647568, SEEK_SET)       = 1647568
31461 read(3, ",\0\0\0\366\377\377o\2\0\0\0\0\0\0\0\270\2\0\0\0\0\0\0\270\2\0\0\0\0\0\0\270E\0\0\0\0\0\0\4\0\0\0\0\0\0\0\10\0\0\0\0\0\0\0\0\0\0\0\0\0\0\0", 64) = 64
31461 lseek(3, 1647632, SEEK_SET)       = 1647632
31461 read(3, "6\0\0\0\v\0\0\0\2\0\0\0\0\0\0\0pH\0\0\0\0\0\0pH\0\0\0\0\0\0\200\25\1\0\0\0\0\0\5\0\0\0\3\0\0\0\10\0\0\0\0\0\0\0\30\0\0\0\0\0\0\0", 64) = 64
31461 lseek(3, 1647696, SEEK_SET)       = 1647696
31461 read(3, ">\0\0\0\3\0\0\0\2\0\0\0\0\0\0\0\360]\1\0\0\0\0\0\360]\1\0\0\0\0\0]~\0\0\0\0\0\0\0\0\0\0\0\0\0\0\1\0\0\0\0\0\0\0\0\0\0\0\0\0\0\0", 64) = 64
31461 lseek(3, 1647760, SEEK_SET)       = 1647760
31461 read(3, "F\0\0\0\377\377\377o\2\0\0\0\0\0\0\0N\334\1\0\0\0\0\0N\334\1\0\0\0\0\0 \27\0\0\0\0\0\0\4\0\0\0\0\0\0\0\2\0\0\0\0\0\0\0\2\0\0\0\0\0\0\0", 64) = 64
31461 lseek(3, 1647824, SEEK_SET)       = 1647824
31461 read(3, "S\0\0\0\375\377\377o\2\0\0\0\0\0\0\0p\363\1\0\0\0\0\0p\363\1\0\0\0\0\0\270\2\0\0\0\0\0\0\5\0\0\0\24\0\0\0\10\0\0\0\0\0\0\0\0\0\0\0\0\0\0\0", 64) = 64
31461 lseek(3, 1647888, SEEK_SET)       = 1647888
31461 read(3, "b\0\0\0\376\377\377o\2\0\0\0\0\0\0\0(\366\1\0\0\0\0\0(\366\1\0\0\0\0\0@\0\0\0\0\0\0\0\5\0\0\0\1\0\0\0\10\0\0\0\0\0\0\0\0\0\0\0\0\0\0\0", 64) = 64
31461 lseek(3, 1647952, SEEK_SET)       = 1647952
31461 read(3, "q\0\0\0\4\0\0\0\2\0\0\0\0\0\0\0h\366\1\0\0\0\0\0h\366\1\0\0\0\0\0\310y\0\0\0\0\0\0\4\0\0\0\0\0\0\0\10\0\0\0\0\0\0\0\30\0\0\0\0\0\0\0", 64) = 64
31461 lseek(3, 1648016, SEEK_SET)       = 1648016
31461 read(3, "{\0\0\0\4\0\0\0B\0\0\0\0\0\0\0000p\2\0\0\0\0\0000p\2\0\0\0\0\0\310\1\0\0\0\0\0\0\4\0\0\0\34\0\0\0\10\0\0\0\0\0\0\0\30\0\0\0\0\0\0\0", 64) = 64
31461 lseek(3, 1648080, SEEK_SET)       = 1648080
31461 read(3, "\200\0\0\0\1\0\0\0\6\0\0\0\0\0\0\0\0r\2\0\0\0\0\0\0r\2\0\0\0\0\0P\1\0\0\0\0\0\0\0\0\0\0\0\0\0\0\20\0\0\0\0\0\0\0\0\0\0\0\0\0\0\0", 64) = 64
31461 lseek(3, 1646360, SEEK_SET)       = 1646360
31461 read(3, ".plt\0.text\0__libc_freeres_fn\0.rodata\0.interp\0.eh_frame_hdr\0.eh_frame\0.gcc_except_table\0.tdata\0.tbss\0.init_array\0__libc_subfreeres\0__libc_atexit\0__libc_IO_vtables\0.data.rel.ro\0.dynamic\0.got\0.got.plt\0.data\0.bss\0.gnu.warning.sigstack\0.gnu.warning.sigreturn\0.gnu.warning.siggetmask\0.gnu.warning.tempnam\0.gnu.warning.tmpnam\0.gnu.warning.tmpnam_r\0.gnu.warning.gets\0.gnu.warning.pthread_attr_getstackaddr\0.gnu.warning.pthread_attr_setstackaddr\0.gnu.warning.getpw\0.gnu.warning.getwd\0.gnu.warning.revoke\0.gnu.warning.mktemp\0.gnu.warning.gtty\0.gnu.warning.stty\0.gnu.warning.chflags\0.gnu.warning.fchflags\0.gnu.warning.__compat_bdflush\0.gnu.warning.__compat_create_module\0.gnu.warning.__compat_get_kernel_syms\0.gnu.warning.__compat_query_module\0.gnu.warning.__compat_uselib\0.gnu.warning.__gets_chk\0.gnu.warning.inet6_option_space\0.gnu.warning.inet6_option_init\0.gnu.warning.inet6_option_append\0.gnu.warning.inet6_option_alloc\0.gnu.warning.inet6_option_next\0.gnu.warning.inet6_option_find\0.gnu.warning.setlogin\0.gnu_debuglink\0", 1013) = 1013
31461 lseek(3, 1646360, SEEK_SET)       = 1646360
31461 read(3, ".plt\0", 5)              = 5
31461 lseek(3, 1648144, SEEK_SET)       = 1648144
31461 read(3, "\205\0\0\0\1\0\0\0\6\0\0\0\0\0\0\0\200s\2\0\0\0\0\0\200s\2\0\0\0\0\0\300\346\20\0\0\0\0\0\0\0\0\0\0\0\0\0@\0\0\0\0\0\0\0\0\0\0\0\0\0\0\0", 64) = 64
31461 lseek(3, 1646365, SEEK_SET)       = 1646365
31461 read(3, ".text\0__libc_freeres_fn\0.rodata\0.interp\0.eh_frame_hdr\0.eh_frame\0.gcc_except_table\0.tdata\0.tbss\0.init_array\0__libc_subfreeres\0__libc_atexit\0__libc_IO_vtables\0.data.rel.ro\0.dynamic\0.got\0.got.plt\0.data\0.bss\0.gnu.warning.sigstack\0.gnu.warning.sigreturn\0.gnu.warning.siggetmask\0.gnu.warning.tempnam\0.gnu.warning.tmpnam\0.gnu.warning.tmpnam_r\0.gnu.warning.gets\0.gnu.warning.pthread_attr_getstackaddr\0.gnu.warning.pthread_attr_setstackaddr\0.gnu.warning.getpw\0.gnu.warning.getwd\0.gnu.warning.revoke\0.gnu.warning.mktemp\0.gnu.warning.gtty\0.gnu.warning.stty\0.gnu.warning.chflags\0.gnu.warning.fchflags\0.gnu.warning.__compat_bdflush\0.gnu.warning.__compat_create_module\0.gnu.warning.__compat_get_kernel_syms\0.gnu.warning.__compat_query_module\0.gnu.warning.__compat_uselib\0.gnu.warning.__gets_chk\0.gnu.warning.inet6_option_space\0.gnu.warning.inet6_option_init\0.gnu.warning.inet6_option_append\0.gnu.warning.inet6_option_alloc\0.gnu.warning.inet6_option_next\0.gnu.warning.inet6_option_find\0.gnu.warning.setlogin\0.gnu_debuglink\0", 1008) = 1008
31461 lseek(3, 1646365, SEEK_SET)       = 1646365
31461 read(3, ".text\0", 6)             = 6
31461 lseek(3, 1648208, SEEK_SET)       = 1648208
31461 read(3, "\213\0\0\0\1\0\0\0\6\0\0\0\0\0\0\0@Z\23\0\0\0\0\0@Z\23\0\0\0\0\0\364\20\0\0\0\0\0\0\0\0\0\0\0\0\0\0\20\0\0\0\0\0\0\0\0\0\0\0\0\0\0\0", 64) = 64
31461 lseek(3, 1646371, SEEK_SET)       = 1646371
31461 read(3, "__libc_freeres_fn\0.rodata\0.interp\0.eh_frame_hdr\0.eh_frame\0.gcc_except_table\0.tdata\0.tbss\0.init_array\0__libc_subfreeres\0__libc_atexit\0__libc_IO_vtables\0.data.rel.ro\0.dynamic\0.got\0.got.plt\0.data\0.bss\0.gnu.warning.sigstack\0.gnu.warning.sigreturn\0.gnu.warning.siggetmask\0.gnu.warning.tempnam\0.gnu.warning.tmpnam\0.gnu.warning.tmpnam_r\0.gnu.warning.gets\0.gnu.warning.pthread_attr_getstackaddr\0.gnu.warning.pthread_attr_setstackaddr\0.gnu.warning.getpw\0.gnu.warning.getwd\0.gnu.warning.revoke\0.gnu.warning.mktemp\0.gnu.warning.gtty\0.gnu.warning.stty\0.gnu.warning.chflags\0.gnu.warning.fchflags\0.gnu.warning.__compat_bdflush\0.gnu.warning.__compat_create_module\0.gnu.warning.__compat_get_kernel_syms\0.gnu.warning.__compat_query_module\0.gnu.warning.__compat_uselib\0.gnu.warning.__gets_chk\0.gnu.warning.inet6_option_space\0.gnu.warning.inet6_option_init\0.gnu.warning.inet6_option_append\0.gnu.warning.inet6_option_alloc\0.gnu.warning.inet6_option_next\0.gnu.warning.inet6_option_find\0.gnu.warning.setlogin\0.gnu_debuglink\0", 1002) = 1002
31461 lseek(3, 1646371, SEEK_SET)       = 1646371
31461 read(3, "__libc_freeres_fn\0", 18) = 18
31461 lseek(3, 1648272, SEEK_SET)       = 1648272
31461 read(3, "\235\0\0\0\1\0\0\0\2\0\0\0\0\0\0\0@k\23\0\0\0\0\0@k\23\0\0\0\0\0H\27\2\0\0\0\0\0\0\0\0\0\0\0\0\0\20\0\0\0\0\0\0\0\0\0\0\0\0\0\0\0", 64) = 64
31461 lseek(3, 1646389, SEEK_SET)       = 1646389
31461 read(3, ".rodata\0.interp\0.eh_frame_hdr\0.eh_frame\0.gcc_except_table\0.tdata\0.tbss\0.init_array\0__libc_subfreeres\0__libc_atexit\0__libc_IO_vtables\0.data.rel.ro\0.dynamic\0.got\0.got.plt\0.data\0.bss\0.gnu.warning.sigstack\0.gnu.warning.sigreturn\0.gnu.warning.siggetmask\0.gnu.warning.tempnam\0.gnu.warning.tmpnam\0.gnu.warning.tmpnam_r\0.gnu.warning.gets\0.gnu.warning.pthread_attr_getstackaddr\0.gnu.warning.pthread_attr_setstackaddr\0.gnu.warning.getpw\0.gnu.warning.getwd\0.gnu.warning.revoke\0.gnu.warning.mktemp\0.gnu.warning.gtty\0.gnu.warning.stty\0.gnu.warning.chflags\0.gnu.warning.fchflags\0.gnu.warning.__compat_bdflush\0.gnu.warning.__compat_create_module\0.gnu.warning.__compat_get_kernel_syms\0.gnu.warning.__compat_query_module\0.gnu.warning.__compat_uselib\0.gnu.warning.__gets_chk\0.gnu.warning.inet6_option_space\0.gnu.warning.inet6_option_init\0.gnu.warning.inet6_option_append\0.gnu.warning.inet6_option_alloc\0.gnu.warning.inet6_option_next\0.gnu.warning.inet6_option_find\0.gnu.warning.setlogin\0.gnu_debuglink\0", 984) = 984
31461 lseek(3, 1646389, SEEK_SET)       = 1646389
31461 read(3, ".rodata\0", 8)           = 8
31461 lseek(3, 1648336, SEEK_SET)       = 1648336
31461 read(3, "\245\0\0\0\1\0\0\0\2\0\0\0\0\0\0\0\210\202\25\0\0\0\0\0\210\202\25\0\0\0\0\0\33\0\0\0\0\0\0\0\0\0\0\0\0\0\0\0\10\0\0\0\0\0\0\0\0\0\0\0\0\0\0\0", 64) = 64
31461 lseek(3, 1646397, SEEK_SET)       = 1646397
31461 read(3, ".interp\0.eh_frame_hdr\0.eh_frame\0.gcc_except_table\0.tdata\0.tbss\0.init_array\0__libc_subfreeres\0__libc_atexit\0__libc_IO_vtables\0.data.rel.ro\0.dynamic\0.got\0.got.plt\0.data\0.bss\0.gnu.warning.sigstack\0.gnu.warning.sigreturn\0.gnu.warning.siggetmask\0.gnu.warning.tempnam\0.gnu.warning.tmpnam\0.gnu.warning.tmpnam_r\0.gnu.warning.gets\0.gnu.warning.pthread_attr_getstackaddr\0.gnu.warning.pthread_attr_setstackaddr\0.gnu.warning.getpw\0.gnu.warning.getwd\0.gnu.warning.revoke\0.gnu.warning.mktemp\0.gnu.warning.gtty\0.gnu.warning.stty\0.gnu.warning.chflags\0.gnu.warning.fchflags\0.gnu.warning.__compat_bdflush\0.gnu.warning.__compat_create_module\0.gnu.warning.__compat_get_kernel_syms\0.gnu.warning.__compat_query_module\0.gnu.warning.__compat_uselib\0.gnu.warning.__gets_chk\0.gnu.warning.inet6_option_space\0.gnu.warning.inet6_option_init\0.gnu.warning.inet6_option_append\0.gnu.warning.inet6_option_alloc\0.gnu.warning.inet6_option_next\0.gnu.warning.inet6_option_find\0.gnu.warning.setlogin\0.gnu_debuglink\0", 976) = 976
31461 lseek(3, 1646397, SEEK_SET)       = 1646397
31461 read(3, ".interp\0", 8)           = 8
31461 lseek(3, 1648400, SEEK_SET)       = 1648400
31461 read(3, "\255\0\0\0\1\0\0\0\2\0\0\0\0\0\0\0\244\202\25\0\0\0\0\0\244\202\25\0\0\0\0\0dh\0\0\0\0\0\0\0\0\0\0\0\0\0\0\4\0\0\0\0\0\0\0\0\0\0\0\0\0\0\0", 64) = 64
31461 lseek(3, 1646405, SEEK_SET)       = 1646405
31461 read(3, ".eh_frame_hdr\0.eh_frame\0.gcc_except_table\0.tdata\0.tbss\0.init_array\0__libc_subfreeres\0__libc_atexit\0__libc_IO_vtables\0.data.rel.ro\0.dynamic\0.got\0.got.plt\0.data\0.bss\0.gnu.warning.sigstack\0.gnu.warning.sigreturn\0.gnu.warning.siggetmask\0.gnu.warning.tempnam\0.gnu.warning.tmpnam\0.gnu.warning.tmpnam_r\0.gnu.warning.gets\0.gnu.warning.pthread_attr_getstackaddr\0.gnu.warning.pthread_attr_setstackaddr\0.gnu.warning.getpw\0.gnu.warning.getwd\0.gnu.warning.revoke\0.gnu.warning.mktemp\0.gnu.warning.gtty\0.gnu.warning.stty\0.gnu.warning.chflags\0.gnu.warning.fchflags\0.gnu.warning.__compat_bdflush\0.gnu.warning.__compat_create_module\0.gnu.warning.__compat_get_kernel_syms\0.gnu.warning.__compat_query_module\0.gnu.warning.__compat_uselib\0.gnu.warning.__gets_chk\0.gnu.warning.inet6_option_space\0.gnu.warning.inet6_option_init\0.gnu.warning.inet6_option_append\0.gnu.warning.inet6_option_alloc\0.gnu.warning.inet6_option_next\0.gnu.warning.inet6_option_find\0.gnu.warning.setlogin\0.gnu_debuglink\0", 968) = 968
31461 lseek(3, 1646405, SEEK_SET)       = 1646405
31461 read(3, ".eh_frame_hdr\0", 14)    = 14
31461 lseek(3, 1648464, SEEK_SET)       = 1648464
31461 read(3, "\273\0\0\0\1\0\0\0\2\0\0\0\0\0\0\0\10\353\25\0\0\0\0\0\10\353\25\0\0\0\0\0tt\2\0\0\0\0\0\0\0\0\0\0\0\0\0\10\0\0\0\0\0\0\0\0\0\0\0\0\0\0\0", 64) = 64
31461 lseek(3, 1646419, SEEK_SET)       = 1646419
31461 read(3, ".eh_frame\0.gcc_except_table\0.tdata\0.tbss\0.init_array\0__libc_subfreeres\0__libc_atexit\0__libc_IO_vtables\0.data.rel.ro\0.dynamic\0.got\0.got.plt\0.data\0.bss\0.gnu.warning.sigstack\0.gnu.warning.sigreturn\0.gnu.warning.siggetmask\0.gnu.warning.tempnam\0.gnu.warning.tmpnam\0.gnu.warning.tmpnam_r\0.gnu.warning.gets\0.gnu.warning.pthread_attr_getstackaddr\0.gnu.warning.pthread_attr_setstackaddr\0.gnu.warning.getpw\0.gnu.warning.getwd\0.gnu.warning.revoke\0.gnu.warning.mktemp\0.gnu.warning.gtty\0.gnu.warning.stty\0.gnu.warning.chflags\0.gnu.warning.fchflags\0.gnu.warning.__compat_bdflush\0.gnu.warning.__compat_create_module\0.gnu.warning.__compat_get_kernel_syms\0.gnu.warning.__compat_query_module\0.gnu.warning.__compat_uselib\0.gnu.warning.__gets_chk\0.gnu.warning.inet6_option_space\0.gnu.warning.inet6_option_init\0.gnu.warning.inet6_option_append\0.gnu.warning.inet6_option_alloc\0.gnu.warning.inet6_option_next\0.gnu.warning.inet6_option_find\0.gnu.warning.setlogin\0.gnu_debuglink\0", 954) = 954
31461 lseek(3, 1646419, SEEK_SET)       = 1646419
31461 read(3, ".eh_frame\0", 10)        = 10
31461 lseek(3, 1648528, SEEK_SET)       = 1648528
31461 read(3, "\305\0\0\0\1\0\0\0\2\0\0\0\0\0\0\0|_\30\0\0\0\0\0|_\30\0\0\0\0\0(\5\0\0\0\0\0\0\0\0\0\0\0\0\0\0\1\0\0\0\0\0\0\0\0\0\0\0\0\0\0\0", 64) = 64
31461 lseek(3, 1646429, SEEK_SET)       = 1646429
31461 read(3, ".gcc_except_table\0.tdata\0.tbss\0.init_array\0__libc_subfreeres\0__libc_atexit\0__libc_IO_vtables\0.data.rel.ro\0.dynamic\0.got\0.got.plt\0.data\0.bss\0.gnu.warning.sigstack\0.gnu.warning.sigreturn\0.gnu.warning.siggetmask\0.gnu.warning.tempnam\0.gnu.warning.tmpnam\0.gnu.warning.tmpnam_r\0.gnu.warning.gets\0.gnu.warning.pthread_attr_getstackaddr\0.gnu.warning.pthread_attr_setstackaddr\0.gnu.warning.getpw\0.gnu.warning.getwd\0.gnu.warning.revoke\0.gnu.warning.mktemp\0.gnu.warning.gtty\0.gnu.warning.stty\0.gnu.warning.chflags\0.gnu.warning.fchflags\0.gnu.warning.__compat_bdflush\0.gnu.warning.__compat_create_module\0.gnu.warning.__compat_get_kernel_syms\0.gnu.warning.__compat_query_module\0.gnu.warning.__compat_uselib\0.gnu.warning.__gets_chk\0.gnu.warning.inet6_option_space\0.gnu.warning.inet6_option_init\0.gnu.warning.inet6_option_append\0.gnu.warning.inet6_option_alloc\0.gnu.warning.inet6_option_next\0.gnu.warning.inet6_option_find\0.gnu.warning.setlogin\0.gnu_debuglink\0", 944) = 944
31461 lseek(3, 1646429, SEEK_SET)       = 1646429
31461 read(3, ".gcc_except_table\0", 18) = 18
31461 lseek(3, 1648592, SEEK_SET)       = 1648592
31461 read(3, "\327\0\0\0\1\0\0\0\3\4\0\0\0\0\0\0\300\315\31\0\0\0\0\0\300\315\30\0\0\0\0\0\20\0\0\0\0\0\0\0\0\0\0\0\0\0\0\0\20\0\0\0\0\0\0\0\0\0\0\0\0\0\0\0", 64) = 64
31461 lseek(3, 1646447, SEEK_SET)       = 1646447
31461 read(3, ".tdata\0.tbss\0.init_array\0__libc_subfreeres\0__libc_atexit\0__libc_IO_vtables\0.data.rel.ro\0.dynamic\0.got\0.got.plt\0.data\0.bss\0.gnu.warning.sigstack\0.gnu.warning.sigreturn\0.gnu.warning.siggetmask\0.gnu.warning.tempnam\0.gnu.warning.tmpnam\0.gnu.warning.tmpnam_r\0.gnu.warning.gets\0.gnu.warning.pthread_attr_getstackaddr\0.gnu.warning.pthread_attr_setstackaddr\0.gnu.warning.getpw\0.gnu.warning.getwd\0.gnu.warning.revoke\0.gnu.warning.mktemp\0.gnu.warning.gtty\0.gnu.warning.stty\0.gnu.warning.chflags\0.gnu.warning.fchflags\0.gnu.warning.__compat_bdflush\0.gnu.warning.__compat_create_module\0.gnu.warning.__compat_get_kernel_syms\0.gnu.warning.__compat_query_module\0.gnu.warning.__compat_uselib\0.gnu.warning.__gets_chk\0.gnu.warning.inet6_option_space\0.gnu.warning.inet6_option_init\0.gnu.warning.inet6_option_append\0.gnu.warning.inet6_option_alloc\0.gnu.warning.inet6_option_next\0.gnu.warning.inet6_option_find\0.gnu.warning.setlogin\0.gnu_debuglink\0", 926) = 926
31461 lseek(3, 1646447, SEEK_SET)       = 1646447
31461 read(3, ".tdata\0", 7)            = 7
31461 lseek(3, 1648656, SEEK_SET)       = 1648656
31461 read(3, "\336\0\0\0\10\0\0\0\3\4\0\0\0\0\0\0\320\315\31\0\0\0\0\0\320\315\30\0\0\0\0\0\200\0\0\0\0\0\0\0\0\0\0\0\0\0\0\0\20\0\0\0\0\0\0\0\0\0\0\0\0\0\0\0", 64) = 64
31461 lseek(3, 1648720, SEEK_SET)       = 1648720
31461 read(3, "\344\0\0\0\16\0\0\0\3\0\0\0\0\0\0\0\320\315\31\0\0\0\0\0\320\315\30\0\0\0\0\0\30\0\0\0\0\0\0\0\0\0\0\0\0\0\0\0\10\0\0\0\0\0\0\0\10\0\0\0\0\0\0\0", 64) = 64
31461 lseek(3, 1648784, SEEK_SET)       = 1648784
31461 read(3, "\360\0\0\0\1\0\0\0\3\0 \0\0\0\0\0\350\315\31\0\0\0\0\0\350\315\30\0\0\0\0\0\350\0\0\0\0\0\0\0\0\0\0\0\0\0\0\0\10\0\0\0\0\0\0\0\0\0\0\0\0\0\0\0", 64) = 64
31461 lseek(3, 1646472, SEEK_SET)       = 1646472
31461 read(3, "__libc_subfreeres\0__libc_atexit\0__libc_IO_vtables\0.data.rel.ro\0.dynamic\0.got\0.got.plt\0.data\0.bss\0.gnu.warning.sigstack\0.gnu.warning.sigreturn\0.gnu.warning.siggetmask\0.gnu.warning.tempnam\0.gnu.warning.tmpnam\0.gnu.warning.tmpnam_r\0.gnu.warning.gets\0.gnu.warning.pthread_attr_getstackaddr\0.gnu.warning.pthread_attr_setstackaddr\0.gnu.warning.getpw\0.gnu.warning.getwd\0.gnu.warning.revoke\0.gnu.warning.mktemp\0.gnu.warning.gtty\0.gnu.warning.stty\0.gnu.warning.chflags\0.gnu.warning.fchflags\0.gnu.warning.__compat_bdflush\0.gnu.warning.__compat_create_module\0.gnu.warning.__compat_get_kernel_syms\0.gnu.warning.__compat_query_module\0.gnu.warning.__compat_uselib\0.gnu.warning.__gets_chk\0.gnu.warning.inet6_option_space\0.gnu.warning.inet6_option_init\0.gnu.warning.inet6_option_append\0.gnu.warning.inet6_option_alloc\0.gnu.warning.inet6_option_next\0.gnu.warning.inet6_option_find\0.gnu.warning.setlogin\0.gnu_debuglink\0", 901) = 901
31461 lseek(3, 1646472, SEEK_SET)       = 1646472
31461 read(3, "__libc_subfreeres\0", 18) = 18
31461 lseek(3, 1648848, SEEK_SET)       = 1648848
31461 read(3, "\2\1\0\0\1\0\0\0\3\0 \0\0\0\0\0\320\316\31\0\0\0\0\0\320\316\30\0\0\0\0\0\10\0\0\0\0\0\0\0\0\0\0\0\0\0\0\0\10\0\0\0\0\0\0\0\0\0\0\0\0\0\0\0", 64) = 64
31461 lseek(3, 1646490, SEEK_SET)       = 1646490
31461 read(3, "__libc_atexit\0__libc_IO_vtables\0.data.rel.ro\0.dynamic\0.got\0.got.plt\0.data\0.bss\0.gnu.warning.sigstack\0.gnu.warning.sigreturn\0.gnu.warning.siggetmask\0.gnu.warning.tempnam\0.gnu.warning.tmpnam\0.gnu.warning.tmpnam_r\0.gnu.warning.gets\0.gnu.warning.pthread_attr_getstackaddr\0.gnu.warning.pthread_attr_setstackaddr\0.gnu.warning.getpw\0.gnu.warning.getwd\0.gnu.warning.revoke\0.gnu.warning.mktemp\0.gnu.warning.gtty\0.gnu.warning.stty\0.gnu.warning.chflags\0.gnu.warning.fchflags\0.gnu.warning.__compat_bdflush\0.gnu.warning.__compat_create_module\0.gnu.warning.__compat_get_kernel_syms\0.gnu.warning.__compat_query_module\0.gnu.warning.__compat_uselib\0.gnu.warning.__gets_chk\0.gnu.warning.inet6_option_space\0.gnu.warning.inet6_option_init\0.gnu.warning.inet6_option_append\0.gnu.warning.inet6_option_alloc\0.gnu.warning.inet6_option_next\0.gnu.warning.inet6_option_find\0.gnu.warning.setlogin\0.gnu_debuglink\0", 883) = 883
31461 lseek(3, 1646490, SEEK_SET)       = 1646490
31461 read(3, "__libc_atexit\0", 14)    = 14
31461 lseek(3, 1648912, SEEK_SET)       = 1648912
31461 read(3, "\20\1\0\0\1\0\0\0\3\0\0\0\0\0\0\0\330\316\31\0\0\0\0\0\330\316\30\0\0\0\0\0\320\v\0\0\0\0\0\0\0\0\0\0\0\0\0\0\10\0\0\0\0\0\0\0\0\0\0\0\0\0\0\0", 64) = 64
31461 lseek(3, 1646504, SEEK_SET)       = 1646504
31461 read(3, "__libc_IO_vtables\0.data.rel.ro\0.dynamic\0.got\0.got.plt\0.data\0.bss\0.gnu.warning.sigstack\0.gnu.warning.sigreturn\0.gnu.warning.siggetmask\0.gnu.warning.tempnam\0.gnu.warning.tmpnam\0.gnu.warning.tmpnam_r\0.gnu.warning.gets\0.gnu.warning.pthread_attr_getstackaddr\0.gnu.warning.pthread_attr_setstackaddr\0.gnu.warning.getpw\0.gnu.warning.getwd\0.gnu.warning.revoke\0.gnu.warning.mktemp\0.gnu.warning.gtty\0.gnu.warning.stty\0.gnu.warning.chflags\0.gnu.warning.fchflags\0.gnu.warning.__compat_bdflush\0.gnu.warning.__compat_create_module\0.gnu.warning.__compat_get_kernel_syms\0.gnu.warning.__compat_query_module\0.gnu.warning.__compat_uselib\0.gnu.warning.__gets_chk\0.gnu.warning.inet6_option_space\0.gnu.warning.inet6_option_init\0.gnu.warning.inet6_option_append\0.gnu.warning.inet6_option_alloc\0.gnu.warning.inet6_option_next\0.gnu.warning.inet6_option_find\0.gnu.warning.setlogin\0.gnu_debuglink\0", 869) = 869
31461 lseek(3, 1646504, SEEK_SET)       = 1646504
31461 read(3, "__libc_IO_vtables\0", 18) = 18
31461 lseek(3, 1648976, SEEK_SET)       = 1648976
31461 read(3, "\"\1\0\0\1\0\0\0\3\0\0\0\0\0\0\0\260\332\31\0\0\0\0\0\260\332\30\0\0\0\0\0\0!\0\0\0\0\0\0\0\0\0\0\0\0\0\0\20\0\0\0\0\0\0\0\0\0\0\0\0\0\0\0", 64) = 64
31461 lseek(3, 1646522, SEEK_SET)       = 1646522
31461 read(3, ".data.rel.ro\0.dynamic\0.got\0.got.plt\0.data\0.bss\0.gnu.warning.sigstack\0.gnu.warning.sigreturn\0.gnu.warning.siggetmask\0.gnu.warning.tempnam\0.gnu.warning.tmpnam\0.gnu.warning.tmpnam_r\0.gnu.warning.gets\0.gnu.warning.pthread_attr_getstackaddr\0.gnu.warning.pthread_attr_setstackaddr\0.gnu.warning.getpw\0.gnu.warning.getwd\0.gnu.warning.revoke\0.gnu.warning.mktemp\0.gnu.warning.gtty\0.gnu.warning.stty\0.gnu.warning.chflags\0.gnu.warning.fchflags\0.gnu.warning.__compat_bdflush\0.gnu.warning.__compat_create_module\0.gnu.warning.__compat_get_kernel_syms\0.gnu.warning.__compat_query_module\0.gnu.warning.__compat_uselib\0.gnu.warning.__gets_chk\0.gnu.warning.inet6_option_space\0.gnu.warning.inet6_option_init\0.gnu.warning.inet6_option_append\0.gnu.warning.inet6_option_alloc\0.gnu.warning.inet6_option_next\0.gnu.warning.inet6_option_find\0.gnu.warning.setlogin\0.gnu_debuglink\0", 851) = 851
31461 lseek(3, 1646522, SEEK_SET)       = 1646522
31461 read(3, ".data.rel.ro\0", 13)     = 13
31461 lseek(3, 1649040, SEEK_SET)       = 1649040
31461 read(3, "/\1\0\0\6\0\0\0\3\0\0\0\0\0\0\0\260\373\31\0\0\0\0\0\260\373\30\0\0\0\0\0\260\1\0\0\0\0\0\0\5\0\0\0\0\0\0\0\10\0\0\0\0\0\0\0\20\0\0\0\0\0\0\0", 64) = 64
31461 lseek(3, 1649104, SEEK_SET)       = 1649104
31461 read(3, "8\1\0\0\1\0\0\0\3\0\0\0\0\0\0\0`\375\31\0\0\0\0\0`\375\30\0\0\0\0\0\210\2\0\0\0\0\0\0\0\0\0\0\0\0\0\0\10\0\0\0\0\0\0\0\10\0\0\0\0\0\0\0", 64) = 64
31461 lseek(3, 1646544, SEEK_SET)       = 1646544
31461 read(3, ".got\0.got.plt\0.data\0.bss\0.gnu.warning.sigstack\0.gnu.warning.sigreturn\0.gnu.warning.siggetmask\0.gnu.warning.tempnam\0.gnu.warning.tmpnam\0.gnu.warning.tmpnam_r\0.gnu.warning.gets\0.gnu.warning.pthread_attr_getstackaddr\0.gnu.warning.pthread_attr_setstackaddr\0.gnu.warning.getpw\0.gnu.warning.getwd\0.gnu.warning.revoke\0.gnu.warning.mktemp\0.gnu.warning.gtty\0.gnu.warning.stty\0.gnu.warning.chflags\0.gnu.warning.fchflags\0.gnu.warning.__compat_bdflush\0.gnu.warning.__compat_create_module\0.gnu.warning.__compat_get_kernel_syms\0.gnu.warning.__compat_query_module\0.gnu.warning.__compat_uselib\0.gnu.warning.__gets_chk\0.gnu.warning.inet6_option_space\0.gnu.warning.inet6_option_init\0.gnu.warning.inet6_option_append\0.gnu.warning.inet6_option_alloc\0.gnu.warning.inet6_option_next\0.gnu.warning.inet6_option_find\0.gnu.warning.setlogin\0.gnu_debuglink\0", 829) = 829
31461 lseek(3, 1646544, SEEK_SET)       = 1646544
31461 read(3, ".got\0", 5)              = 5
31461 lseek(3, 1649168, SEEK_SET)       = 1649168
31461 read(3, "=\1\0\0\1\0\0\0\3\0\0\0\0\0\0\0\350\377\31\0\0\0\0\0\350\377\30\0\0\0\0\0\260\0\0\0\0\0\0\0\0\0\0\0\0\0\0\0\10\0\0\0\0\0\0\0\10\0\0\0\0\0\0\0", 64) = 64
31461 lseek(3, 1646549, SEEK_SET)       = 1646549
31461 read(3, ".got.plt\0.data\0.bss\0.gnu.warning.sigstack\0.gnu.warning.sigreturn\0.gnu.warning.siggetmask\0.gnu.warning.tempnam\0.gnu.warning.tmpnam\0.gnu.warning.tmpnam_r\0.gnu.warning.gets\0.gnu.warning.pthread_attr_getstackaddr\0.gnu.warning.pthread_attr_setstackaddr\0.gnu.warning.getpw\0.gnu.warning.getwd\0.gnu.warning.revoke\0.gnu.warning.mktemp\0.gnu.warning.gtty\0.gnu.warning.stty\0.gnu.warning.chflags\0.gnu.warning.fchflags\0.gnu.warning.__compat_bdflush\0.gnu.warning.__compat_create_module\0.gnu.warning.__compat_get_kernel_syms\0.gnu.warning.__compat_query_module\0.gnu.warning.__compat_uselib\0.gnu.warning.__gets_chk\0.gnu.warning.inet6_option_space\0.gnu.warning.inet6_option_init\0.gnu.warning.inet6_option_append\0.gnu.warning.inet6_option_alloc\0.gnu.warning.inet6_option_next\0.gnu.warning.inet6_option_find\0.gnu.warning.setlogin\0.gnu_debuglink\0", 824) = 824
31461 lseek(3, 1646549, SEEK_SET)       = 1646549
31461 read(3, ".got.plt\0", 9)          = 9
31461 lseek(3, 1649232, SEEK_SET)       = 1649232
31461 read(3, "F\1\0\0\1\0\0\0\3\0\0\0\0\0\0\0\240\0\32\0\0\0\0\0\240\0\31\0\0\0\0\0(\26\0\0\0\0\0\0\0\0\0\0\0\0\0\0\20\0\0\0\0\0\0\0\0\0\0\0\0\0\0\0", 64) = 64
31461 lseek(3, 1646558, SEEK_SET)       = 1646558
31461 read(3, ".data\0.bss\0.gnu.warning.sigstack\0.gnu.warning.sigreturn\0.gnu.warning.siggetmask\0.gnu.warning.tempnam\0.gnu.warning.tmpnam\0.gnu.warning.tmpnam_r\0.gnu.warning.gets\0.gnu.warning.pthread_attr_getstackaddr\0.gnu.warning.pthread_attr_setstackaddr\0.gnu.warning.getpw\0.gnu.warning.getwd\0.gnu.warning.revoke\0.gnu.warning.mktemp\0.gnu.warning.gtty\0.gnu.warning.stty\0.gnu.warning.chflags\0.gnu.warning.fchflags\0.gnu.warning.__compat_bdflush\0.gnu.warning.__compat_create_module\0.gnu.warning.__compat_get_kernel_syms\0.gnu.warning.__compat_query_module\0.gnu.warning.__compat_uselib\0.gnu.warning.__gets_chk\0.gnu.warning.inet6_option_space\0.gnu.warning.inet6_option_init\0.gnu.warning.inet6_option_append\0.gnu.warning.inet6_option_alloc\0.gnu.warning.inet6_option_next\0.gnu.warning.inet6_option_find\0.gnu.warning.setlogin\0.gnu_debuglink\0", 815) = 815
31461 lseek(3, 1646558, SEEK_SET)       = 1646558
31461 read(3, ".data\0", 6)             = 6
31461 lseek(3, 1649296, SEEK_SET)       = 1649296
31461 read(3, "L\1\0\0\10\0\0\0\3\0\0\0\0\0\0\0\320\26\32\0\0\0\0\0\310\26\31\0\0\0\0\0\220\311\0\0\0\0\0\0\0\0\0\0\0\0\0\0\20\0\0\0\0\0\0\0\0\0\0\0\0\0\0\0", 64) = 64
31461 lseek(3, 1649360, SEEK_SET)       = 1649360
31461 read(3, "Q\1\0\0\1\0\0\0\0\0\0\0\0\0\0\0\0\0\0\0\0\0\0\0\310\26\31\0\0\0\0\0M\0\0\0\0\0\0\0\0\0\0\0\0\0\0\0\10\0\0\0\0\0\0\0\0\0\0\0\0\0\0\0", 64) = 64
31461 lseek(3, 1646569, SEEK_SET)       = 1646569
31461 read(3, ".gnu.warning.sigstack\0.gnu.warning.sigreturn\0.gnu.warning.siggetmask\0.gnu.warning.tempnam\0.gnu.warning.tmpnam\0.gnu.warning.tmpnam_r\0.gnu.warning.gets\0.gnu.warning.pthread_attr_getstackaddr\0.gnu.warning.pthread_attr_setstackaddr\0.gnu.warning.getpw\0.gnu.warning.getwd\0.gnu.warning.revoke\0.gnu.warning.mktemp\0.gnu.warning.gtty\0.gnu.warning.stty\0.gnu.warning.chflags\0.gnu.warning.fchflags\0.gnu.warning.__compat_bdflush\0.gnu.warning.__compat_create_module\0.gnu.warning.__compat_get_kernel_syms\0.gnu.warning.__compat_query_module\0.gnu.warning.__compat_uselib\0.gnu.warning.__gets_chk\0.gnu.warning.inet6_option_space\0.gnu.warning.inet6_option_init\0.gnu.warning.inet6_option_append\0.gnu.warning.inet6_option_alloc\0.gnu.warning.inet6_option_next\0.gnu.warning.inet6_option_find\0.gnu.warning.setlogin\0.gnu_debuglink\0", 804) = 804
31461 lseek(3, 1646569, SEEK_SET)       = 1646569
31461 read(3, ".gnu.warning.sigstack\0", 22) = 22
31461 lseek(3, 1649424, SEEK_SET)       = 1649424
31461 read(3, "g\1\0\0\1\0\0\0\0\0\0\0\0\0\0\0\0\0\0\0\0\0\0\0\30\27\31\0\0\0\0\0002\0\0\0\0\0\0\0\0\0\0\0\0\0\0\0\10\0\0\0\0\0\0\0\0\0\0\0\0\0\0\0", 64) = 64
31461 lseek(3, 1646591, SEEK_SET)       = 1646591
31461 read(3, ".gnu.warning.sigreturn\0.gnu.warning.siggetmask\0.gnu.warning.tempnam\0.gnu.warning.tmpnam\0.gnu.warning.tmpnam_r\0.gnu.warning.gets\0.gnu.warning.pthread_attr_getstackaddr\0.gnu.warning.pthread_attr_setstackaddr\0.gnu.warning.getpw\0.gnu.warning.getwd\0.gnu.warning.revoke\0.gnu.warning.mktemp\0.gnu.warning.gtty\0.gnu.warning.stty\0.gnu.warning.chflags\0.gnu.warning.fchflags\0.gnu.warning.__compat_bdflush\0.gnu.warning.__compat_create_module\0.gnu.warning.__compat_get_kernel_syms\0.gnu.warning.__compat_query_module\0.gnu.warning.__compat_uselib\0.gnu.warning.__gets_chk\0.gnu.warning.inet6_option_space\0.gnu.warning.inet6_option_init\0.gnu.warning.inet6_option_append\0.gnu.warning.inet6_option_alloc\0.gnu.warning.inet6_option_next\0.gnu.warning.inet6_option_find\0.gnu.warning.setlogin\0.gnu_debuglink\0", 782) = 782
31461 lseek(3, 1646591, SEEK_SET)       = 1646591
31461 read(3, ".gnu.warning.sigreturn\0", 23) = 23
31461 lseek(3, 1649488, SEEK_SET)       = 1649488
31461 read(3, "~\1\0\0\1\0\0\0\0\0\0\0\0\0\0\0\0\0\0\0\0\0\0\0P\27\31\0\0\0\0\09\0\0\0\0\0\0\0\0\0\0\0\0\0\0\0\10\0\0\0\0\0\0\0\0\0\0\0\0\0\0\0", 64) = 64
31461 lseek(3, 1646614, SEEK_SET)       = 1646614
31461 read(3, ".gnu.warning.siggetmask\0.gnu.warning.tempnam\0.gnu.warning.tmpnam\0.gnu.warning.tmpnam_r\0.gnu.warning.gets\0.gnu.warning.pthread_attr_getstackaddr\0.gnu.warning.pthread_attr_setstackaddr\0.gnu.warning.getpw\0.gnu.warning.getwd\0.gnu.warning.revoke\0.gnu.warning.mktemp\0.gnu.warning.gtty\0.gnu.warning.stty\0.gnu.warning.chflags\0.gnu.warning.fchflags\0.gnu.warning.__compat_bdflush\0.gnu.warning.__compat_create_module\0.gnu.warning.__compat_get_kernel_syms\0.gnu.warning.__compat_query_module\0.gnu.warning.__compat_uselib\0.gnu.warning.__gets_chk\0.gnu.warning.inet6_option_space\0.gnu.warning.inet6_option_init\0.gnu.warning.inet6_option_append\0.gnu.warning.inet6_option_alloc\0.gnu.warning.inet6_option_next\0.gnu.warning.inet6_option_find\0.gnu.warning.setlogin\0.gnu_debuglink\0", 759) = 759
31461 lseek(3, 1646614, SEEK_SET)       = 1646614
31461 read(3, ".gnu.warning.siggetmask\0", 24) = 24
31461 lseek(3, 1649552, SEEK_SET)       = 1649552
31461 read(3, "\226\1\0\0\1\0\0\0\0\0\0\0\0\0\0\0\0\0\0\0\0\0\0\0\220\27\31\0\0\0\0\08\0\0\0\0\0\0\0\0\0\0\0\0\0\0\0\10\0\0\0\0\0\0\0\0\0\0\0\0\0\0\0", 64) = 64
31461 lseek(3, 1646638, SEEK_SET)       = 1646638
31461 read(3, ".gnu.warning.tempnam\0.gnu.warning.tmpnam\0.gnu.warning.tmpnam_r\0.gnu.warning.gets\0.gnu.warning.pthread_attr_getstackaddr\0.gnu.warning.pthread_attr_setstackaddr\0.gnu.warning.getpw\0.gnu.warning.getwd\0.gnu.warning.revoke\0.gnu.warning.mktemp\0.gnu.warning.gtty\0.gnu.warning.stty\0.gnu.warning.chflags\0.gnu.warning.fchflags\0.gnu.warning.__compat_bdflush\0.gnu.warning.__compat_create_module\0.gnu.warning.__compat_get_kernel_syms\0.gnu.warning.__compat_query_module\0.gnu.warning.__compat_uselib\0.gnu.warning.__gets_chk\0.gnu.warning.inet6_option_space\0.gnu.warning.inet6_option_init\0.gnu.warning.inet6_option_append\0.gnu.warning.inet6_option_alloc\0.gnu.warning.inet6_option_next\0.gnu.warning.inet6_option_find\0.gnu.warning.setlogin\0.gnu_debuglink\0", 735) = 735
31461 lseek(3, 1646638, SEEK_SET)       = 1646638
31461 read(3, ".gnu.warning.tempnam\0", 21) = 21
31461 lseek(3, 1649616, SEEK_SET)       = 1649616
31461 read(3, "\253\1\0\0\1\0\0\0\0\0\0\0\0\0\0\0\0\0\0\0\0\0\0\0\310\27\31\0\0\0\0\0007\0\0\0\0\0\0\0\0\0\0\0\0\0\0\0\10\0\0\0\0\0\0\0\0\0\0\0\0\0\0\0", 64) = 64
31461 lseek(3, 1646659, SEEK_SET)       = 1646659
31461 read(3, ".gnu.warning.tmpnam\0.gnu.warning.tmpnam_r\0.gnu.warning.gets\0.gnu.warning.pthread_attr_getstackaddr\0.gnu.warning.pthread_attr_setstackaddr\0.gnu.warning.getpw\0.gnu.warning.getwd\0.gnu.warning.revoke\0.gnu.warning.mktemp\0.gnu.warning.gtty\0.gnu.warning.stty\0.gnu.warning.chflags\0.gnu.warning.fchflags\0.gnu.warning.__compat_bdflush\0.gnu.warning.__compat_create_module\0.gnu.warning.__compat_get_kernel_syms\0.gnu.warning.__compat_query_module\0.gnu.warning.__compat_uselib\0.gnu.warning.__gets_chk\0.gnu.warning.inet6_option_space\0.gnu.warning.inet6_option_init\0.gnu.warning.inet6_option_append\0.gnu.warning.inet6_option_alloc\0.gnu.warning.inet6_option_next\0.gnu.warning.inet6_option_find\0.gnu.warning.setlogin\0.gnu_debuglink\0", 714) = 714
31461 lseek(3, 1646659, SEEK_SET)       = 1646659
31461 read(3, ".gnu.warning.tmpnam\0", 20) = 20
31461 lseek(3, 1649680, SEEK_SET)       = 1649680
31461 read(3, "\277\1\0\0\1\0\0\0\0\0\0\0\0\0\0\0\0\0\0\0\0\0\0\0\0\30\31\0\0\0\0\09\0\0\0\0\0\0\0\0\0\0\0\0\0\0\0\10\0\0\0\0\0\0\0\0\0\0\0\0\0\0\0", 64) = 64
31461 lseek(3, 1646679, SEEK_SET)       = 1646679
31461 read(3, ".gnu.warning.tmpnam_r\0.gnu.warning.gets\0.gnu.warning.pthread_attr_getstackaddr\0.gnu.warning.pthread_attr_setstackaddr\0.gnu.warning.getpw\0.gnu.warning.getwd\0.gnu.warning.revoke\0.gnu.warning.mktemp\0.gnu.warning.gtty\0.gnu.warning.stty\0.gnu.warning.chflags\0.gnu.warning.fchflags\0.gnu.warning.__compat_bdflush\0.gnu.warning.__compat_create_module\0.gnu.warning.__compat_get_kernel_syms\0.gnu.warning.__compat_query_module\0.gnu.warning.__compat_uselib\0.gnu.warning.__gets_chk\0.gnu.warning.inet6_option_space\0.gnu.warning.inet6_option_init\0.gnu.warning.inet6_option_append\0.gnu.warning.inet6_option_alloc\0.gnu.warning.inet6_option_next\0.gnu.warning.inet6_option_find\0.gnu.warning.setlogin\0.gnu_debuglink\0", 694) = 694
31461 lseek(3, 1646679, SEEK_SET)       = 1646679
31461 read(3, ".gnu.warning.tmpnam_r\0", 22) = 22
31461 lseek(3, 1649744, SEEK_SET)       = 1649744
31461 read(3, "\325\1\0\0\1\0\0\0\0\0\0\0\0\0\0\0\0\0\0\0\0\0\0\0@\30\31\0\0\0\0\09\0\0\0\0\0\0\0\0\0\0\0\0\0\0\0\10\0\0\0\0\0\0\0\0\0\0\0\0\0\0\0", 64) = 64
31461 lseek(3, 1646701, SEEK_SET)       = 1646701
31461 read(3, ".gnu.warning.gets\0.gnu.warning.pthread_attr_getstackaddr\0.gnu.warning.pthread_attr_setstackaddr\0.gnu.warning.getpw\0.gnu.warning.getwd\0.gnu.warning.revoke\0.gnu.warning.mktemp\0.gnu.warning.gtty\0.gnu.warning.stty\0.gnu.warning.chflags\0.gnu.warning.fchflags\0.gnu.warning.__compat_bdflush\0.gnu.warning.__compat_create_module\0.gnu.warning.__compat_get_kernel_syms\0.gnu.warning.__compat_query_module\0.gnu.warning.__compat_uselib\0.gnu.warning.__gets_chk\0.gnu.warning.inet6_option_space\0.gnu.warning.inet6_option_init\0.gnu.warning.inet6_option_append\0.gnu.warning.inet6_option_alloc\0.gnu.warning.inet6_option_next\0.gnu.warning.inet6_option_find\0.gnu.warning.setlogin\0.gnu_debuglink\0", 672) = 672
31461 lseek(3, 1646701, SEEK_SET)       = 1646701
31461 read(3, ".gnu.warning.gets\0", 18) = 18
31461 lseek(3, 1649808, SEEK_SET)       = 1649808
31461 read(3, "\347\1\0\0\1\0\0\0\0\0\0\0\0\0\0\0\0\0\0\0\0\0\0\0\200\30\31\0\0\0\0\0R\0\0\0\0\0\0\0\0\0\0\0\0\0\0\0\10\0\0\0\0\0\0\0\0\0\0\0\0\0\0\0", 64) = 64
31461 lseek(3, 1646719, SEEK_SET)       = 1646719
31461 read(3, ".gnu.warning.pthread_attr_getstackaddr\0.gnu.warning.pthread_attr_setstackaddr\0.gnu.warning.getpw\0.gnu.warning.getwd\0.gnu.warning.revoke\0.gnu.warning.mktemp\0.gnu.warning.gtty\0.gnu.warning.stty\0.gnu.warning.chflags\0.gnu.warning.fchflags\0.gnu.warning.__compat_bdflush\0.gnu.warning.__compat_create_module\0.gnu.warning.__compat_get_kernel_syms\0.gnu.warning.__compat_query_module\0.gnu.warning.__compat_uselib\0.gnu.warning.__gets_chk\0.gnu.warning.inet6_option_space\0.gnu.warning.inet6_option_init\0.gnu.warning.inet6_option_append\0.gnu.warning.inet6_option_alloc\0.gnu.warning.inet6_option_next\0.gnu.warning.inet6_option_find\0.gnu.warning.setlogin\0.gnu_debuglink\0", 654) = 654
31461 lseek(3, 1646719, SEEK_SET)       = 1646719
31461 read(3, ".gnu.warning.pthread_attr_getstackaddr\0", 39) = 39
31461 lseek(3, 1649872, SEEK_SET)       = 1649872
31461 read(3, "\16\2\0\0\1\0\0\0\0\0\0\0\0\0\0\0\0\0\0\0\0\0\0\0\330\30\31\0\0\0\0\0R\0\0\0\0\0\0\0\0\0\0\0\0\0\0\0\10\0\0\0\0\0\0\0\0\0\0\0\0\0\0\0", 64) = 64
31461 lseek(3, 1646758, SEEK_SET)       = 1646758
31461 read(3, ".gnu.warning.pthread_attr_setstackaddr\0.gnu.warning.getpw\0.gnu.warning.getwd\0.gnu.warning.revoke\0.gnu.warning.mktemp\0.gnu.warning.gtty\0.gnu.warning.stty\0.gnu.warning.chflags\0.gnu.warning.fchflags\0.gnu.warning.__compat_bdflush\0.gnu.warning.__compat_create_module\0.gnu.warning.__compat_get_kernel_syms\0.gnu.warning.__compat_query_module\0.gnu.warning.__compat_uselib\0.gnu.warning.__gets_chk\0.gnu.warning.inet6_option_space\0.gnu.warning.inet6_option_init\0.gnu.warning.inet6_option_append\0.gnu.warning.inet6_option_alloc\0.gnu.warning.inet6_option_next\0.gnu.warning.inet6_option_find\0.gnu.warning.setlogin\0.gnu_debuglink\0", 615) = 615
31461 lseek(3, 1646758, SEEK_SET)       = 1646758
31461 read(3, ".gnu.warning.pthread_attr_setstackaddr\0", 39) = 39
31461 lseek(3, 1649936, SEEK_SET)       = 1649936
31461 read(3, "5\2\0\0\1\0\0\0\0\0\0\0\0\0\0\0\0\0\0\0\0\0\0\0000\31\31\0\0\0\0\0:\0\0\0\0\0\0\0\0\0\0\0\0\0\0\0\10\0\0\0\0\0\0\0\0\0\0\0\0\0\0\0", 64) = 64
31461 lseek(3, 1646797, SEEK_SET)       = 1646797
31461 read(3, ".gnu.warning.getpw\0.gnu.warning.getwd\0.gnu.warning.revoke\0.gnu.warning.mktemp\0.gnu.warning.gtty\0.gnu.warning.stty\0.gnu.warning.chflags\0.gnu.warning.fchflags\0.gnu.warning.__compat_bdflush\0.gnu.warning.__compat_create_module\0.gnu.warning.__compat_get_kernel_syms\0.gnu.warning.__compat_query_module\0.gnu.warning.__compat_uselib\0.gnu.warning.__gets_chk\0.gnu.warning.inet6_option_space\0.gnu.warning.inet6_option_init\0.gnu.warning.inet6_option_append\0.gnu.warning.inet6_option_alloc\0.gnu.warning.inet6_option_next\0.gnu.warning.inet6_option_find\0.gnu.warning.setlogin\0.gnu_debuglink\0", 576) = 576
31461 lseek(3, 1646797, SEEK_SET)       = 1646797
31461 read(3, ".gnu.warning.getpw\0", 19) = 19
31461 lseek(3, 1650000, SEEK_SET)       = 1650000
31461 read(3, "H\2\0\0\1\0\0\0\0\0\0\0\0\0\0\0\0\0\0\0\0\0\0\0p\31\31\0\0\0\0\0z\0\0\0\0\0\0\0\0\0\0\0\0\0\0\0\10\0\0\0\0\0\0\0\0\0\0\0\0\0\0\0", 64) = 64
31461 lseek(3, 1646816, SEEK_SET)       = 1646816
31461 read(3, ".gnu.warning.getwd\0.gnu.warning.revoke\0.gnu.warning.mktemp\0.gnu.warning.gtty\0.gnu.warning.stty\0.gnu.warning.chflags\0.gnu.warning.fchflags\0.gnu.warning.__compat_bdflush\0.gnu.warning.__compat_create_module\0.gnu.warning.__compat_get_kernel_syms\0.gnu.warning.__compat_query_module\0.gnu.warning.__compat_uselib\0.gnu.warning.__gets_chk\0.gnu.warning.inet6_option_space\0.gnu.warning.inet6_option_init\0.gnu.warning.inet6_option_append\0.gnu.warning.inet6_option_alloc\0.gnu.warning.inet6_option_next\0.gnu.warning.inet6_option_find\0.gnu.warning.setlogin\0.gnu_debuglink\0", 557) = 557
31461 lseek(3, 1646816, SEEK_SET)       = 1646816
31461 read(3, ".gnu.warning.getwd\0", 19) = 19
31461 lseek(3, 1650064, SEEK_SET)       = 1650064
31461 read(3, "[\2\0\0\1\0\0\0\0\0\0\0\0\0\0\0\0\0\0\0\0\0\0\0\360\31\31\0\0\0\0\0/\0\0\0\0\0\0\0\0\0\0\0\0\0\0\0\10\0\0\0\0\0\0\0\0\0\0\0\0\0\0\0", 64) = 64
31461 lseek(3, 1646835, SEEK_SET)       = 1646835
31461 read(3, ".gnu.warning.revoke\0.gnu.warning.mktemp\0.gnu.warning.gtty\0.gnu.warning.stty\0.gnu.warning.chflags\0.gnu.warning.fchflags\0.gnu.warning.__compat_bdflush\0.gnu.warning.__compat_create_module\0.gnu.warning.__compat_get_kernel_syms\0.gnu.warning.__compat_query_module\0.gnu.warning.__compat_uselib\0.gnu.warning.__gets_chk\0.gnu.warning.inet6_option_space\0.gnu.warning.inet6_option_init\0.gnu.warning.inet6_option_append\0.gnu.warning.inet6_option_alloc\0.gnu.warning.inet6_option_next\0.gnu.warning.inet6_option_find\0.gnu.warning.setlogin\0.gnu_debuglink\0", 538) = 538
31461 lseek(3, 1646835, SEEK_SET)       = 1646835
31461 read(3, ".gnu.warning.revoke\0", 20) = 20
31461 lseek(3, 1650128, SEEK_SET)       = 1650128
31461 read(3, "o\2\0\0\1\0\0\0\0\0\0\0\0\0\0\0\0\0\0\0\0\0\0\0 \32\31\0\0\0\0\0D\0\0\0\0\0\0\0\0\0\0\0\0\0\0\0\10\0\0\0\0\0\0\0\0\0\0\0\0\0\0\0", 64) = 64
31461 lseek(3, 1646855, SEEK_SET)       = 1646855
31461 read(3, ".gnu.warning.mktemp\0.gnu.warning.gtty\0.gnu.warning.stty\0.gnu.warning.chflags\0.gnu.warning.fchflags\0.gnu.warning.__compat_bdflush\0.gnu.warning.__compat_create_module\0.gnu.warning.__compat_get_kernel_syms\0.gnu.warning.__compat_query_module\0.gnu.warning.__compat_uselib\0.gnu.warning.__gets_chk\0.gnu.warning.inet6_option_space\0.gnu.warning.inet6_option_init\0.gnu.warning.inet6_option_append\0.gnu.warning.inet6_option_alloc\0.gnu.warning.inet6_option_next\0.gnu.warning.inet6_option_find\0.gnu.warning.setlogin\0.gnu_debuglink\0", 518) = 518
31461 lseek(3, 1646855, SEEK_SET)       = 1646855
31461 read(3, ".gnu.warning.mktemp\0", 20) = 20
31461 lseek(3, 1650192, SEEK_SET)       = 1650192
31461 read(3, "\203\2\0\0\1\0\0\0\0\0\0\0\0\0\0\0\0\0\0\0\0\0\0\0h\32\31\0\0\0\0\0-\0\0\0\0\0\0\0\0\0\0\0\0\0\0\0\10\0\0\0\0\0\0\0\0\0\0\0\0\0\0\0", 64) = 64
31461 lseek(3, 1646875, SEEK_SET)       = 1646875
31461 read(3, ".gnu.warning.gtty\0.gnu.warning.stty\0.gnu.warning.chflags\0.gnu.warning.fchflags\0.gnu.warning.__compat_bdflush\0.gnu.warning.__compat_create_module\0.gnu.warning.__compat_get_kernel_syms\0.gnu.warning.__compat_query_module\0.gnu.warning.__compat_uselib\0.gnu.warning.__gets_chk\0.gnu.warning.inet6_option_space\0.gnu.warning.inet6_option_init\0.gnu.warning.inet6_option_append\0.gnu.warning.inet6_option_alloc\0.gnu.warning.inet6_option_next\0.gnu.warning.inet6_option_find\0.gnu.warning.setlogin\0.gnu_debuglink\0", 498) = 498
31461 lseek(3, 1646875, SEEK_SET)       = 1646875
31461 read(3, ".gnu.warning.gtty\0", 18) = 18
31461 lseek(3, 1650256, SEEK_SET)       = 1650256
31461 read(3, "\225\2\0\0\1\0\0\0\0\0\0\0\0\0\0\0\0\0\0\0\0\0\0\0\230\32\31\0\0\0\0\0-\0\0\0\0\0\0\0\0\0\0\0\0\0\0\0\10\0\0\0\0\0\0\0\0\0\0\0\0\0\0\0", 64) = 64
31461 lseek(3, 1646893, SEEK_SET)       = 1646893
31461 read(3, ".gnu.warning.stty\0.gnu.warning.chflags\0.gnu.warning.fchflags\0.gnu.warning.__compat_bdflush\0.gnu.warning.__compat_create_module\0.gnu.warning.__compat_get_kernel_syms\0.gnu.warning.__compat_query_module\0.gnu.warning.__compat_uselib\0.gnu.warning.__gets_chk\0.gnu.warning.inet6_option_space\0.gnu.warning.inet6_option_init\0.gnu.warning.inet6_option_append\0.gnu.warning.inet6_option_alloc\0.gnu.warning.inet6_option_next\0.gnu.warning.inet6_option_find\0.gnu.warning.setlogin\0.gnu_debuglink\0", 480) = 480
31461 lseek(3, 1646893, SEEK_SET)       = 1646893
31461 read(3, ".gnu.warning.stty\0", 18) = 18
31461 lseek(3, 1650320, SEEK_SET)       = 1650320
31461 read(3, "\247\2\0\0\1\0\0\0\0\0\0\0\0\0\0\0\0\0\0\0\0\0\0\0\310\32\31\0\0\0\0\0000\0\0\0\0\0\0\0\0\0\0\0\0\0\0\0\10\0\0\0\0\0\0\0\0\0\0\0\0\0\0\0", 64) = 64
31461 lseek(3, 1646911, SEEK_SET)       = 1646911
31461 read(3, ".gnu.warning.chflags\0.gnu.warning.fchflags\0.gnu.warning.__compat_bdflush\0.gnu.warning.__compat_create_module\0.gnu.warning.__compat_get_kernel_syms\0.gnu.warning.__compat_query_module\0.gnu.warning.__compat_uselib\0.gnu.warning.__gets_chk\0.gnu.warning.inet6_option_space\0.gnu.warning.inet6_option_init\0.gnu.warning.inet6_option_append\0.gnu.warning.inet6_option_alloc\0.gnu.warning.inet6_option_next\0.gnu.warning.inet6_option_find\0.gnu.warning.setlogin\0.gnu_debuglink\0", 462) = 462
31461 lseek(3, 1646911, SEEK_SET)       = 1646911
31461 read(3, ".gnu.warning.chflags\0", 21) = 21
31461 lseek(3, 1650384, SEEK_SET)       = 1650384
31461 read(3, "\274\2\0\0\1\0\0\0\0\0\0\0\0\0\0\0\0\0\0\0\0\0\0\0\370\32\31\0\0\0\0\0001\0\0\0\0\0\0\0\0\0\0\0\0\0\0\0\10\0\0\0\0\0\0\0\0\0\0\0\0\0\0\0", 64) = 64
31461 lseek(3, 1646932, SEEK_SET)       = 1646932
31461 read(3, ".gnu.warning.fchflags\0.gnu.warning.__compat_bdflush\0.gnu.warning.__compat_create_module\0.gnu.warning.__compat_get_kernel_syms\0.gnu.warning.__compat_query_module\0.gnu.warning.__compat_uselib\0.gnu.warning.__gets_chk\0.gnu.warning.inet6_option_space\0.gnu.warning.inet6_option_init\0.gnu.warning.inet6_option_append\0.gnu.warning.inet6_option_alloc\0.gnu.warning.inet6_option_next\0.gnu.warning.inet6_option_find\0.gnu.warning.setlogin\0.gnu_debuglink\0", 441) = 441
31461 lseek(3, 1646932, SEEK_SET)       = 1646932
31461 read(3, ".gnu.warning.fchflags\0", 22) = 22
31461 lseek(3, 1650448, SEEK_SET)       = 1650448
31461 read(3, "\322\2\0\0\1\0\0\0\0\0\0\0\0\0\0\0\0\0\0\0\0\0\0\0000\33\31\0\0\0\0\09\0\0\0\0\0\0\0\0\0\0\0\0\0\0\0\10\0\0\0\0\0\0\0\0\0\0\0\0\0\0\0", 64) = 64
31461 lseek(3, 1646954, SEEK_SET)       = 1646954
31461 read(3, ".gnu.warning.__compat_bdflush\0.gnu.warning.__compat_create_module\0.gnu.warning.__compat_get_kernel_syms\0.gnu.warning.__compat_query_module\0.gnu.warning.__compat_uselib\0.gnu.warning.__gets_chk\0.gnu.warning.inet6_option_space\0.gnu.warning.inet6_option_init\0.gnu.warning.inet6_option_append\0.gnu.warning.inet6_option_alloc\0.gnu.warning.inet6_option_next\0.gnu.warning.inet6_option_find\0.gnu.warning.setlogin\0.gnu_debuglink\0", 419) = 419
31461 lseek(3, 1646954, SEEK_SET)       = 1646954
31461 read(3, ".gnu.warning.__compat_bdflush\0", 30) = 30
31461 lseek(3, 1650512, SEEK_SET)       = 1650512
31461 read(3, "\360\2\0\0\1\0\0\0\0\0\0\0\0\0\0\0\0\0\0\0\0\0\0\0p\33\31\0\0\0\0\0?\0\0\0\0\0\0\0\0\0\0\0\0\0\0\0\10\0\0\0\0\0\0\0\0\0\0\0\0\0\0\0", 64) = 64
31461 lseek(3, 1646984, SEEK_SET)       = 1646984
31461 read(3, ".gnu.warning.__compat_create_module\0.gnu.warning.__compat_get_kernel_syms\0.gnu.warning.__compat_query_module\0.gnu.warning.__compat_uselib\0.gnu.warning.__gets_chk\0.gnu.warning.inet6_option_space\0.gnu.warning.inet6_option_init\0.gnu.warning.inet6_option_append\0.gnu.warning.inet6_option_alloc\0.gnu.warning.inet6_option_next\0.gnu.warning.inet6_option_find\0.gnu.warning.setlogin\0.gnu_debuglink\0", 389) = 389
31461 lseek(3, 1646984, SEEK_SET)       = 1646984
31461 read(3, ".gnu.warning.__compat_create_module\0", 36) = 36
31461 lseek(3, 1650576, SEEK_SET)       = 1650576
31461 read(3, "\24\3\0\0\1\0\0\0\0\0\0\0\0\0\0\0\0\0\0\0\0\0\0\0\260\33\31\0\0\0\0\0A\0\0\0\0\0\0\0\0\0\0\0\0\0\0\0\10\0\0\0\0\0\0\0\0\0\0\0\0\0\0\0", 64) = 64
31461 lseek(3, 1647020, SEEK_SET)       = 1647020
31461 read(3, ".gnu.warning.__compat_get_kernel_syms\0.gnu.warning.__compat_query_module\0.gnu.warning.__compat_uselib\0.gnu.warning.__gets_chk\0.gnu.warning.inet6_option_space\0.gnu.warning.inet6_option_init\0.gnu.warning.inet6_option_append\0.gnu.warning.inet6_option_alloc\0.gnu.warning.inet6_option_next\0.gnu.warning.inet6_option_find\0.gnu.warning.setlogin\0.gnu_debuglink\0", 353) = 353
31461 lseek(3, 1647020, SEEK_SET)       = 1647020
31461 read(3, ".gnu.warning.__compat_get_kernel_syms\0", 38) = 38
31461 lseek(3, 1650640, SEEK_SET)       = 1650640
31461 read(3, ":\3\0\0\1\0\0\0\0\0\0\0\0\0\0\0\0\0\0\0\0\0\0\0\370\33\31\0\0\0\0\0>\0\0\0\0\0\0\0\0\0\0\0\0\0\0\0\10\0\0\0\0\0\0\0\0\0\0\0\0\0\0\0", 64) = 64
31461 lseek(3, 1647058, SEEK_SET)       = 1647058
31461 read(3, ".gnu.warning.__compat_query_module\0.gnu.warning.__compat_uselib\0.gnu.warning.__gets_chk\0.gnu.warning.inet6_option_space\0.gnu.warning.inet6_option_init\0.gnu.warning.inet6_option_append\0.gnu.warning.inet6_option_alloc\0.gnu.warning.inet6_option_next\0.gnu.warning.inet6_option_find\0.gnu.warning.setlogin\0.gnu_debuglink\0", 315) = 315
31461 lseek(3, 1647058, SEEK_SET)       = 1647058
31461 read(3, ".gnu.warning.__compat_query_module\0", 35) = 35
31461 lseek(3, 1650704, SEEK_SET)       = 1650704
31461 read(3, "]\3\0\0\1\0\0\0\0\0\0\0\0\0\0\0\0\0\0\0\0\0\0\08\34\31\0\0\0\0\08\0\0\0\0\0\0\0\0\0\0\0\0\0\0\0\10\0\0\0\0\0\0\0\0\0\0\0\0\0\0\0", 64) = 64
31461 lseek(3, 1647093, SEEK_SET)       = 1647093
31461 read(3, ".gnu.warning.__compat_uselib\0.gnu.warning.__gets_chk\0.gnu.warning.inet6_option_space\0.gnu.warning.inet6_option_init\0.gnu.warning.inet6_option_append\0.gnu.warning.inet6_option_alloc\0.gnu.warning.inet6_option_next\0.gnu.warning.inet6_option_find\0.gnu.warning.setlogin\0.gnu_debuglink\0", 280) = 280
31461 lseek(3, 1647093, SEEK_SET)       = 1647093
31461 read(3, ".gnu.warning.__compat_uselib\0", 29) = 29
31461 lseek(3, 1650768, SEEK_SET)       = 1650768
31461 read(3, "z\3\0\0\1\0\0\0\0\0\0\0\0\0\0\0\0\0\0\0\0\0\0\0p\34\31\0\0\0\0\09\0\0\0\0\0\0\0\0\0\0\0\0\0\0\0\10\0\0\0\0\0\0\0\0\0\0\0\0\0\0\0", 64) = 64
31461 lseek(3, 1647122, SEEK_SET)       = 1647122
31461 read(3, ".gnu.warning.__gets_chk\0.gnu.warning.inet6_option_space\0.gnu.warning.inet6_option_init\0.gnu.warning.inet6_option_append\0.gnu.warning.inet6_option_alloc\0.gnu.warning.inet6_option_next\0.gnu.warning.inet6_option_find\0.gnu.warning.setlogin\0.gnu_debuglink\0", 251) = 251
31461 lseek(3, 1647122, SEEK_SET)       = 1647122
31461 read(3, ".gnu.warning.__gets_chk\0", 24) = 24
31461 lseek(3, 1650832, SEEK_SET)       = 1650832
31461 read(3, "\222\3\0\0\1\0\0\0\0\0\0\0\0\0\0\0\0\0\0\0\0\0\0\0\260\34\31\0\0\0\0\0<\0\0\0\0\0\0\0\0\0\0\0\0\0\0\0\10\0\0\0\0\0\0\0\0\0\0\0\0\0\0\0", 64) = 64
31461 lseek(3, 1647146, SEEK_SET)       = 1647146
31461 read(3, ".gnu.warning.inet6_option_space\0.gnu.warning.inet6_option_init\0.gnu.warning.inet6_option_append\0.gnu.warning.inet6_option_alloc\0.gnu.warning.inet6_option_next\0.gnu.warning.inet6_option_find\0.gnu.warning.setlogin\0.gnu_debuglink\0", 227) = 227
31461 lseek(3, 1647146, SEEK_SET)       = 1647146
31461 read(3, ".gnu.warning.inet6_option_space\0", 32) = 32
31461 lseek(3, 1650896, SEEK_SET)       = 1650896
31461 read(3, "\262\3\0\0\1\0\0\0\0\0\0\0\0\0\0\0\0\0\0\0\0\0\0\0\360\34\31\0\0\0\0\0;\0\0\0\0\0\0\0\0\0\0\0\0\0\0\0\10\0\0\0\0\0\0\0\0\0\0\0\0\0\0\0", 64) = 64
31461 lseek(3, 1647178, SEEK_SET)       = 1647178
31461 read(3, ".gnu.warning.inet6_option_init\0.gnu.warning.inet6_option_append\0.gnu.warning.inet6_option_alloc\0.gnu.warning.inet6_option_next\0.gnu.warning.inet6_option_find\0.gnu.warning.setlogin\0.gnu_debuglink\0", 195) = 195
31461 lseek(3, 1647178, SEEK_SET)       = 1647178
31461 read(3, ".gnu.warning.inet6_option_init\0", 31) = 31
31461 lseek(3, 1650960, SEEK_SET)       = 1650960
31461 read(3, "\321\3\0\0\1\0\0\0\0\0\0\0\0\0\0\0\0\0\0\0\0\0\0\0000\35\31\0\0\0\0\0=\0\0\0\0\0\0\0\0\0\0\0\0\0\0\0\10\0\0\0\0\0\0\0\0\0\0\0\0\0\0\0", 64) = 64
31461 lseek(3, 1647209, SEEK_SET)       = 1647209
31461 read(3, ".gnu.warning.inet6_option_append\0.gnu.warning.inet6_option_alloc\0.gnu.warning.inet6_option_next\0.gnu.warning.inet6_option_find\0.gnu.warning.setlogin\0.gnu_debuglink\0", 164) = 164
31461 lseek(3, 1647209, SEEK_SET)       = 1647209
31461 read(3, ".gnu.warning.inet6_option_append\0", 33) = 33
31461 lseek(3, 1651024, SEEK_SET)       = 1651024
31461 read(3, "\362\3\0\0\1\0\0\0\0\0\0\0\0\0\0\0\0\0\0\0\0\0\0\0p\35\31\0\0\0\0\0<\0\0\0\0\0\0\0\0\0\0\0\0\0\0\0\10\0\0\0\0\0\0\0\0\0\0\0\0\0\0\0", 64) = 64
31461 lseek(3, 1647242, SEEK_SET)       = 1647242
31461 read(3, ".gnu.warning.inet6_option_alloc\0.gnu.warning.inet6_option_next\0.gnu.warning.inet6_option_find\0.gnu.warning.setlogin\0.gnu_debuglink\0", 131) = 131
31461 lseek(3, 1647242, SEEK_SET)       = 1647242
31461 read(3, ".gnu.warning.inet6_option_alloc\0", 32) = 32
31461 lseek(3, 1651088, SEEK_SET)       = 1651088
31461 read(3, "\22\4\0\0\1\0\0\0\0\0\0\0\0\0\0\0\0\0\0\0\0\0\0\0\260\35\31\0\0\0\0\0;\0\0\0\0\0\0\0\0\0\0\0\0\0\0\0\10\0\0\0\0\0\0\0\0\0\0\0\0\0\0\0", 64) = 64
31461 lseek(3, 1647274, SEEK_SET)       = 1647274
31461 read(3, ".gnu.warning.inet6_option_next\0.gnu.warning.inet6_option_find\0.gnu.warning.setlogin\0.gnu_debuglink\0", 99) = 99
31461 lseek(3, 1647274, SEEK_SET)       = 1647274
31461 read(3, ".gnu.warning.inet6_option_next\0", 31) = 31
31461 lseek(3, 1651152, SEEK_SET)       = 1651152
31461 read(3, "1\4\0\0\1\0\0\0\0\0\0\0\0\0\0\0\0\0\0\0\0\0\0\0\360\35\31\0\0\0\0\0;\0\0\0\0\0\0\0\0\0\0\0\0\0\0\0\10\0\0\0\0\0\0\0\0\0\0\0\0\0\0\0", 64) = 64
31461 lseek(3, 1647305, SEEK_SET)       = 1647305
31461 read(3, ".gnu.warning.inet6_option_find\0.gnu.warning.setlogin\0.gnu_debuglink\0", 68) = 68
31461 lseek(3, 1647305, SEEK_SET)       = 1647305
31461 read(3, ".gnu.warning.inet6_option_find\0", 31) = 31
31461 lseek(3, 1651216, SEEK_SET)       = 1651216
31461 read(3, "P\4\0\0\1\0\0\0\0\0\0\0\0\0\0\0\0\0\0\0\0\0\0\0000\36\31\0\0\0\0\0001\0\0\0\0\0\0\0\0\0\0\0\0\0\0\0\10\0\0\0\0\0\0\0\0\0\0\0\0\0\0\0", 64) = 64
31461 lseek(3, 1647336, SEEK_SET)       = 1647336
31461 read(3, ".gnu.warning.setlogin\0.gnu_debuglink\0", 37) = 37
31461 lseek(3, 1647336, SEEK_SET)       = 1647336
31461 read(3, ".gnu.warning.setlogin\0", 22) = 22
31461 lseek(3, 1651280, SEEK_SET)       = 1651280
31461 read(3, "f\4\0\0\1\0\0\0\0\0\0\0\0\0\0\0\0\0\0\0\0\0\0\0d\36\31\0\0\0\0\0004\0\0\0\0\0\0\0\0\0\0\0\0\0\0\0\4\0\0\0\0\0\0\0\0\0\0\0\0\0\0\0", 64) = 64
31461 lseek(3, 1647358, SEEK_SET)       = 1647358
31461 read(3, ".gnu_debuglink\0", 15)   = 15
31461 lseek(3, 1647358, SEEK_SET)       = 1647358
31461 read(3, ".gnu_debuglink\0", 15)   = 15
31461 lseek(3, 1646180, SEEK_SET)       = 1646180
31461 read(3, "ef4210810158addf23a64cf5fa8a36f3e0afc6.debug\0\0\0\0", 48) = 48
31461 read(3, "\30\31\213\252", 4)      = 4
31461 rt_sigprocmask(SIG_SETMASK, ~[RTMIN RT_1], [], 8) = 0
31461 rt_sigprocmask(SIG_SETMASK, [], NULL, 8) = 0
31461 close(3)                          = 0
31461 rt_sigprocmask(SIG_SETMASK, ~[RTMIN RT_1], [], 8) = 0
31461 rt_sigprocmask(SIG_SETMASK, [], NULL, 8) = 0
31461 readlinkat(AT_FDCWD, "/lib", "usr/lib", 1023) = 7
31461 readlinkat(AT_FDCWD, "/usr", 0x7fc472b6c0, 1023) = -1 EINVAL (Invalid argument)
31461 readlinkat(AT_FDCWD, "/usr/lib", 0x7fc472b6c0, 1023) = -1 EINVAL (Invalid argument)
31461 readlinkat(AT_FDCWD, "/usr/lib/ld-linux-aarch64.so.1", "aarch64-linux-gnu/ld-linux-aarch64.so.1", 1023) = 39
31461 readlinkat(AT_FDCWD, "/usr/lib/aarch64-linux-gnu", 0x7fc472b6c0, 1023) = -1 EINVAL (Invalid argument)
31461 readlinkat(AT_FDCWD, "/usr/lib/aarch64-linux-gnu/ld-linux-aarch64.so.1", 0x7fc472b6c0, 1023) = -1 EINVAL (Invalid argument)
31461 rt_sigprocmask(SIG_SETMASK, ~[RTMIN RT_1], [], 8) = 0
31461 rt_sigprocmask(SIG_SETMASK, [], NULL, 8) = 0
31461 openat(AT_FDCWD, "/usr/lib/aarch64-linux-gnu/ld-linux-aarch64.so.1", O_RDONLY|O_CLOEXEC) = 3
31461 rt_sigprocmask(SIG_SETMASK, ~[RTMIN RT_1], [], 8) = 0
31461 rt_sigprocmask(SIG_SETMASK, [], NULL, 8) = 0
31461 read(3, "\177ELF\2\1\1\0\0\0\0\0\0\0\0\0", 16) = 16
31461 lseek(3, 0, SEEK_SET)             = 0
31461 read(3, "\177ELF\2\1\1\0\0\0\0\0\0\0\0\0\3\0\267\0\1\0\0\0\200\253\1\0\0\0\0\0@\0\0\0\0\0\0\0\340\22\3\0\0\0\0\0\0\0\0\0@\08\0\7\0@\0\27\0\26\0", 64) = 64
31461 lseek(3, 202848, SEEK_SET)        = 202848
31461 read(3, "\1\0\0\0\3\0\0\0\0\0\0\0\0\0\0\0\0\0\0\0\0\0\0\0\4\22\3\0\0\0\0\0\330\0\0\0\0\0\0\0\0\0\0\0\0\0\0\0\1\0\0\0\0\0\0\0\0\0\0\0\0\0\0\0", 64) = 64
31461 lseek(3, 64, SEEK_SET)            = 64
31461 read(3, "\1\0\0\0\5\0\0\0\0\0\0\0\0\0\0\0\0\0\0\0\0\0\0\0\0\0\0\0\0\0\0\0$h\2\0\0\0\0\0$h\2\0\0\0\0\0\0\0\1\0\0\0\0\0", 56) = 56
31461 lseek(3, 120, SEEK_SET)           = 120
31461 read(3, "\1\0\0\0\6\0\0\0\360\354\2\0\0\0\0\0\360\354\3\0\0\0\0\0\360\354\3\0\0\0\0\0\340$\0\0\0\0\0\0\210&\0\0\0\0\0\0\0\0\1\0\0\0\0\0", 56) = 56
31461 lseek(3, 176, SEEK_SET)           = 176
31461 read(3, "\2\0\0\0\6\0\0\0@\376\2\0\0\0\0\0@\376\3\0\0\0\0\0@\376\3\0\0\0\0\0\200\1\0\0\0\0\0\0\200\1\0\0\0\0\0\0\10\0\0\0\0\0\0\0", 56) = 56
31461 lseek(3, 232, SEEK_SET)           = 232
31461 read(3, "\4\0\0\0\4\0\0\0\310\1\0\0\0\0\0\0\310\1\0\0\0\0\0\0\310\1\0\0\0\0\0\0$\0\0\0\0\0\0\0$\0\0\0\0\0\0\0\4\0\0\0\0\0\0\0", 56) = 56
31461 lseek(3, 288, SEEK_SET)           = 288
31461 read(3, "P\345td\4\0\0\0p*\2\0\0\0\0\0p*\2\0\0\0\0\0p*\2\0\0\0\0\0\364\10\0\0\0\0\0\0\364\10\0\0\0\0\0\0\4\0\0\0\0\0\0\0", 56) = 56
31461 lseek(3, 344, SEEK_SET)           = 344
31461 read(3, "Q\345td\6\0\0\0\0\0\0\0\0\0\0\0\0\0\0\0\0\0\0\0\0\0\0\0\0\0\0\0\0\0\0\0\0\0\0\0\0\0\0\0\0\0\0\0\20\0\0\0\0\0\0\0", 56) = 56
31461 lseek(3, 400, SEEK_SET)           = 400
31461 read(3, "R\345td\4\0\0\0\360\354\2\0\0\0\0\0\360\354\3\0\0\0\0\0\360\354\3\0\0\0\0\0\20\23\0\0\0\0\0\0\20\23\0\0\0\0\0\0\1\0\0\0\0\0\0\0", 56) = 56
31461 lseek(3, 64, SEEK_SET)            = 64
31461 read(3, "\1\0\0\0\5\0\0\0\0\0\0\0\0\0\0\0\0\0\0\0\0\0\0\0\0\0\0\0\0\0\0\0$h\2\0\0\0\0\0$h\2\0\0\0\0\0\0\0\1\0\0\0\0\0", 56) = 56
31461 lseek(3, 120, SEEK_SET)           = 120
31461 read(3, "\1\0\0\0\6\0\0\0\360\354\2\0\0\0\0\0\360\354\3\0\0\0\0\0\360\354\3\0\0\0\0\0\340$\0\0\0\0\0\0\210&\0\0\0\0\0\0\0\0\1\0\0\0\0\0", 56) = 56
31461 lseek(3, 176, SEEK_SET)           = 176
31461 read(3, "\2\0\0\0\6\0\0\0@\376\2\0\0\0\0\0@\376\3\0\0\0\0\0@\376\3\0\0\0\0\0\200\1\0\0\0\0\0\0\200\1\0\0\0\0\0\0\10\0\0\0\0\0\0\0", 56) = 56
31461 lseek(3, 232, SEEK_SET)           = 232
31461 read(3, "\4\0\0\0\4\0\0\0\310\1\0\0\0\0\0\0\310\1\0\0\0\0\0\0\310\1\0\0\0\0\0\0$\0\0\0\0\0\0\0$\0\0\0\0\0\0\0\4\0\0\0\0\0\0\0", 56) = 56
31461 lseek(3, 456, SEEK_SET)           = 456
31461 read(3, "\4\0\0\0\24\0\0\0\3\0\0\0", 12) = 12
31461 lseek(3, 472, SEEK_SET)           = 472
31461 read(3, "\346<\355T\263\20N\23\177\324mB\0226\247-\322\345\275-", 20) = 20
31461 lseek(3, 201440, SEEK_SET)        = 201440
31461 read(3, "\0\0\0\0\0\0\0\0\0\0\0\0\0\0\0\0\0\0\0\0\0\0\0\0\0\0\0\0\0\0\0\0\0\0\0\0\0\0\0\0\0\0\0\0\0\0\0\0\0\0\0\0\0\0\0\0\0\0\0\0\0\0\0\0", 64) = 64
31461 lseek(3, 201504, SEEK_SET)        = 201504
31461 read(3, "\v\0\0\0\7\0\0\0\2\0\0\0\0\0\0\0\310\1\0\0\0\0\0\0\310\1\0\0\0\0\0\0$\0\0\0\0\0\0\0\0\0\0\0\0\0\0\0\4\0\0\0\0\0\0\0\0\0\0\0\0\0\0\0", 64) = 64
31461 lseek(3, 201568, SEEK_SET)        = 201568
31461 read(3, "\36\0\0\0\366\377\377o\2\0\0\0\0\0\0\0\360\1\0\0\0\0\0\0\360\1\0\0\0\0\0\0\\\1\0\0\0\0\0\0\3\0\0\0\0\0\0\0\10\0\0\0\0\0\0\0\0\0\0\0\0\0\0\0", 64) = 64
31461 lseek(3, 201632, SEEK_SET)        = 201632
31461 read(3, "(\0\0\0\v\0\0\0\2\0\0\0\0\0\0\0P\3\0\0\0\0\0\0P\3\0\0\0\0\0\0\330\3\0\0\0\0\0\0\4\0\0\0\3\0\0\0\10\0\0\0\0\0\0\0\30\0\0\0\0\0\0\0", 64) = 64
31461 lseek(3, 201696, SEEK_SET)        = 201696
31461 read(3, "0\0\0\0\3\0\0\0\2\0\0\0\0\0\0\0(\7\0\0\0\0\0\0(\7\0\0\0\0\0\0\272\2\0\0\0\0\0\0\0\0\0\0\0\0\0\0\1\0\0\0\0\0\0\0\0\0\0\0\0\0\0\0", 64) = 64
31461 lseek(3, 201760, SEEK_SET)        = 201760
31461 read(3, "8\0\0\0\377\377\377o\2\0\0\0\0\0\0\0\342\t\0\0\0\0\0\0\342\t\0\0\0\0\0\0R\0\0\0\0\0\0\0\3\0\0\0\0\0\0\0\2\0\0\0\0\0\0\0\2\0\0\0\0\0\0\0", 64) = 64
31461 lseek(3, 201824, SEEK_SET)        = 201824
31461 read(3, "E\0\0\0\375\377\377o\2\0\0\0\0\0\0\08\n\0\0\0\0\0\08\n\0\0\0\0\0\0\244\0\0\0\0\0\0\0\4\0\0\0\5\0\0\0\10\0\0\0\0\0\0\0\0\0\0\0\0\0\0\0", 64) = 64
31461 lseek(3, 201888, SEEK_SET)        = 201888
31461 read(3, "T\0\0\0\4\0\0\0\2\0\0\0\0\0\0\0\340\n\0\0\0\0\0\0\340\n\0\0\0\0\0\0(\2\0\0\0\0\0\0\3\0\0\0\0\0\0\0\10\0\0\0\0\0\0\0\30\0\0\0\0\0\0\0", 64) = 64
31461 lseek(3, 201952, SEEK_SET)        = 201952
31461 read(3, "^\0\0\0\4\0\0\0B\0\0\0\0\0\0\0\10\r\0\0\0\0\0\0\10\r\0\0\0\0\0\0x\0\0\0\0\0\0\0\3\0\0\0\22\0\0\0\10\0\0\0\0\0\0\0\30\0\0\0\0\0\0\0", 64) = 64
31461 lseek(3, 202016, SEEK_SET)        = 202016
31461 read(3, "c\0\0\0\1\0\0\0\6\0\0\0\0\0\0\0\200\r\0\0\0\0\0\0\200\r\0\0\0\0\0\0p\0\0\0\0\0\0\0\0\0\0\0\0\0\0\0\20\0\0\0\0\0\0\0\0\0\0\0\0\0\0\0", 64) = 64
31461 lseek(3, 201319, SEEK_SET)        = 201319
31461 read(3, ".plt\0.text\0.rodata\0.eh_frame_hdr\0.eh_frame\0.init_array\0.data.rel.ro\0.dynamic\0.got\0.got.plt\0.data\0.bss\0.gnu_debuglink\0", 117) = 117
31461 lseek(3, 201319, SEEK_SET)        = 201319
31461 read(3, ".plt\0", 5)              = 5
31461 lseek(3, 202080, SEEK_SET)        = 202080
31461 read(3, "h\0\0\0\1\0\0\0\6\0\0\0\0\0\0\0\0\16\0\0\0\0\0\0\0\16\0\0\0\0\0\0\4\307\1\0\0\0\0\0\0\0\0\0\0\0\0\0@\0\0\0\0\0\0\0\0\0\0\0\0\0\0\0", 64) = 64
31461 lseek(3, 201324, SEEK_SET)        = 201324
31461 read(3, ".text\0.rodata\0.eh_frame_hdr\0.eh_frame\0.init_array\0.data.rel.ro\0.dynamic\0.got\0.got.plt\0.data\0.bss\0.gnu_debuglink\0", 112) = 112
31461 lseek(3, 201324, SEEK_SET)        = 201324
31461 read(3, ".text\0", 6)             = 6
31461 lseek(3, 202144, SEEK_SET)        = 202144
31461 read(3, "n\0\0\0\1\0\0\0\2\0\0\0\0\0\0\0\20\325\1\0\0\0\0\0\20\325\1\0\0\0\0\0`U\0\0\0\0\0\0\0\0\0\0\0\0\0\0\20\0\0\0\0\0\0\0\0\0\0\0\0\0\0\0", 64) = 64
31461 lseek(3, 201330, SEEK_SET)        = 201330
31461 read(3, ".rodata\0.eh_frame_hdr\0.eh_frame\0.init_array\0.data.rel.ro\0.dynamic\0.got\0.got.plt\0.data\0.bss\0.gnu_debuglink\0", 106) = 106
31461 lseek(3, 201330, SEEK_SET)        = 201330
31461 read(3, ".rodata\0", 8)           = 8
31461 lseek(3, 202208, SEEK_SET)        = 202208
31461 read(3, "v\0\0\0\1\0\0\0\2\0\0\0\0\0\0\0p*\2\0\0\0\0\0p*\2\0\0\0\0\0\364\10\0\0\0\0\0\0\0\0\0\0\0\0\0\0\4\0\0\0\0\0\0\0\0\0\0\0\0\0\0\0", 64) = 64
31461 lseek(3, 201338, SEEK_SET)        = 201338
31461 read(3, ".eh_frame_hdr\0.eh_frame\0.init_array\0.data.rel.ro\0.dynamic\0.got\0.got.plt\0.data\0.bss\0.gnu_debuglink\0", 98) = 98
31461 lseek(3, 201338, SEEK_SET)        = 201338
31461 read(3, ".eh_frame_hdr\0", 14)    = 14
31461 lseek(3, 202272, SEEK_SET)        = 202272
31461 read(3, "\204\0\0\0\1\0\0\0\2\0\0\0\0\0\0\0h3\2\0\0\0\0\0h3\2\0\0\0\0\0\2744\0\0\0\0\0\0\0\0\0\0\0\0\0\0\10\0\0\0\0\0\0\0\0\0\0\0\0\0\0\0", 64) = 64
31461 lseek(3, 201352, SEEK_SET)        = 201352
31461 read(3, ".eh_frame\0.init_array\0.data.rel.ro\0.dynamic\0.got\0.got.plt\0.data\0.bss\0.gnu_debuglink\0", 84) = 84
31461 lseek(3, 201352, SEEK_SET)        = 201352
31461 read(3, ".eh_frame\0", 10)        = 10
31461 lseek(3, 202336, SEEK_SET)        = 202336
31461 read(3, "\216\0\0\0\16\0\0\0\3\0\0\0\0\0\0\0\360\354\3\0\0\0\0\0\360\354\2\0\0\0\0\0\10\0\0\0\0\0\0\0\0\0\0\0\0\0\0\0\10\0\0\0\0\0\0\0\10\0\0\0\0\0\0\0", 64) = 64
31461 lseek(3, 202400, SEEK_SET)        = 202400
31461 read(3, "\232\0\0\0\1\0\0\0\3\0\0\0\0\0\0\0\370\354\3\0\0\0\0\0\370\354\2\0\0\0\0\0H\21\0\0\0\0\0\0\0\0\0\0\0\0\0\0\10\0\0\0\0\0\0\0\0\0\0\0\0\0\0\0", 64) = 64
31461 lseek(3, 201374, SEEK_SET)        = 201374
31461 read(3, ".data.rel.ro\0.dynamic\0.got\0.got.plt\0.data\0.bss\0.gnu_debuglink\0", 62) = 62
31461 lseek(3, 201374, SEEK_SET)        = 201374
31461 read(3, ".data.rel.ro\0", 13)     = 13
31461 lseek(3, 202464, SEEK_SET)        = 202464
31461 read(3, "\247\0\0\0\6\0\0\0\3\0\0\0\0\0\0\0@\376\3\0\0\0\0\0@\376\2\0\0\0\0\0\200\1\0\0\0\0\0\0\4\0\0\0\0\0\0\0\10\0\0\0\0\0\0\0\20\0\0\0\0\0\0\0", 64) = 64
31461 lseek(3, 202528, SEEK_SET)        = 202528
31461 read(3, "\260\0\0\0\1\0\0\0\3\0\0\0\0\0\0\0\300\377\3\0\0\0\0\0\300\377\2\0\0\0\0\0(\0\0\0\0\0\0\0\0\0\0\0\0\0\0\0\10\0\0\0\0\0\0\0\10\0\0\0\0\0\0\0", 64) = 64
31461 lseek(3, 201396, SEEK_SET)        = 201396
31461 read(3, ".got\0.got.plt\0.data\0.bss\0.gnu_debuglink\0", 40) = 40
31461 lseek(3, 201396, SEEK_SET)        = 201396
31461 read(3, ".got\0", 5)              = 5
31461 lseek(3, 202592, SEEK_SET)        = 202592
31461 read(3, "\265\0\0\0\1\0\0\0\3\0\0\0\0\0\0\0\350\377\3\0\0\0\0\0\350\377\2\0\0\0\0\0@\0\0\0\0\0\0\0\0\0\0\0\0\0\0\0\10\0\0\0\0\0\0\0\10\0\0\0\0\0\0\0", 64) = 64
31461 lseek(3, 201401, SEEK_SET)        = 201401
31461 read(3, ".got.plt\0.data\0.bss\0.gnu_debuglink\0", 35) = 35
31461 lseek(3, 201401, SEEK_SET)        = 201401
31461 read(3, ".got.plt\0", 9)          = 9
31461 lseek(3, 202656, SEEK_SET)        = 202656
31461 read(3, "\276\0\0\0\1\0\0\0\3\0\0\0\0\0\0\0(\0\4\0\0\0\0\0(\0\3\0\0\0\0\0\250\21\0\0\0\0\0\0\0\0\0\0\0\0\0\0\10\0\0\0\0\0\0\0\0\0\0\0\0\0\0\0", 64) = 64
31461 lseek(3, 201410, SEEK_SET)        = 201410
31461 read(3, ".data\0.bss\0.gnu_debuglink\0", 26) = 26
31461 lseek(3, 201410, SEEK_SET)        = 201410
31461 read(3, ".data\0", 6)             = 6
31461 lseek(3, 202720, SEEK_SET)        = 202720
31461 read(3, "\304\0\0\0\10\0\0\0\3\0\0\0\0\0\0\0\320\21\4\0\0\0\0\0\320\21\3\0\0\0\0\0\250\1\0\0\0\0\0\0\0\0\0\0\0\0\0\0\20\0\0\0\0\0\0\0\0\0\0\0\0\0\0\0", 64) = 64
31461 lseek(3, 202784, SEEK_SET)        = 202784
31461 read(3, "\311\0\0\0\1\0\0\0\0\0\0\0\0\0\0\0\0\0\0\0\0\0\0\0\320\21\3\0\0\0\0\0004\0\0\0\0\0\0\0\0\0\0\0\0\0\0\0\4\0\0\0\0\0\0\0\0\0\0\0\0\0\0\0", 64) = 64
31461 lseek(3, 201421, SEEK_SET)        = 201421
31461 read(3, ".gnu_debuglink\0", 15)   = 15
31461 lseek(3, 201421, SEEK_SET)        = 201421
31461 read(3, ".gnu_debuglink\0", 15)   = 15
31461 lseek(3, 201168, SEEK_SET)        = 201168
31461 read(3, "3ced54b3104e137fd46d421236a72dd2e5bd2d.debug\0\0\0\0", 48) = 48
31461 read(3, "\303\255\244\215", 4)    = 4
31461 rt_sigprocmask(SIG_SETMASK, ~[RTMIN RT_1], [], 8) = 0
31461 rt_sigprocmask(SIG_SETMASK, [], NULL, 8) = 0
31461 close(3)                          = 0
31461 rt_sigprocmask(SIG_SETMASK, ~[RTMIN RT_1], [], 8) = 0
31461 rt_sigprocmask(SIG_SETMASK, [], NULL, 8) = 0
31461 readlinkat(AT_FDCWD, "/lib", "usr/lib", 1023) = 7
31461 readlinkat(AT_FDCWD, "/usr", 0x7fc472b6c0, 1023) = -1 EINVAL (Invalid argument)
31461 readlinkat(AT_FDCWD, "/usr/lib", 0x7fc472b6c0, 1023) = -1 EINVAL (Invalid argument)
31461 readlinkat(AT_FDCWD, "/usr/lib/aarch64-linux-gnu", 0x7fc472b6c0, 1023) = -1 EINVAL (Invalid argument)
31461 readlinkat(AT_FDCWD, "/usr/lib/aarch64-linux-gnu/libusb-1.0.so.0", "libusb-1.0.so.0.3.0", 1023) = 19
31461 readlinkat(AT_FDCWD, "/usr/lib/aarch64-linux-gnu/libusb-1.0.so.0.3.0", 0x7fc472b6c0, 1023) = -1 EINVAL (Invalid argument)
31461 rt_sigprocmask(SIG_SETMASK, ~[RTMIN RT_1], [], 8) = 0
31461 rt_sigprocmask(SIG_SETMASK, [], NULL, 8) = 0
31461 openat(AT_FDCWD, "/usr/lib/aarch64-linux-gnu/libusb-1.0.so.0.3.0", O_RDONLY|O_CLOEXEC) = 3
31461 rt_sigprocmask(SIG_SETMASK, ~[RTMIN RT_1], [], 8) = 0
31461 rt_sigprocmask(SIG_SETMASK, [], NULL, 8) = 0
31461 read(3, "\177ELF\2\1\1\0\0\0\0\0\0\0\0\0", 16) = 16
31461 lseek(3, 0, SEEK_SET)             = 0
31461 read(3, "\177ELF\2\1\1\0\0\0\0\0\0\0\0\0\3\0\267\0\1\0\0\0\0\0\0\0\0\0\0\0@\0\0\0\0\0\0\0X\305\1\0\0\0\0\0\0\0\0\0@\08\0\10\0@\0\33\0\32\0", 64) = 64
31461 lseek(3, 117720, SEEK_SET)        = 117720
31461 read(3, "\1\0\0\0\3\0\0\0\0\0\0\0\0\0\0\0\0\0\0\0\0\0\0\0\\\304\1\0\0\0\0\0\366\0\0\0\0\0\0\0\0\0\0\0\0\0\0\0\1\0\0\0\0\0\0\0\0\0\0\0\0\0\0\0", 64) = 64
31461 lseek(3, 64, SEEK_SET)            = 64
31461 read(3, "\1\0\0\0\5\0\0\0\0\0\0\0\0\0\0\0\0\0\0\0\0\0\0\0\0\0\0\0\0\0\0\0\274\264\1\0\0\0\0\0\274\264\1\0\0\0\0\0\0\0\1\0\0\0\0\0", 56) = 56
31461 lseek(3, 120, SEEK_SET)           = 120
31461 read(3, "\1\0\0\0\6\0\0\0000\271\1\0\0\0\0\0000\271\2\0\0\0\0\0000\271\2\0\0\0\0\0\370\n\0\0\0\0\0\0000\f\0\0\0\0\0\0\0\0\1\0\0\0\0\0", 56) = 56
31461 lseek(3, 176, SEEK_SET)           = 176
31461 read(3, "\2\0\0\0\6\0\0\0X\275\1\0\0\0\0\0X\275\2\0\0\0\0\0X\275\2\0\0\0\0\0 \2\0\0\0\0\0\0 \2\0\0\0\0\0\0\10\0\0\0\0\0\0\0", 56) = 56
31461 lseek(3, 232, SEEK_SET)           = 232
31461 read(3, "\4\0\0\0\4\0\0\0\0\2\0\0\0\0\0\0\0\2\0\0\0\0\0\0\0\2\0\0\0\0\0\0$\0\0\0\0\0\0\0$\0\0\0\0\0\0\0\4\0\0\0\0\0\0\0", 56) = 56
31461 lseek(3, 288, SEEK_SET)           = 288
31461 read(3, "\7\0\0\0\4\0\0\0000\271\1\0\0\0\0\0000\271\2\0\0\0\0\0000\271\2\0\0\0\0\0\0\0\0\0\0\0\0\0\4\0\0\0\0\0\0\0\4\0\0\0\0\0\0\0", 56) = 56
31461 lseek(3, 344, SEEK_SET)           = 344
31461 read(3, "P\345td\4\0\0\0P\177\1\0\0\0\0\0P\177\1\0\0\0\0\0P\177\1\0\0\0\0\0\334\6\0\0\0\0\0\0\334\6\0\0\0\0\0\0\4\0\0\0\0\0\0\0", 56) = 56
31461 lseek(3, 400, SEEK_SET)           = 400
31461 read(3, "Q\345td\6\0\0\0\0\0\0\0\0\0\0\0\0\0\0\0\0\0\0\0\0\0\0\0\0\0\0\0\0\0\0\0\0\0\0\0\0\0\0\0\0\0\0\0\20\0\0\0\0\0\0\0", 56) = 56
31461 lseek(3, 456, SEEK_SET)           = 456
31461 read(3, "R\345td\4\0\0\0000\271\1\0\0\0\0\0000\271\2\0\0\0\0\0000\271\2\0\0\0\0\0\320\6\0\0\0\0\0\0\320\6\0\0\0\0\0\0\1\0\0\0\0\0\0\0", 56) = 56
31461 lseek(3, 64, SEEK_SET)            = 64
31461 read(3, "\1\0\0\0\5\0\0\0\0\0\0\0\0\0\0\0\0\0\0\0\0\0\0\0\0\0\0\0\0\0\0\0\274\264\1\0\0\0\0\0\274\264\1\0\0\0\0\0\0\0\1\0\0\0\0\0", 56) = 56
31461 lseek(3, 120, SEEK_SET)           = 120
31461 read(3, "\1\0\0\0\6\0\0\0000\271\1\0\0\0\0\0000\271\2\0\0\0\0\0000\271\2\0\0\0\0\0\370\n\0\0\0\0\0\0000\f\0\0\0\0\0\0\0\0\1\0\0\0\0\0", 56) = 56
31461 lseek(3, 176, SEEK_SET)           = 176
31461 read(3, "\2\0\0\0\6\0\0\0X\275\1\0\0\0\0\0X\275\2\0\0\0\0\0X\275\2\0\0\0\0\0 \2\0\0\0\0\0\0 \2\0\0\0\0\0\0\10\0\0\0\0\0\0\0", 56) = 56
31461 lseek(3, 232, SEEK_SET)           = 232
31461 read(3, "\4\0\0\0\4\0\0\0\0\2\0\0\0\0\0\0\0\2\0\0\0\0\0\0\0\2\0\0\0\0\0\0$\0\0\0\0\0\0\0$\0\0\0\0\0\0\0\4\0\0\0\0\0\0\0", 56) = 56
31461 lseek(3, 512, SEEK_SET)           = 512
31461 read(3, "\4\0\0\0\24\0\0\0\3\0\0\0", 12) = 12
31461 lseek(3, 528, SEEK_SET)           = 528
31461 read(3, "\22TO\301\2547\210\357SK\371\236\304\247\343 \216\216\331\305", 20) = 20
31461 lseek(3, 116056, SEEK_SET)        = 116056
31461 read(3, "\0\0\0\0\0\0\0\0\0\0\0\0\0\0\0\0\0\0\0\0\0\0\0\0\0\0\0\0\0\0\0\0\0\0\0\0\0\0\0\0\0\0\0\0\0\0\0\0\0\0\0\0\0\0\0\0\0\0\0\0\0\0\0\0", 64) = 64
31461 lseek(3, 116120, SEEK_SET)        = 116120
31461 read(3, "\v\0\0\0\7\0\0\0\2\0\0\0\0\0\0\0\0\2\0\0\0\0\0\0\0\2\0\0\0\0\0\0$\0\0\0\0\0\0\0\0\0\0\0\0\0\0\0\4\0\0\0\0\0\0\0\0\0\0\0\0\0\0\0", 64) = 64
31461 lseek(3, 116184, SEEK_SET)        = 116184
31461 read(3, "\36\0\0\0\366\377\377o\2\0\0\0\0\0\0\0(\2\0\0\0\0\0\0(\2\0\0\0\0\0\0\304\2\0\0\0\0\0\0\3\0\0\0\0\0\0\0\10\0\0\0\0\0\0\0\0\0\0\0\0\0\0\0", 64) = 64
31461 lseek(3, 116248, SEEK_SET)        = 116248
31461 read(3, "(\0\0\0\v\0\0\0\2\0\0\0\0\0\0\0\360\4\0\0\0\0\0\0\360\4\0\0\0\0\0\0\350\21\0\0\0\0\0\0\4\0\0\0\3\0\0\0\10\0\0\0\0\0\0\0\30\0\0\0\0\0\0\0", 64) = 64
31461 lseek(3, 116312, SEEK_SET)        = 116312
31461 read(3, "0\0\0\0\3\0\0\0\2\0\0\0\0\0\0\0\330\26\0\0\0\0\0\0\330\26\0\0\0\0\0\0b\17\0\0\0\0\0\0\0\0\0\0\0\0\0\0\1\0\0\0\0\0\0\0\0\0\0\0\0\0\0\0", 64) = 64
31461 lseek(3, 116376, SEEK_SET)        = 116376
31461 read(3, "8\0\0\0\377\377\377o\2\0\0\0\0\0\0\0:&\0\0\0\0\0\0:&\0\0\0\0\0\0~\1\0\0\0\0\0\0\3\0\0\0\0\0\0\0\2\0\0\0\0\0\0\0\2\0\0\0\0\0\0\0", 64) = 64
31461 lseek(3, 116440, SEEK_SET)        = 116440
31461 read(3, "E\0\0\0\376\377\377o\2\0\0\0\0\0\0\0\270'\0\0\0\0\0\0\270'\0\0\0\0\0\0\200\0\0\0\0\0\0\0\4\0\0\0\4\0\0\0\10\0\0\0\0\0\0\0\0\0\0\0\0\0\0\0", 64) = 64
31461 lseek(3, 116504, SEEK_SET)        = 116504
31461 read(3, "T\0\0\0\4\0\0\0\2\0\0\0\0\0\0\08(\0\0\0\0\0\08(\0\0\0\0\0\0\10\r\0\0\0\0\0\0\3\0\0\0\0\0\0\0\10\0\0\0\0\0\0\0\30\0\0\0\0\0\0\0", 64) = 64
31461 lseek(3, 116568, SEEK_SET)        = 116568
31461 read(3, "^\0\0\0\4\0\0\0B\0\0\0\0\0\0\0@5\0\0\0\0\0\0@5\0\0\0\0\0\0\0\f\0\0\0\0\0\0\3\0\0\0\26\0\0\0\10\0\0\0\0\0\0\0\30\0\0\0\0\0\0\0", 64) = 64
31461 lseek(3, 116632, SEEK_SET)        = 116632
31461 read(3, "h\0\0\0\1\0\0\0\6\0\0\0\0\0\0\0@A\0\0\0\0\0\0@A\0\0\0\0\0\0\30\0\0\0\0\0\0\0\0\0\0\0\0\0\0\0\4\0\0\0\0\0\0\0\0\0\0\0\0\0\0\0", 64) = 64
31461 lseek(3, 115908, SEEK_SET)        = 115908
31461 read(3, ".init\0.text\0.fini\0.rodata\0.eh_frame_hdr\0.eh_frame\0.tbss\0.init_array\0.fini_array\0.data.rel.ro\0.dynamic\0.got\0.got.plt\0.data\0.bss\0.gnu_debuglink\0", 142) = 142
31461 lseek(3, 115908, SEEK_SET)        = 115908
31461 read(3, ".init\0", 6)             = 6
31461 lseek(3, 116696, SEEK_SET)        = 116696
31461 read(3, "c\0\0\0\1\0\0\0\6\0\0\0\0\0\0\0`A\0\0\0\0\0\0`A\0\0\0\0\0\0000\10\0\0\0\0\0\0\0\0\0\0\0\0\0\0\20\0\0\0\0\0\0\0\0\0\0\0\0\0\0\0", 64) = 64
31461 lseek(3, 115903, SEEK_SET)        = 115903
31461 read(3, ".plt\0.init\0.text\0.fini\0.rodata\0.eh_frame_hdr\0.eh_frame\0.tbss\0.init_array\0.fini_array\0.data.rel.ro\0.dynamic\0.got\0.got.plt\0.data\0.bss\0.gnu_debuglink\0", 147) = 147
31461 lseek(3, 115903, SEEK_SET)        = 115903
31461 read(3, ".plt\0", 5)              = 5
31461 lseek(3, 116760, SEEK_SET)        = 116760
31461 read(3, "n\0\0\0\1\0\0\0\6\0\0\0\0\0\0\0\220I\0\0\0\0\0\0\220I\0\0\0\0\0\0\260\351\0\0\0\0\0\0\0\0\0\0\0\0\0\0\20\0\0\0\0\0\0\0\0\0\0\0\0\0\0\0", 64) = 64
31461 lseek(3, 115914, SEEK_SET)        = 115914
31461 read(3, ".text\0.fini\0.rodata\0.eh_frame_hdr\0.eh_frame\0.tbss\0.init_array\0.fini_array\0.data.rel.ro\0.dynamic\0.got\0.got.plt\0.data\0.bss\0.gnu_debuglink\0", 136) = 136
31461 lseek(3, 115914, SEEK_SET)        = 115914
31461 read(3, ".text\0", 6)             = 6
31461 lseek(3, 116824, SEEK_SET)        = 116824
31461 read(3, "t\0\0\0\1\0\0\0\6\0\0\0\0\0\0\0@3\1\0\0\0\0\0@3\1\0\0\0\0\0\24\0\0\0\0\0\0\0\0\0\0\0\0\0\0\0\4\0\0\0\0\0\0\0\0\0\0\0\0\0\0\0", 64) = 64
31461 lseek(3, 115920, SEEK_SET)        = 115920
31461 read(3, ".fini\0.rodata\0.eh_frame_hdr\0.eh_frame\0.tbss\0.init_array\0.fini_array\0.data.rel.ro\0.dynamic\0.got\0.got.plt\0.data\0.bss\0.gnu_debuglink\0", 130) = 130
31461 lseek(3, 115920, SEEK_SET)        = 115920
31461 read(3, ".fini\0", 6)             = 6
31461 lseek(3, 116888, SEEK_SET)        = 116888
31461 read(3, "z\0\0\0\1\0\0\0\2\0\0\0\0\0\0\0X3\1\0\0\0\0\0X3\1\0\0\0\0\0\370K\0\0\0\0\0\0\0\0\0\0\0\0\0\0\10\0\0\0\0\0\0\0\0\0\0\0\0\0\0\0", 64) = 64
31461 lseek(3, 115926, SEEK_SET)        = 115926
31461 read(3, ".rodata\0.eh_frame_hdr\0.eh_frame\0.tbss\0.init_array\0.fini_array\0.data.rel.ro\0.dynamic\0.got\0.got.plt\0.data\0.bss\0.gnu_debuglink\0", 124) = 124
31461 lseek(3, 115926, SEEK_SET)        = 115926
31461 read(3, ".rodata\0", 8)           = 8
31461 lseek(3, 116952, SEEK_SET)        = 116952
31461 read(3, "\202\0\0\0\1\0\0\0\2\0\0\0\0\0\0\0P\177\1\0\0\0\0\0P\177\1\0\0\0\0\0\334\6\0\0\0\0\0\0\0\0\0\0\0\0\0\0\4\0\0\0\0\0\0\0\0\0\0\0\0\0\0\0", 64) = 64
31461 lseek(3, 115934, SEEK_SET)        = 115934
31461 read(3, ".eh_frame_hdr\0.eh_frame\0.tbss\0.init_array\0.fini_array\0.data.rel.ro\0.dynamic\0.got\0.got.plt\0.data\0.bss\0.gnu_debuglink\0", 116) = 116
31461 lseek(3, 115934, SEEK_SET)        = 115934
31461 read(3, ".eh_frame_hdr\0", 14)    = 14
31461 lseek(3, 117016, SEEK_SET)        = 117016
31461 read(3, "\220\0\0\0\1\0\0\0\2\0\0\0\0\0\0\0000\206\1\0\0\0\0\0000\206\1\0\0\0\0\0\214.\0\0\0\0\0\0\0\0\0\0\0\0\0\0\10\0\0\0\0\0\0\0\0\0\0\0\0\0\0\0", 64) = 64
31461 lseek(3, 115948, SEEK_SET)        = 115948
31461 read(3, ".eh_frame\0.tbss\0.init_array\0.fini_array\0.data.rel.ro\0.dynamic\0.got\0.got.plt\0.data\0.bss\0.gnu_debuglink\0", 102) = 102
31461 lseek(3, 115948, SEEK_SET)        = 115948
31461 read(3, ".eh_frame\0", 10)        = 10
31461 lseek(3, 117080, SEEK_SET)        = 117080
31461 read(3, "\232\0\0\0\10\0\0\0\3\4\0\0\0\0\0\0000\271\2\0\0\0\0\0000\271\1\0\0\0\0\0\4\0\0\0\0\0\0\0\0\0\0\0\0\0\0\0\4\0\0\0\0\0\0\0\0\0\0\0\0\0\0\0", 64) = 64
31461 lseek(3, 117144, SEEK_SET)        = 117144
31461 read(3, "\240\0\0\0\16\0\0\0\3\0\0\0\0\0\0\0000\271\2\0\0\0\0\0000\271\1\0\0\0\0\0\20\0\0\0\0\0\0\0\0\0\0\0\0\0\0\0\10\0\0\0\0\0\0\0\10\0\0\0\0\0\0\0", 64) = 64
31461 lseek(3, 117208, SEEK_SET)        = 117208
31461 read(3, "\254\0\0\0\17\0\0\0\3\0\0\0\0\0\0\0@\271\2\0\0\0\0\0@\271\1\0\0\0\0\0\10\0\0\0\0\0\0\0\0\0\0\0\0\0\0\0\10\0\0\0\0\0\0\0\10\0\0\0\0\0\0\0", 64) = 64
31461 lseek(3, 117272, SEEK_SET)        = 117272
31461 read(3, "\270\0\0\0\1\0\0\0\3\0\0\0\0\0\0\0H\271\2\0\0\0\0\0H\271\1\0\0\0\0\0\20\4\0\0\0\0\0\0\0\0\0\0\0\0\0\0\10\0\0\0\0\0\0\0\0\0\0\0\0\0\0\0", 64) = 64
31461 lseek(3, 115988, SEEK_SET)        = 115988
31461 read(3, ".data.rel.ro\0.dynamic\0.got\0.got.plt\0.data\0.bss\0.gnu_debuglink\0", 62) = 62
31461 lseek(3, 115988, SEEK_SET)        = 115988
31461 read(3, ".data.rel.ro\0", 13)     = 13
31461 lseek(3, 117336, SEEK_SET)        = 117336
31461 read(3, "\305\0\0\0\6\0\0\0\3\0\0\0\0\0\0\0X\275\2\0\0\0\0\0X\275\1\0\0\0\0\0 \2\0\0\0\0\0\0\4\0\0\0\0\0\0\0\10\0\0\0\0\0\0\0\20\0\0\0\0\0\0\0", 64) = 64
31461 lseek(3, 117400, SEEK_SET)        = 117400
31461 read(3, "\316\0\0\0\1\0\0\0\3\0\0\0\0\0\0\0x\277\2\0\0\0\0\0x\277\1\0\0\0\0\0p\0\0\0\0\0\0\0\0\0\0\0\0\0\0\0\10\0\0\0\0\0\0\0\10\0\0\0\0\0\0\0", 64) = 64
31461 lseek(3, 116010, SEEK_SET)        = 116010
31461 read(3, ".got\0.got.plt\0.data\0.bss\0.gnu_debuglink\0", 40) = 40
31461 lseek(3, 116010, SEEK_SET)        = 116010
31461 read(3, ".got\0", 5)              = 5
31461 lseek(3, 117464, SEEK_SET)        = 117464
31461 read(3, "\323\0\0\0\1\0\0\0\3\0\0\0\0\0\0\0\350\277\2\0\0\0\0\0\350\277\1\0\0\0\0\0 \4\0\0\0\0\0\0\0\0\0\0\0\0\0\0\10\0\0\0\0\0\0\0\10\0\0\0\0\0\0\0", 64) = 64
31461 lseek(3, 116015, SEEK_SET)        = 116015
31461 read(3, ".got.plt\0.data\0.bss\0.gnu_debuglink\0", 35) = 35
31461 lseek(3, 116015, SEEK_SET)        = 116015
31461 read(3, ".got.plt\0", 9)          = 9
31461 lseek(3, 117528, SEEK_SET)        = 117528
31461 read(3, "\334\0\0\0\1\0\0\0\3\0\0\0\0\0\0\0\10\304\2\0\0\0\0\0\10\304\1\0\0\0\0\0 \0\0\0\0\0\0\0\0\0\0\0\0\0\0\0\10\0\0\0\0\0\0\0\0\0\0\0\0\0\0\0", 64) = 64
31461 lseek(3, 116024, SEEK_SET)        = 116024
31461 read(3, ".data\0.bss\0.gnu_debuglink\0", 26) = 26
31461 lseek(3, 116024, SEEK_SET)        = 116024
31461 read(3, ".data\0", 6)             = 6
31461 lseek(3, 117592, SEEK_SET)        = 117592
31461 read(3, "\342\0\0\0\10\0\0\0\3\0\0\0\0\0\0\0(\304\2\0\0\0\0\0(\304\1\0\0\0\0\08\1\0\0\0\0\0\0\0\0\0\0\0\0\0\0\10\0\0\0\0\0\0\0\0\0\0\0\0\0\0\0", 64) = 64
31461 lseek(3, 117656, SEEK_SET)        = 117656
31461 read(3, "\347\0\0\0\1\0\0\0\0\0\0\0\0\0\0\0\0\0\0\0\0\0\0\0(\304\1\0\0\0\0\0004\0\0\0\0\0\0\0\0\0\0\0\0\0\0\0\4\0\0\0\0\0\0\0\0\0\0\0\0\0\0\0", 64) = 64
31461 lseek(3, 116035, SEEK_SET)        = 116035
31461 read(3, ".gnu_debuglink\0", 15)   = 15
31461 lseek(3, 116035, SEEK_SET)        = 116035
31461 read(3, ".gnu_debuglink\0", 15)   = 15
31461 lseek(3, 115752, SEEK_SET)        = 115752
31461 read(3, "544fc1ac3788ef534bf99ec4a7e3208e8ed9c5.debug\0\0\0\0", 48) = 48
31461 read(3, "\260P(\21", 4)           = 4
31461 rt_sigprocmask(SIG_SETMASK, ~[RTMIN RT_1], [], 8) = 0
31461 rt_sigprocmask(SIG_SETMASK, [], NULL, 8) = 0
31461 close(3)                          = 0
31461 rt_sigprocmask(SIG_SETMASK, ~[RTMIN RT_1], [], 8) = 0
31461 rt_sigprocmask(SIG_SETMASK, [], NULL, 8) = 0
31461 readlinkat(AT_FDCWD, "/lib", "usr/lib", 1023) = 7
31461 readlinkat(AT_FDCWD, "/usr", 0x7fc472b6c0, 1023) = -1 EINVAL (Invalid argument)
31461 readlinkat(AT_FDCWD, "/usr/lib", 0x7fc472b6c0, 1023) = -1 EINVAL (Invalid argument)
31461 readlinkat(AT_FDCWD, "/usr/lib/aarch64-linux-gnu", 0x7fc472b6c0, 1023) = -1 EINVAL (Invalid argument)
31461 readlinkat(AT_FDCWD, "/usr/lib/aarch64-linux-gnu/libpthread.so.0", 0x7fc472b6c0, 1023) = -1 EINVAL (Invalid argument)
31461 rt_sigprocmask(SIG_SETMASK, ~[RTMIN RT_1], [], 8) = 0
31461 rt_sigprocmask(SIG_SETMASK, [], NULL, 8) = 0
31461 openat(AT_FDCWD, "/usr/lib/aarch64-linux-gnu/libpthread.so.0", O_RDONLY|O_CLOEXEC) = 3
31461 rt_sigprocmask(SIG_SETMASK, ~[RTMIN RT_1], [], 8) = 0
31461 rt_sigprocmask(SIG_SETMASK, [], NULL, 8) = 0
31461 read(3, "\177ELF\2\1\1\0\0\0\0\0\0\0\0\0", 16) = 16
31461 lseek(3, 0, SEEK_SET)             = 0
31461 read(3, "\177ELF\2\1\1\0\0\0\0\0\0\0\0\0\3\0\267\0\1\0\0\0\0\0\0\0\0\0\0\0@\0\0\0\0\0\0\0H\1\1\0\0\0\0\0\0\0\0\0@\08\0\7\0@\0\32\0\31\0", 64) = 64
31461 lseek(3, 67464, SEEK_SET)         = 67464
31461 read(3, "\1\0\0\0\3\0\0\0\0\0\0\0\0\0\0\0\0\0\0\0\0\0\0\0L\0\1\0\0\0\0\0\370\0\0\0\0\0\0\0\0\0\0\0\0\0\0\0\1\0\0\0\0\0\0\0\0\0\0\0\0\0\0\0", 64) = 64
31461 lseek(3, 64, SEEK_SET)            = 64
31461 read(3, "\1\0\0\0\5\0\0\0\0\0\0\0\0\0\0\0\0\0\0\0\0\0\0\0\0\0\0\0\0\0\0\0\0\t\0\0\0\0\0\0\0\t\0\0\0\0\0\0\0\0\1\0\0\0\0\0", 56) = 56
31461 lseek(3, 120, SEEK_SET)           = 120
31461 read(3, "\1\0\0\0\6\0\0\0\300\375\0\0\0\0\0\0\300\375\1\0\0\0\0\0\300\375\1\0\0\0\0\0X\2\0\0\0\0\0\0`\2\0\0\0\0\0\0\0\0\1\0\0\0\0\0", 56) = 56
31461 lseek(3, 176, SEEK_SET)           = 176
31461 read(3, "\2\0\0\0\6\0\0\0\320\375\0\0\0\0\0\0\320\375\1\0\0\0\0\0\320\375\1\0\0\0\0\0\360\1\0\0\0\0\0\0\360\1\0\0\0\0\0\0\10\0\0\0\0\0\0\0", 56) = 56
31461 lseek(3, 232, SEEK_SET)           = 232
31461 read(3, "\4\0\0\0\4\0\0\0\310\1\0\0\0\0\0\0\310\1\0\0\0\0\0\0\310\1\0\0\0\0\0\0D\0\0\0\0\0\0\0D\0\0\0\0\0\0\0\4\0\0\0\0\0\0\0", 56) = 56
31461 lseek(3, 288, SEEK_SET)           = 288
31461 read(3, "P\345td\4\0\0\08\10\0\0\0\0\0\08\10\0\0\0\0\0\08\10\0\0\0\0\0\0004\0\0\0\0\0\0\0004\0\0\0\0\0\0\0\4\0\0\0\0\0\0\0", 56) = 56
31461 lseek(3, 344, SEEK_SET)           = 344
31461 read(3, "Q\345td\6\0\0\0\0\0\0\0\0\0\0\0\0\0\0\0\0\0\0\0\0\0\0\0\0\0\0\0\0\0\0\0\0\0\0\0\0\0\0\0\0\0\0\0\20\0\0\0\0\0\0\0", 56) = 56
31461 lseek(3, 400, SEEK_SET)           = 400
31461 read(3, "R\345td\4\0\0\0\300\375\0\0\0\0\0\0\300\375\1\0\0\0\0\0\300\375\1\0\0\0\0\0@\2\0\0\0\0\0\0@\2\0\0\0\0\0\0\1\0\0\0\0\0\0\0", 56) = 56
31461 lseek(3, 64, SEEK_SET)            = 64
31461 read(3, "\1\0\0\0\5\0\0\0\0\0\0\0\0\0\0\0\0\0\0\0\0\0\0\0\0\0\0\0\0\0\0\0\0\t\0\0\0\0\0\0\0\t\0\0\0\0\0\0\0\0\1\0\0\0\0\0", 56) = 56
31461 lseek(3, 120, SEEK_SET)           = 120
31461 read(3, "\1\0\0\0\6\0\0\0\300\375\0\0\0\0\0\0\300\375\1\0\0\0\0\0\300\375\1\0\0\0\0\0X\2\0\0\0\0\0\0`\2\0\0\0\0\0\0\0\0\1\0\0\0\0\0", 56) = 56
31461 lseek(3, 176, SEEK_SET)           = 176
31461 read(3, "\2\0\0\0\6\0\0\0\320\375\0\0\0\0\0\0\320\375\1\0\0\0\0\0\320\375\1\0\0\0\0\0\360\1\0\0\0\0\0\0\360\1\0\0\0\0\0\0\10\0\0\0\0\0\0\0", 56) = 56
31461 lseek(3, 232, SEEK_SET)           = 232
31461 read(3, "\4\0\0\0\4\0\0\0\310\1\0\0\0\0\0\0\310\1\0\0\0\0\0\0\310\1\0\0\0\0\0\0D\0\0\0\0\0\0\0D\0\0\0\0\0\0\0\4\0\0\0\0\0\0\0", 56) = 56
31461 lseek(3, 456, SEEK_SET)           = 456
31461 read(3, "\4\0\0\0\24\0\0\0\3\0\0\0", 12) = 12
31461 lseek(3, 472, SEEK_SET)           = 472
31461 read(3, "\244\326+cn\3351g\3\374\201y6\371\322\tRQ W", 20) = 20
31461 lseek(3, 65864, SEEK_SET)         = 65864
31461 read(3, "\0\0\0\0\0\0\0\0\0\0\0\0\0\0\0\0\0\0\0\0\0\0\0\0\0\0\0\0\0\0\0\0\0\0\0\0\0\0\0\0\0\0\0\0\0\0\0\0\0\0\0\0\0\0\0\0\0\0\0\0\0\0\0\0", 64) = 64
31461 lseek(3, 65928, SEEK_SET)         = 65928
31461 read(3, "\v\0\0\0\7\0\0\0\2\0\0\0\0\0\0\0\310\1\0\0\0\0\0\0\310\1\0\0\0\0\0\0$\0\0\0\0\0\0\0\0\0\0\0\0\0\0\0\4\0\0\0\0\0\0\0\0\0\0\0\0\0\0\0", 64) = 64
31461 lseek(3, 65992, SEEK_SET)         = 65992
31461 read(3, "\36\0\0\0\7\0\0\0\2\0\0\0\0\0\0\0\354\1\0\0\0\0\0\0\354\1\0\0\0\0\0\0 \0\0\0\0\0\0\0\0\0\0\0\0\0\0\0\4\0\0\0\0\0\0\0\0\0\0\0\0\0\0\0", 64) = 64
31461 lseek(3, 66056, SEEK_SET)         = 66056
31461 read(3, ",\0\0\0\366\377\377o\2\0\0\0\0\0\0\0\20\2\0\0\0\0\0\0\20\2\0\0\0\0\0\0x\0\0\0\0\0\0\0\4\0\0\0\0\0\0\0\10\0\0\0\0\0\0\0\0\0\0\0\0\0\0\0", 64) = 64
31461 lseek(3, 66120, SEEK_SET)         = 66120
31461 read(3, "6\0\0\0\v\0\0\0\2\0\0\0\0\0\0\0\210\2\0\0\0\0\0\0\210\2\0\0\0\0\0\0\230\1\0\0\0\0\0\0\5\0\0\0\3\0\0\0\10\0\0\0\0\0\0\0\30\0\0\0\0\0\0\0", 64) = 64
31461 lseek(3, 66184, SEEK_SET)         = 66184
31461 read(3, ">\0\0\0\3\0\0\0\2\0\0\0\0\0\0\0 \4\0\0\0\0\0\0 \4\0\0\0\0\0\0\307\0\0\0\0\0\0\0\0\0\0\0\0\0\0\0\1\0\0\0\0\0\0\0\0\0\0\0\0\0\0\0", 64) = 64
31461 lseek(3, 66248, SEEK_SET)         = 66248
31461 read(3, "F\0\0\0\377\377\377o\2\0\0\0\0\0\0\0\350\4\0\0\0\0\0\0\350\4\0\0\0\0\0\0\"\0\0\0\0\0\0\0\4\0\0\0\0\0\0\0\2\0\0\0\0\0\0\0\2\0\0\0\0\0\0\0", 64) = 64
31461 lseek(3, 66312, SEEK_SET)         = 66312
31461 read(3, "S\0\0\0\375\377\377o\2\0\0\0\0\0\0\0\20\5\0\0\0\0\0\0\20\5\0\0\0\0\0\0\310\0\0\0\0\0\0\0\5\0\0\0\6\0\0\0\10\0\0\0\0\0\0\0\0\0\0\0\0\0\0\0", 64) = 64
31461 lseek(3, 66376, SEEK_SET)         = 66376
31461 read(3, "b\0\0\0\376\377\377o\2\0\0\0\0\0\0\0\330\5\0\0\0\0\0\0\330\5\0\0\0\0\0\0 \0\0\0\0\0\0\0\5\0\0\0\1\0\0\0\10\0\0\0\0\0\0\0\0\0\0\0\0\0\0\0", 64) = 64
31461 lseek(3, 66440, SEEK_SET)         = 66440
31461 read(3, "q\0\0\0\4\0\0\0\2\0\0\0\0\0\0\0\370\5\0\0\0\0\0\0\370\5\0\0\0\0\0\0\250\0\0\0\0\0\0\0\4\0\0\0\0\0\0\0\10\0\0\0\0\0\0\0\30\0\0\0\0\0\0\0", 64) = 64
31461 lseek(3, 66504, SEEK_SET)         = 66504
31461 read(3, "{\0\0\0\4\0\0\0B\0\0\0\0\0\0\0\240\6\0\0\0\0\0\0\240\6\0\0\0\0\0\0000\0\0\0\0\0\0\0\4\0\0\0\25\0\0\0\10\0\0\0\0\0\0\0\30\0\0\0\0\0\0\0", 64) = 64
31461 lseek(3, 66568, SEEK_SET)         = 66568
31461 read(3, "\205\0\0\0\1\0\0\0\6\0\0\0\0\0\0\0\320\6\0\0\0\0\0\0\320\6\0\0\0\0\0\0\30\0\0\0\0\0\0\0\0\0\0\0\0\0\0\0\4\0\0\0\0\0\0\0\0\0\0\0\0\0\0\0", 64) = 64
31461 lseek(3, 65745, SEEK_SET)         = 65745
31461 read(3, ".init\0.text\0.fini\0.eh_frame_hdr\0.eh_frame\0.init_array\0.fini_array\0.dynamic\0.got\0.got.plt\0.data\0.bss\0.gnu_debuglink\0", 115) = 115
31461 lseek(3, 65745, SEEK_SET)         = 65745
31461 read(3, ".init\0", 6)             = 6
31461 lseek(3, 66632, SEEK_SET)         = 66632
31461 read(3, "\200\0\0\0\1\0\0\0\6\0\0\0\0\0\0\0\360\6\0\0\0\0\0\0\360\6\0\0\0\0\0\0@\0\0\0\0\0\0\0\0\0\0\0\0\0\0\0\20\0\0\0\0\0\0\0\0\0\0\0\0\0\0\0", 64) = 64
31461 lseek(3, 65740, SEEK_SET)         = 65740
31461 read(3, ".plt\0.init\0.text\0.fini\0.eh_frame_hdr\0.eh_frame\0.init_array\0.fini_array\0.dynamic\0.got\0.got.plt\0.data\0.bss\0.gnu_debuglink\0", 120) = 120
31461 lseek(3, 65740, SEEK_SET)         = 65740
31461 read(3, ".plt\0", 5)              = 5
31461 lseek(3, 66696, SEEK_SET)         = 66696
31461 read(3, "\213\0\0\0\1\0\0\0\6\0\0\0\0\0\0\0000\7\0\0\0\0\0\0000\7\0\0\0\0\0\0\364\0\0\0\0\0\0\0\0\0\0\0\0\0\0\0\20\0\0\0\0\0\0\0\0\0\0\0\0\0\0\0", 64) = 64
31461 lseek(3, 65751, SEEK_SET)         = 65751
31461 read(3, ".text\0.fini\0.eh_frame_hdr\0.eh_frame\0.init_array\0.fini_array\0.dynamic\0.got\0.got.plt\0.data\0.bss\0.gnu_debuglink\0", 109) = 109
31461 lseek(3, 65751, SEEK_SET)         = 65751
31461 read(3, ".text\0", 6)             = 6
31461 lseek(3, 66760, SEEK_SET)         = 66760
31461 read(3, "\221\0\0\0\1\0\0\0\6\0\0\0\0\0\0\0$\10\0\0\0\0\0\0$\10\0\0\0\0\0\0\24\0\0\0\0\0\0\0\0\0\0\0\0\0\0\0\4\0\0\0\0\0\0\0\0\0\0\0\0\0\0\0", 64) = 64
31461 lseek(3, 65757, SEEK_SET)         = 65757
31461 read(3, ".fini\0.eh_frame_hdr\0.eh_frame\0.init_array\0.fini_array\0.dynamic\0.got\0.got.plt\0.data\0.bss\0.gnu_debuglink\0", 103) = 103
31461 lseek(3, 65757, SEEK_SET)         = 65757
31461 read(3, ".fini\0", 6)             = 6
31461 lseek(3, 66824, SEEK_SET)         = 66824
31461 read(3, "\227\0\0\0\1\0\0\0\2\0\0\0\0\0\0\08\10\0\0\0\0\0\08\10\0\0\0\0\0\0004\0\0\0\0\0\0\0\0\0\0\0\0\0\0\0\4\0\0\0\0\0\0\0\0\0\0\0\0\0\0\0", 64) = 64
31461 lseek(3, 65763, SEEK_SET)         = 65763
31461 read(3, ".eh_frame_hdr\0.eh_frame\0.init_array\0.fini_array\0.dynamic\0.got\0.got.plt\0.data\0.bss\0.gnu_debuglink\0", 97) = 97
31461 lseek(3, 65763, SEEK_SET)         = 65763
31461 read(3, ".eh_frame_hdr\0", 14)    = 14
31461 lseek(3, 66888, SEEK_SET)         = 66888
31461 read(3, "\245\0\0\0\1\0\0\0\2\0\0\0\0\0\0\0p\10\0\0\0\0\0\0p\10\0\0\0\0\0\0\220\0\0\0\0\0\0\0\0\0\0\0\0\0\0\0\10\0\0\0\0\0\0\0\0\0\0\0\0\0\0\0", 64) = 64
31461 lseek(3, 65777, SEEK_SET)         = 65777
31461 read(3, ".eh_frame\0.init_array\0.fini_array\0.dynamic\0.got\0.got.plt\0.data\0.bss\0.gnu_debuglink\0", 83) = 83
31461 lseek(3, 65777, SEEK_SET)         = 65777
31461 read(3, ".eh_frame\0", 10)        = 10
31461 lseek(3, 66952, SEEK_SET)         = 66952
31461 read(3, "\257\0\0\0\16\0\0\0\3\0\0\0\0\0\0\0\300\375\1\0\0\0\0\0\300\375\0\0\0\0\0\0\10\0\0\0\0\0\0\0\0\0\0\0\0\0\0\0\10\0\0\0\0\0\0\0\10\0\0\0\0\0\0\0", 64) = 64
31461 lseek(3, 67016, SEEK_SET)         = 67016
31461 read(3, "\273\0\0\0\17\0\0\0\3\0\0\0\0\0\0\0\310\375\1\0\0\0\0\0\310\375\0\0\0\0\0\0\10\0\0\0\0\0\0\0\0\0\0\0\0\0\0\0\10\0\0\0\0\0\0\0\10\0\0\0\0\0\0\0", 64) = 64
31461 lseek(3, 67080, SEEK_SET)         = 67080
31461 read(3, "\307\0\0\0\6\0\0\0\3\0\0\0\0\0\0\0\320\375\1\0\0\0\0\0\320\375\0\0\0\0\0\0\360\1\0\0\0\0\0\0\5\0\0\0\0\0\0\0\10\0\0\0\0\0\0\0\20\0\0\0\0\0\0\0", 64) = 64
31461 lseek(3, 67144, SEEK_SET)         = 67144
31461 read(3, "\320\0\0\0\1\0\0\0\3\0\0\0\0\0\0\0\300\377\1\0\0\0\0\0\300\377\0\0\0\0\0\0(\0\0\0\0\0\0\0\0\0\0\0\0\0\0\0\10\0\0\0\0\0\0\0\10\0\0\0\0\0\0\0", 64) = 64
31461 lseek(3, 65820, SEEK_SET)         = 65820
31461 read(3, ".got\0.got.plt\0.data\0.bss\0.gnu_debuglink\0", 40) = 40
31461 lseek(3, 65820, SEEK_SET)         = 65820
31461 read(3, ".got\0", 5)              = 5
31461 lseek(3, 67208, SEEK_SET)         = 67208
31461 read(3, "\325\0\0\0\1\0\0\0\3\0\0\0\0\0\0\0\350\377\1\0\0\0\0\0\350\377\0\0\0\0\0\0(\0\0\0\0\0\0\0\0\0\0\0\0\0\0\0\10\0\0\0\0\0\0\0\10\0\0\0\0\0\0\0", 64) = 64
31461 lseek(3, 65825, SEEK_SET)         = 65825
31461 read(3, ".got.plt\0.data\0.bss\0.gnu_debuglink\0", 35) = 35
31461 lseek(3, 65825, SEEK_SET)         = 65825
31461 read(3, ".got.plt\0", 9)          = 9
31461 lseek(3, 67272, SEEK_SET)         = 67272
31461 read(3, "\336\0\0\0\1\0\0\0\3\0\0\0\0\0\0\0\20\0\2\0\0\0\0\0\20\0\1\0\0\0\0\0\10\0\0\0\0\0\0\0\0\0\0\0\0\0\0\0\10\0\0\0\0\0\0\0\0\0\0\0\0\0\0\0", 64) = 64
31461 lseek(3, 65834, SEEK_SET)         = 65834
31461 read(3, ".data\0.bss\0.gnu_debuglink\0", 26) = 26
31461 lseek(3, 65834, SEEK_SET)         = 65834
31461 read(3, ".data\0", 6)             = 6
31461 lseek(3, 67336, SEEK_SET)         = 67336
31461 read(3, "\344\0\0\0\10\0\0\0\3\0\0\0\0\0\0\0\30\0\2\0\0\0\0\0\30\0\1\0\0\0\0\0\10\0\0\0\0\0\0\0\0\0\0\0\0\0\0\0\1\0\0\0\0\0\0\0\0\0\0\0\0\0\0\0", 64) = 64
31461 lseek(3, 67400, SEEK_SET)         = 67400
31461 read(3, "\351\0\0\0\1\0\0\0\0\0\0\0\0\0\0\0\0\0\0\0\0\0\0\0\30\0\1\0\0\0\0\0004\0\0\0\0\0\0\0\0\0\0\0\0\0\0\0\4\0\0\0\0\0\0\0\0\0\0\0\0\0\0\0", 64) = 64
31461 lseek(3, 65845, SEEK_SET)         = 65845
31461 read(3, ".gnu_debuglink\0", 15)   = 15
31461 lseek(3, 65845, SEEK_SET)         = 65845
31461 read(3, ".gnu_debuglink\0", 15)   = 15
31461 lseek(3, 65560, SEEK_SET)         = 65560
31461 read(3, "d62b636edd316703fc817936f9d20952512057.debug\0\0\0\0", 48) = 48
31461 read(3, "3\377\5\20", 4)          = 4
31461 rt_sigprocmask(SIG_SETMASK, ~[RTMIN RT_1], [], 8) = 0
31461 rt_sigprocmask(SIG_SETMASK, [], NULL, 8) = 0
31461 close(3)                          = 0
31461 rt_sigprocmask(SIG_SETMASK, ~[RTMIN RT_1], [], 8) = 0
31461 rt_sigprocmask(SIG_SETMASK, [], NULL, 8) = 0
31461 readlinkat(AT_FDCWD, "/lib", "usr/lib", 1023) = 7
31461 readlinkat(AT_FDCWD, "/usr", 0x7fc472b6c0, 1023) = -1 EINVAL (Invalid argument)
31461 readlinkat(AT_FDCWD, "/usr/lib", 0x7fc472b6c0, 1023) = -1 EINVAL (Invalid argument)
31461 readlinkat(AT_FDCWD, "/usr/lib/aarch64-linux-gnu", 0x7fc472b6c0, 1023) = -1 EINVAL (Invalid argument)
31461 readlinkat(AT_FDCWD, "/usr/lib/aarch64-linux-gnu/libpisp.so.1", "libpisp.so.1.2.1", 1023) = 16
31461 readlinkat(AT_FDCWD, "/usr/lib/aarch64-linux-gnu/libpisp.so.1.2.1", 0x7fc472b6c0, 1023) = -1 EINVAL (Invalid argument)
31461 rt_sigprocmask(SIG_SETMASK, ~[RTMIN RT_1], [], 8) = 0
31461 rt_sigprocmask(SIG_SETMASK, [], NULL, 8) = 0
31461 openat(AT_FDCWD, "/usr/lib/aarch64-linux-gnu/libpisp.so.1.2.1", O_RDONLY|O_CLOEXEC) = 3
31461 rt_sigprocmask(SIG_SETMASK, ~[RTMIN RT_1], [], 8) = 0
31461 rt_sigprocmask(SIG_SETMASK, [], NULL, 8) = 0
31461 read(3, "\177ELF\2\1\1\3\0\0\0\0\0\0\0\0", 16) = 16
31461 lseek(3, 0, SEEK_SET)             = 0
31461 read(3, "\177ELF\2\1\1\3\0\0\0\0\0\0\0\0\3\0\267\0\1\0\0\0\0\0\0\0\0\0\0\0@\0\0\0\0\0\0\0`\21\r\0\0\0\0\0\0\0\0\0@\08\0\7\0@\0\33\0\32\0", 64) = 64
31461 lseek(3, 858080, SEEK_SET)        = 858080
31461 read(3, "\1\0\0\0\3\0\0\0\0\0\0\0\0\0\0\0\0\0\0\0\0\0\0\0\\\20\r\0\0\0\0\0\2\1\0\0\0\0\0\0\0\0\0\0\0\0\0\0\1\0\0\0\0\0\0\0\0\0\0\0\0\0\0\0", 64) = 64
31461 lseek(3, 64, SEEK_SET)            = 64
31461 read(3, "\1\0\0\0\5\0\0\0\0\0\0\0\0\0\0\0\0\0\0\0\0\0\0\0\0\0\0\0\0\0\0\0\3476\f\0\0\0\0\0\3476\f\0\0\0\0\0\0\0\1\0\0\0\0\0", 56) = 56
31461 lseek(3, 120, SEEK_SET)           = 120
31461 read(3, "\1\0\0\0\6\0\0\0000\341\f\0\0\0\0\0000\341\r\0\0\0\0\0000\341\r\0\0\0\0\0\370.\0\0\0\0\0\0\2404\0\0\0\0\0\0\0\0\1\0\0\0\0\0", 56) = 56
31461 lseek(3, 176, SEEK_SET)           = 176
31461 read(3, "\2\0\0\0\6\0\0\0(\370\f\0\0\0\0\0(\370\r\0\0\0\0\0(\370\r\0\0\0\0\0000\2\0\0\0\0\0\0000\2\0\0\0\0\0\0\10\0\0\0\0\0\0\0", 56) = 56
31461 lseek(3, 232, SEEK_SET)           = 232
31461 read(3, "\4\0\0\0\4\0\0\0\310\1\0\0\0\0\0\0\310\1\0\0\0\0\0\0\310\1\0\0\0\0\0\0$\0\0\0\0\0\0\0$\0\0\0\0\0\0\0\4\0\0\0\0\0\0\0", 56) = 56
31461 lseek(3, 288, SEEK_SET)           = 288
31461 read(3, "P\345td\4\0\0\0\220\376\n\0\0\0\0\0\220\376\n\0\0\0\0\0\220\376\n\0\0\0\0\0004\34\0\0\0\0\0\0004\34\0\0\0\0\0\0\4\0\0\0\0\0\0\0", 56) = 56
31461 lseek(3, 344, SEEK_SET)           = 344
31461 read(3, "Q\345td\6\0\0\0\0\0\0\0\0\0\0\0\0\0\0\0\0\0\0\0\0\0\0\0\0\0\0\0\0\0\0\0\0\0\0\0\0\0\0\0\0\0\0\0\20\0\0\0\0\0\0\0", 56) = 56
31461 lseek(3, 400, SEEK_SET)           = 400
31461 read(3, "R\345td\4\0\0\0000\341\f\0\0\0\0\0000\341\r\0\0\0\0\0000\341\r\0\0\0\0\0\320\36\0\0\0\0\0\0\320\36\0\0\0\0\0\0\1\0\0\0\0\0\0\0", 56) = 56
31461 lseek(3, 64, SEEK_SET)            = 64
31461 read(3, "\1\0\0\0\5\0\0\0\0\0\0\0\0\0\0\0\0\0\0\0\0\0\0\0\0\0\0\0\0\0\0\0\3476\f\0\0\0\0\0\3476\f\0\0\0\0\0\0\0\1\0\0\0\0\0", 56) = 56
31461 lseek(3, 120, SEEK_SET)           = 120
31461 read(3, "\1\0\0\0\6\0\0\0000\341\f\0\0\0\0\0000\341\r\0\0\0\0\0000\341\r\0\0\0\0\0\370.\0\0\0\0\0\0\2404\0\0\0\0\0\0\0\0\1\0\0\0\0\0", 56) = 56
31461 lseek(3, 176, SEEK_SET)           = 176
31461 read(3, "\2\0\0\0\6\0\0\0(\370\f\0\0\0\0\0(\370\r\0\0\0\0\0(\370\r\0\0\0\0\0000\2\0\0\0\0\0\0000\2\0\0\0\0\0\0\10\0\0\0\0\0\0\0", 56) = 56
31461 lseek(3, 232, SEEK_SET)           = 232
31461 read(3, "\4\0\0\0\4\0\0\0\310\1\0\0\0\0\0\0\310\1\0\0\0\0\0\0\310\1\0\0\0\0\0\0$\0\0\0\0\0\0\0$\0\0\0\0\0\0\0\4\0\0\0\0\0\0\0", 56) = 56
31461 lseek(3, 456, SEEK_SET)           = 456
31461 read(3, "\4\0\0\0\24\0\0\0\3\0\0\0", 12) = 12
31461 lseek(3, 472, SEEK_SET)           = 472
31461 read(3, "S\267\233\246r\177\6\272&A\253$\215\213\355\304\225\326p!", 20) = 20
31461 lseek(3, 856416, SEEK_SET)        = 856416
31461 read(3, "\0\0\0\0\0\0\0\0\0\0\0\0\0\0\0\0\0\0\0\0\0\0\0\0\0\0\0\0\0\0\0\0\0\0\0\0\0\0\0\0\0\0\0\0\0\0\0\0\0\0\0\0\0\0\0\0\0\0\0\0\0\0\0\0", 64) = 64
31461 lseek(3, 856480, SEEK_SET)        = 856480
31461 read(3, "\v\0\0\0\7\0\0\0\2\0\0\0\0\0\0\0\310\1\0\0\0\0\0\0\310\1\0\0\0\0\0\0$\0\0\0\0\0\0\0\0\0\0\0\0\0\0\0\4\0\0\0\0\0\0\0\0\0\0\0\0\0\0\0", 64) = 64
31461 lseek(3, 856544, SEEK_SET)        = 856544
31461 read(3, "\36\0\0\0\366\377\377o\2\0\0\0\0\0\0\0\360\1\0\0\0\0\0\0\360\1\0\0\0\0\0\0\204$\0\0\0\0\0\0\3\0\0\0\0\0\0\0\10\0\0\0\0\0\0\0\0\0\0\0\0\0\0\0", 64) = 64
31461 lseek(3, 856608, SEEK_SET)        = 856608
31461 read(3, "(\0\0\0\v\0\0\0\2\0\0\0\0\0\0\0x&\0\0\0\0\0\0x&\0\0\0\0\0\0pw\0\0\0\0\0\0\4\0\0\0\3\0\0\0\10\0\0\0\0\0\0\0\30\0\0\0\0\0\0\0", 64) = 64
31461 lseek(3, 856672, SEEK_SET)        = 856672
31461 read(3, "0\0\0\0\3\0\0\0\2\0\0\0\0\0\0\0\350\235\0\0\0\0\0\0\350\235\0\0\0\0\0\0U\252\1\0\0\0\0\0\0\0\0\0\0\0\0\0\1\0\0\0\0\0\0\0\0\0\0\0\0\0\0\0", 64) = 64
31461 lseek(3, 856736, SEEK_SET)        = 856736
31461 read(3, "8\0\0\0\377\377\377o\2\0\0\0\0\0\0\0>H\2\0\0\0\0\0>H\2\0\0\0\0\0\364\t\0\0\0\0\0\0\3\0\0\0\0\0\0\0\2\0\0\0\0\0\0\0\2\0\0\0\0\0\0\0", 64) = 64
31461 lseek(3, 856800, SEEK_SET)        = 856800
31461 read(3, "E\0\0\0\376\377\377o\2\0\0\0\0\0\0\08R\2\0\0\0\0\08R\2\0\0\0\0\0\200\1\0\0\0\0\0\0\4\0\0\0\4\0\0\0\10\0\0\0\0\0\0\0\0\0\0\0\0\0\0\0", 64) = 64
31461 lseek(3, 856864, SEEK_SET)        = 856864
31461 read(3, "T\0\0\0\4\0\0\0\2\0\0\0\0\0\0\0\270S\2\0\0\0\0\0\270S\2\0\0\0\0\0\260L\0\0\0\0\0\0\3\0\0\0\0\0\0\0\10\0\0\0\0\0\0\0\30\0\0\0\0\0\0\0", 64) = 64
31461 lseek(3, 856928, SEEK_SET)        = 856928
31461 read(3, "^\0\0\0\4\0\0\0B\0\0\0\0\0\0\0h\240\2\0\0\0\0\0h\240\2\0\0\0\0\0\0300\0\0\0\0\0\0\3\0\0\0\26\0\0\0\10\0\0\0\0\0\0\0\30\0\0\0\0\0\0\0", 64) = 64
31461 lseek(3, 856992, SEEK_SET)        = 856992
31461 read(3, "h\0\0\0\1\0\0\0\6\0\0\0\0\0\0\0\200\320\2\0\0\0\0\0\200\320\2\0\0\0\0\0\30\0\0\0\0\0\0\0\0\0\0\0\0\0\0\0\4\0\0\0\0\0\0\0\0\0\0\0\0\0\0\0", 64) = 64
31461 lseek(3, 856260, SEEK_SET)        = 856260
31461 read(3, ".init\0.text\0.fini\0.rodata\0.eh_frame_hdr\0.eh_frame\0.gcc_except_table\0.init_array\0.fini_array\0.data.rel.ro\0.dynamic\0.got\0.got.plt\0.data\0.bss\0.gnu_debuglink\0", 154) = 154
31461 lseek(3, 856260, SEEK_SET)        = 856260
31461 read(3, ".init\0", 6)             = 6
31461 lseek(3, 857056, SEEK_SET)        = 857056
31461 read(3, "c\0\0\0\1\0\0\0\6\0\0\0\0\0\0\0\240\320\2\0\0\0\0\0\240\320\2\0\0\0\0\0000 \0\0\0\0\0\0\0\0\0\0\0\0\0\0\20\0\0\0\0\0\0\0\0\0\0\0\0\0\0\0", 64) = 64
31461 lseek(3, 856255, SEEK_SET)        = 856255
31461 read(3, ".plt\0.init\0.text\0.fini\0.rodata\0.eh_frame_hdr\0.eh_frame\0.gcc_except_table\0.init_array\0.fini_array\0.data.rel.ro\0.dynamic\0.got\0.got.plt\0.data\0.bss\0.gnu_debuglink\0", 159) = 159
31461 lseek(3, 856255, SEEK_SET)        = 856255
31461 read(3, ".plt\0", 5)              = 5
31461 lseek(3, 857120, SEEK_SET)        = 857120
31461 read(3, "n\0\0\0\1\0\0\0\6\0\0\0\0\0\0\0\320\360\2\0\0\0\0\0\320\360\2\0\0\0\0\0\320\353\6\0\0\0\0\0\0\0\0\0\0\0\0\0\20\0\0\0\0\0\0\0\0\0\0\0\0\0\0\0", 64) = 64
31461 lseek(3, 856266, SEEK_SET)        = 856266
31461 read(3, ".text\0.fini\0.rodata\0.eh_frame_hdr\0.eh_frame\0.gcc_except_table\0.init_array\0.fini_array\0.data.rel.ro\0.dynamic\0.got\0.got.plt\0.data\0.bss\0.gnu_debuglink\0", 148) = 148
31461 lseek(3, 856266, SEEK_SET)        = 856266
31461 read(3, ".text\0", 6)             = 6
31461 lseek(3, 857184, SEEK_SET)        = 857184
31461 read(3, "t\0\0\0\1\0\0\0\6\0\0\0\0\0\0\0\240\334\t\0\0\0\0\0\240\334\t\0\0\0\0\0\24\0\0\0\0\0\0\0\0\0\0\0\0\0\0\0\4\0\0\0\0\0\0\0\0\0\0\0\0\0\0\0", 64) = 64
31461 lseek(3, 856272, SEEK_SET)        = 856272
31461 read(3, ".fini\0.rodata\0.eh_frame_hdr\0.eh_frame\0.gcc_except_table\0.init_array\0.fini_array\0.data.rel.ro\0.dynamic\0.got\0.got.plt\0.data\0.bss\0.gnu_debuglink\0", 142) = 142
31461 lseek(3, 856272, SEEK_SET)        = 856272
31461 read(3, ".fini\0", 6)             = 6
31461 lseek(3, 857248, SEEK_SET)        = 857248
31461 read(3, "z\0\0\0\1\0\0\0\2\0\0\0\0\0\0\0\300\334\t\0\0\0\0\0\300\334\t\0\0\0\0\0\320!\1\0\0\0\0\0\0\0\0\0\0\0\0\0\20\0\0\0\0\0\0\0\0\0\0\0\0\0\0\0", 64) = 64
31461 lseek(3, 856278, SEEK_SET)        = 856278
31461 read(3, ".rodata\0.eh_frame_hdr\0.eh_frame\0.gcc_except_table\0.init_array\0.fini_array\0.data.rel.ro\0.dynamic\0.got\0.got.plt\0.data\0.bss\0.gnu_debuglink\0", 136) = 136
31461 lseek(3, 856278, SEEK_SET)        = 856278
31461 read(3, ".rodata\0", 8)           = 8
31461 lseek(3, 857312, SEEK_SET)        = 857312
31461 read(3, "\202\0\0\0\1\0\0\0\2\0\0\0\0\0\0\0\220\376\n\0\0\0\0\0\220\376\n\0\0\0\0\0004\34\0\0\0\0\0\0\0\0\0\0\0\0\0\0\4\0\0\0\0\0\0\0\0\0\0\0\0\0\0\0", 64) = 64
31461 lseek(3, 856286, SEEK_SET)        = 856286
31461 read(3, ".eh_frame_hdr\0.eh_frame\0.gcc_except_table\0.init_array\0.fini_array\0.data.rel.ro\0.dynamic\0.got\0.got.plt\0.data\0.bss\0.gnu_debuglink\0", 128) = 128
31461 lseek(3, 856286, SEEK_SET)        = 856286
31461 read(3, ".eh_frame_hdr\0", 14)    = 14
31461 lseek(3, 857376, SEEK_SET)        = 857376
31461 read(3, "\220\0\0\0\1\0\0\0\2\0\0\0\0\0\0\0\310\32\v\0\0\0\0\0\310\32\v\0\0\0\0\0,\306\0\0\0\0\0\0\0\0\0\0\0\0\0\0\10\0\0\0\0\0\0\0\0\0\0\0\0\0\0\0", 64) = 64
31461 lseek(3, 856300, SEEK_SET)        = 856300
31461 read(3, ".eh_frame\0.gcc_except_table\0.init_array\0.fini_array\0.data.rel.ro\0.dynamic\0.got\0.got.plt\0.data\0.bss\0.gnu_debuglink\0", 114) = 114
31461 lseek(3, 856300, SEEK_SET)        = 856300
31461 read(3, ".eh_frame\0", 10)        = 10
31461 lseek(3, 857440, SEEK_SET)        = 857440
31461 read(3, "\232\0\0\0\1\0\0\0\2\0\0\0\0\0\0\0\364\340\v\0\0\0\0\0\364\340\v\0\0\0\0\0\363U\0\0\0\0\0\0\0\0\0\0\0\0\0\0\4\0\0\0\0\0\0\0\0\0\0\0\0\0\0\0", 64) = 64
31461 lseek(3, 856310, SEEK_SET)        = 856310
31461 read(3, ".gcc_except_table\0.init_array\0.fini_array\0.data.rel.ro\0.dynamic\0.got\0.got.plt\0.data\0.bss\0.gnu_debuglink\0", 104) = 104
31461 lseek(3, 856310, SEEK_SET)        = 856310
31461 read(3, ".gcc_except_table\0", 18) = 18
31461 lseek(3, 857504, SEEK_SET)        = 857504
31461 read(3, "\254\0\0\0\16\0\0\0\3\0\0\0\0\0\0\0000\341\r\0\0\0\0\0000\341\f\0\0\0\0\0\220\0\0\0\0\0\0\0\0\0\0\0\0\0\0\0\10\0\0\0\0\0\0\0\10\0\0\0\0\0\0\0", 64) = 64
31461 lseek(3, 857568, SEEK_SET)        = 857568
31461 read(3, "\270\0\0\0\17\0\0\0\3\0\0\0\0\0\0\0\300\341\r\0\0\0\0\0\300\341\f\0\0\0\0\0\10\0\0\0\0\0\0\0\0\0\0\0\0\0\0\0\10\0\0\0\0\0\0\0\10\0\0\0\0\0\0\0", 64) = 64
31461 lseek(3, 857632, SEEK_SET)        = 857632
31461 read(3, "\304\0\0\0\1\0\0\0\3\0\0\0\0\0\0\0\310\341\r\0\0\0\0\0\310\341\f\0\0\0\0\0`\26\0\0\0\0\0\0\0\0\0\0\0\0\0\0\10\0\0\0\0\0\0\0\0\0\0\0\0\0\0\0", 64) = 64
31461 lseek(3, 856352, SEEK_SET)        = 856352
31461 read(3, ".data.rel.ro\0.dynamic\0.got\0.got.plt\0.data\0.bss\0.gnu_debuglink\0", 62) = 62
31461 lseek(3, 856352, SEEK_SET)        = 856352
31461 read(3, ".data.rel.ro\0", 13)     = 13
31461 lseek(3, 857696, SEEK_SET)        = 857696
31461 read(3, "\321\0\0\0\6\0\0\0\3\0\0\0\0\0\0\0(\370\r\0\0\0\0\0(\370\f\0\0\0\0\0000\2\0\0\0\0\0\0\4\0\0\0\0\0\0\0\10\0\0\0\0\0\0\0\20\0\0\0\0\0\0\0", 64) = 64
31461 lseek(3, 857760, SEEK_SET)        = 857760
31461 read(3, "\332\0\0\0\1\0\0\0\3\0\0\0\0\0\0\0X\372\r\0\0\0\0\0X\372\f\0\0\0\0\0\220\5\0\0\0\0\0\0\0\0\0\0\0\0\0\0\10\0\0\0\0\0\0\0\10\0\0\0\0\0\0\0", 64) = 64
31461 lseek(3, 856374, SEEK_SET)        = 856374
31461 read(3, ".got\0.got.plt\0.data\0.bss\0.gnu_debuglink\0", 40) = 40
31461 lseek(3, 856374, SEEK_SET)        = 856374
31461 read(3, ".got\0", 5)              = 5
31461 lseek(3, 857824, SEEK_SET)        = 857824
31461 read(3, "\337\0\0\0\1\0\0\0\3\0\0\0\0\0\0\0\350\377\r\0\0\0\0\0\350\377\f\0\0\0\0\0 \20\0\0\0\0\0\0\0\0\0\0\0\0\0\0\10\0\0\0\0\0\0\0\10\0\0\0\0\0\0\0", 64) = 64
31461 lseek(3, 856379, SEEK_SET)        = 856379
31461 read(3, ".got.plt\0.data\0.bss\0.gnu_debuglink\0", 35) = 35
31461 lseek(3, 856379, SEEK_SET)        = 856379
31461 read(3, ".got.plt\0", 9)          = 9
31461 lseek(3, 857888, SEEK_SET)        = 857888
31461 read(3, "\350\0\0\0\1\0\0\0\3\0\0\0\0\0\0\0\10\20\16\0\0\0\0\0\10\20\r\0\0\0\0\0 \0\0\0\0\0\0\0\0\0\0\0\0\0\0\0\10\0\0\0\0\0\0\0\0\0\0\0\0\0\0\0", 64) = 64
31461 lseek(3, 856388, SEEK_SET)        = 856388
31461 read(3, ".data\0.bss\0.gnu_debuglink\0", 26) = 26
31461 lseek(3, 856388, SEEK_SET)        = 856388
31461 read(3, ".data\0", 6)             = 6
31461 lseek(3, 857952, SEEK_SET)        = 857952
31461 read(3, "\356\0\0\0\10\0\0\0\3\0\0\0\0\0\0\0000\20\16\0\0\0\0\0(\20\r\0\0\0\0\0\240\5\0\0\0\0\0\0\0\0\0\0\0\0\0\0\20\0\0\0\0\0\0\0\0\0\0\0\0\0\0\0", 64) = 64
31461 lseek(3, 858016, SEEK_SET)        = 858016
31461 read(3, "\363\0\0\0\1\0\0\0\0\0\0\0\0\0\0\0\0\0\0\0\0\0\0\0(\20\r\0\0\0\0\0004\0\0\0\0\0\0\0\0\0\0\0\0\0\0\0\4\0\0\0\0\0\0\0\0\0\0\0\0\0\0\0", 64) = 64
31461 lseek(3, 856399, SEEK_SET)        = 856399
31461 read(3, ".gnu_debuglink\0", 15)   = 15
31461 lseek(3, 856399, SEEK_SET)        = 856399
31461 read(3, ".gnu_debuglink\0", 15)   = 15
31461 lseek(3, 856104, SEEK_SET)        = 856104
31461 read(3, "b79ba6727f06ba2641ab248d8bedc495d67021.debug\0\0\0\0", 48) = 48
31461 read(3, "#W.%", 4)                = 4
31461 rt_sigprocmask(SIG_SETMASK, ~[RTMIN RT_1], [], 8) = 0
31461 rt_sigprocmask(SIG_SETMASK, [], NULL, 8) = 0
31461 close(3)                          = 0
31461 rt_sigprocmask(SIG_SETMASK, ~[RTMIN RT_1], [], 8) = 0
31461 rt_sigprocmask(SIG_SETMASK, [], NULL, 8) = 0
31461 readlinkat(AT_FDCWD, "/lib", "usr/lib", 1023) = 7
31461 readlinkat(AT_FDCWD, "/usr", 0x7fc472b6c0, 1023) = -1 EINVAL (Invalid argument)
31461 readlinkat(AT_FDCWD, "/usr/lib", 0x7fc472b6c0, 1023) = -1 EINVAL (Invalid argument)
31461 readlinkat(AT_FDCWD, "/usr/lib/aarch64-linux-gnu", 0x7fc472b6c0, 1023) = -1 EINVAL (Invalid argument)
31461 readlinkat(AT_FDCWD, "/usr/lib/aarch64-linux-gnu/libyuv.so.0", "libyuv.so.0.0.1857", 1023) = 18
31461 readlinkat(AT_FDCWD, "/usr/lib/aarch64-linux-gnu/libyuv.so.0.0.1857", 0x7fc472b6c0, 1023) = -1 EINVAL (Invalid argument)
31461 rt_sigprocmask(SIG_SETMASK, ~[RTMIN RT_1], [], 8) = 0
31461 rt_sigprocmask(SIG_SETMASK, [], NULL, 8) = 0
31461 openat(AT_FDCWD, "/usr/lib/aarch64-linux-gnu/libyuv.so.0.0.1857", O_RDONLY|O_CLOEXEC) = 3
31461 rt_sigprocmask(SIG_SETMASK, ~[RTMIN RT_1], [], 8) = 0
31461 rt_sigprocmask(SIG_SETMASK, [], NULL, 8) = 0
31461 read(3, "\177ELF\2\1\1\0\0\0\0\0\0\0\0\0", 16) = 16
31461 lseek(3, 0, SEEK_SET)             = 0
31461 read(3, "\177ELF\2\1\1\0\0\0\0\0\0\0\0\0\3\0\267\0\1\0\0\0\0\0\0\0\0\0\0\0@\0\0\0\0\0\0\0000\1\10\0\0\0\0\0\0\0\0\0@\08\0\7\0@\0\31\0\30\0", 64) = 64
31461 lseek(3, 526128, SEEK_SET)        = 526128
31461 read(3, "\1\0\0\0\3\0\0\0\0\0\0\0\0\0\0\0\0\0\0\0\0\0\0\0D\0\10\0\0\0\0\0\354\0\0\0\0\0\0\0\0\0\0\0\0\0\0\0\1\0\0\0\0\0\0\0\0\0\0\0\0\0\0\0", 64) = 64
31461 lseek(3, 64, SEEK_SET)            = 64
31461 read(3, "\1\0\0\0\5\0\0\0\0\0\0\0\0\0\0\0\0\0\0\0\0\0\0\0\0\0\0\0\0\0\0\0\242\364\6\0\0\0\0\0\242\364\6\0\0\0\0\0\0\0\1\0\0\0\0\0", 56) = 56
31461 lseek(3, 120, SEEK_SET)           = 120
31461 read(3, "\1\0\0\0\6\0\0\0\370\335\7\0\0\0\0\0\370\335\7\0\0\0\0\0\370\335\7\0\0\0\0\0\30\"\0\0\0\0\0\0 \"\0\0\0\0\0\0\0\0\1\0\0\0\0\0", 56) = 56
31461 lseek(3, 176, SEEK_SET)           = 176
31461 read(3, "\2\0\0\0\6\0\0\0\10\336\7\0\0\0\0\0\10\336\7\0\0\0\0\0\10\336\7\0\0\0\0\0@\2\0\0\0\0\0\0@\2\0\0\0\0\0\0\10\0\0\0\0\0\0\0", 56) = 56
31461 lseek(3, 232, SEEK_SET)           = 232
31461 read(3, "\4\0\0\0\4\0\0\0\310\1\0\0\0\0\0\0\310\1\0\0\0\0\0\0\310\1\0\0\0\0\0\0$\0\0\0\0\0\0\0$\0\0\0\0\0\0\0\4\0\0\0\0\0\0\0", 56) = 56
31461 lseek(3, 288, SEEK_SET)           = 288
31461 read(3, "P\345td\4\0\0\0\0\360\5\0\0\0\0\0\0\360\5\0\0\0\0\0\0\360\5\0\0\0\0\0\244\"\0\0\0\0\0\0\244\"\0\0\0\0\0\0\4\0\0\0\0\0\0\0", 56) = 56
31461 lseek(3, 344, SEEK_SET)           = 344
31461 read(3, "Q\345td\6\0\0\0\0\0\0\0\0\0\0\0\0\0\0\0\0\0\0\0\0\0\0\0\0\0\0\0\0\0\0\0\0\0\0\0\0\0\0\0\0\0\0\0\20\0\0\0\0\0\0\0", 56) = 56
31461 lseek(3, 400, SEEK_SET)           = 400
31461 read(3, "R\345td\4\0\0\0\370\335\7\0\0\0\0\0\370\335\7\0\0\0\0\0\370\335\7\0\0\0\0\0\10\"\0\0\0\0\0\0\10\"\0\0\0\0\0\0\1\0\0\0\0\0\0\0", 56) = 56
31461 lseek(3, 64, SEEK_SET)            = 64
31461 read(3, "\1\0\0\0\5\0\0\0\0\0\0\0\0\0\0\0\0\0\0\0\0\0\0\0\0\0\0\0\0\0\0\0\242\364\6\0\0\0\0\0\242\364\6\0\0\0\0\0\0\0\1\0\0\0\0\0", 56) = 56
31461 lseek(3, 120, SEEK_SET)           = 120
31461 read(3, "\1\0\0\0\6\0\0\0\370\335\7\0\0\0\0\0\370\335\7\0\0\0\0\0\370\335\7\0\0\0\0\0\30\"\0\0\0\0\0\0 \"\0\0\0\0\0\0\0\0\1\0\0\0\0\0", 56) = 56
31461 lseek(3, 176, SEEK_SET)           = 176
31461 read(3, "\2\0\0\0\6\0\0\0\10\336\7\0\0\0\0\0\10\336\7\0\0\0\0\0\10\336\7\0\0\0\0\0@\2\0\0\0\0\0\0@\2\0\0\0\0\0\0\10\0\0\0\0\0\0\0", 56) = 56
31461 lseek(3, 232, SEEK_SET)           = 232
31461 read(3, "\4\0\0\0\4\0\0\0\310\1\0\0\0\0\0\0\310\1\0\0\0\0\0\0\310\1\0\0\0\0\0\0$\0\0\0\0\0\0\0$\0\0\0\0\0\0\0\4\0\0\0\0\0\0\0", 56) = 56
31461 lseek(3, 456, SEEK_SET)           = 456
31461 read(3, "\4\0\0\0\24\0\0\0\3\0\0\0", 12) = 12
31461 lseek(3, 472, SEEK_SET)           = 472
31461 read(3, "v):B[\202\315\3437\331R\315\1\352\20)\373\3201]", 20) = 20
31461 lseek(3, 524592, SEEK_SET)        = 524592
31461 read(3, "\0\0\0\0\0\0\0\0\0\0\0\0\0\0\0\0\0\0\0\0\0\0\0\0\0\0\0\0\0\0\0\0\0\0\0\0\0\0\0\0\0\0\0\0\0\0\0\0\0\0\0\0\0\0\0\0\0\0\0\0\0\0\0\0", 64) = 64
31461 lseek(3, 524656, SEEK_SET)        = 524656
31461 read(3, "\v\0\0\0\7\0\0\0\2\0\0\0\0\0\0\0\310\1\0\0\0\0\0\0\310\1\0\0\0\0\0\0$\0\0\0\0\0\0\0\0\0\0\0\0\0\0\0\4\0\0\0\0\0\0\0\0\0\0\0\0\0\0\0", 64) = 64
31461 lseek(3, 524720, SEEK_SET)        = 524720
31461 read(3, "\36\0\0\0\366\377\377o\2\0\0\0\0\0\0\0\360\1\0\0\0\0\0\0\360\1\0\0\0\0\0\0,%\0\0\0\0\0\0\3\0\0\0\0\0\0\0\10\0\0\0\0\0\0\0\0\0\0\0\0\0\0\0", 64) = 64
31461 lseek(3, 524784, SEEK_SET)        = 524784
31461 read(3, "(\0\0\0\v\0\0\0\2\0\0\0\0\0\0\0 '\0\0\0\0\0\0 '\0\0\0\0\0\0xi\0\0\0\0\0\0\4\0\0\0\3\0\0\0\10\0\0\0\0\0\0\0\30\0\0\0\0\0\0\0", 64) = 64
31461 lseek(3, 524848, SEEK_SET)        = 524848
31461 read(3, "0\0\0\0\3\0\0\0\2\0\0\0\0\0\0\0\230\220\0\0\0\0\0\0\230\220\0\0\0\0\0\0\273O\0\0\0\0\0\0\0\0\0\0\0\0\0\0\1\0\0\0\0\0\0\0\0\0\0\0\0\0\0\0", 64) = 64
31461 lseek(3, 524912, SEEK_SET)        = 524912
31461 read(3, "8\0\0\0\377\377\377o\2\0\0\0\0\0\0\0T\340\0\0\0\0\0\0T\340\0\0\0\0\0\0\312\10\0\0\0\0\0\0\3\0\0\0\0\0\0\0\2\0\0\0\0\0\0\0\2\0\0\0\0\0\0\0", 64) = 64
31461 lseek(3, 524976, SEEK_SET)        = 524976
31461 read(3, "E\0\0\0\376\377\377o\2\0\0\0\0\0\0\0 \351\0\0\0\0\0\0 \351\0\0\0\0\0\0\360\0\0\0\0\0\0\0\4\0\0\0\6\0\0\0\10\0\0\0\0\0\0\0\0\0\0\0\0\0\0\0", 64) = 64
31461 lseek(3, 525040, SEEK_SET)        = 525040
31461 read(3, "T\0\0\0\4\0\0\0\2\0\0\0\0\0\0\0\20\352\0\0\0\0\0\0\20\352\0\0\0\0\0\0\0303\0\0\0\0\0\0\3\0\0\0\0\0\0\0\10\0\0\0\0\0\0\0\30\0\0\0\0\0\0\0", 64) = 64
31461 lseek(3, 525104, SEEK_SET)        = 525104
31461 read(3, "^\0\0\0\4\0\0\0B\0\0\0\0\0\0\0(\35\1\0\0\0\0\0(\35\1\0\0\0\0\0\20,\0\0\0\0\0\0\3\0\0\0\24\0\0\0\10\0\0\0\0\0\0\0\30\0\0\0\0\0\0\0", 64) = 64
31461 lseek(3, 525168, SEEK_SET)        = 525168
31461 read(3, "h\0\0\0\1\0\0\0\6\0\0\0\0\0\0\08I\1\0\0\0\0\08I\1\0\0\0\0\0\30\0\0\0\0\0\0\0\0\0\0\0\0\0\0\0\4\0\0\0\0\0\0\0\0\0\0\0\0\0\0\0", 64) = 64
31461 lseek(3, 524460, SEEK_SET)        = 524460
31461 read(3, ".init\0.text\0.fini\0.rodata\0.eh_frame_hdr\0.eh_frame\0.gcc_except_table\0.init_array\0.fini_array\0.dynamic\0.got\0.data\0.bss\0.gnu_debuglink\0", 132) = 132
31461 lseek(3, 524460, SEEK_SET)        = 524460
31461 read(3, ".init\0", 6)             = 6
31461 lseek(3, 525232, SEEK_SET)        = 525232
31461 read(3, "c\0\0\0\1\0\0\0\6\0\0\0\0\0\0\0PI\1\0\0\0\0\0PI\1\0\0\0\0\0\200\35\0\0\0\0\0\0\0\0\0\0\0\0\0\0\20\0\0\0\0\0\0\0\0\0\0\0\0\0\0\0", 64) = 64
31461 lseek(3, 524455, SEEK_SET)        = 524455
31461 read(3, ".plt\0.init\0.text\0.fini\0.rodata\0.eh_frame_hdr\0.eh_frame\0.gcc_except_table\0.init_array\0.fini_array\0.dynamic\0.got\0.data\0.bss\0.gnu_debuglink\0", 137) = 137
31461 lseek(3, 524455, SEEK_SET)        = 524455
31461 read(3, ".plt\0", 5)              = 5
31461 lseek(3, 525296, SEEK_SET)        = 525296
31461 read(3, "n\0\0\0\1\0\0\0\6\0\0\0\0\0\0\0\320f\1\0\0\0\0\0\320f\1\0\0\0\0\0|C\4\0\0\0\0\0\0\0\0\0\0\0\0\0\20\0\0\0\0\0\0\0\0\0\0\0\0\0\0\0", 64) = 64
31461 lseek(3, 524466, SEEK_SET)        = 524466
31461 read(3, ".text\0.fini\0.rodata\0.eh_frame_hdr\0.eh_frame\0.gcc_except_table\0.init_array\0.fini_array\0.dynamic\0.got\0.data\0.bss\0.gnu_debuglink\0", 126) = 126
31461 lseek(3, 524466, SEEK_SET)        = 524466
31461 read(3, ".text\0", 6)             = 6
31461 lseek(3, 525360, SEEK_SET)        = 525360
31461 read(3, "t\0\0\0\1\0\0\0\6\0\0\0\0\0\0\0L\252\5\0\0\0\0\0L\252\5\0\0\0\0\0\24\0\0\0\0\0\0\0\0\0\0\0\0\0\0\0\4\0\0\0\0\0\0\0\0\0\0\0\0\0\0\0", 64) = 64
31461 lseek(3, 524472, SEEK_SET)        = 524472
31461 read(3, ".fini\0.rodata\0.eh_frame_hdr\0.eh_frame\0.gcc_except_table\0.init_array\0.fini_array\0.dynamic\0.got\0.data\0.bss\0.gnu_debuglink\0", 120) = 120
31461 lseek(3, 524472, SEEK_SET)        = 524472
31461 read(3, ".fini\0", 6)             = 6
31461 lseek(3, 525424, SEEK_SET)        = 525424
31461 read(3, "z\0\0\0\1\0\0\0\2\0\0\0\0\0\0\0`\252\5\0\0\0\0\0`\252\5\0\0\0\0\0\240E\0\0\0\0\0\0\0\0\0\0\0\0\0\0\20\0\0\0\0\0\0\0\0\0\0\0\0\0\0\0", 64) = 64
31461 lseek(3, 524478, SEEK_SET)        = 524478
31461 read(3, ".rodata\0.eh_frame_hdr\0.eh_frame\0.gcc_except_table\0.init_array\0.fini_array\0.dynamic\0.got\0.data\0.bss\0.gnu_debuglink\0", 114) = 114
31461 lseek(3, 524478, SEEK_SET)        = 524478
31461 read(3, ".rodata\0", 8)           = 8
31461 lseek(3, 525488, SEEK_SET)        = 525488
31461 read(3, "\202\0\0\0\1\0\0\0\2\0\0\0\0\0\0\0\0\360\5\0\0\0\0\0\0\360\5\0\0\0\0\0\244\"\0\0\0\0\0\0\0\0\0\0\0\0\0\0\4\0\0\0\0\0\0\0\0\0\0\0\0\0\0\0", 64) = 64
31461 lseek(3, 524486, SEEK_SET)        = 524486
31461 read(3, ".eh_frame_hdr\0.eh_frame\0.gcc_except_table\0.init_array\0.fini_array\0.dynamic\0.got\0.data\0.bss\0.gnu_debuglink\0", 106) = 106
31461 lseek(3, 524486, SEEK_SET)        = 524486
31461 read(3, ".eh_frame_hdr\0", 14)    = 14
31461 lseek(3, 525552, SEEK_SET)        = 525552
31461 read(3, "\220\0\0\0\1\0\0\0\2\0\0\0\0\0\0\0\250\22\6\0\0\0\0\0\250\22\6\0\0\0\0\0\230\341\0\0\0\0\0\0\0\0\0\0\0\0\0\0\10\0\0\0\0\0\0\0\0\0\0\0\0\0\0\0", 64) = 64
31461 lseek(3, 524500, SEEK_SET)        = 524500
31461 read(3, ".eh_frame\0.gcc_except_table\0.init_array\0.fini_array\0.dynamic\0.got\0.data\0.bss\0.gnu_debuglink\0", 92) = 92
31461 lseek(3, 524500, SEEK_SET)        = 524500
31461 read(3, ".eh_frame\0", 10)        = 10
31461 lseek(3, 525616, SEEK_SET)        = 525616
31461 read(3, "\232\0\0\0\1\0\0\0\2\0\0\0\0\0\0\0@\364\6\0\0\0\0\0@\364\6\0\0\0\0\0b\0\0\0\0\0\0\0\0\0\0\0\0\0\0\0\1\0\0\0\0\0\0\0\0\0\0\0\0\0\0\0", 64) = 64
31461 lseek(3, 524510, SEEK_SET)        = 524510
31461 read(3, ".gcc_except_table\0.init_array\0.fini_array\0.dynamic\0.got\0.data\0.bss\0.gnu_debuglink\0", 82) = 82
31461 lseek(3, 524510, SEEK_SET)        = 524510
31461 read(3, ".gcc_except_table\0", 18) = 18
31461 lseek(3, 525680, SEEK_SET)        = 525680
31461 read(3, "\254\0\0\0\16\0\0\0\3\0\0\0\0\0\0\0\370\335\7\0\0\0\0\0\370\335\7\0\0\0\0\0\10\0\0\0\0\0\0\0\0\0\0\0\0\0\0\0\10\0\0\0\0\0\0\0\10\0\0\0\0\0\0\0", 64) = 64
31461 lseek(3, 525744, SEEK_SET)        = 525744
31461 read(3, "\270\0\0\0\17\0\0\0\3\0\0\0\0\0\0\0\0\336\7\0\0\0\0\0\0\336\7\0\0\0\0\0\10\0\0\0\0\0\0\0\0\0\0\0\0\0\0\0\10\0\0\0\0\0\0\0\10\0\0\0\0\0\0\0", 64) = 64
31461 lseek(3, 525808, SEEK_SET)        = 525808
31461 read(3, "\304\0\0\0\6\0\0\0\3\0\0\0\0\0\0\0\10\336\7\0\0\0\0\0\10\336\7\0\0\0\0\0@\2\0\0\0\0\0\0\4\0\0\0\0\0\0\0\10\0\0\0\0\0\0\0\20\0\0\0\0\0\0\0", 64) = 64
31461 lseek(3, 525872, SEEK_SET)        = 525872
31461 read(3, "\315\0\0\0\1\0\0\0\3\0\0\0\0\0\0\0H\340\7\0\0\0\0\0H\340\7\0\0\0\0\0\270\37\0\0\0\0\0\0\0\0\0\0\0\0\0\0\10\0\0\0\0\0\0\0\10\0\0\0\0\0\0\0", 64) = 64
31461 lseek(3, 524561, SEEK_SET)        = 524561
31461 read(3, ".got\0.data\0.bss\0.gnu_debuglink\0", 31) = 31
31461 lseek(3, 524561, SEEK_SET)        = 524561
31461 read(3, ".got\0", 5)              = 5
31461 lseek(3, 525936, SEEK_SET)        = 525936
31461 read(3, "\322\0\0\0\1\0\0\0\3\0\0\0\0\0\0\0\0\0\10\0\0\0\0\0\0\0\10\0\0\0\0\0\20\0\0\0\0\0\0\0\0\0\0\0\0\0\0\0\10\0\0\0\0\0\0\0\0\0\0\0\0\0\0\0", 64) = 64
31461 lseek(3, 524566, SEEK_SET)        = 524566
31461 read(3, ".data\0.bss\0.gnu_debuglink\0", 26) = 26
31461 lseek(3, 524566, SEEK_SET)        = 524566
31461 read(3, ".data\0", 6)             = 6
31461 lseek(3, 526000, SEEK_SET)        = 526000
31461 read(3, "\330\0\0\0\10\0\0\0\3\0\0\0\0\0\0\0\20\0\10\0\0\0\0\0\20\0\10\0\0\0\0\0\10\0\0\0\0\0\0\0\0\0\0\0\0\0\0\0\4\0\0\0\0\0\0\0\0\0\0\0\0\0\0\0", 64) = 64
31461 lseek(3, 526064, SEEK_SET)        = 526064
31461 read(3, "\335\0\0\0\1\0\0\0\0\0\0\0\0\0\0\0\0\0\0\0\0\0\0\0\20\0\10\0\0\0\0\0004\0\0\0\0\0\0\0\0\0\0\0\0\0\0\0\4\0\0\0\0\0\0\0\0\0\0\0\0\0\0\0", 64) = 64
31461 lseek(3, 524577, SEEK_SET)        = 524577
31461 read(3, ".gnu_debuglink\0", 15)   = 15
31461 lseek(3, 524577, SEEK_SET)        = 524577
31461 read(3, ".gnu_debuglink\0", 15)   = 15
31461 lseek(3, 524304, SEEK_SET)        = 524304
31461 read(3, "293a425b82cde337d952cd01ea1029fbd0315d.debug\0\0\0\0", 48) = 48
31461 read(3, "'8\201\367", 4)          = 4
31461 rt_sigprocmask(SIG_SETMASK, ~[RTMIN RT_1], [], 8) = 0
31461 rt_sigprocmask(SIG_SETMASK, [], NULL, 8) = 0
31461 close(3)                          = 0
31461 rt_sigprocmask(SIG_SETMASK, ~[RTMIN RT_1], [], 8) = 0
31461 rt_sigprocmask(SIG_SETMASK, [], NULL, 8) = 0
31461 readlinkat(AT_FDCWD, "/lib", "usr/lib", 1023) = 7
31461 readlinkat(AT_FDCWD, "/usr", 0x7fc472b6c0, 1023) = -1 EINVAL (Invalid argument)
31461 readlinkat(AT_FDCWD, "/usr/lib", 0x7fc472b6c0, 1023) = -1 EINVAL (Invalid argument)
31461 readlinkat(AT_FDCWD, "/usr/lib/aarch64-linux-gnu", 0x7fc472b6c0, 1023) = -1 EINVAL (Invalid argument)
31461 readlinkat(AT_FDCWD, "/usr/lib/aarch64-linux-gnu/libgnutls.so.30", "libgnutls.so.30.34.3", 1023) = 20
31461 readlinkat(AT_FDCWD, "/usr/lib/aarch64-linux-gnu/libgnutls.so.30.34.3", 0x7fc472b6c0, 1023) = -1 EINVAL (Invalid argument)
31461 rt_sigprocmask(SIG_SETMASK, ~[RTMIN RT_1], [], 8) = 0
31461 rt_sigprocmask(SIG_SETMASK, [], NULL, 8) = 0
31461 openat(AT_FDCWD, "/usr/lib/aarch64-linux-gnu/libgnutls.so.30.34.3", O_RDONLY|O_CLOEXEC) = 3
31461 rt_sigprocmask(SIG_SETMASK, ~[RTMIN RT_1], [], 8) = 0
31461 rt_sigprocmask(SIG_SETMASK, [], NULL, 8) = 0
31461 read(3, "\177ELF\2\1\1\0\0\0\0\0\0\0\0\0", 16) = 16
31461 lseek(3, 0, SEEK_SET)             = 0
31461 read(3, "\177ELF\2\1\1\0\0\0\0\0\0\0\0\0\3\0\267\0\1\0\0\0\0\0\0\0\0\0\0\0@\0\0\0\0\0\0\0\20\37#\0\0\0\0\0\0\0\0\0@\08\0\10\0@\0\33\0\32\0", 64) = 64
31461 lseek(3, 2303376, SEEK_SET)       = 2303376
31461 read(3, "\1\0\0\0\3\0\0\0\0\0\0\0\0\0\0\0\0\0\0\0\0\0\0\0\24\36#\0\0\0\0\0\374\0\0\0\0\0\0\0\0\0\0\0\0\0\0\0\1\0\0\0\0\0\0\0\0\0\0\0\0\0\0\0", 64) = 64
31461 lseek(3, 64, SEEK_SET)            = 64
31461 read(3, "\1\0\0\0\5\0\0\0\0\0\0\0\0\0\0\0\0\0\0\0\0\0\0\0\0\0\0\0\0\0\0\0dA!\0\0\0\0\0dA!\0\0\0\0\0\0\0\1\0\0\0\0\0", 56) = 56
31461 lseek(3, 120, SEEK_SET)           = 120
31461 read(3, "\1\0\0\0\6\0\0\0\370\364!\0\0\0\0\0\370\364\"\0\0\0\0\0\370\364\"\0\0\0\0\0\350(\1\0\0\0\0\0HZ\1\0\0\0\0\0\0\0\1\0\0\0\0\0", 56) = 56
31461 lseek(3, 176, SEEK_SET)           = 176
31461 read(3, "\2\0\0\0\6\0\0\0\370\324\"\0\0\0\0\0\370\324#\0\0\0\0\0\370\324#\0\0\0\0\0\220\2\0\0\0\0\0\0\220\2\0\0\0\0\0\0\10\0\0\0\0\0\0\0", 56) = 56
31461 lseek(3, 232, SEEK_SET)           = 232
31461 read(3, "\4\0\0\0\4\0\0\0\0\2\0\0\0\0\0\0\0\2\0\0\0\0\0\0\0\2\0\0\0\0\0\0$\0\0\0\0\0\0\0$\0\0\0\0\0\0\0\4\0\0\0\0\0\0\0", 56) = 56
31461 lseek(3, 288, SEEK_SET)           = 288
31461 read(3, "\7\0\0\0\4\0\0\0\370\364!\0\0\0\0\0\370\364\"\0\0\0\0\0\370\364\"\0\0\0\0\0\0\0\0\0\0\0\0\0\20\0\0\0\0\0\0\0\10\0\0\0\0\0\0\0", 56) = 56
31461 lseek(3, 344, SEEK_SET)           = 344
31461 read(3, "P\345td\4\0\0\0 g\36\0\0\0\0\0 g\36\0\0\0\0\0 g\36\0\0\0\0\0TW\0\0\0\0\0\0TW\0\0\0\0\0\0\4\0\0\0\0\0\0\0", 56) = 56
31461 lseek(3, 400, SEEK_SET)           = 400
31461 read(3, "Q\345td\6\0\0\0\0\0\0\0\0\0\0\0\0\0\0\0\0\0\0\0\0\0\0\0\0\0\0\0\0\0\0\0\0\0\0\0\0\0\0\0\0\0\0\0\20\0\0\0\0\0\0\0", 56) = 56
31461 lseek(3, 456, SEEK_SET)           = 456
31461 read(3, "R\345td\4\0\0\0\370\364!\0\0\0\0\0\370\364\"\0\0\0\0\0\370\364\"\0\0\0\0\0\10\v\1\0\0\0\0\0\10\v\1\0\0\0\0\0\1\0\0\0\0\0\0\0", 56) = 56
31461 lseek(3, 64, SEEK_SET)            = 64
31461 read(3, "\1\0\0\0\5\0\0\0\0\0\0\0\0\0\0\0\0\0\0\0\0\0\0\0\0\0\0\0\0\0\0\0dA!\0\0\0\0\0dA!\0\0\0\0\0\0\0\1\0\0\0\0\0", 56) = 56
31461 lseek(3, 120, SEEK_SET)           = 120
31461 read(3, "\1\0\0\0\6\0\0\0\370\364!\0\0\0\0\0\370\364\"\0\0\0\0\0\370\364\"\0\0\0\0\0\350(\1\0\0\0\0\0HZ\1\0\0\0\0\0\0\0\1\0\0\0\0\0", 56) = 56
31461 lseek(3, 176, SEEK_SET)           = 176
31461 read(3, "\2\0\0\0\6\0\0\0\370\324\"\0\0\0\0\0\370\324#\0\0\0\0\0\370\324#\0\0\0\0\0\220\2\0\0\0\0\0\0\220\2\0\0\0\0\0\0\10\0\0\0\0\0\0\0", 56) = 56
31461 lseek(3, 232, SEEK_SET)           = 232
31461 read(3, "\4\0\0\0\4\0\0\0\0\2\0\0\0\0\0\0\0\2\0\0\0\0\0\0\0\2\0\0\0\0\0\0$\0\0\0\0\0\0\0$\0\0\0\0\0\0\0\4\0\0\0\0\0\0\0", 56) = 56
31461 lseek(3, 512, SEEK_SET)           = 512
31461 read(3, "\4\0\0\0\24\0\0\0\3\0\0\0", 12) = 12
31461 lseek(3, 528, SEEK_SET)           = 528
31461 read(3, "\264>\351\nK\n\356\270\311t\375\237\270\252\215W\212\177\262.", 20) = 20
31461 lseek(3, 2301712, SEEK_SET)       = 2301712
31461 read(3, "\0\0\0\0\0\0\0\0\0\0\0\0\0\0\0\0\0\0\0\0\0\0\0\0\0\0\0\0\0\0\0\0\0\0\0\0\0\0\0\0\0\0\0\0\0\0\0\0\0\0\0\0\0\0\0\0\0\0\0\0\0\0\0\0", 64) = 64
31461 lseek(3, 2301776, SEEK_SET)       = 2301776
31461 read(3, "\v\0\0\0\7\0\0\0\2\0\0\0\0\0\0\0\0\2\0\0\0\0\0\0\0\2\0\0\0\0\0\0$\0\0\0\0\0\0\0\0\0\0\0\0\0\0\0\4\0\0\0\0\0\0\0\0\0\0\0\0\0\0\0", 64) = 64
31461 lseek(3, 2301840, SEEK_SET)       = 2301840
31461 read(3, "\36\0\0\0\366\377\377o\2\0\0\0\0\0\0\0(\2\0\0\0\0\0\0(\2\0\0\0\0\0\0h)\0\0\0\0\0\0\3\0\0\0\0\0\0\0\10\0\0\0\0\0\0\0\0\0\0\0\0\0\0\0", 64) = 64
31461 lseek(3, 2301904, SEEK_SET)       = 2301904
31461 read(3, "(\0\0\0\v\0\0\0\2\0\0\0\0\0\0\0\220+\0\0\0\0\0\0\220+\0\0\0\0\0\0\260\257\0\0\0\0\0\0\4\0\0\0\3\0\0\0\10\0\0\0\0\0\0\0\30\0\0\0\0\0\0\0", 64) = 64
31461 lseek(3, 2301968, SEEK_SET)       = 2301968
31461 read(3, "0\0\0\0\3\0\0\0\2\0\0\0\0\0\0\0@\333\0\0\0\0\0\0@\333\0\0\0\0\0\0\326\302\0\0\0\0\0\0\0\0\0\0\0\0\0\0\1\0\0\0\0\0\0\0\0\0\0\0\0\0\0\0", 64) = 64
31461 lseek(3, 2302032, SEEK_SET)       = 2302032
31461 read(3, "8\0\0\0\377\377\377o\2\0\0\0\0\0\0\0\26\236\1\0\0\0\0\0\26\236\1\0\0\0\0\0\244\16\0\0\0\0\0\0\3\0\0\0\0\0\0\0\2\0\0\0\0\0\0\0\2\0\0\0\0\0\0\0", 64) = 64
31461 lseek(3, 2302096, SEEK_SET)       = 2302096
31461 read(3, "E\0\0\0\375\377\377o\2\0\0\0\0\0\0\0\300\254\1\0\0\0\0\0\300\254\1\0\0\0\0\0\10\3\0\0\0\0\0\0\4\0\0\0\26\0\0\0\10\0\0\0\0\0\0\0\0\0\0\0\0\0\0\0", 64) = 64
31461 lseek(3, 2302160, SEEK_SET)       = 2302160
31461 read(3, "T\0\0\0\376\377\377o\2\0\0\0\0\0\0\0\310\257\1\0\0\0\0\0\310\257\1\0\0\0\0\0\20\1\0\0\0\0\0\0\4\0\0\0\7\0\0\0\10\0\0\0\0\0\0\0\0\0\0\0\0\0\0\0", 64) = 64
31461 lseek(3, 2302224, SEEK_SET)       = 2302224
31461 read(3, "c\0\0\0\4\0\0\0\2\0\0\0\0\0\0\0\330\260\1\0\0\0\0\0\330\260\1\0\0\0\0\0\260]\1\0\0\0\0\0\3\0\0\0\0\0\0\0\10\0\0\0\0\0\0\0\30\0\0\0\0\0\0\0", 64) = 64
31461 lseek(3, 2302288, SEEK_SET)       = 2302288
31461 read(3, "m\0\0\0\4\0\0\0B\0\0\0\0\0\0\0\210\16\3\0\0\0\0\0\210\16\3\0\0\0\0\0\230^\0\0\0\0\0\0\3\0\0\0\26\0\0\0\10\0\0\0\0\0\0\0\30\0\0\0\0\0\0\0", 64) = 64
31461 lseek(3, 2302352, SEEK_SET)       = 2302352
31461 read(3, "w\0\0\0\1\0\0\0\6\0\0\0\0\0\0\0 m\3\0\0\0\0\0 m\3\0\0\0\0\0\30\0\0\0\0\0\0\0\0\0\0\0\0\0\0\0\4\0\0\0\0\0\0\0\0\0\0\0\0\0\0\0", 64) = 64
31461 lseek(3, 2301579, SEEK_SET)       = 2301579
31461 read(3, ".init\0.text\0.fini\0.rodata\0.eh_frame_hdr\0.eh_frame\0.tbss\0.init_array\0.fini_array\0.data.rel.ro\0.dynamic\0.got\0.data\0.bss\0.gnu_debuglink\0", 133) = 133
31461 lseek(3, 2301579, SEEK_SET)       = 2301579
31461 read(3, ".init\0", 6)             = 6
31461 lseek(3, 2302416, SEEK_SET)       = 2302416
31461 read(3, "r\0\0\0\1\0\0\0\6\0\0\0\0\0\0\0@m\3\0\0\0\0\0@m\3\0\0\0\0\0 ?\0\0\0\0\0\0\0\0\0\0\0\0\0\0\20\0\0\0\0\0\0\0\0\0\0\0\0\0\0\0", 64) = 64
31461 lseek(3, 2301574, SEEK_SET)       = 2301574
31461 read(3, ".plt\0.init\0.text\0.fini\0.rodata\0.eh_frame_hdr\0.eh_frame\0.tbss\0.init_array\0.fini_array\0.data.rel.ro\0.dynamic\0.got\0.data\0.bss\0.gnu_debuglink\0", 138) = 138
31461 lseek(3, 2301574, SEEK_SET)       = 2301574
31461 read(3, ".plt\0", 5)              = 5
31461 lseek(3, 2302480, SEEK_SET)       = 2302480
31461 read(3, "}\0\0\0\1\0\0\0\6\0\0\0\0\0\0\0\200\254\3\0\0\0\0\0\200\254\3\0\0\0\0\0\360\276\23\0\0\0\0\0\0\0\0\0\0\0\0\0@\0\0\0\0\0\0\0\0\0\0\0\0\0\0\0", 64) = 64
31461 lseek(3, 2301585, SEEK_SET)       = 2301585
31461 read(3, ".text\0.fini\0.rodata\0.eh_frame_hdr\0.eh_frame\0.tbss\0.init_array\0.fini_array\0.data.rel.ro\0.dynamic\0.got\0.data\0.bss\0.gnu_debuglink\0", 127) = 127
31461 lseek(3, 2301585, SEEK_SET)       = 2301585
31461 read(3, ".text\0", 6)             = 6
31461 lseek(3, 2302544, SEEK_SET)       = 2302544
31461 read(3, "\203\0\0\0\1\0\0\0\6\0\0\0\0\0\0\0pk\27\0\0\0\0\0pk\27\0\0\0\0\0\24\0\0\0\0\0\0\0\0\0\0\0\0\0\0\0\4\0\0\0\0\0\0\0\0\0\0\0\0\0\0\0", 64) = 64
31461 lseek(3, 2301591, SEEK_SET)       = 2301591
31461 read(3, ".fini\0.rodata\0.eh_frame_hdr\0.eh_frame\0.tbss\0.init_array\0.fini_array\0.data.rel.ro\0.dynamic\0.got\0.data\0.bss\0.gnu_debuglink\0", 121) = 121
31461 lseek(3, 2301591, SEEK_SET)       = 2301591
31461 read(3, ".fini\0", 6)             = 6
31461 lseek(3, 2302608, SEEK_SET)       = 2302608
31461 read(3, "\211\0\0\0\1\0\0\0\2\0\0\0\0\0\0\0\220k\27\0\0\0\0\0\220k\27\0\0\0\0\0\220\373\6\0\0\0\0\0\0\0\0\0\0\0\0\0\20\0\0\0\0\0\0\0\0\0\0\0\0\0\0\0", 64) = 64
31461 lseek(3, 2301597, SEEK_SET)       = 2301597
31461 read(3, ".rodata\0.eh_frame_hdr\0.eh_frame\0.tbss\0.init_array\0.fini_array\0.data.rel.ro\0.dynamic\0.got\0.data\0.bss\0.gnu_debuglink\0", 115) = 115
31461 lseek(3, 2301597, SEEK_SET)       = 2301597
31461 read(3, ".rodata\0", 8)           = 8
31461 lseek(3, 2302672, SEEK_SET)       = 2302672
31461 read(3, "\221\0\0\0\1\0\0\0\2\0\0\0\0\0\0\0 g\36\0\0\0\0\0 g\36\0\0\0\0\0TW\0\0\0\0\0\0\0\0\0\0\0\0\0\0\4\0\0\0\0\0\0\0\0\0\0\0\0\0\0\0", 64) = 64
31461 lseek(3, 2301605, SEEK_SET)       = 2301605
31461 read(3, ".eh_frame_hdr\0.eh_frame\0.tbss\0.init_array\0.fini_array\0.data.rel.ro\0.dynamic\0.got\0.data\0.bss\0.gnu_debuglink\0", 107) = 107
31461 lseek(3, 2301605, SEEK_SET)       = 2301605
31461 read(3, ".eh_frame_hdr\0", 14)    = 14
31461 lseek(3, 2302736, SEEK_SET)       = 2302736
31461 read(3, "\237\0\0\0\1\0\0\0\2\0\0\0\0\0\0\0x\276\36\0\0\0\0\0x\276\36\0\0\0\0\0\354\202\2\0\0\0\0\0\0\0\0\0\0\0\0\0\10\0\0\0\0\0\0\0\0\0\0\0\0\0\0\0", 64) = 64
31461 lseek(3, 2301619, SEEK_SET)       = 2301619
31461 read(3, ".eh_frame\0.tbss\0.init_array\0.fini_array\0.data.rel.ro\0.dynamic\0.got\0.data\0.bss\0.gnu_debuglink\0", 93) = 93
31461 lseek(3, 2301619, SEEK_SET)       = 2301619
31461 read(3, ".eh_frame\0", 10)        = 10
31461 lseek(3, 2302800, SEEK_SET)       = 2302800
31461 read(3, "\251\0\0\0\10\0\0\0\3\4\0\0\0\0\0\0\370\364\"\0\0\0\0\0\370\364!\0\0\0\0\0\20\0\0\0\0\0\0\0\0\0\0\0\0\0\0\0\10\0\0\0\0\0\0\0\0\0\0\0\0\0\0\0", 64) = 64
31461 lseek(3, 2302864, SEEK_SET)       = 2302864
31461 read(3, "\257\0\0\0\16\0\0\0\3\0\0\0\0\0\0\0\370\364\"\0\0\0\0\0\370\364!\0\0\0\0\0\30\0\0\0\0\0\0\0\0\0\0\0\0\0\0\0\10\0\0\0\0\0\0\0\10\0\0\0\0\0\0\0", 64) = 64
31461 lseek(3, 2302928, SEEK_SET)       = 2302928
31461 read(3, "\273\0\0\0\17\0\0\0\3\0\0\0\0\0\0\0\20\365\"\0\0\0\0\0\20\365!\0\0\0\0\0\20\0\0\0\0\0\0\0\0\0\0\0\0\0\0\0\10\0\0\0\0\0\0\0\10\0\0\0\0\0\0\0", 64) = 64
31461 lseek(3, 2302992, SEEK_SET)       = 2302992
31461 read(3, "\307\0\0\0\1\0\0\0\3\0\0\0\0\0\0\0 \365\"\0\0\0\0\0 \365!\0\0\0\0\0\330\337\0\0\0\0\0\0\0\0\0\0\0\0\0\0\20\0\0\0\0\0\0\0\0\0\0\0\0\0\0\0", 64) = 64
31461 lseek(3, 2301659, SEEK_SET)       = 2301659
31461 read(3, ".data.rel.ro\0.dynamic\0.got\0.data\0.bss\0.gnu_debuglink\0", 53) = 53
31461 lseek(3, 2301659, SEEK_SET)       = 2301659
31461 read(3, ".data.rel.ro\0", 13)     = 13
31461 lseek(3, 2303056, SEEK_SET)       = 2303056
31461 read(3, "\324\0\0\0\6\0\0\0\3\0\0\0\0\0\0\0\370\324#\0\0\0\0\0\370\324\"\0\0\0\0\0\220\2\0\0\0\0\0\0\4\0\0\0\0\0\0\0\10\0\0\0\0\0\0\0\20\0\0\0\0\0\0\0", 64) = 64
31461 lseek(3, 2303120, SEEK_SET)       = 2303120
31461 read(3, "\335\0\0\0\1\0\0\0\3\0\0\0\0\0\0\0\210\327#\0\0\0\0\0\210\327\"\0\0\0\0\0p(\0\0\0\0\0\0\0\0\0\0\0\0\0\0\10\0\0\0\0\0\0\0\10\0\0\0\0\0\0\0", 64) = 64
31461 lseek(3, 2301681, SEEK_SET)       = 2301681
31461 read(3, ".got\0.data\0.bss\0.gnu_debuglink\0", 31) = 31
31461 lseek(3, 2301681, SEEK_SET)       = 2301681
31461 read(3, ".got\0", 5)              = 5
31461 lseek(3, 2303184, SEEK_SET)       = 2303184
31461 read(3, "\342\0\0\0\1\0\0\0\3\0\0\0\0\0\0\0\0\0$\0\0\0\0\0\0\0#\0\0\0\0\0\340\35\0\0\0\0\0\0\0\0\0\0\0\0\0\0\20\0\0\0\0\0\0\0\0\0\0\0\0\0\0\0", 64) = 64
31461 lseek(3, 2301686, SEEK_SET)       = 2301686
31461 read(3, ".data\0.bss\0.gnu_debuglink\0", 26) = 26
31461 lseek(3, 2301686, SEEK_SET)       = 2301686
31461 read(3, ".data\0", 6)             = 6
31461 lseek(3, 2303248, SEEK_SET)       = 2303248
31461 read(3, "\350\0\0\0\10\0\0\0\3\0\0\0\0\0\0\0\340\35$\0\0\0\0\0\340\35#\0\0\0\0\0`1\0\0\0\0\0\0\0\0\0\0\0\0\0\0\20\0\0\0\0\0\0\0\0\0\0\0\0\0\0\0", 64) = 64
31461 lseek(3, 2303312, SEEK_SET)       = 2303312
31461 read(3, "\355\0\0\0\1\0\0\0\0\0\0\0\0\0\0\0\0\0\0\0\0\0\0\0\340\35#\0\0\0\0\0004\0\0\0\0\0\0\0\0\0\0\0\0\0\0\0\4\0\0\0\0\0\0\0\0\0\0\0\0\0\0\0", 64) = 64
31461 lseek(3, 2301697, SEEK_SET)       = 2301697
31461 read(3, ".gnu_debuglink\0", 15)   = 15
31461 lseek(3, 2301697, SEEK_SET)       = 2301697
31461 read(3, ".gnu_debuglink\0", 15)   = 15
31461 lseek(3, 2301408, SEEK_SET)       = 2301408
31461 read(3, "3ee90a4b0aeeb8c974fd9fb8aa8d578a7fb22e.debug\0\0\0\0", 48) = 48
31461 read(3, "L\203\314\177", 4)       = 4
31461 rt_sigprocmask(SIG_SETMASK, ~[RTMIN RT_1], [], 8) = 0
31461 rt_sigprocmask(SIG_SETMASK, [], NULL, 8) = 0
31461 close(3)                          = 0
31461 rt_sigprocmask(SIG_SETMASK, ~[RTMIN RT_1], [], 8) = 0
31461 rt_sigprocmask(SIG_SETMASK, [], NULL, 8) = 0
31461 readlinkat(AT_FDCWD, "/lib", "usr/lib", 1023) = 7
31461 readlinkat(AT_FDCWD, "/usr", 0x7fc472b6c0, 1023) = -1 EINVAL (Invalid argument)
31461 readlinkat(AT_FDCWD, "/usr/lib", 0x7fc472b6c0, 1023) = -1 EINVAL (Invalid argument)
31461 readlinkat(AT_FDCWD, "/usr/lib/aarch64-linux-gnu", 0x7fc472b6c0, 1023) = -1 EINVAL (Invalid argument)
31461 readlinkat(AT_FDCWD, "/usr/lib/aarch64-linux-gnu/liblttng-ust.so.1", "liblttng-ust.so.1.0.0", 1023) = 21
31461 readlinkat(AT_FDCWD, "/usr/lib/aarch64-linux-gnu/liblttng-ust.so.1.0.0", 0x7fc472b6c0, 1023) = -1 EINVAL (Invalid argument)
31461 rt_sigprocmask(SIG_SETMASK, ~[RTMIN RT_1], [], 8) = 0
31461 rt_sigprocmask(SIG_SETMASK, [], NULL, 8) = 0
31461 openat(AT_FDCWD, "/usr/lib/aarch64-linux-gnu/liblttng-ust.so.1.0.0", O_RDONLY|O_CLOEXEC) = 3
31461 rt_sigprocmask(SIG_SETMASK, ~[RTMIN RT_1], [], 8) = 0
31461 rt_sigprocmask(SIG_SETMASK, [], NULL, 8) = 0
31461 read(3, "\177ELF\2\1\1\0\0\0\0\0\0\0\0\0", 16) = 16
31461 lseek(3, 0, SEEK_SET)             = 0
31461 read(3, "\177ELF\2\1\1\0\0\0\0\0\0\0\0\0\3\0\267\0\1\0\0\0\0\0\0\0\0\0\0\0@\0\0\0\0\0\0\0\0Y\10\0\0\0\0\0\0\0\0\0@\08\0\10\0@\0\37\0\36\0", 64) = 64
31461 lseek(3, 548992, SEEK_SET)        = 548992
31461 read(3, "\1\0\0\0\3\0\0\0\0\0\0\0\0\0\0\0\0\0\0\0\0\0\0\0\244W\10\0\0\0\0\0U\1\0\0\0\0\0\0\0\0\0\0\0\0\0\0\1\0\0\0\0\0\0\0\0\0\0\0\0\0\0\0", 64) = 64
31461 lseek(3, 64, SEEK_SET)            = 64
31461 read(3, "\1\0\0\0\5\0\0\0\0\0\0\0\0\0\0\0\0\0\0\0\0\0\0\0\0\0\0\0\0\0\0\0$\226\7\0\0\0\0\0$\226\7\0\0\0\0\0\0\0\1\0\0\0\0\0", 56) = 56
31461 lseek(3, 120, SEEK_SET)           = 120
31461 read(3, "\1\0\0\0\6\0\0\0000\310\7\0\0\0\0\0000\310\10\0\0\0\0\0000\310\10\0\0\0\0\0\360\216\0\0\0\0\0\0X\32\1\0\0\0\0\0\0\0\1\0\0\0\0\0", 56) = 56
31461 lseek(3, 176, SEEK_SET)           = 176
31461 read(3, "\2\0\0\0\6\0\0\0\240\366\7\0\0\0\0\0\240\366\10\0\0\0\0\0\240\366\10\0\0\0\0\0000\2\0\0\0\0\0\0000\2\0\0\0\0\0\0\10\0\0\0\0\0\0\0", 56) = 56
31461 lseek(3, 232, SEEK_SET)           = 232
31461 read(3, "\4\0\0\0\4\0\0\0\0\2\0\0\0\0\0\0\0\2\0\0\0\0\0\0\0\2\0\0\0\0\0\0$\0\0\0\0\0\0\0$\0\0\0\0\0\0\0\4\0\0\0\0\0\0\0", 56) = 56
31461 lseek(3, 288, SEEK_SET)           = 288
31461 read(3, "\7\0\0\0\4\0\0\0000\310\7\0\0\0\0\0000\310\10\0\0\0\0\0000\310\10\0\0\0\0\0(\0\0\0\0\0\0\0\10\t\0\0\0\0\0\0\20\0\0\0\0\0\0\0", 56) = 56
31461 lseek(3, 344, SEEK_SET)           = 344
31461 read(3, "P\345td\4\0\0\0L\275\6\0\0\0\0\0L\275\6\0\0\0\0\0L\275\6\0\0\0\0\0d\31\0\0\0\0\0\0d\31\0\0\0\0\0\0\4\0\0\0\0\0\0\0", 56) = 56
31461 lseek(3, 400, SEEK_SET)           = 400
31461 read(3, "Q\345td\6\0\0\0\0\0\0\0\0\0\0\0\0\0\0\0\0\0\0\0\0\0\0\0\0\0\0\0\0\0\0\0\0\0\0\0\0\0\0\0\0\0\0\0\20\0\0\0\0\0\0\0", 56) = 56
31461 lseek(3, 456, SEEK_SET)           = 456
31461 read(3, "R\345td\4\0\0\0000\310\7\0\0\0\0\0000\310\10\0\0\0\0\0000\310\10\0\0\0\0\0\3207\0\0\0\0\0\0\3207\0\0\0\0\0\0\1\0\0\0\0\0\0\0", 56) = 56
31461 lseek(3, 64, SEEK_SET)            = 64
31461 read(3, "\1\0\0\0\5\0\0\0\0\0\0\0\0\0\0\0\0\0\0\0\0\0\0\0\0\0\0\0\0\0\0\0$\226\7\0\0\0\0\0$\226\7\0\0\0\0\0\0\0\1\0\0\0\0\0", 56) = 56
31461 lseek(3, 120, SEEK_SET)           = 120
31461 read(3, "\1\0\0\0\6\0\0\0000\310\7\0\0\0\0\0000\310\10\0\0\0\0\0000\310\10\0\0\0\0\0\360\216\0\0\0\0\0\0X\32\1\0\0\0\0\0\0\0\1\0\0\0\0\0", 56) = 56
31461 lseek(3, 176, SEEK_SET)           = 176
31461 read(3, "\2\0\0\0\6\0\0\0\240\366\7\0\0\0\0\0\240\366\10\0\0\0\0\0\240\366\10\0\0\0\0\0000\2\0\0\0\0\0\0000\2\0\0\0\0\0\0\10\0\0\0\0\0\0\0", 56) = 56
31461 lseek(3, 232, SEEK_SET)           = 232
31461 read(3, "\4\0\0\0\4\0\0\0\0\2\0\0\0\0\0\0\0\2\0\0\0\0\0\0\0\2\0\0\0\0\0\0$\0\0\0\0\0\0\0$\0\0\0\0\0\0\0\4\0\0\0\0\0\0\0", 56) = 56
31461 lseek(3, 512, SEEK_SET)           = 512
31461 read(3, "\4\0\0\0\24\0\0\0\3\0\0\0", 12) = 12
31461 lseek(3, 528, SEEK_SET)           = 528
31461 read(3, "\236\210\264?\374\223\364[\305Z\207\233\334O/\215:\35\360\332", 20) = 20
31461 lseek(3, 547072, SEEK_SET)        = 547072
31461 read(3, "\0\0\0\0\0\0\0\0\0\0\0\0\0\0\0\0\0\0\0\0\0\0\0\0\0\0\0\0\0\0\0\0\0\0\0\0\0\0\0\0\0\0\0\0\0\0\0\0\0\0\0\0\0\0\0\0\0\0\0\0\0\0\0\0", 64) = 64
31461 lseek(3, 547136, SEEK_SET)        = 547136
31461 read(3, "\v\0\0\0\7\0\0\0\2\0\0\0\0\0\0\0\0\2\0\0\0\0\0\0\0\2\0\0\0\0\0\0$\0\0\0\0\0\0\0\0\0\0\0\0\0\0\0\4\0\0\0\0\0\0\0\0\0\0\0\0\0\0\0", 64) = 64
31461 lseek(3, 547200, SEEK_SET)        = 547200
31461 read(3, "\36\0\0\0\366\377\377o\2\0\0\0\0\0\0\0(\2\0\0\0\0\0\0(\2\0\0\0\0\0\0|\2\0\0\0\0\0\0\3\0\0\0\0\0\0\0\10\0\0\0\0\0\0\0\0\0\0\0\0\0\0\0", 64) = 64
31461 lseek(3, 547264, SEEK_SET)        = 547264
31461 read(3, "(\0\0\0\v\0\0\0\2\0\0\0\0\0\0\0\250\4\0\0\0\0\0\0\250\4\0\0\0\0\0\0(\32\0\0\0\0\0\0\4\0\0\0\5\0\0\0\10\0\0\0\0\0\0\0\30\0\0\0\0\0\0\0", 64) = 64
31461 lseek(3, 547328, SEEK_SET)        = 547328
31461 read(3, "0\0\0\0\3\0\0\0\2\0\0\0\0\0\0\0\320\36\0\0\0\0\0\0\320\36\0\0\0\0\0\0\5 \0\0\0\0\0\0\0\0\0\0\0\0\0\0\1\0\0\0\0\0\0\0\0\0\0\0\0\0\0\0", 64) = 64
31461 lseek(3, 547392, SEEK_SET)        = 547392
31461 read(3, "8\0\0\0\377\377\377o\2\0\0\0\0\0\0\0\326>\0\0\0\0\0\0\326>\0\0\0\0\0\0.\2\0\0\0\0\0\0\3\0\0\0\0\0\0\0\2\0\0\0\0\0\0\0\2\0\0\0\0\0\0\0", 64) = 64
31461 lseek(3, 547456, SEEK_SET)        = 547456
31461 read(3, "E\0\0\0\376\377\377o\2\0\0\0\0\0\0\0\10A\0\0\0\0\0\0\10A\0\0\0\0\0\0\260\0\0\0\0\0\0\0\4\0\0\0\3\0\0\0\10\0\0\0\0\0\0\0\0\0\0\0\0\0\0\0", 64) = 64
31461 lseek(3, 547520, SEEK_SET)        = 547520
31461 read(3, "T\0\0\0\4\0\0\0\2\0\0\0\0\0\0\0\270A\0\0\0\0\0\0\270A\0\0\0\0\0\0\270t\0\0\0\0\0\0\3\0\0\0\0\0\0\0\10\0\0\0\0\0\0\0\30\0\0\0\0\0\0\0", 64) = 64
31461 lseek(3, 547584, SEEK_SET)        = 547584
31461 read(3, "^\0\0\0\4\0\0\0B\0\0\0\0\0\0\0p\266\0\0\0\0\0\0p\266\0\0\0\0\0\0\310\20\0\0\0\0\0\0\3\0\0\0\27\0\0\0\10\0\0\0\0\0\0\0\30\0\0\0\0\0\0\0", 64) = 64
31461 lseek(3, 547648, SEEK_SET)        = 547648
31461 read(3, "h\0\0\0\1\0\0\0\6\0\0\0\0\0\0\08\307\0\0\0\0\0\08\307\0\0\0\0\0\0\30\0\0\0\0\0\0\0\0\0\0\0\0\0\0\0\4\0\0\0\0\0\0\0\0\0\0\0\0\0\0\0", 64) = 64
31461 lseek(3, 546828, SEEK_SET)        = 546828
31461 read(3, ".init\0.text\0.fini\0.rodata\0lttng_ust_tracepoints_strings\0.eh_frame_hdr\0.eh_frame\0.tdata\0.tbss\0.init_array\0.fini_array\0.data.rel.ro\0.dynamic\0.got\0.data\0lttng_ust_tracepoints\0lttng_ust_tracepoints_ptrs\0.bss\0.gnu_debugaltlink\0.gnu_debuglink\0", 237) = 237
31461 lseek(3, 546828, SEEK_SET)        = 546828
31461 read(3, ".init\0", 6)             = 6
31461 lseek(3, 547712, SEEK_SET)        = 547712
31461 read(3, "c\0\0\0\1\0\0\0\6\0\0\0\0\0\0\0P\307\0\0\0\0\0\0P\307\0\0\0\0\0\0@\n\0\0\0\0\0\0\0\0\0\0\0\0\0\0\20\0\0\0\0\0\0\0\0\0\0\0\0\0\0\0", 64) = 64
31461 lseek(3, 546823, SEEK_SET)        = 546823
31461 read(3, ".plt\0.init\0.text\0.fini\0.rodata\0lttng_ust_tracepoints_strings\0.eh_frame_hdr\0.eh_frame\0.tdata\0.tbss\0.init_array\0.fini_array\0.data.rel.ro\0.dynamic\0.got\0.data\0lttng_ust_tracepoints\0lttng_ust_tracepoints_ptrs\0.bss\0.gnu_debugaltlink\0.gnu_debuglink\0", 242) = 242
31461 lseek(3, 546823, SEEK_SET)        = 546823
31461 read(3, ".plt\0", 5)              = 5
31461 lseek(3, 547776, SEEK_SET)        = 547776
31461 read(3, "n\0\0\0\1\0\0\0\6\0\0\0\0\0\0\0\220\321\0\0\0\0\0\0\220\321\0\0\0\0\0\0$\307\4\0\0\0\0\0\0\0\0\0\0\0\0\0\20\0\0\0\0\0\0\0\0\0\0\0\0\0\0\0", 64) = 64
31461 lseek(3, 546834, SEEK_SET)        = 546834
31461 read(3, ".text\0.fini\0.rodata\0lttng_ust_tracepoints_strings\0.eh_frame_hdr\0.eh_frame\0.tdata\0.tbss\0.init_array\0.fini_array\0.data.rel.ro\0.dynamic\0.got\0.data\0lttng_ust_tracepoints\0lttng_ust_tracepoints_ptrs\0.bss\0.gnu_debugaltlink\0.gnu_debuglink\0", 231) = 231
31461 lseek(3, 546834, SEEK_SET)        = 546834
31461 read(3, ".text\0", 6)             = 6
31461 lseek(3, 547840, SEEK_SET)        = 547840
31461 read(3, "t\0\0\0\1\0\0\0\6\0\0\0\0\0\0\0\264\230\5\0\0\0\0\0\264\230\5\0\0\0\0\0\24\0\0\0\0\0\0\0\0\0\0\0\0\0\0\0\4\0\0\0\0\0\0\0\0\0\0\0\0\0\0\0", 64) = 64
31461 lseek(3, 546840, SEEK_SET)        = 546840
31461 read(3, ".fini\0.rodata\0lttng_ust_tracepoints_strings\0.eh_frame_hdr\0.eh_frame\0.tdata\0.tbss\0.init_array\0.fini_array\0.data.rel.ro\0.dynamic\0.got\0.data\0lttng_ust_tracepoints\0lttng_ust_tracepoints_ptrs\0.bss\0.gnu_debugaltlink\0.gnu_debuglink\0", 225) = 225
31461 lseek(3, 546840, SEEK_SET)        = 546840
31461 read(3, ".fini\0", 6)             = 6
31461 lseek(3, 547904, SEEK_SET)        = 547904
31461 read(3, "z\0\0\0\1\0\0\0\2\0\0\0\0\0\0\0\320\230\5\0\0\0\0\0\320\230\5\0\0\0\0\0\22\37\1\0\0\0\0\0\0\0\0\0\0\0\0\0\20\0\0\0\0\0\0\0\0\0\0\0\0\0\0\0", 64) = 64
31461 lseek(3, 546846, SEEK_SET)        = 546846
31461 read(3, ".rodata\0lttng_ust_tracepoints_strings\0.eh_frame_hdr\0.eh_frame\0.tdata\0.tbss\0.init_array\0.fini_array\0.data.rel.ro\0.dynamic\0.got\0.data\0lttng_ust_tracepoints\0lttng_ust_tracepoints_ptrs\0.bss\0.gnu_debugaltlink\0.gnu_debuglink\0", 219) = 219
31461 lseek(3, 546846, SEEK_SET)        = 546846
31461 read(3, ".rodata\0", 8)           = 8
31461 lseek(3, 547968, SEEK_SET)        = 547968
31461 read(3, "\202\0\0\0\1\0\0\0\2\0\0\0\0\0\0\0\350\267\6\0\0\0\0\0\350\267\6\0\0\0\0\0c\5\0\0\0\0\0\0\0\0\0\0\0\0\0\0\10\0\0\0\0\0\0\0\0\0\0\0\0\0\0\0", 64) = 64
31461 lseek(3, 546854, SEEK_SET)        = 546854
31461 read(3, "lttng_ust_tracepoints_strings\0.eh_frame_hdr\0.eh_frame\0.tdata\0.tbss\0.init_array\0.fini_array\0.data.rel.ro\0.dynamic\0.got\0.data\0lttng_ust_tracepoints\0lttng_ust_tracepoints_ptrs\0.bss\0.gnu_debugaltlink\0.gnu_debuglink\0", 211) = 211
31461 lseek(3, 546854, SEEK_SET)        = 546854
31461 read(3, "lttng_ust_tracepoints_strings\0", 30) = 30
31461 lseek(3, 548032, SEEK_SET)        = 548032
31461 read(3, "\240\0\0\0\1\0\0\0\2\0\0\0\0\0\0\0L\275\6\0\0\0\0\0L\275\6\0\0\0\0\0d\31\0\0\0\0\0\0\0\0\0\0\0\0\0\0\4\0\0\0\0\0\0\0\0\0\0\0\0\0\0\0", 64) = 64
31461 lseek(3, 546884, SEEK_SET)        = 546884
31461 read(3, ".eh_frame_hdr\0.eh_frame\0.tdata\0.tbss\0.init_array\0.fini_array\0.data.rel.ro\0.dynamic\0.got\0.data\0lttng_ust_tracepoints\0lttng_ust_tracepoints_ptrs\0.bss\0.gnu_debugaltlink\0.gnu_debuglink\0", 181) = 181
31461 lseek(3, 546884, SEEK_SET)        = 546884
31461 read(3, ".eh_frame_hdr\0", 14)    = 14
31461 lseek(3, 548096, SEEK_SET)        = 548096
31461 read(3, "\256\0\0\0\1\0\0\0\2\0\0\0\0\0\0\0\260\326\6\0\0\0\0\0\260\326\6\0\0\0\0\0t\277\0\0\0\0\0\0\0\0\0\0\0\0\0\0\10\0\0\0\0\0\0\0\0\0\0\0\0\0\0\0", 64) = 64
31461 lseek(3, 546898, SEEK_SET)        = 546898
31461 read(3, ".eh_frame\0.tdata\0.tbss\0.init_array\0.fini_array\0.data.rel.ro\0.dynamic\0.got\0.data\0lttng_ust_tracepoints\0lttng_ust_tracepoints_ptrs\0.bss\0.gnu_debugaltlink\0.gnu_debuglink\0", 167) = 167
31461 lseek(3, 546898, SEEK_SET)        = 546898
31461 read(3, ".eh_frame\0", 10)        = 10
31461 lseek(3, 548160, SEEK_SET)        = 548160
31461 read(3, "\270\0\0\0\1\0\0\0\3\4\0\0\0\0\0\0000\310\10\0\0\0\0\0000\310\7\0\0\0\0\0(\0\0\0\0\0\0\0\0\0\0\0\0\0\0\0\20\0\0\0\0\0\0\0\0\0\0\0\0\0\0\0", 64) = 64
31461 lseek(3, 546908, SEEK_SET)        = 546908
31461 read(3, ".tdata\0.tbss\0.init_array\0.fini_array\0.data.rel.ro\0.dynamic\0.got\0.data\0lttng_ust_tracepoints\0lttng_ust_tracepoints_ptrs\0.bss\0.gnu_debugaltlink\0.gnu_debuglink\0", 157) = 157
31461 lseek(3, 546908, SEEK_SET)        = 546908
31461 read(3, ".tdata\0", 7)            = 7
31461 lseek(3, 548224, SEEK_SET)        = 548224
31461 read(3, "\277\0\0\0\10\0\0\0\3\4\0\0\0\0\0\0`\310\10\0\0\0\0\0X\310\7\0\0\0\0\0\330\10\0\0\0\0\0\0\0\0\0\0\0\0\0\0\20\0\0\0\0\0\0\0\0\0\0\0\0\0\0\0", 64) = 64
31461 lseek(3, 548288, SEEK_SET)        = 548288
31461 read(3, "\305\0\0\0\16\0\0\0\3\0\0\0\0\0\0\0`\310\10\0\0\0\0\0`\310\7\0\0\0\0\0\220\0\0\0\0\0\0\0\0\0\0\0\0\0\0\0\10\0\0\0\0\0\0\0\10\0\0\0\0\0\0\0", 64) = 64
31461 lseek(3, 548352, SEEK_SET)        = 548352
31461 read(3, "\321\0\0\0\17\0\0\0\3\0\0\0\0\0\0\0\360\310\10\0\0\0\0\0\360\310\7\0\0\0\0\0\200\0\0\0\0\0\0\0\0\0\0\0\0\0\0\0\10\0\0\0\0\0\0\0\10\0\0\0\0\0\0\0", 64) = 64
31461 lseek(3, 548416, SEEK_SET)        = 548416
31461 read(3, "\335\0\0\0\1\0\0\0\3\0\0\0\0\0\0\0p\311\10\0\0\0\0\0p\311\7\0\0\0\0\0000-\0\0\0\0\0\0\0\0\0\0\0\0\0\0\20\0\0\0\0\0\0\0\0\0\0\0\0\0\0\0", 64) = 64
31461 lseek(3, 546945, SEEK_SET)        = 546945
31461 read(3, ".data.rel.ro\0.dynamic\0.got\0.data\0lttng_ust_tracepoints\0lttng_ust_tracepoints_ptrs\0.bss\0.gnu_debugaltlink\0.gnu_debuglink\0", 120) = 120
31461 lseek(3, 546945, SEEK_SET)        = 546945
31461 read(3, ".data.rel.ro\0", 13)     = 13
31461 lseek(3, 548480, SEEK_SET)        = 548480
31461 read(3, "\352\0\0\0\6\0\0\0\3\0\0\0\0\0\0\0\240\366\10\0\0\0\0\0\240\366\7\0\0\0\0\0000\2\0\0\0\0\0\0\4\0\0\0\0\0\0\0\10\0\0\0\0\0\0\0\20\0\0\0\0\0\0\0", 64) = 64
31461 lseek(3, 548544, SEEK_SET)        = 548544
31461 read(3, "\363\0\0\0\1\0\0\0\3\0\0\0\0\0\0\0\320\370\10\0\0\0\0\0\320\370\7\0\0\0\0\0(\7\0\0\0\0\0\0\0\0\0\0\0\0\0\0\10\0\0\0\0\0\0\0\10\0\0\0\0\0\0\0", 64) = 64
31461 lseek(3, 546967, SEEK_SET)        = 546967
31461 read(3, ".got\0.data\0lttng_ust_tracepoints\0lttng_ust_tracepoints_ptrs\0.bss\0.gnu_debugaltlink\0.gnu_debuglink\0", 98) = 98
31461 lseek(3, 546967, SEEK_SET)        = 546967
31461 read(3, ".got\0", 5)              = 5
31461 lseek(3, 548608, SEEK_SET)        = 548608
31461 read(3, "\370\0\0\0\1\0\0\0\3\0\0\0\0\0\0\0\0\0\t\0\0\0\0\0\0\0\10\0\0\0\0\0\240P\0\0\0\0\0\0\0\0\0\0\0\0\0\0\20\0\0\0\0\0\0\0\0\0\0\0\0\0\0\0", 64) = 64
31461 lseek(3, 546972, SEEK_SET)        = 546972
31461 read(3, ".data\0lttng_ust_tracepoints\0lttng_ust_tracepoints_ptrs\0.bss\0.gnu_debugaltlink\0.gnu_debuglink\0", 93) = 93
31461 lseek(3, 546972, SEEK_SET)        = 546972
31461 read(3, ".data\0", 6)             = 6
31461 lseek(3, 548672, SEEK_SET)        = 548672
31461 read(3, "\376\0\0\0\1\0\0\0\3\0\0\0\0\0\0\0\240P\t\0\0\0\0\0\240P\10\0\0\0\0\0\260\5\0\0\0\0\0\0\0\0\0\0\0\0\0\0\10\0\0\0\0\0\0\0\0\0\0\0\0\0\0\0", 64) = 64
31461 lseek(3, 546978, SEEK_SET)        = 546978
31461 read(3, "lttng_ust_tracepoints\0lttng_ust_tracepoints_ptrs\0.bss\0.gnu_debugaltlink\0.gnu_debuglink\0", 87) = 87
31461 lseek(3, 546978, SEEK_SET)        = 546978
31461 read(3, "lttng_ust_tracepoints\0", 22) = 22
31461 lseek(3, 548736, SEEK_SET)        = 548736
31461 read(3, "\24\1\0\0\1\0\0\0\3\0\0\0\0\0\0\0PV\t\0\0\0\0\0PV\10\0\0\0\0\0\320\0\0\0\0\0\0\0\0\0\0\0\0\0\0\0\10\0\0\0\0\0\0\0\0\0\0\0\0\0\0\0", 64) = 64
31461 lseek(3, 547000, SEEK_SET)        = 547000
31461 read(3, "lttng_ust_tracepoints_ptrs\0.bss\0.gnu_debugaltlink\0.gnu_debuglink\0", 65) = 65
31461 lseek(3, 547000, SEEK_SET)        = 547000
31461 read(3, "lttng_ust_tracepoints_ptrs\0", 27) = 27
31461 lseek(3, 548800, SEEK_SET)        = 548800
31461 read(3, "/\1\0\0\10\0\0\0\3\0\0\0\0\0\0\0 W\t\0\0\0\0\0 W\10\0\0\0\0\0h\213\0\0\0\0\0\0\0\0\0\0\0\0\0\0\20\0\0\0\0\0\0\0\0\0\0\0\0\0\0\0", 64) = 64
31461 lseek(3, 548864, SEEK_SET)        = 548864
31461 read(3, "4\1\0\0\1\0\0\0\0\0\0\0\0\0\0\0\0\0\0\0\0\0\0\0 W\10\0\0\0\0\0N\0\0\0\0\0\0\0\0\0\0\0\0\0\0\0\1\0\0\0\0\0\0\0\0\0\0\0\0\0\0\0", 64) = 64
31461 lseek(3, 547032, SEEK_SET)        = 547032
31461 read(3, ".gnu_debugaltlink\0.gnu_debuglink\0", 33) = 33
31461 lseek(3, 547032, SEEK_SET)        = 547032
31461 read(3, ".gnu_debugaltlink\0", 18) = 18
31461 lseek(3, 548928, SEEK_SET)        = 548928
31461 read(3, "F\1\0\0\1\0\0\0\0\0\0\0\0\0\0\0\0\0\0\0\0\0\0\0pW\10\0\0\0\0\0004\0\0\0\0\0\0\0\0\0\0\0\0\0\0\0\4\0\0\0\0\0\0\0\0\0\0\0\0\0\0\0", 64) = 64
31461 lseek(3, 547050, SEEK_SET)        = 547050
31461 read(3, ".gnu_debuglink\0", 15)   = 15
31461 lseek(3, 547050, SEEK_SET)        = 547050
31461 read(3, ".gnu_debuglink\0", 15)   = 15
31461 lseek(3, 546672, SEEK_SET)        = 546672
31461 read(3, "88b43ffc93f45bc55a879bdc4f2f8d3a1df0da.debug\0\0\0\0", 48) = 48
31461 read(3, "Q\263\220\244", 4)       = 4
31461 rt_sigprocmask(SIG_SETMASK, ~[RTMIN RT_1], [], 8) = 0
31461 rt_sigprocmask(SIG_SETMASK, [], NULL, 8) = 0
31461 close(3)                          = 0
31461 rt_sigprocmask(SIG_SETMASK, ~[RTMIN RT_1], [], 8) = 0
31461 rt_sigprocmask(SIG_SETMASK, [], NULL, 8) = 0
31461 readlinkat(AT_FDCWD, "/lib", "usr/lib", 1023) = 7
31461 readlinkat(AT_FDCWD, "/usr", 0x7fc472b6c0, 1023) = -1 EINVAL (Invalid argument)
31461 readlinkat(AT_FDCWD, "/usr/lib", 0x7fc472b6c0, 1023) = -1 EINVAL (Invalid argument)
31461 readlinkat(AT_FDCWD, "/usr/lib/aarch64-linux-gnu", 0x7fc472b6c0, 1023) = -1 EINVAL (Invalid argument)
31461 readlinkat(AT_FDCWD, "/usr/lib/aarch64-linux-gnu/libudev.so.1", "libudev.so.1.7.5", 1023) = 16
31461 readlinkat(AT_FDCWD, "/usr/lib/aarch64-linux-gnu/libudev.so.1.7.5", 0x7fc472b6c0, 1023) = -1 EINVAL (Invalid argument)
31461 rt_sigprocmask(SIG_SETMASK, ~[RTMIN RT_1], [], 8) = 0
31461 rt_sigprocmask(SIG_SETMASK, [], NULL, 8) = 0
31461 openat(AT_FDCWD, "/usr/lib/aarch64-linux-gnu/libudev.so.1.7.5", O_RDONLY|O_CLOEXEC) = 3
31461 rt_sigprocmask(SIG_SETMASK, ~[RTMIN RT_1], [], 8) = 0
31461 rt_sigprocmask(SIG_SETMASK, [], NULL, 8) = 0
31461 read(3, "\177ELF\2\1\1\0\0\0\0\0\0\0\0\0", 16) = 16
31461 lseek(3, 0, SEEK_SET)             = 0
31461 read(3, "\177ELF\2\1\1\0\0\0\0\0\0\0\0\0\3\0\267\0\1\0\0\0\0\0\0\0\0\0\0\0@\0\0\0\0\0\0\0\300\2\3\0\0\0\0\0\0\0\0\0@\08\0\10\0@\0\34\0\33\0", 64) = 64
31461 lseek(3, 199040, SEEK_SET)        = 199040
31461 read(3, "\1\0\0\0\3\0\0\0\0\0\0\0\0\0\0\0\0\0\0\0\0\0\0\0\264\1\3\0\0\0\0\0\n\1\0\0\0\0\0\0\0\0\0\0\0\0\0\0\1\0\0\0\0\0\0\0\0\0\0\0\0\0\0\0", 64) = 64
31461 lseek(3, 64, SEEK_SET)            = 64
31461 read(3, "\1\0\0\0\5\0\0\0\0\0\0\0\0\0\0\0\0\0\0\0\0\0\0\0\0\0\0\0\0\0\0\0\200\250\2\0\0\0\0\0\200\250\2\0\0\0\0\0\0\0\1\0\0\0\0\0", 56) = 56
31461 lseek(3, 120, SEEK_SET)           = 120
31461 read(3, "\1\0\0\0\6\0\0\0h\367\2\0\0\0\0\0h\367\3\0\0\0\0\0h\367\3\0\0\0\0\0\30\n\0\0\0\0\0\0\210\22\0\0\0\0\0\0\0\0\1\0\0\0\0\0", 56) = 56
31461 lseek(3, 176, SEEK_SET)           = 176
31461 read(3, "\2\0\0\0\6\0\0\0H\371\2\0\0\0\0\0H\371\3\0\0\0\0\0H\371\3\0\0\0\0\0 \2\0\0\0\0\0\0 \2\0\0\0\0\0\0\10\0\0\0\0\0\0\0", 56) = 56
31461 lseek(3, 232, SEEK_SET)           = 232
31461 read(3, "\4\0\0\0\4\0\0\0\0\2\0\0\0\0\0\0\0\2\0\0\0\0\0\0\0\2\0\0\0\0\0\0\310\0\0\0\0\0\0\0\310\0\0\0\0\0\0\0\4\0\0\0\0\0\0\0", 56) = 56
31461 lseek(3, 288, SEEK_SET)           = 288
31461 read(3, "\7\0\0\0\4\0\0\0h\367\2\0\0\0\0\0h\367\3\0\0\0\0\0h\367\3\0\0\0\0\0\0\0\0\0\0\0\0\0\24\0\0\0\0\0\0\0\10\0\0\0\0\0\0\0", 56) = 56
31461 lseek(3, 344, SEEK_SET)           = 344
31461 read(3, "P\345td\4\0\0\0\\W\2\0\0\0\0\0\\W\2\0\0\0\0\0\\W\2\0\0\0\0\0\204\t\0\0\0\0\0\0\204\t\0\0\0\0\0\0\4\0\0\0\0\0\0\0", 56) = 56
31461 lseek(3, 400, SEEK_SET)           = 400
31461 read(3, "Q\345td\6\0\0\0\0\0\0\0\0\0\0\0\0\0\0\0\0\0\0\0\0\0\0\0\0\0\0\0\0\0\0\0\0\0\0\0\0\0\0\0\0\0\0\0\20\0\0\0\0\0\0\0", 56) = 56
31461 lseek(3, 456, SEEK_SET)           = 456
31461 read(3, "R\345td\4\0\0\0h\367\2\0\0\0\0\0h\367\3\0\0\0\0\0h\367\3\0\0\0\0\0\230\10\0\0\0\0\0\0\230\10\0\0\0\0\0\0\1\0\0\0\0\0\0\0", 56) = 56
31461 lseek(3, 64, SEEK_SET)            = 64
31461 read(3, "\1\0\0\0\5\0\0\0\0\0\0\0\0\0\0\0\0\0\0\0\0\0\0\0\0\0\0\0\0\0\0\0\200\250\2\0\0\0\0\0\200\250\2\0\0\0\0\0\0\0\1\0\0\0\0\0", 56) = 56
31461 lseek(3, 120, SEEK_SET)           = 120
31461 read(3, "\1\0\0\0\6\0\0\0h\367\2\0\0\0\0\0h\367\3\0\0\0\0\0h\367\3\0\0\0\0\0\30\n\0\0\0\0\0\0\210\22\0\0\0\0\0\0\0\0\1\0\0\0\0\0", 56) = 56
31461 lseek(3, 176, SEEK_SET)           = 176
31461 read(3, "\2\0\0\0\6\0\0\0H\371\2\0\0\0\0\0H\371\3\0\0\0\0\0H\371\3\0\0\0\0\0 \2\0\0\0\0\0\0 \2\0\0\0\0\0\0\10\0\0\0\0\0\0\0", 56) = 56
31461 lseek(3, 232, SEEK_SET)           = 232
31461 read(3, "\4\0\0\0\4\0\0\0\0\2\0\0\0\0\0\0\0\2\0\0\0\0\0\0\0\2\0\0\0\0\0\0\310\0\0\0\0\0\0\0\310\0\0\0\0\0\0\0\4\0\0\0\0\0\0\0", 56) = 56
31461 lseek(3, 512, SEEK_SET)           = 512
31461 read(3, "\4\0\0\0\24\0\0\0\3\0\0\0", 12) = 12
31461 lseek(3, 528, SEEK_SET)           = 528
31461 read(3, "\210\32\362\2767\206b\337\332\22Y\nI\0000f/CM=", 20) = 20
31461 lseek(3, 197312, SEEK_SET)        = 197312
31461 read(3, "\0\0\0\0\0\0\0\0\0\0\0\0\0\0\0\0\0\0\0\0\0\0\0\0\0\0\0\0\0\0\0\0\0\0\0\0\0\0\0\0\0\0\0\0\0\0\0\0\0\0\0\0\0\0\0\0\0\0\0\0\0\0\0\0", 64) = 64
31461 lseek(3, 197376, SEEK_SET)        = 197376
31461 read(3, "\v\0\0\0\7\0\0\0\2\0\0\0\0\0\0\0\0\2\0\0\0\0\0\0\0\2\0\0\0\0\0\0$\0\0\0\0\0\0\0\0\0\0\0\0\0\0\0\4\0\0\0\0\0\0\0\0\0\0\0\0\0\0\0", 64) = 64
31461 lseek(3, 197440, SEEK_SET)        = 197440
31461 read(3, "\36\0\0\0\7\0\0\0\2\0\0\0\0\0\0\0$\2\0\0\0\0\0\0$\2\0\0\0\0\0\0\244\0\0\0\0\0\0\0\0\0\0\0\0\0\0\0\4\0\0\0\0\0\0\0\0\0\0\0\0\0\0\0", 64) = 64
31461 lseek(3, 197504, SEEK_SET)        = 197504
31461 read(3, ",\0\0\0\366\377\377o\2\0\0\0\0\0\0\0\310\2\0\0\0\0\0\0\310\2\0\0\0\0\0\0\234\3\0\0\0\0\0\0\4\0\0\0\0\0\0\0\10\0\0\0\0\0\0\0\0\0\0\0\0\0\0\0", 64) = 64
31461 lseek(3, 197568, SEEK_SET)        = 197568
31461 read(3, "6\0\0\0\v\0\0\0\2\0\0\0\0\0\0\0h\6\0\0\0\0\0\0h\6\0\0\0\0\0\08\26\0\0\0\0\0\0\5\0\0\0\3\0\0\0\10\0\0\0\0\0\0\0\30\0\0\0\0\0\0\0", 64) = 64
31461 lseek(3, 197632, SEEK_SET)        = 197632
31461 read(3, ">\0\0\0\3\0\0\0\2\0\0\0\0\0\0\0\240\34\0\0\0\0\0\0\240\34\0\0\0\0\0\0s\17\0\0\0\0\0\0\0\0\0\0\0\0\0\0\1\0\0\0\0\0\0\0\0\0\0\0\0\0\0\0", 64) = 64
31461 lseek(3, 197696, SEEK_SET)        = 197696
31461 read(3, "F\0\0\0\377\377\377o\2\0\0\0\0\0\0\0\24,\0\0\0\0\0\0\24,\0\0\0\0\0\0\332\1\0\0\0\0\0\0\4\0\0\0\0\0\0\0\2\0\0\0\0\0\0\0\2\0\0\0\0\0\0\0", 64) = 64
31461 lseek(3, 197760, SEEK_SET)        = 197760
31461 read(3, "S\0\0\0\375\377\377o\2\0\0\0\0\0\0\0\360-\0\0\0\0\0\0\360-\0\0\0\0\0\0\354\0\0\0\0\0\0\0\5\0\0\0\7\0\0\0\10\0\0\0\0\0\0\0\0\0\0\0\0\0\0\0", 64) = 64
31461 lseek(3, 197824, SEEK_SET)        = 197824
31461 read(3, "b\0\0\0\376\377\377o\2\0\0\0\0\0\0\0\340.\0\0\0\0\0\0\340.\0\0\0\0\0\0\260\0\0\0\0\0\0\0\5\0\0\0\2\0\0\0\10\0\0\0\0\0\0\0\0\0\0\0\0\0\0\0", 64) = 64
31461 lseek(3, 197888, SEEK_SET)        = 197888
31461 read(3, "q\0\0\0\4\0\0\0\2\0\0\0\0\0\0\0\220/\0\0\0\0\0\0\220/\0\0\0\0\0\0\260\7\0\0\0\0\0\0\4\0\0\0\0\0\0\0\10\0\0\0\0\0\0\0\30\0\0\0\0\0\0\0", 64) = 64
31461 lseek(3, 197952, SEEK_SET)        = 197952
31461 read(3, "{\0\0\0\4\0\0\0B\0\0\0\0\0\0\0@7\0\0\0\0\0\0@7\0\0\0\0\0\0`\f\0\0\0\0\0\0\4\0\0\0\27\0\0\0\10\0\0\0\0\0\0\0\30\0\0\0\0\0\0\0", 64) = 64
31461 lseek(3, 198016, SEEK_SET)        = 198016
31461 read(3, "\205\0\0\0\1\0\0\0\6\0\0\0\0\0\0\0\240C\0\0\0\0\0\0\240C\0\0\0\0\0\0\30\0\0\0\0\0\0\0\0\0\0\0\0\0\0\0\4\0\0\0\0\0\0\0\0\0\0\0\0\0\0\0", 64) = 64
31461 lseek(3, 197177, SEEK_SET)        = 197177
31461 read(3, ".init\0.text\0.fini\0.rodata\0.eh_frame_hdr\0.eh_frame\0.tbss\0.init_array\0.fini_array\0.data.rel.ro\0.dynamic\0.got\0.data\0.bss\0.gnu_debuglink\0", 133) = 133
31461 lseek(3, 197177, SEEK_SET)        = 197177
31461 read(3, ".init\0", 6)             = 6
31461 lseek(3, 198080, SEEK_SET)        = 198080
31461 read(3, "\200\0\0\0\1\0\0\0\6\0\0\0\0\0\0\0\300C\0\0\0\0\0\0\300C\0\0\0\0\0\0@\10\0\0\0\0\0\0\0\0\0\0\0\0\0\0\20\0\0\0\0\0\0\0\0\0\0\0\0\0\0\0", 64) = 64
31461 lseek(3, 197172, SEEK_SET)        = 197172
31461 read(3, ".plt\0.init\0.text\0.fini\0.rodata\0.eh_frame_hdr\0.eh_frame\0.tbss\0.init_array\0.fini_array\0.data.rel.ro\0.dynamic\0.got\0.data\0.bss\0.gnu_debuglink\0", 138) = 138
31461 lseek(3, 197172, SEEK_SET)        = 197172
31461 read(3, ".plt\0", 5)              = 5
31461 lseek(3, 198144, SEEK_SET)        = 198144
31461 read(3, "\213\0\0\0\1\0\0\0\6\0\0\0\0\0\0\0\0L\0\0\0\0\0\0\0L\0\0\0\0\0\0\34\270\1\0\0\0\0\0\0\0\0\0\0\0\0\0\20\0\0\0\0\0\0\0\0\0\0\0\0\0\0\0", 64) = 64
31461 lseek(3, 197183, SEEK_SET)        = 197183
31461 read(3, ".text\0.fini\0.rodata\0.eh_frame_hdr\0.eh_frame\0.tbss\0.init_array\0.fini_array\0.data.rel.ro\0.dynamic\0.got\0.data\0.bss\0.gnu_debuglink\0", 127) = 127
31461 lseek(3, 197183, SEEK_SET)        = 197183
31461 read(3, ".text\0", 6)             = 6
31461 lseek(3, 198208, SEEK_SET)        = 198208
31461 read(3, "\221\0\0\0\1\0\0\0\6\0\0\0\0\0\0\0\34\4\2\0\0\0\0\0\34\4\2\0\0\0\0\0\24\0\0\0\0\0\0\0\0\0\0\0\0\0\0\0\4\0\0\0\0\0\0\0\0\0\0\0\0\0\0\0", 64) = 64
31461 lseek(3, 197189, SEEK_SET)        = 197189
31461 read(3, ".fini\0.rodata\0.eh_frame_hdr\0.eh_frame\0.tbss\0.init_array\0.fini_array\0.data.rel.ro\0.dynamic\0.got\0.data\0.bss\0.gnu_debuglink\0", 121) = 121
31461 lseek(3, 197189, SEEK_SET)        = 197189
31461 read(3, ".fini\0", 6)             = 6
31461 lseek(3, 198272, SEEK_SET)        = 198272
31461 read(3, "\227\0\0\0\1\0\0\0\2\0\0\0\0\0\0\0000\4\2\0\0\0\0\0000\4\2\0\0\0\0\0+S\0\0\0\0\0\0\0\0\0\0\0\0\0\0\20\0\0\0\0\0\0\0\0\0\0\0\0\0\0\0", 64) = 64
31461 lseek(3, 197195, SEEK_SET)        = 197195
31461 read(3, ".rodata\0.eh_frame_hdr\0.eh_frame\0.tbss\0.init_array\0.fini_array\0.data.rel.ro\0.dynamic\0.got\0.data\0.bss\0.gnu_debuglink\0", 115) = 115
31461 lseek(3, 197195, SEEK_SET)        = 197195
31461 read(3, ".rodata\0", 8)           = 8
31461 lseek(3, 198336, SEEK_SET)        = 198336
31461 read(3, "\237\0\0\0\1\0\0\0\2\0\0\0\0\0\0\0\\W\2\0\0\0\0\0\\W\2\0\0\0\0\0\204\t\0\0\0\0\0\0\0\0\0\0\0\0\0\0\4\0\0\0\0\0\0\0\0\0\0\0\0\0\0\0", 64) = 64
31461 lseek(3, 197203, SEEK_SET)        = 197203
31461 read(3, ".eh_frame_hdr\0.eh_frame\0.tbss\0.init_array\0.fini_array\0.data.rel.ro\0.dynamic\0.got\0.data\0.bss\0.gnu_debuglink\0", 107) = 107
31461 lseek(3, 197203, SEEK_SET)        = 197203
31461 read(3, ".eh_frame_hdr\0", 14)    = 14
31461 lseek(3, 198400, SEEK_SET)        = 198400
31461 read(3, "\255\0\0\0\1\0\0\0\2\0\0\0\0\0\0\0\340`\2\0\0\0\0\0\340`\2\0\0\0\0\0\240G\0\0\0\0\0\0\0\0\0\0\0\0\0\0\10\0\0\0\0\0\0\0\0\0\0\0\0\0\0\0", 64) = 64
31461 lseek(3, 197217, SEEK_SET)        = 197217
31461 read(3, ".eh_frame\0.tbss\0.init_array\0.fini_array\0.data.rel.ro\0.dynamic\0.got\0.data\0.bss\0.gnu_debuglink\0", 93) = 93
31461 lseek(3, 197217, SEEK_SET)        = 197217
31461 read(3, ".eh_frame\0", 10)        = 10
31461 lseek(3, 198464, SEEK_SET)        = 198464
31461 read(3, "\267\0\0\0\10\0\0\0\3\4\0\0\0\0\0\0h\367\3\0\0\0\0\0h\367\2\0\0\0\0\0\24\0\0\0\0\0\0\0\0\0\0\0\0\0\0\0\10\0\0\0\0\0\0\0\0\0\0\0\0\0\0\0", 64) = 64
31461 lseek(3, 198528, SEEK_SET)        = 198528
31461 read(3, "\275\0\0\0\16\0\0\0\3\0\0\0\0\0\0\0h\367\3\0\0\0\0\0h\367\2\0\0\0\0\0\20\0\0\0\0\0\0\0\0\0\0\0\0\0\0\0\10\0\0\0\0\0\0\0\10\0\0\0\0\0\0\0", 64) = 64
31461 lseek(3, 198592, SEEK_SET)        = 198592
31461 read(3, "\311\0\0\0\17\0\0\0\3\0\0\0\0\0\0\0x\367\3\0\0\0\0\0x\367\2\0\0\0\0\0\10\0\0\0\0\0\0\0\0\0\0\0\0\0\0\0\10\0\0\0\0\0\0\0\10\0\0\0\0\0\0\0", 64) = 64
31461 lseek(3, 198656, SEEK_SET)        = 198656
31461 read(3, "\325\0\0\0\1\0\0\0\3\0\0\0\0\0\0\0\200\367\3\0\0\0\0\0\200\367\2\0\0\0\0\0\310\1\0\0\0\0\0\0\0\0\0\0\0\0\0\0\20\0\0\0\0\0\0\0\0\0\0\0\0\0\0\0", 64) = 64
31461 lseek(3, 197257, SEEK_SET)        = 197257
31461 read(3, ".data.rel.ro\0.dynamic\0.got\0.data\0.bss\0.gnu_debuglink\0", 53) = 53
31461 lseek(3, 197257, SEEK_SET)        = 197257
31461 read(3, ".data.rel.ro\0", 13)     = 13
31461 lseek(3, 198720, SEEK_SET)        = 198720
31461 read(3, "\342\0\0\0\6\0\0\0\3\0\0\0\0\0\0\0H\371\3\0\0\0\0\0H\371\2\0\0\0\0\0 \2\0\0\0\0\0\0\5\0\0\0\0\0\0\0\10\0\0\0\0\0\0\0\20\0\0\0\0\0\0\0", 64) = 64
31461 lseek(3, 198784, SEEK_SET)        = 198784
31461 read(3, "\353\0\0\0\1\0\0\0\3\0\0\0\0\0\0\0h\373\3\0\0\0\0\0h\373\2\0\0\0\0\0\230\4\0\0\0\0\0\0\0\0\0\0\0\0\0\0\10\0\0\0\0\0\0\0\10\0\0\0\0\0\0\0", 64) = 64
31461 lseek(3, 197279, SEEK_SET)        = 197279
31461 read(3, ".got\0.data\0.bss\0.gnu_debuglink\0", 31) = 31
31461 lseek(3, 197279, SEEK_SET)        = 197279
31461 read(3, ".got\0", 5)              = 5
31461 lseek(3, 198848, SEEK_SET)        = 198848
31461 read(3, "\360\0\0\0\1\0\0\0\3\0\0\0\0\0\0\0\0\0\4\0\0\0\0\0\0\0\3\0\0\0\0\0\200\1\0\0\0\0\0\0\0\0\0\0\0\0\0\0\10\0\0\0\0\0\0\0\0\0\0\0\0\0\0\0", 64) = 64
31461 lseek(3, 197284, SEEK_SET)        = 197284
31461 read(3, ".data\0.bss\0.gnu_debuglink\0", 26) = 26
31461 lseek(3, 197284, SEEK_SET)        = 197284
31461 read(3, ".data\0", 6)             = 6
31461 lseek(3, 198912, SEEK_SET)        = 198912
31461 read(3, "\366\0\0\0\10\0\0\0\3\0\0\0\0\0\0\0\200\1\4\0\0\0\0\0\200\1\3\0\0\0\0\0p\10\0\0\0\0\0\0\0\0\0\0\0\0\0\0\20\0\0\0\0\0\0\0\0\0\0\0\0\0\0\0", 64) = 64
31461 lseek(3, 198976, SEEK_SET)        = 198976
31461 read(3, "\373\0\0\0\1\0\0\0\0\0\0\0\0\0\0\0\0\0\0\0\0\0\0\0\200\1\3\0\0\0\0\0004\0\0\0\0\0\0\0\0\0\0\0\0\0\0\0\4\0\0\0\0\0\0\0\0\0\0\0\0\0\0\0", 64) = 64
31461 lseek(3, 197295, SEEK_SET)        = 197295
31461 read(3, ".gnu_debuglink\0", 15)   = 15
31461 lseek(3, 197295, SEEK_SET)        = 197295
31461 read(3, ".gnu_debuglink\0", 15)   = 15
31461 lseek(3, 196992, SEEK_SET)        = 196992
31461 read(3, "1af2be378662dfda12590a490030662f434d3d.debug\0\0\0\0", 48) = 48
31461 read(3, "]ME\327", 4)             = 4
31461 rt_sigprocmask(SIG_SETMASK, ~[RTMIN RT_1], [], 8) = 0
31461 rt_sigprocmask(SIG_SETMASK, [], NULL, 8) = 0
31461 close(3)                          = 0
31461 rt_sigprocmask(SIG_SETMASK, ~[RTMIN RT_1], [], 8) = 0
31461 rt_sigprocmask(SIG_SETMASK, [], NULL, 8) = 0
31461 readlinkat(AT_FDCWD, "/lib", "usr/lib", 1023) = 7
31461 readlinkat(AT_FDCWD, "/usr", 0x7fc472b6c0, 1023) = -1 EINVAL (Invalid argument)
31461 readlinkat(AT_FDCWD, "/usr/lib", 0x7fc472b6c0, 1023) = -1 EINVAL (Invalid argument)
31461 readlinkat(AT_FDCWD, "/usr/lib/aarch64-linux-gnu", 0x7fc472b6c0, 1023) = -1 EINVAL (Invalid argument)
31461 readlinkat(AT_FDCWD, "/usr/lib/aarch64-linux-gnu/libyaml-0.so.2", "libyaml-0.so.2.0.9", 1023) = 18
31461 readlinkat(AT_FDCWD, "/usr/lib/aarch64-linux-gnu/libyaml-0.so.2.0.9", 0x7fc472b6c0, 1023) = -1 EINVAL (Invalid argument)
31461 rt_sigprocmask(SIG_SETMASK, ~[RTMIN RT_1], [], 8) = 0
31461 rt_sigprocmask(SIG_SETMASK, [], NULL, 8) = 0
31461 openat(AT_FDCWD, "/usr/lib/aarch64-linux-gnu/libyaml-0.so.2.0.9", O_RDONLY|O_CLOEXEC) = 3
31461 rt_sigprocmask(SIG_SETMASK, ~[RTMIN RT_1], [], 8) = 0
31461 rt_sigprocmask(SIG_SETMASK, [], NULL, 8) = 0
31461 read(3, "\177ELF\2\1\1\0\0\0\0\0\0\0\0\0", 16) = 16
31461 lseek(3, 0, SEEK_SET)             = 0
31461 read(3, "\177ELF\2\1\1\0\0\0\0\0\0\0\0\0\3\0\267\0\1\0\0\0\0\0\0\0\0\0\0\0@\0\0\0\0\0\0\0x\1\2\0\0\0\0\0\0\0\0\0@\08\0\7\0@\0\30\0\27\0", 64) = 64
31461 lseek(3, 132920, SEEK_SET)        = 132920
31461 read(3, "\1\0\0\0\3\0\0\0\0\0\0\0\0\0\0\0\0\0\0\0\0\0\0\0\234\0\2\0\0\0\0\0\332\0\0\0\0\0\0\0\0\0\0\0\0\0\0\0\1\0\0\0\0\0\0\0\0\0\0\0\0\0\0\0", 64) = 64
31461 lseek(3, 64, SEEK_SET)            = 64
31461 read(3, "\1\0\0\0\5\0\0\0\0\0\0\0\0\0\0\0\0\0\0\0\0\0\0\0\0\0\0\0\0\0\0\0T\263\1\0\0\0\0\0T\263\1\0\0\0\0\0\0\0\1\0\0\0\0\0", 56) = 56
31461 lseek(3, 120, SEEK_SET)           = 120
31461 read(3, "\1\0\0\0\6\0\0\0\210\374\1\0\0\0\0\0\210\374\2\0\0\0\0\0\210\374\2\0\0\0\0\0\340\3\0\0\0\0\0\0\350\3\0\0\0\0\0\0\0\0\1\0\0\0\0\0", 56) = 56
31461 lseek(3, 176, SEEK_SET)           = 176
31461 read(3, "\2\0\0\0\6\0\0\0\230\374\1\0\0\0\0\0\230\374\2\0\0\0\0\0\230\374\2\0\0\0\0\0\0\2\0\0\0\0\0\0\0\2\0\0\0\0\0\0\10\0\0\0\0\0\0\0", 56) = 56
31461 lseek(3, 232, SEEK_SET)           = 232
31461 read(3, "\4\0\0\0\4\0\0\0\310\1\0\0\0\0\0\0\310\1\0\0\0\0\0\0\310\1\0\0\0\0\0\0$\0\0\0\0\0\0\0$\0\0\0\0\0\0\0\4\0\0\0\0\0\0\0", 56) = 56
31461 lseek(3, 288, SEEK_SET)           = 288
31461 read(3, "P\345td\4\0\0\0d\213\1\0\0\0\0\0d\213\1\0\0\0\0\0d\213\1\0\0\0\0\0\274\3\0\0\0\0\0\0\274\3\0\0\0\0\0\0\4\0\0\0\0\0\0\0", 56) = 56
31461 lseek(3, 344, SEEK_SET)           = 344
31461 read(3, "Q\345td\6\0\0\0\0\0\0\0\0\0\0\0\0\0\0\0\0\0\0\0\0\0\0\0\0\0\0\0\0\0\0\0\0\0\0\0\0\0\0\0\0\0\0\0\20\0\0\0\0\0\0\0", 56) = 56
31461 lseek(3, 400, SEEK_SET)           = 400
31461 read(3, "R\345td\4\0\0\0\210\374\1\0\0\0\0\0\210\374\2\0\0\0\0\0\210\374\2\0\0\0\0\0x\3\0\0\0\0\0\0x\3\0\0\0\0\0\0\1\0\0\0\0\0\0\0", 56) = 56
31461 lseek(3, 64, SEEK_SET)            = 64
31461 read(3, "\1\0\0\0\5\0\0\0\0\0\0\0\0\0\0\0\0\0\0\0\0\0\0\0\0\0\0\0\0\0\0\0T\263\1\0\0\0\0\0T\263\1\0\0\0\0\0\0\0\1\0\0\0\0\0", 56) = 56
31461 lseek(3, 120, SEEK_SET)           = 120
31461 read(3, "\1\0\0\0\6\0\0\0\210\374\1\0\0\0\0\0\210\374\2\0\0\0\0\0\210\374\2\0\0\0\0\0\340\3\0\0\0\0\0\0\350\3\0\0\0\0\0\0\0\0\1\0\0\0\0\0", 56) = 56
31461 lseek(3, 176, SEEK_SET)           = 176
31461 read(3, "\2\0\0\0\6\0\0\0\230\374\1\0\0\0\0\0\230\374\2\0\0\0\0\0\230\374\2\0\0\0\0\0\0\2\0\0\0\0\0\0\0\2\0\0\0\0\0\0\10\0\0\0\0\0\0\0", 56) = 56
31461 lseek(3, 232, SEEK_SET)           = 232
31461 read(3, "\4\0\0\0\4\0\0\0\310\1\0\0\0\0\0\0\310\1\0\0\0\0\0\0\310\1\0\0\0\0\0\0$\0\0\0\0\0\0\0$\0\0\0\0\0\0\0\4\0\0\0\0\0\0\0", 56) = 56
31461 lseek(3, 456, SEEK_SET)           = 456
31461 read(3, "\4\0\0\0\24\0\0\0\3\0\0\0", 12) = 12
31461 lseek(3, 472, SEEK_SET)           = 472
31461 read(3, "\220!H\1Z\331\247\236\374\223F\345\\\f\351S\276_\216,", 20) = 20
31461 lseek(3, 131448, SEEK_SET)        = 131448
31461 read(3, "\0\0\0\0\0\0\0\0\0\0\0\0\0\0\0\0\0\0\0\0\0\0\0\0\0\0\0\0\0\0\0\0\0\0\0\0\0\0\0\0\0\0\0\0\0\0\0\0\0\0\0\0\0\0\0\0\0\0\0\0\0\0\0\0", 64) = 64
31461 lseek(3, 131512, SEEK_SET)        = 131512
31461 read(3, "\v\0\0\0\7\0\0\0\2\0\0\0\0\0\0\0\310\1\0\0\0\0\0\0\310\1\0\0\0\0\0\0$\0\0\0\0\0\0\0\0\0\0\0\0\0\0\0\4\0\0\0\0\0\0\0\0\0\0\0\0\0\0\0", 64) = 64
31461 lseek(3, 131576, SEEK_SET)        = 131576
31461 read(3, "\36\0\0\0\366\377\377o\2\0\0\0\0\0\0\0\360\1\0\0\0\0\0\0\360\1\0\0\0\0\0\0\314\1\0\0\0\0\0\0\3\0\0\0\0\0\0\0\10\0\0\0\0\0\0\0\0\0\0\0\0\0\0\0", 64) = 64
31461 lseek(3, 131640, SEEK_SET)        = 131640
31461 read(3, "(\0\0\0\v\0\0\0\2\0\0\0\0\0\0\0\300\3\0\0\0\0\0\0\300\3\0\0\0\0\0\0\260\7\0\0\0\0\0\0\4\0\0\0\3\0\0\0\10\0\0\0\0\0\0\0\30\0\0\0\0\0\0\0", 64) = 64
31461 lseek(3, 131704, SEEK_SET)        = 131704
31461 read(3, "0\0\0\0\3\0\0\0\2\0\0\0\0\0\0\0p\v\0\0\0\0\0\0p\v\0\0\0\0\0\0\206\6\0\0\0\0\0\0\0\0\0\0\0\0\0\0\1\0\0\0\0\0\0\0\0\0\0\0\0\0\0\0", 64) = 64
31461 lseek(3, 131768, SEEK_SET)        = 131768
31461 read(3, "8\0\0\0\377\377\377o\2\0\0\0\0\0\0\0\366\21\0\0\0\0\0\0\366\21\0\0\0\0\0\0\244\0\0\0\0\0\0\0\3\0\0\0\0\0\0\0\2\0\0\0\0\0\0\0\2\0\0\0\0\0\0\0", 64) = 64
31461 lseek(3, 131832, SEEK_SET)        = 131832
31461 read(3, "E\0\0\0\376\377\377o\2\0\0\0\0\0\0\0\240\22\0\0\0\0\0\0\240\22\0\0\0\0\0\0@\0\0\0\0\0\0\0\4\0\0\0\2\0\0\0\10\0\0\0\0\0\0\0\0\0\0\0\0\0\0\0", 64) = 64
31461 lseek(3, 131896, SEEK_SET)        = 131896
31461 read(3, "T\0\0\0\4\0\0\0\2\0\0\0\0\0\0\0\340\22\0\0\0\0\0\0\340\22\0\0\0\0\0\0\200\1\0\0\0\0\0\0\3\0\0\0\0\0\0\0\10\0\0\0\0\0\0\0\30\0\0\0\0\0\0\0", 64) = 64
31461 lseek(3, 131960, SEEK_SET)        = 131960
31461 read(3, "^\0\0\0\4\0\0\0B\0\0\0\0\0\0\0`\24\0\0\0\0\0\0`\24\0\0\0\0\0\0`\3\0\0\0\0\0\0\3\0\0\0\23\0\0\0\10\0\0\0\0\0\0\0\30\0\0\0\0\0\0\0", 64) = 64
31461 lseek(3, 132024, SEEK_SET)        = 132024
31461 read(3, "h\0\0\0\1\0\0\0\6\0\0\0\0\0\0\0\300\27\0\0\0\0\0\0\300\27\0\0\0\0\0\0\30\0\0\0\0\0\0\0\0\0\0\0\0\0\0\0\4\0\0\0\0\0\0\0\0\0\0\0\0\0\0\0", 64) = 64
31461 lseek(3, 131332, SEEK_SET)        = 131332
31461 read(3, ".init\0.text\0.fini\0.rodata\0.eh_frame_hdr\0.eh_frame\0.init_array\0.fini_array\0.dynamic\0.got\0.data\0.bss\0.gnu_debuglink\0", 114) = 114
31461 lseek(3, 131332, SEEK_SET)        = 131332
31461 read(3, ".init\0", 6)             = 6
31461 lseek(3, 132088, SEEK_SET)        = 132088
31461 read(3, "c\0\0\0\1\0\0\0\6\0\0\0\0\0\0\0\340\27\0\0\0\0\0\0\340\27\0\0\0\0\0\0`\2\0\0\0\0\0\0\0\0\0\0\0\0\0\0\20\0\0\0\0\0\0\0\0\0\0\0\0\0\0\0", 64) = 64
31461 lseek(3, 131327, SEEK_SET)        = 131327
31461 read(3, ".plt\0.init\0.text\0.fini\0.rodata\0.eh_frame_hdr\0.eh_frame\0.init_array\0.fini_array\0.dynamic\0.got\0.data\0.bss\0.gnu_debuglink\0", 119) = 119
31461 lseek(3, 131327, SEEK_SET)        = 131327
31461 read(3, ".plt\0", 5)              = 5
31461 lseek(3, 132152, SEEK_SET)        = 132152
31461 read(3, "n\0\0\0\1\0\0\0\6\0\0\0\0\0\0\0@\32\0\0\0\0\0\0@\32\0\0\0\0\0\0\374T\1\0\0\0\0\0\0\0\0\0\0\0\0\0\20\0\0\0\0\0\0\0\0\0\0\0\0\0\0\0", 64) = 64
31461 lseek(3, 131338, SEEK_SET)        = 131338
31461 read(3, ".text\0.fini\0.rodata\0.eh_frame_hdr\0.eh_frame\0.init_array\0.fini_array\0.dynamic\0.got\0.data\0.bss\0.gnu_debuglink\0", 108) = 108
31461 lseek(3, 131338, SEEK_SET)        = 131338
31461 read(3, ".text\0", 6)             = 6
31461 lseek(3, 132216, SEEK_SET)        = 132216
31461 read(3, "t\0\0\0\1\0\0\0\6\0\0\0\0\0\0\0<o\1\0\0\0\0\0<o\1\0\0\0\0\0\24\0\0\0\0\0\0\0\0\0\0\0\0\0\0\0\4\0\0\0\0\0\0\0\0\0\0\0\0\0\0\0", 64) = 64
31461 lseek(3, 131344, SEEK_SET)        = 131344
31461 read(3, ".fini\0.rodata\0.eh_frame_hdr\0.eh_frame\0.init_array\0.fini_array\0.dynamic\0.got\0.data\0.bss\0.gnu_debuglink\0", 102) = 102
31461 lseek(3, 131344, SEEK_SET)        = 131344
31461 read(3, ".fini\0", 6)             = 6
31461 lseek(3, 132280, SEEK_SET)        = 132280
31461 read(3, "z\0\0\0\1\0\0\0\2\0\0\0\0\0\0\0Po\1\0\0\0\0\0Po\1\0\0\0\0\0\22\34\0\0\0\0\0\0\0\0\0\0\0\0\0\0\10\0\0\0\0\0\0\0\0\0\0\0\0\0\0\0", 64) = 64
31461 lseek(3, 131350, SEEK_SET)        = 131350
31461 read(3, ".rodata\0.eh_frame_hdr\0.eh_frame\0.init_array\0.fini_array\0.dynamic\0.got\0.data\0.bss\0.gnu_debuglink\0", 96) = 96
31461 lseek(3, 131350, SEEK_SET)        = 131350
31461 read(3, ".rodata\0", 8)           = 8
31461 lseek(3, 132344, SEEK_SET)        = 132344
31461 read(3, "\202\0\0\0\1\0\0\0\2\0\0\0\0\0\0\0d\213\1\0\0\0\0\0d\213\1\0\0\0\0\0\274\3\0\0\0\0\0\0\0\0\0\0\0\0\0\0\4\0\0\0\0\0\0\0\0\0\0\0\0\0\0\0", 64) = 64
31461 lseek(3, 131358, SEEK_SET)        = 131358
31461 read(3, ".eh_frame_hdr\0.eh_frame\0.init_array\0.fini_array\0.dynamic\0.got\0.data\0.bss\0.gnu_debuglink\0", 88) = 88
31461 lseek(3, 131358, SEEK_SET)        = 131358
31461 read(3, ".eh_frame_hdr\0", 14)    = 14
31461 lseek(3, 132408, SEEK_SET)        = 132408
31461 read(3, "\220\0\0\0\1\0\0\0\2\0\0\0\0\0\0\0 \217\1\0\0\0\0\0 \217\1\0\0\0\0\0004$\0\0\0\0\0\0\0\0\0\0\0\0\0\0\10\0\0\0\0\0\0\0\0\0\0\0\0\0\0\0", 64) = 64
31461 lseek(3, 131372, SEEK_SET)        = 131372
31461 read(3, ".eh_frame\0.init_array\0.fini_array\0.dynamic\0.got\0.data\0.bss\0.gnu_debuglink\0", 74) = 74
31461 lseek(3, 131372, SEEK_SET)        = 131372
31461 read(3, ".eh_frame\0", 10)        = 10
31461 lseek(3, 132472, SEEK_SET)        = 132472
31461 read(3, "\232\0\0\0\16\0\0\0\3\0\0\0\0\0\0\0\210\374\2\0\0\0\0\0\210\374\1\0\0\0\0\0\10\0\0\0\0\0\0\0\0\0\0\0\0\0\0\0\10\0\0\0\0\0\0\0\10\0\0\0\0\0\0\0", 64) = 64
31461 lseek(3, 132536, SEEK_SET)        = 132536
31461 read(3, "\246\0\0\0\17\0\0\0\3\0\0\0\0\0\0\0\220\374\2\0\0\0\0\0\220\374\1\0\0\0\0\0\10\0\0\0\0\0\0\0\0\0\0\0\0\0\0\0\10\0\0\0\0\0\0\0\10\0\0\0\0\0\0\0", 64) = 64
31461 lseek(3, 132600, SEEK_SET)        = 132600
31461 read(3, "\262\0\0\0\6\0\0\0\3\0\0\0\0\0\0\0\230\374\2\0\0\0\0\0\230\374\1\0\0\0\0\0\0\2\0\0\0\0\0\0\4\0\0\0\0\0\0\0\10\0\0\0\0\0\0\0\20\0\0\0\0\0\0\0", 64) = 64
31461 lseek(3, 132664, SEEK_SET)        = 132664
31461 read(3, "\273\0\0\0\1\0\0\0\3\0\0\0\0\0\0\0\230\376\2\0\0\0\0\0\230\376\1\0\0\0\0\0h\1\0\0\0\0\0\0\0\0\0\0\0\0\0\0\10\0\0\0\0\0\0\0\10\0\0\0\0\0\0\0", 64) = 64
31461 lseek(3, 131415, SEEK_SET)        = 131415
31461 read(3, ".got\0.data\0.bss\0.gnu_debuglink\0", 31) = 31
31461 lseek(3, 131415, SEEK_SET)        = 131415
31461 read(3, ".got\0", 5)              = 5
31461 lseek(3, 132728, SEEK_SET)        = 132728
31461 read(3, "\300\0\0\0\1\0\0\0\3\0\0\0\0\0\0\0\0\0\3\0\0\0\0\0\0\0\2\0\0\0\0\0h\0\0\0\0\0\0\0\0\0\0\0\0\0\0\0\10\0\0\0\0\0\0\0\0\0\0\0\0\0\0\0", 64) = 64
31461 lseek(3, 131420, SEEK_SET)        = 131420
31461 read(3, ".data\0.bss\0.gnu_debuglink\0", 26) = 26
31461 lseek(3, 131420, SEEK_SET)        = 131420
31461 read(3, ".data\0", 6)             = 6
31461 lseek(3, 132792, SEEK_SET)        = 132792
31461 read(3, "\306\0\0\0\10\0\0\0\3\0\0\0\0\0\0\0h\0\3\0\0\0\0\0h\0\2\0\0\0\0\0\10\0\0\0\0\0\0\0\0\0\0\0\0\0\0\0\1\0\0\0\0\0\0\0\0\0\0\0\0\0\0\0", 64) = 64
31461 lseek(3, 132856, SEEK_SET)        = 132856
31461 read(3, "\313\0\0\0\1\0\0\0\0\0\0\0\0\0\0\0\0\0\0\0\0\0\0\0h\0\2\0\0\0\0\0004\0\0\0\0\0\0\0\0\0\0\0\0\0\0\0\4\0\0\0\0\0\0\0\0\0\0\0\0\0\0\0", 64) = 64
31461 lseek(3, 131431, SEEK_SET)        = 131431
31461 read(3, ".gnu_debuglink\0", 15)   = 15
31461 lseek(3, 131431, SEEK_SET)        = 131431
31461 read(3, ".gnu_debuglink\0", 15)   = 15
31461 lseek(3, 131176, SEEK_SET)        = 131176
31461 read(3, "2148015ad9a79efc9346e55c0ce953be5f8e2c.debug\0\0\0\0", 48) = 48
31461 read(3, "AO\270_", 4)             = 4
31461 rt_sigprocmask(SIG_SETMASK, ~[RTMIN RT_1], [], 8) = 0
31461 rt_sigprocmask(SIG_SETMASK, [], NULL, 8) = 0
31461 close(3)                          = 0
31461 rt_sigprocmask(SIG_SETMASK, ~[RTMIN RT_1], [], 8) = 0
31461 rt_sigprocmask(SIG_SETMASK, [], NULL, 8) = 0
31461 readlinkat(AT_FDCWD, "/lib", "usr/lib", 1023) = 7
31461 readlinkat(AT_FDCWD, "/usr", 0x7fc472b6c0, 1023) = -1 EINVAL (Invalid argument)
31461 readlinkat(AT_FDCWD, "/usr/lib", 0x7fc472b6c0, 1023) = -1 EINVAL (Invalid argument)
31461 readlinkat(AT_FDCWD, "/usr/lib/aarch64-linux-gnu", 0x7fc472b6c0, 1023) = -1 EINVAL (Invalid argument)
31461 readlinkat(AT_FDCWD, "/usr/lib/aarch64-linux-gnu/libdw.so.1", "libdw-0.188.so", 1023) = 14
31461 readlinkat(AT_FDCWD, "/usr/lib/aarch64-linux-gnu/libdw-0.188.so", 0x7fc472b6c0, 1023) = -1 EINVAL (Invalid argument)
31461 rt_sigprocmask(SIG_SETMASK, ~[RTMIN RT_1], [], 8) = 0
31461 rt_sigprocmask(SIG_SETMASK, [], NULL, 8) = 0
31461 openat(AT_FDCWD, "/usr/lib/aarch64-linux-gnu/libdw-0.188.so", O_RDONLY|O_CLOEXEC) = 3
31461 rt_sigprocmask(SIG_SETMASK, ~[RTMIN RT_1], [], 8) = 0
31461 rt_sigprocmask(SIG_SETMASK, [], NULL, 8) = 0
31461 read(3, "\177ELF\2\1\1\0\0\0\0\0\0\0\0\0", 16) = 16
31461 lseek(3, 0, SEEK_SET)             = 0
31461 read(3, "\177ELF\2\1\1\0\0\0\0\0\0\0\0\0\3\0\267\0\1\0\0\0\0\0\0\0\0\0\0\0@\0\0\0\0\0\0\0\320\n\v\0\0\0\0\0\0\0\0\0@\08\0\10\0@\0\35\0\34\0", 64) = 64
31461 lseek(3, 725456, SEEK_SET)        = 725456
31461 read(3, "\1\0\0\0\3\0\0\0\0\0\0\0\0\0\0\0\0\0\0\0\0\0\0\0\304\t\v\0\0\0\0\0\f\1\0\0\0\0\0\0\0\0\0\0\0\0\0\0\1\0\0\0\0\0\0\0\0\0\0\0\0\0\0\0", 64) = 64
31461 lseek(3, 64, SEEK_SET)            = 64
31461 read(3, "\1\0\0\0\5\0\0\0\0\0\0\0\0\0\0\0\0\0\0\0\0\0\0\0\0\0\0\0\0\0\0\0\224\246\t\0\0\0\0\0\224\246\t\0\0\0\0\0\0\0\1\0\0\0\0\0", 56) = 56
31461 lseek(3, 120, SEEK_SET)           = 120
31461 read(3, "\1\0\0\0\6\0\0\0\370z\n\0\0\0\0\0\370z\n\0\0\0\0\0\370z\n\0\0\0\0\0\226\216\0\0\0\0\0\0@\224\0\0\0\0\0\0\0\0\1\0\0\0\0\0", 56) = 56
31461 lseek(3, 176, SEEK_SET)           = 176
31461 read(3, "\2\0\0\0\6\0\0\0p\365\n\0\0\0\0\0p\365\n\0\0\0\0\0p\365\n\0\0\0\0\0`\2\0\0\0\0\0\0`\2\0\0\0\0\0\0\10\0\0\0\0\0\0\0", 56) = 56
31461 lseek(3, 232, SEEK_SET)           = 232
31461 read(3, "\4\0\0\0\4\0\0\0\0\2\0\0\0\0\0\0\0\2\0\0\0\0\0\0\0\2\0\0\0\0\0\0$\0\0\0\0\0\0\0$\0\0\0\0\0\0\0\4\0\0\0\0\0\0\0", 56) = 56
31461 lseek(3, 288, SEEK_SET)           = 288
31461 read(3, "\7\0\0\0\4\0\0\0\370z\n\0\0\0\0\0\370z\n\0\0\0\0\0\370z\n\0\0\0\0\0\10\0\0\0\0\0\0\0\20\0\0\0\0\0\0\0\10\0\0\0\0\0\0\0", 56) = 56
31461 lseek(3, 344, SEEK_SET)           = 344
31461 read(3, "P\345td\4\0\0\0\310\323\10\0\0\0\0\0\310\323\10\0\0\0\0\0\310\323\10\0\0\0\0\0004\33\0\0\0\0\0\0004\33\0\0\0\0\0\0\4\0\0\0\0\0\0\0", 56) = 56
31461 lseek(3, 400, SEEK_SET)           = 400
31461 read(3, "Q\345td\6\0\0\0\0\0\0\0\0\0\0\0\0\0\0\0\0\0\0\0\0\0\0\0\0\0\0\0\0\0\0\0\0\0\0\0\0\0\0\0\0\0\0\0\20\0\0\0\0\0\0\0", 56) = 56
31461 lseek(3, 456, SEEK_SET)           = 456
31461 read(3, "R\345td\4\0\0\0\370z\n\0\0\0\0\0\370z\n\0\0\0\0\0\370z\n\0\0\0\0\0\10\205\0\0\0\0\0\0\10\205\0\0\0\0\0\0\1\0\0\0\0\0\0\0", 56) = 56
31461 lseek(3, 64, SEEK_SET)            = 64
31461 read(3, "\1\0\0\0\5\0\0\0\0\0\0\0\0\0\0\0\0\0\0\0\0\0\0\0\0\0\0\0\0\0\0\0\224\246\t\0\0\0\0\0\224\246\t\0\0\0\0\0\0\0\1\0\0\0\0\0", 56) = 56
31461 lseek(3, 120, SEEK_SET)           = 120
31461 read(3, "\1\0\0\0\6\0\0\0\370z\n\0\0\0\0\0\370z\n\0\0\0\0\0\370z\n\0\0\0\0\0\226\216\0\0\0\0\0\0@\224\0\0\0\0\0\0\0\0\1\0\0\0\0\0", 56) = 56
31461 lseek(3, 176, SEEK_SET)           = 176
31461 read(3, "\2\0\0\0\6\0\0\0p\365\n\0\0\0\0\0p\365\n\0\0\0\0\0p\365\n\0\0\0\0\0`\2\0\0\0\0\0\0`\2\0\0\0\0\0\0\10\0\0\0\0\0\0\0", 56) = 56
31461 lseek(3, 232, SEEK_SET)           = 232
31461 read(3, "\4\0\0\0\4\0\0\0\0\2\0\0\0\0\0\0\0\2\0\0\0\0\0\0\0\2\0\0\0\0\0\0$\0\0\0\0\0\0\0$\0\0\0\0\0\0\0\4\0\0\0\0\0\0\0", 56) = 56
31461 lseek(3, 512, SEEK_SET)           = 512
31461 read(3, "\4\0\0\0\24\0\0\0\3\0\0\0", 12) = 12
31461 lseek(3, 528, SEEK_SET)           = 528
31461 read(3, "\336\330I\371\224\16a/\267\341\220\332E\321\303\4\215\32\1\243", 20) = 20
31461 lseek(3, 723664, SEEK_SET)        = 723664
31461 read(3, "\0\0\0\0\0\0\0\0\0\0\0\0\0\0\0\0\0\0\0\0\0\0\0\0\0\0\0\0\0\0\0\0\0\0\0\0\0\0\0\0\0\0\0\0\0\0\0\0\0\0\0\0\0\0\0\0\0\0\0\0\0\0\0\0", 64) = 64
31461 lseek(3, 723728, SEEK_SET)        = 723728
31461 read(3, "\v\0\0\0\7\0\0\0\2\0\0\0\0\0\0\0\0\2\0\0\0\0\0\0\0\2\0\0\0\0\0\0$\0\0\0\0\0\0\0\0\0\0\0\0\0\0\0\4\0\0\0\0\0\0\0\0\0\0\0\0\0\0\0", 64) = 64
31461 lseek(3, 723792, SEEK_SET)        = 723792
31461 read(3, "\36\0\0\0\366\377\377o\2\0\0\0\0\0\0\0(\2\0\0\0\0\0\0(\2\0\0\0\0\0\0<\10\0\0\0\0\0\0\3\0\0\0\0\0\0\0\10\0\0\0\0\0\0\0\0\0\0\0\0\0\0\0", 64) = 64
31461 lseek(3, 723856, SEEK_SET)        = 723856
31461 read(3, "(\0\0\0\v\0\0\0\2\0\0\0\0\0\0\0h\n\0\0\0\0\0\0h\n\0\0\0\0\0\0\300'\0\0\0\0\0\0\4\0\0\0\3\0\0\0\10\0\0\0\0\0\0\0\30\0\0\0\0\0\0\0", 64) = 64
31461 lseek(3, 723920, SEEK_SET)        = 723920
31461 read(3, "0\0\0\0\3\0\0\0\2\0\0\0\0\0\0\0(2\0\0\0\0\0\0(2\0\0\0\0\0\0\216\31\0\0\0\0\0\0\0\0\0\0\0\0\0\0\1\0\0\0\0\0\0\0\0\0\0\0\0\0\0\0", 64) = 64
31461 lseek(3, 723984, SEEK_SET)        = 723984
31461 read(3, "8\0\0\0\377\377\377o\2\0\0\0\0\0\0\0\266K\0\0\0\0\0\0\266K\0\0\0\0\0\0P\3\0\0\0\0\0\0\3\0\0\0\0\0\0\0\2\0\0\0\0\0\0\0\2\0\0\0\0\0\0\0", 64) = 64
31461 lseek(3, 724048, SEEK_SET)        = 724048
31461 read(3, "E\0\0\0\375\377\377o\2\0\0\0\0\0\0\0\10O\0\0\0\0\0\0\10O\0\0\0\0\0\0\4\4\0\0\0\0\0\0\4\0\0\0\35\0\0\0\10\0\0\0\0\0\0\0\0\0\0\0\0\0\0\0", 64) = 64
31461 lseek(3, 724112, SEEK_SET)        = 724112
31461 read(3, "T\0\0\0\376\377\377o\2\0\0\0\0\0\0\0\20S\0\0\0\0\0\0\20S\0\0\0\0\0\0\20\1\0\0\0\0\0\0\4\0\0\0\5\0\0\0\10\0\0\0\0\0\0\0\0\0\0\0\0\0\0\0", 64) = 64
31461 lseek(3, 724176, SEEK_SET)        = 724176
31461 read(3, "c\0\0\0\4\0\0\0\2\0\0\0\0\0\0\0 T\0\0\0\0\0\0 T\0\0\0\0\0\0\20\357\0\0\0\0\0\0\3\0\0\0\0\0\0\0\10\0\0\0\0\0\0\0\30\0\0\0\0\0\0\0", 64) = 64
31461 lseek(3, 724240, SEEK_SET)        = 724240
31461 read(3, "m\0\0\0\4\0\0\0B\0\0\0\0\0\0\0000C\1\0\0\0\0\0000C\1\0\0\0\0\0\210\21\0\0\0\0\0\0\3\0\0\0\30\0\0\0\10\0\0\0\0\0\0\0\30\0\0\0\0\0\0\0", 64) = 64
31461 lseek(3, 724304, SEEK_SET)        = 724304
31461 read(3, "w\0\0\0\1\0\0\0\6\0\0\0\0\0\0\0\270T\1\0\0\0\0\0\270T\1\0\0\0\0\0\30\0\0\0\0\0\0\0\0\0\0\0\0\0\0\0\4\0\0\0\0\0\0\0\0\0\0\0\0\0\0\0", 64) = 64
31461 lseek(3, 723515, SEEK_SET)        = 723515
31461 read(3, ".init\0.text\0.fini\0.rodata\0.eh_frame_hdr\0.eh_frame\0.tdata\0.tbss\0.init_array\0.fini_array\0.data.rel.ro\0.dynamic\0.got\0.got.plt\0.data\0.bss\0.gnu_debuglink\0", 149) = 149
31461 lseek(3, 723515, SEEK_SET)        = 723515
31461 read(3, ".init\0", 6)             = 6
31461 lseek(3, 724368, SEEK_SET)        = 724368
31461 read(3, "r\0\0\0\1\0\0\0\6\0\0\0\0\0\0\0\320T\1\0\0\0\0\0\320T\1\0\0\0\0\0\300\v\0\0\0\0\0\0\0\0\0\0\0\0\0\0\20\0\0\0\0\0\0\0\0\0\0\0\0\0\0\0", 64) = 64
31461 lseek(3, 723510, SEEK_SET)        = 723510
31461 read(3, ".plt\0.init\0.text\0.fini\0.rodata\0.eh_frame_hdr\0.eh_frame\0.tdata\0.tbss\0.init_array\0.fini_array\0.data.rel.ro\0.dynamic\0.got\0.got.plt\0.data\0.bss\0.gnu_debuglink\0", 154) = 154
31461 lseek(3, 723510, SEEK_SET)        = 723510
31461 read(3, ".plt\0", 5)              = 5
31461 lseek(3, 724432, SEEK_SET)        = 724432
31461 read(3, "}\0\0\0\1\0\0\0\6\0\0\0\0\0\0\0\220`\1\0\0\0\0\0\220`\1\0\0\0\0\0\300z\5\0\0\0\0\0\0\0\0\0\0\0\0\0\20\0\0\0\0\0\0\0\0\0\0\0\0\0\0\0", 64) = 64
31461 lseek(3, 723521, SEEK_SET)        = 723521
31461 read(3, ".text\0.fini\0.rodata\0.eh_frame_hdr\0.eh_frame\0.tdata\0.tbss\0.init_array\0.fini_array\0.data.rel.ro\0.dynamic\0.got\0.got.plt\0.data\0.bss\0.gnu_debuglink\0", 143) = 143
31461 lseek(3, 723521, SEEK_SET)        = 723521
31461 read(3, ".text\0", 6)             = 6
31461 lseek(3, 724496, SEEK_SET)        = 724496
31461 read(3, "\203\0\0\0\1\0\0\0\6\0\0\0\0\0\0\0P\333\6\0\0\0\0\0P\333\6\0\0\0\0\0\24\0\0\0\0\0\0\0\0\0\0\0\0\0\0\0\4\0\0\0\0\0\0\0\0\0\0\0\0\0\0\0", 64) = 64
31461 lseek(3, 723527, SEEK_SET)        = 723527
31461 read(3, ".fini\0.rodata\0.eh_frame_hdr\0.eh_frame\0.tdata\0.tbss\0.init_array\0.fini_array\0.data.rel.ro\0.dynamic\0.got\0.got.plt\0.data\0.bss\0.gnu_debuglink\0", 137) = 137
31461 lseek(3, 723527, SEEK_SET)        = 723527
31461 read(3, ".fini\0", 6)             = 6
31461 lseek(3, 724560, SEEK_SET)        = 724560
31461 read(3, "\211\0\0\0\1\0\0\0\2\0\0\0\0\0\0\0p\333\6\0\0\0\0\0p\333\6\0\0\0\0\0W\370\1\0\0\0\0\0\0\0\0\0\0\0\0\0\20\0\0\0\0\0\0\0\0\0\0\0\0\0\0\0", 64) = 64
31461 lseek(3, 723533, SEEK_SET)        = 723533
31461 read(3, ".rodata\0.eh_frame_hdr\0.eh_frame\0.tdata\0.tbss\0.init_array\0.fini_array\0.data.rel.ro\0.dynamic\0.got\0.got.plt\0.data\0.bss\0.gnu_debuglink\0", 131) = 131
31461 lseek(3, 723533, SEEK_SET)        = 723533
31461 read(3, ".rodata\0", 8)           = 8
31461 lseek(3, 724624, SEEK_SET)        = 724624
31461 read(3, "\221\0\0\0\1\0\0\0\2\0\0\0\0\0\0\0\310\323\10\0\0\0\0\0\310\323\10\0\0\0\0\0004\33\0\0\0\0\0\0\0\0\0\0\0\0\0\0\4\0\0\0\0\0\0\0\0\0\0\0\0\0\0\0", 64) = 64
31461 lseek(3, 723541, SEEK_SET)        = 723541
31461 read(3, ".eh_frame_hdr\0.eh_frame\0.tdata\0.tbss\0.init_array\0.fini_array\0.data.rel.ro\0.dynamic\0.got\0.got.plt\0.data\0.bss\0.gnu_debuglink\0", 123) = 123
31461 lseek(3, 723541, SEEK_SET)        = 723541
31461 read(3, ".eh_frame_hdr\0", 14)    = 14
31461 lseek(3, 724688, SEEK_SET)        = 724688
31461 read(3, "\237\0\0\0\1\0\0\0\2\0\0\0\0\0\0\0\0\357\10\0\0\0\0\0\0\357\10\0\0\0\0\0\224\267\0\0\0\0\0\0\0\0\0\0\0\0\0\0\10\0\0\0\0\0\0\0\0\0\0\0\0\0\0\0", 64) = 64
31461 lseek(3, 723555, SEEK_SET)        = 723555
31461 read(3, ".eh_frame\0.tdata\0.tbss\0.init_array\0.fini_array\0.data.rel.ro\0.dynamic\0.got\0.got.plt\0.data\0.bss\0.gnu_debuglink\0", 109) = 109
31461 lseek(3, 723555, SEEK_SET)        = 723555
31461 read(3, ".eh_frame\0", 10)        = 10
31461 lseek(3, 724752, SEEK_SET)        = 724752
31461 read(3, "\251\0\0\0\1\0\0\0\3\4\0\0\0\0\0\0\370z\n\0\0\0\0\0\370z\n\0\0\0\0\0\10\0\0\0\0\0\0\0\0\0\0\0\0\0\0\0\10\0\0\0\0\0\0\0\0\0\0\0\0\0\0\0", 64) = 64
31461 lseek(3, 723565, SEEK_SET)        = 723565
31461 read(3, ".tdata\0.tbss\0.init_array\0.fini_array\0.data.rel.ro\0.dynamic\0.got\0.got.plt\0.data\0.bss\0.gnu_debuglink\0", 99) = 99
31461 lseek(3, 723565, SEEK_SET)        = 723565
31461 read(3, ".tdata\0", 7)            = 7
31461 lseek(3, 724816, SEEK_SET)        = 724816
31461 read(3, "\260\0\0\0\10\0\0\0\3\4\0\0\0\0\0\0\0{\n\0\0\0\0\0\0{\n\0\0\0\0\0\10\0\0\0\0\0\0\0\0\0\0\0\0\0\0\0\4\0\0\0\0\0\0\0\0\0\0\0\0\0\0\0", 64) = 64
31461 lseek(3, 724880, SEEK_SET)        = 724880
31461 read(3, "\266\0\0\0\16\0\0\0\3\0\0\0\0\0\0\0\0{\n\0\0\0\0\0\0{\n\0\0\0\0\0\30\0\0\0\0\0\0\0\0\0\0\0\0\0\0\0\10\0\0\0\0\0\0\0\10\0\0\0\0\0\0\0", 64) = 64
31461 lseek(3, 724944, SEEK_SET)        = 724944
31461 read(3, "\302\0\0\0\17\0\0\0\3\0\0\0\0\0\0\0\30{\n\0\0\0\0\0\30{\n\0\0\0\0\0\10\0\0\0\0\0\0\0\0\0\0\0\0\0\0\0\10\0\0\0\0\0\0\0\10\0\0\0\0\0\0\0", 64) = 64
31461 lseek(3, 725008, SEEK_SET)        = 725008
31461 read(3, "\316\0\0\0\1\0\0\0\3\0\0\0\0\0\0\0 {\n\0\0\0\0\0 {\n\0\0\0\0\0Pz\0\0\0\0\0\0\0\0\0\0\0\0\0\0\20\0\0\0\0\0\0\0\0\0\0\0\0\0\0\0", 64) = 64
31461 lseek(3, 723602, SEEK_SET)        = 723602
31461 read(3, ".data.rel.ro\0.dynamic\0.got\0.got.plt\0.data\0.bss\0.gnu_debuglink\0", 62) = 62
31461 lseek(3, 723602, SEEK_SET)        = 723602
31461 read(3, ".data.rel.ro\0", 13)     = 13
31461 lseek(3, 725072, SEEK_SET)        = 725072
31461 read(3, "\333\0\0\0\6\0\0\0\3\0\0\0\0\0\0\0p\365\n\0\0\0\0\0p\365\n\0\0\0\0\0`\2\0\0\0\0\0\0\4\0\0\0\0\0\0\0\10\0\0\0\0\0\0\0\20\0\0\0\0\0\0\0", 64) = 64
31461 lseek(3, 725136, SEEK_SET)        = 725136
31461 read(3, "\344\0\0\0\1\0\0\0\3\0\0\0\0\0\0\0\320\367\n\0\0\0\0\0\320\367\n\0\0\0\0\0\30\10\0\0\0\0\0\0\0\0\0\0\0\0\0\0\10\0\0\0\0\0\0\0\10\0\0\0\0\0\0\0", 64) = 64
31461 lseek(3, 723624, SEEK_SET)        = 723624
31461 read(3, ".got\0.got.plt\0.data\0.bss\0.gnu_debuglink\0", 40) = 40
31461 lseek(3, 723624, SEEK_SET)        = 723624
31461 read(3, ".got\0", 5)              = 5
31461 lseek(3, 725200, SEEK_SET)        = 725200
31461 read(3, "\351\0\0\0\1\0\0\0\3\0\0\0\0\0\0\0\350\377\n\0\0\0\0\0\350\377\n\0\0\0\0\0\10\6\0\0\0\0\0\0\0\0\0\0\0\0\0\0\10\0\0\0\0\0\0\0\10\0\0\0\0\0\0\0", 64) = 64
31461 lseek(3, 723629, SEEK_SET)        = 723629
31461 read(3, ".got.plt\0.data\0.bss\0.gnu_debuglink\0", 35) = 35
31461 lseek(3, 723629, SEEK_SET)        = 723629
31461 read(3, ".got.plt\0", 9)          = 9
31461 lseek(3, 725264, SEEK_SET)        = 725264
31461 read(3, "\362\0\0\0\1\0\0\0\3\0\0\0\0\0\0\0\360\5\v\0\0\0\0\0\360\5\v\0\0\0\0\0\236\3\0\0\0\0\0\0\0\0\0\0\0\0\0\0\20\0\0\0\0\0\0\0\0\0\0\0\0\0\0\0", 64) = 64
31461 lseek(3, 723638, SEEK_SET)        = 723638
31461 read(3, ".data\0.bss\0.gnu_debuglink\0", 26) = 26
31461 lseek(3, 723638, SEEK_SET)        = 723638
31461 read(3, ".data\0", 6)             = 6
31461 lseek(3, 725328, SEEK_SET)        = 725328
31461 read(3, "\370\0\0\0\10\0\0\0\3\0\0\0\0\0\0\0\220\t\v\0\0\0\0\0\216\t\v\0\0\0\0\0\250\5\0\0\0\0\0\0\0\0\0\0\0\0\0\0\20\0\0\0\0\0\0\0\0\0\0\0\0\0\0\0", 64) = 64
31461 lseek(3, 725392, SEEK_SET)        = 725392
31461 read(3, "\375\0\0\0\1\0\0\0\0\0\0\0\0\0\0\0\0\0\0\0\0\0\0\0\220\t\v\0\0\0\0\0004\0\0\0\0\0\0\0\0\0\0\0\0\0\0\0\4\0\0\0\0\0\0\0\0\0\0\0\0\0\0\0", 64) = 64
31461 lseek(3, 723649, SEEK_SET)        = 723649
31461 read(3, ".gnu_debuglink\0", 15)   = 15
31461 lseek(3, 723649, SEEK_SET)        = 723649
31461 read(3, ".gnu_debuglink\0", 15)   = 15
31461 lseek(3, 723344, SEEK_SET)        = 723344
31461 read(3, "d849f9940e612fb7e190da45d1c3048d1a01a3.debug\0\0\0\0", 48) = 48
31461 read(3, "\351\20|\21", 4)         = 4
31461 rt_sigprocmask(SIG_SETMASK, ~[RTMIN RT_1], [], 8) = 0
31461 rt_sigprocmask(SIG_SETMASK, [], NULL, 8) = 0
31461 close(3)                          = 0
31461 rt_sigprocmask(SIG_SETMASK, ~[RTMIN RT_1], [], 8) = 0
31461 rt_sigprocmask(SIG_SETMASK, [], NULL, 8) = 0
31461 readlinkat(AT_FDCWD, "/lib", "usr/lib", 1023) = 7
31461 readlinkat(AT_FDCWD, "/usr", 0x7fc472b6c0, 1023) = -1 EINVAL (Invalid argument)
31461 readlinkat(AT_FDCWD, "/usr/lib", 0x7fc472b6c0, 1023) = -1 EINVAL (Invalid argument)
31461 readlinkat(AT_FDCWD, "/usr/lib/aarch64-linux-gnu", 0x7fc472b6c0, 1023) = -1 EINVAL (Invalid argument)
31461 readlinkat(AT_FDCWD, "/usr/lib/aarch64-linux-gnu/libz.so.1", "libz.so.1.2.13", 1023) = 14
31461 readlinkat(AT_FDCWD, "/usr/lib/aarch64-linux-gnu/libz.so.1.2.13", 0x7fc472b6c0, 1023) = -1 EINVAL (Invalid argument)
31461 rt_sigprocmask(SIG_SETMASK, ~[RTMIN RT_1], [], 8) = 0
31461 rt_sigprocmask(SIG_SETMASK, [], NULL, 8) = 0
31461 openat(AT_FDCWD, "/usr/lib/aarch64-linux-gnu/libz.so.1.2.13", O_RDONLY|O_CLOEXEC) = 3
31461 rt_sigprocmask(SIG_SETMASK, ~[RTMIN RT_1], [], 8) = 0
31461 rt_sigprocmask(SIG_SETMASK, [], NULL, 8) = 0
31461 read(3, "\177ELF\2\1\1\0\0\0\0\0\0\0\0\0", 16) = 16
31461 lseek(3, 0, SEEK_SET)             = 0
31461 read(3, "\177ELF\2\1\1\0\0\0\0\0\0\0\0\0\3\0\267\0\1\0\0\0\0\0\0\0\0\0\0\0@\0\0\0\0\0\0\0\320\2\2\0\0\0\0\0\0\0\0\0@\08\0\7\0@\0\33\0\32\0", 64) = 64
31461 lseek(3, 133456, SEEK_SET)        = 133456
31461 read(3, "\1\0\0\0\3\0\0\0\0\0\0\0\0\0\0\0\0\0\0\0\0\0\0\0\314\1\2\0\0\0\0\0\377\0\0\0\0\0\0\0\0\0\0\0\0\0\0\0\1\0\0\0\0\0\0\0\0\0\0\0\0\0\0\0", 64) = 64
31461 lseek(3, 64, SEEK_SET)            = 64
31461 read(3, "\1\0\0\0\5\0\0\0\0\0\0\0\0\0\0\0\0\0\0\0\0\0\0\0\0\0\0\0\0\0\0\0P\237\1\0\0\0\0\0P\237\1\0\0\0\0\0\0\0\1\0\0\0\0\0", 56) = 56
31461 lseek(3, 120, SEEK_SET)           = 120
31461 read(3, "\1\0\0\0\6\0\0\0P\374\1\0\0\0\0\0P\374\2\0\0\0\0\0P\374\2\0\0\0\0\0H\5\0\0\0\0\0\0P\5\0\0\0\0\0\0\0\0\1\0\0\0\0\0", 56) = 56
31461 lseek(3, 176, SEEK_SET)           = 176
31461 read(3, "\2\0\0\0\6\0\0\0\260\375\1\0\0\0\0\0\260\375\2\0\0\0\0\0\260\375\2\0\0\0\0\0\0\2\0\0\0\0\0\0\0\2\0\0\0\0\0\0\10\0\0\0\0\0\0\0", 56) = 56
31461 lseek(3, 232, SEEK_SET)           = 232
31461 read(3, "\4\0\0\0\4\0\0\0\310\1\0\0\0\0\0\0\310\1\0\0\0\0\0\0\310\1\0\0\0\0\0\0$\0\0\0\0\0\0\0$\0\0\0\0\0\0\0\4\0\0\0\0\0\0\0", 56) = 56
31461 lseek(3, 288, SEEK_SET)           = 288
31461 read(3, "P\345td\4\0\0\0T}\1\0\0\0\0\0T}\1\0\0\0\0\0T}\1\0\0\0\0\0\364\3\0\0\0\0\0\0\364\3\0\0\0\0\0\0\4\0\0\0\0\0\0\0", 56) = 56
31461 lseek(3, 344, SEEK_SET)           = 344
31461 read(3, "Q\345td\6\0\0\0\0\0\0\0\0\0\0\0\0\0\0\0\0\0\0\0\0\0\0\0\0\0\0\0\0\0\0\0\0\0\0\0\0\0\0\0\0\0\0\0\20\0\0\0\0\0\0\0", 56) = 56
31461 lseek(3, 400, SEEK_SET)           = 400
31461 read(3, "R\345td\4\0\0\0P\374\1\0\0\0\0\0P\374\2\0\0\0\0\0P\374\2\0\0\0\0\0\260\3\0\0\0\0\0\0\260\3\0\0\0\0\0\0\1\0\0\0\0\0\0\0", 56) = 56
31461 lseek(3, 64, SEEK_SET)            = 64
31461 read(3, "\1\0\0\0\5\0\0\0\0\0\0\0\0\0\0\0\0\0\0\0\0\0\0\0\0\0\0\0\0\0\0\0P\237\1\0\0\0\0\0P\237\1\0\0\0\0\0\0\0\1\0\0\0\0\0", 56) = 56
31461 lseek(3, 120, SEEK_SET)           = 120
31461 read(3, "\1\0\0\0\6\0\0\0P\374\1\0\0\0\0\0P\374\2\0\0\0\0\0P\374\2\0\0\0\0\0H\5\0\0\0\0\0\0P\5\0\0\0\0\0\0\0\0\1\0\0\0\0\0", 56) = 56
31461 lseek(3, 176, SEEK_SET)           = 176
31461 read(3, "\2\0\0\0\6\0\0\0\260\375\1\0\0\0\0\0\260\375\2\0\0\0\0\0\260\375\2\0\0\0\0\0\0\2\0\0\0\0\0\0\0\2\0\0\0\0\0\0\10\0\0\0\0\0\0\0", 56) = 56
31461 lseek(3, 232, SEEK_SET)           = 232
31461 read(3, "\4\0\0\0\4\0\0\0\310\1\0\0\0\0\0\0\310\1\0\0\0\0\0\0\310\1\0\0\0\0\0\0$\0\0\0\0\0\0\0$\0\0\0\0\0\0\0\4\0\0\0\0\0\0\0", 56) = 56
31461 lseek(3, 456, SEEK_SET)           = 456
31461 read(3, "\4\0\0\0\24\0\0\0\3\0\0\0", 12) = 12
31461 lseek(3, 472, SEEK_SET)           = 472
31461 read(3, "l\331M\311m\334\260\340\267\376\374\245\216\344\264X\1770f=", 20) = 20
31461 lseek(3, 131792, SEEK_SET)        = 131792
31461 read(3, "\0\0\0\0\0\0\0\0\0\0\0\0\0\0\0\0\0\0\0\0\0\0\0\0\0\0\0\0\0\0\0\0\0\0\0\0\0\0\0\0\0\0\0\0\0\0\0\0\0\0\0\0\0\0\0\0\0\0\0\0\0\0\0\0", 64) = 64
31461 lseek(3, 131856, SEEK_SET)        = 131856
31461 read(3, "\v\0\0\0\7\0\0\0\2\0\0\0\0\0\0\0\310\1\0\0\0\0\0\0\310\1\0\0\0\0\0\0$\0\0\0\0\0\0\0\0\0\0\0\0\0\0\0\4\0\0\0\0\0\0\0\0\0\0\0\0\0\0\0", 64) = 64
31461 lseek(3, 131920, SEEK_SET)        = 131920
31461 read(3, "\36\0\0\0\366\377\377o\2\0\0\0\0\0\0\0\360\1\0\0\0\0\0\0\360\1\0\0\0\0\0\0\254\3\0\0\0\0\0\0\3\0\0\0\0\0\0\0\10\0\0\0\0\0\0\0\0\0\0\0\0\0\0\0", 64) = 64
31461 lseek(3, 131984, SEEK_SET)        = 131984
31461 read(3, "(\0\0\0\v\0\0\0\2\0\0\0\0\0\0\0\240\5\0\0\0\0\0\0\240\5\0\0\0\0\0\0\0\f\0\0\0\0\0\0\4\0\0\0\3\0\0\0\10\0\0\0\0\0\0\0\30\0\0\0\0\0\0\0", 64) = 64
31461 lseek(3, 132048, SEEK_SET)        = 132048
31461 read(3, "0\0\0\0\3\0\0\0\2\0\0\0\0\0\0\0\240\21\0\0\0\0\0\0\240\21\0\0\0\0\0\0\337\5\0\0\0\0\0\0\0\0\0\0\0\0\0\0\1\0\0\0\0\0\0\0\0\0\0\0\0\0\0\0", 64) = 64
31461 lseek(3, 132112, SEEK_SET)        = 132112
31461 read(3, "8\0\0\0\377\377\377o\2\0\0\0\0\0\0\0\200\27\0\0\0\0\0\0\200\27\0\0\0\0\0\0\0\1\0\0\0\0\0\0\3\0\0\0\0\0\0\0\2\0\0\0\0\0\0\0\2\0\0\0\0\0\0\0", 64) = 64
31461 lseek(3, 132176, SEEK_SET)        = 132176
31461 read(3, "E\0\0\0\375\377\377o\2\0\0\0\0\0\0\0\200\30\0\0\0\0\0\0\200\30\0\0\0\0\0\0\f\2\0\0\0\0\0\0\4\0\0\0\17\0\0\0\10\0\0\0\0\0\0\0\0\0\0\0\0\0\0\0", 64) = 64
31461 lseek(3, 132240, SEEK_SET)        = 132240
31461 read(3, "T\0\0\0\376\377\377o\2\0\0\0\0\0\0\0\220\32\0\0\0\0\0\0\220\32\0\0\0\0\0\0@\0\0\0\0\0\0\0\4\0\0\0\2\0\0\0\10\0\0\0\0\0\0\0\0\0\0\0\0\0\0\0", 64) = 64
31461 lseek(3, 132304, SEEK_SET)        = 132304
31461 read(3, "c\0\0\0\4\0\0\0\2\0\0\0\0\0\0\0\320\32\0\0\0\0\0\0\320\32\0\0\0\0\0\0000\3\0\0\0\0\0\0\3\0\0\0\0\0\0\0\10\0\0\0\0\0\0\0\30\0\0\0\0\0\0\0", 64) = 64
31461 lseek(3, 132368, SEEK_SET)        = 132368
31461 read(3, "m\0\0\0\4\0\0\0B\0\0\0\0\0\0\0\0\36\0\0\0\0\0\0\0\36\0\0\0\0\0\0\260\4\0\0\0\0\0\0\3\0\0\0\26\0\0\0\10\0\0\0\0\0\0\0\30\0\0\0\0\0\0\0", 64) = 64
31461 lseek(3, 132432, SEEK_SET)        = 132432
31461 read(3, "w\0\0\0\1\0\0\0\6\0\0\0\0\0\0\0\260\"\0\0\0\0\0\0\260\"\0\0\0\0\0\0\30\0\0\0\0\0\0\0\0\0\0\0\0\0\0\0\4\0\0\0\0\0\0\0\0\0\0\0\0\0\0\0", 64) = 64
31461 lseek(3, 131651, SEEK_SET)        = 131651
31461 read(3, ".init\0.text\0.fini\0.rodata\0.eh_frame_hdr\0.eh_frame\0.init_array\0.fini_array\0.data.rel.ro\0.dynamic\0.got\0.got.plt\0.data\0.bss\0.gnu_debuglink\0", 136) = 136
31461 lseek(3, 131651, SEEK_SET)        = 131651
31461 read(3, ".init\0", 6)             = 6
31461 lseek(3, 132496, SEEK_SET)        = 132496
31461 read(3, "r\0\0\0\1\0\0\0\6\0\0\0\0\0\0\0\320\"\0\0\0\0\0\0\320\"\0\0\0\0\0\0@\3\0\0\0\0\0\0\0\0\0\0\0\0\0\0\20\0\0\0\0\0\0\0\0\0\0\0\0\0\0\0", 64) = 64
31461 lseek(3, 131646, SEEK_SET)        = 131646
31461 read(3, ".plt\0.init\0.text\0.fini\0.rodata\0.eh_frame_hdr\0.eh_frame\0.init_array\0.fini_array\0.data.rel.ro\0.dynamic\0.got\0.got.plt\0.data\0.bss\0.gnu_debuglink\0", 141) = 141
31461 lseek(3, 131646, SEEK_SET)        = 131646
31461 read(3, ".plt\0", 5)              = 5
31461 lseek(3, 132560, SEEK_SET)        = 132560
31461 read(3, "}\0\0\0\1\0\0\0\6\0\0\0\0\0\0\0\20&\0\0\0\0\0\0\20&\0\0\0\0\0\0\20\20\1\0\0\0\0\0\0\0\0\0\0\0\0\0\20\0\0\0\0\0\0\0\0\0\0\0\0\0\0\0", 64) = 64
31461 lseek(3, 131657, SEEK_SET)        = 131657
31461 read(3, ".text\0.fini\0.rodata\0.eh_frame_hdr\0.eh_frame\0.init_array\0.fini_array\0.data.rel.ro\0.dynamic\0.got\0.got.plt\0.data\0.bss\0.gnu_debuglink\0", 130) = 130
31461 lseek(3, 131657, SEEK_SET)        = 131657
31461 read(3, ".text\0", 6)             = 6
31461 lseek(3, 132624, SEEK_SET)        = 132624
31461 read(3, "\203\0\0\0\1\0\0\0\6\0\0\0\0\0\0\0 6\1\0\0\0\0\0 6\1\0\0\0\0\0\24\0\0\0\0\0\0\0\0\0\0\0\0\0\0\0\4\0\0\0\0\0\0\0\0\0\0\0\0\0\0\0", 64) = 64
31461 lseek(3, 131663, SEEK_SET)        = 131663
31461 read(3, ".fini\0.rodata\0.eh_frame_hdr\0.eh_frame\0.init_array\0.fini_array\0.data.rel.ro\0.dynamic\0.got\0.got.plt\0.data\0.bss\0.gnu_debuglink\0", 124) = 124
31461 lseek(3, 131663, SEEK_SET)        = 131663
31461 read(3, ".fini\0", 6)             = 6
31461 lseek(3, 132688, SEEK_SET)        = 132688
31461 read(3, "\211\0\0\0\1\0\0\0\2\0\0\0\0\0\0\0@6\1\0\0\0\0\0@6\1\0\0\0\0\0\22G\0\0\0\0\0\0\0\0\0\0\0\0\0\0\20\0\0\0\0\0\0\0\0\0\0\0\0\0\0\0", 64) = 64
31461 lseek(3, 131669, SEEK_SET)        = 131669
31461 read(3, ".rodata\0.eh_frame_hdr\0.eh_frame\0.init_array\0.fini_array\0.data.rel.ro\0.dynamic\0.got\0.got.plt\0.data\0.bss\0.gnu_debuglink\0", 118) = 118
31461 lseek(3, 131669, SEEK_SET)        = 131669
31461 read(3, ".rodata\0", 8)           = 8
31461 lseek(3, 132752, SEEK_SET)        = 132752
31461 read(3, "\221\0\0\0\1\0\0\0\2\0\0\0\0\0\0\0T}\1\0\0\0\0\0T}\1\0\0\0\0\0\364\3\0\0\0\0\0\0\0\0\0\0\0\0\0\0\4\0\0\0\0\0\0\0\0\0\0\0\0\0\0\0", 64) = 64
31461 lseek(3, 131677, SEEK_SET)        = 131677
31461 read(3, ".eh_frame_hdr\0.eh_frame\0.init_array\0.fini_array\0.data.rel.ro\0.dynamic\0.got\0.got.plt\0.data\0.bss\0.gnu_debuglink\0", 110) = 110
31461 lseek(3, 131677, SEEK_SET)        = 131677
31461 read(3, ".eh_frame_hdr\0", 14)    = 14
31461 lseek(3, 132816, SEEK_SET)        = 132816
31461 read(3, "\237\0\0\0\1\0\0\0\2\0\0\0\0\0\0\0H\201\1\0\0\0\0\0H\201\1\0\0\0\0\0\10\36\0\0\0\0\0\0\0\0\0\0\0\0\0\0\10\0\0\0\0\0\0\0\0\0\0\0\0\0\0\0", 64) = 64
31461 lseek(3, 131691, SEEK_SET)        = 131691
31461 read(3, ".eh_frame\0.init_array\0.fini_array\0.data.rel.ro\0.dynamic\0.got\0.got.plt\0.data\0.bss\0.gnu_debuglink\0", 96) = 96
31461 lseek(3, 131691, SEEK_SET)        = 131691
31461 read(3, ".eh_frame\0", 10)        = 10
31461 lseek(3, 132880, SEEK_SET)        = 132880
31461 read(3, "\251\0\0\0\16\0\0\0\3\0\0\0\0\0\0\0P\374\2\0\0\0\0\0P\374\1\0\0\0\0\0\10\0\0\0\0\0\0\0\0\0\0\0\0\0\0\0\10\0\0\0\0\0\0\0\10\0\0\0\0\0\0\0", 64) = 64
31461 lseek(3, 132944, SEEK_SET)        = 132944
31461 read(3, "\265\0\0\0\17\0\0\0\3\0\0\0\0\0\0\0X\374\2\0\0\0\0\0X\374\1\0\0\0\0\0\10\0\0\0\0\0\0\0\0\0\0\0\0\0\0\0\10\0\0\0\0\0\0\0\10\0\0\0\0\0\0\0", 64) = 64
31461 lseek(3, 133008, SEEK_SET)        = 133008
31461 read(3, "\301\0\0\0\1\0\0\0\3\0\0\0\0\0\0\0`\374\2\0\0\0\0\0`\374\1\0\0\0\0\0P\1\0\0\0\0\0\0\0\0\0\0\0\0\0\0\10\0\0\0\0\0\0\0\0\0\0\0\0\0\0\0", 64) = 64
31461 lseek(3, 131725, SEEK_SET)        = 131725
31461 read(3, ".data.rel.ro\0.dynamic\0.got\0.got.plt\0.data\0.bss\0.gnu_debuglink\0", 62) = 62
31461 lseek(3, 131725, SEEK_SET)        = 131725
31461 read(3, ".data.rel.ro\0", 13)     = 13
31461 lseek(3, 133072, SEEK_SET)        = 133072
31461 read(3, "\316\0\0\0\6\0\0\0\3\0\0\0\0\0\0\0\260\375\2\0\0\0\0\0\260\375\1\0\0\0\0\0\0\2\0\0\0\0\0\0\4\0\0\0\0\0\0\0\10\0\0\0\0\0\0\0\20\0\0\0\0\0\0\0", 64) = 64
31461 lseek(3, 133136, SEEK_SET)        = 133136
31461 read(3, "\327\0\0\0\1\0\0\0\3\0\0\0\0\0\0\0\260\377\2\0\0\0\0\0\260\377\1\0\0\0\0\08\0\0\0\0\0\0\0\0\0\0\0\0\0\0\0\10\0\0\0\0\0\0\0\10\0\0\0\0\0\0\0", 64) = 64
31461 lseek(3, 131747, SEEK_SET)        = 131747
31461 read(3, ".got\0.got.plt\0.data\0.bss\0.gnu_debuglink\0", 40) = 40
31461 lseek(3, 131747, SEEK_SET)        = 131747
31461 read(3, ".got\0", 5)              = 5
31461 lseek(3, 133200, SEEK_SET)        = 133200
31461 read(3, "\334\0\0\0\1\0\0\0\3\0\0\0\0\0\0\0\350\377\2\0\0\0\0\0\350\377\1\0\0\0\0\0\250\1\0\0\0\0\0\0\0\0\0\0\0\0\0\0\10\0\0\0\0\0\0\0\10\0\0\0\0\0\0\0", 64) = 64
31461 lseek(3, 131752, SEEK_SET)        = 131752
31461 read(3, ".got.plt\0.data\0.bss\0.gnu_debuglink\0", 35) = 35
31461 lseek(3, 131752, SEEK_SET)        = 131752
31461 read(3, ".got.plt\0", 9)          = 9
31461 lseek(3, 133264, SEEK_SET)        = 133264
31461 read(3, "\345\0\0\0\1\0\0\0\3\0\0\0\0\0\0\0\220\1\3\0\0\0\0\0\220\1\2\0\0\0\0\0\10\0\0\0\0\0\0\0\0\0\0\0\0\0\0\0\10\0\0\0\0\0\0\0\0\0\0\0\0\0\0\0", 64) = 64
31461 lseek(3, 131761, SEEK_SET)        = 131761
31461 read(3, ".data\0.bss\0.gnu_debuglink\0", 26) = 26
31461 lseek(3, 131761, SEEK_SET)        = 131761
31461 read(3, ".data\0", 6)             = 6
31461 lseek(3, 133328, SEEK_SET)        = 133328
31461 read(3, "\353\0\0\0\10\0\0\0\3\0\0\0\0\0\0\0\230\1\3\0\0\0\0\0\230\1\2\0\0\0\0\0\10\0\0\0\0\0\0\0\0\0\0\0\0\0\0\0\1\0\0\0\0\0\0\0\0\0\0\0\0\0\0\0", 64) = 64
31461 lseek(3, 133392, SEEK_SET)        = 133392
31461 read(3, "\360\0\0\0\1\0\0\0\0\0\0\0\0\0\0\0\0\0\0\0\0\0\0\0\230\1\2\0\0\0\0\0004\0\0\0\0\0\0\0\0\0\0\0\0\0\0\0\4\0\0\0\0\0\0\0\0\0\0\0\0\0\0\0", 64) = 64
31461 lseek(3, 131772, SEEK_SET)        = 131772
31461 read(3, ".gnu_debuglink\0", 15)   = 15
31461 lseek(3, 131772, SEEK_SET)        = 131772
31461 read(3, ".gnu_debuglink\0", 15)   = 15
31461 lseek(3, 131480, SEEK_SET)        = 131480
31461 read(3, "d94dc96ddcb0e0b7fefca58ee4b4587f30663d.debug\0\0\0\0", 48) = 48
31461 read(3, "\22\4\327\205", 4)       = 4
31461 rt_sigprocmask(SIG_SETMASK, ~[RTMIN RT_1], [], 8) = 0
31461 rt_sigprocmask(SIG_SETMASK, [], NULL, 8) = 0
31461 close(3)                          = 0
31461 rt_sigprocmask(SIG_SETMASK, ~[RTMIN RT_1], [], 8) = 0
31461 rt_sigprocmask(SIG_SETMASK, [], NULL, 8) = 0
31461 readlinkat(AT_FDCWD, "/lib", "usr/lib", 1023) = 7
31461 readlinkat(AT_FDCWD, "/usr", 0x7fc472b6c0, 1023) = -1 EINVAL (Invalid argument)
31461 readlinkat(AT_FDCWD, "/usr/lib", 0x7fc472b6c0, 1023) = -1 EINVAL (Invalid argument)
31461 readlinkat(AT_FDCWD, "/usr/lib/aarch64-linux-gnu", 0x7fc472b6c0, 1023) = -1 EINVAL (Invalid argument)
31461 readlinkat(AT_FDCWD, "/usr/lib/aarch64-linux-gnu/libGLX.so.0", "libGLX.so.0.0.0", 1023) = 15
31461 readlinkat(AT_FDCWD, "/usr/lib/aarch64-linux-gnu/libGLX.so.0.0.0", 0x7fc472b6c0, 1023) = -1 EINVAL (Invalid argument)
31461 rt_sigprocmask(SIG_SETMASK, ~[RTMIN RT_1], [], 8) = 0
31461 rt_sigprocmask(SIG_SETMASK, [], NULL, 8) = 0
31461 openat(AT_FDCWD, "/usr/lib/aarch64-linux-gnu/libGLX.so.0.0.0", O_RDONLY|O_CLOEXEC) = 3
31461 rt_sigprocmask(SIG_SETMASK, ~[RTMIN RT_1], [], 8) = 0
31461 rt_sigprocmask(SIG_SETMASK, [], NULL, 8) = 0
31461 read(3, "\177ELF\2\1\1\0\0\0\0\0\0\0\0\0", 16) = 16
31461 lseek(3, 0, SEEK_SET)             = 0
31461 read(3, "\177ELF\2\1\1\0\0\0\0\0\0\0\0\0\3\0\267\0\1\0\0\0\0\0\0\0\0\0\0\0@\0\0\0\0\0\0\0\370\2\3\0\0\0\0\0\0\0\0\0@\08\0\7\0@\0\32\0\31\0", 64) = 64
31461 lseek(3, 198968, SEEK_SET)        = 198968
31461 read(3, "\1\0\0\0\3\0\0\0\0\0\0\0\0\0\0\0\0\0\0\0\0\0\0\0\10\2\3\0\0\0\0\0\360\0\0\0\0\0\0\0\0\0\0\0\0\0\0\0\1\0\0\0\0\0\0\0\0\0\0\0\0\0\0\0", 64) = 64
31461 lseek(3, 64, SEEK_SET)            = 64
31461 read(3, "\1\0\0\0\5\0\0\0\0\0\0\0\0\0\0\0\0\0\0\0\0\0\0\0\0\0\0\0\0\0\0\0\264\3\2\0\0\0\0\0\264\3\2\0\0\0\0\0\0\0\1\0\0\0\0\0", 56) = 56
31461 lseek(3, 120, SEEK_SET)           = 120
31461 read(3, "\1\0\0\0\6\0\0\0\330\370\2\0\0\0\0\0\330\370\3\0\0\0\0\0\330\370\3\0\0\0\0\0\374\10\0\0\0\0\0\08\f\1\0\0\0\0\0\0\0\1\0\0\0\0\0", 56) = 56
31461 lseek(3, 176, SEEK_SET)           = 176
31461 read(3, "\2\0\0\0\6\0\0\0`\375\2\0\0\0\0\0`\375\3\0\0\0\0\0`\375\3\0\0\0\0\0000\2\0\0\0\0\0\0000\2\0\0\0\0\0\0\10\0\0\0\0\0\0\0", 56) = 56
31461 lseek(3, 232, SEEK_SET)           = 232
31461 read(3, "\4\0\0\0\4\0\0\0\310\1\0\0\0\0\0\0\310\1\0\0\0\0\0\0\310\1\0\0\0\0\0\0$\0\0\0\0\0\0\0$\0\0\0\0\0\0\0\4\0\0\0\0\0\0\0", 56) = 56
31461 lseek(3, 288, SEEK_SET)           = 288
31461 read(3, "P\345td\4\0\0\0\\\336\1\0\0\0\0\0\\\336\1\0\0\0\0\0\\\336\1\0\0\0\0\0|\5\0\0\0\0\0\0|\5\0\0\0\0\0\0\4\0\0\0\0\0\0\0", 56) = 56
31461 lseek(3, 344, SEEK_SET)           = 344
31461 read(3, "Q\345td\6\0\0\0\0\0\0\0\0\0\0\0\0\0\0\0\0\0\0\0\0\0\0\0\0\0\0\0\0\0\0\0\0\0\0\0\0\0\0\0\0\0\0\0\20\0\0\0\0\0\0\0", 56) = 56
31461 lseek(3, 400, SEEK_SET)           = 400
31461 read(3, "R\345td\4\0\0\0\330\370\2\0\0\0\0\0\330\370\3\0\0\0\0\0\330\370\3\0\0\0\0\0(\7\0\0\0\0\0\0(\7\0\0\0\0\0\0\1\0\0\0\0\0\0\0", 56) = 56
31461 lseek(3, 64, SEEK_SET)            = 64
31461 read(3, "\1\0\0\0\5\0\0\0\0\0\0\0\0\0\0\0\0\0\0\0\0\0\0\0\0\0\0\0\0\0\0\0\264\3\2\0\0\0\0\0\264\3\2\0\0\0\0\0\0\0\1\0\0\0\0\0", 56) = 56
31461 lseek(3, 120, SEEK_SET)           = 120
31461 read(3, "\1\0\0\0\6\0\0\0\330\370\2\0\0\0\0\0\330\370\3\0\0\0\0\0\330\370\3\0\0\0\0\0\374\10\0\0\0\0\0\08\f\1\0\0\0\0\0\0\0\1\0\0\0\0\0", 56) = 56
31461 lseek(3, 176, SEEK_SET)           = 176
31461 read(3, "\2\0\0\0\6\0\0\0`\375\2\0\0\0\0\0`\375\3\0\0\0\0\0`\375\3\0\0\0\0\0000\2\0\0\0\0\0\0000\2\0\0\0\0\0\0\10\0\0\0\0\0\0\0", 56) = 56
31461 lseek(3, 232, SEEK_SET)           = 232
31461 read(3, "\4\0\0\0\4\0\0\0\310\1\0\0\0\0\0\0\310\1\0\0\0\0\0\0\310\1\0\0\0\0\0\0$\0\0\0\0\0\0\0$\0\0\0\0\0\0\0\4\0\0\0\0\0\0\0", 56) = 56
31461 lseek(3, 456, SEEK_SET)           = 456
31461 read(3, "\4\0\0\0\24\0\0\0\3\0\0\0", 12) = 12
31461 lseek(3, 472, SEEK_SET)           = 472
31461 read(3, "\275\0\214\4\345p\367\363\2218D\274\233\363\317O<1\370\251", 20) = 20
31461 lseek(3, 197368, SEEK_SET)        = 197368
31461 read(3, "\0\0\0\0\0\0\0\0\0\0\0\0\0\0\0\0\0\0\0\0\0\0\0\0\0\0\0\0\0\0\0\0\0\0\0\0\0\0\0\0\0\0\0\0\0\0\0\0\0\0\0\0\0\0\0\0\0\0\0\0\0\0\0\0", 64) = 64
31461 lseek(3, 197432, SEEK_SET)        = 197432
31461 read(3, "\v\0\0\0\7\0\0\0\2\0\0\0\0\0\0\0\310\1\0\0\0\0\0\0\310\1\0\0\0\0\0\0$\0\0\0\0\0\0\0\0\0\0\0\0\0\0\0\4\0\0\0\0\0\0\0\0\0\0\0\0\0\0\0", 64) = 64
31461 lseek(3, 197496, SEEK_SET)        = 197496
31461 read(3, "\36\0\0\0\366\377\377o\2\0\0\0\0\0\0\0\360\1\0\0\0\0\0\0\360\1\0\0\0\0\0\0\250\1\0\0\0\0\0\0\3\0\0\0\0\0\0\0\10\0\0\0\0\0\0\0\0\0\0\0\0\0\0\0", 64) = 64
31461 lseek(3, 197560, SEEK_SET)        = 197560
31461 read(3, "(\0\0\0\v\0\0\0\2\0\0\0\0\0\0\0\230\3\0\0\0\0\0\0\230\3\0\0\0\0\0\0\260\n\0\0\0\0\0\0\4\0\0\0\3\0\0\0\10\0\0\0\0\0\0\0\30\0\0\0\0\0\0\0", 64) = 64
31461 lseek(3, 197624, SEEK_SET)        = 197624
31461 read(3, "0\0\0\0\3\0\0\0\2\0\0\0\0\0\0\0H\16\0\0\0\0\0\0H\16\0\0\0\0\0\0\354\6\0\0\0\0\0\0\0\0\0\0\0\0\0\0\1\0\0\0\0\0\0\0\0\0\0\0\0\0\0\0", 64) = 64
31461 lseek(3, 197688, SEEK_SET)        = 197688
31461 read(3, "8\0\0\0\377\377\377o\2\0\0\0\0\0\0\0004\25\0\0\0\0\0\0004\25\0\0\0\0\0\0\344\0\0\0\0\0\0\0\3\0\0\0\0\0\0\0\2\0\0\0\0\0\0\0\2\0\0\0\0\0\0\0", 64) = 64
31461 lseek(3, 197752, SEEK_SET)        = 197752
31461 read(3, "E\0\0\0\376\377\377o\2\0\0\0\0\0\0\0\30\26\0\0\0\0\0\0\30\26\0\0\0\0\0\0P\0\0\0\0\0\0\0\4\0\0\0\2\0\0\0\10\0\0\0\0\0\0\0\0\0\0\0\0\0\0\0", 64) = 64
31461 lseek(3, 197816, SEEK_SET)        = 197816
31461 read(3, "T\0\0\0\4\0\0\0\2\0\0\0\0\0\0\0h\26\0\0\0\0\0\0h\26\0\0\0\0\0\0p\16\0\0\0\0\0\0\3\0\0\0\0\0\0\0\10\0\0\0\0\0\0\0\30\0\0\0\0\0\0\0", 64) = 64
31461 lseek(3, 197880, SEEK_SET)        = 197880
31461 read(3, "^\0\0\0\4\0\0\0B\0\0\0\0\0\0\0\330$\0\0\0\0\0\0\330$\0\0\0\0\0\0X\5\0\0\0\0\0\0\3\0\0\0\25\0\0\0\10\0\0\0\0\0\0\0\30\0\0\0\0\0\0\0", 64) = 64
31461 lseek(3, 197944, SEEK_SET)        = 197944
31461 read(3, "h\0\0\0\1\0\0\0\6\0\0\0\0\0\0\0000*\0\0\0\0\0\0000*\0\0\0\0\0\0\30\0\0\0\0\0\0\0\0\0\0\0\0\0\0\0\4\0\0\0\0\0\0\0\0\0\0\0\0\0\0\0", 64) = 64
31461 lseek(3, 197232, SEEK_SET)        = 197232
31461 read(3, ".init\0.text\0.fini\0.rodata\0.eh_frame_hdr\0.eh_frame\0.init_array\0.fini_array\0.data.rel.ro\0.dynamic\0.got\0.got.plt\0.data\0.bss\0.gnu_debuglink\0", 136) = 136
31461 lseek(3, 197232, SEEK_SET)        = 197232
31461 read(3, ".init\0", 6)             = 6
31461 lseek(3, 198008, SEEK_SET)        = 198008
31461 read(3, "c\0\0\0\1\0\0\0\6\0\0\0\0\0\0\0P*\0\0\0\0\0\0P*\0\0\0\0\0\0\260\3\0\0\0\0\0\0\0\0\0\0\0\0\0\0\20\0\0\0\0\0\0\0\0\0\0\0\0\0\0\0", 64) = 64
31461 lseek(3, 197227, SEEK_SET)        = 197227
31461 read(3, ".plt\0.init\0.text\0.fini\0.rodata\0.eh_frame_hdr\0.eh_frame\0.init_array\0.fini_array\0.data.rel.ro\0.dynamic\0.got\0.got.plt\0.data\0.bss\0.gnu_debuglink\0", 141) = 141
31461 lseek(3, 197227, SEEK_SET)        = 197227
31461 read(3, ".plt\0", 5)              = 5
31461 lseek(3, 198072, SEEK_SET)        = 198072
31461 read(3, "n\0\0\0\1\0\0\0\6\0\0\0\0\0\0\0\0.\0\0\0\0\0\0\0.\0\0\0\0\0\0\304\242\1\0\0\0\0\0\0\0\0\0\0\0\0\0\20\0\0\0\0\0\0\0\0\0\0\0\0\0\0\0", 64) = 64
31461 lseek(3, 197238, SEEK_SET)        = 197238
31461 read(3, ".text\0.fini\0.rodata\0.eh_frame_hdr\0.eh_frame\0.init_array\0.fini_array\0.data.rel.ro\0.dynamic\0.got\0.got.plt\0.data\0.bss\0.gnu_debuglink\0", 130) = 130
31461 lseek(3, 197238, SEEK_SET)        = 197238
31461 read(3, ".text\0", 6)             = 6
31461 lseek(3, 198136, SEEK_SET)        = 198136
31461 read(3, "t\0\0\0\1\0\0\0\6\0\0\0\0\0\0\0\304\320\1\0\0\0\0\0\304\320\1\0\0\0\0\0\24\0\0\0\0\0\0\0\0\0\0\0\0\0\0\0\4\0\0\0\0\0\0\0\0\0\0\0\0\0\0\0", 64) = 64
31461 lseek(3, 197244, SEEK_SET)        = 197244
31461 read(3, ".fini\0.rodata\0.eh_frame_hdr\0.eh_frame\0.init_array\0.fini_array\0.data.rel.ro\0.dynamic\0.got\0.got.plt\0.data\0.bss\0.gnu_debuglink\0", 124) = 124
31461 lseek(3, 197244, SEEK_SET)        = 197244
31461 read(3, ".fini\0", 6)             = 6
31461 lseek(3, 198200, SEEK_SET)        = 198200
31461 read(3, "z\0\0\0\1\0\0\0\2\0\0\0\0\0\0\0\330\320\1\0\0\0\0\0\330\320\1\0\0\0\0\0\203\r\0\0\0\0\0\0\0\0\0\0\0\0\0\0\10\0\0\0\0\0\0\0\0\0\0\0\0\0\0\0", 64) = 64
31461 lseek(3, 197250, SEEK_SET)        = 197250
31461 read(3, ".rodata\0.eh_frame_hdr\0.eh_frame\0.init_array\0.fini_array\0.data.rel.ro\0.dynamic\0.got\0.got.plt\0.data\0.bss\0.gnu_debuglink\0", 118) = 118
31461 lseek(3, 197250, SEEK_SET)        = 197250
31461 read(3, ".rodata\0", 8)           = 8
31461 lseek(3, 198264, SEEK_SET)        = 198264
31461 read(3, "\202\0\0\0\1\0\0\0\2\0\0\0\0\0\0\0\\\336\1\0\0\0\0\0\\\336\1\0\0\0\0\0|\5\0\0\0\0\0\0\0\0\0\0\0\0\0\0\4\0\0\0\0\0\0\0\0\0\0\0\0\0\0\0", 64) = 64
31461 lseek(3, 197258, SEEK_SET)        = 197258
31461 read(3, ".eh_frame_hdr\0.eh_frame\0.init_array\0.fini_array\0.data.rel.ro\0.dynamic\0.got\0.got.plt\0.data\0.bss\0.gnu_debuglink\0", 110) = 110
31461 lseek(3, 197258, SEEK_SET)        = 197258
31461 read(3, ".eh_frame_hdr\0", 14)    = 14
31461 lseek(3, 198328, SEEK_SET)        = 198328
31461 read(3, "\220\0\0\0\1\0\0\0\2\0\0\0\0\0\0\0\330\343\1\0\0\0\0\0\330\343\1\0\0\0\0\0\334\37\0\0\0\0\0\0\0\0\0\0\0\0\0\0\10\0\0\0\0\0\0\0\0\0\0\0\0\0\0\0", 64) = 64
31461 lseek(3, 197272, SEEK_SET)        = 197272
31461 read(3, ".eh_frame\0.init_array\0.fini_array\0.data.rel.ro\0.dynamic\0.got\0.got.plt\0.data\0.bss\0.gnu_debuglink\0", 96) = 96
31461 lseek(3, 197272, SEEK_SET)        = 197272
31461 read(3, ".eh_frame\0", 10)        = 10
31461 lseek(3, 198392, SEEK_SET)        = 198392
31461 read(3, "\232\0\0\0\16\0\0\0\3\0\0\0\0\0\0\0\330\370\3\0\0\0\0\0\330\370\2\0\0\0\0\0\30\0\0\0\0\0\0\0\0\0\0\0\0\0\0\0\10\0\0\0\0\0\0\0\10\0\0\0\0\0\0\0", 64) = 64
31461 lseek(3, 198456, SEEK_SET)        = 198456
31461 read(3, "\246\0\0\0\17\0\0\0\3\0\0\0\0\0\0\0\360\370\3\0\0\0\0\0\360\370\2\0\0\0\0\0\20\0\0\0\0\0\0\0\0\0\0\0\0\0\0\0\10\0\0\0\0\0\0\0\10\0\0\0\0\0\0\0", 64) = 64
31461 lseek(3, 198520, SEEK_SET)        = 198520
31461 read(3, "\262\0\0\0\1\0\0\0\3\0\0\0\0\0\0\0\0\371\3\0\0\0\0\0\0\371\2\0\0\0\0\0`\4\0\0\0\0\0\0\0\0\0\0\0\0\0\0\10\0\0\0\0\0\0\0\0\0\0\0\0\0\0\0", 64) = 64
31461 lseek(3, 197306, SEEK_SET)        = 197306
31461 read(3, ".data.rel.ro\0.dynamic\0.got\0.got.plt\0.data\0.bss\0.gnu_debuglink\0", 62) = 62
31461 lseek(3, 197306, SEEK_SET)        = 197306
31461 read(3, ".data.rel.ro\0", 13)     = 13
31461 lseek(3, 198584, SEEK_SET)        = 198584
31461 read(3, "\277\0\0\0\6\0\0\0\3\0\0\0\0\0\0\0`\375\3\0\0\0\0\0`\375\2\0\0\0\0\0000\2\0\0\0\0\0\0\4\0\0\0\0\0\0\0\10\0\0\0\0\0\0\0\20\0\0\0\0\0\0\0", 64) = 64
31461 lseek(3, 198648, SEEK_SET)        = 198648
31461 read(3, "\310\0\0\0\1\0\0\0\3\0\0\0\0\0\0\0\220\377\3\0\0\0\0\0\220\377\2\0\0\0\0\0X\0\0\0\0\0\0\0\0\0\0\0\0\0\0\0\10\0\0\0\0\0\0\0\10\0\0\0\0\0\0\0", 64) = 64
31461 lseek(3, 197328, SEEK_SET)        = 197328
31461 read(3, ".got\0.got.plt\0.data\0.bss\0.gnu_debuglink\0", 40) = 40
31461 lseek(3, 197328, SEEK_SET)        = 197328
31461 read(3, ".got\0", 5)              = 5
31461 lseek(3, 198712, SEEK_SET)        = 198712
31461 read(3, "\315\0\0\0\1\0\0\0\3\0\0\0\0\0\0\0\350\377\3\0\0\0\0\0\350\377\2\0\0\0\0\0\340\1\0\0\0\0\0\0\0\0\0\0\0\0\0\0\10\0\0\0\0\0\0\0\10\0\0\0\0\0\0\0", 64) = 64
31461 lseek(3, 197333, SEEK_SET)        = 197333
31461 read(3, ".got.plt\0.data\0.bss\0.gnu_debuglink\0", 35) = 35
31461 lseek(3, 197333, SEEK_SET)        = 197333
31461 read(3, ".got.plt\0", 9)          = 9
31461 lseek(3, 198776, SEEK_SET)        = 198776
31461 read(3, "\326\0\0\0\1\0\0\0\3\0\0\0\0\0\0\0\310\1\4\0\0\0\0\0\310\1\3\0\0\0\0\0\f\0\0\0\0\0\0\0\0\0\0\0\0\0\0\0\10\0\0\0\0\0\0\0\0\0\0\0\0\0\0\0", 64) = 64
31461 lseek(3, 197342, SEEK_SET)        = 197342
31461 read(3, ".data\0.bss\0.gnu_debuglink\0", 26) = 26
31461 lseek(3, 197342, SEEK_SET)        = 197342
31461 read(3, ".data\0", 6)             = 6
31461 lseek(3, 198840, SEEK_SET)        = 198840
31461 read(3, "\334\0\0\0\10\0\0\0\3\0\0\0\0\0\0\0\340\1\4\0\0\0\0\0\324\1\3\0\0\0\0\0000\3\1\0\0\0\0\0\0\0\0\0\0\0\0\0\20\0\0\0\0\0\0\0\0\0\0\0\0\0\0\0", 64) = 64
31461 lseek(3, 198904, SEEK_SET)        = 198904
31461 read(3, "\341\0\0\0\1\0\0\0\0\0\0\0\0\0\0\0\0\0\0\0\0\0\0\0\324\1\3\0\0\0\0\0004\0\0\0\0\0\0\0\0\0\0\0\0\0\0\0\4\0\0\0\0\0\0\0\0\0\0\0\0\0\0\0", 64) = 64
31461 lseek(3, 197353, SEEK_SET)        = 197353
31461 read(3, ".gnu_debuglink\0", 15)   = 15
31461 lseek(3, 197353, SEEK_SET)        = 197353
31461 read(3, ".gnu_debuglink\0", 15)   = 15
31461 lseek(3, 197076, SEEK_SET)        = 197076
31461 read(3, "008c04e570f7f3913844bc9bf3cf4f3c31f8a9.debug\0\0\0\0", 48) = 48
31461 read(3, "\325r\225\244", 4)       = 4
31461 rt_sigprocmask(SIG_SETMASK, ~[RTMIN RT_1], [], 8) = 0
31461 rt_sigprocmask(SIG_SETMASK, [], NULL, 8) = 0
31461 close(3)                          = 0
31461 rt_sigprocmask(SIG_SETMASK, ~[RTMIN RT_1], [], 8) = 0
31461 rt_sigprocmask(SIG_SETMASK, [], NULL, 8) = 0
31461 readlinkat(AT_FDCWD, "/lib", "usr/lib", 1023) = 7
31461 readlinkat(AT_FDCWD, "/usr", 0x7fc472b6c0, 1023) = -1 EINVAL (Invalid argument)
31461 readlinkat(AT_FDCWD, "/usr/lib", 0x7fc472b6c0, 1023) = -1 EINVAL (Invalid argument)
31461 readlinkat(AT_FDCWD, "/usr/lib/aarch64-linux-gnu", 0x7fc472b6c0, 1023) = -1 EINVAL (Invalid argument)
31461 readlinkat(AT_FDCWD, "/usr/lib/aarch64-linux-gnu/liblapack.so.3", "/etc/alternatives/liblapack.so.3-aarch64-linux-gnu", 1023) = 50
31461 readlinkat(AT_FDCWD, "/etc", 0x7fc472b6c0, 1023) = -1 EINVAL (Invalid argument)
31461 readlinkat(AT_FDCWD, "/etc/alternatives", 0x7fc472b6c0, 1023) = -1 EINVAL (Invalid argument)
31461 readlinkat(AT_FDCWD, "/etc/alternatives/liblapack.so.3-aarch64-linux-gnu", "/usr/lib/aarch64-linux-gnu/lapack/liblapack.so.3", 1023) = 48
31461 readlinkat(AT_FDCWD, "/usr", 0x7fc472b6c0, 1023) = -1 EINVAL (Invalid argument)
31461 readlinkat(AT_FDCWD, "/usr/lib", 0x7fc472b6c0, 1023) = -1 EINVAL (Invalid argument)
31461 readlinkat(AT_FDCWD, "/usr/lib/aarch64-linux-gnu", 0x7fc472b6c0, 1023) = -1 EINVAL (Invalid argument)
31461 readlinkat(AT_FDCWD, "/usr/lib/aarch64-linux-gnu/lapack", 0x7fc472b6c0, 1023) = -1 EINVAL (Invalid argument)
31461 readlinkat(AT_FDCWD, "/usr/lib/aarch64-linux-gnu/lapack/liblapack.so.3", "liblapack.so.3.11.0", 1023) = 19
31461 readlinkat(AT_FDCWD, "/usr/lib/aarch64-linux-gnu/lapack/liblapack.so.3.11.0", 0x7fc472b6c0, 1023) = -1 EINVAL (Invalid argument)
31461 rt_sigprocmask(SIG_SETMASK, ~[RTMIN RT_1], [], 8) = 0
31461 rt_sigprocmask(SIG_SETMASK, [], NULL, 8) = 0
31461 openat(AT_FDCWD, "/usr/lib/aarch64-linux-gnu/lapack/liblapack.so.3.11.0", O_RDONLY|O_CLOEXEC) = 3
31461 rt_sigprocmask(SIG_SETMASK, ~[RTMIN RT_1], [], 8) = 0
31461 rt_sigprocmask(SIG_SETMASK, [], NULL, 8) = 0
31461 read(3, "\177ELF\2\1\1\0\0\0\0\0\0\0\0\0", 16) = 16
31461 lseek(3, 0, SEEK_SET)             = 0
31461 read(3, "\177ELF\2\1\1\0\0\0\0\0\0\0\0\0\3\0\267\0\1\0\0\0\0\0\0\0\0\0\0\0@\0\0\0\0\0\0\0\30\21V\0\0\0\0\0\0\0\0\0@\08\0\7\0@\0\30\0\27\0", 64) = 64
31461 lseek(3, 5641944, SEEK_SET)       = 5641944
31461 read(3, "\1\0\0\0\3\0\0\0\0\0\0\0\0\0\0\0\0\0\0\0\0\0\0\0<\20V\0\0\0\0\0\332\0\0\0\0\0\0\0\0\0\0\0\0\0\0\0\1\0\0\0\0\0\0\0\0\0\0\0\0\0\0\0", 64) = 64
31461 lseek(3, 64, SEEK_SET)            = 64
31461 read(3, "\1\0\0\0\5\0\0\0\0\0\0\0\0\0\0\0\0\0\0\0\0\0\0\0\0\0\0\0\0\0\0\0\250\354T\0\0\0\0\0\250\354T\0\0\0\0\0\0\0\1\0\0\0\0\0", 56) = 56
31461 lseek(3, 120, SEEK_SET)           = 120
31461 read(3, "\1\0\0\0\6\0\0\0H\314U\0\0\0\0\0H\314U\0\0\0\0\0H\314U\0\0\0\0\0\300C\0\0\0\0\0\0pD\0\0\0\0\0\0\0\0\1\0\0\0\0\0", 56) = 56
31461 lseek(3, 176, SEEK_SET)           = 176
31461 read(3, "\2\0\0\0\6\0\0\0X\314U\0\0\0\0\0X\314U\0\0\0\0\0X\314U\0\0\0\0\0@\2\0\0\0\0\0\0@\2\0\0\0\0\0\0\10\0\0\0\0\0\0\0", 56) = 56
31461 lseek(3, 232, SEEK_SET)           = 232
31461 read(3, "\4\0\0\0\4\0\0\0\310\1\0\0\0\0\0\0\310\1\0\0\0\0\0\0\310\1\0\0\0\0\0\0$\0\0\0\0\0\0\0$\0\0\0\0\0\0\0\4\0\0\0\0\0\0\0", 56) = 56
31461 lseek(3, 288, SEEK_SET)           = 288
31461 read(3, "P\345td\4\0\0\0\4xP\0\0\0\0\0\4xP\0\0\0\0\0\4xP\0\0\0\0\0$=\0\0\0\0\0\0$=\0\0\0\0\0\0\4\0\0\0\0\0\0\0", 56) = 56
31461 lseek(3, 344, SEEK_SET)           = 344
31461 read(3, "Q\345td\6\0\0\0\0\0\0\0\0\0\0\0\0\0\0\0\0\0\0\0\0\0\0\0\0\0\0\0\0\0\0\0\0\0\0\0\0\0\0\0\0\0\0\0\20\0\0\0\0\0\0\0", 56) = 56
31461 lseek(3, 400, SEEK_SET)           = 400
31461 read(3, "R\345td\4\0\0\0H\314U\0\0\0\0\0H\314U\0\0\0\0\0H\314U\0\0\0\0\0\2703\0\0\0\0\0\0\2703\0\0\0\0\0\0\1\0\0\0\0\0\0\0", 56) = 56
31461 lseek(3, 64, SEEK_SET)            = 64
31461 read(3, "\1\0\0\0\5\0\0\0\0\0\0\0\0\0\0\0\0\0\0\0\0\0\0\0\0\0\0\0\0\0\0\0\250\354T\0\0\0\0\0\250\354T\0\0\0\0\0\0\0\1\0\0\0\0\0", 56) = 56
31461 lseek(3, 120, SEEK_SET)           = 120
31461 read(3, "\1\0\0\0\6\0\0\0H\314U\0\0\0\0\0H\314U\0\0\0\0\0H\314U\0\0\0\0\0\300C\0\0\0\0\0\0pD\0\0\0\0\0\0\0\0\1\0\0\0\0\0", 56) = 56
31461 lseek(3, 176, SEEK_SET)           = 176
31461 read(3, "\2\0\0\0\6\0\0\0X\314U\0\0\0\0\0X\314U\0\0\0\0\0X\314U\0\0\0\0\0@\2\0\0\0\0\0\0@\2\0\0\0\0\0\0\10\0\0\0\0\0\0\0", 56) = 56
31461 lseek(3, 232, SEEK_SET)           = 232
31461 read(3, "\4\0\0\0\4\0\0\0\310\1\0\0\0\0\0\0\310\1\0\0\0\0\0\0\310\1\0\0\0\0\0\0$\0\0\0\0\0\0\0$\0\0\0\0\0\0\0\4\0\0\0\0\0\0\0", 56) = 56
31461 lseek(3, 456, SEEK_SET)           = 456
31461 read(3, "\4\0\0\0\24\0\0\0\3\0\0\0", 12) = 12
31461 lseek(3, 472, SEEK_SET)           = 472
31461 read(3, "W%\300F\fX\277\301\274B\3116\3152\3476\245L\363\33", 20) = 20
31461 lseek(3, 5640472, SEEK_SET)       = 5640472
31461 read(3, "\0\0\0\0\0\0\0\0\0\0\0\0\0\0\0\0\0\0\0\0\0\0\0\0\0\0\0\0\0\0\0\0\0\0\0\0\0\0\0\0\0\0\0\0\0\0\0\0\0\0\0\0\0\0\0\0\0\0\0\0\0\0\0\0", 64) = 64
31461 lseek(3, 5640536, SEEK_SET)       = 5640536
31461 read(3, "\v\0\0\0\7\0\0\0\2\0\0\0\0\0\0\0\310\1\0\0\0\0\0\0\310\1\0\0\0\0\0\0$\0\0\0\0\0\0\0\0\0\0\0\0\0\0\0\4\0\0\0\0\0\0\0\0\0\0\0\0\0\0\0", 64) = 64
31461 lseek(3, 5640600, SEEK_SET)       = 5640600
31461 read(3, "\36\0\0\0\366\377\377o\2\0\0\0\0\0\0\0\360\1\0\0\0\0\0\0\360\1\0\0\0\0\0\0\2506\0\0\0\0\0\0\3\0\0\0\0\0\0\0\10\0\0\0\0\0\0\0\0\0\0\0\0\0\0\0", 64) = 64
31461 lseek(3, 5640664, SEEK_SET)       = 5640664
31461 read(3, "(\0\0\0\v\0\0\0\2\0\0\0\0\0\0\0\2308\0\0\0\0\0\0\2308\0\0\0\0\0\0\260\307\0\0\0\0\0\0\4\0\0\0\3\0\0\0\10\0\0\0\0\0\0\0\30\0\0\0\0\0\0\0", 64) = 64
31461 lseek(3, 5640728, SEEK_SET)       = 5640728
31461 read(3, "0\0\0\0\3\0\0\0\2\0\0\0\0\0\0\0H\0\1\0\0\0\0\0H\0\1\0\0\0\0\0\311G\0\0\0\0\0\0\0\0\0\0\0\0\0\0\1\0\0\0\0\0\0\0\0\0\0\0\0\0\0\0", 64) = 64
31461 lseek(3, 5640792, SEEK_SET)       = 5640792
31461 read(3, "8\0\0\0\377\377\377o\2\0\0\0\0\0\0\0\22H\1\0\0\0\0\0\22H\1\0\0\0\0\0\244\20\0\0\0\0\0\0\3\0\0\0\0\0\0\0\2\0\0\0\0\0\0\0\2\0\0\0\0\0\0\0", 64) = 64
31461 lseek(3, 5640856, SEEK_SET)       = 5640856
31461 read(3, "E\0\0\0\376\377\377o\2\0\0\0\0\0\0\0\270X\1\0\0\0\0\0\270X\1\0\0\0\0\0\300\0\0\0\0\0\0\0\4\0\0\0\5\0\0\0\10\0\0\0\0\0\0\0\0\0\0\0\0\0\0\0", 64) = 64
31461 lseek(3, 5640920, SEEK_SET)       = 5640920
31461 read(3, "T\0\0\0\4\0\0\0\2\0\0\0\0\0\0\0xY\1\0\0\0\0\0xY\1\0\0\0\0\0\300\0\0\0\0\0\0\0\3\0\0\0\0\0\0\0\10\0\0\0\0\0\0\0\30\0\0\0\0\0\0\0", 64) = 64
31461 lseek(3, 5640984, SEEK_SET)       = 5640984
31461 read(3, "^\0\0\0\4\0\0\0B\0\0\0\0\0\0\08Z\1\0\0\0\0\08Z\1\0\0\0\0\0`\223\0\0\0\0\0\0\3\0\0\0\23\0\0\0\10\0\0\0\0\0\0\0\30\0\0\0\0\0\0\0", 64) = 64
31461 lseek(3, 5641048, SEEK_SET)       = 5641048
31461 read(3, "h\0\0\0\1\0\0\0\6\0\0\0\0\0\0\0\230\355\1\0\0\0\0\0\230\355\1\0\0\0\0\0\30\0\0\0\0\0\0\0\0\0\0\0\0\0\0\0\4\0\0\0\0\0\0\0\0\0\0\0\0\0\0\0", 64) = 64
31461 lseek(3, 5640356, SEEK_SET)       = 5640356
31461 read(3, ".init\0.text\0.fini\0.rodata\0.eh_frame_hdr\0.eh_frame\0.init_array\0.fini_array\0.dynamic\0.got\0.data\0.bss\0.gnu_debuglink\0", 114) = 114
31461 lseek(3, 5640356, SEEK_SET)       = 5640356
31461 read(3, ".init\0", 6)             = 6
31461 lseek(3, 5641112, SEEK_SET)       = 5641112
31461 read(3, "c\0\0\0\1\0\0\0\6\0\0\0\0\0\0\0\260\355\1\0\0\0\0\0\260\355\1\0\0\0\0\0`b\0\0\0\0\0\0\0\0\0\0\0\0\0\0\20\0\0\0\0\0\0\0\0\0\0\0\0\0\0\0", 64) = 64
31461 lseek(3, 5640351, SEEK_SET)       = 5640351
31461 read(3, ".plt\0.init\0.text\0.fini\0.rodata\0.eh_frame_hdr\0.eh_frame\0.init_array\0.fini_array\0.dynamic\0.got\0.data\0.bss\0.gnu_debuglink\0", 119) = 119
31461 lseek(3, 5640351, SEEK_SET)       = 5640351
31461 read(3, ".plt\0", 5)              = 5
31461 lseek(3, 5641176, SEEK_SET)       = 5641176
31461 read(3, "n\0\0\0\1\0\0\0\6\0\0\0\0\0\0\0\20P\2\0\0\0\0\0\20P\2\0\0\0\0\0`yM\0\0\0\0\0\0\0\0\0\0\0\0\0\20\0\0\0\0\0\0\0\0\0\0\0\0\0\0\0", 64) = 64
31461 lseek(3, 5640362, SEEK_SET)       = 5640362
31461 read(3, ".text\0.fini\0.rodata\0.eh_frame_hdr\0.eh_frame\0.init_array\0.fini_array\0.dynamic\0.got\0.data\0.bss\0.gnu_debuglink\0", 108) = 108
31461 lseek(3, 5640362, SEEK_SET)       = 5640362
31461 read(3, ".text\0", 6)             = 6
31461 lseek(3, 5641240, SEEK_SET)       = 5641240
31461 read(3, "t\0\0\0\1\0\0\0\6\0\0\0\0\0\0\0p\311O\0\0\0\0\0p\311O\0\0\0\0\0\24\0\0\0\0\0\0\0\0\0\0\0\0\0\0\0\4\0\0\0\0\0\0\0\0\0\0\0\0\0\0\0", 64) = 64
31461 lseek(3, 5640368, SEEK_SET)       = 5640368
31461 read(3, ".fini\0.rodata\0.eh_frame_hdr\0.eh_frame\0.init_array\0.fini_array\0.dynamic\0.got\0.data\0.bss\0.gnu_debuglink\0", 102) = 102
31461 lseek(3, 5640368, SEEK_SET)       = 5640368
31461 read(3, ".fini\0", 6)             = 6
31461 lseek(3, 5641304, SEEK_SET)       = 5641304
31461 read(3, "z\0\0\0\1\0\0\0\2\0\0\0\0\0\0\0\220\311O\0\0\0\0\0\220\311O\0\0\0\0\0t\256\0\0\0\0\0\0\0\0\0\0\0\0\0\0\20\0\0\0\0\0\0\0\0\0\0\0\0\0\0\0", 64) = 64
31461 lseek(3, 5640374, SEEK_SET)       = 5640374
31461 read(3, ".rodata\0.eh_frame_hdr\0.eh_frame\0.init_array\0.fini_array\0.dynamic\0.got\0.data\0.bss\0.gnu_debuglink\0", 96) = 96
31461 lseek(3, 5640374, SEEK_SET)       = 5640374
31461 read(3, ".rodata\0", 8)           = 8
31461 lseek(3, 5641368, SEEK_SET)       = 5641368
31461 read(3, "\202\0\0\0\1\0\0\0\2\0\0\0\0\0\0\0\4xP\0\0\0\0\0\4xP\0\0\0\0\0$=\0\0\0\0\0\0\0\0\0\0\0\0\0\0\4\0\0\0\0\0\0\0\0\0\0\0\0\0\0\0", 64) = 64
31461 lseek(3, 5640382, SEEK_SET)       = 5640382
31461 read(3, ".eh_frame_hdr\0.eh_frame\0.init_array\0.fini_array\0.dynamic\0.got\0.data\0.bss\0.gnu_debuglink\0", 88) = 88
31461 lseek(3, 5640382, SEEK_SET)       = 5640382
31461 read(3, ".eh_frame_hdr\0", 14)    = 14
31461 lseek(3, 5641432, SEEK_SET)       = 5641432
31461 read(3, "\220\0\0\0\1\0\0\0\2\0\0\0\0\0\0\0(\265P\0\0\0\0\0(\265P\0\0\0\0\0\2007\4\0\0\0\0\0\0\0\0\0\0\0\0\0\10\0\0\0\0\0\0\0\0\0\0\0\0\0\0\0", 64) = 64
31461 lseek(3, 5640396, SEEK_SET)       = 5640396
31461 read(3, ".eh_frame\0.init_array\0.fini_array\0.dynamic\0.got\0.data\0.bss\0.gnu_debuglink\0", 74) = 74
31461 lseek(3, 5640396, SEEK_SET)       = 5640396
31461 read(3, ".eh_frame\0", 10)        = 10
31461 lseek(3, 5641496, SEEK_SET)       = 5641496
31461 read(3, "\232\0\0\0\16\0\0\0\3\0\0\0\0\0\0\0H\314U\0\0\0\0\0H\314U\0\0\0\0\0\10\0\0\0\0\0\0\0\0\0\0\0\0\0\0\0\10\0\0\0\0\0\0\0\10\0\0\0\0\0\0\0", 64) = 64
31461 lseek(3, 5641560, SEEK_SET)       = 5641560
31461 read(3, "\246\0\0\0\17\0\0\0\3\0\0\0\0\0\0\0P\314U\0\0\0\0\0P\314U\0\0\0\0\0\10\0\0\0\0\0\0\0\0\0\0\0\0\0\0\0\10\0\0\0\0\0\0\0\10\0\0\0\0\0\0\0", 64) = 64
31461 lseek(3, 5641624, SEEK_SET)       = 5641624
31461 read(3, "\262\0\0\0\6\0\0\0\3\0\0\0\0\0\0\0X\314U\0\0\0\0\0X\314U\0\0\0\0\0@\2\0\0\0\0\0\0\4\0\0\0\0\0\0\0\10\0\0\0\0\0\0\0\20\0\0\0\0\0\0\0", 64) = 64
31461 lseek(3, 5641688, SEEK_SET)       = 5641688
31461 read(3, "\273\0\0\0\1\0\0\0\3\0\0\0\0\0\0\0\230\316U\0\0\0\0\0\230\316U\0\0\0\0\0h1\0\0\0\0\0\0\0\0\0\0\0\0\0\0\10\0\0\0\0\0\0\0\10\0\0\0\0\0\0\0", 64) = 64
31461 lseek(3, 5640439, SEEK_SET)       = 5640439
31461 read(3, ".got\0.data\0.bss\0.gnu_debuglink\0", 31) = 31
31461 lseek(3, 5640439, SEEK_SET)       = 5640439
31461 read(3, ".got\0", 5)              = 5
31461 lseek(3, 5641752, SEEK_SET)       = 5641752
31461 read(3, "\300\0\0\0\1\0\0\0\3\0\0\0\0\0\0\0\0\0V\0\0\0\0\0\0\0V\0\0\0\0\0\10\20\0\0\0\0\0\0\0\0\0\0\0\0\0\0\10\0\0\0\0\0\0\0\0\0\0\0\0\0\0\0", 64) = 64
31461 lseek(3, 5640444, SEEK_SET)       = 5640444
31461 read(3, ".data\0.bss\0.gnu_debuglink\0", 26) = 26
31461 lseek(3, 5640444, SEEK_SET)       = 5640444
31461 read(3, ".data\0", 6)             = 6
31461 lseek(3, 5641816, SEEK_SET)       = 5641816
31461 read(3, "\306\0\0\0\10\0\0\0\3\0\0\0\0\0\0\0\10\20V\0\0\0\0\0\10\20V\0\0\0\0\0\260\0\0\0\0\0\0\0\0\0\0\0\0\0\0\0\10\0\0\0\0\0\0\0\0\0\0\0\0\0\0\0", 64) = 64
31461 lseek(3, 5641880, SEEK_SET)       = 5641880
31461 read(3, "\313\0\0\0\1\0\0\0\0\0\0\0\0\0\0\0\0\0\0\0\0\0\0\0\10\20V\0\0\0\0\0004\0\0\0\0\0\0\0\0\0\0\0\0\0\0\0\4\0\0\0\0\0\0\0\0\0\0\0\0\0\0\0", 64) = 64
31461 lseek(3, 5640455, SEEK_SET)       = 5640455
31461 read(3, ".gnu_debuglink\0", 15)   = 15
31461 lseek(3, 5640455, SEEK_SET)       = 5640455
31461 read(3, ".gnu_debuglink\0", 15)   = 15
31461 lseek(3, 5640200, SEEK_SET)       = 5640200
31461 read(3, "25c0460c58bfc1bc42c936cd32e736a54cf31b.debug\0\0\0\0", 48) = 48
31461 read(3, "\22$\210U", 4)           = 4
31461 rt_sigprocmask(SIG_SETMASK, ~[RTMIN RT_1], [], 8) = 0
31461 rt_sigprocmask(SIG_SETMASK, [], NULL, 8) = 0
31461 close(3)                          = 0
31461 rt_sigprocmask(SIG_SETMASK, ~[RTMIN RT_1], [], 8) = 0
31461 rt_sigprocmask(SIG_SETMASK, [], NULL, 8) = 0
31461 readlinkat(AT_FDCWD, "/lib", "usr/lib", 1023) = 7
31461 readlinkat(AT_FDCWD, "/usr", 0x7fc472b6c0, 1023) = -1 EINVAL (Invalid argument)
31461 readlinkat(AT_FDCWD, "/usr/lib", 0x7fc472b6c0, 1023) = -1 EINVAL (Invalid argument)
31461 readlinkat(AT_FDCWD, "/usr/lib/aarch64-linux-gnu", 0x7fc472b6c0, 1023) = -1 EINVAL (Invalid argument)
31461 readlinkat(AT_FDCWD, "/usr/lib/aarch64-linux-gnu/libblas.so.3", "/etc/alternatives/libblas.so.3-aarch64-linux-gnu", 1023) = 48
31461 readlinkat(AT_FDCWD, "/etc", 0x7fc472b6c0, 1023) = -1 EINVAL (Invalid argument)
31461 readlinkat(AT_FDCWD, "/etc/alternatives", 0x7fc472b6c0, 1023) = -1 EINVAL (Invalid argument)
31461 readlinkat(AT_FDCWD, "/etc/alternatives/libblas.so.3-aarch64-linux-gnu", "/usr/lib/aarch64-linux-gnu/blas/libblas.so.3", 1023) = 44
31461 readlinkat(AT_FDCWD, "/usr", 0x7fc472b6c0, 1023) = -1 EINVAL (Invalid argument)
31461 readlinkat(AT_FDCWD, "/usr/lib", 0x7fc472b6c0, 1023) = -1 EINVAL (Invalid argument)
31461 readlinkat(AT_FDCWD, "/usr/lib/aarch64-linux-gnu", 0x7fc472b6c0, 1023) = -1 EINVAL (Invalid argument)
31461 readlinkat(AT_FDCWD, "/usr/lib/aarch64-linux-gnu/blas", 0x7fc472b6c0, 1023) = -1 EINVAL (Invalid argument)
31461 readlinkat(AT_FDCWD, "/usr/lib/aarch64-linux-gnu/blas/libblas.so.3", "libblas.so.3.11.0", 1023) = 17
31461 readlinkat(AT_FDCWD, "/usr/lib/aarch64-linux-gnu/blas/libblas.so.3.11.0", 0x7fc472b6c0, 1023) = -1 EINVAL (Invalid argument)
31461 rt_sigprocmask(SIG_SETMASK, ~[RTMIN RT_1], [], 8) = 0
31461 rt_sigprocmask(SIG_SETMASK, [], NULL, 8) = 0
31461 openat(AT_FDCWD, "/usr/lib/aarch64-linux-gnu/blas/libblas.so.3.11.0", O_RDONLY|O_CLOEXEC) = 3
31461 rt_sigprocmask(SIG_SETMASK, ~[RTMIN RT_1], [], 8) = 0
31461 rt_sigprocmask(SIG_SETMASK, [], NULL, 8) = 0
31461 read(3, "\177ELF\2\1\1\0\0\0\0\0\0\0\0\0", 16) = 16
31461 lseek(3, 0, SEEK_SET)             = 0
31461 read(3, "\177ELF\2\1\1\0\0\0\0\0\0\0\0\0\3\0\267\0\1\0\0\0\0\0\0\0\0\0\0\0@\0\0\0\0\0\0\0\30\1\6\0\0\0\0\0\0\0\0\0@\08\0\7\0@\0\30\0\27\0", 64) = 64
31461 lseek(3, 394968, SEEK_SET)        = 394968
31461 read(3, "\1\0\0\0\3\0\0\0\0\0\0\0\0\0\0\0\0\0\0\0\0\0\0\0<\0\6\0\0\0\0\0\332\0\0\0\0\0\0\0\0\0\0\0\0\0\0\0\1\0\0\0\0\0\0\0\0\0\0\0\0\0\0\0", 64) = 64
31461 lseek(3, 64, SEEK_SET)            = 64
31461 read(3, "\1\0\0\0\5\0\0\0\0\0\0\0\0\0\0\0\0\0\0\0\0\0\0\0\0\0\0\0\0\0\0\0`O\5\0\0\0\0\0`O\5\0\0\0\0\0\0\0\1\0\0\0\0\0", 56) = 56
31461 lseek(3, 120, SEEK_SET)           = 120
31461 read(3, "\1\0\0\0\6\0\0\0\310\367\5\0\0\0\0\0\310\367\6\0\0\0\0\0\310\367\6\0\0\0\0\0@\10\0\0\0\0\0\0P\10\0\0\0\0\0\0\0\0\1\0\0\0\0\0", 56) = 56
31461 lseek(3, 176, SEEK_SET)           = 176
31461 read(3, "\2\0\0\0\6\0\0\0\330\367\5\0\0\0\0\0\330\367\6\0\0\0\0\0\330\367\6\0\0\0\0\0\0\2\0\0\0\0\0\0\0\2\0\0\0\0\0\0\10\0\0\0\0\0\0\0", 56) = 56
31461 lseek(3, 232, SEEK_SET)           = 232
31461 read(3, "\4\0\0\0\4\0\0\0\310\1\0\0\0\0\0\0\310\1\0\0\0\0\0\0\310\1\0\0\0\0\0\0$\0\0\0\0\0\0\0$\0\0\0\0\0\0\0\4\0\0\0\0\0\0\0", 56) = 56
31461 lseek(3, 288, SEEK_SET)           = 288
31461 read(3, "P\345td\4\0\0\0X\375\4\0\0\0\0\0X\375\4\0\0\0\0\0X\375\4\0\0\0\0\0<\n\0\0\0\0\0\0<\n\0\0\0\0\0\0\4\0\0\0\0\0\0\0", 56) = 56
31461 lseek(3, 344, SEEK_SET)           = 344
31461 read(3, "Q\345td\6\0\0\0\0\0\0\0\0\0\0\0\0\0\0\0\0\0\0\0\0\0\0\0\0\0\0\0\0\0\0\0\0\0\0\0\0\0\0\0\0\0\0\0\20\0\0\0\0\0\0\0", 56) = 56
31461 lseek(3, 400, SEEK_SET)           = 400
31461 read(3, "R\345td\4\0\0\0\310\367\5\0\0\0\0\0\310\367\6\0\0\0\0\0\310\367\6\0\0\0\0\08\10\0\0\0\0\0\08\10\0\0\0\0\0\0\1\0\0\0\0\0\0\0", 56) = 56
31461 lseek(3, 64, SEEK_SET)            = 64
31461 read(3, "\1\0\0\0\5\0\0\0\0\0\0\0\0\0\0\0\0\0\0\0\0\0\0\0\0\0\0\0\0\0\0\0`O\5\0\0\0\0\0`O\5\0\0\0\0\0\0\0\1\0\0\0\0\0", 56) = 56
31461 lseek(3, 120, SEEK_SET)           = 120
31461 read(3, "\1\0\0\0\6\0\0\0\310\367\5\0\0\0\0\0\310\367\6\0\0\0\0\0\310\367\6\0\0\0\0\0@\10\0\0\0\0\0\0P\10\0\0\0\0\0\0\0\0\1\0\0\0\0\0", 56) = 56
31461 lseek(3, 176, SEEK_SET)           = 176
31461 read(3, "\2\0\0\0\6\0\0\0\330\367\5\0\0\0\0\0\330\367\6\0\0\0\0\0\330\367\6\0\0\0\0\0\0\2\0\0\0\0\0\0\0\2\0\0\0\0\0\0\10\0\0\0\0\0\0\0", 56) = 56
31461 lseek(3, 232, SEEK_SET)           = 232
31461 read(3, "\4\0\0\0\4\0\0\0\310\1\0\0\0\0\0\0\310\1\0\0\0\0\0\0\310\1\0\0\0\0\0\0$\0\0\0\0\0\0\0$\0\0\0\0\0\0\0\4\0\0\0\0\0\0\0", 56) = 56
31461 lseek(3, 456, SEEK_SET)           = 456
31461 read(3, "\4\0\0\0\24\0\0\0\3\0\0\0", 12) = 12
31461 lseek(3, 472, SEEK_SET)           = 472
31461 read(3, "\355J5\313 \354\346\336\27Z\270\321\206U5\37\267.T\225", 20) = 20
31461 lseek(3, 393496, SEEK_SET)        = 393496
31461 read(3, "\0\0\0\0\0\0\0\0\0\0\0\0\0\0\0\0\0\0\0\0\0\0\0\0\0\0\0\0\0\0\0\0\0\0\0\0\0\0\0\0\0\0\0\0\0\0\0\0\0\0\0\0\0\0\0\0\0\0\0\0\0\0\0\0", 64) = 64
31461 lseek(3, 393560, SEEK_SET)        = 393560
31461 read(3, "\v\0\0\0\7\0\0\0\2\0\0\0\0\0\0\0\310\1\0\0\0\0\0\0\310\1\0\0\0\0\0\0$\0\0\0\0\0\0\0\0\0\0\0\0\0\0\0\4\0\0\0\0\0\0\0\0\0\0\0\0\0\0\0", 64) = 64
31461 lseek(3, 393624, SEEK_SET)        = 393624
31461 read(3, "\36\0\0\0\366\377\377o\2\0\0\0\0\0\0\0\360\1\0\0\0\0\0\0\360\1\0\0\0\0\0\0<\n\0\0\0\0\0\0\3\0\0\0\0\0\0\0\10\0\0\0\0\0\0\0\0\0\0\0\0\0\0\0", 64) = 64
31461 lseek(3, 393688, SEEK_SET)        = 393688
31461 read(3, "(\0\0\0\v\0\0\0\2\0\0\0\0\0\0\0000\f\0\0\0\0\0\0000\f\0\0\0\0\0\0( \0\0\0\0\0\0\4\0\0\0\3\0\0\0\10\0\0\0\0\0\0\0\30\0\0\0\0\0\0\0", 64) = 64
31461 lseek(3, 393752, SEEK_SET)        = 393752
31461 read(3, "0\0\0\0\3\0\0\0\2\0\0\0\0\0\0\0X,\0\0\0\0\0\0X,\0\0\0\0\0\0\32\r\0\0\0\0\0\0\0\0\0\0\0\0\0\0\1\0\0\0\0\0\0\0\0\0\0\0\0\0\0\0", 64) = 64
31461 lseek(3, 393816, SEEK_SET)        = 393816
31461 read(3, "8\0\0\0\377\377\377o\2\0\0\0\0\0\0\0r9\0\0\0\0\0\0r9\0\0\0\0\0\0\256\2\0\0\0\0\0\0\3\0\0\0\0\0\0\0\2\0\0\0\0\0\0\0\2\0\0\0\0\0\0\0", 64) = 64
31461 lseek(3, 393880, SEEK_SET)        = 393880
31461 read(3, "E\0\0\0\376\377\377o\2\0\0\0\0\0\0\0 <\0\0\0\0\0\0 <\0\0\0\0\0\0@\0\0\0\0\0\0\0\4\0\0\0\2\0\0\0\10\0\0\0\0\0\0\0\0\0\0\0\0\0\0\0", 64) = 64
31461 lseek(3, 393944, SEEK_SET)        = 393944
31461 read(3, "T\0\0\0\4\0\0\0\2\0\0\0\0\0\0\0`<\0\0\0\0\0\0`<\0\0\0\0\0\0\10\1\0\0\0\0\0\0\3\0\0\0\0\0\0\0\10\0\0\0\0\0\0\0\30\0\0\0\0\0\0\0", 64) = 64
31461 lseek(3, 394008, SEEK_SET)        = 394008
31461 read(3, "^\0\0\0\4\0\0\0B\0\0\0\0\0\0\0h=\0\0\0\0\0\0h=\0\0\0\0\0\0X\21\0\0\0\0\0\0\3\0\0\0\23\0\0\0\10\0\0\0\0\0\0\0\30\0\0\0\0\0\0\0", 64) = 64
31461 lseek(3, 394072, SEEK_SET)        = 394072
31461 read(3, "h\0\0\0\1\0\0\0\6\0\0\0\0\0\0\0\300N\0\0\0\0\0\0\300N\0\0\0\0\0\0\30\0\0\0\0\0\0\0\0\0\0\0\0\0\0\0\4\0\0\0\0\0\0\0\0\0\0\0\0\0\0\0", 64) = 64
31461 lseek(3, 393380, SEEK_SET)        = 393380
31461 read(3, ".init\0.text\0.fini\0.rodata\0.eh_frame_hdr\0.eh_frame\0.init_array\0.fini_array\0.dynamic\0.got\0.data\0.bss\0.gnu_debuglink\0", 114) = 114
31461 lseek(3, 393380, SEEK_SET)        = 393380
31461 read(3, ".init\0", 6)             = 6
31461 lseek(3, 394136, SEEK_SET)        = 394136
31461 read(3, "c\0\0\0\1\0\0\0\6\0\0\0\0\0\0\0\340N\0\0\0\0\0\0\340N\0\0\0\0\0\0\260\v\0\0\0\0\0\0\0\0\0\0\0\0\0\0\20\0\0\0\0\0\0\0\0\0\0\0\0\0\0\0", 64) = 64
31461 lseek(3, 393375, SEEK_SET)        = 393375
31461 read(3, ".plt\0.init\0.text\0.fini\0.rodata\0.eh_frame_hdr\0.eh_frame\0.init_array\0.fini_array\0.dynamic\0.got\0.data\0.bss\0.gnu_debuglink\0", 119) = 119
31461 lseek(3, 393375, SEEK_SET)        = 393375
31461 read(3, ".plt\0", 5)              = 5
31461 lseek(3, 394200, SEEK_SET)        = 394200
31461 read(3, "n\0\0\0\1\0\0\0\6\0\0\0\0\0\0\0\220Z\0\0\0\0\0\0\220Z\0\0\0\0\0\0L\227\4\0\0\0\0\0\0\0\0\0\0\0\0\0\20\0\0\0\0\0\0\0\0\0\0\0\0\0\0\0", 64) = 64
31461 lseek(3, 393386, SEEK_SET)        = 393386
31461 read(3, ".text\0.fini\0.rodata\0.eh_frame_hdr\0.eh_frame\0.init_array\0.fini_array\0.dynamic\0.got\0.data\0.bss\0.gnu_debuglink\0", 108) = 108
31461 lseek(3, 393386, SEEK_SET)        = 393386
31461 read(3, ".text\0", 6)             = 6
31461 lseek(3, 394264, SEEK_SET)        = 394264
31461 read(3, "t\0\0\0\1\0\0\0\6\0\0\0\0\0\0\0\334\361\4\0\0\0\0\0\334\361\4\0\0\0\0\0\24\0\0\0\0\0\0\0\0\0\0\0\0\0\0\0\4\0\0\0\0\0\0\0\0\0\0\0\0\0\0\0", 64) = 64
31461 lseek(3, 393392, SEEK_SET)        = 393392
31461 read(3, ".fini\0.rodata\0.eh_frame_hdr\0.eh_frame\0.init_array\0.fini_array\0.dynamic\0.got\0.data\0.bss\0.gnu_debuglink\0", 102) = 102
31461 lseek(3, 393392, SEEK_SET)        = 393392
31461 read(3, ".fini\0", 6)             = 6
31461 lseek(3, 394328, SEEK_SET)        = 394328
31461 read(3, "z\0\0\0\1\0\0\0\2\0\0\0\0\0\0\0\360\361\4\0\0\0\0\0\360\361\4\0\0\0\0\0g\v\0\0\0\0\0\0\0\0\0\0\0\0\0\0\10\0\0\0\0\0\0\0\0\0\0\0\0\0\0\0", 64) = 64
31461 lseek(3, 393398, SEEK_SET)        = 393398
31461 read(3, ".rodata\0.eh_frame_hdr\0.eh_frame\0.init_array\0.fini_array\0.dynamic\0.got\0.data\0.bss\0.gnu_debuglink\0", 96) = 96
31461 lseek(3, 393398, SEEK_SET)        = 393398
31461 read(3, ".rodata\0", 8)           = 8
31461 lseek(3, 394392, SEEK_SET)        = 394392
31461 read(3, "\202\0\0\0\1\0\0\0\2\0\0\0\0\0\0\0X\375\4\0\0\0\0\0X\375\4\0\0\0\0\0<\n\0\0\0\0\0\0\0\0\0\0\0\0\0\0\4\0\0\0\0\0\0\0\0\0\0\0\0\0\0\0", 64) = 64
31461 lseek(3, 393406, SEEK_SET)        = 393406
31461 read(3, ".eh_frame_hdr\0.eh_frame\0.init_array\0.fini_array\0.dynamic\0.got\0.data\0.bss\0.gnu_debuglink\0", 88) = 88
31461 lseek(3, 393406, SEEK_SET)        = 393406
31461 read(3, ".eh_frame_hdr\0", 14)    = 14
31461 lseek(3, 394456, SEEK_SET)        = 394456
31461 read(3, "\220\0\0\0\1\0\0\0\2\0\0\0\0\0\0\0\230\7\5\0\0\0\0\0\230\7\5\0\0\0\0\0\310G\0\0\0\0\0\0\0\0\0\0\0\0\0\0\10\0\0\0\0\0\0\0\0\0\0\0\0\0\0\0", 64) = 64
31461 lseek(3, 393420, SEEK_SET)        = 393420
31461 read(3, ".eh_frame\0.init_array\0.fini_array\0.dynamic\0.got\0.data\0.bss\0.gnu_debuglink\0", 74) = 74
31461 lseek(3, 393420, SEEK_SET)        = 393420
31461 read(3, ".eh_frame\0", 10)        = 10
31461 lseek(3, 394520, SEEK_SET)        = 394520
31461 read(3, "\232\0\0\0\16\0\0\0\3\0\0\0\0\0\0\0\310\367\6\0\0\0\0\0\310\367\5\0\0\0\0\0\10\0\0\0\0\0\0\0\0\0\0\0\0\0\0\0\10\0\0\0\0\0\0\0\10\0\0\0\0\0\0\0", 64) = 64
31461 lseek(3, 394584, SEEK_SET)        = 394584
31461 read(3, "\246\0\0\0\17\0\0\0\3\0\0\0\0\0\0\0\320\367\6\0\0\0\0\0\320\367\5\0\0\0\0\0\10\0\0\0\0\0\0\0\0\0\0\0\0\0\0\0\10\0\0\0\0\0\0\0\10\0\0\0\0\0\0\0", 64) = 64
31461 lseek(3, 394648, SEEK_SET)        = 394648
31461 read(3, "\262\0\0\0\6\0\0\0\3\0\0\0\0\0\0\0\330\367\6\0\0\0\0\0\330\367\5\0\0\0\0\0\0\2\0\0\0\0\0\0\4\0\0\0\0\0\0\0\10\0\0\0\0\0\0\0\20\0\0\0\0\0\0\0", 64) = 64
31461 lseek(3, 394712, SEEK_SET)        = 394712
31461 read(3, "\273\0\0\0\1\0\0\0\3\0\0\0\0\0\0\0\330\371\6\0\0\0\0\0\330\371\5\0\0\0\0\0(\6\0\0\0\0\0\0\0\0\0\0\0\0\0\0\10\0\0\0\0\0\0\0\10\0\0\0\0\0\0\0", 64) = 64
31461 lseek(3, 393463, SEEK_SET)        = 393463
31461 read(3, ".got\0.data\0.bss\0.gnu_debuglink\0", 31) = 31
31461 lseek(3, 393463, SEEK_SET)        = 393463
31461 read(3, ".got\0", 5)              = 5
31461 lseek(3, 394776, SEEK_SET)        = 394776
31461 read(3, "\300\0\0\0\1\0\0\0\3\0\0\0\0\0\0\0\0\0\7\0\0\0\0\0\0\0\6\0\0\0\0\0\10\0\0\0\0\0\0\0\0\0\0\0\0\0\0\0\10\0\0\0\0\0\0\0\0\0\0\0\0\0\0\0", 64) = 64
31461 lseek(3, 393468, SEEK_SET)        = 393468
31461 read(3, ".data\0.bss\0.gnu_debuglink\0", 26) = 26
31461 lseek(3, 393468, SEEK_SET)        = 393468
31461 read(3, ".data\0", 6)             = 6
31461 lseek(3, 394840, SEEK_SET)        = 394840
31461 read(3, "\306\0\0\0\10\0\0\0\3\0\0\0\0\0\0\0\10\0\7\0\0\0\0\0\10\0\6\0\0\0\0\0\20\0\0\0\0\0\0\0\0\0\0\0\0\0\0\0\4\0\0\0\0\0\0\0\0\0\0\0\0\0\0\0", 64) = 64
31461 lseek(3, 394904, SEEK_SET)        = 394904
31461 read(3, "\313\0\0\0\1\0\0\0\0\0\0\0\0\0\0\0\0\0\0\0\0\0\0\0\10\0\6\0\0\0\0\0004\0\0\0\0\0\0\0\0\0\0\0\0\0\0\0\4\0\0\0\0\0\0\0\0\0\0\0\0\0\0\0", 64) = 64
31461 lseek(3, 393479, SEEK_SET)        = 393479
31461 read(3, ".gnu_debuglink\0", 15)   = 15
31461 lseek(3, 393479, SEEK_SET)        = 393479
31461 read(3, ".gnu_debuglink\0", 15)   = 15
31461 lseek(3, 393224, SEEK_SET)        = 393224
31461 read(3, "4a35cb20ece6de175ab8d18655351fb72e5495.debug\0\0\0\0", 48) = 48
31461 read(3, "\27\16\351%", 4)         = 4
31461 rt_sigprocmask(SIG_SETMASK, ~[RTMIN RT_1], [], 8) = 0
31461 rt_sigprocmask(SIG_SETMASK, [], NULL, 8) = 0
31461 close(3)                          = 0
31461 rt_sigprocmask(SIG_SETMASK, ~[RTMIN RT_1], [], 8) = 0
31461 rt_sigprocmask(SIG_SETMASK, [], NULL, 8) = 0
31461 readlinkat(AT_FDCWD, "/lib", "usr/lib", 1023) = 7
31461 readlinkat(AT_FDCWD, "/usr", 0x7fc472b6c0, 1023) = -1 EINVAL (Invalid argument)
31461 readlinkat(AT_FDCWD, "/usr/lib", 0x7fc472b6c0, 1023) = -1 EINVAL (Invalid argument)
31461 readlinkat(AT_FDCWD, "/usr/lib/aarch64-linux-gnu", 0x7fc472b6c0, 1023) = -1 EINVAL (Invalid argument)
31461 readlinkat(AT_FDCWD, "/usr/lib/aarch64-linux-gnu/libtbb.so.12", "libtbb.so.12.8", 1023) = 14
31461 readlinkat(AT_FDCWD, "/usr/lib/aarch64-linux-gnu/libtbb.so.12.8", 0x7fc472b6c0, 1023) = -1 EINVAL (Invalid argument)
31461 rt_sigprocmask(SIG_SETMASK, ~[RTMIN RT_1], [], 8) = 0
31461 rt_sigprocmask(SIG_SETMASK, [], NULL, 8) = 0
31461 openat(AT_FDCWD, "/usr/lib/aarch64-linux-gnu/libtbb.so.12.8", O_RDONLY|O_CLOEXEC) = 3
31461 rt_sigprocmask(SIG_SETMASK, ~[RTMIN RT_1], [], 8) = 0
31461 rt_sigprocmask(SIG_SETMASK, [], NULL, 8) = 0
31461 read(3, "\177ELF\2\1\1\0\0\0\0\0\0\0\0\0", 16) = 16
31461 lseek(3, 0, SEEK_SET)             = 0
31461 read(3, "\177ELF\2\1\1\0\0\0\0\0\0\0\0\0\3\0\267\0\1\0\0\0\0\0\0\0\0\0\0\0@\0\0\0\0\0\0\0\250\1\3\0\0\0\0\0\0\0\0\0@\08\0\7\0@\0\32\0\31\0", 64) = 64
31461 lseek(3, 198632, SEEK_SET)        = 198632
31461 read(3, "\1\0\0\0\3\0\0\0\0\0\0\0\0\0\0\0\0\0\0\0\0\0\0\0\254\0\3\0\0\0\0\0\371\0\0\0\0\0\0\0\0\0\0\0\0\0\0\0\1\0\0\0\0\0\0\0\0\0\0\0\0\0\0\0", 64) = 64
31461 lseek(3, 64, SEEK_SET)            = 64
31461 read(3, "\1\0\0\0\5\0\0\0\0\0\0\0\0\0\0\0\0\0\0\0\0\0\0\0\0\0\0\0\0\0\0\0\355%\2\0\0\0\0\0\355%\2\0\0\0\0\0\0\0\1\0\0\0\0\0", 56) = 56
31461 lseek(3, 120, SEEK_SET)           = 120
31461 read(3, "\1\0\0\0\6\0\0\0\0\356\2\0\0\0\0\0\0\356\3\0\0\0\0\0\0\356\3\0\0\0\0\0x\22\0\0\0\0\0\0\250f\1\0\0\0\0\0\0\0\1\0\0\0\0\0", 56) = 56
31461 lseek(3, 176, SEEK_SET)           = 176
31461 read(3, "\2\0\0\0\6\0\0\0\220\370\2\0\0\0\0\0\220\370\3\0\0\0\0\0\220\370\3\0\0\0\0\0000\2\0\0\0\0\0\0000\2\0\0\0\0\0\0\10\0\0\0\0\0\0\0", 56) = 56
31461 lseek(3, 232, SEEK_SET)           = 232
31461 read(3, "\4\0\0\0\4\0\0\0\310\1\0\0\0\0\0\0\310\1\0\0\0\0\0\0\310\1\0\0\0\0\0\0$\0\0\0\0\0\0\0$\0\0\0\0\0\0\0\4\0\0\0\0\0\0\0", 56) = 56
31461 lseek(3, 288, SEEK_SET)           = 288
31461 read(3, "P\345td\4\0\0\0\340\325\1\0\0\0\0\0\340\325\1\0\0\0\0\0\340\325\1\0\0\0\0\0\304\n\0\0\0\0\0\0\304\n\0\0\0\0\0\0\4\0\0\0\0\0\0\0", 56) = 56
31461 lseek(3, 344, SEEK_SET)           = 344
31461 read(3, "Q\345td\6\0\0\0\0\0\0\0\0\0\0\0\0\0\0\0\0\0\0\0\0\0\0\0\0\0\0\0\0\0\0\0\0\0\0\0\0\0\0\0\0\0\0\0\20\0\0\0\0\0\0\0", 56) = 56
31461 lseek(3, 400, SEEK_SET)           = 400
31461 read(3, "R\345td\4\0\0\0\0\356\2\0\0\0\0\0\0\356\3\0\0\0\0\0\0\356\3\0\0\0\0\0\0\22\0\0\0\0\0\0\0\22\0\0\0\0\0\0\1\0\0\0\0\0\0\0", 56) = 56
31461 lseek(3, 64, SEEK_SET)            = 64
31461 read(3, "\1\0\0\0\5\0\0\0\0\0\0\0\0\0\0\0\0\0\0\0\0\0\0\0\0\0\0\0\0\0\0\0\355%\2\0\0\0\0\0\355%\2\0\0\0\0\0\0\0\1\0\0\0\0\0", 56) = 56
31461 lseek(3, 120, SEEK_SET)           = 120
31461 read(3, "\1\0\0\0\6\0\0\0\0\356\2\0\0\0\0\0\0\356\3\0\0\0\0\0\0\356\3\0\0\0\0\0x\22\0\0\0\0\0\0\250f\1\0\0\0\0\0\0\0\1\0\0\0\0\0", 56) = 56
31461 lseek(3, 176, SEEK_SET)           = 176
31461 read(3, "\2\0\0\0\6\0\0\0\220\370\2\0\0\0\0\0\220\370\3\0\0\0\0\0\220\370\3\0\0\0\0\0000\2\0\0\0\0\0\0000\2\0\0\0\0\0\0\10\0\0\0\0\0\0\0", 56) = 56
31461 lseek(3, 232, SEEK_SET)           = 232
31461 read(3, "\4\0\0\0\4\0\0\0\310\1\0\0\0\0\0\0\310\1\0\0\0\0\0\0\310\1\0\0\0\0\0\0$\0\0\0\0\0\0\0$\0\0\0\0\0\0\0\4\0\0\0\0\0\0\0", 56) = 56
31461 lseek(3, 456, SEEK_SET)           = 456
31461 read(3, "\4\0\0\0\24\0\0\0\3\0\0\0", 12) = 12
31461 lseek(3, 472, SEEK_SET)           = 472
31461 read(3, "\"\374\217%\302\312T\255\216}\306\r\251\354\212/\313\273\304f", 20) = 20
31461 lseek(3, 197032, SEEK_SET)        = 197032
31461 read(3, "\0\0\0\0\0\0\0\0\0\0\0\0\0\0\0\0\0\0\0\0\0\0\0\0\0\0\0\0\0\0\0\0\0\0\0\0\0\0\0\0\0\0\0\0\0\0\0\0\0\0\0\0\0\0\0\0\0\0\0\0\0\0\0\0", 64) = 64
31461 lseek(3, 197096, SEEK_SET)        = 197096
31461 read(3, "\v\0\0\0\7\0\0\0\2\0\0\0\0\0\0\0\310\1\0\0\0\0\0\0\310\1\0\0\0\0\0\0$\0\0\0\0\0\0\0\0\0\0\0\0\0\0\0\4\0\0\0\0\0\0\0\0\0\0\0\0\0\0\0", 64) = 64
31461 lseek(3, 197160, SEEK_SET)        = 197160
31461 read(3, "\36\0\0\0\366\377\377o\2\0\0\0\0\0\0\0\360\1\0\0\0\0\0\0\360\1\0\0\0\0\0\0\240\3\0\0\0\0\0\0\3\0\0\0\0\0\0\0\10\0\0\0\0\0\0\0\0\0\0\0\0\0\0\0", 64) = 64
31461 lseek(3, 197224, SEEK_SET)        = 197224
31461 read(3, "(\0\0\0\v\0\0\0\2\0\0\0\0\0\0\0\220\5\0\0\0\0\0\0\220\5\0\0\0\0\0\0 \26\0\0\0\0\0\0\4\0\0\0\3\0\0\0\10\0\0\0\0\0\0\0\30\0\0\0\0\0\0\0", 64) = 64
31461 lseek(3, 197288, SEEK_SET)        = 197288
31461 read(3, "0\0\0\0\3\0\0\0\2\0\0\0\0\0\0\0\260\33\0\0\0\0\0\0\260\33\0\0\0\0\0\0k\"\0\0\0\0\0\0\0\0\0\0\0\0\0\0\1\0\0\0\0\0\0\0\0\0\0\0\0\0\0\0", 64) = 64
31461 lseek(3, 197352, SEEK_SET)        = 197352
31461 read(3, "8\0\0\0\377\377\377o\2\0\0\0\0\0\0\0\34>\0\0\0\0\0\0\34>\0\0\0\0\0\0\330\1\0\0\0\0\0\0\3\0\0\0\0\0\0\0\2\0\0\0\0\0\0\0\2\0\0\0\0\0\0\0", 64) = 64
31461 lseek(3, 197416, SEEK_SET)        = 197416
31461 read(3, "E\0\0\0\376\377\377o\2\0\0\0\0\0\0\0\370?\0\0\0\0\0\0\370?\0\0\0\0\0\0000\1\0\0\0\0\0\0\4\0\0\0\5\0\0\0\10\0\0\0\0\0\0\0\0\0\0\0\0\0\0\0", 64) = 64
31461 lseek(3, 197480, SEEK_SET)        = 197480
31461 read(3, "T\0\0\0\4\0\0\0\2\0\0\0\0\0\0\0(A\0\0\0\0\0\0(A\0\0\0\0\0\0\230\37\0\0\0\0\0\0\3\0\0\0\0\0\0\0\10\0\0\0\0\0\0\0\30\0\0\0\0\0\0\0", 64) = 64
31461 lseek(3, 197544, SEEK_SET)        = 197544
31461 read(3, "^\0\0\0\4\0\0\0B\0\0\0\0\0\0\0\300`\0\0\0\0\0\0\300`\0\0\0\0\0\0H\f\0\0\0\0\0\0\3\0\0\0\25\0\0\0\10\0\0\0\0\0\0\0\30\0\0\0\0\0\0\0", 64) = 64
31461 lseek(3, 197608, SEEK_SET)        = 197608
31461 read(3, "h\0\0\0\1\0\0\0\6\0\0\0\0\0\0\0\10m\0\0\0\0\0\0\10m\0\0\0\0\0\0\30\0\0\0\0\0\0\0\0\0\0\0\0\0\0\0\4\0\0\0\0\0\0\0\0\0\0\0\0\0\0\0", 64) = 64
31461 lseek(3, 196884, SEEK_SET)        = 196884
31461 read(3, ".init\0.text\0.fini\0.rodata\0.eh_frame_hdr\0.eh_frame\0.gcc_except_table\0.init_array\0.fini_array\0.data.rel.ro\0.dynamic\0.got\0.data\0.bss\0.gnu_debuglink\0", 145) = 145
31461 lseek(3, 196884, SEEK_SET)        = 196884
31461 read(3, ".init\0", 6)             = 6
31461 lseek(3, 197672, SEEK_SET)        = 197672
31461 read(3, "c\0\0\0\1\0\0\0\6\0\0\0\0\0\0\0 m\0\0\0\0\0\0 m\0\0\0\0\0\0000\10\0\0\0\0\0\0\0\0\0\0\0\0\0\0\20\0\0\0\0\0\0\0\0\0\0\0\0\0\0\0", 64) = 64
31461 lseek(3, 196879, SEEK_SET)        = 196879
31461 read(3, ".plt\0.init\0.text\0.fini\0.rodata\0.eh_frame_hdr\0.eh_frame\0.gcc_except_table\0.init_array\0.fini_array\0.data.rel.ro\0.dynamic\0.got\0.data\0.bss\0.gnu_debuglink\0", 150) = 150
31461 lseek(3, 196879, SEEK_SET)        = 196879
31461 read(3, ".plt\0", 5)              = 5
31461 lseek(3, 197736, SEEK_SET)        = 197736
31461 read(3, "n\0\0\0\1\0\0\0\6\0\0\0\0\0\0\0Pu\0\0\0\0\0\0Pu\0\0\0\0\0\0\300L\1\0\0\0\0\0\0\0\0\0\0\0\0\0\20\0\0\0\0\0\0\0\0\0\0\0\0\0\0\0", 64) = 64
31461 lseek(3, 196890, SEEK_SET)        = 196890
31461 read(3, ".text\0.fini\0.rodata\0.eh_frame_hdr\0.eh_frame\0.gcc_except_table\0.init_array\0.fini_array\0.data.rel.ro\0.dynamic\0.got\0.data\0.bss\0.gnu_debuglink\0", 139) = 139
31461 lseek(3, 196890, SEEK_SET)        = 196890
31461 read(3, ".text\0", 6)             = 6
31461 lseek(3, 197800, SEEK_SET)        = 197800
31461 read(3, "t\0\0\0\1\0\0\0\6\0\0\0\0\0\0\0\20\302\1\0\0\0\0\0\20\302\1\0\0\0\0\0\24\0\0\0\0\0\0\0\0\0\0\0\0\0\0\0\4\0\0\0\0\0\0\0\0\0\0\0\0\0\0\0", 64) = 64
31461 lseek(3, 196896, SEEK_SET)        = 196896
31461 read(3, ".fini\0.rodata\0.eh_frame_hdr\0.eh_frame\0.gcc_except_table\0.init_array\0.fini_array\0.data.rel.ro\0.dynamic\0.got\0.data\0.bss\0.gnu_debuglink\0", 133) = 133
31461 lseek(3, 196896, SEEK_SET)        = 196896
31461 read(3, ".fini\0", 6)             = 6
31461 lseek(3, 197864, SEEK_SET)        = 197864
31461 read(3, "z\0\0\0\1\0\0\0\2\0\0\0\0\0\0\0000\302\1\0\0\0\0\0000\302\1\0\0\0\0\0\255\23\0\0\0\0\0\0\0\0\0\0\0\0\0\0\20\0\0\0\0\0\0\0\0\0\0\0\0\0\0\0", 64) = 64
31461 lseek(3, 196902, SEEK_SET)        = 196902
31461 read(3, ".rodata\0.eh_frame_hdr\0.eh_frame\0.gcc_except_table\0.init_array\0.fini_array\0.data.rel.ro\0.dynamic\0.got\0.data\0.bss\0.gnu_debuglink\0", 127) = 127
31461 lseek(3, 196902, SEEK_SET)        = 196902
31461 read(3, ".rodata\0", 8)           = 8
31461 lseek(3, 197928, SEEK_SET)        = 197928
31461 read(3, "\202\0\0\0\1\0\0\0\2\0\0\0\0\0\0\0\340\325\1\0\0\0\0\0\340\325\1\0\0\0\0\0\304\n\0\0\0\0\0\0\0\0\0\0\0\0\0\0\4\0\0\0\0\0\0\0\0\0\0\0\0\0\0\0", 64) = 64
31461 lseek(3, 196910, SEEK_SET)        = 196910
31461 read(3, ".eh_frame_hdr\0.eh_frame\0.gcc_except_table\0.init_array\0.fini_array\0.data.rel.ro\0.dynamic\0.got\0.data\0.bss\0.gnu_debuglink\0", 119) = 119
31461 lseek(3, 196910, SEEK_SET)        = 196910
31461 read(3, ".eh_frame_hdr\0", 14)    = 14
31461 lseek(3, 197992, SEEK_SET)        = 197992
31461 read(3, "\220\0\0\0\1\0\0\0\2\0\0\0\0\0\0\0\250\340\1\0\0\0\0\0\250\340\1\0\0\0\0\0\374=\0\0\0\0\0\0\0\0\0\0\0\0\0\0\10\0\0\0\0\0\0\0\0\0\0\0\0\0\0\0", 64) = 64
31461 lseek(3, 196924, SEEK_SET)        = 196924
31461 read(3, ".eh_frame\0.gcc_except_table\0.init_array\0.fini_array\0.data.rel.ro\0.dynamic\0.got\0.data\0.bss\0.gnu_debuglink\0", 105) = 105
31461 lseek(3, 196924, SEEK_SET)        = 196924
31461 read(3, ".eh_frame\0", 10)        = 10
31461 lseek(3, 198056, SEEK_SET)        = 198056
31461 read(3, "\232\0\0\0\1\0\0\0\2\0\0\0\0\0\0\0\244\36\2\0\0\0\0\0\244\36\2\0\0\0\0\0I\7\0\0\0\0\0\0\0\0\0\0\0\0\0\0\4\0\0\0\0\0\0\0\0\0\0\0\0\0\0\0", 64) = 64
31461 lseek(3, 196934, SEEK_SET)        = 196934
31461 read(3, ".gcc_except_table\0.init_array\0.fini_array\0.data.rel.ro\0.dynamic\0.got\0.data\0.bss\0.gnu_debuglink\0", 95) = 95
31461 lseek(3, 196934, SEEK_SET)        = 196934
31461 read(3, ".gcc_except_table\0", 18) = 18
31461 lseek(3, 198120, SEEK_SET)        = 198120
31461 read(3, "\254\0\0\0\16\0\0\0\3\0\0\0\0\0\0\0\0\356\3\0\0\0\0\0\0\356\2\0\0\0\0\0\30\0\0\0\0\0\0\0\0\0\0\0\0\0\0\0\10\0\0\0\0\0\0\0\10\0\0\0\0\0\0\0", 64) = 64
31461 lseek(3, 198184, SEEK_SET)        = 198184
31461 read(3, "\270\0\0\0\17\0\0\0\3\0\0\0\0\0\0\0\30\356\3\0\0\0\0\0\30\356\2\0\0\0\0\0\10\0\0\0\0\0\0\0\0\0\0\0\0\0\0\0\10\0\0\0\0\0\0\0\10\0\0\0\0\0\0\0", 64) = 64
31461 lseek(3, 198248, SEEK_SET)        = 198248
31461 read(3, "\304\0\0\0\1\0\0\0\3\0\0\0\0\0\0\0 \356\3\0\0\0\0\0 \356\2\0\0\0\0\0p\n\0\0\0\0\0\0\0\0\0\0\0\0\0\0\20\0\0\0\0\0\0\0\0\0\0\0\0\0\0\0", 64) = 64
31461 lseek(3, 196976, SEEK_SET)        = 196976
31461 read(3, ".data.rel.ro\0.dynamic\0.got\0.data\0.bss\0.gnu_debuglink\0", 53) = 53
31461 lseek(3, 196976, SEEK_SET)        = 196976
31461 read(3, ".data.rel.ro\0", 13)     = 13
31461 lseek(3, 198312, SEEK_SET)        = 198312
31461 read(3, "\321\0\0\0\6\0\0\0\3\0\0\0\0\0\0\0\220\370\3\0\0\0\0\0\220\370\2\0\0\0\0\0000\2\0\0\0\0\0\0\4\0\0\0\0\0\0\0\10\0\0\0\0\0\0\0\20\0\0\0\0\0\0\0", 64) = 64
31461 lseek(3, 198376, SEEK_SET)        = 198376
31461 read(3, "\332\0\0\0\1\0\0\0\3\0\0\0\0\0\0\0\300\372\3\0\0\0\0\0\300\372\2\0\0\0\0\0@\5\0\0\0\0\0\0\0\0\0\0\0\0\0\0\10\0\0\0\0\0\0\0\10\0\0\0\0\0\0\0", 64) = 64
31461 lseek(3, 196998, SEEK_SET)        = 196998
31461 read(3, ".got\0.data\0.bss\0.gnu_debuglink\0", 31) = 31
31461 lseek(3, 196998, SEEK_SET)        = 196998
31461 read(3, ".got\0", 5)              = 5
31461 lseek(3, 198440, SEEK_SET)        = 198440
31461 read(3, "\337\0\0\0\1\0\0\0\3\0\0\0\0\0\0\0\0\0\4\0\0\0\0\0\0\0\3\0\0\0\0\0x\0\0\0\0\0\0\0\0\0\0\0\0\0\0\0\10\0\0\0\0\0\0\0\0\0\0\0\0\0\0\0", 64) = 64
31461 lseek(3, 197003, SEEK_SET)        = 197003
31461 read(3, ".data\0.bss\0.gnu_debuglink\0", 26) = 26
31461 lseek(3, 197003, SEEK_SET)        = 197003
31461 read(3, ".data\0", 6)             = 6
31461 lseek(3, 198504, SEEK_SET)        = 198504
31461 read(3, "\345\0\0\0\10\0\0\0\3\0\0\0\0\0\0\0\200\0\4\0\0\0\0\0x\0\3\0\0\0\0\0(T\1\0\0\0\0\0\0\0\0\0\0\0\0\0\200\0\0\0\0\0\0\0\0\0\0\0\0\0\0\0", 64) = 64
31461 lseek(3, 198568, SEEK_SET)        = 198568
31461 read(3, "\352\0\0\0\1\0\0\0\0\0\0\0\0\0\0\0\0\0\0\0\0\0\0\0x\0\3\0\0\0\0\0004\0\0\0\0\0\0\0\0\0\0\0\0\0\0\0\4\0\0\0\0\0\0\0\0\0\0\0\0\0\0\0", 64) = 64
31461 lseek(3, 197014, SEEK_SET)        = 197014
31461 read(3, ".gnu_debuglink\0", 15)   = 15
31461 lseek(3, 197014, SEEK_SET)        = 197014
31461 read(3, ".gnu_debuglink\0", 15)   = 15
31461 lseek(3, 196728, SEEK_SET)        = 196728
31461 read(3, "fc8f25c2ca54ad8e7dc60da9ec8a2fcbbbc466.debug\0\0\0\0", 48) = 48
31461 read(3, "\356\225u?", 4)          = 4
31461 rt_sigprocmask(SIG_SETMASK, ~[RTMIN RT_1], [], 8) = 0
31461 rt_sigprocmask(SIG_SETMASK, [], NULL, 8) = 0
31461 close(3)                          = 0
31461 rt_sigprocmask(SIG_SETMASK, ~[RTMIN RT_1], [], 8) = 0
31461 rt_sigprocmask(SIG_SETMASK, [], NULL, 8) = 0
31461 readlinkat(AT_FDCWD, "/lib", "usr/lib", 1023) = 7
31461 readlinkat(AT_FDCWD, "/usr", 0x7fc472b6c0, 1023) = -1 EINVAL (Invalid argument)
31461 readlinkat(AT_FDCWD, "/usr/lib", 0x7fc472b6c0, 1023) = -1 EINVAL (Invalid argument)
31461 readlinkat(AT_FDCWD, "/usr/lib/aarch64-linux-gnu", 0x7fc472b6c0, 1023) = -1 EINVAL (Invalid argument)
31461 readlinkat(AT_FDCWD, "/usr/lib/aarch64-linux-gnu/libboost_log.so.1.74.0", 0x7fc472b6c0, 1023) = -1 EINVAL (Invalid argument)
31461 rt_sigprocmask(SIG_SETMASK, ~[RTMIN RT_1], [], 8) = 0
31461 rt_sigprocmask(SIG_SETMASK, [], NULL, 8) = 0
31461 openat(AT_FDCWD, "/usr/lib/aarch64-linux-gnu/libboost_log.so.1.74.0", O_RDONLY|O_CLOEXEC) = 3
31461 rt_sigprocmask(SIG_SETMASK, ~[RTMIN RT_1], [], 8) = 0
31461 rt_sigprocmask(SIG_SETMASK, [], NULL, 8) = 0
31461 read(3, "\177ELF\2\1\1\3\0\0\0\0\0\0\0\0", 16) = 16
31461 lseek(3, 0, SEEK_SET)             = 0
31461 read(3, "\177ELF\2\1\1\3\0\0\0\0\0\0\0\0\3\0\267\0\1\0\0\0\0\0\0\0\0\0\0\0@\0\0\0\0\0\0\0\230\2\r\0\0\0\0\0\0\0\0\0@\08\0\7\0@\0\33\0\32\0", 64) = 64
31461 lseek(3, 854296, SEEK_SET)        = 854296
31461 read(3, "\1\0\0\0\3\0\0\0\0\0\0\0\0\0\0\0\0\0\0\0\0\0\0\0\210\1\r\0\0\0\0\0\v\1\0\0\0\0\0\0\0\0\0\0\0\0\0\0\1\0\0\0\0\0\0\0\0\0\0\0\0\0\0\0", 64) = 64
31461 lseek(3, 64, SEEK_SET)            = 64
31461 read(3, "\1\0\0\0\5\0\0\0\0\0\0\0\0\0\0\0\0\0\0\0\0\0\0\0\0\0\0\0\0\0\0\0\340\2\f\0\0\0\0\0\340\2\f\0\0\0\0\0\0\0\1\0\0\0\0\0", 56) = 56
31461 lseek(3, 120, SEEK_SET)           = 120
31461 read(3, "\1\0\0\0\6\0\0\0\20\242\f\0\0\0\0\0\20\242\r\0\0\0\0\0\20\242\r\0\0\0\0\0\360^\0\0\0\0\0\0\320b\0\0\0\0\0\0\0\0\1\0\0\0\0\0", 56) = 56
31461 lseek(3, 176, SEEK_SET)           = 176
31461 read(3, "\2\0\0\0\6\0\0\0\240\350\f\0\0\0\0\0\240\350\r\0\0\0\0\0\240\350\r\0\0\0\0\0@\2\0\0\0\0\0\0@\2\0\0\0\0\0\0\10\0\0\0\0\0\0\0", 56) = 56
31461 lseek(3, 232, SEEK_SET)           = 232
31461 read(3, "\4\0\0\0\4\0\0\0\310\1\0\0\0\0\0\0\310\1\0\0\0\0\0\0\310\1\0\0\0\0\0\0$\0\0\0\0\0\0\0$\0\0\0\0\0\0\0\4\0\0\0\0\0\0\0", 56) = 56
31461 lseek(3, 288, SEEK_SET)           = 288
31461 read(3, "P\345td\4\0\0\0000_\n\0\0\0\0\0000_\n\0\0\0\0\0000_\n\0\0\0\0\0\0040\0\0\0\0\0\0\0040\0\0\0\0\0\0\4\0\0\0\0\0\0\0", 56) = 56
31461 lseek(3, 344, SEEK_SET)           = 344
31461 read(3, "Q\345td\6\0\0\0\0\0\0\0\0\0\0\0\0\0\0\0\0\0\0\0\0\0\0\0\0\0\0\0\0\0\0\0\0\0\0\0\0\0\0\0\0\0\0\0\20\0\0\0\0\0\0\0", 56) = 56
31461 lseek(3, 400, SEEK_SET)           = 400
31461 read(3, "R\345td\4\0\0\0\20\242\f\0\0\0\0\0\20\242\r\0\0\0\0\0\20\242\r\0\0\0\0\0\360]\0\0\0\0\0\0\360]\0\0\0\0\0\0\1\0\0\0\0\0\0\0", 56) = 56
31461 lseek(3, 64, SEEK_SET)            = 64
31461 read(3, "\1\0\0\0\5\0\0\0\0\0\0\0\0\0\0\0\0\0\0\0\0\0\0\0\0\0\0\0\0\0\0\0\340\2\f\0\0\0\0\0\340\2\f\0\0\0\0\0\0\0\1\0\0\0\0\0", 56) = 56
31461 lseek(3, 120, SEEK_SET)           = 120
31461 read(3, "\1\0\0\0\6\0\0\0\20\242\f\0\0\0\0\0\20\242\r\0\0\0\0\0\20\242\r\0\0\0\0\0\360^\0\0\0\0\0\0\320b\0\0\0\0\0\0\0\0\1\0\0\0\0\0", 56) = 56
31461 lseek(3, 176, SEEK_SET)           = 176
31461 read(3, "\2\0\0\0\6\0\0\0\240\350\f\0\0\0\0\0\240\350\r\0\0\0\0\0\240\350\r\0\0\0\0\0@\2\0\0\0\0\0\0@\2\0\0\0\0\0\0\10\0\0\0\0\0\0\0", 56) = 56
31461 lseek(3, 232, SEEK_SET)           = 232
31461 read(3, "\4\0\0\0\4\0\0\0\310\1\0\0\0\0\0\0\310\1\0\0\0\0\0\0\310\1\0\0\0\0\0\0$\0\0\0\0\0\0\0$\0\0\0\0\0\0\0\4\0\0\0\0\0\0\0", 56) = 56
31461 lseek(3, 456, SEEK_SET)           = 456
31461 read(3, "\4\0\0\0\24\0\0\0\3\0\0\0", 12) = 12
31461 lseek(3, 472, SEEK_SET)           = 472
31461 read(3, "\2%\305C\32\235)\300\10\253\316j\312\270\324\277\10\200\10\204", 20) = 20
31461 lseek(3, 852632, SEEK_SET)        = 852632
31461 read(3, "\0\0\0\0\0\0\0\0\0\0\0\0\0\0\0\0\0\0\0\0\0\0\0\0\0\0\0\0\0\0\0\0\0\0\0\0\0\0\0\0\0\0\0\0\0\0\0\0\0\0\0\0\0\0\0\0\0\0\0\0\0\0\0\0", 64) = 64
31461 lseek(3, 852696, SEEK_SET)        = 852696
31461 read(3, "\v\0\0\0\7\0\0\0\2\0\0\0\0\0\0\0\310\1\0\0\0\0\0\0\310\1\0\0\0\0\0\0$\0\0\0\0\0\0\0\0\0\0\0\0\0\0\0\4\0\0\0\0\0\0\0\0\0\0\0\0\0\0\0", 64) = 64
31461 lseek(3, 852760, SEEK_SET)        = 852760
31461 read(3, "\36\0\0\0\366\377\377o\2\0\0\0\0\0\0\0\360\1\0\0\0\0\0\0\360\1\0\0\0\0\0\0d\31\0\0\0\0\0\0\3\0\0\0\0\0\0\0\10\0\0\0\0\0\0\0\0\0\0\0\0\0\0\0", 64) = 64
31461 lseek(3, 852824, SEEK_SET)        = 852824
31461 read(3, "(\0\0\0\v\0\0\0\2\0\0\0\0\0\0\0X\33\0\0\0\0\0\0X\33\0\0\0\0\0\0\370p\0\0\0\0\0\0\4\0\0\0\3\0\0\0\10\0\0\0\0\0\0\0\30\0\0\0\0\0\0\0", 64) = 64
31461 lseek(3, 852888, SEEK_SET)        = 852888
31461 read(3, "0\0\0\0\3\0\0\0\2\0\0\0\0\0\0\0P\214\0\0\0\0\0\0P\214\0\0\0\0\0\0V(\1\0\0\0\0\0\0\0\0\0\0\0\0\0\1\0\0\0\0\0\0\0\0\0\0\0\0\0\0\0", 64) = 64
31461 lseek(3, 852952, SEEK_SET)        = 852952
31461 read(3, "8\0\0\0\377\377\377o\2\0\0\0\0\0\0\0\246\264\1\0\0\0\0\0\246\264\1\0\0\0\0\0j\t\0\0\0\0\0\0\3\0\0\0\0\0\0\0\2\0\0\0\0\0\0\0\2\0\0\0\0\0\0\0", 64) = 64
31461 lseek(3, 853016, SEEK_SET)        = 853016
31461 read(3, "E\0\0\0\376\377\377o\2\0\0\0\0\0\0\0\20\276\1\0\0\0\0\0\20\276\1\0\0\0\0\0\200\1\0\0\0\0\0\0\4\0\0\0\4\0\0\0\10\0\0\0\0\0\0\0\0\0\0\0\0\0\0\0", 64) = 64
31461 lseek(3, 853080, SEEK_SET)        = 853080
31461 read(3, "T\0\0\0\4\0\0\0\2\0\0\0\0\0\0\0\220\277\1\0\0\0\0\0\220\277\1\0\0\0\0\0\10\301\0\0\0\0\0\0\3\0\0\0\0\0\0\0\10\0\0\0\0\0\0\0\30\0\0\0\0\0\0\0", 64) = 64
31461 lseek(3, 853144, SEEK_SET)        = 853144
31461 read(3, "^\0\0\0\4\0\0\0B\0\0\0\0\0\0\0\230\200\2\0\0\0\0\0\230\200\2\0\0\0\0\0\350)\0\0\0\0\0\0\3\0\0\0\25\0\0\0\10\0\0\0\0\0\0\0\30\0\0\0\0\0\0\0", 64) = 64
31461 lseek(3, 853208, SEEK_SET)        = 853208
31461 read(3, "h\0\0\0\1\0\0\0\6\0\0\0\0\0\0\0\200\252\2\0\0\0\0\0\200\252\2\0\0\0\0\0\30\0\0\0\0\0\0\0\0\0\0\0\0\0\0\0\4\0\0\0\0\0\0\0\0\0\0\0\0\0\0\0", 64) = 64
31461 lseek(3, 852464, SEEK_SET)        = 852464
31461 read(3, ".init\0.text\0.fini\0.rodata\0.eh_frame_hdr\0.eh_frame\0.gcc_except_table\0.init_array\0.fini_array\0.data.rel.ro\0.dynamic\0.got\0.data\0.bss\0.gnu_debugaltlink\0.gnu_debuglink\0", 163) = 163
31461 lseek(3, 852464, SEEK_SET)        = 852464
31461 read(3, ".init\0", 6)             = 6
31461 lseek(3, 853272, SEEK_SET)        = 853272
31461 read(3, "c\0\0\0\1\0\0\0\6\0\0\0\0\0\0\0\240\252\2\0\0\0\0\0\240\252\2\0\0\0\0\0\20\34\0\0\0\0\0\0\0\0\0\0\0\0\0\0\20\0\0\0\0\0\0\0\0\0\0\0\0\0\0\0", 64) = 64
31461 lseek(3, 852459, SEEK_SET)        = 852459
31461 read(3, ".plt\0.init\0.text\0.fini\0.rodata\0.eh_frame_hdr\0.eh_frame\0.gcc_except_table\0.init_array\0.fini_array\0.data.rel.ro\0.dynamic\0.got\0.data\0.bss\0.gnu_debugaltlink\0.gnu_debuglink\0", 168) = 168
31461 lseek(3, 852459, SEEK_SET)        = 852459
31461 read(3, ".plt\0", 5)              = 5
31461 lseek(3, 853336, SEEK_SET)        = 853336
31461 read(3, "n\0\0\0\1\0\0\0\6\0\0\0\0\0\0\0\260\306\2\0\0\0\0\0\260\306\2\0\0\0\0\0\320+\7\0\0\0\0\0\0\0\0\0\0\0\0\0\20\0\0\0\0\0\0\0\0\0\0\0\0\0\0\0", 64) = 64
31461 lseek(3, 852470, SEEK_SET)        = 852470
31461 read(3, ".text\0.fini\0.rodata\0.eh_frame_hdr\0.eh_frame\0.gcc_except_table\0.init_array\0.fini_array\0.data.rel.ro\0.dynamic\0.got\0.data\0.bss\0.gnu_debugaltlink\0.gnu_debuglink\0", 157) = 157
31461 lseek(3, 852470, SEEK_SET)        = 852470
31461 read(3, ".text\0", 6)             = 6
31461 lseek(3, 853400, SEEK_SET)        = 853400
31461 read(3, "t\0\0\0\1\0\0\0\6\0\0\0\0\0\0\0\200\362\t\0\0\0\0\0\200\362\t\0\0\0\0\0\24\0\0\0\0\0\0\0\0\0\0\0\0\0\0\0\4\0\0\0\0\0\0\0\0\0\0\0\0\0\0\0", 64) = 64
31461 lseek(3, 852476, SEEK_SET)        = 852476
31461 read(3, ".fini\0.rodata\0.eh_frame_hdr\0.eh_frame\0.gcc_except_table\0.init_array\0.fini_array\0.data.rel.ro\0.dynamic\0.got\0.data\0.bss\0.gnu_debugaltlink\0.gnu_debuglink\0", 151) = 151
31461 lseek(3, 852476, SEEK_SET)        = 852476
31461 read(3, ".fini\0", 6)             = 6
31461 lseek(3, 853464, SEEK_SET)        = 853464
31461 read(3, "z\0\0\0\1\0\0\0\2\0\0\0\0\0\0\0\240\362\t\0\0\0\0\0\240\362\t\0\0\0\0\0\220l\0\0\0\0\0\0\0\0\0\0\0\0\0\0\20\0\0\0\0\0\0\0\0\0\0\0\0\0\0\0", 64) = 64
31461 lseek(3, 852482, SEEK_SET)        = 852482
31461 read(3, ".rodata\0.eh_frame_hdr\0.eh_frame\0.gcc_except_table\0.init_array\0.fini_array\0.data.rel.ro\0.dynamic\0.got\0.data\0.bss\0.gnu_debugaltlink\0.gnu_debuglink\0", 145) = 145
31461 lseek(3, 852482, SEEK_SET)        = 852482
31461 read(3, ".rodata\0", 8)           = 8
31461 lseek(3, 853528, SEEK_SET)        = 853528
31461 read(3, "\202\0\0\0\1\0\0\0\2\0\0\0\0\0\0\0000_\n\0\0\0\0\0000_\n\0\0\0\0\0\0040\0\0\0\0\0\0\0\0\0\0\0\0\0\0\4\0\0\0\0\0\0\0\0\0\0\0\0\0\0\0", 64) = 64
31461 lseek(3, 852490, SEEK_SET)        = 852490
31461 read(3, ".eh_frame_hdr\0.eh_frame\0.gcc_except_table\0.init_array\0.fini_array\0.data.rel.ro\0.dynamic\0.got\0.data\0.bss\0.gnu_debugaltlink\0.gnu_debuglink\0", 137) = 137
31461 lseek(3, 852490, SEEK_SET)        = 852490
31461 read(3, ".eh_frame_hdr\0", 14)    = 14
31461 lseek(3, 853592, SEEK_SET)        = 853592
31461 read(3, "\220\0\0\0\1\0\0\0\2\0\0\0\0\0\0\08\217\n\0\0\0\0\08\217\n\0\0\0\0\0l\"\1\0\0\0\0\0\0\0\0\0\0\0\0\0\10\0\0\0\0\0\0\0\0\0\0\0\0\0\0\0", 64) = 64
31461 lseek(3, 852504, SEEK_SET)        = 852504
31461 read(3, ".eh_frame\0.gcc_except_table\0.init_array\0.fini_array\0.data.rel.ro\0.dynamic\0.got\0.data\0.bss\0.gnu_debugaltlink\0.gnu_debuglink\0", 123) = 123
31461 lseek(3, 852504, SEEK_SET)        = 852504
31461 read(3, ".eh_frame\0", 10)        = 10
31461 lseek(3, 853656, SEEK_SET)        = 853656
31461 read(3, "\232\0\0\0\1\0\0\0\2\0\0\0\0\0\0\0\244\261\v\0\0\0\0\0\244\261\v\0\0\0\0\0<Q\0\0\0\0\0\0\0\0\0\0\0\0\0\0\4\0\0\0\0\0\0\0\0\0\0\0\0\0\0\0", 64) = 64
31461 lseek(3, 852514, SEEK_SET)        = 852514
31461 read(3, ".gcc_except_table\0.init_array\0.fini_array\0.data.rel.ro\0.dynamic\0.got\0.data\0.bss\0.gnu_debugaltlink\0.gnu_debuglink\0", 113) = 113
31461 lseek(3, 852514, SEEK_SET)        = 852514
31461 read(3, ".gcc_except_table\0", 18) = 18
31461 lseek(3, 853720, SEEK_SET)        = 853720
31461 read(3, "\254\0\0\0\16\0\0\0\3\0\0\0\0\0\0\0\20\242\r\0\0\0\0\0\20\242\f\0\0\0\0\0h\0\0\0\0\0\0\0\0\0\0\0\0\0\0\0\10\0\0\0\0\0\0\0\10\0\0\0\0\0\0\0", 64) = 64
31461 lseek(3, 853784, SEEK_SET)        = 853784
31461 read(3, "\270\0\0\0\17\0\0\0\3\0\0\0\0\0\0\0x\242\r\0\0\0\0\0x\242\f\0\0\0\0\0\10\0\0\0\0\0\0\0\0\0\0\0\0\0\0\0\10\0\0\0\0\0\0\0\10\0\0\0\0\0\0\0", 64) = 64
31461 lseek(3, 853848, SEEK_SET)        = 853848
31461 read(3, "\304\0\0\0\1\0\0\0\3\0\0\0\0\0\0\0\200\242\r\0\0\0\0\0\200\242\f\0\0\0\0\0 F\0\0\0\0\0\0\0\0\0\0\0\0\0\0\10\0\0\0\0\0\0\0\0\0\0\0\0\0\0\0", 64) = 64
31461 lseek(3, 852556, SEEK_SET)        = 852556
31461 read(3, ".data.rel.ro\0.dynamic\0.got\0.data\0.bss\0.gnu_debugaltlink\0.gnu_debuglink\0", 71) = 71
31461 lseek(3, 852556, SEEK_SET)        = 852556
31461 read(3, ".data.rel.ro\0", 13)     = 13
31461 lseek(3, 853912, SEEK_SET)        = 853912
31461 read(3, "\321\0\0\0\6\0\0\0\3\0\0\0\0\0\0\0\240\350\r\0\0\0\0\0\240\350\f\0\0\0\0\0@\2\0\0\0\0\0\0\4\0\0\0\0\0\0\0\10\0\0\0\0\0\0\0\20\0\0\0\0\0\0\0", 64) = 64
31461 lseek(3, 853976, SEEK_SET)        = 853976
31461 read(3, "\332\0\0\0\1\0\0\0\3\0\0\0\0\0\0\0\340\352\r\0\0\0\0\0\340\352\f\0\0\0\0\0 \25\0\0\0\0\0\0\0\0\0\0\0\0\0\0\10\0\0\0\0\0\0\0\10\0\0\0\0\0\0\0", 64) = 64
31461 lseek(3, 852578, SEEK_SET)        = 852578
31461 read(3, ".got\0.data\0.bss\0.gnu_debugaltlink\0.gnu_debuglink\0", 49) = 49
31461 lseek(3, 852578, SEEK_SET)        = 852578
31461 read(3, ".got\0", 5)              = 5
31461 lseek(3, 854040, SEEK_SET)        = 854040
31461 read(3, "\337\0\0\0\1\0\0\0\3\0\0\0\0\0\0\0\0\0\16\0\0\0\0\0\0\0\r\0\0\0\0\0\0\1\0\0\0\0\0\0\0\0\0\0\0\0\0\0\10\0\0\0\0\0\0\0\0\0\0\0\0\0\0\0", 64) = 64
31461 lseek(3, 852583, SEEK_SET)        = 852583
31461 read(3, ".data\0.bss\0.gnu_debugaltlink\0.gnu_debuglink\0", 44) = 44
31461 lseek(3, 852583, SEEK_SET)        = 852583
31461 read(3, ".data\0", 6)             = 6
31461 lseek(3, 854104, SEEK_SET)        = 854104
31461 read(3, "\345\0\0\0\10\0\0\0\3\0\0\0\0\0\0\0\0\1\16\0\0\0\0\0\0\1\r\0\0\0\0\0\340\3\0\0\0\0\0\0\0\0\0\0\0\0\0\0\20\0\0\0\0\0\0\0\0\0\0\0\0\0\0\0", 64) = 64
31461 lseek(3, 854168, SEEK_SET)        = 854168
31461 read(3, "\352\0\0\0\1\0\0\0\0\0\0\0\0\0\0\0\0\0\0\0\0\0\0\0\0\1\r\0\0\0\0\0S\0\0\0\0\0\0\0\0\0\0\0\0\0\0\0\1\0\0\0\0\0\0\0\0\0\0\0\0\0\0\0", 64) = 64
31461 lseek(3, 852594, SEEK_SET)        = 852594
31461 read(3, ".gnu_debugaltlink\0.gnu_debuglink\0", 33) = 33
31461 lseek(3, 852594, SEEK_SET)        = 852594
31461 read(3, ".gnu_debugaltlink\0", 18) = 18
31461 lseek(3, 854232, SEEK_SET)        = 854232
31461 read(3, "\374\0\0\0\1\0\0\0\0\0\0\0\0\0\0\0\0\0\0\0\0\0\0\0T\1\r\0\0\0\0\0004\0\0\0\0\0\0\0\0\0\0\0\0\0\0\0\4\0\0\0\0\0\0\0\0\0\0\0\0\0\0\0", 64) = 64
31461 lseek(3, 852612, SEEK_SET)        = 852612
31461 read(3, ".gnu_debuglink\0", 15)   = 15
31461 lseek(3, 852612, SEEK_SET)        = 852612
31461 read(3, ".gnu_debuglink\0", 15)   = 15
31461 lseek(3, 852308, SEEK_SET)        = 852308
31461 read(3, "25c5431a9d29c008abce6acab8d4bf08800884.debug\0\0\0\0", 48) = 48
31461 read(3, "\r\36\355\352", 4)       = 4
31461 rt_sigprocmask(SIG_SETMASK, ~[RTMIN RT_1], [], 8) = 0
31461 rt_sigprocmask(SIG_SETMASK, [], NULL, 8) = 0
31461 close(3)                          = 0
31461 rt_sigprocmask(SIG_SETMASK, ~[RTMIN RT_1], [], 8) = 0
31461 rt_sigprocmask(SIG_SETMASK, [], NULL, 8) = 0
31461 readlinkat(AT_FDCWD, "/lib", "usr/lib", 1023) = 7
31461 readlinkat(AT_FDCWD, "/usr", 0x7fc472b6c0, 1023) = -1 EINVAL (Invalid argument)
31461 readlinkat(AT_FDCWD, "/usr/lib", 0x7fc472b6c0, 1023) = -1 EINVAL (Invalid argument)
31461 readlinkat(AT_FDCWD, "/usr/lib/aarch64-linux-gnu", 0x7fc472b6c0, 1023) = -1 EINVAL (Invalid argument)
31461 readlinkat(AT_FDCWD, "/usr/lib/aarch64-linux-gnu/libboost_thread.so.1.74.0", 0x7fc472b6c0, 1023) = -1 EINVAL (Invalid argument)
31461 rt_sigprocmask(SIG_SETMASK, ~[RTMIN RT_1], [], 8) = 0
31461 rt_sigprocmask(SIG_SETMASK, [], NULL, 8) = 0
31461 openat(AT_FDCWD, "/usr/lib/aarch64-linux-gnu/libboost_thread.so.1.74.0", O_RDONLY|O_CLOEXEC) = 3
31461 rt_sigprocmask(SIG_SETMASK, ~[RTMIN RT_1], [], 8) = 0
31461 rt_sigprocmask(SIG_SETMASK, [], NULL, 8) = 0
31461 read(3, "\177ELF\2\1\1\3\0\0\0\0\0\0\0\0", 16) = 16
31461 lseek(3, 0, SEEK_SET)             = 0
31461 read(3, "\177ELF\2\1\1\3\0\0\0\0\0\0\0\0\3\0\267\0\1\0\0\0\0\0\0\0\0\0\0\0@\0\0\0\0\0\0\0X\1\3\0\0\0\0\0\0\0\0\0@\08\0\7\0@\0\32\0\31\0", 64) = 64
31461 lseek(3, 198552, SEEK_SET)        = 198552
31461 read(3, "\1\0\0\0\3\0\0\0\0\0\0\0\0\0\0\0\0\0\0\0\0\0\0\0\\\0\3\0\0\0\0\0\371\0\0\0\0\0\0\0\0\0\0\0\0\0\0\0\1\0\0\0\0\0\0\0\0\0\0\0\0\0\0\0", 64) = 64
31461 lseek(3, 64, SEEK_SET)            = 64
31461 read(3, "\1\0\0\0\5\0\0\0\0\0\0\0\0\0\0\0\0\0\0\0\0\0\0\0\0\0\0\0\0\0\0\0\253\363\1\0\0\0\0\0\253\363\1\0\0\0\0\0\0\0\1\0\0\0\0\0", 56) = 56
31461 lseek(3, 120, SEEK_SET)           = 120
31461 read(3, "\1\0\0\0\6\0\0\0X\351\2\0\0\0\0\0X\351\2\0\0\0\0\0X\351\2\0\0\0\0\0\320\26\0\0\0\0\0\0P\30\0\0\0\0\0\0\0\0\1\0\0\0\0\0", 56) = 56
31461 lseek(3, 176, SEEK_SET)           = 176
31461 read(3, "\2\0\0\0\6\0\0\0\210\370\2\0\0\0\0\0\210\370\2\0\0\0\0\0\210\370\2\0\0\0\0\0 \2\0\0\0\0\0\0 \2\0\0\0\0\0\0\10\0\0\0\0\0\0\0", 56) = 56
31461 lseek(3, 232, SEEK_SET)           = 232
31461 read(3, "\4\0\0\0\4\0\0\0\310\1\0\0\0\0\0\0\310\1\0\0\0\0\0\0\310\1\0\0\0\0\0\0$\0\0\0\0\0\0\0$\0\0\0\0\0\0\0\4\0\0\0\0\0\0\0", 56) = 56
31461 lseek(3, 288, SEEK_SET)           = 288
31461 read(3, "P\345td\4\0\0\08\263\1\0\0\0\0\08\263\1\0\0\0\0\08\263\1\0\0\0\0\0\364\7\0\0\0\0\0\0\364\7\0\0\0\0\0\0\4\0\0\0\0\0\0\0", 56) = 56
31461 lseek(3, 344, SEEK_SET)           = 344
31461 read(3, "Q\345td\6\0\0\0\0\0\0\0\0\0\0\0\0\0\0\0\0\0\0\0\0\0\0\0\0\0\0\0\0\0\0\0\0\0\0\0\0\0\0\0\0\0\0\0\20\0\0\0\0\0\0\0", 56) = 56
31461 lseek(3, 400, SEEK_SET)           = 400
31461 read(3, "R\345td\4\0\0\0X\351\2\0\0\0\0\0X\351\2\0\0\0\0\0X\351\2\0\0\0\0\0\250\26\0\0\0\0\0\0\250\26\0\0\0\0\0\0\1\0\0\0\0\0\0\0", 56) = 56
31461 lseek(3, 64, SEEK_SET)            = 64
31461 read(3, "\1\0\0\0\5\0\0\0\0\0\0\0\0\0\0\0\0\0\0\0\0\0\0\0\0\0\0\0\0\0\0\0\253\363\1\0\0\0\0\0\253\363\1\0\0\0\0\0\0\0\1\0\0\0\0\0", 56) = 56
31461 lseek(3, 120, SEEK_SET)           = 120
31461 read(3, "\1\0\0\0\6\0\0\0X\351\2\0\0\0\0\0X\351\2\0\0\0\0\0X\351\2\0\0\0\0\0\320\26\0\0\0\0\0\0P\30\0\0\0\0\0\0\0\0\1\0\0\0\0\0", 56) = 56
31461 lseek(3, 176, SEEK_SET)           = 176
31461 read(3, "\2\0\0\0\6\0\0\0\210\370\2\0\0\0\0\0\210\370\2\0\0\0\0\0\210\370\2\0\0\0\0\0 \2\0\0\0\0\0\0 \2\0\0\0\0\0\0\10\0\0\0\0\0\0\0", 56) = 56
31461 lseek(3, 232, SEEK_SET)           = 232
31461 read(3, "\4\0\0\0\4\0\0\0\310\1\0\0\0\0\0\0\310\1\0\0\0\0\0\0\310\1\0\0\0\0\0\0$\0\0\0\0\0\0\0$\0\0\0\0\0\0\0\4\0\0\0\0\0\0\0", 56) = 56
31461 lseek(3, 456, SEEK_SET)           = 456
31461 read(3, "\4\0\0\0\24\0\0\0\3\0\0\0", 12) = 12
31461 lseek(3, 472, SEEK_SET)           = 472
31461 read(3, "\375\230\f*2&\372M\216\323\201o!\202i\336\376\322:\31", 20) = 20
31461 lseek(3, 196952, SEEK_SET)        = 196952
31461 read(3, "\0\0\0\0\0\0\0\0\0\0\0\0\0\0\0\0\0\0\0\0\0\0\0\0\0\0\0\0\0\0\0\0\0\0\0\0\0\0\0\0\0\0\0\0\0\0\0\0\0\0\0\0\0\0\0\0\0\0\0\0\0\0\0\0", 64) = 64
31461 lseek(3, 197016, SEEK_SET)        = 197016
31461 read(3, "\v\0\0\0\7\0\0\0\2\0\0\0\0\0\0\0\310\1\0\0\0\0\0\0\310\1\0\0\0\0\0\0$\0\0\0\0\0\0\0\0\0\0\0\0\0\0\0\4\0\0\0\0\0\0\0\0\0\0\0\0\0\0\0", 64) = 64
31461 lseek(3, 197080, SEEK_SET)        = 197080
31461 read(3, "\36\0\0\0\366\377\377o\2\0\0\0\0\0\0\0\360\1\0\0\0\0\0\0\360\1\0\0\0\0\0\0\254\4\0\0\0\0\0\0\3\0\0\0\0\0\0\0\10\0\0\0\0\0\0\0\0\0\0\0\0\0\0\0", 64) = 64
31461 lseek(3, 197144, SEEK_SET)        = 197144
31461 read(3, "(\0\0\0\v\0\0\0\2\0\0\0\0\0\0\0\240\6\0\0\0\0\0\0\240\6\0\0\0\0\0\0000\30\0\0\0\0\0\0\4\0\0\0\3\0\0\0\10\0\0\0\0\0\0\0\30\0\0\0\0\0\0\0", 64) = 64
31461 lseek(3, 197208, SEEK_SET)        = 197208
31461 read(3, "0\0\0\0\3\0\0\0\2\0\0\0\0\0\0\0\320\36\0\0\0\0\0\0\320\36\0\0\0\0\0\0\220(\0\0\0\0\0\0\0\0\0\0\0\0\0\0\1\0\0\0\0\0\0\0\0\0\0\0\0\0\0\0", 64) = 64
31461 lseek(3, 197272, SEEK_SET)        = 197272
31461 read(3, "8\0\0\0\377\377\377o\2\0\0\0\0\0\0\0`G\0\0\0\0\0\0`G\0\0\0\0\0\0\4\2\0\0\0\0\0\0\3\0\0\0\0\0\0\0\2\0\0\0\0\0\0\0\2\0\0\0\0\0\0\0", 64) = 64
31461 lseek(3, 197336, SEEK_SET)        = 197336
31461 read(3, "E\0\0\0\376\377\377o\2\0\0\0\0\0\0\0hI\0\0\0\0\0\0hI\0\0\0\0\0\0\340\0\0\0\0\0\0\0\4\0\0\0\4\0\0\0\10\0\0\0\0\0\0\0\0\0\0\0\0\0\0\0", 64) = 64
31461 lseek(3, 197400, SEEK_SET)        = 197400
31461 read(3, "T\0\0\0\4\0\0\0\2\0\0\0\0\0\0\0HJ\0\0\0\0\0\0HJ\0\0\0\0\0\0()\0\0\0\0\0\0\3\0\0\0\0\0\0\0\10\0\0\0\0\0\0\0\30\0\0\0\0\0\0\0", 64) = 64
31461 lseek(3, 197464, SEEK_SET)        = 197464
31461 read(3, "^\0\0\0\4\0\0\0B\0\0\0\0\0\0\0ps\0\0\0\0\0\0ps\0\0\0\0\0\0\310\n\0\0\0\0\0\0\3\0\0\0\25\0\0\0\10\0\0\0\0\0\0\0\30\0\0\0\0\0\0\0", 64) = 64
31461 lseek(3, 197528, SEEK_SET)        = 197528
31461 read(3, "h\0\0\0\1\0\0\0\6\0\0\0\0\0\0\08~\0\0\0\0\0\08~\0\0\0\0\0\0\30\0\0\0\0\0\0\0\0\0\0\0\0\0\0\0\4\0\0\0\0\0\0\0\0\0\0\0\0\0\0\0", 64) = 64
31461 lseek(3, 196804, SEEK_SET)        = 196804
31461 read(3, ".init\0.text\0.fini\0.rodata\0.eh_frame_hdr\0.eh_frame\0.gcc_except_table\0.init_array\0.fini_array\0.data.rel.ro\0.dynamic\0.got\0.data\0.bss\0.gnu_debuglink\0", 145) = 145
31461 lseek(3, 196804, SEEK_SET)        = 196804
31461 read(3, ".init\0", 6)             = 6
31461 lseek(3, 197592, SEEK_SET)        = 197592
31461 read(3, "c\0\0\0\1\0\0\0\6\0\0\0\0\0\0\0P~\0\0\0\0\0\0P~\0\0\0\0\0\0P\7\0\0\0\0\0\0\0\0\0\0\0\0\0\0\20\0\0\0\0\0\0\0\0\0\0\0\0\0\0\0", 64) = 64
31461 lseek(3, 196799, SEEK_SET)        = 196799
31461 read(3, ".plt\0.init\0.text\0.fini\0.rodata\0.eh_frame_hdr\0.eh_frame\0.gcc_except_table\0.init_array\0.fini_array\0.data.rel.ro\0.dynamic\0.got\0.data\0.bss\0.gnu_debuglink\0", 150) = 150
31461 lseek(3, 196799, SEEK_SET)        = 196799
31461 read(3, ".plt\0", 5)              = 5
31461 lseek(3, 197656, SEEK_SET)        = 197656
31461 read(3, "n\0\0\0\1\0\0\0\6\0\0\0\0\0\0\0\240\205\0\0\0\0\0\0\240\205\0\0\0\0\0\0\360\36\1\0\0\0\0\0\0\0\0\0\0\0\0\0\20\0\0\0\0\0\0\0\0\0\0\0\0\0\0\0", 64) = 64
31461 lseek(3, 196810, SEEK_SET)        = 196810
31461 read(3, ".text\0.fini\0.rodata\0.eh_frame_hdr\0.eh_frame\0.gcc_except_table\0.init_array\0.fini_array\0.data.rel.ro\0.dynamic\0.got\0.data\0.bss\0.gnu_debuglink\0", 139) = 139
31461 lseek(3, 196810, SEEK_SET)        = 196810
31461 read(3, ".text\0", 6)             = 6
31461 lseek(3, 197720, SEEK_SET)        = 197720
31461 read(3, "t\0\0\0\1\0\0\0\6\0\0\0\0\0\0\0\220\244\1\0\0\0\0\0\220\244\1\0\0\0\0\0\24\0\0\0\0\0\0\0\0\0\0\0\0\0\0\0\4\0\0\0\0\0\0\0\0\0\0\0\0\0\0\0", 64) = 64
31461 lseek(3, 196816, SEEK_SET)        = 196816
31461 read(3, ".fini\0.rodata\0.eh_frame_hdr\0.eh_frame\0.gcc_except_table\0.init_array\0.fini_array\0.data.rel.ro\0.dynamic\0.got\0.data\0.bss\0.gnu_debuglink\0", 133) = 133
31461 lseek(3, 196816, SEEK_SET)        = 196816
31461 read(3, ".fini\0", 6)             = 6
31461 lseek(3, 197784, SEEK_SET)        = 197784
31461 read(3, "z\0\0\0\1\0\0\0\2\0\0\0\0\0\0\0\250\244\1\0\0\0\0\0\250\244\1\0\0\0\0\0\217\16\0\0\0\0\0\0\0\0\0\0\0\0\0\0\10\0\0\0\0\0\0\0\0\0\0\0\0\0\0\0", 64) = 64
31461 lseek(3, 196822, SEEK_SET)        = 196822
31461 read(3, ".rodata\0.eh_frame_hdr\0.eh_frame\0.gcc_except_table\0.init_array\0.fini_array\0.data.rel.ro\0.dynamic\0.got\0.data\0.bss\0.gnu_debuglink\0", 127) = 127
31461 lseek(3, 196822, SEEK_SET)        = 196822
31461 read(3, ".rodata\0", 8)           = 8
31461 lseek(3, 197848, SEEK_SET)        = 197848
31461 read(3, "\202\0\0\0\1\0\0\0\2\0\0\0\0\0\0\08\263\1\0\0\0\0\08\263\1\0\0\0\0\0\364\7\0\0\0\0\0\0\0\0\0\0\0\0\0\0\4\0\0\0\0\0\0\0\0\0\0\0\0\0\0\0", 64) = 64
31461 lseek(3, 196830, SEEK_SET)        = 196830
31461 read(3, ".eh_frame_hdr\0.eh_frame\0.gcc_except_table\0.init_array\0.fini_array\0.data.rel.ro\0.dynamic\0.got\0.data\0.bss\0.gnu_debuglink\0", 119) = 119
31461 lseek(3, 196830, SEEK_SET)        = 196830
31461 read(3, ".eh_frame_hdr\0", 14)    = 14
31461 lseek(3, 197912, SEEK_SET)        = 197912
31461 read(3, "\220\0\0\0\1\0\0\0\2\0\0\0\0\0\0\0000\273\1\0\0\0\0\0000\273\1\0\0\0\0\0\344/\0\0\0\0\0\0\0\0\0\0\0\0\0\0\10\0\0\0\0\0\0\0\0\0\0\0\0\0\0\0", 64) = 64
31461 lseek(3, 196844, SEEK_SET)        = 196844
31461 read(3, ".eh_frame\0.gcc_except_table\0.init_array\0.fini_array\0.data.rel.ro\0.dynamic\0.got\0.data\0.bss\0.gnu_debuglink\0", 105) = 105
31461 lseek(3, 196844, SEEK_SET)        = 196844
31461 read(3, ".eh_frame\0", 10)        = 10
31461 lseek(3, 197976, SEEK_SET)        = 197976
31461 read(3, "\232\0\0\0\1\0\0\0\2\0\0\0\0\0\0\0\24\353\1\0\0\0\0\0\24\353\1\0\0\0\0\0\227\10\0\0\0\0\0\0\0\0\0\0\0\0\0\0\4\0\0\0\0\0\0\0\0\0\0\0\0\0\0\0", 64) = 64
31461 lseek(3, 196854, SEEK_SET)        = 196854
31461 read(3, ".gcc_except_table\0.init_array\0.fini_array\0.data.rel.ro\0.dynamic\0.got\0.data\0.bss\0.gnu_debuglink\0", 95) = 95
31461 lseek(3, 196854, SEEK_SET)        = 196854
31461 read(3, ".gcc_except_table\0", 18) = 18
31461 lseek(3, 198040, SEEK_SET)        = 198040
31461 read(3, "\254\0\0\0\16\0\0\0\3\0\0\0\0\0\0\0X\351\2\0\0\0\0\0X\351\2\0\0\0\0\0\30\0\0\0\0\0\0\0\0\0\0\0\0\0\0\0\10\0\0\0\0\0\0\0\10\0\0\0\0\0\0\0", 64) = 64
31461 lseek(3, 198104, SEEK_SET)        = 198104
31461 read(3, "\270\0\0\0\17\0\0\0\3\0\0\0\0\0\0\0p\351\2\0\0\0\0\0p\351\2\0\0\0\0\0\10\0\0\0\0\0\0\0\0\0\0\0\0\0\0\0\10\0\0\0\0\0\0\0\10\0\0\0\0\0\0\0", 64) = 64
31461 lseek(3, 198168, SEEK_SET)        = 198168
31461 read(3, "\304\0\0\0\1\0\0\0\3\0\0\0\0\0\0\0x\351\2\0\0\0\0\0x\351\2\0\0\0\0\0\20\17\0\0\0\0\0\0\0\0\0\0\0\0\0\0\10\0\0\0\0\0\0\0\0\0\0\0\0\0\0\0", 64) = 64
31461 lseek(3, 196896, SEEK_SET)        = 196896
31461 read(3, ".data.rel.ro\0.dynamic\0.got\0.data\0.bss\0.gnu_debuglink\0", 53) = 53
31461 lseek(3, 196896, SEEK_SET)        = 196896
31461 read(3, ".data.rel.ro\0", 13)     = 13
31461 lseek(3, 198232, SEEK_SET)        = 198232
31461 read(3, "\321\0\0\0\6\0\0\0\3\0\0\0\0\0\0\0\210\370\2\0\0\0\0\0\210\370\2\0\0\0\0\0 \2\0\0\0\0\0\0\4\0\0\0\0\0\0\0\10\0\0\0\0\0\0\0\20\0\0\0\0\0\0\0", 64) = 64
31461 lseek(3, 198296, SEEK_SET)        = 198296
31461 read(3, "\332\0\0\0\1\0\0\0\3\0\0\0\0\0\0\0\250\372\2\0\0\0\0\0\250\372\2\0\0\0\0\0X\5\0\0\0\0\0\0\0\0\0\0\0\0\0\0\10\0\0\0\0\0\0\0\10\0\0\0\0\0\0\0", 64) = 64
31461 lseek(3, 196918, SEEK_SET)        = 196918
31461 read(3, ".got\0.data\0.bss\0.gnu_debuglink\0", 31) = 31
31461 lseek(3, 196918, SEEK_SET)        = 196918
31461 read(3, ".got\0", 5)              = 5
31461 lseek(3, 198360, SEEK_SET)        = 198360
31461 read(3, "\337\0\0\0\1\0\0\0\3\0\0\0\0\0\0\0\0\0\3\0\0\0\0\0\0\0\3\0\0\0\0\0(\0\0\0\0\0\0\0\0\0\0\0\0\0\0\0\10\0\0\0\0\0\0\0\0\0\0\0\0\0\0\0", 64) = 64
31461 lseek(3, 196923, SEEK_SET)        = 196923
31461 read(3, ".data\0.bss\0.gnu_debuglink\0", 26) = 26
31461 lseek(3, 196923, SEEK_SET)        = 196923
31461 read(3, ".data\0", 6)             = 6
31461 lseek(3, 198424, SEEK_SET)        = 198424
31461 read(3, "\345\0\0\0\10\0\0\0\3\0\0\0\0\0\0\0(\0\3\0\0\0\0\0(\0\3\0\0\0\0\0\200\1\0\0\0\0\0\0\0\0\0\0\0\0\0\0\10\0\0\0\0\0\0\0\0\0\0\0\0\0\0\0", 64) = 64
31461 lseek(3, 198488, SEEK_SET)        = 198488
31461 read(3, "\352\0\0\0\1\0\0\0\0\0\0\0\0\0\0\0\0\0\0\0\0\0\0\0(\0\3\0\0\0\0\0004\0\0\0\0\0\0\0\0\0\0\0\0\0\0\0\4\0\0\0\0\0\0\0\0\0\0\0\0\0\0\0", 64) = 64
31461 lseek(3, 196934, SEEK_SET)        = 196934
31461 read(3, ".gnu_debuglink\0", 15)   = 15
31461 lseek(3, 196934, SEEK_SET)        = 196934
31461 read(3, ".gnu_debuglink\0", 15)   = 15
31461 lseek(3, 196648, SEEK_SET)        = 196648
31461 read(3, "980c2a3226fa4d8ed3816f218269defed23a19.debug\0\0\0\0", 48) = 48
31461 read(3, "2\344\2214", 4)          = 4
31461 rt_sigprocmask(SIG_SETMASK, ~[RTMIN RT_1], [], 8) = 0
31461 rt_sigprocmask(SIG_SETMASK, [], NULL, 8) = 0
31461 close(3)                          = 0
31461 rt_sigprocmask(SIG_SETMASK, ~[RTMIN RT_1], [], 8) = 0
31461 rt_sigprocmask(SIG_SETMASK, [], NULL, 8) = 0
31461 readlinkat(AT_FDCWD, "/lib", "usr/lib", 1023) = 7
31461 readlinkat(AT_FDCWD, "/usr", 0x7fc472b6c0, 1023) = -1 EINVAL (Invalid argument)
31461 readlinkat(AT_FDCWD, "/usr/lib", 0x7fc472b6c0, 1023) = -1 EINVAL (Invalid argument)
31461 readlinkat(AT_FDCWD, "/usr/lib/aarch64-linux-gnu", 0x7fc472b6c0, 1023) = -1 EINVAL (Invalid argument)
31461 readlinkat(AT_FDCWD, "/usr/lib/aarch64-linux-gnu/libjpeg.so.62", "libjpeg.so.62.3.0", 1023) = 17
31461 readlinkat(AT_FDCWD, "/usr/lib/aarch64-linux-gnu/libjpeg.so.62.3.0", 0x7fc472b6c0, 1023) = -1 EINVAL (Invalid argument)
31461 rt_sigprocmask(SIG_SETMASK, ~[RTMIN RT_1], [], 8) = 0
31461 rt_sigprocmask(SIG_SETMASK, [], NULL, 8) = 0
31461 openat(AT_FDCWD, "/usr/lib/aarch64-linux-gnu/libjpeg.so.62.3.0", O_RDONLY|O_CLOEXEC) = 3
31461 rt_sigprocmask(SIG_SETMASK, ~[RTMIN RT_1], [], 8) = 0
31461 rt_sigprocmask(SIG_SETMASK, [], NULL, 8) = 0
31461 read(3, "\177ELF\2\1\1\0\0\0\0\0\0\0\0\0", 16) = 16
31461 lseek(3, 0, SEEK_SET)             = 0
31461 read(3, "\177ELF\2\1\1\0\0\0\0\0\0\0\0\0\3\0\267\0\1\0\0\0\0\0\0\0\0\0\0\0@\0\0\0\0\0\0\0@\1\6\0\0\0\0\0\0\0\0\0@\08\0\10\0@\0\33\0\32\0", 64) = 64
31461 lseek(3, 395200, SEEK_SET)        = 395200
31461 read(3, "\1\0\0\0\3\0\0\0\0\0\0\0\0\0\0\0\0\0\0\0\0\0\0\0<\0\6\0\0\0\0\0\375\0\0\0\0\0\0\0\0\0\0\0\0\0\0\0\1\0\0\0\0\0\0\0\0\0\0\0\0\0\0\0", 64) = 64
31461 lseek(3, 64, SEEK_SET)            = 64
31461 read(3, "\1\0\0\0\5\0\0\0\0\0\0\0\0\0\0\0\0\0\0\0\0\0\0\0\0\0\0\0\0\0\0\0\370\0\5\0\0\0\0\0\370\0\5\0\0\0\0\0\0\0\1\0\0\0\0\0", 56) = 56
31461 lseek(3, 120, SEEK_SET)           = 120
31461 read(3, "\1\0\0\0\6\0\0\0\374\363\5\0\0\0\0\0\374\363\6\0\0\0\0\0\374\363\6\0\0\0\0\0\f\f\0\0\0\0\0\0\24\f\0\0\0\0\0\0\0\0\1\0\0\0\0\0", 56) = 56
31461 lseek(3, 176, SEEK_SET)           = 176
31461 read(3, "\2\0\0\0\6\0\0\0(\370\5\0\0\0\0\0(\370\6\0\0\0\0\0(\370\6\0\0\0\0\0 \2\0\0\0\0\0\0 \2\0\0\0\0\0\0\10\0\0\0\0\0\0\0", 56) = 56
31461 lseek(3, 232, SEEK_SET)           = 232
31461 read(3, "\4\0\0\0\4\0\0\0\0\2\0\0\0\0\0\0\0\2\0\0\0\0\0\0\0\2\0\0\0\0\0\0$\0\0\0\0\0\0\0$\0\0\0\0\0\0\0\4\0\0\0\0\0\0\0", 56) = 56
31461 lseek(3, 288, SEEK_SET)           = 288
31461 read(3, "\7\0\0\0\4\0\0\0\374\363\5\0\0\0\0\0\374\363\6\0\0\0\0\0\374\363\6\0\0\0\0\0\f\0\0\0\0\0\0\0\f\0\0\0\0\0\0\0\4\0\0\0\0\0\0\0", 56) = 56
31461 lseek(3, 344, SEEK_SET)           = 344
31461 read(3, "P\345td\4\0\0\0\0\224\4\0\0\0\0\0\0\224\4\0\0\0\0\0\0\224\4\0\0\0\0\0|\16\0\0\0\0\0\0|\16\0\0\0\0\0\0\4\0\0\0\0\0\0\0", 56) = 56
31461 lseek(3, 400, SEEK_SET)           = 400
31461 read(3, "Q\345td\6\0\0\0\0\0\0\0\0\0\0\0\0\0\0\0\0\0\0\0\0\0\0\0\0\0\0\0\0\0\0\0\0\0\0\0\0\0\0\0\0\0\0\0\20\0\0\0\0\0\0\0", 56) = 56
31461 lseek(3, 456, SEEK_SET)           = 456
31461 read(3, "R\345td\4\0\0\0\374\363\5\0\0\0\0\0\374\363\6\0\0\0\0\0\374\363\6\0\0\0\0\0\4\f\0\0\0\0\0\0\4\f\0\0\0\0\0\0\1\0\0\0\0\0\0\0", 56) = 56
31461 lseek(3, 64, SEEK_SET)            = 64
31461 read(3, "\1\0\0\0\5\0\0\0\0\0\0\0\0\0\0\0\0\0\0\0\0\0\0\0\0\0\0\0\0\0\0\0\370\0\5\0\0\0\0\0\370\0\5\0\0\0\0\0\0\0\1\0\0\0\0\0", 56) = 56
31461 lseek(3, 120, SEEK_SET)           = 120
31461 read(3, "\1\0\0\0\6\0\0\0\374\363\5\0\0\0\0\0\374\363\6\0\0\0\0\0\374\363\6\0\0\0\0\0\f\f\0\0\0\0\0\0\24\f\0\0\0\0\0\0\0\0\1\0\0\0\0\0", 56) = 56
31461 lseek(3, 176, SEEK_SET)           = 176
31461 read(3, "\2\0\0\0\6\0\0\0(\370\5\0\0\0\0\0(\370\6\0\0\0\0\0(\370\6\0\0\0\0\0 \2\0\0\0\0\0\0 \2\0\0\0\0\0\0\10\0\0\0\0\0\0\0", 56) = 56
31461 lseek(3, 232, SEEK_SET)           = 232
31461 read(3, "\4\0\0\0\4\0\0\0\0\2\0\0\0\0\0\0\0\2\0\0\0\0\0\0\0\2\0\0\0\0\0\0$\0\0\0\0\0\0\0$\0\0\0\0\0\0\0\4\0\0\0\0\0\0\0", 56) = 56
31461 lseek(3, 512, SEEK_SET)           = 512
31461 read(3, "\4\0\0\0\24\0\0\0\3\0\0\0", 12) = 12
31461 lseek(3, 528, SEEK_SET)           = 528
31461 read(3, "\324\361\247\"u\f\6\211\201\3356\311\247\271\16\207\370\217\247\365", 20) = 20
31461 lseek(3, 393536, SEEK_SET)        = 393536
31461 read(3, "\0\0\0\0\0\0\0\0\0\0\0\0\0\0\0\0\0\0\0\0\0\0\0\0\0\0\0\0\0\0\0\0\0\0\0\0\0\0\0\0\0\0\0\0\0\0\0\0\0\0\0\0\0\0\0\0\0\0\0\0\0\0\0\0", 64) = 64
31461 lseek(3, 393600, SEEK_SET)        = 393600
31461 read(3, "\v\0\0\0\7\0\0\0\2\0\0\0\0\0\0\0\0\2\0\0\0\0\0\0\0\2\0\0\0\0\0\0$\0\0\0\0\0\0\0\0\0\0\0\0\0\0\0\4\0\0\0\0\0\0\0\0\0\0\0\0\0\0\0", 64) = 64
31461 lseek(3, 393664, SEEK_SET)        = 393664
31461 read(3, "\36\0\0\0\366\377\377o\2\0\0\0\0\0\0\0(\2\0\0\0\0\0\0(\2\0\0\0\0\0\0\f\4\0\0\0\0\0\0\3\0\0\0\0\0\0\0\10\0\0\0\0\0\0\0\0\0\0\0\0\0\0\0", 64) = 64
31461 lseek(3, 393728, SEEK_SET)        = 393728
31461 read(3, "(\0\0\0\v\0\0\0\2\0\0\0\0\0\0\08\6\0\0\0\0\0\08\6\0\0\0\0\0\0\350\16\0\0\0\0\0\0\4\0\0\0\3\0\0\0\10\0\0\0\0\0\0\0\30\0\0\0\0\0\0\0", 64) = 64
31461 lseek(3, 393792, SEEK_SET)        = 393792
31461 read(3, "0\0\0\0\3\0\0\0\2\0\0\0\0\0\0\0 \25\0\0\0\0\0\0 \25\0\0\0\0\0\0\321\n\0\0\0\0\0\0\0\0\0\0\0\0\0\0\1\0\0\0\0\0\0\0\0\0\0\0\0\0\0\0", 64) = 64
31461 lseek(3, 393856, SEEK_SET)        = 393856
31461 read(3, "8\0\0\0\377\377\377o\2\0\0\0\0\0\0\0\362\37\0\0\0\0\0\0\362\37\0\0\0\0\0\0>\1\0\0\0\0\0\0\3\0\0\0\0\0\0\0\2\0\0\0\0\0\0\0\2\0\0\0\0\0\0\0", 64) = 64
31461 lseek(3, 393920, SEEK_SET)        = 393920
31461 read(3, "E\0\0\0\375\377\377o\2\0\0\0\0\0\0\0000!\0\0\0\0\0\0000!\0\0\0\0\0\0T\0\0\0\0\0\0\0\4\0\0\0\3\0\0\0\10\0\0\0\0\0\0\0\0\0\0\0\0\0\0\0", 64) = 64
31461 lseek(3, 393984, SEEK_SET)        = 393984
31461 read(3, "T\0\0\0\376\377\377o\2\0\0\0\0\0\0\0\210!\0\0\0\0\0\0\210!\0\0\0\0\0\0@\0\0\0\0\0\0\0\4\0\0\0\2\0\0\0\10\0\0\0\0\0\0\0\0\0\0\0\0\0\0\0", 64) = 64
31461 lseek(3, 394048, SEEK_SET)        = 394048
31461 read(3, "c\0\0\0\4\0\0\0\2\0\0\0\0\0\0\0\310!\0\0\0\0\0\0\310!\0\0\0\0\0\0\240\24\0\0\0\0\0\0\3\0\0\0\0\0\0\0\10\0\0\0\0\0\0\0\30\0\0\0\0\0\0\0", 64) = 64
31461 lseek(3, 394112, SEEK_SET)        = 394112
31461 read(3, "m\0\0\0\4\0\0\0B\0\0\0\0\0\0\0h6\0\0\0\0\0\0h6\0\0\0\0\0\0p\10\0\0\0\0\0\0\3\0\0\0\26\0\0\0\10\0\0\0\0\0\0\0\30\0\0\0\0\0\0\0", 64) = 64
31461 lseek(3, 394176, SEEK_SET)        = 394176
31461 read(3, "w\0\0\0\1\0\0\0\6\0\0\0\0\0\0\0\330>\0\0\0\0\0\0\330>\0\0\0\0\0\0\30\0\0\0\0\0\0\0\0\0\0\0\0\0\0\0\4\0\0\0\0\0\0\0\0\0\0\0\0\0\0\0", 64) = 64
31461 lseek(3, 393395, SEEK_SET)        = 393395
31461 read(3, ".init\0.text\0.fini\0.rodata\0.eh_frame_hdr\0.eh_frame\0.tdata\0.init_array\0.fini_array\0.data.rel.ro\0.dynamic\0.got\0.data\0.bss\0.gnu_debuglink\0", 134) = 134
31461 lseek(3, 393395, SEEK_SET)        = 393395
31461 read(3, ".init\0", 6)             = 6
31461 lseek(3, 394240, SEEK_SET)        = 394240
31461 read(3, "r\0\0\0\1\0\0\0\6\0\0\0\0\0\0\0\360>\0\0\0\0\0\0\360>\0\0\0\0\0\0\260\5\0\0\0\0\0\0\0\0\0\0\0\0\0\0\20\0\0\0\0\0\0\0\0\0\0\0\0\0\0\0", 64) = 64
31461 lseek(3, 393390, SEEK_SET)        = 393390
31461 read(3, ".plt\0.init\0.text\0.fini\0.rodata\0.eh_frame_hdr\0.eh_frame\0.tdata\0.init_array\0.fini_array\0.data.rel.ro\0.dynamic\0.got\0.data\0.bss\0.gnu_debuglink\0", 139) = 139
31461 lseek(3, 393390, SEEK_SET)        = 393390
31461 read(3, ".plt\0", 5)              = 5
31461 lseek(3, 394304, SEEK_SET)        = 394304
31461 read(3, "}\0\0\0\1\0\0\0\6\0\0\0\0\0\0\0\240D\0\0\0\0\0\0\240D\0\0\0\0\0\0\204\33\4\0\0\0\0\0\0\0\0\0\0\0\0\0\20\0\0\0\0\0\0\0\0\0\0\0\0\0\0\0", 64) = 64
31461 lseek(3, 393401, SEEK_SET)        = 393401
31461 read(3, ".text\0.fini\0.rodata\0.eh_frame_hdr\0.eh_frame\0.tdata\0.init_array\0.fini_array\0.data.rel.ro\0.dynamic\0.got\0.data\0.bss\0.gnu_debuglink\0", 128) = 128
31461 lseek(3, 393401, SEEK_SET)        = 393401
31461 read(3, ".text\0", 6)             = 6
31461 lseek(3, 394368, SEEK_SET)        = 394368
31461 read(3, "\203\0\0\0\1\0\0\0\6\0\0\0\0\0\0\0$`\4\0\0\0\0\0$`\4\0\0\0\0\0\24\0\0\0\0\0\0\0\0\0\0\0\0\0\0\0\4\0\0\0\0\0\0\0\0\0\0\0\0\0\0\0", 64) = 64
31461 lseek(3, 393407, SEEK_SET)        = 393407
31461 read(3, ".fini\0.rodata\0.eh_frame_hdr\0.eh_frame\0.tdata\0.init_array\0.fini_array\0.data.rel.ro\0.dynamic\0.got\0.data\0.bss\0.gnu_debuglink\0", 122) = 122
31461 lseek(3, 393407, SEEK_SET)        = 393407
31461 read(3, ".fini\0", 6)             = 6
31461 lseek(3, 394432, SEEK_SET)        = 394432
31461 read(3, "\211\0\0\0\1\0\0\0\2\0\0\0\0\0\0\0@`\4\0\0\0\0\0@`\4\0\0\0\0\0\2763\0\0\0\0\0\0\0\0\0\0\0\0\0\0\20\0\0\0\0\0\0\0\0\0\0\0\0\0\0\0", 64) = 64
31461 lseek(3, 393413, SEEK_SET)        = 393413
31461 read(3, ".rodata\0.eh_frame_hdr\0.eh_frame\0.tdata\0.init_array\0.fini_array\0.data.rel.ro\0.dynamic\0.got\0.data\0.bss\0.gnu_debuglink\0", 116) = 116
31461 lseek(3, 393413, SEEK_SET)        = 393413
31461 read(3, ".rodata\0", 8)           = 8
31461 lseek(3, 394496, SEEK_SET)        = 394496
31461 read(3, "\221\0\0\0\1\0\0\0\2\0\0\0\0\0\0\0\0\224\4\0\0\0\0\0\0\224\4\0\0\0\0\0|\16\0\0\0\0\0\0\0\0\0\0\0\0\0\0\4\0\0\0\0\0\0\0\0\0\0\0\0\0\0\0", 64) = 64
31461 lseek(3, 393421, SEEK_SET)        = 393421
31461 read(3, ".eh_frame_hdr\0.eh_frame\0.tdata\0.init_array\0.fini_array\0.data.rel.ro\0.dynamic\0.got\0.data\0.bss\0.gnu_debuglink\0", 108) = 108
31461 lseek(3, 393421, SEEK_SET)        = 393421
31461 read(3, ".eh_frame_hdr\0", 14)    = 14
31461 lseek(3, 394560, SEEK_SET)        = 394560
31461 read(3, "\237\0\0\0\1\0\0\0\2\0\0\0\0\0\0\0\200\242\4\0\0\0\0\0\200\242\4\0\0\0\0\0x^\0\0\0\0\0\0\0\0\0\0\0\0\0\0\10\0\0\0\0\0\0\0\0\0\0\0\0\0\0\0", 64) = 64
31461 lseek(3, 393435, SEEK_SET)        = 393435
31461 read(3, ".eh_frame\0.tdata\0.init_array\0.fini_array\0.data.rel.ro\0.dynamic\0.got\0.data\0.bss\0.gnu_debuglink\0", 94) = 94
31461 lseek(3, 393435, SEEK_SET)        = 393435
31461 read(3, ".eh_frame\0", 10)        = 10
31461 lseek(3, 394624, SEEK_SET)        = 394624
31461 read(3, "\251\0\0\0\1\0\0\0\3\4\0\0\0\0\0\0\374\363\6\0\0\0\0\0\374\363\5\0\0\0\0\0\f\0\0\0\0\0\0\0\0\0\0\0\0\0\0\0\4\0\0\0\0\0\0\0\0\0\0\0\0\0\0\0", 64) = 64
31461 lseek(3, 393445, SEEK_SET)        = 393445
31461 read(3, ".tdata\0.init_array\0.fini_array\0.data.rel.ro\0.dynamic\0.got\0.data\0.bss\0.gnu_debuglink\0", 84) = 84
31461 lseek(3, 393445, SEEK_SET)        = 393445
31461 read(3, ".tdata\0", 7)            = 7
31461 lseek(3, 394688, SEEK_SET)        = 394688
31461 read(3, "\260\0\0\0\16\0\0\0\3\0\0\0\0\0\0\0\10\364\6\0\0\0\0\0\10\364\5\0\0\0\0\0\10\0\0\0\0\0\0\0\0\0\0\0\0\0\0\0\10\0\0\0\0\0\0\0\10\0\0\0\0\0\0\0", 64) = 64
31461 lseek(3, 394752, SEEK_SET)        = 394752
31461 read(3, "\274\0\0\0\17\0\0\0\3\0\0\0\0\0\0\0\20\364\6\0\0\0\0\0\20\364\5\0\0\0\0\0\10\0\0\0\0\0\0\0\0\0\0\0\0\0\0\0\10\0\0\0\0\0\0\0\10\0\0\0\0\0\0\0", 64) = 64
31461 lseek(3, 394816, SEEK_SET)        = 394816
31461 read(3, "\310\0\0\0\1\0\0\0\3\0\0\0\0\0\0\0\30\364\6\0\0\0\0\0\30\364\5\0\0\0\0\0\20\4\0\0\0\0\0\0\0\0\0\0\0\0\0\0\10\0\0\0\0\0\0\0\0\0\0\0\0\0\0\0", 64) = 64
31461 lseek(3, 393476, SEEK_SET)        = 393476
31461 read(3, ".data.rel.ro\0.dynamic\0.got\0.data\0.bss\0.gnu_debuglink\0", 53) = 53
31461 lseek(3, 393476, SEEK_SET)        = 393476
31461 read(3, ".data.rel.ro\0", 13)     = 13
31461 lseek(3, 394880, SEEK_SET)        = 394880
31461 read(3, "\325\0\0\0\6\0\0\0\3\0\0\0\0\0\0\0(\370\6\0\0\0\0\0(\370\5\0\0\0\0\0 \2\0\0\0\0\0\0\4\0\0\0\0\0\0\0\10\0\0\0\0\0\0\0\20\0\0\0\0\0\0\0", 64) = 64
31461 lseek(3, 394944, SEEK_SET)        = 394944
31461 read(3, "\336\0\0\0\1\0\0\0\3\0\0\0\0\0\0\0H\372\6\0\0\0\0\0H\372\5\0\0\0\0\0\270\5\0\0\0\0\0\0\0\0\0\0\0\0\0\0\10\0\0\0\0\0\0\0\10\0\0\0\0\0\0\0", 64) = 64
31461 lseek(3, 393498, SEEK_SET)        = 393498
31461 read(3, ".got\0.data\0.bss\0.gnu_debuglink\0", 31) = 31
31461 lseek(3, 393498, SEEK_SET)        = 393498
31461 read(3, ".got\0", 5)              = 5
31461 lseek(3, 395008, SEEK_SET)        = 395008
31461 read(3, "\343\0\0\0\1\0\0\0\3\0\0\0\0\0\0\0\0\0\7\0\0\0\0\0\0\0\6\0\0\0\0\0\10\0\0\0\0\0\0\0\0\0\0\0\0\0\0\0\10\0\0\0\0\0\0\0\0\0\0\0\0\0\0\0", 64) = 64
31461 lseek(3, 393503, SEEK_SET)        = 393503
31461 read(3, ".data\0.bss\0.gnu_debuglink\0", 26) = 26
31461 lseek(3, 393503, SEEK_SET)        = 393503
31461 read(3, ".data\0", 6)             = 6
31461 lseek(3, 395072, SEEK_SET)        = 395072
31461 read(3, "\351\0\0\0\10\0\0\0\3\0\0\0\0\0\0\0\10\0\7\0\0\0\0\0\10\0\6\0\0\0\0\0\10\0\0\0\0\0\0\0\0\0\0\0\0\0\0\0\1\0\0\0\0\0\0\0\0\0\0\0\0\0\0\0", 64) = 64
31461 lseek(3, 395136, SEEK_SET)        = 395136
31461 read(3, "\356\0\0\0\1\0\0\0\0\0\0\0\0\0\0\0\0\0\0\0\0\0\0\0\10\0\6\0\0\0\0\0004\0\0\0\0\0\0\0\0\0\0\0\0\0\0\0\4\0\0\0\0\0\0\0\0\0\0\0\0\0\0\0", 64) = 64
31461 lseek(3, 393514, SEEK_SET)        = 393514
31461 read(3, ".gnu_debuglink\0", 15)   = 15
31461 lseek(3, 393514, SEEK_SET)        = 393514
31461 read(3, ".gnu_debuglink\0", 15)   = 15
31461 lseek(3, 393224, SEEK_SET)        = 393224
31461 read(3, "f1a722750c068981dd36c9a7b90e87f88fa7f5.debug\0\0\0\0", 48) = 48
31461 read(3, "\27\270#\327", 4)        = 4
31461 rt_sigprocmask(SIG_SETMASK, ~[RTMIN RT_1], [], 8) = 0
31461 rt_sigprocmask(SIG_SETMASK, [], NULL, 8) = 0
31461 close(3)                          = 0
31461 rt_sigprocmask(SIG_SETMASK, ~[RTMIN RT_1], [], 8) = 0
31461 rt_sigprocmask(SIG_SETMASK, [], NULL, 8) = 0
31461 readlinkat(AT_FDCWD, "/lib", "usr/lib", 1023) = 7
31461 readlinkat(AT_FDCWD, "/usr", 0x7fc472b6c0, 1023) = -1 EINVAL (Invalid argument)
31461 readlinkat(AT_FDCWD, "/usr/lib", 0x7fc472b6c0, 1023) = -1 EINVAL (Invalid argument)
31461 readlinkat(AT_FDCWD, "/usr/lib/aarch64-linux-gnu", 0x7fc472b6c0, 1023) = -1 EINVAL (Invalid argument)
31461 readlinkat(AT_FDCWD, "/usr/lib/aarch64-linux-gnu/libp11-kit.so.0", "libp11-kit.so.0.3.0", 1023) = 19
31461 readlinkat(AT_FDCWD, "/usr/lib/aarch64-linux-gnu/libp11-kit.so.0.3.0", 0x7fc472b6c0, 1023) = -1 EINVAL (Invalid argument)
31461 rt_sigprocmask(SIG_SETMASK, ~[RTMIN RT_1], [], 8) = 0
31461 rt_sigprocmask(SIG_SETMASK, [], NULL, 8) = 0
31461 openat(AT_FDCWD, "/usr/lib/aarch64-linux-gnu/libp11-kit.so.0.3.0", O_RDONLY|O_CLOEXEC) = 3
31461 rt_sigprocmask(SIG_SETMASK, ~[RTMIN RT_1], [], 8) = 0
31461 rt_sigprocmask(SIG_SETMASK, [], NULL, 8) = 0
31461 read(3, "\177ELF\2\1\1\0\0\0\0\0\0\0\0\0", 16) = 16
31461 lseek(3, 0, SEEK_SET)             = 0
31461 read(3, "\177ELF\2\1\1\0\0\0\0\0\0\0\0\0\3\0\267\0\1\0\0\0\0\0\0\0\0\0\0\0@\0\0\0\0\0\0\0\240\227\24\0\0\0\0\0\0\0\0\0@\08\0\10\0@\0\33\0\32\0", 64) = 64
31461 lseek(3, 1351200, SEEK_SET)       = 1351200
31461 read(3, "\1\0\0\0\3\0\0\0\0\0\0\0\0\0\0\0\0\0\0\0\0\0\0\0\244\226\24\0\0\0\0\0\374\0\0\0\0\0\0\0\0\0\0\0\0\0\0\0\1\0\0\0\0\0\0\0\0\0\0\0\0\0\0\0", 64) = 64
31461 lseek(3, 64, SEEK_SET)            = 64
31461 read(3, "\1\0\0\0\5\0\0\0\0\0\0\0\0\0\0\0\0\0\0\0\0\0\0\0\0\0\0\0\0\0\0\0\320a\22\0\0\0\0\0\320a\22\0\0\0\0\0\0\0\1\0\0\0\0\0", 56) = 56
31461 lseek(3, 120, SEEK_SET)           = 120
31461 read(3, "\1\0\0\0\6\0\0\0\20]\23\0\0\0\0\0\20]\23\0\0\0\0\0\20]\23\0\0\0\0\0`9\1\0\0\0\0\0\330>\1\0\0\0\0\0\0\0\1\0\0\0\0\0", 56) = 56
31461 lseek(3, 176, SEEK_SET)           = 176
31461 read(3, "\2\0\0\0\6\0\0\0\210\367\23\0\0\0\0\0\210\367\23\0\0\0\0\0\210\367\23\0\0\0\0\0000\2\0\0\0\0\0\0000\2\0\0\0\0\0\0\10\0\0\0\0\0\0\0", 56) = 56
31461 lseek(3, 232, SEEK_SET)           = 232
31461 read(3, "\4\0\0\0\4\0\0\0\0\2\0\0\0\0\0\0\0\2\0\0\0\0\0\0\0\2\0\0\0\0\0\0$\0\0\0\0\0\0\0$\0\0\0\0\0\0\0\4\0\0\0\0\0\0\0", 56) = 56
31461 lseek(3, 288, SEEK_SET)           = 288
31461 read(3, "\7\0\0\0\4\0\0\0\20]\23\0\0\0\0\0\20]\23\0\0\0\0\0\20]\23\0\0\0\0\0\0\0\0\0\0\0\0\0\20\2\0\0\0\0\0\0\20\0\0\0\0\0\0\0", 56) = 56
31461 lseek(3, 344, SEEK_SET)           = 344
31461 read(3, "P\345td\4\0\0\0X\0\17\0\0\0\0\0X\0\17\0\0\0\0\0X\0\17\0\0\0\0\0\304\236\0\0\0\0\0\0\304\236\0\0\0\0\0\0\4\0\0\0\0\0\0\0", 56) = 56
31461 lseek(3, 400, SEEK_SET)           = 400
31461 read(3, "Q\345td\6\0\0\0\0\0\0\0\0\0\0\0\0\0\0\0\0\0\0\0\0\0\0\0\0\0\0\0\0\0\0\0\0\0\0\0\0\0\0\0\0\0\0\0\20\0\0\0\0\0\0\0", 56) = 56
31461 lseek(3, 456, SEEK_SET)           = 456
31461 read(3, "R\345td\4\0\0\0\20]\23\0\0\0\0\0\20]\23\0\0\0\0\0\20]\23\0\0\0\0\0\360\242\0\0\0\0\0\0\360\242\0\0\0\0\0\0\1\0\0\0\0\0\0\0", 56) = 56
31461 lseek(3, 64, SEEK_SET)            = 64
31461 read(3, "\1\0\0\0\5\0\0\0\0\0\0\0\0\0\0\0\0\0\0\0\0\0\0\0\0\0\0\0\0\0\0\0\320a\22\0\0\0\0\0\320a\22\0\0\0\0\0\0\0\1\0\0\0\0\0", 56) = 56
31461 lseek(3, 120, SEEK_SET)           = 120
31461 read(3, "\1\0\0\0\6\0\0\0\20]\23\0\0\0\0\0\20]\23\0\0\0\0\0\20]\23\0\0\0\0\0`9\1\0\0\0\0\0\330>\1\0\0\0\0\0\0\0\1\0\0\0\0\0", 56) = 56
31461 lseek(3, 176, SEEK_SET)           = 176
31461 read(3, "\2\0\0\0\6\0\0\0\210\367\23\0\0\0\0\0\210\367\23\0\0\0\0\0\210\367\23\0\0\0\0\0000\2\0\0\0\0\0\0000\2\0\0\0\0\0\0\10\0\0\0\0\0\0\0", 56) = 56
31461 lseek(3, 232, SEEK_SET)           = 232
31461 read(3, "\4\0\0\0\4\0\0\0\0\2\0\0\0\0\0\0\0\2\0\0\0\0\0\0\0\2\0\0\0\0\0\0$\0\0\0\0\0\0\0$\0\0\0\0\0\0\0\4\0\0\0\0\0\0\0", 56) = 56
31461 lseek(3, 512, SEEK_SET)           = 512
31461 read(3, "\4\0\0\0\24\0\0\0\3\0\0\0", 12) = 12
31461 lseek(3, 528, SEEK_SET)           = 528
31461 read(3, "\203t\275\347\243H\242\311\377\370\211E\27\267\236\212\2061\350\t", 20) = 20
31461 lseek(3, 1349536, SEEK_SET)       = 1349536
31461 read(3, "\0\0\0\0\0\0\0\0\0\0\0\0\0\0\0\0\0\0\0\0\0\0\0\0\0\0\0\0\0\0\0\0\0\0\0\0\0\0\0\0\0\0\0\0\0\0\0\0\0\0\0\0\0\0\0\0\0\0\0\0\0\0\0\0", 64) = 64
31461 lseek(3, 1349600, SEEK_SET)       = 1349600
31461 read(3, "\v\0\0\0\7\0\0\0\2\0\0\0\0\0\0\0\0\2\0\0\0\0\0\0\0\2\0\0\0\0\0\0$\0\0\0\0\0\0\0\0\0\0\0\0\0\0\0\4\0\0\0\0\0\0\0\0\0\0\0\0\0\0\0", 64) = 64
31461 lseek(3, 1349664, SEEK_SET)       = 1349664
31461 read(3, "\36\0\0\0\366\377\377o\2\0\0\0\0\0\0\0(\2\0\0\0\0\0\0(\2\0\0\0\0\0\0\250\3\0\0\0\0\0\0\3\0\0\0\0\0\0\0\10\0\0\0\0\0\0\0\0\0\0\0\0\0\0\0", 64) = 64
31461 lseek(3, 1349728, SEEK_SET)       = 1349728
31461 read(3, "(\0\0\0\v\0\0\0\2\0\0\0\0\0\0\0\320\5\0\0\0\0\0\0\320\5\0\0\0\0\0\0\310\23\0\0\0\0\0\0\4\0\0\0\3\0\0\0\10\0\0\0\0\0\0\0\30\0\0\0\0\0\0\0", 64) = 64
31461 lseek(3, 1349792, SEEK_SET)       = 1349792
31461 read(3, "0\0\0\0\3\0\0\0\2\0\0\0\0\0\0\0\230\31\0\0\0\0\0\0\230\31\0\0\0\0\0\0\275\16\0\0\0\0\0\0\0\0\0\0\0\0\0\0\1\0\0\0\0\0\0\0\0\0\0\0\0\0\0\0", 64) = 64
31461 lseek(3, 1349856, SEEK_SET)       = 1349856
31461 read(3, "8\0\0\0\377\377\377o\2\0\0\0\0\0\0\0V(\0\0\0\0\0\0V(\0\0\0\0\0\0\246\1\0\0\0\0\0\0\3\0\0\0\0\0\0\0\2\0\0\0\0\0\0\0\2\0\0\0\0\0\0\0", 64) = 64
31461 lseek(3, 1349920, SEEK_SET)       = 1349920
31461 read(3, "E\0\0\0\375\377\377o\2\0\0\0\0\0\0\0\0*\0\0\0\0\0\0\0*\0\0\0\0\0\08\0\0\0\0\0\0\0\4\0\0\0\2\0\0\0\10\0\0\0\0\0\0\0\0\0\0\0\0\0\0\0", 64) = 64
31461 lseek(3, 1349984, SEEK_SET)       = 1349984
31461 read(3, "T\0\0\0\376\377\377o\2\0\0\0\0\0\0\08*\0\0\0\0\0\08*\0\0\0\0\0\0\240\0\0\0\0\0\0\0\4\0\0\0\3\0\0\0\10\0\0\0\0\0\0\0\0\0\0\0\0\0\0\0", 64) = 64
31461 lseek(3, 1350048, SEEK_SET)       = 1350048
31461 read(3, "c\0\0\0\4\0\0\0\2\0\0\0\0\0\0\0\330*\0\0\0\0\0\0\330*\0\0\0\0\0\0\350x\2\0\0\0\0\0\3\0\0\0\0\0\0\0\10\0\0\0\0\0\0\0\30\0\0\0\0\0\0\0", 64) = 64
31461 lseek(3, 1350112, SEEK_SET)       = 1350112
31461 read(3, "m\0\0\0\4\0\0\0B\0\0\0\0\0\0\0\300\243\2\0\0\0\0\0\300\243\2\0\0\0\0\0\330\f\0\0\0\0\0\0\3\0\0\0\26\0\0\0\10\0\0\0\0\0\0\0\30\0\0\0\0\0\0\0", 64) = 64
31461 lseek(3, 1350176, SEEK_SET)       = 1350176
31461 read(3, "w\0\0\0\1\0\0\0\6\0\0\0\0\0\0\0\230\260\2\0\0\0\0\0\230\260\2\0\0\0\0\0\30\0\0\0\0\0\0\0\0\0\0\0\0\0\0\0\4\0\0\0\0\0\0\0\0\0\0\0\0\0\0\0", 64) = 64
31461 lseek(3, 1349403, SEEK_SET)       = 1349403
31461 read(3, ".init\0.text\0.fini\0.rodata\0.eh_frame_hdr\0.eh_frame\0.tbss\0.init_array\0.fini_array\0.data.rel.ro\0.dynamic\0.got\0.data\0.bss\0.gnu_debuglink\0", 133) = 133
31461 lseek(3, 1349403, SEEK_SET)       = 1349403
31461 read(3, ".init\0", 6)             = 6
31461 lseek(3, 1350240, SEEK_SET)       = 1350240
31461 read(3, "r\0\0\0\1\0\0\0\6\0\0\0\0\0\0\0\260\260\2\0\0\0\0\0\260\260\2\0\0\0\0\0\240\10\0\0\0\0\0\0\0\0\0\0\0\0\0\0\20\0\0\0\0\0\0\0\0\0\0\0\0\0\0\0", 64) = 64
31461 lseek(3, 1349398, SEEK_SET)       = 1349398
31461 read(3, ".plt\0.init\0.text\0.fini\0.rodata\0.eh_frame_hdr\0.eh_frame\0.tbss\0.init_array\0.fini_array\0.data.rel.ro\0.dynamic\0.got\0.data\0.bss\0.gnu_debuglink\0", 138) = 138
31461 lseek(3, 1349398, SEEK_SET)       = 1349398
31461 read(3, ".plt\0", 5)              = 5
31461 lseek(3, 1350304, SEEK_SET)       = 1350304
31461 read(3, "}\0\0\0\1\0\0\0\6\0\0\0\0\0\0\0P\271\2\0\0\0\0\0P\271\2\0\0\0\0\0\354\276\t\0\0\0\0\0\0\0\0\0\0\0\0\0\20\0\0\0\0\0\0\0\0\0\0\0\0\0\0\0", 64) = 64
31461 lseek(3, 1349409, SEEK_SET)       = 1349409
31461 read(3, ".text\0.fini\0.rodata\0.eh_frame_hdr\0.eh_frame\0.tbss\0.init_array\0.fini_array\0.data.rel.ro\0.dynamic\0.got\0.data\0.bss\0.gnu_debuglink\0", 127) = 127
31461 lseek(3, 1349409, SEEK_SET)       = 1349409
31461 read(3, ".text\0", 6)             = 6
31461 lseek(3, 1350368, SEEK_SET)       = 1350368
31461 read(3, "\203\0\0\0\1\0\0\0\6\0\0\0\0\0\0\0<x\f\0\0\0\0\0<x\f\0\0\0\0\0\24\0\0\0\0\0\0\0\0\0\0\0\0\0\0\0\4\0\0\0\0\0\0\0\0\0\0\0\0\0\0\0", 64) = 64
31461 lseek(3, 1349415, SEEK_SET)       = 1349415
31461 read(3, ".fini\0.rodata\0.eh_frame_hdr\0.eh_frame\0.tbss\0.init_array\0.fini_array\0.data.rel.ro\0.dynamic\0.got\0.data\0.bss\0.gnu_debuglink\0", 121) = 121
31461 lseek(3, 1349415, SEEK_SET)       = 1349415
31461 read(3, ".fini\0", 6)             = 6
31461 lseek(3, 1350432, SEEK_SET)       = 1350432
31461 read(3, "\211\0\0\0\1\0\0\0\2\0\0\0\0\0\0\0Px\f\0\0\0\0\0Px\f\0\0\0\0\0\6\210\2\0\0\0\0\0\0\0\0\0\0\0\0\0\20\0\0\0\0\0\0\0\0\0\0\0\0\0\0\0", 64) = 64
31461 lseek(3, 1349421, SEEK_SET)       = 1349421
31461 read(3, ".rodata\0.eh_frame_hdr\0.eh_frame\0.tbss\0.init_array\0.fini_array\0.data.rel.ro\0.dynamic\0.got\0.data\0.bss\0.gnu_debuglink\0", 115) = 115
31461 lseek(3, 1349421, SEEK_SET)       = 1349421
31461 read(3, ".rodata\0", 8)           = 8
31461 lseek(3, 1350496, SEEK_SET)       = 1350496
31461 read(3, "\221\0\0\0\1\0\0\0\2\0\0\0\0\0\0\0X\0\17\0\0\0\0\0X\0\17\0\0\0\0\0\304\236\0\0\0\0\0\0\0\0\0\0\0\0\0\0\4\0\0\0\0\0\0\0\0\0\0\0\0\0\0\0", 64) = 64
31461 lseek(3, 1349429, SEEK_SET)       = 1349429
31461 read(3, ".eh_frame_hdr\0.eh_frame\0.tbss\0.init_array\0.fini_array\0.data.rel.ro\0.dynamic\0.got\0.data\0.bss\0.gnu_debuglink\0", 107) = 107
31461 lseek(3, 1349429, SEEK_SET)       = 1349429
31461 read(3, ".eh_frame_hdr\0", 14)    = 14
31461 lseek(3, 1350560, SEEK_SET)       = 1350560
31461 read(3, "\237\0\0\0\1\0\0\0\2\0\0\0\0\0\0\0 \237\17\0\0\0\0\0 \237\17\0\0\0\0\0\260\302\2\0\0\0\0\0\0\0\0\0\0\0\0\0\10\0\0\0\0\0\0\0\0\0\0\0\0\0\0\0", 64) = 64
31461 lseek(3, 1349443, SEEK_SET)       = 1349443
31461 read(3, ".eh_frame\0.tbss\0.init_array\0.fini_array\0.data.rel.ro\0.dynamic\0.got\0.data\0.bss\0.gnu_debuglink\0", 93) = 93
31461 lseek(3, 1349443, SEEK_SET)       = 1349443
31461 read(3, ".eh_frame\0", 10)        = 10
31461 lseek(3, 1350624, SEEK_SET)       = 1350624
31461 read(3, "\251\0\0\0\10\0\0\0\3\4\0\0\0\0\0\0\20]\23\0\0\0\0\0\20]\23\0\0\0\0\0\20\2\0\0\0\0\0\0\0\0\0\0\0\0\0\0\20\0\0\0\0\0\0\0\0\0\0\0\0\0\0\0", 64) = 64
31461 lseek(3, 1350688, SEEK_SET)       = 1350688
31461 read(3, "\257\0\0\0\16\0\0\0\3\0\0\0\0\0\0\0\20]\23\0\0\0\0\0\20]\23\0\0\0\0\0\20\0\0\0\0\0\0\0\0\0\0\0\0\0\0\0\10\0\0\0\0\0\0\0\10\0\0\0\0\0\0\0", 64) = 64
31461 lseek(3, 1350752, SEEK_SET)       = 1350752
31461 read(3, "\273\0\0\0\17\0\0\0\3\0\0\0\0\0\0\0 ]\23\0\0\0\0\0 ]\23\0\0\0\0\0\20\0\0\0\0\0\0\0\0\0\0\0\0\0\0\0\10\0\0\0\0\0\0\0\10\0\0\0\0\0\0\0", 64) = 64
31461 lseek(3, 1350816, SEEK_SET)       = 1350816
31461 read(3, "\307\0\0\0\1\0\0\0\3\0\0\0\0\0\0\0000]\23\0\0\0\0\0000]\23\0\0\0\0\0X\232\0\0\0\0\0\0\0\0\0\0\0\0\0\0\20\0\0\0\0\0\0\0\0\0\0\0\0\0\0\0", 64) = 64
31461 lseek(3, 1349483, SEEK_SET)       = 1349483
31461 read(3, ".data.rel.ro\0.dynamic\0.got\0.data\0.bss\0.gnu_debuglink\0", 53) = 53
31461 lseek(3, 1349483, SEEK_SET)       = 1349483
31461 read(3, ".data.rel.ro\0", 13)     = 13
31461 lseek(3, 1350880, SEEK_SET)       = 1350880
31461 read(3, "\324\0\0\0\6\0\0\0\3\0\0\0\0\0\0\0\210\367\23\0\0\0\0\0\210\367\23\0\0\0\0\0000\2\0\0\0\0\0\0\4\0\0\0\0\0\0\0\10\0\0\0\0\0\0\0\20\0\0\0\0\0\0\0", 64) = 64
31461 lseek(3, 1350944, SEEK_SET)       = 1350944
31461 read(3, "\335\0\0\0\1\0\0\0\3\0\0\0\0\0\0\0\270\371\23\0\0\0\0\0\270\371\23\0\0\0\0\0H\6\0\0\0\0\0\0\0\0\0\0\0\0\0\0\10\0\0\0\0\0\0\0\10\0\0\0\0\0\0\0", 64) = 64
31461 lseek(3, 1349505, SEEK_SET)       = 1349505
31461 read(3, ".got\0.data\0.bss\0.gnu_debuglink\0", 31) = 31
31461 lseek(3, 1349505, SEEK_SET)       = 1349505
31461 read(3, ".got\0", 5)              = 5
31461 lseek(3, 1351008, SEEK_SET)       = 1351008
31461 read(3, "\342\0\0\0\1\0\0\0\3\0\0\0\0\0\0\0\0\0\24\0\0\0\0\0\0\0\24\0\0\0\0\0p\226\0\0\0\0\0\0\0\0\0\0\0\0\0\0\20\0\0\0\0\0\0\0\0\0\0\0\0\0\0\0", 64) = 64
31461 lseek(3, 1349510, SEEK_SET)       = 1349510
31461 read(3, ".data\0.bss\0.gnu_debuglink\0", 26) = 26
31461 lseek(3, 1349510, SEEK_SET)       = 1349510
31461 read(3, ".data\0", 6)             = 6
31461 lseek(3, 1351072, SEEK_SET)       = 1351072
31461 read(3, "\350\0\0\0\10\0\0\0\3\0\0\0\0\0\0\0p\226\24\0\0\0\0\0p\226\24\0\0\0\0\0x\5\0\0\0\0\0\0\0\0\0\0\0\0\0\0\20\0\0\0\0\0\0\0\0\0\0\0\0\0\0\0", 64) = 64
31461 lseek(3, 1351136, SEEK_SET)       = 1351136
31461 read(3, "\355\0\0\0\1\0\0\0\0\0\0\0\0\0\0\0\0\0\0\0\0\0\0\0p\226\24\0\0\0\0\0004\0\0\0\0\0\0\0\0\0\0\0\0\0\0\0\4\0\0\0\0\0\0\0\0\0\0\0\0\0\0\0", 64) = 64
31461 lseek(3, 1349521, SEEK_SET)       = 1349521
31461 read(3, ".gnu_debuglink\0", 15)   = 15
31461 lseek(3, 1349521, SEEK_SET)       = 1349521
31461 read(3, ".gnu_debuglink\0", 15)   = 15
31461 lseek(3, 1349232, SEEK_SET)       = 1349232
31461 read(3, "74bde7a348a2c9fff8894517b79e8a8631e809.debug\0\0\0\0", 48) = 48
31461 read(3, "\250\25\246\365", 4)     = 4
31461 rt_sigprocmask(SIG_SETMASK, ~[RTMIN RT_1], [], 8) = 0
31461 rt_sigprocmask(SIG_SETMASK, [], NULL, 8) = 0
31461 close(3)                          = 0
31461 rt_sigprocmask(SIG_SETMASK, ~[RTMIN RT_1], [], 8) = 0
31461 rt_sigprocmask(SIG_SETMASK, [], NULL, 8) = 0
31461 readlinkat(AT_FDCWD, "/lib", "usr/lib", 1023) = 7
31461 readlinkat(AT_FDCWD, "/usr", 0x7fc472b6c0, 1023) = -1 EINVAL (Invalid argument)
31461 readlinkat(AT_FDCWD, "/usr/lib", 0x7fc472b6c0, 1023) = -1 EINVAL (Invalid argument)
31461 readlinkat(AT_FDCWD, "/usr/lib/aarch64-linux-gnu", 0x7fc472b6c0, 1023) = -1 EINVAL (Invalid argument)
31461 readlinkat(AT_FDCWD, "/usr/lib/aarch64-linux-gnu/libidn2.so.0", "libidn2.so.0.3.8", 1023) = 16
31461 readlinkat(AT_FDCWD, "/usr/lib/aarch64-linux-gnu/libidn2.so.0.3.8", 0x7fc472b6c0, 1023) = -1 EINVAL (Invalid argument)
31461 rt_sigprocmask(SIG_SETMASK, ~[RTMIN RT_1], [], 8) = 0
31461 rt_sigprocmask(SIG_SETMASK, [], NULL, 8) = 0
31461 openat(AT_FDCWD, "/usr/lib/aarch64-linux-gnu/libidn2.so.0.3.8", O_RDONLY|O_CLOEXEC) = 3
31461 rt_sigprocmask(SIG_SETMASK, ~[RTMIN RT_1], [], 8) = 0
31461 rt_sigprocmask(SIG_SETMASK, [], NULL, 8) = 0
31461 read(3, "\177ELF\2\1\1\0\0\0\0\0\0\0\0\0", 16) = 16
31461 lseek(3, 0, SEEK_SET)             = 0
31461 read(3, "\177ELF\2\1\1\0\0\0\0\0\0\0\0\0\3\0\267\0\1\0\0\0\0\0\0\0\0\0\0\0@\0\0\0\0\0\0\0\210\1\3\0\0\0\0\0\0\0\0\0@\08\0\7\0@\0\32\0\31\0", 64) = 64
31461 lseek(3, 198600, SEEK_SET)        = 198600
31461 read(3, "\1\0\0\0\3\0\0\0\0\0\0\0\0\0\0\0\0\0\0\0\0\0\0\0\214\0\3\0\0\0\0\0\366\0\0\0\0\0\0\0\0\0\0\0\0\0\0\0\1\0\0\0\0\0\0\0\0\0\0\0\0\0\0\0", 64) = 64
31461 lseek(3, 64, SEEK_SET)            = 64
31461 read(3, "\1\0\0\0\5\0\0\0\0\0\0\0\0\0\0\0\0\0\0\0\0\0\0\0\0\0\0\0\0\0\0\0\320\334\2\0\0\0\0\0\320\334\2\0\0\0\0\0\0\0\1\0\0\0\0\0", 56) = 56
31461 lseek(3, 120, SEEK_SET)           = 120
31461 read(3, "\1\0\0\0\6\0\0\0\0\373\2\0\0\0\0\0\0\373\3\0\0\0\0\0\0\373\3\0\0\0\0\0X\5\0\0\0\0\0\0h\5\0\0\0\0\0\0\0\0\1\0\0\0\0\0", 56) = 56
31461 lseek(3, 176, SEEK_SET)           = 176
31461 read(3, "\2\0\0\0\6\0\0\0h\373\2\0\0\0\0\0h\373\3\0\0\0\0\0h\373\3\0\0\0\0\0000\2\0\0\0\0\0\0000\2\0\0\0\0\0\0\10\0\0\0\0\0\0\0", 56) = 56
31461 lseek(3, 232, SEEK_SET)           = 232
31461 read(3, "\4\0\0\0\4\0\0\0\310\1\0\0\0\0\0\0\310\1\0\0\0\0\0\0\310\1\0\0\0\0\0\0$\0\0\0\0\0\0\0$\0\0\0\0\0\0\0\4\0\0\0\0\0\0\0", 56) = 56
31461 lseek(3, 288, SEEK_SET)           = 288
31461 read(3, "P\345td\4\0\0\0\30\306\2\0\0\0\0\0\30\306\2\0\0\0\0\0\30\306\2\0\0\0\0\0,\3\0\0\0\0\0\0,\3\0\0\0\0\0\0\4\0\0\0\0\0\0\0", 56) = 56
31461 lseek(3, 344, SEEK_SET)           = 344
31461 read(3, "Q\345td\6\0\0\0\0\0\0\0\0\0\0\0\0\0\0\0\0\0\0\0\0\0\0\0\0\0\0\0\0\0\0\0\0\0\0\0\0\0\0\0\0\0\0\0\20\0\0\0\0\0\0\0", 56) = 56
31461 lseek(3, 400, SEEK_SET)           = 400
31461 read(3, "R\345td\4\0\0\0\0\373\2\0\0\0\0\0\0\373\3\0\0\0\0\0\0\373\3\0\0\0\0\0\0\5\0\0\0\0\0\0\0\5\0\0\0\0\0\0\1\0\0\0\0\0\0\0", 56) = 56
31461 lseek(3, 64, SEEK_SET)            = 64
31461 read(3, "\1\0\0\0\5\0\0\0\0\0\0\0\0\0\0\0\0\0\0\0\0\0\0\0\0\0\0\0\0\0\0\0\320\334\2\0\0\0\0\0\320\334\2\0\0\0\0\0\0\0\1\0\0\0\0\0", 56) = 56
31461 lseek(3, 120, SEEK_SET)           = 120
31461 read(3, "\1\0\0\0\6\0\0\0\0\373\2\0\0\0\0\0\0\373\3\0\0\0\0\0\0\373\3\0\0\0\0\0X\5\0\0\0\0\0\0h\5\0\0\0\0\0\0\0\0\1\0\0\0\0\0", 56) = 56
31461 lseek(3, 176, SEEK_SET)           = 176
31461 read(3, "\2\0\0\0\6\0\0\0h\373\2\0\0\0\0\0h\373\3\0\0\0\0\0h\373\3\0\0\0\0\0000\2\0\0\0\0\0\0000\2\0\0\0\0\0\0\10\0\0\0\0\0\0\0", 56) = 56
31461 lseek(3, 232, SEEK_SET)           = 232
31461 read(3, "\4\0\0\0\4\0\0\0\310\1\0\0\0\0\0\0\310\1\0\0\0\0\0\0\310\1\0\0\0\0\0\0$\0\0\0\0\0\0\0$\0\0\0\0\0\0\0\4\0\0\0\0\0\0\0", 56) = 56
31461 lseek(3, 456, SEEK_SET)           = 456
31461 read(3, "\4\0\0\0\24\0\0\0\3\0\0\0", 12) = 12
31461 lseek(3, 472, SEEK_SET)           = 472
31461 read(3, "\270]f?\357d\224$$F\204i,\254(\370\265Y\343\332", 20) = 20
31461 lseek(3, 197000, SEEK_SET)        = 197000
31461 read(3, "\0\0\0\0\0\0\0\0\0\0\0\0\0\0\0\0\0\0\0\0\0\0\0\0\0\0\0\0\0\0\0\0\0\0\0\0\0\0\0\0\0\0\0\0\0\0\0\0\0\0\0\0\0\0\0\0\0\0\0\0\0\0\0\0", 64) = 64
31461 lseek(3, 197064, SEEK_SET)        = 197064
31461 read(3, "\v\0\0\0\7\0\0\0\2\0\0\0\0\0\0\0\310\1\0\0\0\0\0\0\310\1\0\0\0\0\0\0$\0\0\0\0\0\0\0\0\0\0\0\0\0\0\0\4\0\0\0\0\0\0\0\0\0\0\0\0\0\0\0", 64) = 64
31461 lseek(3, 197128, SEEK_SET)        = 197128
31461 read(3, "\36\0\0\0\366\377\377o\2\0\0\0\0\0\0\0\360\1\0\0\0\0\0\0\360\1\0\0\0\0\0\0\300\0\0\0\0\0\0\0\3\0\0\0\0\0\0\0\10\0\0\0\0\0\0\0\0\0\0\0\0\0\0\0", 64) = 64
31461 lseek(3, 197192, SEEK_SET)        = 197192
31461 read(3, "(\0\0\0\v\0\0\0\2\0\0\0\0\0\0\0\260\2\0\0\0\0\0\0\260\2\0\0\0\0\0\0@\10\0\0\0\0\0\0\4\0\0\0\3\0\0\0\10\0\0\0\0\0\0\0\30\0\0\0\0\0\0\0", 64) = 64
31461 lseek(3, 197256, SEEK_SET)        = 197256
31461 read(3, "0\0\0\0\3\0\0\0\2\0\0\0\0\0\0\0\360\n\0\0\0\0\0\0\360\n\0\0\0\0\0\0\321\4\0\0\0\0\0\0\0\0\0\0\0\0\0\0\1\0\0\0\0\0\0\0\0\0\0\0\0\0\0\0", 64) = 64
31461 lseek(3, 197320, SEEK_SET)        = 197320
31461 read(3, "8\0\0\0\377\377\377o\2\0\0\0\0\0\0\0\302\17\0\0\0\0\0\0\302\17\0\0\0\0\0\0\260\0\0\0\0\0\0\0\3\0\0\0\0\0\0\0\2\0\0\0\0\0\0\0\2\0\0\0\0\0\0\0", 64) = 64
31461 lseek(3, 197384, SEEK_SET)        = 197384
31461 read(3, "E\0\0\0\375\377\377o\2\0\0\0\0\0\0\0x\20\0\0\0\0\0\0x\20\0\0\0\0\0\0\\\0\0\0\0\0\0\0\4\0\0\0\3\0\0\0\10\0\0\0\0\0\0\0\0\0\0\0\0\0\0\0", 64) = 64
31461 lseek(3, 197448, SEEK_SET)        = 197448
31461 read(3, "T\0\0\0\376\377\377o\2\0\0\0\0\0\0\0\330\20\0\0\0\0\0\0\330\20\0\0\0\0\0\0@\0\0\0\0\0\0\0\4\0\0\0\2\0\0\0\10\0\0\0\0\0\0\0\0\0\0\0\0\0\0\0", 64) = 64
31461 lseek(3, 197512, SEEK_SET)        = 197512
31461 read(3, "c\0\0\0\4\0\0\0\2\0\0\0\0\0\0\0\30\21\0\0\0\0\0\0\30\21\0\0\0\0\0\0\30\3\0\0\0\0\0\0\3\0\0\0\0\0\0\0\10\0\0\0\0\0\0\0\30\0\0\0\0\0\0\0", 64) = 64
31461 lseek(3, 197576, SEEK_SET)        = 197576
31461 read(3, "m\0\0\0\4\0\0\0B\0\0\0\0\0\0\0000\24\0\0\0\0\0\0000\24\0\0\0\0\0\0\210\5\0\0\0\0\0\0\3\0\0\0\25\0\0\0\10\0\0\0\0\0\0\0\30\0\0\0\0\0\0\0", 64) = 64
31461 lseek(3, 197640, SEEK_SET)        = 197640
31461 read(3, "w\0\0\0\1\0\0\0\6\0\0\0\0\0\0\0\270\31\0\0\0\0\0\0\270\31\0\0\0\0\0\0\30\0\0\0\0\0\0\0\0\0\0\0\0\0\0\0\4\0\0\0\0\0\0\0\0\0\0\0\0\0\0\0", 64) = 64
31461 lseek(3, 196867, SEEK_SET)        = 196867
31461 read(3, ".init\0.text\0.fini\0.rodata\0.eh_frame_hdr\0.eh_frame\0.init_array\0.fini_array\0.data.rel.ro\0.dynamic\0.got\0.data\0.bss\0.gnu_debuglink\0", 127) = 127
31461 lseek(3, 196867, SEEK_SET)        = 196867
31461 read(3, ".init\0", 6)             = 6
31461 lseek(3, 197704, SEEK_SET)        = 197704
31461 read(3, "r\0\0\0\1\0\0\0\6\0\0\0\0\0\0\0\320\31\0\0\0\0\0\0\320\31\0\0\0\0\0\0\320\3\0\0\0\0\0\0\0\0\0\0\0\0\0\0\20\0\0\0\0\0\0\0\0\0\0\0\0\0\0\0", 64) = 64
31461 lseek(3, 196862, SEEK_SET)        = 196862
31461 read(3, ".plt\0.init\0.text\0.fini\0.rodata\0.eh_frame_hdr\0.eh_frame\0.init_array\0.fini_array\0.data.rel.ro\0.dynamic\0.got\0.data\0.bss\0.gnu_debuglink\0", 132) = 132
31461 lseek(3, 196862, SEEK_SET)        = 196862
31461 read(3, ".plt\0", 5)              = 5
31461 lseek(3, 197768, SEEK_SET)        = 197768
31461 read(3, "}\0\0\0\1\0\0\0\6\0\0\0\0\0\0\0\240\35\0\0\0\0\0\0\240\35\0\0\0\0\0\0\360f\0\0\0\0\0\0\0\0\0\0\0\0\0\0\20\0\0\0\0\0\0\0\0\0\0\0\0\0\0\0", 64) = 64
31461 lseek(3, 196873, SEEK_SET)        = 196873
31461 read(3, ".text\0.fini\0.rodata\0.eh_frame_hdr\0.eh_frame\0.init_array\0.fini_array\0.data.rel.ro\0.dynamic\0.got\0.data\0.bss\0.gnu_debuglink\0", 121) = 121
31461 lseek(3, 196873, SEEK_SET)        = 196873
31461 read(3, ".text\0", 6)             = 6
31461 lseek(3, 197832, SEEK_SET)        = 197832
31461 read(3, "\203\0\0\0\1\0\0\0\6\0\0\0\0\0\0\0\220\204\0\0\0\0\0\0\220\204\0\0\0\0\0\0\24\0\0\0\0\0\0\0\0\0\0\0\0\0\0\0\4\0\0\0\0\0\0\0\0\0\0\0\0\0\0\0", 64) = 64
31461 lseek(3, 196879, SEEK_SET)        = 196879
31461 read(3, ".fini\0.rodata\0.eh_frame_hdr\0.eh_frame\0.init_array\0.fini_array\0.data.rel.ro\0.dynamic\0.got\0.data\0.bss\0.gnu_debuglink\0", 115) = 115
31461 lseek(3, 196879, SEEK_SET)        = 196879
31461 read(3, ".fini\0", 6)             = 6
31461 lseek(3, 197896, SEEK_SET)        = 197896
31461 read(3, "\211\0\0\0\1\0\0\0\2\0\0\0\0\0\0\0\260\204\0\0\0\0\0\0\260\204\0\0\0\0\0\0eA\2\0\0\0\0\0\0\0\0\0\0\0\0\0\20\0\0\0\0\0\0\0\0\0\0\0\0\0\0\0", 64) = 64
31461 lseek(3, 196885, SEEK_SET)        = 196885
31461 read(3, ".rodata\0.eh_frame_hdr\0.eh_frame\0.init_array\0.fini_array\0.data.rel.ro\0.dynamic\0.got\0.data\0.bss\0.gnu_debuglink\0", 109) = 109
31461 lseek(3, 196885, SEEK_SET)        = 196885
31461 read(3, ".rodata\0", 8)           = 8
31461 lseek(3, 197960, SEEK_SET)        = 197960
31461 read(3, "\221\0\0\0\1\0\0\0\2\0\0\0\0\0\0\0\30\306\2\0\0\0\0\0\30\306\2\0\0\0\0\0,\3\0\0\0\0\0\0\0\0\0\0\0\0\0\0\4\0\0\0\0\0\0\0\0\0\0\0\0\0\0\0", 64) = 64
31461 lseek(3, 196893, SEEK_SET)        = 196893
31461 read(3, ".eh_frame_hdr\0.eh_frame\0.init_array\0.fini_array\0.data.rel.ro\0.dynamic\0.got\0.data\0.bss\0.gnu_debuglink\0", 101) = 101
31461 lseek(3, 196893, SEEK_SET)        = 196893
31461 read(3, ".eh_frame_hdr\0", 14)    = 14
31461 lseek(3, 198024, SEEK_SET)        = 198024
31461 read(3, "\237\0\0\0\1\0\0\0\2\0\0\0\0\0\0\0H\311\2\0\0\0\0\0H\311\2\0\0\0\0\0\210\23\0\0\0\0\0\0\0\0\0\0\0\0\0\0\10\0\0\0\0\0\0\0\0\0\0\0\0\0\0\0", 64) = 64
31461 lseek(3, 196907, SEEK_SET)        = 196907
31461 read(3, ".eh_frame\0.init_array\0.fini_array\0.data.rel.ro\0.dynamic\0.got\0.data\0.bss\0.gnu_debuglink\0", 87) = 87
31461 lseek(3, 196907, SEEK_SET)        = 196907
31461 read(3, ".eh_frame\0", 10)        = 10
31461 lseek(3, 198088, SEEK_SET)        = 198088
31461 read(3, "\251\0\0\0\16\0\0\0\3\0\0\0\0\0\0\0\0\373\3\0\0\0\0\0\0\373\2\0\0\0\0\0\10\0\0\0\0\0\0\0\0\0\0\0\0\0\0\0\10\0\0\0\0\0\0\0\10\0\0\0\0\0\0\0", 64) = 64
31461 lseek(3, 198152, SEEK_SET)        = 198152
31461 read(3, "\265\0\0\0\17\0\0\0\3\0\0\0\0\0\0\0\10\373\3\0\0\0\0\0\10\373\2\0\0\0\0\0\10\0\0\0\0\0\0\0\0\0\0\0\0\0\0\0\10\0\0\0\0\0\0\0\10\0\0\0\0\0\0\0", 64) = 64
31461 lseek(3, 198216, SEEK_SET)        = 198216
31461 read(3, "\301\0\0\0\1\0\0\0\3\0\0\0\0\0\0\0\20\373\3\0\0\0\0\0\20\373\2\0\0\0\0\0X\0\0\0\0\0\0\0\0\0\0\0\0\0\0\0\20\0\0\0\0\0\0\0\0\0\0\0\0\0\0\0", 64) = 64
31461 lseek(3, 196941, SEEK_SET)        = 196941
31461 read(3, ".data.rel.ro\0.dynamic\0.got\0.data\0.bss\0.gnu_debuglink\0", 53) = 53
31461 lseek(3, 196941, SEEK_SET)        = 196941
31461 read(3, ".data.rel.ro\0", 13)     = 13
31461 lseek(3, 198280, SEEK_SET)        = 198280
31461 read(3, "\316\0\0\0\6\0\0\0\3\0\0\0\0\0\0\0h\373\3\0\0\0\0\0h\373\2\0\0\0\0\0000\2\0\0\0\0\0\0\4\0\0\0\0\0\0\0\10\0\0\0\0\0\0\0\20\0\0\0\0\0\0\0", 64) = 64
31461 lseek(3, 198344, SEEK_SET)        = 198344
31461 read(3, "\327\0\0\0\1\0\0\0\3\0\0\0\0\0\0\0\230\375\3\0\0\0\0\0\230\375\2\0\0\0\0\0h\2\0\0\0\0\0\0\0\0\0\0\0\0\0\0\10\0\0\0\0\0\0\0\10\0\0\0\0\0\0\0", 64) = 64
31461 lseek(3, 196963, SEEK_SET)        = 196963
31461 read(3, ".got\0.data\0.bss\0.gnu_debuglink\0", 31) = 31
31461 lseek(3, 196963, SEEK_SET)        = 196963
31461 read(3, ".got\0", 5)              = 5
31461 lseek(3, 198408, SEEK_SET)        = 198408
31461 read(3, "\334\0\0\0\1\0\0\0\3\0\0\0\0\0\0\0\0\0\4\0\0\0\0\0\0\0\3\0\0\0\0\0X\0\0\0\0\0\0\0\0\0\0\0\0\0\0\0\10\0\0\0\0\0\0\0\0\0\0\0\0\0\0\0", 64) = 64
31461 lseek(3, 196968, SEEK_SET)        = 196968
31461 read(3, ".data\0.bss\0.gnu_debuglink\0", 26) = 26
31461 lseek(3, 196968, SEEK_SET)        = 196968
31461 read(3, ".data\0", 6)             = 6
31461 lseek(3, 198472, SEEK_SET)        = 198472
31461 read(3, "\342\0\0\0\10\0\0\0\3\0\0\0\0\0\0\0X\0\4\0\0\0\0\0X\0\3\0\0\0\0\0\20\0\0\0\0\0\0\0\0\0\0\0\0\0\0\0\10\0\0\0\0\0\0\0\0\0\0\0\0\0\0\0", 64) = 64
31461 lseek(3, 198536, SEEK_SET)        = 198536
31461 read(3, "\347\0\0\0\1\0\0\0\0\0\0\0\0\0\0\0\0\0\0\0\0\0\0\0X\0\3\0\0\0\0\0004\0\0\0\0\0\0\0\0\0\0\0\0\0\0\0\4\0\0\0\0\0\0\0\0\0\0\0\0\0\0\0", 64) = 64
31461 lseek(3, 196979, SEEK_SET)        = 196979
31461 read(3, ".gnu_debuglink\0", 15)   = 15
31461 lseek(3, 196979, SEEK_SET)        = 196979
31461 read(3, ".gnu_debuglink\0", 15)   = 15
31461 lseek(3, 196696, SEEK_SET)        = 196696
31461 read(3, "5d663fef649424244684692cac28f8b559e3da.debug\0\0\0\0", 48) = 48
31461 read(3, "\276h\274v", 4)          = 4
31461 rt_sigprocmask(SIG_SETMASK, ~[RTMIN RT_1], [], 8) = 0
31461 rt_sigprocmask(SIG_SETMASK, [], NULL, 8) = 0
31461 close(3)                          = 0
31461 rt_sigprocmask(SIG_SETMASK, ~[RTMIN RT_1], [], 8) = 0
31461 rt_sigprocmask(SIG_SETMASK, [], NULL, 8) = 0
31461 readlinkat(AT_FDCWD, "/lib", "usr/lib", 1023) = 7
31461 readlinkat(AT_FDCWD, "/usr", 0x7fc472b6c0, 1023) = -1 EINVAL (Invalid argument)
31461 readlinkat(AT_FDCWD, "/usr/lib", 0x7fc472b6c0, 1023) = -1 EINVAL (Invalid argument)
31461 readlinkat(AT_FDCWD, "/usr/lib/aarch64-linux-gnu", 0x7fc472b6c0, 1023) = -1 EINVAL (Invalid argument)
31461 readlinkat(AT_FDCWD, "/usr/lib/aarch64-linux-gnu/libunistring.so.2", "libunistring.so.2.2.0", 1023) = 21
31461 readlinkat(AT_FDCWD, "/usr/lib/aarch64-linux-gnu/libunistring.so.2.2.0", 0x7fc472b6c0, 1023) = -1 EINVAL (Invalid argument)
31461 rt_sigprocmask(SIG_SETMASK, ~[RTMIN RT_1], [], 8) = 0
31461 rt_sigprocmask(SIG_SETMASK, [], NULL, 8) = 0
31461 openat(AT_FDCWD, "/usr/lib/aarch64-linux-gnu/libunistring.so.2.2.0", O_RDONLY|O_CLOEXEC) = 3
31461 rt_sigprocmask(SIG_SETMASK, ~[RTMIN RT_1], [], 8) = 0
31461 rt_sigprocmask(SIG_SETMASK, [], NULL, 8) = 0
31461 read(3, "\177ELF\2\1\1\0\0\0\0\0\0\0\0\0", 16) = 16
31461 lseek(3, 0, SEEK_SET)             = 0
31461 read(3, "\177ELF\2\1\1\0\0\0\0\0\0\0\0\0\3\0\267\0\1\0\0\0\0\0\0\0\0\0\0\0@\0\0\0\0\0\0\0x\1\33\0\0\0\0\0\0\0\0\0@\08\0\7\0@\0\31\0\30\0", 64) = 64
31461 lseek(3, 1771384, SEEK_SET)       = 1771384
31461 read(3, "\1\0\0\0\3\0\0\0\0\0\0\0\0\0\0\0\0\0\0\0\0\0\0\0\214\0\33\0\0\0\0\0\347\0\0\0\0\0\0\0\0\0\0\0\0\0\0\0\1\0\0\0\0\0\0\0\0\0\0\0\0\0\0\0", 64) = 64
31461 lseek(3, 64, SEEK_SET)            = 64
31461 read(3, "\1\0\0\0\5\0\0\0\0\0\0\0\0\0\0\0\0\0\0\0\0\0\0\0\0\0\0\0\0\0\0\0\310\212\32\0\0\0\0\0\310\212\32\0\0\0\0\0\0\0\1\0\0\0\0\0", 56) = 56
31461 lseek(3, 120, SEEK_SET)           = 120
31461 read(3, "\1\0\0\0\6\0\0\0p\307\32\0\0\0\0\0p\307\33\0\0\0\0\0p\307\33\0\0\0\0\0\3508\0\0\0\0\0\08A\0\0\0\0\0\0\0\0\1\0\0\0\0\0", 56) = 56
31461 lseek(3, 176, SEEK_SET)           = 176
31461 read(3, "\2\0\0\0\6\0\0\0\310\360\32\0\0\0\0\0\310\360\33\0\0\0\0\0\310\360\33\0\0\0\0\0\0\2\0\0\0\0\0\0\0\2\0\0\0\0\0\0\10\0\0\0\0\0\0\0", 56) = 56
31461 lseek(3, 232, SEEK_SET)           = 232
31461 read(3, "\4\0\0\0\4\0\0\0\310\1\0\0\0\0\0\0\310\1\0\0\0\0\0\0\310\1\0\0\0\0\0\0$\0\0\0\0\0\0\0$\0\0\0\0\0\0\0\4\0\0\0\0\0\0\0", 56) = 56
31461 lseek(3, 288, SEEK_SET)           = 288
31461 read(3, "P\345td\4\0\0\0\344\f\32\0\0\0\0\0\344\f\32\0\0\0\0\0\344\f\32\0\0\0\0\0\204\22\0\0\0\0\0\0\204\22\0\0\0\0\0\0\4\0\0\0\0\0\0\0", 56) = 56
31461 lseek(3, 344, SEEK_SET)           = 344
31461 read(3, "Q\345td\6\0\0\0\0\0\0\0\0\0\0\0\0\0\0\0\0\0\0\0\0\0\0\0\0\0\0\0\0\0\0\0\0\0\0\0\0\0\0\0\0\0\0\0\20\0\0\0\0\0\0\0", 56) = 56
31461 lseek(3, 400, SEEK_SET)           = 400
31461 read(3, "R\345td\4\0\0\0p\307\32\0\0\0\0\0p\307\33\0\0\0\0\0p\307\33\0\0\0\0\0\2208\0\0\0\0\0\0\2208\0\0\0\0\0\0\1\0\0\0\0\0\0\0", 56) = 56
31461 lseek(3, 64, SEEK_SET)            = 64
31461 read(3, "\1\0\0\0\5\0\0\0\0\0\0\0\0\0\0\0\0\0\0\0\0\0\0\0\0\0\0\0\0\0\0\0\310\212\32\0\0\0\0\0\310\212\32\0\0\0\0\0\0\0\1\0\0\0\0\0", 56) = 56
31461 lseek(3, 120, SEEK_SET)           = 120
31461 read(3, "\1\0\0\0\6\0\0\0p\307\32\0\0\0\0\0p\307\33\0\0\0\0\0p\307\33\0\0\0\0\0\3508\0\0\0\0\0\08A\0\0\0\0\0\0\0\0\1\0\0\0\0\0", 56) = 56
31461 lseek(3, 176, SEEK_SET)           = 176
31461 read(3, "\2\0\0\0\6\0\0\0\310\360\32\0\0\0\0\0\310\360\33\0\0\0\0\0\310\360\33\0\0\0\0\0\0\2\0\0\0\0\0\0\0\2\0\0\0\0\0\0\10\0\0\0\0\0\0\0", 56) = 56
31461 lseek(3, 232, SEEK_SET)           = 232
31461 read(3, "\4\0\0\0\4\0\0\0\310\1\0\0\0\0\0\0\310\1\0\0\0\0\0\0\310\1\0\0\0\0\0\0$\0\0\0\0\0\0\0$\0\0\0\0\0\0\0\4\0\0\0\0\0\0\0", 56) = 56
31461 lseek(3, 456, SEEK_SET)           = 456
31461 read(3, "\4\0\0\0\24\0\0\0\3\0\0\0", 12) = 12
31461 lseek(3, 472, SEEK_SET)           = 472
31461 read(3, "v:\303Q\215\2o\202Z\356\270\200\221NA]\262\22f\273", 20) = 20
31461 lseek(3, 1769848, SEEK_SET)       = 1769848
31461 read(3, "\0\0\0\0\0\0\0\0\0\0\0\0\0\0\0\0\0\0\0\0\0\0\0\0\0\0\0\0\0\0\0\0\0\0\0\0\0\0\0\0\0\0\0\0\0\0\0\0\0\0\0\0\0\0\0\0\0\0\0\0\0\0\0\0", 64) = 64
31461 lseek(3, 1769912, SEEK_SET)       = 1769912
31461 read(3, "\v\0\0\0\7\0\0\0\2\0\0\0\0\0\0\0\310\1\0\0\0\0\0\0\310\1\0\0\0\0\0\0$\0\0\0\0\0\0\0\0\0\0\0\0\0\0\0\4\0\0\0\0\0\0\0\0\0\0\0\0\0\0\0", 64) = 64
31461 lseek(3, 1769976, SEEK_SET)       = 1769976
31461 read(3, "\36\0\0\0\366\377\377o\2\0\0\0\0\0\0\0\360\1\0\0\0\0\0\0\360\1\0\0\0\0\0\0X\25\0\0\0\0\0\0\3\0\0\0\0\0\0\0\10\0\0\0\0\0\0\0\0\0\0\0\0\0\0\0", 64) = 64
31461 lseek(3, 1770040, SEEK_SET)       = 1770040
31461 read(3, "(\0\0\0\v\0\0\0\2\0\0\0\0\0\0\0H\27\0\0\0\0\0\0H\27\0\0\0\0\0\0 I\0\0\0\0\0\0\4\0\0\0\3\0\0\0\10\0\0\0\0\0\0\0\30\0\0\0\0\0\0\0", 64) = 64
31461 lseek(3, 1770104, SEEK_SET)       = 1770104
31461 read(3, "0\0\0\0\3\0\0\0\2\0\0\0\0\0\0\0h`\0\0\0\0\0\0h`\0\0\0\0\0\0j;\0\0\0\0\0\0\0\0\0\0\0\0\0\0\1\0\0\0\0\0\0\0\0\0\0\0\0\0\0\0", 64) = 64
31461 lseek(3, 1770168, SEEK_SET)       = 1770168
31461 read(3, "8\0\0\0\377\377\377o\2\0\0\0\0\0\0\0\322\233\0\0\0\0\0\0\322\233\0\0\0\0\0\0\30\6\0\0\0\0\0\0\3\0\0\0\0\0\0\0\2\0\0\0\0\0\0\0\2\0\0\0\0\0\0\0", 64) = 64
31461 lseek(3, 1770232, SEEK_SET)       = 1770232
31461 read(3, "E\0\0\0\376\377\377o\2\0\0\0\0\0\0\0\360\241\0\0\0\0\0\0\360\241\0\0\0\0\0\0`\0\0\0\0\0\0\0\4\0\0\0\2\0\0\0\10\0\0\0\0\0\0\0\0\0\0\0\0\0\0\0", 64) = 64
31461 lseek(3, 1770296, SEEK_SET)       = 1770296
31461 read(3, "T\0\0\0\4\0\0\0\2\0\0\0\0\0\0\0P\242\0\0\0\0\0\0P\242\0\0\0\0\0\0\30Z\0\0\0\0\0\0\3\0\0\0\0\0\0\0\10\0\0\0\0\0\0\0\30\0\0\0\0\0\0\0", 64) = 64
31461 lseek(3, 1770360, SEEK_SET)       = 1770360
31461 read(3, "^\0\0\0\4\0\0\0B\0\0\0\0\0\0\0h\374\0\0\0\0\0\0h\374\0\0\0\0\0\0x\30\0\0\0\0\0\0\3\0\0\0\24\0\0\0\10\0\0\0\0\0\0\0\30\0\0\0\0\0\0\0", 64) = 64
31461 lseek(3, 1770424, SEEK_SET)       = 1770424
31461 read(3, "h\0\0\0\1\0\0\0\6\0\0\0\0\0\0\0\340\24\1\0\0\0\0\0\340\24\1\0\0\0\0\0\30\0\0\0\0\0\0\0\0\0\0\0\0\0\0\0\4\0\0\0\0\0\0\0\0\0\0\0\0\0\0\0", 64) = 64
31461 lseek(3, 1769716, SEEK_SET)       = 1769716
31461 read(3, ".init\0.text\0.fini\0.rodata\0.eh_frame_hdr\0.eh_frame\0.init_array\0.fini_array\0.data.rel.ro\0.dynamic\0.got\0.data\0.bss\0.gnu_debuglink\0", 127) = 127
31461 lseek(3, 1769716, SEEK_SET)       = 1769716
31461 read(3, ".init\0", 6)             = 6
31461 lseek(3, 1770488, SEEK_SET)       = 1770488
31461 read(3, "c\0\0\0\1\0\0\0\6\0\0\0\0\0\0\0\0\25\1\0\0\0\0\0\0\25\1\0\0\0\0\0p\20\0\0\0\0\0\0\0\0\0\0\0\0\0\0\20\0\0\0\0\0\0\0\0\0\0\0\0\0\0\0", 64) = 64
31461 lseek(3, 1769711, SEEK_SET)       = 1769711
31461 read(3, ".plt\0.init\0.text\0.fini\0.rodata\0.eh_frame_hdr\0.eh_frame\0.init_array\0.fini_array\0.data.rel.ro\0.dynamic\0.got\0.data\0.bss\0.gnu_debuglink\0", 132) = 132
31461 lseek(3, 1769711, SEEK_SET)       = 1769711
31461 read(3, ".plt\0", 5)              = 5
31461 lseek(3, 1770552, SEEK_SET)       = 1770552
31461 read(3, "n\0\0\0\1\0\0\0\6\0\0\0\0\0\0\0p%\1\0\0\0\0\0p%\1\0\0\0\0\0 \211\3\0\0\0\0\0\0\0\0\0\0\0\0\0\20\0\0\0\0\0\0\0\0\0\0\0\0\0\0\0", 64) = 64
31461 lseek(3, 1769722, SEEK_SET)       = 1769722
31461 read(3, ".text\0.fini\0.rodata\0.eh_frame_hdr\0.eh_frame\0.init_array\0.fini_array\0.data.rel.ro\0.dynamic\0.got\0.data\0.bss\0.gnu_debuglink\0", 121) = 121
31461 lseek(3, 1769722, SEEK_SET)       = 1769722
31461 read(3, ".text\0", 6)             = 6
31461 lseek(3, 1770616, SEEK_SET)       = 1770616
31461 read(3, "t\0\0\0\1\0\0\0\6\0\0\0\0\0\0\0\220\256\4\0\0\0\0\0\220\256\4\0\0\0\0\0\24\0\0\0\0\0\0\0\0\0\0\0\0\0\0\0\4\0\0\0\0\0\0\0\0\0\0\0\0\0\0\0", 64) = 64
31461 lseek(3, 1769728, SEEK_SET)       = 1769728
31461 read(3, ".fini\0.rodata\0.eh_frame_hdr\0.eh_frame\0.init_array\0.fini_array\0.data.rel.ro\0.dynamic\0.got\0.data\0.bss\0.gnu_debuglink\0", 115) = 115
31461 lseek(3, 1769728, SEEK_SET)       = 1769728
31461 read(3, ".fini\0", 6)             = 6
31461 lseek(3, 1770680, SEEK_SET)       = 1770680
31461 read(3, "z\0\0\0\1\0\0\0\2\0\0\0\0\0\0\0\260\256\4\0\0\0\0\0\260\256\4\0\0\0\0\0004^\25\0\0\0\0\0\0\0\0\0\0\0\0\0\20\0\0\0\0\0\0\0\0\0\0\0\0\0\0\0", 64) = 64
31461 lseek(3, 1769734, SEEK_SET)       = 1769734
31461 read(3, ".rodata\0.eh_frame_hdr\0.eh_frame\0.init_array\0.fini_array\0.data.rel.ro\0.dynamic\0.got\0.data\0.bss\0.gnu_debuglink\0", 109) = 109
31461 lseek(3, 1769734, SEEK_SET)       = 1769734
31461 read(3, ".rodata\0", 8)           = 8
31461 lseek(3, 1770744, SEEK_SET)       = 1770744
31461 read(3, "\202\0\0\0\1\0\0\0\2\0\0\0\0\0\0\0\344\f\32\0\0\0\0\0\344\f\32\0\0\0\0\0\204\22\0\0\0\0\0\0\0\0\0\0\0\0\0\0\4\0\0\0\0\0\0\0\0\0\0\0\0\0\0\0", 64) = 64
31461 lseek(3, 1769742, SEEK_SET)       = 1769742
31461 read(3, ".eh_frame_hdr\0.eh_frame\0.init_array\0.fini_array\0.data.rel.ro\0.dynamic\0.got\0.data\0.bss\0.gnu_debuglink\0", 101) = 101
31461 lseek(3, 1769742, SEEK_SET)       = 1769742
31461 read(3, ".eh_frame_hdr\0", 14)    = 14
31461 lseek(3, 1770808, SEEK_SET)       = 1770808
31461 read(3, "\220\0\0\0\1\0\0\0\2\0\0\0\0\0\0\0h\37\32\0\0\0\0\0h\37\32\0\0\0\0\0`k\0\0\0\0\0\0\0\0\0\0\0\0\0\0\10\0\0\0\0\0\0\0\0\0\0\0\0\0\0\0", 64) = 64
31461 lseek(3, 1769756, SEEK_SET)       = 1769756
31461 read(3, ".eh_frame\0.init_array\0.fini_array\0.data.rel.ro\0.dynamic\0.got\0.data\0.bss\0.gnu_debuglink\0", 87) = 87
31461 lseek(3, 1769756, SEEK_SET)       = 1769756
31461 read(3, ".eh_frame\0", 10)        = 10
31461 lseek(3, 1770872, SEEK_SET)       = 1770872
31461 read(3, "\232\0\0\0\16\0\0\0\3\0\0\0\0\0\0\0p\307\33\0\0\0\0\0p\307\32\0\0\0\0\0\10\0\0\0\0\0\0\0\0\0\0\0\0\0\0\0\10\0\0\0\0\0\0\0\10\0\0\0\0\0\0\0", 64) = 64
31461 lseek(3, 1770936, SEEK_SET)       = 1770936
31461 read(3, "\246\0\0\0\17\0\0\0\3\0\0\0\0\0\0\0x\307\33\0\0\0\0\0x\307\32\0\0\0\0\0\10\0\0\0\0\0\0\0\0\0\0\0\0\0\0\0\10\0\0\0\0\0\0\0\10\0\0\0\0\0\0\0", 64) = 64
31461 lseek(3, 1771000, SEEK_SET)       = 1771000
31461 read(3, "\262\0\0\0\1\0\0\0\3\0\0\0\0\0\0\0\200\307\33\0\0\0\0\0\200\307\32\0\0\0\0\0H)\0\0\0\0\0\0\0\0\0\0\0\0\0\0\20\0\0\0\0\0\0\0\0\0\0\0\0\0\0\0", 64) = 64
31461 lseek(3, 1769790, SEEK_SET)       = 1769790
31461 read(3, ".data.rel.ro\0.dynamic\0.got\0.data\0.bss\0.gnu_debuglink\0", 53) = 53
31461 lseek(3, 1769790, SEEK_SET)       = 1769790
31461 read(3, ".data.rel.ro\0", 13)     = 13
31461 lseek(3, 1771064, SEEK_SET)       = 1771064
31461 read(3, "\277\0\0\0\6\0\0\0\3\0\0\0\0\0\0\0\310\360\33\0\0\0\0\0\310\360\32\0\0\0\0\0\0\2\0\0\0\0\0\0\4\0\0\0\0\0\0\0\10\0\0\0\0\0\0\0\20\0\0\0\0\0\0\0", 64) = 64
31461 lseek(3, 1771128, SEEK_SET)       = 1771128
31461 read(3, "\310\0\0\0\1\0\0\0\3\0\0\0\0\0\0\0\310\362\33\0\0\0\0\0\310\362\32\0\0\0\0\08\r\0\0\0\0\0\0\0\0\0\0\0\0\0\0\10\0\0\0\0\0\0\0\10\0\0\0\0\0\0\0", 64) = 64
31461 lseek(3, 1769812, SEEK_SET)       = 1769812
31461 read(3, ".got\0.data\0.bss\0.gnu_debuglink\0", 31) = 31
31461 lseek(3, 1769812, SEEK_SET)       = 1769812
31461 read(3, ".got\0", 5)              = 5
31461 lseek(3, 1771192, SEEK_SET)       = 1771192
31461 read(3, "\315\0\0\0\1\0\0\0\3\0\0\0\0\0\0\0\0\0\34\0\0\0\0\0\0\0\33\0\0\0\0\0X\0\0\0\0\0\0\0\0\0\0\0\0\0\0\0\10\0\0\0\0\0\0\0\0\0\0\0\0\0\0\0", 64) = 64
31461 lseek(3, 1769817, SEEK_SET)       = 1769817
31461 read(3, ".data\0.bss\0.gnu_debuglink\0", 26) = 26
31461 lseek(3, 1769817, SEEK_SET)       = 1769817
31461 read(3, ".data\0", 6)             = 6
31461 lseek(3, 1771256, SEEK_SET)       = 1771256
31461 read(3, "\323\0\0\0\10\0\0\0\3\0\0\0\0\0\0\0`\0\34\0\0\0\0\0X\0\33\0\0\0\0\0H\10\0\0\0\0\0\0\0\0\0\0\0\0\0\0\20\0\0\0\0\0\0\0\0\0\0\0\0\0\0\0", 64) = 64
31461 lseek(3, 1771320, SEEK_SET)       = 1771320
31461 read(3, "\330\0\0\0\1\0\0\0\0\0\0\0\0\0\0\0\0\0\0\0\0\0\0\0X\0\33\0\0\0\0\0004\0\0\0\0\0\0\0\0\0\0\0\0\0\0\0\4\0\0\0\0\0\0\0\0\0\0\0\0\0\0\0", 64) = 64
31461 lseek(3, 1769828, SEEK_SET)       = 1769828
31461 read(3, ".gnu_debuglink\0", 15)   = 15
31461 lseek(3, 1769828, SEEK_SET)       = 1769828
31461 read(3, ".gnu_debuglink\0", 15)   = 15
31461 lseek(3, 1769560, SEEK_SET)       = 1769560
31461 read(3, "3ac3518d026f825aeeb880914e415db21266bb.debug\0\0\0\0", 48) = 48
31461 read(3, "\346l*\247", 4)          = 4
31461 rt_sigprocmask(SIG_SETMASK, ~[RTMIN RT_1], [], 8) = 0
31461 rt_sigprocmask(SIG_SETMASK, [], NULL, 8) = 0
31461 close(3)                          = 0
31461 rt_sigprocmask(SIG_SETMASK, ~[RTMIN RT_1], [], 8) = 0
31461 rt_sigprocmask(SIG_SETMASK, [], NULL, 8) = 0
31461 readlinkat(AT_FDCWD, "/lib", "usr/lib", 1023) = 7
31461 readlinkat(AT_FDCWD, "/usr", 0x7fc472b6c0, 1023) = -1 EINVAL (Invalid argument)
31461 readlinkat(AT_FDCWD, "/usr/lib", 0x7fc472b6c0, 1023) = -1 EINVAL (Invalid argument)
31461 readlinkat(AT_FDCWD, "/usr/lib/aarch64-linux-gnu", 0x7fc472b6c0, 1023) = -1 EINVAL (Invalid argument)
31461 readlinkat(AT_FDCWD, "/usr/lib/aarch64-linux-gnu/libtasn1.so.6", "libtasn1.so.6.6.3", 1023) = 17
31461 readlinkat(AT_FDCWD, "/usr/lib/aarch64-linux-gnu/libtasn1.so.6.6.3", 0x7fc472b6c0, 1023) = -1 EINVAL (Invalid argument)
31461 rt_sigprocmask(SIG_SETMASK, ~[RTMIN RT_1], [], 8) = 0
31461 rt_sigprocmask(SIG_SETMASK, [], NULL, 8) = 0
31461 openat(AT_FDCWD, "/usr/lib/aarch64-linux-gnu/libtasn1.so.6.6.3", O_RDONLY|O_CLOEXEC) = 3
31461 rt_sigprocmask(SIG_SETMASK, ~[RTMIN RT_1], [], 8) = 0
31461 rt_sigprocmask(SIG_SETMASK, [], NULL, 8) = 0
31461 read(3, "\177ELF\2\1\1\0\0\0\0\0\0\0\0\0", 16) = 16
31461 lseek(3, 0, SEEK_SET)             = 0
31461 read(3, "\177ELF\2\1\1\0\0\0\0\0\0\0\0\0\3\0\267\0\1\0\0\0\0\0\0\0\0\0\0\0@\0\0\0\0\0\0\08\1\2\0\0\0\0\0\0\0\0\0@\08\0\7\0@\0\32\0\31\0", 64) = 64
31461 lseek(3, 132984, SEEK_SET)        = 132984
31461 read(3, "\1\0\0\0\3\0\0\0\0\0\0\0\0\0\0\0\0\0\0\0\0\0\0\0@\0\2\0\0\0\0\0\366\0\0\0\0\0\0\0\0\0\0\0\0\0\0\0\1\0\0\0\0\0\0\0\0\0\0\0\0\0\0\0", 64) = 64
31461 lseek(3, 64, SEEK_SET)            = 64
31461 read(3, "\1\0\0\0\5\0\0\0\0\0\0\0\0\0\0\0\0\0\0\0\0\0\0\0\0\0\0\0\0\0\0\0\260\27\1\0\0\0\0\0\260\27\1\0\0\0\0\0\0\0\1\0\0\0\0\0", 56) = 56
31461 lseek(3, 120, SEEK_SET)           = 120
31461 read(3, "\1\0\0\0\6\0\0\0\360\362\1\0\0\0\0\0\360\362\2\0\0\0\0\0\360\362\2\0\0\0\0\0\34\r\0\0\0\0\0\0\310\16\0\0\0\0\0\0\0\0\1\0\0\0\0\0", 56) = 56
31461 lseek(3, 176, SEEK_SET)           = 176
31461 read(3, "\2\0\0\0\6\0\0\0\270\373\1\0\0\0\0\0\270\373\2\0\0\0\0\0\270\373\2\0\0\0\0\0 \2\0\0\0\0\0\0 \2\0\0\0\0\0\0\10\0\0\0\0\0\0\0", 56) = 56
31461 lseek(3, 232, SEEK_SET)           = 232
31461 read(3, "\4\0\0\0\4\0\0\0\310\1\0\0\0\0\0\0\310\1\0\0\0\0\0\0\310\1\0\0\0\0\0\0$\0\0\0\0\0\0\0$\0\0\0\0\0\0\0\4\0\0\0\0\0\0\0", 56) = 56
31461 lseek(3, 288, SEEK_SET)           = 288
31461 read(3, "P\345td\4\0\0\0p\373\0\0\0\0\0\0p\373\0\0\0\0\0\0p\373\0\0\0\0\0\0T\3\0\0\0\0\0\0T\3\0\0\0\0\0\0\4\0\0\0\0\0\0\0", 56) = 56
31461 lseek(3, 344, SEEK_SET)           = 344
31461 read(3, "Q\345td\6\0\0\0\0\0\0\0\0\0\0\0\0\0\0\0\0\0\0\0\0\0\0\0\0\0\0\0\0\0\0\0\0\0\0\0\0\0\0\0\0\0\0\0\20\0\0\0\0\0\0\0", 56) = 56
31461 lseek(3, 400, SEEK_SET)           = 400
31461 read(3, "R\345td\4\0\0\0\360\362\1\0\0\0\0\0\360\362\2\0\0\0\0\0\360\362\2\0\0\0\0\0\20\r\0\0\0\0\0\0\20\r\0\0\0\0\0\0\1\0\0\0\0\0\0\0", 56) = 56
31461 lseek(3, 64, SEEK_SET)            = 64
31461 read(3, "\1\0\0\0\5\0\0\0\0\0\0\0\0\0\0\0\0\0\0\0\0\0\0\0\0\0\0\0\0\0\0\0\260\27\1\0\0\0\0\0\260\27\1\0\0\0\0\0\0\0\1\0\0\0\0\0", 56) = 56
31461 lseek(3, 120, SEEK_SET)           = 120
31461 read(3, "\1\0\0\0\6\0\0\0\360\362\1\0\0\0\0\0\360\362\2\0\0\0\0\0\360\362\2\0\0\0\0\0\34\r\0\0\0\0\0\0\310\16\0\0\0\0\0\0\0\0\1\0\0\0\0\0", 56) = 56
31461 lseek(3, 176, SEEK_SET)           = 176
31461 read(3, "\2\0\0\0\6\0\0\0\270\373\1\0\0\0\0\0\270\373\2\0\0\0\0\0\270\373\2\0\0\0\0\0 \2\0\0\0\0\0\0 \2\0\0\0\0\0\0\10\0\0\0\0\0\0\0", 56) = 56
31461 lseek(3, 232, SEEK_SET)           = 232
31461 read(3, "\4\0\0\0\4\0\0\0\310\1\0\0\0\0\0\0\310\1\0\0\0\0\0\0\310\1\0\0\0\0\0\0$\0\0\0\0\0\0\0$\0\0\0\0\0\0\0\4\0\0\0\0\0\0\0", 56) = 56
31461 lseek(3, 456, SEEK_SET)           = 456
31461 read(3, "\4\0\0\0\24\0\0\0\3\0\0\0", 12) = 12
31461 lseek(3, 472, SEEK_SET)           = 472
31461 read(3, "\253\365\216\222\344\261'|\333\32\236\225\313r*\32H\243g]", 20) = 20
31461 lseek(3, 131384, SEEK_SET)        = 131384
31461 read(3, "\0\0\0\0\0\0\0\0\0\0\0\0\0\0\0\0\0\0\0\0\0\0\0\0\0\0\0\0\0\0\0\0\0\0\0\0\0\0\0\0\0\0\0\0\0\0\0\0\0\0\0\0\0\0\0\0\0\0\0\0\0\0\0\0", 64) = 64
31461 lseek(3, 131448, SEEK_SET)        = 131448
31461 read(3, "\v\0\0\0\7\0\0\0\2\0\0\0\0\0\0\0\310\1\0\0\0\0\0\0\310\1\0\0\0\0\0\0$\0\0\0\0\0\0\0\0\0\0\0\0\0\0\0\4\0\0\0\0\0\0\0\0\0\0\0\0\0\0\0", 64) = 64
31461 lseek(3, 131512, SEEK_SET)        = 131512
31461 read(3, "\36\0\0\0\366\377\377o\2\0\0\0\0\0\0\0\360\1\0\0\0\0\0\0\360\1\0\0\0\0\0\0p\1\0\0\0\0\0\0\3\0\0\0\0\0\0\0\10\0\0\0\0\0\0\0\0\0\0\0\0\0\0\0", 64) = 64
31461 lseek(3, 131576, SEEK_SET)        = 131576
31461 read(3, "(\0\0\0\v\0\0\0\2\0\0\0\0\0\0\0`\3\0\0\0\0\0\0`\3\0\0\0\0\0\0(\10\0\0\0\0\0\0\4\0\0\0\3\0\0\0\10\0\0\0\0\0\0\0\30\0\0\0\0\0\0\0", 64) = 64
31461 lseek(3, 131640, SEEK_SET)        = 131640
31461 read(3, "0\0\0\0\3\0\0\0\2\0\0\0\0\0\0\0\210\v\0\0\0\0\0\0\210\v\0\0\0\0\0\0\377\4\0\0\0\0\0\0\0\0\0\0\0\0\0\0\1\0\0\0\0\0\0\0\0\0\0\0\0\0\0\0", 64) = 64
31461 lseek(3, 131704, SEEK_SET)        = 131704
31461 read(3, "8\0\0\0\377\377\377o\2\0\0\0\0\0\0\0\210\20\0\0\0\0\0\0\210\20\0\0\0\0\0\0\256\0\0\0\0\0\0\0\3\0\0\0\0\0\0\0\2\0\0\0\0\0\0\0\2\0\0\0\0\0\0\0", 64) = 64
31461 lseek(3, 131768, SEEK_SET)        = 131768
31461 read(3, "E\0\0\0\375\377\377o\2\0\0\0\0\0\0\08\21\0\0\0\0\0\08\21\0\0\0\0\0\0\\\0\0\0\0\0\0\0\4\0\0\0\3\0\0\0\10\0\0\0\0\0\0\0\0\0\0\0\0\0\0\0", 64) = 64
31461 lseek(3, 131832, SEEK_SET)        = 131832
31461 read(3, "T\0\0\0\376\377\377o\2\0\0\0\0\0\0\0\230\21\0\0\0\0\0\0\230\21\0\0\0\0\0\0@\0\0\0\0\0\0\0\4\0\0\0\2\0\0\0\10\0\0\0\0\0\0\0\0\0\0\0\0\0\0\0", 64) = 64
31461 lseek(3, 131896, SEEK_SET)        = 131896
31461 read(3, "c\0\0\0\4\0\0\0\2\0\0\0\0\0\0\0\330\21\0\0\0\0\0\0\330\21\0\0\0\0\0\0\370\23\0\0\0\0\0\0\3\0\0\0\0\0\0\0\10\0\0\0\0\0\0\0\30\0\0\0\0\0\0\0", 64) = 64
31461 lseek(3, 131960, SEEK_SET)        = 131960
31461 read(3, "m\0\0\0\4\0\0\0B\0\0\0\0\0\0\0\320%\0\0\0\0\0\0\320%\0\0\0\0\0\0(\5\0\0\0\0\0\0\3\0\0\0\25\0\0\0\10\0\0\0\0\0\0\0\30\0\0\0\0\0\0\0", 64) = 64
31461 lseek(3, 132024, SEEK_SET)        = 132024
31461 read(3, "w\0\0\0\1\0\0\0\6\0\0\0\0\0\0\0\370*\0\0\0\0\0\0\370*\0\0\0\0\0\0\30\0\0\0\0\0\0\0\0\0\0\0\0\0\0\0\4\0\0\0\0\0\0\0\0\0\0\0\0\0\0\0", 64) = 64
31461 lseek(3, 131255, SEEK_SET)        = 131255
31461 read(3, ".init\0.text\0.fini\0.rodata\0.eh_frame_hdr\0.eh_frame\0.init_array\0.fini_array\0.data.rel.ro\0.dynamic\0.got\0.data\0.bss\0.gnu_debuglink\0", 127) = 127
31461 lseek(3, 131255, SEEK_SET)        = 131255
31461 read(3, ".init\0", 6)             = 6
31461 lseek(3, 132088, SEEK_SET)        = 132088
31461 read(3, "r\0\0\0\1\0\0\0\6\0\0\0\0\0\0\0\20+\0\0\0\0\0\0\20+\0\0\0\0\0\0\220\3\0\0\0\0\0\0\0\0\0\0\0\0\0\0\20\0\0\0\0\0\0\0\0\0\0\0\0\0\0\0", 64) = 64
31461 lseek(3, 131250, SEEK_SET)        = 131250
31461 read(3, ".plt\0.init\0.text\0.fini\0.rodata\0.eh_frame_hdr\0.eh_frame\0.init_array\0.fini_array\0.data.rel.ro\0.dynamic\0.got\0.data\0.bss\0.gnu_debuglink\0", 132) = 132
31461 lseek(3, 131250, SEEK_SET)        = 131250
31461 read(3, ".plt\0", 5)              = 5
31461 lseek(3, 132152, SEEK_SET)        = 132152
31461 read(3, "}\0\0\0\1\0\0\0\6\0\0\0\0\0\0\0\240.\0\0\0\0\0\0\240.\0\0\0\0\0\0\310\256\0\0\0\0\0\0\0\0\0\0\0\0\0\0\20\0\0\0\0\0\0\0\0\0\0\0\0\0\0\0", 64) = 64
31461 lseek(3, 131261, SEEK_SET)        = 131261
31461 read(3, ".text\0.fini\0.rodata\0.eh_frame_hdr\0.eh_frame\0.init_array\0.fini_array\0.data.rel.ro\0.dynamic\0.got\0.data\0.bss\0.gnu_debuglink\0", 121) = 121
31461 lseek(3, 131261, SEEK_SET)        = 131261
31461 read(3, ".text\0", 6)             = 6
31461 lseek(3, 132216, SEEK_SET)        = 132216
31461 read(3, "\203\0\0\0\1\0\0\0\6\0\0\0\0\0\0\0h\335\0\0\0\0\0\0h\335\0\0\0\0\0\0\24\0\0\0\0\0\0\0\0\0\0\0\0\0\0\0\4\0\0\0\0\0\0\0\0\0\0\0\0\0\0\0", 64) = 64
31461 lseek(3, 131267, SEEK_SET)        = 131267
31461 read(3, ".fini\0.rodata\0.eh_frame_hdr\0.eh_frame\0.init_array\0.fini_array\0.data.rel.ro\0.dynamic\0.got\0.data\0.bss\0.gnu_debuglink\0", 115) = 115
31461 lseek(3, 131267, SEEK_SET)        = 131267
31461 read(3, ".fini\0", 6)             = 6
31461 lseek(3, 132280, SEEK_SET)        = 132280
31461 read(3, "\211\0\0\0\1\0\0\0\2\0\0\0\0\0\0\0\200\335\0\0\0\0\0\0\200\335\0\0\0\0\0\0\357\35\0\0\0\0\0\0\0\0\0\0\0\0\0\0\20\0\0\0\0\0\0\0\0\0\0\0\0\0\0\0", 64) = 64
31461 lseek(3, 131273, SEEK_SET)        = 131273
31461 read(3, ".rodata\0.eh_frame_hdr\0.eh_frame\0.init_array\0.fini_array\0.data.rel.ro\0.dynamic\0.got\0.data\0.bss\0.gnu_debuglink\0", 109) = 109
31461 lseek(3, 131273, SEEK_SET)        = 131273
31461 read(3, ".rodata\0", 8)           = 8
31461 lseek(3, 132344, SEEK_SET)        = 132344
31461 read(3, "\221\0\0\0\1\0\0\0\2\0\0\0\0\0\0\0p\373\0\0\0\0\0\0p\373\0\0\0\0\0\0T\3\0\0\0\0\0\0\0\0\0\0\0\0\0\0\4\0\0\0\0\0\0\0\0\0\0\0\0\0\0\0", 64) = 64
31461 lseek(3, 131281, SEEK_SET)        = 131281
31461 read(3, ".eh_frame_hdr\0.eh_frame\0.init_array\0.fini_array\0.data.rel.ro\0.dynamic\0.got\0.data\0.bss\0.gnu_debuglink\0", 101) = 101
31461 lseek(3, 131281, SEEK_SET)        = 131281
31461 read(3, ".eh_frame_hdr\0", 14)    = 14
31461 lseek(3, 132408, SEEK_SET)        = 132408
31461 read(3, "\237\0\0\0\1\0\0\0\2\0\0\0\0\0\0\0\310\376\0\0\0\0\0\0\310\376\0\0\0\0\0\0\350\30\0\0\0\0\0\0\0\0\0\0\0\0\0\0\10\0\0\0\0\0\0\0\0\0\0\0\0\0\0\0", 64) = 64
31461 lseek(3, 131295, SEEK_SET)        = 131295
31461 read(3, ".eh_frame\0.init_array\0.fini_array\0.data.rel.ro\0.dynamic\0.got\0.data\0.bss\0.gnu_debuglink\0", 87) = 87
31461 lseek(3, 131295, SEEK_SET)        = 131295
31461 read(3, ".eh_frame\0", 10)        = 10
31461 lseek(3, 132472, SEEK_SET)        = 132472
31461 read(3, "\251\0\0\0\16\0\0\0\3\0\0\0\0\0\0\0\360\362\2\0\0\0\0\0\360\362\1\0\0\0\0\0\10\0\0\0\0\0\0\0\0\0\0\0\0\0\0\0\10\0\0\0\0\0\0\0\10\0\0\0\0\0\0\0", 64) = 64
31461 lseek(3, 132536, SEEK_SET)        = 132536
31461 read(3, "\265\0\0\0\17\0\0\0\3\0\0\0\0\0\0\0\370\362\2\0\0\0\0\0\370\362\1\0\0\0\0\0\10\0\0\0\0\0\0\0\0\0\0\0\0\0\0\0\10\0\0\0\0\0\0\0\10\0\0\0\0\0\0\0", 64) = 64
31461 lseek(3, 132600, SEEK_SET)        = 132600
31461 read(3, "\301\0\0\0\1\0\0\0\3\0\0\0\0\0\0\0\0\363\2\0\0\0\0\0\0\363\1\0\0\0\0\0\270\10\0\0\0\0\0\0\0\0\0\0\0\0\0\0\20\0\0\0\0\0\0\0\0\0\0\0\0\0\0\0", 64) = 64
31461 lseek(3, 131329, SEEK_SET)        = 131329
31461 read(3, ".data.rel.ro\0.dynamic\0.got\0.data\0.bss\0.gnu_debuglink\0", 53) = 53
31461 lseek(3, 131329, SEEK_SET)        = 131329
31461 read(3, ".data.rel.ro\0", 13)     = 13
31461 lseek(3, 132664, SEEK_SET)        = 132664
31461 read(3, "\316\0\0\0\6\0\0\0\3\0\0\0\0\0\0\0\270\373\2\0\0\0\0\0\270\373\1\0\0\0\0\0 \2\0\0\0\0\0\0\4\0\0\0\0\0\0\0\10\0\0\0\0\0\0\0\20\0\0\0\0\0\0\0", 64) = 64
31461 lseek(3, 132728, SEEK_SET)        = 132728
31461 read(3, "\327\0\0\0\1\0\0\0\3\0\0\0\0\0\0\0\330\375\2\0\0\0\0\0\330\375\1\0\0\0\0\0 \2\0\0\0\0\0\0\0\0\0\0\0\0\0\0\10\0\0\0\0\0\0\0\10\0\0\0\0\0\0\0", 64) = 64
31461 lseek(3, 131351, SEEK_SET)        = 131351
31461 read(3, ".got\0.data\0.bss\0.gnu_debuglink\0", 31) = 31
31461 lseek(3, 131351, SEEK_SET)        = 131351
31461 read(3, ".got\0", 5)              = 5
31461 lseek(3, 132792, SEEK_SET)        = 132792
31461 read(3, "\334\0\0\0\1\0\0\0\3\0\0\0\0\0\0\0\0\0\3\0\0\0\0\0\0\0\2\0\0\0\0\0\f\0\0\0\0\0\0\0\0\0\0\0\0\0\0\0\10\0\0\0\0\0\0\0\0\0\0\0\0\0\0\0", 64) = 64
31461 lseek(3, 131356, SEEK_SET)        = 131356
31461 read(3, ".data\0.bss\0.gnu_debuglink\0", 26) = 26
31461 lseek(3, 131356, SEEK_SET)        = 131356
31461 read(3, ".data\0", 6)             = 6
31461 lseek(3, 132856, SEEK_SET)        = 132856
31461 read(3, "\342\0\0\0\10\0\0\0\3\0\0\0\0\0\0\0\20\0\3\0\0\0\0\0\f\0\2\0\0\0\0\0\250\1\0\0\0\0\0\0\0\0\0\0\0\0\0\0\20\0\0\0\0\0\0\0\0\0\0\0\0\0\0\0", 64) = 64
31461 lseek(3, 132920, SEEK_SET)        = 132920
31461 read(3, "\347\0\0\0\1\0\0\0\0\0\0\0\0\0\0\0\0\0\0\0\0\0\0\0\f\0\2\0\0\0\0\0004\0\0\0\0\0\0\0\0\0\0\0\0\0\0\0\4\0\0\0\0\0\0\0\0\0\0\0\0\0\0\0", 64) = 64
31461 lseek(3, 131367, SEEK_SET)        = 131367
31461 read(3, ".gnu_debuglink\0", 15)   = 15
31461 lseek(3, 131367, SEEK_SET)        = 131367
31461 read(3, ".gnu_debuglink\0", 15)   = 15
31461 lseek(3, 131084, SEEK_SET)        = 131084
31461 read(3, "f58e92e4b1277cdb1a9e95cb722a1a48a3675d.debug\0\0\0\0", 48) = 48
31461 read(3, "\215\f\270\n", 4)        = 4
31461 rt_sigprocmask(SIG_SETMASK, ~[RTMIN RT_1], [], 8) = 0
31461 rt_sigprocmask(SIG_SETMASK, [], NULL, 8) = 0
31461 close(3)                          = 0
31461 rt_sigprocmask(SIG_SETMASK, ~[RTMIN RT_1], [], 8) = 0
31461 rt_sigprocmask(SIG_SETMASK, [], NULL, 8) = 0
31461 readlinkat(AT_FDCWD, "/lib", "usr/lib", 1023) = 7
31461 readlinkat(AT_FDCWD, "/usr", 0x7fc472b6c0, 1023) = -1 EINVAL (Invalid argument)
31461 readlinkat(AT_FDCWD, "/usr/lib", 0x7fc472b6c0, 1023) = -1 EINVAL (Invalid argument)
31461 readlinkat(AT_FDCWD, "/usr/lib/aarch64-linux-gnu", 0x7fc472b6c0, 1023) = -1 EINVAL (Invalid argument)
31461 readlinkat(AT_FDCWD, "/usr/lib/aarch64-linux-gnu/libnettle.so.8", "libnettle.so.8.6", 1023) = 16
31461 readlinkat(AT_FDCWD, "/usr/lib/aarch64-linux-gnu/libnettle.so.8.6", 0x7fc472b6c0, 1023) = -1 EINVAL (Invalid argument)
31461 rt_sigprocmask(SIG_SETMASK, ~[RTMIN RT_1], [], 8) = 0
31461 rt_sigprocmask(SIG_SETMASK, [], NULL, 8) = 0
31461 openat(AT_FDCWD, "/usr/lib/aarch64-linux-gnu/libnettle.so.8.6", O_RDONLY|O_CLOEXEC) = 3
31461 rt_sigprocmask(SIG_SETMASK, ~[RTMIN RT_1], [], 8) = 0
31461 rt_sigprocmask(SIG_SETMASK, [], NULL, 8) = 0
31461 read(3, "\177ELF\2\1\1\0\0\0\0\0\0\0\0\0", 16) = 16
31461 lseek(3, 0, SEEK_SET)             = 0
31461 read(3, "\177ELF\2\1\1\0\0\0\0\0\0\0\0\0\3\0\267\0\1\0\0\0\0\0\0\0\0\0\0\0@\0\0\0\0\0\0\0\210\1\5\0\0\0\0\0\0\0\0\0@\08\0\7\0@\0\32\0\31\0", 64) = 64
31461 lseek(3, 329672, SEEK_SET)        = 329672
31461 read(3, "\1\0\0\0\3\0\0\0\0\0\0\0\0\0\0\0\0\0\0\0\0\0\0\0\214\0\5\0\0\0\0\0\366\0\0\0\0\0\0\0\0\0\0\0\0\0\0\0\1\0\0\0\0\0\0\0\0\0\0\0\0\0\0\0", 64) = 64
31461 lseek(3, 64, SEEK_SET)            = 64
31461 read(3, "\1\0\0\0\5\0\0\0\0\0\0\0\0\0\0\0\0\0\0\0\0\0\0\0\0\0\0\0\0\0\0\0\260z\4\0\0\0\0\0\260z\4\0\0\0\0\0\0\0\1\0\0\0\0\0", 56) = 56
31461 lseek(3, 120, SEEK_SET)           = 120
31461 read(3, "\1\0\0\0\6\0\0\0\370\344\4\0\0\0\0\0\370\344\5\0\0\0\0\0\370\344\5\0\0\0\0\0`\33\0\0\0\0\0\0h\33\0\0\0\0\0\0\0\0\1\0\0\0\0\0", 56) = 56
31461 lseek(3, 176, SEEK_SET)           = 176
31461 read(3, "\2\0\0\0\6\0\0\0\20\365\4\0\0\0\0\0\20\365\5\0\0\0\0\0\20\365\5\0\0\0\0\0 \2\0\0\0\0\0\0 \2\0\0\0\0\0\0\10\0\0\0\0\0\0\0", 56) = 56
31461 lseek(3, 232, SEEK_SET)           = 232
31461 read(3, "\4\0\0\0\4\0\0\0\310\1\0\0\0\0\0\0\310\1\0\0\0\0\0\0\310\1\0\0\0\0\0\0$\0\0\0\0\0\0\0$\0\0\0\0\0\0\0\4\0\0\0\0\0\0\0", 56) = 56
31461 lseek(3, 288, SEEK_SET)           = 288
31461 read(3, "P\345td\4\0\0\0\f\35\4\0\0\0\0\0\f\35\4\0\0\0\0\0\f\35\4\0\0\0\0\0\234\20\0\0\0\0\0\0\234\20\0\0\0\0\0\0\4\0\0\0\0\0\0\0", 56) = 56
31461 lseek(3, 344, SEEK_SET)           = 344
31461 read(3, "Q\345td\6\0\0\0\0\0\0\0\0\0\0\0\0\0\0\0\0\0\0\0\0\0\0\0\0\0\0\0\0\0\0\0\0\0\0\0\0\0\0\0\0\0\0\0\20\0\0\0\0\0\0\0", 56) = 56
31461 lseek(3, 400, SEEK_SET)           = 400
31461 read(3, "R\345td\4\0\0\0\370\344\4\0\0\0\0\0\370\344\5\0\0\0\0\0\370\344\5\0\0\0\0\0\10\33\0\0\0\0\0\0\10\33\0\0\0\0\0\0\1\0\0\0\0\0\0\0", 56) = 56
31461 lseek(3, 64, SEEK_SET)            = 64
31461 read(3, "\1\0\0\0\5\0\0\0\0\0\0\0\0\0\0\0\0\0\0\0\0\0\0\0\0\0\0\0\0\0\0\0\260z\4\0\0\0\0\0\260z\4\0\0\0\0\0\0\0\1\0\0\0\0\0", 56) = 56
31461 lseek(3, 120, SEEK_SET)           = 120
31461 read(3, "\1\0\0\0\6\0\0\0\370\344\4\0\0\0\0\0\370\344\5\0\0\0\0\0\370\344\5\0\0\0\0\0`\33\0\0\0\0\0\0h\33\0\0\0\0\0\0\0\0\1\0\0\0\0\0", 56) = 56
31461 lseek(3, 176, SEEK_SET)           = 176
31461 read(3, "\2\0\0\0\6\0\0\0\20\365\4\0\0\0\0\0\20\365\5\0\0\0\0\0\20\365\5\0\0\0\0\0 \2\0\0\0\0\0\0 \2\0\0\0\0\0\0\10\0\0\0\0\0\0\0", 56) = 56
31461 lseek(3, 232, SEEK_SET)           = 232
31461 read(3, "\4\0\0\0\4\0\0\0\310\1\0\0\0\0\0\0\310\1\0\0\0\0\0\0\310\1\0\0\0\0\0\0$\0\0\0\0\0\0\0$\0\0\0\0\0\0\0\4\0\0\0\0\0\0\0", 56) = 56
31461 lseek(3, 456, SEEK_SET)           = 456
31461 read(3, "\4\0\0\0\24\0\0\0\3\0\0\0", 12) = 12
31461 lseek(3, 472, SEEK_SET)           = 472
31461 read(3, "\313\356\253\30!\376\310\375\304\27\256\323R\362\232! \221\230.", 20) = 20
31461 lseek(3, 328072, SEEK_SET)        = 328072
31461 read(3, "\0\0\0\0\0\0\0\0\0\0\0\0\0\0\0\0\0\0\0\0\0\0\0\0\0\0\0\0\0\0\0\0\0\0\0\0\0\0\0\0\0\0\0\0\0\0\0\0\0\0\0\0\0\0\0\0\0\0\0\0\0\0\0\0", 64) = 64
31461 lseek(3, 328136, SEEK_SET)        = 328136
31461 read(3, "\v\0\0\0\7\0\0\0\2\0\0\0\0\0\0\0\310\1\0\0\0\0\0\0\310\1\0\0\0\0\0\0$\0\0\0\0\0\0\0\0\0\0\0\0\0\0\0\4\0\0\0\0\0\0\0\0\0\0\0\0\0\0\0", 64) = 64
31461 lseek(3, 328200, SEEK_SET)        = 328200
31461 read(3, "\36\0\0\0\366\377\377o\2\0\0\0\0\0\0\0\360\1\0\0\0\0\0\0\360\1\0\0\0\0\0\0\260\22\0\0\0\0\0\0\3\0\0\0\0\0\0\0\10\0\0\0\0\0\0\0\0\0\0\0\0\0\0\0", 64) = 64
31461 lseek(3, 328264, SEEK_SET)        = 328264
31461 read(3, "(\0\0\0\v\0\0\0\2\0\0\0\0\0\0\0\240\24\0\0\0\0\0\0\240\24\0\0\0\0\0\0X5\0\0\0\0\0\0\4\0\0\0\3\0\0\0\10\0\0\0\0\0\0\0\30\0\0\0\0\0\0\0", 64) = 64
31461 lseek(3, 328328, SEEK_SET)        = 328328
31461 read(3, "0\0\0\0\3\0\0\0\2\0\0\0\0\0\0\0\370I\0\0\0\0\0\0\370I\0\0\0\0\0\0\0043\0\0\0\0\0\0\0\0\0\0\0\0\0\0\1\0\0\0\0\0\0\0\0\0\0\0\0\0\0\0", 64) = 64
31461 lseek(3, 328392, SEEK_SET)        = 328392
31461 read(3, "8\0\0\0\377\377\377o\2\0\0\0\0\0\0\0\374|\0\0\0\0\0\0\374|\0\0\0\0\0\0r\4\0\0\0\0\0\0\3\0\0\0\0\0\0\0\2\0\0\0\0\0\0\0\2\0\0\0\0\0\0\0", 64) = 64
31461 lseek(3, 328456, SEEK_SET)        = 328456
31461 read(3, "E\0\0\0\375\377\377o\2\0\0\0\0\0\0\0p\201\0\0\0\0\0\0p\201\0\0\0\0\0\0T\0\0\0\0\0\0\0\4\0\0\0\3\0\0\0\10\0\0\0\0\0\0\0\0\0\0\0\0\0\0\0", 64) = 64
31461 lseek(3, 328520, SEEK_SET)        = 328520
31461 read(3, "T\0\0\0\376\377\377o\2\0\0\0\0\0\0\0\310\201\0\0\0\0\0\0\310\201\0\0\0\0\0\0@\0\0\0\0\0\0\0\4\0\0\0\2\0\0\0\10\0\0\0\0\0\0\0\0\0\0\0\0\0\0\0", 64) = 64
31461 lseek(3, 328584, SEEK_SET)        = 328584
31461 read(3, "c\0\0\0\4\0\0\0\2\0\0\0\0\0\0\0\10\202\0\0\0\0\0\0\10\202\0\0\0\0\0\0\230+\0\0\0\0\0\0\3\0\0\0\0\0\0\0\10\0\0\0\0\0\0\0\30\0\0\0\0\0\0\0", 64) = 64
31461 lseek(3, 328648, SEEK_SET)        = 328648
31461 read(3, "m\0\0\0\4\0\0\0B\0\0\0\0\0\0\0\240\255\0\0\0\0\0\0\240\255\0\0\0\0\0\0P\23\0\0\0\0\0\0\3\0\0\0\25\0\0\0\10\0\0\0\0\0\0\0\30\0\0\0\0\0\0\0", 64) = 64
31461 lseek(3, 328712, SEEK_SET)        = 328712
31461 read(3, "w\0\0\0\1\0\0\0\6\0\0\0\0\0\0\0\360\300\0\0\0\0\0\0\360\300\0\0\0\0\0\0\30\0\0\0\0\0\0\0\0\0\0\0\0\0\0\0\4\0\0\0\0\0\0\0\0\0\0\0\0\0\0\0", 64) = 64
31461 lseek(3, 327939, SEEK_SET)        = 327939
31461 read(3, ".init\0.text\0.fini\0.rodata\0.eh_frame_hdr\0.eh_frame\0.init_array\0.fini_array\0.data.rel.ro\0.dynamic\0.got\0.data\0.bss\0.gnu_debuglink\0", 127) = 127
31461 lseek(3, 327939, SEEK_SET)        = 327939
31461 read(3, ".init\0", 6)             = 6
31461 lseek(3, 328776, SEEK_SET)        = 328776
31461 read(3, "r\0\0\0\1\0\0\0\6\0\0\0\0\0\0\0\20\301\0\0\0\0\0\0\20\301\0\0\0\0\0\0\0\r\0\0\0\0\0\0\0\0\0\0\0\0\0\0\20\0\0\0\0\0\0\0\0\0\0\0\0\0\0\0", 64) = 64
31461 lseek(3, 327934, SEEK_SET)        = 327934
31461 read(3, ".plt\0.init\0.text\0.fini\0.rodata\0.eh_frame_hdr\0.eh_frame\0.init_array\0.fini_array\0.data.rel.ro\0.dynamic\0.got\0.data\0.bss\0.gnu_debuglink\0", 132) = 132
31461 lseek(3, 327934, SEEK_SET)        = 327934
31461 read(3, ".plt\0", 5)              = 5
31461 lseek(3, 328840, SEEK_SET)        = 328840
31461 read(3, "}\0\0\0\1\0\0\0\6\0\0\0\0\0\0\0\20\316\0\0\0\0\0\0\20\316\0\0\0\0\0\0\334C\2\0\0\0\0\0\0\0\0\0\0\0\0\0\20\0\0\0\0\0\0\0\0\0\0\0\0\0\0\0", 64) = 64
31461 lseek(3, 327945, SEEK_SET)        = 327945
31461 read(3, ".text\0.fini\0.rodata\0.eh_frame_hdr\0.eh_frame\0.init_array\0.fini_array\0.data.rel.ro\0.dynamic\0.got\0.data\0.bss\0.gnu_debuglink\0", 121) = 121
31461 lseek(3, 327945, SEEK_SET)        = 327945
31461 read(3, ".text\0", 6)             = 6
31461 lseek(3, 328904, SEEK_SET)        = 328904
31461 read(3, "\203\0\0\0\1\0\0\0\6\0\0\0\0\0\0\0\354\21\3\0\0\0\0\0\354\21\3\0\0\0\0\0\24\0\0\0\0\0\0\0\0\0\0\0\0\0\0\0\4\0\0\0\0\0\0\0\0\0\0\0\0\0\0\0", 64) = 64
31461 lseek(3, 327951, SEEK_SET)        = 327951
31461 read(3, ".fini\0.rodata\0.eh_frame_hdr\0.eh_frame\0.init_array\0.fini_array\0.data.rel.ro\0.dynamic\0.got\0.data\0.bss\0.gnu_debuglink\0", 115) = 115
31461 lseek(3, 327951, SEEK_SET)        = 327951
31461 read(3, ".fini\0", 6)             = 6
31461 lseek(3, 328968, SEEK_SET)        = 328968
31461 read(3, "\211\0\0\0\1\0\0\0\2\0\0\0\0\0\0\0\0\22\3\0\0\0\0\0\0\22\3\0\0\0\0\0\v\v\1\0\0\0\0\0\0\0\0\0\0\0\0\0\20\0\0\0\0\0\0\0\0\0\0\0\0\0\0\0", 64) = 64
31461 lseek(3, 327957, SEEK_SET)        = 327957
31461 read(3, ".rodata\0.eh_frame_hdr\0.eh_frame\0.init_array\0.fini_array\0.data.rel.ro\0.dynamic\0.got\0.data\0.bss\0.gnu_debuglink\0", 109) = 109
31461 lseek(3, 327957, SEEK_SET)        = 327957
31461 read(3, ".rodata\0", 8)           = 8
31461 lseek(3, 329032, SEEK_SET)        = 329032
31461 read(3, "\221\0\0\0\1\0\0\0\2\0\0\0\0\0\0\0\f\35\4\0\0\0\0\0\f\35\4\0\0\0\0\0\234\20\0\0\0\0\0\0\0\0\0\0\0\0\0\0\4\0\0\0\0\0\0\0\0\0\0\0\0\0\0\0", 64) = 64
31461 lseek(3, 327965, SEEK_SET)        = 327965
31461 read(3, ".eh_frame_hdr\0.eh_frame\0.init_array\0.fini_array\0.data.rel.ro\0.dynamic\0.got\0.data\0.bss\0.gnu_debuglink\0", 101) = 101
31461 lseek(3, 327965, SEEK_SET)        = 327965
31461 read(3, ".eh_frame_hdr\0", 14)    = 14
31461 lseek(3, 329096, SEEK_SET)        = 329096
31461 read(3, "\237\0\0\0\1\0\0\0\2\0\0\0\0\0\0\0\250-\4\0\0\0\0\0\250-\4\0\0\0\0\0\10M\0\0\0\0\0\0\0\0\0\0\0\0\0\0\10\0\0\0\0\0\0\0\0\0\0\0\0\0\0\0", 64) = 64
31461 lseek(3, 327979, SEEK_SET)        = 327979
31461 read(3, ".eh_frame\0.init_array\0.fini_array\0.data.rel.ro\0.dynamic\0.got\0.data\0.bss\0.gnu_debuglink\0", 87) = 87
31461 lseek(3, 327979, SEEK_SET)        = 327979
31461 read(3, ".eh_frame\0", 10)        = 10
31461 lseek(3, 329160, SEEK_SET)        = 329160
31461 read(3, "\251\0\0\0\16\0\0\0\3\0\0\0\0\0\0\0\370\344\5\0\0\0\0\0\370\344\4\0\0\0\0\0\20\0\0\0\0\0\0\0\0\0\0\0\0\0\0\0\10\0\0\0\0\0\0\0\10\0\0\0\0\0\0\0", 64) = 64
31461 lseek(3, 329224, SEEK_SET)        = 329224
31461 read(3, "\265\0\0\0\17\0\0\0\3\0\0\0\0\0\0\0\10\345\5\0\0\0\0\0\10\345\4\0\0\0\0\0\10\0\0\0\0\0\0\0\0\0\0\0\0\0\0\0\10\0\0\0\0\0\0\0\10\0\0\0\0\0\0\0", 64) = 64
31461 lseek(3, 329288, SEEK_SET)        = 329288
31461 read(3, "\301\0\0\0\1\0\0\0\3\0\0\0\0\0\0\0\20\345\5\0\0\0\0\0\20\345\4\0\0\0\0\0\0\20\0\0\0\0\0\0\0\0\0\0\0\0\0\0\20\0\0\0\0\0\0\0\0\0\0\0\0\0\0\0", 64) = 64
31461 lseek(3, 328013, SEEK_SET)        = 328013
31461 read(3, ".data.rel.ro\0.dynamic\0.got\0.data\0.bss\0.gnu_debuglink\0", 53) = 53
31461 lseek(3, 328013, SEEK_SET)        = 328013
31461 read(3, ".data.rel.ro\0", 13)     = 13
31461 lseek(3, 329352, SEEK_SET)        = 329352
31461 read(3, "\316\0\0\0\6\0\0\0\3\0\0\0\0\0\0\0\20\365\5\0\0\0\0\0\20\365\4\0\0\0\0\0 \2\0\0\0\0\0\0\4\0\0\0\0\0\0\0\10\0\0\0\0\0\0\0\20\0\0\0\0\0\0\0", 64) = 64
31461 lseek(3, 329416, SEEK_SET)        = 329416
31461 read(3, "\327\0\0\0\1\0\0\0\3\0\0\0\0\0\0\0000\367\5\0\0\0\0\0000\367\4\0\0\0\0\0\310\10\0\0\0\0\0\0\0\0\0\0\0\0\0\0\10\0\0\0\0\0\0\0\10\0\0\0\0\0\0\0", 64) = 64
31461 lseek(3, 328035, SEEK_SET)        = 328035
31461 read(3, ".got\0.data\0.bss\0.gnu_debuglink\0", 31) = 31
31461 lseek(3, 328035, SEEK_SET)        = 328035
31461 read(3, ".got\0", 5)              = 5
31461 lseek(3, 329480, SEEK_SET)        = 329480
31461 read(3, "\334\0\0\0\1\0\0\0\3\0\0\0\0\0\0\0\0\0\6\0\0\0\0\0\0\0\5\0\0\0\0\0X\0\0\0\0\0\0\0\0\0\0\0\0\0\0\0\10\0\0\0\0\0\0\0\0\0\0\0\0\0\0\0", 64) = 64
31461 lseek(3, 328040, SEEK_SET)        = 328040
31461 read(3, ".data\0.bss\0.gnu_debuglink\0", 26) = 26
31461 lseek(3, 328040, SEEK_SET)        = 328040
31461 read(3, ".data\0", 6)             = 6
31461 lseek(3, 329544, SEEK_SET)        = 329544
31461 read(3, "\342\0\0\0\10\0\0\0\3\0\0\0\0\0\0\0X\0\6\0\0\0\0\0X\0\5\0\0\0\0\0\10\0\0\0\0\0\0\0\0\0\0\0\0\0\0\0\1\0\0\0\0\0\0\0\0\0\0\0\0\0\0\0", 64) = 64
31461 lseek(3, 329608, SEEK_SET)        = 329608
31461 read(3, "\347\0\0\0\1\0\0\0\0\0\0\0\0\0\0\0\0\0\0\0\0\0\0\0X\0\5\0\0\0\0\0004\0\0\0\0\0\0\0\0\0\0\0\0\0\0\0\4\0\0\0\0\0\0\0\0\0\0\0\0\0\0\0", 64) = 64
31461 lseek(3, 328051, SEEK_SET)        = 328051
31461 read(3, ".gnu_debuglink\0", 15)   = 15
31461 lseek(3, 328051, SEEK_SET)        = 328051
31461 read(3, ".gnu_debuglink\0", 15)   = 15
31461 lseek(3, 327768, SEEK_SET)        = 327768
31461 read(3, "eeab1821fec8fdc417aed352f29a212091982e.debug\0\0\0\0", 48) = 48
31461 read(3, "\257rG\202", 4)          = 4
31461 rt_sigprocmask(SIG_SETMASK, ~[RTMIN RT_1], [], 8) = 0
31461 rt_sigprocmask(SIG_SETMASK, [], NULL, 8) = 0
31461 close(3)                          = 0
31461 rt_sigprocmask(SIG_SETMASK, ~[RTMIN RT_1], [], 8) = 0
31461 rt_sigprocmask(SIG_SETMASK, [], NULL, 8) = 0
31461 readlinkat(AT_FDCWD, "/lib", "usr/lib", 1023) = 7
31461 readlinkat(AT_FDCWD, "/usr", 0x7fc472b6c0, 1023) = -1 EINVAL (Invalid argument)
31461 readlinkat(AT_FDCWD, "/usr/lib", 0x7fc472b6c0, 1023) = -1 EINVAL (Invalid argument)
31461 readlinkat(AT_FDCWD, "/usr/lib/aarch64-linux-gnu", 0x7fc472b6c0, 1023) = -1 EINVAL (Invalid argument)
31461 readlinkat(AT_FDCWD, "/usr/lib/aarch64-linux-gnu/libhogweed.so.6", "libhogweed.so.6.6", 1023) = 17
31461 readlinkat(AT_FDCWD, "/usr/lib/aarch64-linux-gnu/libhogweed.so.6.6", 0x7fc472b6c0, 1023) = -1 EINVAL (Invalid argument)
31461 rt_sigprocmask(SIG_SETMASK, ~[RTMIN RT_1], [], 8) = 0
31461 rt_sigprocmask(SIG_SETMASK, [], NULL, 8) = 0
31461 openat(AT_FDCWD, "/usr/lib/aarch64-linux-gnu/libhogweed.so.6.6", O_RDONLY|O_CLOEXEC) = 3
31461 rt_sigprocmask(SIG_SETMASK, ~[RTMIN RT_1], [], 8) = 0
31461 rt_sigprocmask(SIG_SETMASK, [], NULL, 8) = 0
31461 read(3, "\177ELF\2\1\1\0\0\0\0\0\0\0\0\0", 16) = 16
31461 lseek(3, 0, SEEK_SET)             = 0
31461 read(3, "\177ELF\2\1\1\0\0\0\0\0\0\0\0\0\3\0\267\0\1\0\0\0\0\0\0\0\0\0\0\0@\0\0\0\0\0\0\08\1\5\0\0\0\0\0\0\0\0\0@\08\0\7\0@\0\32\0\31\0", 64) = 64
31461 lseek(3, 329592, SEEK_SET)        = 329592
31461 read(3, "\1\0\0\0\3\0\0\0\0\0\0\0\0\0\0\0\0\0\0\0\0\0\0\0<\0\5\0\0\0\0\0\366\0\0\0\0\0\0\0\0\0\0\0\0\0\0\0\1\0\0\0\0\0\0\0\0\0\0\0\0\0\0\0", 64) = 64
31461 lseek(3, 64, SEEK_SET)            = 64
31461 read(3, "\1\0\0\0\5\0\0\0\0\0\0\0\0\0\0\0\0\0\0\0\0\0\0\0\0\0\0\0\0\0\0\0pf\4\0\0\0\0\0pf\4\0\0\0\0\0\0\0\1\0\0\0\0\0", 56) = 56
31461 lseek(3, 120, SEEK_SET)           = 120
31461 read(3, "\1\0\0\0\6\0\0\0`\352\4\0\0\0\0\0`\352\5\0\0\0\0\0`\352\5\0\0\0\0\0\250\25\0\0\0\0\0\0\260\25\0\0\0\0\0\0\0\0\1\0\0\0\0\0", 56) = 56
31461 lseek(3, 176, SEEK_SET)           = 176
31461 read(3, "\2\0\0\0\6\0\0\0\200\365\4\0\0\0\0\0\200\365\5\0\0\0\0\0\200\365\5\0\0\0\0\0@\2\0\0\0\0\0\0@\2\0\0\0\0\0\0\10\0\0\0\0\0\0\0", 56) = 56
31461 lseek(3, 232, SEEK_SET)           = 232
31461 read(3, "\4\0\0\0\4\0\0\0\310\1\0\0\0\0\0\0\310\1\0\0\0\0\0\0\310\1\0\0\0\0\0\0$\0\0\0\0\0\0\0$\0\0\0\0\0\0\0\4\0\0\0\0\0\0\0", 56) = 56
31461 lseek(3, 288, SEEK_SET)           = 288
31461 read(3, "P\345td\4\0\0\0\204\36\4\0\0\0\0\0\204\36\4\0\0\0\0\0\204\36\4\0\0\0\0\0\334\t\0\0\0\0\0\0\334\t\0\0\0\0\0\0\4\0\0\0\0\0\0\0", 56) = 56
31461 lseek(3, 344, SEEK_SET)           = 344
31461 read(3, "Q\345td\6\0\0\0\0\0\0\0\0\0\0\0\0\0\0\0\0\0\0\0\0\0\0\0\0\0\0\0\0\0\0\0\0\0\0\0\0\0\0\0\0\0\0\0\20\0\0\0\0\0\0\0", 56) = 56
31461 lseek(3, 400, SEEK_SET)           = 400
31461 read(3, "R\345td\4\0\0\0`\352\4\0\0\0\0\0`\352\5\0\0\0\0\0`\352\5\0\0\0\0\0\240\25\0\0\0\0\0\0\240\25\0\0\0\0\0\0\1\0\0\0\0\0\0\0", 56) = 56
31461 lseek(3, 64, SEEK_SET)            = 64
31461 read(3, "\1\0\0\0\5\0\0\0\0\0\0\0\0\0\0\0\0\0\0\0\0\0\0\0\0\0\0\0\0\0\0\0pf\4\0\0\0\0\0pf\4\0\0\0\0\0\0\0\1\0\0\0\0\0", 56) = 56
31461 lseek(3, 120, SEEK_SET)           = 120
31461 read(3, "\1\0\0\0\6\0\0\0`\352\4\0\0\0\0\0`\352\5\0\0\0\0\0`\352\5\0\0\0\0\0\250\25\0\0\0\0\0\0\260\25\0\0\0\0\0\0\0\0\1\0\0\0\0\0", 56) = 56
31461 lseek(3, 176, SEEK_SET)           = 176
31461 read(3, "\2\0\0\0\6\0\0\0\200\365\4\0\0\0\0\0\200\365\5\0\0\0\0\0\200\365\5\0\0\0\0\0@\2\0\0\0\0\0\0@\2\0\0\0\0\0\0\10\0\0\0\0\0\0\0", 56) = 56
31461 lseek(3, 232, SEEK_SET)           = 232
31461 read(3, "\4\0\0\0\4\0\0\0\310\1\0\0\0\0\0\0\310\1\0\0\0\0\0\0\310\1\0\0\0\0\0\0$\0\0\0\0\0\0\0$\0\0\0\0\0\0\0\4\0\0\0\0\0\0\0", 56) = 56
31461 lseek(3, 456, SEEK_SET)           = 456
31461 read(3, "\4\0\0\0\24\0\0\0\3\0\0\0", 12) = 12
31461 lseek(3, 472, SEEK_SET)           = 472
31461 read(3, "\330;.cosX\345\"\241\5$i^9\331i\364\242\"", 20) = 20
31461 lseek(3, 327992, SEEK_SET)        = 327992
31461 read(3, "\0\0\0\0\0\0\0\0\0\0\0\0\0\0\0\0\0\0\0\0\0\0\0\0\0\0\0\0\0\0\0\0\0\0\0\0\0\0\0\0\0\0\0\0\0\0\0\0\0\0\0\0\0\0\0\0\0\0\0\0\0\0\0\0", 64) = 64
31461 lseek(3, 328056, SEEK_SET)        = 328056
31461 read(3, "\v\0\0\0\7\0\0\0\2\0\0\0\0\0\0\0\310\1\0\0\0\0\0\0\310\1\0\0\0\0\0\0$\0\0\0\0\0\0\0\0\0\0\0\0\0\0\0\4\0\0\0\0\0\0\0\0\0\0\0\0\0\0\0", 64) = 64
31461 lseek(3, 328120, SEEK_SET)        = 328120
31461 read(3, "\36\0\0\0\366\377\377o\2\0\0\0\0\0\0\0\360\1\0\0\0\0\0\0\360\1\0\0\0\0\0\0\230\t\0\0\0\0\0\0\3\0\0\0\0\0\0\0\10\0\0\0\0\0\0\0\0\0\0\0\0\0\0\0", 64) = 64
31461 lseek(3, 328184, SEEK_SET)        = 328184
31461 read(3, "(\0\0\0\v\0\0\0\2\0\0\0\0\0\0\0\210\v\0\0\0\0\0\0\210\v\0\0\0\0\0\0\360$\0\0\0\0\0\0\4\0\0\0\3\0\0\0\10\0\0\0\0\0\0\0\30\0\0\0\0\0\0\0", 64) = 64
31461 lseek(3, 328248, SEEK_SET)        = 328248
31461 read(3, "0\0\0\0\3\0\0\0\2\0\0\0\0\0\0\0x0\0\0\0\0\0\0x0\0\0\0\0\0\0m#\0\0\0\0\0\0\0\0\0\0\0\0\0\0\1\0\0\0\0\0\0\0\0\0\0\0\0\0\0\0", 64) = 64
31461 lseek(3, 328312, SEEK_SET)        = 328312
31461 read(3, "8\0\0\0\377\377\377o\2\0\0\0\0\0\0\0\346S\0\0\0\0\0\0\346S\0\0\0\0\0\0\24\3\0\0\0\0\0\0\3\0\0\0\0\0\0\0\2\0\0\0\0\0\0\0\2\0\0\0\0\0\0\0", 64) = 64
31461 lseek(3, 328376, SEEK_SET)        = 328376
31461 read(3, "E\0\0\0\375\377\377o\2\0\0\0\0\0\0\0\0W\0\0\0\0\0\0\0W\0\0\0\0\0\0T\0\0\0\0\0\0\0\4\0\0\0\3\0\0\0\10\0\0\0\0\0\0\0\0\0\0\0\0\0\0\0", 64) = 64
31461 lseek(3, 328440, SEEK_SET)        = 328440
31461 read(3, "T\0\0\0\376\377\377o\2\0\0\0\0\0\0\0XW\0\0\0\0\0\0XW\0\0\0\0\0\0`\0\0\0\0\0\0\0\4\0\0\0\3\0\0\0\10\0\0\0\0\0\0\0\0\0\0\0\0\0\0\0", 64) = 64
31461 lseek(3, 328504, SEEK_SET)        = 328504
31461 read(3, "c\0\0\0\4\0\0\0\2\0\0\0\0\0\0\0\270W\0\0\0\0\0\0\270W\0\0\0\0\0\0\300\30\0\0\0\0\0\0\3\0\0\0\0\0\0\0\10\0\0\0\0\0\0\0\30\0\0\0\0\0\0\0", 64) = 64
31461 lseek(3, 328568, SEEK_SET)        = 328568
31461 read(3, "m\0\0\0\4\0\0\0B\0\0\0\0\0\0\0xp\0\0\0\0\0\0xp\0\0\0\0\0\0\230\26\0\0\0\0\0\0\3\0\0\0\25\0\0\0\10\0\0\0\0\0\0\0\30\0\0\0\0\0\0\0", 64) = 64
31461 lseek(3, 328632, SEEK_SET)        = 328632
31461 read(3, "w\0\0\0\1\0\0\0\6\0\0\0\0\0\0\0\20\207\0\0\0\0\0\0\20\207\0\0\0\0\0\0\30\0\0\0\0\0\0\0\0\0\0\0\0\0\0\0\4\0\0\0\0\0\0\0\0\0\0\0\0\0\0\0", 64) = 64
31461 lseek(3, 327859, SEEK_SET)        = 327859
31461 read(3, ".init\0.text\0.fini\0.rodata\0.eh_frame_hdr\0.eh_frame\0.init_array\0.fini_array\0.data.rel.ro\0.dynamic\0.got\0.data\0.bss\0.gnu_debuglink\0", 127) = 127
31461 lseek(3, 327859, SEEK_SET)        = 327859
31461 read(3, ".init\0", 6)             = 6
31461 lseek(3, 328696, SEEK_SET)        = 328696
31461 read(3, "r\0\0\0\1\0\0\0\6\0\0\0\0\0\0\0000\207\0\0\0\0\0\0000\207\0\0\0\0\0\0000\17\0\0\0\0\0\0\0\0\0\0\0\0\0\0\20\0\0\0\0\0\0\0\0\0\0\0\0\0\0\0", 64) = 64
31461 lseek(3, 327854, SEEK_SET)        = 327854
31461 read(3, ".plt\0.init\0.text\0.fini\0.rodata\0.eh_frame_hdr\0.eh_frame\0.init_array\0.fini_array\0.data.rel.ro\0.dynamic\0.got\0.data\0.bss\0.gnu_debuglink\0", 132) = 132
31461 lseek(3, 327854, SEEK_SET)        = 327854
31461 read(3, ".plt\0", 5)              = 5
31461 lseek(3, 328760, SEEK_SET)        = 328760
31461 read(3, "}\0\0\0\1\0\0\0\6\0\0\0\0\0\0\0`\226\0\0\0\0\0\0`\226\0\0\0\0\0\0\364=\1\0\0\0\0\0\0\0\0\0\0\0\0\0\20\0\0\0\0\0\0\0\0\0\0\0\0\0\0\0", 64) = 64
31461 lseek(3, 327865, SEEK_SET)        = 327865
31461 read(3, ".text\0.fini\0.rodata\0.eh_frame_hdr\0.eh_frame\0.init_array\0.fini_array\0.data.rel.ro\0.dynamic\0.got\0.data\0.bss\0.gnu_debuglink\0", 121) = 121
31461 lseek(3, 327865, SEEK_SET)        = 327865
31461 read(3, ".text\0", 6)             = 6
31461 lseek(3, 328824, SEEK_SET)        = 328824
31461 read(3, "\203\0\0\0\1\0\0\0\6\0\0\0\0\0\0\0T\324\1\0\0\0\0\0T\324\1\0\0\0\0\0\24\0\0\0\0\0\0\0\0\0\0\0\0\0\0\0\4\0\0\0\0\0\0\0\0\0\0\0\0\0\0\0", 64) = 64
31461 lseek(3, 327871, SEEK_SET)        = 327871
31461 read(3, ".fini\0.rodata\0.eh_frame_hdr\0.eh_frame\0.init_array\0.fini_array\0.data.rel.ro\0.dynamic\0.got\0.data\0.bss\0.gnu_debuglink\0", 115) = 115
31461 lseek(3, 327871, SEEK_SET)        = 327871
31461 read(3, ".fini\0", 6)             = 6
31461 lseek(3, 328888, SEEK_SET)        = 328888
31461 read(3, "\211\0\0\0\1\0\0\0\2\0\0\0\0\0\0\0p\324\1\0\0\0\0\0p\324\1\0\0\0\0\0\22J\2\0\0\0\0\0\0\0\0\0\0\0\0\0\20\0\0\0\0\0\0\0\0\0\0\0\0\0\0\0", 64) = 64
31461 lseek(3, 327877, SEEK_SET)        = 327877
31461 read(3, ".rodata\0.eh_frame_hdr\0.eh_frame\0.init_array\0.fini_array\0.data.rel.ro\0.dynamic\0.got\0.data\0.bss\0.gnu_debuglink\0", 109) = 109
31461 lseek(3, 327877, SEEK_SET)        = 327877
31461 read(3, ".rodata\0", 8)           = 8
31461 lseek(3, 328952, SEEK_SET)        = 328952
31461 read(3, "\221\0\0\0\1\0\0\0\2\0\0\0\0\0\0\0\204\36\4\0\0\0\0\0\204\36\4\0\0\0\0\0\334\t\0\0\0\0\0\0\0\0\0\0\0\0\0\0\4\0\0\0\0\0\0\0\0\0\0\0\0\0\0\0", 64) = 64
31461 lseek(3, 327885, SEEK_SET)        = 327885
31461 read(3, ".eh_frame_hdr\0.eh_frame\0.init_array\0.fini_array\0.data.rel.ro\0.dynamic\0.got\0.data\0.bss\0.gnu_debuglink\0", 101) = 101
31461 lseek(3, 327885, SEEK_SET)        = 327885
31461 read(3, ".eh_frame_hdr\0", 14)    = 14
31461 lseek(3, 329016, SEEK_SET)        = 329016
31461 read(3, "\237\0\0\0\1\0\0\0\2\0\0\0\0\0\0\0`(\4\0\0\0\0\0`(\4\0\0\0\0\0\20>\0\0\0\0\0\0\0\0\0\0\0\0\0\0\10\0\0\0\0\0\0\0\0\0\0\0\0\0\0\0", 64) = 64
31461 lseek(3, 327899, SEEK_SET)        = 327899
31461 read(3, ".eh_frame\0.init_array\0.fini_array\0.data.rel.ro\0.dynamic\0.got\0.data\0.bss\0.gnu_debuglink\0", 87) = 87
31461 lseek(3, 327899, SEEK_SET)        = 327899
31461 read(3, ".eh_frame\0", 10)        = 10
31461 lseek(3, 329080, SEEK_SET)        = 329080
31461 read(3, "\251\0\0\0\16\0\0\0\3\0\0\0\0\0\0\0`\352\5\0\0\0\0\0`\352\4\0\0\0\0\0\10\0\0\0\0\0\0\0\0\0\0\0\0\0\0\0\10\0\0\0\0\0\0\0\10\0\0\0\0\0\0\0", 64) = 64
31461 lseek(3, 329144, SEEK_SET)        = 329144
31461 read(3, "\265\0\0\0\17\0\0\0\3\0\0\0\0\0\0\0h\352\5\0\0\0\0\0h\352\4\0\0\0\0\0\10\0\0\0\0\0\0\0\0\0\0\0\0\0\0\0\10\0\0\0\0\0\0\0\10\0\0\0\0\0\0\0", 64) = 64
31461 lseek(3, 329208, SEEK_SET)        = 329208
31461 read(3, "\301\0\0\0\1\0\0\0\3\0\0\0\0\0\0\0p\352\5\0\0\0\0\0p\352\4\0\0\0\0\0\20\v\0\0\0\0\0\0\0\0\0\0\0\0\0\0\20\0\0\0\0\0\0\0\0\0\0\0\0\0\0\0", 64) = 64
31461 lseek(3, 327933, SEEK_SET)        = 327933
31461 read(3, ".data.rel.ro\0.dynamic\0.got\0.data\0.bss\0.gnu_debuglink\0", 53) = 53
31461 lseek(3, 327933, SEEK_SET)        = 327933
31461 read(3, ".data.rel.ro\0", 13)     = 13
31461 lseek(3, 329272, SEEK_SET)        = 329272
31461 read(3, "\316\0\0\0\6\0\0\0\3\0\0\0\0\0\0\0\200\365\5\0\0\0\0\0\200\365\4\0\0\0\0\0@\2\0\0\0\0\0\0\4\0\0\0\0\0\0\0\10\0\0\0\0\0\0\0\20\0\0\0\0\0\0\0", 64) = 64
31461 lseek(3, 329336, SEEK_SET)        = 329336
31461 read(3, "\327\0\0\0\1\0\0\0\3\0\0\0\0\0\0\0\300\367\5\0\0\0\0\0\300\367\4\0\0\0\0\0@\10\0\0\0\0\0\0\0\0\0\0\0\0\0\0\10\0\0\0\0\0\0\0\10\0\0\0\0\0\0\0", 64) = 64
31461 lseek(3, 327955, SEEK_SET)        = 327955
31461 read(3, ".got\0.data\0.bss\0.gnu_debuglink\0", 31) = 31
31461 lseek(3, 327955, SEEK_SET)        = 327955
31461 read(3, ".got\0", 5)              = 5
31461 lseek(3, 329400, SEEK_SET)        = 329400
31461 read(3, "\334\0\0\0\1\0\0\0\3\0\0\0\0\0\0\0\0\0\6\0\0\0\0\0\0\0\5\0\0\0\0\0\10\0\0\0\0\0\0\0\0\0\0\0\0\0\0\0\10\0\0\0\0\0\0\0\0\0\0\0\0\0\0\0", 64) = 64
31461 lseek(3, 327960, SEEK_SET)        = 327960
31461 read(3, ".data\0.bss\0.gnu_debuglink\0", 26) = 26
31461 lseek(3, 327960, SEEK_SET)        = 327960
31461 read(3, ".data\0", 6)             = 6
31461 lseek(3, 329464, SEEK_SET)        = 329464
31461 read(3, "\342\0\0\0\10\0\0\0\3\0\0\0\0\0\0\0\10\0\6\0\0\0\0\0\10\0\5\0\0\0\0\0\10\0\0\0\0\0\0\0\0\0\0\0\0\0\0\0\1\0\0\0\0\0\0\0\0\0\0\0\0\0\0\0", 64) = 64
31461 lseek(3, 329528, SEEK_SET)        = 329528
31461 read(3, "\347\0\0\0\1\0\0\0\0\0\0\0\0\0\0\0\0\0\0\0\0\0\0\0\10\0\5\0\0\0\0\0004\0\0\0\0\0\0\0\0\0\0\0\0\0\0\0\4\0\0\0\0\0\0\0\0\0\0\0\0\0\0\0", 64) = 64
31461 lseek(3, 327971, SEEK_SET)        = 327971
31461 read(3, ".gnu_debuglink\0", 15)   = 15
31461 lseek(3, 327971, SEEK_SET)        = 327971
31461 read(3, ".gnu_debuglink\0", 15)   = 15
31461 lseek(3, 327688, SEEK_SET)        = 327688
31461 read(3, "3b2e636f7358e522a10524695e39d969f4a222.debug\0\0\0\0", 48) = 48
31461 read(3, "\202\316\344\17", 4)     = 4
31461 rt_sigprocmask(SIG_SETMASK, ~[RTMIN RT_1], [], 8) = 0
31461 rt_sigprocmask(SIG_SETMASK, [], NULL, 8) = 0
31461 close(3)                          = 0
31461 rt_sigprocmask(SIG_SETMASK, ~[RTMIN RT_1], [], 8) = 0
31461 rt_sigprocmask(SIG_SETMASK, [], NULL, 8) = 0
31461 readlinkat(AT_FDCWD, "/lib", "usr/lib", 1023) = 7
31461 readlinkat(AT_FDCWD, "/usr", 0x7fc472b6c0, 1023) = -1 EINVAL (Invalid argument)
31461 readlinkat(AT_FDCWD, "/usr/lib", 0x7fc472b6c0, 1023) = -1 EINVAL (Invalid argument)
31461 readlinkat(AT_FDCWD, "/usr/lib/aarch64-linux-gnu", 0x7fc472b6c0, 1023) = -1 EINVAL (Invalid argument)
31461 readlinkat(AT_FDCWD, "/usr/lib/aarch64-linux-gnu/libgmp.so.10", "libgmp.so.10.4.1", 1023) = 16
31461 readlinkat(AT_FDCWD, "/usr/lib/aarch64-linux-gnu/libgmp.so.10.4.1", 0x7fc472b6c0, 1023) = -1 EINVAL (Invalid argument)
31461 rt_sigprocmask(SIG_SETMASK, ~[RTMIN RT_1], [], 8) = 0
31461 rt_sigprocmask(SIG_SETMASK, [], NULL, 8) = 0
31461 openat(AT_FDCWD, "/usr/lib/aarch64-linux-gnu/libgmp.so.10.4.1", O_RDONLY|O_CLOEXEC) = 3
31461 rt_sigprocmask(SIG_SETMASK, ~[RTMIN RT_1], [], 8) = 0
31461 rt_sigprocmask(SIG_SETMASK, [], NULL, 8) = 0
31461 read(3, "\177ELF\2\1\1\0\0\0\0\0\0\0\0\0", 16) = 16
31461 lseek(3, 0, SEEK_SET)             = 0
31461 read(3, "\177ELF\2\1\1\0\0\0\0\0\0\0\0\0\3\0\267\0\1\0\0\0\0\0\0\0\0\0\0\0@\0\0\0\0\0\0\0\240\f\10\0\0\0\0\0\0\0\0\0@\08\0\7\0@\0\32\0\31\0", 64) = 64
31461 lseek(3, 529120, SEEK_SET)        = 529120
31461 read(3, "\1\0\0\0\3\0\0\0\0\0\0\0\0\0\0\0\0\0\0\0\0\0\0\0\254\v\10\0\0\0\0\0\360\0\0\0\0\0\0\0\0\0\0\0\0\0\0\0\1\0\0\0\0\0\0\0\0\0\0\0\0\0\0\0", 64) = 64
31461 lseek(3, 64, SEEK_SET)            = 64
31461 read(3, "\1\0\0\0\5\0\0\0\0\0\0\0\0\0\0\0\0\0\0\0\0\0\0\0\0\0\0\0\0\0\0\0pM\7\0\0\0\0\0pM\7\0\0\0\0\0\0\0\1\0\0\0\0\0", 56) = 56
31461 lseek(3, 120, SEEK_SET)           = 120
31461 read(3, "\1\0\0\0\6\0\0\0p\371\7\0\0\0\0\0p\371\10\0\0\0\0\0p\371\10\0\0\0\0\0\10\22\0\0\0\0\0\0@\22\0\0\0\0\0\0\0\0\1\0\0\0\0\0", 56) = 56
31461 lseek(3, 176, SEEK_SET)           = 176
31461 read(3, "\2\0\0\0\6\0\0\0\320\374\7\0\0\0\0\0\320\374\10\0\0\0\0\0\320\374\10\0\0\0\0\0\340\1\0\0\0\0\0\0\340\1\0\0\0\0\0\0\10\0\0\0\0\0\0\0", 56) = 56
31461 lseek(3, 232, SEEK_SET)           = 232
31461 read(3, "\4\0\0\0\4\0\0\0\310\1\0\0\0\0\0\0\310\1\0\0\0\0\0\0\310\1\0\0\0\0\0\0$\0\0\0\0\0\0\0$\0\0\0\0\0\0\0\4\0\0\0\0\0\0\0", 56) = 56
31461 lseek(3, 288, SEEK_SET)           = 288
31461 read(3, "P\345td\4\0\0\0p\257\6\0\0\0\0\0p\257\6\0\0\0\0\0p\257\6\0\0\0\0\0\254\23\0\0\0\0\0\0\254\23\0\0\0\0\0\0\4\0\0\0\0\0\0\0", 56) = 56
31461 lseek(3, 344, SEEK_SET)           = 344
31461 read(3, "Q\345td\6\0\0\0\0\0\0\0\0\0\0\0\0\0\0\0\0\0\0\0\0\0\0\0\0\0\0\0\0\0\0\0\0\0\0\0\0\0\0\0\0\0\0\0\20\0\0\0\0\0\0\0", 56) = 56
31461 lseek(3, 400, SEEK_SET)           = 400
31461 read(3, "R\345td\4\0\0\0p\371\7\0\0\0\0\0p\371\10\0\0\0\0\0p\371\10\0\0\0\0\0\220\6\0\0\0\0\0\0\220\6\0\0\0\0\0\0\1\0\0\0\0\0\0\0", 56) = 56
31461 lseek(3, 64, SEEK_SET)            = 64
31461 read(3, "\1\0\0\0\5\0\0\0\0\0\0\0\0\0\0\0\0\0\0\0\0\0\0\0\0\0\0\0\0\0\0\0pM\7\0\0\0\0\0pM\7\0\0\0\0\0\0\0\1\0\0\0\0\0", 56) = 56
31461 lseek(3, 120, SEEK_SET)           = 120
31461 read(3, "\1\0\0\0\6\0\0\0p\371\7\0\0\0\0\0p\371\10\0\0\0\0\0p\371\10\0\0\0\0\0\10\22\0\0\0\0\0\0@\22\0\0\0\0\0\0\0\0\1\0\0\0\0\0", 56) = 56
31461 lseek(3, 176, SEEK_SET)           = 176
31461 read(3, "\2\0\0\0\6\0\0\0\320\374\7\0\0\0\0\0\320\374\10\0\0\0\0\0\320\374\10\0\0\0\0\0\340\1\0\0\0\0\0\0\340\1\0\0\0\0\0\0\10\0\0\0\0\0\0\0", 56) = 56
31461 lseek(3, 232, SEEK_SET)           = 232
31461 read(3, "\4\0\0\0\4\0\0\0\310\1\0\0\0\0\0\0\310\1\0\0\0\0\0\0\310\1\0\0\0\0\0\0$\0\0\0\0\0\0\0$\0\0\0\0\0\0\0\4\0\0\0\0\0\0\0", 56) = 56
31461 lseek(3, 456, SEEK_SET)           = 456
31461 read(3, "\4\0\0\0\24\0\0\0\3\0\0\0", 12) = 12
31461 lseek(3, 472, SEEK_SET)           = 472
31461 read(3, "\32/\355\2\330\25\23\262\30|$\344Z\355\0\333R\223@\f", 20) = 20
31461 lseek(3, 527520, SEEK_SET)        = 527520
31461 read(3, "\0\0\0\0\0\0\0\0\0\0\0\0\0\0\0\0\0\0\0\0\0\0\0\0\0\0\0\0\0\0\0\0\0\0\0\0\0\0\0\0\0\0\0\0\0\0\0\0\0\0\0\0\0\0\0\0\0\0\0\0\0\0\0\0", 64) = 64
31461 lseek(3, 527584, SEEK_SET)        = 527584
31461 read(3, "\v\0\0\0\7\0\0\0\2\0\0\0\0\0\0\0\310\1\0\0\0\0\0\0\310\1\0\0\0\0\0\0$\0\0\0\0\0\0\0\0\0\0\0\0\0\0\0\4\0\0\0\0\0\0\0\0\0\0\0\0\0\0\0", 64) = 64
31461 lseek(3, 527648, SEEK_SET)        = 527648
31461 read(3, "\36\0\0\0\366\377\377o\2\0\0\0\0\0\0\0\360\1\0\0\0\0\0\0\360\1\0\0\0\0\0\0\270\23\0\0\0\0\0\0\3\0\0\0\0\0\0\0\10\0\0\0\0\0\0\0\0\0\0\0\0\0\0\0", 64) = 64
31461 lseek(3, 527712, SEEK_SET)        = 527712
31461 read(3, "(\0\0\0\v\0\0\0\2\0\0\0\0\0\0\0\250\25\0\0\0\0\0\0\250\25\0\0\0\0\0\0P=\0\0\0\0\0\0\4\0\0\0\3\0\0\0\10\0\0\0\0\0\0\0\30\0\0\0\0\0\0\0", 64) = 64
31461 lseek(3, 527776, SEEK_SET)        = 527776
31461 read(3, "0\0\0\0\3\0\0\0\2\0\0\0\0\0\0\0\370R\0\0\0\0\0\0\370R\0\0\0\0\0\0002*\0\0\0\0\0\0\0\0\0\0\0\0\0\0\1\0\0\0\0\0\0\0\0\0\0\0\0\0\0\0", 64) = 64
31461 lseek(3, 527840, SEEK_SET)        = 527840
31461 read(3, "8\0\0\0\377\377\377o\2\0\0\0\0\0\0\0*}\0\0\0\0\0\0*}\0\0\0\0\0\0\34\5\0\0\0\0\0\0\3\0\0\0\0\0\0\0\2\0\0\0\0\0\0\0\2\0\0\0\0\0\0\0", 64) = 64
31461 lseek(3, 527904, SEEK_SET)        = 527904
31461 read(3, "E\0\0\0\376\377\377o\2\0\0\0\0\0\0\0H\202\0\0\0\0\0\0H\202\0\0\0\0\0\0@\0\0\0\0\0\0\0\4\0\0\0\2\0\0\0\10\0\0\0\0\0\0\0\0\0\0\0\0\0\0\0", 64) = 64
31461 lseek(3, 527968, SEEK_SET)        = 527968
31461 read(3, "T\0\0\0\4\0\0\0\2\0\0\0\0\0\0\0\210\202\0\0\0\0\0\0\210\202\0\0\0\0\0\0 \n\0\0\0\0\0\0\3\0\0\0\0\0\0\0\10\0\0\0\0\0\0\0\30\0\0\0\0\0\0\0", 64) = 64
31461 lseek(3, 528032, SEEK_SET)        = 528032
31461 read(3, "^\0\0\0\4\0\0\0B\0\0\0\0\0\0\0\250\214\0\0\0\0\0\0\250\214\0\0\0\0\0\0`!\0\0\0\0\0\0\3\0\0\0\25\0\0\0\10\0\0\0\0\0\0\0\30\0\0\0\0\0\0\0", 64) = 64
31461 lseek(3, 528096, SEEK_SET)        = 528096
31461 read(3, "h\0\0\0\1\0\0\0\6\0\0\0\0\0\0\0\10\256\0\0\0\0\0\0\10\256\0\0\0\0\0\0\30\0\0\0\0\0\0\0\0\0\0\0\0\0\0\0\4\0\0\0\0\0\0\0\0\0\0\0\0\0\0\0", 64) = 64
31461 lseek(3, 527380, SEEK_SET)        = 527380
31461 read(3, ".init\0.text\0.fini\0.rodata\0.eh_frame_hdr\0.eh_frame\0.init_array\0.fini_array\0.data.rel.ro\0.dynamic\0.got\0.got.plt\0.data\0.bss\0.gnu_debuglink\0", 136) = 136
31461 lseek(3, 527380, SEEK_SET)        = 527380
31461 read(3, ".init\0", 6)             = 6
31461 lseek(3, 528160, SEEK_SET)        = 528160
31461 read(3, "c\0\0\0\1\0\0\0\6\0\0\0\0\0\0\0 \256\0\0\0\0\0\0 \256\0\0\0\0\0\0`\26\0\0\0\0\0\0\0\0\0\0\0\0\0\0\20\0\0\0\0\0\0\0\0\0\0\0\0\0\0\0", 64) = 64
31461 lseek(3, 527375, SEEK_SET)        = 527375
31461 read(3, ".plt\0.init\0.text\0.fini\0.rodata\0.eh_frame_hdr\0.eh_frame\0.init_array\0.fini_array\0.data.rel.ro\0.dynamic\0.got\0.got.plt\0.data\0.bss\0.gnu_debuglink\0", 141) = 141
31461 lseek(3, 527375, SEEK_SET)        = 527375
31461 read(3, ".plt\0", 5)              = 5
31461 lseek(3, 528224, SEEK_SET)        = 528224
31461 read(3, "n\0\0\0\1\0\0\0\6\0\0\0\0\0\0\0\200\304\0\0\0\0\0\0\200\304\0\0\0\0\0\0\250!\5\0\0\0\0\0\0\0\0\0\0\0\0\0 \0\0\0\0\0\0\0\0\0\0\0\0\0\0\0", 64) = 64
31461 lseek(3, 527386, SEEK_SET)        = 527386
31461 read(3, ".text\0.fini\0.rodata\0.eh_frame_hdr\0.eh_frame\0.init_array\0.fini_array\0.data.rel.ro\0.dynamic\0.got\0.got.plt\0.data\0.bss\0.gnu_debuglink\0", 130) = 130
31461 lseek(3, 527386, SEEK_SET)        = 527386
31461 read(3, ".text\0", 6)             = 6
31461 lseek(3, 528288, SEEK_SET)        = 528288
31461 read(3, "t\0\0\0\1\0\0\0\6\0\0\0\0\0\0\0(\346\5\0\0\0\0\0(\346\5\0\0\0\0\0\24\0\0\0\0\0\0\0\0\0\0\0\0\0\0\0\4\0\0\0\0\0\0\0\0\0\0\0\0\0\0\0", 64) = 64
31461 lseek(3, 527392, SEEK_SET)        = 527392
31461 read(3, ".fini\0.rodata\0.eh_frame_hdr\0.eh_frame\0.init_array\0.fini_array\0.data.rel.ro\0.dynamic\0.got\0.got.plt\0.data\0.bss\0.gnu_debuglink\0", 124) = 124
31461 lseek(3, 527392, SEEK_SET)        = 527392
31461 read(3, ".fini\0", 6)             = 6
31461 lseek(3, 528352, SEEK_SET)        = 528352
31461 read(3, "z\0\0\0\1\0\0\0\2\0\0\0\0\0\0\0@\346\5\0\0\0\0\0@\346\5\0\0\0\0\0000\311\0\0\0\0\0\0\0\0\0\0\0\0\0\0\20\0\0\0\0\0\0\0\0\0\0\0\0\0\0\0", 64) = 64
31461 lseek(3, 527398, SEEK_SET)        = 527398
31461 read(3, ".rodata\0.eh_frame_hdr\0.eh_frame\0.init_array\0.fini_array\0.data.rel.ro\0.dynamic\0.got\0.got.plt\0.data\0.bss\0.gnu_debuglink\0", 118) = 118
31461 lseek(3, 527398, SEEK_SET)        = 527398
31461 read(3, ".rodata\0", 8)           = 8
31461 lseek(3, 528416, SEEK_SET)        = 528416
31461 read(3, "\202\0\0\0\1\0\0\0\2\0\0\0\0\0\0\0p\257\6\0\0\0\0\0p\257\6\0\0\0\0\0\254\23\0\0\0\0\0\0\0\0\0\0\0\0\0\0\4\0\0\0\0\0\0\0\0\0\0\0\0\0\0\0", 64) = 64
31461 lseek(3, 527406, SEEK_SET)        = 527406
31461 read(3, ".eh_frame_hdr\0.eh_frame\0.init_array\0.fini_array\0.data.rel.ro\0.dynamic\0.got\0.got.plt\0.data\0.bss\0.gnu_debuglink\0", 110) = 110
31461 lseek(3, 527406, SEEK_SET)        = 527406
31461 read(3, ".eh_frame_hdr\0", 14)    = 14
31461 lseek(3, 528480, SEEK_SET)        = 528480
31461 read(3, "\220\0\0\0\1\0\0\0\2\0\0\0\0\0\0\0 \303\6\0\0\0\0\0 \303\6\0\0\0\0\0P\212\0\0\0\0\0\0\0\0\0\0\0\0\0\0\10\0\0\0\0\0\0\0\0\0\0\0\0\0\0\0", 64) = 64
31461 lseek(3, 527420, SEEK_SET)        = 527420
31461 read(3, ".eh_frame\0.init_array\0.fini_array\0.data.rel.ro\0.dynamic\0.got\0.got.plt\0.data\0.bss\0.gnu_debuglink\0", 96) = 96
31461 lseek(3, 527420, SEEK_SET)        = 527420
31461 read(3, ".eh_frame\0", 10)        = 10
31461 lseek(3, 528544, SEEK_SET)        = 528544
31461 read(3, "\232\0\0\0\16\0\0\0\3\0\0\0\0\0\0\0p\371\10\0\0\0\0\0p\371\7\0\0\0\0\0\10\0\0\0\0\0\0\0\0\0\0\0\0\0\0\0\10\0\0\0\0\0\0\0\10\0\0\0\0\0\0\0", 64) = 64
31461 lseek(3, 528608, SEEK_SET)        = 528608
31461 read(3, "\246\0\0\0\17\0\0\0\3\0\0\0\0\0\0\0x\371\10\0\0\0\0\0x\371\7\0\0\0\0\0\10\0\0\0\0\0\0\0\0\0\0\0\0\0\0\0\10\0\0\0\0\0\0\0\10\0\0\0\0\0\0\0", 64) = 64
31461 lseek(3, 528672, SEEK_SET)        = 528672
31461 read(3, "\262\0\0\0\1\0\0\0\3\0\0\0\0\0\0\0\200\371\10\0\0\0\0\0\200\371\7\0\0\0\0\0P\3\0\0\0\0\0\0\0\0\0\0\0\0\0\0\20\0\0\0\0\0\0\0\0\0\0\0\0\0\0\0", 64) = 64
31461 lseek(3, 527454, SEEK_SET)        = 527454
31461 read(3, ".data.rel.ro\0.dynamic\0.got\0.got.plt\0.data\0.bss\0.gnu_debuglink\0", 62) = 62
31461 lseek(3, 527454, SEEK_SET)        = 527454
31461 read(3, ".data.rel.ro\0", 13)     = 13
31461 lseek(3, 528736, SEEK_SET)        = 528736
31461 read(3, "\277\0\0\0\6\0\0\0\3\0\0\0\0\0\0\0\320\374\10\0\0\0\0\0\320\374\7\0\0\0\0\0\340\1\0\0\0\0\0\0\4\0\0\0\0\0\0\0\10\0\0\0\0\0\0\0\20\0\0\0\0\0\0\0", 64) = 64
31461 lseek(3, 528800, SEEK_SET)        = 528800
31461 read(3, "\310\0\0\0\1\0\0\0\3\0\0\0\0\0\0\0\260\376\10\0\0\0\0\0\260\376\7\0\0\0\0\08\1\0\0\0\0\0\0\0\0\0\0\0\0\0\0\10\0\0\0\0\0\0\0\10\0\0\0\0\0\0\0", 64) = 64
31461 lseek(3, 527476, SEEK_SET)        = 527476
31461 read(3, ".got\0.got.plt\0.data\0.bss\0.gnu_debuglink\0", 40) = 40
31461 lseek(3, 527476, SEEK_SET)        = 527476
31461 read(3, ".got\0", 5)              = 5
31461 lseek(3, 528864, SEEK_SET)        = 528864
31461 read(3, "\315\0\0\0\1\0\0\0\3\0\0\0\0\0\0\0\350\377\10\0\0\0\0\0\350\377\7\0\0\0\0\08\v\0\0\0\0\0\0\0\0\0\0\0\0\0\0\10\0\0\0\0\0\0\0\10\0\0\0\0\0\0\0", 64) = 64
31461 lseek(3, 527481, SEEK_SET)        = 527481
31461 read(3, ".got.plt\0.data\0.bss\0.gnu_debuglink\0", 35) = 35
31461 lseek(3, 527481, SEEK_SET)        = 527481
31461 read(3, ".got.plt\0", 9)          = 9
31461 lseek(3, 528928, SEEK_SET)        = 528928
31461 read(3, "\326\0\0\0\1\0\0\0\3\0\0\0\0\0\0\0 \v\t\0\0\0\0\0 \v\10\0\0\0\0\0X\0\0\0\0\0\0\0\0\0\0\0\0\0\0\0\20\0\0\0\0\0\0\0\0\0\0\0\0\0\0\0", 64) = 64
31461 lseek(3, 527490, SEEK_SET)        = 527490
31461 read(3, ".data\0.bss\0.gnu_debuglink\0", 26) = 26
31461 lseek(3, 527490, SEEK_SET)        = 527490
31461 read(3, ".data\0", 6)             = 6
31461 lseek(3, 528992, SEEK_SET)        = 528992
31461 read(3, "\334\0\0\0\10\0\0\0\3\0\0\0\0\0\0\0x\v\t\0\0\0\0\0x\v\10\0\0\0\0\08\0\0\0\0\0\0\0\0\0\0\0\0\0\0\0\10\0\0\0\0\0\0\0\0\0\0\0\0\0\0\0", 64) = 64
31461 lseek(3, 529056, SEEK_SET)        = 529056
31461 read(3, "\341\0\0\0\1\0\0\0\0\0\0\0\0\0\0\0\0\0\0\0\0\0\0\0x\v\10\0\0\0\0\0004\0\0\0\0\0\0\0\0\0\0\0\0\0\0\0\4\0\0\0\0\0\0\0\0\0\0\0\0\0\0\0", 64) = 64
31461 lseek(3, 527501, SEEK_SET)        = 527501
31461 read(3, ".gnu_debuglink\0", 15)   = 15
31461 lseek(3, 527501, SEEK_SET)        = 527501
31461 read(3, ".gnu_debuglink\0", 15)   = 15
31461 lseek(3, 527224, SEEK_SET)        = 527224
31461 read(3, "2fed02d81513b2187c24e45aed00db5293400c.debug\0\0\0\0", 48) = 48
31461 read(3, "\10\364F\17", 4)         = 4
31461 rt_sigprocmask(SIG_SETMASK, ~[RTMIN RT_1], [], 8) = 0
31461 rt_sigprocmask(SIG_SETMASK, [], NULL, 8) = 0
31461 close(3)                          = 0
31461 rt_sigprocmask(SIG_SETMASK, ~[RTMIN RT_1], [], 8) = 0
31461 rt_sigprocmask(SIG_SETMASK, [], NULL, 8) = 0
31461 readlinkat(AT_FDCWD, "/lib", "usr/lib", 1023) = 7
31461 readlinkat(AT_FDCWD, "/usr", 0x7fc472b6c0, 1023) = -1 EINVAL (Invalid argument)
31461 readlinkat(AT_FDCWD, "/usr/lib", 0x7fc472b6c0, 1023) = -1 EINVAL (Invalid argument)
31461 readlinkat(AT_FDCWD, "/usr/lib/aarch64-linux-gnu", 0x7fc472b6c0, 1023) = -1 EINVAL (Invalid argument)
31461 readlinkat(AT_FDCWD, "/usr/lib/aarch64-linux-gnu/libnuma.so.1", "libnuma.so.1.0.0", 1023) = 16
31461 readlinkat(AT_FDCWD, "/usr/lib/aarch64-linux-gnu/libnuma.so.1.0.0", 0x7fc472b6c0, 1023) = -1 EINVAL (Invalid argument)
31461 rt_sigprocmask(SIG_SETMASK, ~[RTMIN RT_1], [], 8) = 0
31461 rt_sigprocmask(SIG_SETMASK, [], NULL, 8) = 0
31461 openat(AT_FDCWD, "/usr/lib/aarch64-linux-gnu/libnuma.so.1.0.0", O_RDONLY|O_CLOEXEC) = 3
31461 rt_sigprocmask(SIG_SETMASK, ~[RTMIN RT_1], [], 8) = 0
31461 rt_sigprocmask(SIG_SETMASK, [], NULL, 8) = 0
31461 read(3, "\177ELF\2\1\1\0\0\0\0\0\0\0\0\0", 16) = 16
31461 lseek(3, 0, SEEK_SET)             = 0
31461 read(3, "\177ELF\2\1\1\0\0\0\0\0\0\0\0\0\3\0\267\0\1\0\0\0\0\0\0\0\0\0\0\0@\0\0\0\0\0\0\0@\5\1\0\0\0\0\0\0\0\0\0@\08\0\10\0@\0\34\0\33\0", 64) = 64
31461 lseek(3, 68608, SEEK_SET)         = 68608
31461 read(3, "\1\0\0\0\3\0\0\0\0\0\0\0\0\0\0\0\0\0\0\0\0\0\0\0<\4\1\0\0\0\0\0\377\0\0\0\0\0\0\0\0\0\0\0\0\0\0\0\1\0\0\0\0\0\0\0\0\0\0\0\0\0\0\0", 64) = 64
31461 lseek(3, 64, SEEK_SET)            = 64
31461 read(3, "\1\0\0\0\5\0\0\0\0\0\0\0\0\0\0\0\0\0\0\0\0\0\0\0\0\0\0\0\0\0\0\0\224\273\0\0\0\0\0\0\224\273\0\0\0\0\0\0\0\0\1\0\0\0\0\0", 56) = 56
31461 lseek(3, 120, SEEK_SET)           = 120
31461 read(3, "\1\0\0\0\6\0\0\0\f\375\0\0\0\0\0\0\f\375\1\0\0\0\0\0\f\375\1\0\0\0\0\0\374\6\0\0\0\0\0\0\204I\0\0\0\0\0\0\0\0\1\0\0\0\0\0", 56) = 56
31461 lseek(3, 176, SEEK_SET)           = 176
31461 read(3, "\2\0\0\0\6\0\0\08\375\0\0\0\0\0\08\375\1\0\0\0\0\08\375\1\0\0\0\0\0 \2\0\0\0\0\0\0 \2\0\0\0\0\0\0\10\0\0\0\0\0\0\0", 56) = 56
31461 lseek(3, 232, SEEK_SET)           = 232
31461 read(3, "\4\0\0\0\4\0\0\0\0\2\0\0\0\0\0\0\0\2\0\0\0\0\0\0\0\2\0\0\0\0\0\0$\0\0\0\0\0\0\0$\0\0\0\0\0\0\0\4\0\0\0\0\0\0\0", 56) = 56
31461 lseek(3, 288, SEEK_SET)           = 288
31461 read(3, "\7\0\0\0\4\0\0\0\f\375\0\0\0\0\0\0\f\375\1\0\0\0\0\0\f\375\1\0\0\0\0\0\4\0\0\0\0\0\0\0\10\0\0\0\0\0\0\0\4\0\0\0\0\0\0\0", 56) = 56
31461 lseek(3, 344, SEEK_SET)           = 344
31461 read(3, "P\345td\4\0\0\0\300\237\0\0\0\0\0\0\300\237\0\0\0\0\0\0\300\237\0\0\0\0\0\0\364\3\0\0\0\0\0\0\364\3\0\0\0\0\0\0\4\0\0\0\0\0\0\0", 56) = 56
31461 lseek(3, 400, SEEK_SET)           = 400
31461 read(3, "Q\345td\6\0\0\0\0\0\0\0\0\0\0\0\0\0\0\0\0\0\0\0\0\0\0\0\0\0\0\0\0\0\0\0\0\0\0\0\0\0\0\0\0\0\0\0\20\0\0\0\0\0\0\0", 56) = 56
31461 lseek(3, 456, SEEK_SET)           = 456
31461 read(3, "R\345td\4\0\0\0\f\375\0\0\0\0\0\0\f\375\1\0\0\0\0\0\f\375\1\0\0\0\0\0\364\2\0\0\0\0\0\0\364\2\0\0\0\0\0\0\1\0\0\0\0\0\0\0", 56) = 56
31461 lseek(3, 64, SEEK_SET)            = 64
31461 read(3, "\1\0\0\0\5\0\0\0\0\0\0\0\0\0\0\0\0\0\0\0\0\0\0\0\0\0\0\0\0\0\0\0\224\273\0\0\0\0\0\0\224\273\0\0\0\0\0\0\0\0\1\0\0\0\0\0", 56) = 56
31461 lseek(3, 120, SEEK_SET)           = 120
31461 read(3, "\1\0\0\0\6\0\0\0\f\375\0\0\0\0\0\0\f\375\1\0\0\0\0\0\f\375\1\0\0\0\0\0\374\6\0\0\0\0\0\0\204I\0\0\0\0\0\0\0\0\1\0\0\0\0\0", 56) = 56
31461 lseek(3, 176, SEEK_SET)           = 176
31461 read(3, "\2\0\0\0\6\0\0\08\375\0\0\0\0\0\08\375\1\0\0\0\0\08\375\1\0\0\0\0\0 \2\0\0\0\0\0\0 \2\0\0\0\0\0\0\10\0\0\0\0\0\0\0", 56) = 56
31461 lseek(3, 232, SEEK_SET)           = 232
31461 read(3, "\4\0\0\0\4\0\0\0\0\2\0\0\0\0\0\0\0\2\0\0\0\0\0\0\0\2\0\0\0\0\0\0$\0\0\0\0\0\0\0$\0\0\0\0\0\0\0\4\0\0\0\0\0\0\0", 56) = 56
31461 lseek(3, 512, SEEK_SET)           = 512
31461 read(3, "\4\0\0\0\24\0\0\0\3\0\0\0", 12) = 12
31461 lseek(3, 528, SEEK_SET)           = 528
31461 read(3, "\260\27\342C\260\263\351\23|\304&]Q80Q\314\342C\215", 20) = 20
31461 lseek(3, 66880, SEEK_SET)         = 66880
31461 read(3, "\0\0\0\0\0\0\0\0\0\0\0\0\0\0\0\0\0\0\0\0\0\0\0\0\0\0\0\0\0\0\0\0\0\0\0\0\0\0\0\0\0\0\0\0\0\0\0\0\0\0\0\0\0\0\0\0\0\0\0\0\0\0\0\0", 64) = 64
31461 lseek(3, 66944, SEEK_SET)         = 66944
31461 read(3, "\v\0\0\0\7\0\0\0\2\0\0\0\0\0\0\0\0\2\0\0\0\0\0\0\0\2\0\0\0\0\0\0$\0\0\0\0\0\0\0\0\0\0\0\0\0\0\0\4\0\0\0\0\0\0\0\0\0\0\0\0\0\0\0", 64) = 64
31461 lseek(3, 67008, SEEK_SET)         = 67008
31461 read(3, "\36\0\0\0\366\377\377o\2\0\0\0\0\0\0\0(\2\0\0\0\0\0\0(\2\0\0\0\0\0\0\324\3\0\0\0\0\0\0\3\0\0\0\0\0\0\0\10\0\0\0\0\0\0\0\0\0\0\0\0\0\0\0", 64) = 64
31461 lseek(3, 67072, SEEK_SET)         = 67072
31461 read(3, "(\0\0\0\v\0\0\0\2\0\0\0\0\0\0\0\0\6\0\0\0\0\0\0\0\6\0\0\0\0\0\0(\21\0\0\0\0\0\0\4\0\0\0\3\0\0\0\10\0\0\0\0\0\0\0\30\0\0\0\0\0\0\0", 64) = 64
31461 lseek(3, 67136, SEEK_SET)         = 67136
31461 read(3, "0\0\0\0\3\0\0\0\2\0\0\0\0\0\0\0(\27\0\0\0\0\0\0(\27\0\0\0\0\0\0\326\t\0\0\0\0\0\0\0\0\0\0\0\0\0\0\1\0\0\0\0\0\0\0\0\0\0\0\0\0\0\0", 64) = 64
31461 lseek(3, 67200, SEEK_SET)         = 67200
31461 read(3, "8\0\0\0\377\377\377o\2\0\0\0\0\0\0\0\376 \0\0\0\0\0\0\376 \0\0\0\0\0\0n\1\0\0\0\0\0\0\3\0\0\0\0\0\0\0\2\0\0\0\0\0\0\0\2\0\0\0\0\0\0\0", 64) = 64
31461 lseek(3, 67264, SEEK_SET)         = 67264
31461 read(3, "E\0\0\0\375\377\377o\2\0\0\0\0\0\0\0p\"\0\0\0\0\0\0p\"\0\0\0\0\0\0\20\1\0\0\0\0\0\0\4\0\0\0\10\0\0\0\10\0\0\0\0\0\0\0\0\0\0\0\0\0\0\0", 64) = 64
31461 lseek(3, 67328, SEEK_SET)         = 67328
31461 read(3, "T\0\0\0\376\377\377o\2\0\0\0\0\0\0\0\200#\0\0\0\0\0\0\200#\0\0\0\0\0\0P\0\0\0\0\0\0\0\4\0\0\0\2\0\0\0\10\0\0\0\0\0\0\0\0\0\0\0\0\0\0\0", 64) = 64
31461 lseek(3, 67392, SEEK_SET)         = 67392
31461 read(3, "c\0\0\0\4\0\0\0\2\0\0\0\0\0\0\0\320#\0\0\0\0\0\0\320#\0\0\0\0\0\0000\3\0\0\0\0\0\0\3\0\0\0\0\0\0\0\10\0\0\0\0\0\0\0\30\0\0\0\0\0\0\0", 64) = 64
31461 lseek(3, 67456, SEEK_SET)         = 67456
31461 read(3, "m\0\0\0\4\0\0\0B\0\0\0\0\0\0\0\0'\0\0\0\0\0\0\0'\0\0\0\0\0\0000\t\0\0\0\0\0\0\3\0\0\0\27\0\0\0\10\0\0\0\0\0\0\0\30\0\0\0\0\0\0\0", 64) = 64
31461 lseek(3, 67520, SEEK_SET)         = 67520
31461 read(3, "w\0\0\0\1\0\0\0\6\0\0\0\0\0\0\00000\0\0\0\0\0\00000\0\0\0\0\0\0\30\0\0\0\0\0\0\0\0\0\0\0\0\0\0\0\4\0\0\0\0\0\0\0\0\0\0\0\0\0\0\0", 64) = 64
31461 lseek(3, 66739, SEEK_SET)         = 66739
31461 read(3, ".init\0.text\0.fini\0.rodata\0.eh_frame_hdr\0.eh_frame\0.tdata\0.tbss\0.init_array\0.fini_array\0.dynamic\0.got\0.got.plt\0.data\0.bss\0.gnu_debuglink\0", 136) = 136
31461 lseek(3, 66739, SEEK_SET)         = 66739
31461 read(3, ".init\0", 6)             = 6
31461 lseek(3, 67584, SEEK_SET)         = 67584
31461 read(3, "r\0\0\0\1\0\0\0\6\0\0\0\0\0\0\0P0\0\0\0\0\0\0P0\0\0\0\0\0\0@\6\0\0\0\0\0\0\0\0\0\0\0\0\0\0\20\0\0\0\0\0\0\0\0\0\0\0\0\0\0\0", 64) = 64
31461 lseek(3, 66734, SEEK_SET)         = 66734
31461 read(3, ".plt\0.init\0.text\0.fini\0.rodata\0.eh_frame_hdr\0.eh_frame\0.tdata\0.tbss\0.init_array\0.fini_array\0.dynamic\0.got\0.got.plt\0.data\0.bss\0.gnu_debuglink\0", 141) = 141
31461 lseek(3, 66734, SEEK_SET)         = 66734
31461 read(3, ".plt\0", 5)              = 5
31461 lseek(3, 67648, SEEK_SET)         = 67648
31461 read(3, "}\0\0\0\1\0\0\0\6\0\0\0\0\0\0\0\2206\0\0\0\0\0\0\2206\0\0\0\0\0\0000`\0\0\0\0\0\0\0\0\0\0\0\0\0\0\20\0\0\0\0\0\0\0\0\0\0\0\0\0\0\0", 64) = 64
31461 lseek(3, 66745, SEEK_SET)         = 66745
31461 read(3, ".text\0.fini\0.rodata\0.eh_frame_hdr\0.eh_frame\0.tdata\0.tbss\0.init_array\0.fini_array\0.dynamic\0.got\0.got.plt\0.data\0.bss\0.gnu_debuglink\0", 130) = 130
31461 lseek(3, 66745, SEEK_SET)         = 66745
31461 read(3, ".text\0", 6)             = 6
31461 lseek(3, 67712, SEEK_SET)         = 67712
31461 read(3, "\203\0\0\0\1\0\0\0\6\0\0\0\0\0\0\0\300\226\0\0\0\0\0\0\300\226\0\0\0\0\0\0\24\0\0\0\0\0\0\0\0\0\0\0\0\0\0\0\4\0\0\0\0\0\0\0\0\0\0\0\0\0\0\0", 64) = 64
31461 lseek(3, 66751, SEEK_SET)         = 66751
31461 read(3, ".fini\0.rodata\0.eh_frame_hdr\0.eh_frame\0.tdata\0.tbss\0.init_array\0.fini_array\0.dynamic\0.got\0.got.plt\0.data\0.bss\0.gnu_debuglink\0", 124) = 124
31461 lseek(3, 66751, SEEK_SET)         = 66751
31461 read(3, ".fini\0", 6)             = 6
31461 lseek(3, 67776, SEEK_SET)         = 67776
31461 read(3, "\211\0\0\0\1\0\0\0\2\0\0\0\0\0\0\0\330\226\0\0\0\0\0\0\330\226\0\0\0\0\0\0\347\10\0\0\0\0\0\0\0\0\0\0\0\0\0\0\10\0\0\0\0\0\0\0\0\0\0\0\0\0\0\0", 64) = 64
31461 lseek(3, 66757, SEEK_SET)         = 66757
31461 read(3, ".rodata\0.eh_frame_hdr\0.eh_frame\0.tdata\0.tbss\0.init_array\0.fini_array\0.dynamic\0.got\0.got.plt\0.data\0.bss\0.gnu_debuglink\0", 118) = 118
31461 lseek(3, 66757, SEEK_SET)         = 66757
31461 read(3, ".rodata\0", 8)           = 8
31461 lseek(3, 67840, SEEK_SET)         = 67840
31461 read(3, "\221\0\0\0\1\0\0\0\2\0\0\0\0\0\0\0\300\237\0\0\0\0\0\0\300\237\0\0\0\0\0\0\364\3\0\0\0\0\0\0\0\0\0\0\0\0\0\0\4\0\0\0\0\0\0\0\0\0\0\0\0\0\0\0", 64) = 64
31461 lseek(3, 66765, SEEK_SET)         = 66765
31461 read(3, ".eh_frame_hdr\0.eh_frame\0.tdata\0.tbss\0.init_array\0.fini_array\0.dynamic\0.got\0.got.plt\0.data\0.bss\0.gnu_debuglink\0", 110) = 110
31461 lseek(3, 66765, SEEK_SET)         = 66765
31461 read(3, ".eh_frame_hdr\0", 14)    = 14
31461 lseek(3, 67904, SEEK_SET)         = 67904
31461 read(3, "\237\0\0\0\1\0\0\0\2\0\0\0\0\0\0\0\270\243\0\0\0\0\0\0\270\243\0\0\0\0\0\0\334\27\0\0\0\0\0\0\0\0\0\0\0\0\0\0\10\0\0\0\0\0\0\0\0\0\0\0\0\0\0\0", 64) = 64
31461 lseek(3, 66779, SEEK_SET)         = 66779
31461 read(3, ".eh_frame\0.tdata\0.tbss\0.init_array\0.fini_array\0.dynamic\0.got\0.got.plt\0.data\0.bss\0.gnu_debuglink\0", 96) = 96
31461 lseek(3, 66779, SEEK_SET)         = 66779
31461 read(3, ".eh_frame\0", 10)        = 10
31461 lseek(3, 67968, SEEK_SET)         = 67968
31461 read(3, "\251\0\0\0\1\0\0\0\3\4\0\0\0\0\0\0\f\375\1\0\0\0\0\0\f\375\0\0\0\0\0\0\4\0\0\0\0\0\0\0\0\0\0\0\0\0\0\0\4\0\0\0\0\0\0\0\0\0\0\0\0\0\0\0", 64) = 64
31461 lseek(3, 66789, SEEK_SET)         = 66789
31461 read(3, ".tdata\0.tbss\0.init_array\0.fini_array\0.dynamic\0.got\0.got.plt\0.data\0.bss\0.gnu_debuglink\0", 86) = 86
31461 lseek(3, 66789, SEEK_SET)         = 66789
31461 read(3, ".tdata\0", 7)            = 7
31461 lseek(3, 68032, SEEK_SET)         = 68032
31461 read(3, "\260\0\0\0\10\0\0\0\3\4\0\0\0\0\0\0\20\375\1\0\0\0\0\0\20\375\0\0\0\0\0\0\4\0\0\0\0\0\0\0\0\0\0\0\0\0\0\0\4\0\0\0\0\0\0\0\0\0\0\0\0\0\0\0", 64) = 64
31461 lseek(3, 68096, SEEK_SET)         = 68096
31461 read(3, "\266\0\0\0\16\0\0\0\3\0\0\0\0\0\0\0\20\375\1\0\0\0\0\0\20\375\0\0\0\0\0\0\30\0\0\0\0\0\0\0\0\0\0\0\0\0\0\0\10\0\0\0\0\0\0\0\10\0\0\0\0\0\0\0", 64) = 64
31461 lseek(3, 68160, SEEK_SET)         = 68160
31461 read(3, "\302\0\0\0\17\0\0\0\3\0\0\0\0\0\0\0(\375\1\0\0\0\0\0(\375\0\0\0\0\0\0\20\0\0\0\0\0\0\0\0\0\0\0\0\0\0\0\10\0\0\0\0\0\0\0\10\0\0\0\0\0\0\0", 64) = 64
31461 lseek(3, 68224, SEEK_SET)         = 68224
31461 read(3, "\316\0\0\0\6\0\0\0\3\0\0\0\0\0\0\08\375\1\0\0\0\0\08\375\0\0\0\0\0\0 \2\0\0\0\0\0\0\4\0\0\0\0\0\0\0\10\0\0\0\0\0\0\0\20\0\0\0\0\0\0\0", 64) = 64
31461 lseek(3, 68288, SEEK_SET)         = 68288
31461 read(3, "\327\0\0\0\1\0\0\0\3\0\0\0\0\0\0\0X\377\1\0\0\0\0\0X\377\0\0\0\0\0\0\220\0\0\0\0\0\0\0\0\0\0\0\0\0\0\0\10\0\0\0\0\0\0\0\10\0\0\0\0\0\0\0", 64) = 64
31461 lseek(3, 66835, SEEK_SET)         = 66835
31461 read(3, ".got\0.got.plt\0.data\0.bss\0.gnu_debuglink\0", 40) = 40
31461 lseek(3, 66835, SEEK_SET)         = 66835
31461 read(3, ".got\0", 5)              = 5
31461 lseek(3, 68352, SEEK_SET)         = 68352
31461 read(3, "\334\0\0\0\1\0\0\0\3\0\0\0\0\0\0\0\350\377\1\0\0\0\0\0\350\377\0\0\0\0\0\08\3\0\0\0\0\0\0\0\0\0\0\0\0\0\0\10\0\0\0\0\0\0\0\10\0\0\0\0\0\0\0", 64) = 64
31461 lseek(3, 66840, SEEK_SET)         = 66840
31461 read(3, ".got.plt\0.data\0.bss\0.gnu_debuglink\0", 35) = 35
31461 lseek(3, 66840, SEEK_SET)         = 66840
31461 read(3, ".got.plt\0", 9)          = 9
31461 lseek(3, 68416, SEEK_SET)         = 68416
31461 read(3, "\345\0\0\0\1\0\0\0\3\0\0\0\0\0\0\0 \3\2\0\0\0\0\0 \3\1\0\0\0\0\0\350\0\0\0\0\0\0\0\0\0\0\0\0\0\0\0\10\0\0\0\0\0\0\0\0\0\0\0\0\0\0\0", 64) = 64
31461 lseek(3, 66849, SEEK_SET)         = 66849
31461 read(3, ".data\0.bss\0.gnu_debuglink\0", 26) = 26
31461 lseek(3, 66849, SEEK_SET)         = 66849
31461 read(3, ".data\0", 6)             = 6
31461 lseek(3, 68480, SEEK_SET)         = 68480
31461 read(3, "\353\0\0\0\10\0\0\0\3\0\0\0\0\0\0\0\20\4\2\0\0\0\0\0\10\4\1\0\0\0\0\0\200B\0\0\0\0\0\0\0\0\0\0\0\0\0\0\20\0\0\0\0\0\0\0\0\0\0\0\0\0\0\0", 64) = 64
31461 lseek(3, 68544, SEEK_SET)         = 68544
31461 read(3, "\360\0\0\0\1\0\0\0\0\0\0\0\0\0\0\0\0\0\0\0\0\0\0\0\10\4\1\0\0\0\0\0004\0\0\0\0\0\0\0\0\0\0\0\0\0\0\0\4\0\0\0\0\0\0\0\0\0\0\0\0\0\0\0", 64) = 64
31461 lseek(3, 66860, SEEK_SET)         = 66860
31461 read(3, ".gnu_debuglink\0", 15)   = 15
31461 lseek(3, 66860, SEEK_SET)         = 66860
31461 read(3, ".gnu_debuglink\0", 15)   = 15
31461 lseek(3, 66568, SEEK_SET)         = 66568
31461 read(3, "17e243b0b3e9137cc4265d51383051cce2438d.debug\0\0\0\0", 48) = 48
31461 read(3, "\3503\f\352", 4)         = 4
31461 rt_sigprocmask(SIG_SETMASK, ~[RTMIN RT_1], [], 8) = 0
31461 rt_sigprocmask(SIG_SETMASK, [], NULL, 8) = 0
31461 close(3)                          = 0
31461 rt_sigprocmask(SIG_SETMASK, ~[RTMIN RT_1], [], 8) = 0
31461 rt_sigprocmask(SIG_SETMASK, [], NULL, 8) = 0
31461 readlinkat(AT_FDCWD, "/lib", "usr/lib", 1023) = 7
31461 readlinkat(AT_FDCWD, "/usr", 0x7fc472b6c0, 1023) = -1 EINVAL (Invalid argument)
31461 readlinkat(AT_FDCWD, "/usr/lib", 0x7fc472b6c0, 1023) = -1 EINVAL (Invalid argument)
31461 readlinkat(AT_FDCWD, "/usr/lib/aarch64-linux-gnu", 0x7fc472b6c0, 1023) = -1 EINVAL (Invalid argument)
31461 readlinkat(AT_FDCWD, "/usr/lib/aarch64-linux-gnu/liblttng-ust-common.so.1", "liblttng-ust-common.so.1.0.0", 1023) = 28
31461 readlinkat(AT_FDCWD, "/usr/lib/aarch64-linux-gnu/liblttng-ust-common.so.1.0.0", 0x7fc472b6c0, 1023) = -1 EINVAL (Invalid argument)
31461 rt_sigprocmask(SIG_SETMASK, ~[RTMIN RT_1], [], 8) = 0
31461 rt_sigprocmask(SIG_SETMASK, [], NULL, 8) = 0
31461 openat(AT_FDCWD, "/usr/lib/aarch64-linux-gnu/liblttng-ust-common.so.1.0.0", O_RDONLY|O_CLOEXEC) = 3
31461 rt_sigprocmask(SIG_SETMASK, ~[RTMIN RT_1], [], 8) = 0
31461 rt_sigprocmask(SIG_SETMASK, [], NULL, 8) = 0
31461 read(3, "\177ELF\2\1\1\0\0\0\0\0\0\0\0\0", 16) = 16
31461 lseek(3, 0, SEEK_SET)             = 0
31461 read(3, "\177ELF\2\1\1\0\0\0\0\0\0\0\0\0\3\0\267\0\1\0\0\0\0\0\0\0\0\0\0\0@\0\0\0\0\0\0\0\330\7\1\0\0\0\0\0\0\0\0\0@\08\0\10\0@\0\32\0\31\0", 64) = 64
31461 lseek(3, 69144, SEEK_SET)         = 69144
31461 read(3, "\1\0\0\0\3\0\0\0\0\0\0\0\0\0\0\0\0\0\0\0\0\0\0\0\344\6\1\0\0\0\0\0\355\0\0\0\0\0\0\0\0\0\0\0\0\0\0\0\1\0\0\0\0\0\0\0\0\0\0\0\0\0\0\0", 64) = 64
31461 lseek(3, 64, SEEK_SET)            = 64
31461 read(3, "\1\0\0\0\5\0\0\0\0\0\0\0\0\0\0\0\0\0\0\0\0\0\0\0\0\0\0\0\0\0\0\0\\\352\0\0\0\0\0\0\\\352\0\0\0\0\0\0\0\0\1\0\0\0\0\0", 56) = 56
31461 lseek(3, 120, SEEK_SET)           = 120
31461 read(3, "\1\0\0\0\6\0\0\0000\371\0\0\0\0\0\0000\371\1\0\0\0\0\0000\371\1\0\0\0\0\0\200\r\0\0\0\0\0\0\220\17\0\0\0\0\0\0\0\0\1\0\0\0\0\0", 56) = 56
31461 lseek(3, 176, SEEK_SET)           = 176
31461 read(3, "\2\0\0\0\6\0\0\0\0\373\0\0\0\0\0\0\0\373\1\0\0\0\0\0\0\373\1\0\0\0\0\0\0\2\0\0\0\0\0\0\0\2\0\0\0\0\0\0\10\0\0\0\0\0\0\0", 56) = 56
31461 lseek(3, 232, SEEK_SET)           = 232
31461 read(3, "\4\0\0\0\4\0\0\0\0\2\0\0\0\0\0\0\0\2\0\0\0\0\0\0\0\2\0\0\0\0\0\0$\0\0\0\0\0\0\0$\0\0\0\0\0\0\0\4\0\0\0\0\0\0\0", 56) = 56
31461 lseek(3, 288, SEEK_SET)           = 288
31461 read(3, "\7\0\0\0\4\0\0\0000\371\0\0\0\0\0\0000\371\1\0\0\0\0\0000\371\1\0\0\0\0\0\0\0\0\0\0\0\0\0\30\0\0\0\0\0\0\0\10\0\0\0\0\0\0\0", 56) = 56
31461 lseek(3, 344, SEEK_SET)           = 344
31461 read(3, "P\345td\4\0\0\0\234\315\0\0\0\0\0\0\234\315\0\0\0\0\0\0\234\315\0\0\0\0\0\0\f\4\0\0\0\0\0\0\f\4\0\0\0\0\0\0\4\0\0\0\0\0\0\0", 56) = 56
31461 lseek(3, 400, SEEK_SET)           = 400
31461 read(3, "Q\345td\6\0\0\0\0\0\0\0\0\0\0\0\0\0\0\0\0\0\0\0\0\0\0\0\0\0\0\0\0\0\0\0\0\0\0\0\0\0\0\0\0\0\0\0\20\0\0\0\0\0\0\0", 56) = 56
31461 lseek(3, 456, SEEK_SET)           = 456
31461 read(3, "R\345td\4\0\0\0000\371\0\0\0\0\0\0000\371\1\0\0\0\0\0000\371\1\0\0\0\0\0\320\6\0\0\0\0\0\0\320\6\0\0\0\0\0\0\1\0\0\0\0\0\0\0", 56) = 56
31461 lseek(3, 64, SEEK_SET)            = 64
31461 read(3, "\1\0\0\0\5\0\0\0\0\0\0\0\0\0\0\0\0\0\0\0\0\0\0\0\0\0\0\0\0\0\0\0\\\352\0\0\0\0\0\0\\\352\0\0\0\0\0\0\0\0\1\0\0\0\0\0", 56) = 56
31461 lseek(3, 120, SEEK_SET)           = 120
31461 read(3, "\1\0\0\0\6\0\0\0000\371\0\0\0\0\0\0000\371\1\0\0\0\0\0000\371\1\0\0\0\0\0\200\r\0\0\0\0\0\0\220\17\0\0\0\0\0\0\0\0\1\0\0\0\0\0", 56) = 56
31461 lseek(3, 176, SEEK_SET)           = 176
31461 read(3, "\2\0\0\0\6\0\0\0\0\373\0\0\0\0\0\0\0\373\1\0\0\0\0\0\0\373\1\0\0\0\0\0\0\2\0\0\0\0\0\0\0\2\0\0\0\0\0\0\10\0\0\0\0\0\0\0", 56) = 56
31461 lseek(3, 232, SEEK_SET)           = 232
31461 read(3, "\4\0\0\0\4\0\0\0\0\2\0\0\0\0\0\0\0\2\0\0\0\0\0\0\0\2\0\0\0\0\0\0$\0\0\0\0\0\0\0$\0\0\0\0\0\0\0\4\0\0\0\0\0\0\0", 56) = 56
31461 lseek(3, 512, SEEK_SET)           = 512
31461 read(3, "\4\0\0\0\24\0\0\0\3\0\0\0", 12) = 12
31461 lseek(3, 528, SEEK_SET)           = 528
31461 read(3, "\361V\355\2608\321\5\331\377\307Tq\343wvo\367 {\202", 20) = 20
31461 lseek(3, 67544, SEEK_SET)         = 67544
31461 read(3, "\0\0\0\0\0\0\0\0\0\0\0\0\0\0\0\0\0\0\0\0\0\0\0\0\0\0\0\0\0\0\0\0\0\0\0\0\0\0\0\0\0\0\0\0\0\0\0\0\0\0\0\0\0\0\0\0\0\0\0\0\0\0\0\0", 64) = 64
31461 lseek(3, 67608, SEEK_SET)         = 67608
31461 read(3, "\v\0\0\0\7\0\0\0\2\0\0\0\0\0\0\0\0\2\0\0\0\0\0\0\0\2\0\0\0\0\0\0$\0\0\0\0\0\0\0\0\0\0\0\0\0\0\0\4\0\0\0\0\0\0\0\0\0\0\0\0\0\0\0", 64) = 64
31461 lseek(3, 67672, SEEK_SET)         = 67672
31461 read(3, "\36\0\0\0\366\377\377o\2\0\0\0\0\0\0\0(\2\0\0\0\0\0\0(\2\0\0\0\0\0\0h\1\0\0\0\0\0\0\3\0\0\0\0\0\0\0\10\0\0\0\0\0\0\0\0\0\0\0\0\0\0\0", 64) = 64
31461 lseek(3, 67736, SEEK_SET)         = 67736
31461 read(3, "(\0\0\0\v\0\0\0\2\0\0\0\0\0\0\0\220\3\0\0\0\0\0\0\220\3\0\0\0\0\0\0\370\n\0\0\0\0\0\0\4\0\0\0\3\0\0\0\10\0\0\0\0\0\0\0\30\0\0\0\0\0\0\0", 64) = 64
31461 lseek(3, 67800, SEEK_SET)         = 67800
31461 read(3, "0\0\0\0\3\0\0\0\2\0\0\0\0\0\0\0\210\16\0\0\0\0\0\0\210\16\0\0\0\0\0\0\31\10\0\0\0\0\0\0\0\0\0\0\0\0\0\0\1\0\0\0\0\0\0\0\0\0\0\0\0\0\0\0", 64) = 64
31461 lseek(3, 67864, SEEK_SET)         = 67864
31461 read(3, "8\0\0\0\377\377\377o\2\0\0\0\0\0\0\0\242\26\0\0\0\0\0\0\242\26\0\0\0\0\0\0\352\0\0\0\0\0\0\0\3\0\0\0\0\0\0\0\2\0\0\0\0\0\0\0\2\0\0\0\0\0\0\0", 64) = 64
31461 lseek(3, 67928, SEEK_SET)         = 67928
31461 read(3, "E\0\0\0\376\377\377o\2\0\0\0\0\0\0\0\220\27\0\0\0\0\0\0\220\27\0\0\0\0\0\0p\0\0\0\0\0\0\0\4\0\0\0\2\0\0\0\10\0\0\0\0\0\0\0\0\0\0\0\0\0\0\0", 64) = 64
31461 lseek(3, 67992, SEEK_SET)         = 67992
31461 read(3, "T\0\0\0\4\0\0\0\2\0\0\0\0\0\0\0\0\30\0\0\0\0\0\0\0\30\0\0\0\0\0\0H\t\0\0\0\0\0\0\3\0\0\0\0\0\0\0\10\0\0\0\0\0\0\0\30\0\0\0\0\0\0\0", 64) = 64
31461 lseek(3, 68056, SEEK_SET)         = 68056
31461 read(3, "^\0\0\0\4\0\0\0B\0\0\0\0\0\0\0H!\0\0\0\0\0\0H!\0\0\0\0\0\0h\7\0\0\0\0\0\0\3\0\0\0\25\0\0\0\10\0\0\0\0\0\0\0\30\0\0\0\0\0\0\0", 64) = 64
31461 lseek(3, 68120, SEEK_SET)         = 68120
31461 read(3, "h\0\0\0\1\0\0\0\6\0\0\0\0\0\0\0\260(\0\0\0\0\0\0\260(\0\0\0\0\0\0\30\0\0\0\0\0\0\0\0\0\0\0\0\0\0\0\4\0\0\0\0\0\0\0\0\0\0\0\0\0\0\0", 64) = 64
31461 lseek(3, 67404, SEEK_SET)         = 67404
31461 read(3, ".init\0.text\0.fini\0.rodata\0.eh_frame_hdr\0.eh_frame\0.tbss\0.init_array\0.fini_array\0.data.rel.ro\0.dynamic\0.got\0.data\0.bss\0.gnu_debuglink\0", 133) = 133
31461 lseek(3, 67404, SEEK_SET)         = 67404
31461 read(3, ".init\0", 6)             = 6
31461 lseek(3, 68184, SEEK_SET)         = 68184
31461 read(3, "c\0\0\0\1\0\0\0\6\0\0\0\0\0\0\0\320(\0\0\0\0\0\0\320(\0\0\0\0\0\0\340\4\0\0\0\0\0\0\0\0\0\0\0\0\0\0\20\0\0\0\0\0\0\0\0\0\0\0\0\0\0\0", 64) = 64
31461 lseek(3, 67399, SEEK_SET)         = 67399
31461 read(3, ".plt\0.init\0.text\0.fini\0.rodata\0.eh_frame_hdr\0.eh_frame\0.tbss\0.init_array\0.fini_array\0.data.rel.ro\0.dynamic\0.got\0.data\0.bss\0.gnu_debuglink\0", 138) = 138
31461 lseek(3, 67399, SEEK_SET)         = 67399
31461 read(3, ".plt\0", 5)              = 5
31461 lseek(3, 68248, SEEK_SET)         = 68248
31461 read(3, "n\0\0\0\1\0\0\0\6\0\0\0\0\0\0\0\260-\0\0\0\0\0\0\260-\0\0\0\0\0\08\217\0\0\0\0\0\0\0\0\0\0\0\0\0\0\20\0\0\0\0\0\0\0\0\0\0\0\0\0\0\0", 64) = 64
31461 lseek(3, 67410, SEEK_SET)         = 67410
31461 read(3, ".text\0.fini\0.rodata\0.eh_frame_hdr\0.eh_frame\0.tbss\0.init_array\0.fini_array\0.data.rel.ro\0.dynamic\0.got\0.data\0.bss\0.gnu_debuglink\0", 127) = 127
31461 lseek(3, 67410, SEEK_SET)         = 67410
31461 read(3, ".text\0", 6)             = 6
31461 lseek(3, 68312, SEEK_SET)         = 68312
31461 read(3, "t\0\0\0\1\0\0\0\6\0\0\0\0\0\0\0\350\274\0\0\0\0\0\0\350\274\0\0\0\0\0\0\24\0\0\0\0\0\0\0\0\0\0\0\0\0\0\0\4\0\0\0\0\0\0\0\0\0\0\0\0\0\0\0", 64) = 64
31461 lseek(3, 67416, SEEK_SET)         = 67416
31461 read(3, ".fini\0.rodata\0.eh_frame_hdr\0.eh_frame\0.tbss\0.init_array\0.fini_array\0.data.rel.ro\0.dynamic\0.got\0.data\0.bss\0.gnu_debuglink\0", 121) = 121
31461 lseek(3, 67416, SEEK_SET)         = 67416
31461 read(3, ".fini\0", 6)             = 6
31461 lseek(3, 68376, SEEK_SET)         = 68376
31461 read(3, "z\0\0\0\1\0\0\0\2\0\0\0\0\0\0\0\0\275\0\0\0\0\0\0\0\275\0\0\0\0\0\0\232\20\0\0\0\0\0\0\0\0\0\0\0\0\0\0\20\0\0\0\0\0\0\0\0\0\0\0\0\0\0\0", 64) = 64
31461 lseek(3, 67422, SEEK_SET)         = 67422
31461 read(3, ".rodata\0.eh_frame_hdr\0.eh_frame\0.tbss\0.init_array\0.fini_array\0.data.rel.ro\0.dynamic\0.got\0.data\0.bss\0.gnu_debuglink\0", 115) = 115
31461 lseek(3, 67422, SEEK_SET)         = 67422
31461 read(3, ".rodata\0", 8)           = 8
31461 lseek(3, 68440, SEEK_SET)         = 68440
31461 read(3, "\202\0\0\0\1\0\0\0\2\0\0\0\0\0\0\0\234\315\0\0\0\0\0\0\234\315\0\0\0\0\0\0\f\4\0\0\0\0\0\0\0\0\0\0\0\0\0\0\4\0\0\0\0\0\0\0\0\0\0\0\0\0\0\0", 64) = 64
31461 lseek(3, 67430, SEEK_SET)         = 67430
31461 read(3, ".eh_frame_hdr\0.eh_frame\0.tbss\0.init_array\0.fini_array\0.data.rel.ro\0.dynamic\0.got\0.data\0.bss\0.gnu_debuglink\0", 107) = 107
31461 lseek(3, 67430, SEEK_SET)         = 67430
31461 read(3, ".eh_frame_hdr\0", 14)    = 14
31461 lseek(3, 68504, SEEK_SET)         = 68504
31461 read(3, "\220\0\0\0\1\0\0\0\2\0\0\0\0\0\0\0\250\321\0\0\0\0\0\0\250\321\0\0\0\0\0\0\264\30\0\0\0\0\0\0\0\0\0\0\0\0\0\0\10\0\0\0\0\0\0\0\0\0\0\0\0\0\0\0", 64) = 64
31461 lseek(3, 67444, SEEK_SET)         = 67444
31461 read(3, ".eh_frame\0.tbss\0.init_array\0.fini_array\0.data.rel.ro\0.dynamic\0.got\0.data\0.bss\0.gnu_debuglink\0", 93) = 93
31461 lseek(3, 67444, SEEK_SET)         = 67444
31461 read(3, ".eh_frame\0", 10)        = 10
31461 lseek(3, 68568, SEEK_SET)         = 68568
31461 read(3, "\232\0\0\0\10\0\0\0\3\4\0\0\0\0\0\0000\371\1\0\0\0\0\0000\371\0\0\0\0\0\0\30\0\0\0\0\0\0\0\0\0\0\0\0\0\0\0\10\0\0\0\0\0\0\0\0\0\0\0\0\0\0\0", 64) = 64
31461 lseek(3, 68632, SEEK_SET)         = 68632
31461 read(3, "\240\0\0\0\16\0\0\0\3\0\0\0\0\0\0\0000\371\1\0\0\0\0\0000\371\0\0\0\0\0\0 \0\0\0\0\0\0\0\0\0\0\0\0\0\0\0\10\0\0\0\0\0\0\0\10\0\0\0\0\0\0\0", 64) = 64
31461 lseek(3, 68696, SEEK_SET)         = 68696
31461 read(3, "\254\0\0\0\17\0\0\0\3\0\0\0\0\0\0\0P\371\1\0\0\0\0\0P\371\0\0\0\0\0\0\20\0\0\0\0\0\0\0\0\0\0\0\0\0\0\0\10\0\0\0\0\0\0\0\10\0\0\0\0\0\0\0", 64) = 64
31461 lseek(3, 68760, SEEK_SET)         = 68760
31461 read(3, "\270\0\0\0\1\0\0\0\3\0\0\0\0\0\0\0`\371\1\0\0\0\0\0`\371\0\0\0\0\0\0\240\1\0\0\0\0\0\0\0\0\0\0\0\0\0\0\10\0\0\0\0\0\0\0\0\0\0\0\0\0\0\0", 64) = 64
31461 lseek(3, 67484, SEEK_SET)         = 67484
31461 read(3, ".data.rel.ro\0.dynamic\0.got\0.data\0.bss\0.gnu_debuglink\0", 53) = 53
31461 lseek(3, 67484, SEEK_SET)         = 67484
31461 read(3, ".data.rel.ro\0", 13)     = 13
31461 lseek(3, 68824, SEEK_SET)         = 68824
31461 read(3, "\305\0\0\0\6\0\0\0\3\0\0\0\0\0\0\0\0\373\1\0\0\0\0\0\0\373\0\0\0\0\0\0\0\2\0\0\0\0\0\0\4\0\0\0\0\0\0\0\10\0\0\0\0\0\0\0\20\0\0\0\0\0\0\0", 64) = 64
31461 lseek(3, 68888, SEEK_SET)         = 68888
31461 read(3, "\316\0\0\0\1\0\0\0\3\0\0\0\0\0\0\0\0\375\1\0\0\0\0\0\0\375\0\0\0\0\0\0\0\3\0\0\0\0\0\0\0\0\0\0\0\0\0\0\10\0\0\0\0\0\0\0\10\0\0\0\0\0\0\0", 64) = 64
31461 lseek(3, 67506, SEEK_SET)         = 67506
31461 read(3, ".got\0.data\0.bss\0.gnu_debuglink\0", 31) = 31
31461 lseek(3, 67506, SEEK_SET)         = 67506
31461 read(3, ".got\0", 5)              = 5
31461 lseek(3, 68952, SEEK_SET)         = 68952
31461 read(3, "\323\0\0\0\1\0\0\0\3\0\0\0\0\0\0\0\0\0\2\0\0\0\0\0\0\0\1\0\0\0\0\0\260\6\0\0\0\0\0\0\0\0\0\0\0\0\0\0@\0\0\0\0\0\0\0\0\0\0\0\0\0\0\0", 64) = 64
31461 lseek(3, 67511, SEEK_SET)         = 67511
31461 read(3, ".data\0.bss\0.gnu_debuglink\0", 26) = 26
31461 lseek(3, 67511, SEEK_SET)         = 67511
31461 read(3, ".data\0", 6)             = 6
31461 lseek(3, 69016, SEEK_SET)         = 69016
31461 read(3, "\331\0\0\0\10\0\0\0\3\0\0\0\0\0\0\0\260\6\2\0\0\0\0\0\260\6\1\0\0\0\0\0\20\2\0\0\0\0\0\0\0\0\0\0\0\0\0\0\20\0\0\0\0\0\0\0\0\0\0\0\0\0\0\0", 64) = 64
31461 lseek(3, 69080, SEEK_SET)         = 69080
31461 read(3, "\336\0\0\0\1\0\0\0\0\0\0\0\0\0\0\0\0\0\0\0\0\0\0\0\260\6\1\0\0\0\0\0004\0\0\0\0\0\0\0\0\0\0\0\0\0\0\0\4\0\0\0\0\0\0\0\0\0\0\0\0\0\0\0", 64) = 64
31461 lseek(3, 67522, SEEK_SET)         = 67522
31461 read(3, ".gnu_debuglink\0", 15)   = 15
31461 lseek(3, 67522, SEEK_SET)         = 67522
31461 read(3, ".gnu_debuglink\0", 15)   = 15
31461 lseek(3, 67248, SEEK_SET)         = 67248
31461 read(3, "56edb038d105d9ffc75471e377766ff7207b82.debug\0\0\0\0", 48) = 48
31461 read(3, "\216\354<b", 4)          = 4
31461 rt_sigprocmask(SIG_SETMASK, ~[RTMIN RT_1], [], 8) = 0
31461 rt_sigprocmask(SIG_SETMASK, [], NULL, 8) = 0
31461 close(3)                          = 0
31461 rt_sigprocmask(SIG_SETMASK, ~[RTMIN RT_1], [], 8) = 0
31461 rt_sigprocmask(SIG_SETMASK, [], NULL, 8) = 0
31461 readlinkat(AT_FDCWD, "/lib", "usr/lib", 1023) = 7
31461 readlinkat(AT_FDCWD, "/usr", 0x7fc472b6c0, 1023) = -1 EINVAL (Invalid argument)
31461 readlinkat(AT_FDCWD, "/usr/lib", 0x7fc472b6c0, 1023) = -1 EINVAL (Invalid argument)
31461 readlinkat(AT_FDCWD, "/usr/lib/aarch64-linux-gnu", 0x7fc472b6c0, 1023) = -1 EINVAL (Invalid argument)
31461 readlinkat(AT_FDCWD, "/usr/lib/aarch64-linux-gnu/liblttng-ust-tracepoint.so.1", "liblttng-ust-tracepoint.so.1.0.0", 1023) = 32
31461 readlinkat(AT_FDCWD, "/usr/lib/aarch64-linux-gnu/liblttng-ust-tracepoint.so.1.0.0", 0x7fc472b6c0, 1023) = -1 EINVAL (Invalid argument)
31461 rt_sigprocmask(SIG_SETMASK, ~[RTMIN RT_1], [], 8) = 0
31461 rt_sigprocmask(SIG_SETMASK, [], NULL, 8) = 0
31461 openat(AT_FDCWD, "/usr/lib/aarch64-linux-gnu/liblttng-ust-tracepoint.so.1.0.0", O_RDONLY|O_CLOEXEC) = 3
31461 rt_sigprocmask(SIG_SETMASK, ~[RTMIN RT_1], [], 8) = 0
31461 rt_sigprocmask(SIG_SETMASK, [], NULL, 8) = 0
31461 read(3, "\177ELF\2\1\1\0\0\0\0\0\0\0\0\0", 16) = 16
31461 lseek(3, 0, SEEK_SET)             = 0
31461 read(3, "\177ELF\2\1\1\0\0\0\0\0\0\0\0\0\3\0\267\0\1\0\0\0\0\0\0\0\0\0\0\0@\0\0\0\0\0\0\0 \10\1\0\0\0\0\0\0\0\0\0@\08\0\7\0@\0\32\0\31\0", 64) = 64
31461 lseek(3, 69216, SEEK_SET)         = 69216
31461 read(3, "\1\0\0\0\3\0\0\0\0\0\0\0\0\0\0\0\0\0\0\0\0\0\0\0$\7\1\0\0\0\0\0\371\0\0\0\0\0\0\0\0\0\0\0\0\0\0\0\1\0\0\0\0\0\0\0\0\0\0\0\0\0\0\0", 64) = 64
31461 lseek(3, 64, SEEK_SET)            = 64
31461 read(3, "\1\0\0\0\5\0\0\0\0\0\0\0\0\0\0\0\0\0\0\0\0\0\0\0\0\0\0\0\0\0\0\0\224\351\0\0\0\0\0\0\224\351\0\0\0\0\0\0\0\0\1\0\0\0\0\0", 56) = 56
31461 lseek(3, 120, SEEK_SET)           = 120
31461 read(3, "\1\0\0\0\6\0\0\0\360\371\0\0\0\0\0\0\360\371\1\0\0\0\0\0\360\371\1\0\0\0\0\0\260\f\0\0\0\0\0\0\300\r\1\0\0\0\0\0\0\0\1\0\0\0\0\0", 56) = 56
31461 lseek(3, 176, SEEK_SET)           = 176
31461 read(3, "\2\0\0\0\6\0\0\0\270\373\0\0\0\0\0\0\270\373\1\0\0\0\0\0\270\373\1\0\0\0\0\0\20\2\0\0\0\0\0\0\20\2\0\0\0\0\0\0\10\0\0\0\0\0\0\0", 56) = 56
31461 lseek(3, 232, SEEK_SET)           = 232
31461 read(3, "\4\0\0\0\4\0\0\0\310\1\0\0\0\0\0\0\310\1\0\0\0\0\0\0\310\1\0\0\0\0\0\0$\0\0\0\0\0\0\0$\0\0\0\0\0\0\0\4\0\0\0\0\0\0\0", 56) = 56
31461 lseek(3, 288, SEEK_SET)           = 288
31461 read(3, "P\345td\4\0\0\0\314\317\0\0\0\0\0\0\314\317\0\0\0\0\0\0\314\317\0\0\0\0\0\0t\3\0\0\0\0\0\0t\3\0\0\0\0\0\0\4\0\0\0\0\0\0\0", 56) = 56
31461 lseek(3, 344, SEEK_SET)           = 344
31461 read(3, "Q\345td\6\0\0\0\0\0\0\0\0\0\0\0\0\0\0\0\0\0\0\0\0\0\0\0\0\0\0\0\0\0\0\0\0\0\0\0\0\0\0\0\0\0\0\0\20\0\0\0\0\0\0\0", 56) = 56
31461 lseek(3, 400, SEEK_SET)           = 400
31461 read(3, "R\345td\4\0\0\0\360\371\0\0\0\0\0\0\360\371\1\0\0\0\0\0\360\371\1\0\0\0\0\0\20\6\0\0\0\0\0\0\20\6\0\0\0\0\0\0\1\0\0\0\0\0\0\0", 56) = 56
31461 lseek(3, 64, SEEK_SET)            = 64
31461 read(3, "\1\0\0\0\5\0\0\0\0\0\0\0\0\0\0\0\0\0\0\0\0\0\0\0\0\0\0\0\0\0\0\0\224\351\0\0\0\0\0\0\224\351\0\0\0\0\0\0\0\0\1\0\0\0\0\0", 56) = 56
31461 lseek(3, 120, SEEK_SET)           = 120
31461 read(3, "\1\0\0\0\6\0\0\0\360\371\0\0\0\0\0\0\360\371\1\0\0\0\0\0\360\371\1\0\0\0\0\0\260\f\0\0\0\0\0\0\300\r\1\0\0\0\0\0\0\0\1\0\0\0\0\0", 56) = 56
31461 lseek(3, 176, SEEK_SET)           = 176
31461 read(3, "\2\0\0\0\6\0\0\0\270\373\0\0\0\0\0\0\270\373\1\0\0\0\0\0\270\373\1\0\0\0\0\0\20\2\0\0\0\0\0\0\20\2\0\0\0\0\0\0\10\0\0\0\0\0\0\0", 56) = 56
31461 lseek(3, 232, SEEK_SET)           = 232
31461 read(3, "\4\0\0\0\4\0\0\0\310\1\0\0\0\0\0\0\310\1\0\0\0\0\0\0\310\1\0\0\0\0\0\0$\0\0\0\0\0\0\0$\0\0\0\0\0\0\0\4\0\0\0\0\0\0\0", 56) = 56
31461 lseek(3, 456, SEEK_SET)           = 456
31461 read(3, "\4\0\0\0\24\0\0\0\3\0\0\0", 12) = 12
31461 lseek(3, 472, SEEK_SET)           = 472
31461 read(3, "{\201O4i\353\33:^\265cb^\217\326\224\22XR|", 20) = 20
31461 lseek(3, 67616, SEEK_SET)         = 67616
31461 read(3, "\0\0\0\0\0\0\0\0\0\0\0\0\0\0\0\0\0\0\0\0\0\0\0\0\0\0\0\0\0\0\0\0\0\0\0\0\0\0\0\0\0\0\0\0\0\0\0\0\0\0\0\0\0\0\0\0\0\0\0\0\0\0\0\0", 64) = 64
31461 lseek(3, 67680, SEEK_SET)         = 67680
31461 read(3, "\v\0\0\0\7\0\0\0\2\0\0\0\0\0\0\0\310\1\0\0\0\0\0\0\310\1\0\0\0\0\0\0$\0\0\0\0\0\0\0\0\0\0\0\0\0\0\0\4\0\0\0\0\0\0\0\0\0\0\0\0\0\0\0", 64) = 64
31461 lseek(3, 67744, SEEK_SET)         = 67744
31461 read(3, "\36\0\0\0\366\377\377o\2\0\0\0\0\0\0\0\360\1\0\0\0\0\0\0\360\1\0\0\0\0\0\0h\0\0\0\0\0\0\0\3\0\0\0\0\0\0\0\10\0\0\0\0\0\0\0\0\0\0\0\0\0\0\0", 64) = 64
31461 lseek(3, 67808, SEEK_SET)         = 67808
31461 read(3, "(\0\0\0\v\0\0\0\2\0\0\0\0\0\0\0X\2\0\0\0\0\0\0X\2\0\0\0\0\0\0\230\7\0\0\0\0\0\0\4\0\0\0\3\0\0\0\10\0\0\0\0\0\0\0\30\0\0\0\0\0\0\0", 64) = 64
31461 lseek(3, 67872, SEEK_SET)         = 67872
31461 read(3, "0\0\0\0\3\0\0\0\2\0\0\0\0\0\0\0\360\t\0\0\0\0\0\0\360\t\0\0\0\0\0\0v\5\0\0\0\0\0\0\0\0\0\0\0\0\0\0\1\0\0\0\0\0\0\0\0\0\0\0\0\0\0\0", 64) = 64
31461 lseek(3, 67936, SEEK_SET)         = 67936
31461 read(3, "8\0\0\0\377\377\377o\2\0\0\0\0\0\0\0f\17\0\0\0\0\0\0f\17\0\0\0\0\0\0\242\0\0\0\0\0\0\0\3\0\0\0\0\0\0\0\2\0\0\0\0\0\0\0\2\0\0\0\0\0\0\0", 64) = 64
31461 lseek(3, 68000, SEEK_SET)         = 68000
31461 read(3, "E\0\0\0\376\377\377o\2\0\0\0\0\0\0\0\10\20\0\0\0\0\0\0\10\20\0\0\0\0\0\0`\0\0\0\0\0\0\0\4\0\0\0\2\0\0\0\10\0\0\0\0\0\0\0\0\0\0\0\0\0\0\0", 64) = 64
31461 lseek(3, 68064, SEEK_SET)         = 68064
31461 read(3, "T\0\0\0\4\0\0\0\2\0\0\0\0\0\0\0h\20\0\0\0\0\0\0h\20\0\0\0\0\0\0000\t\0\0\0\0\0\0\3\0\0\0\0\0\0\0\10\0\0\0\0\0\0\0\30\0\0\0\0\0\0\0", 64) = 64
31461 lseek(3, 68128, SEEK_SET)         = 68128
31461 read(3, "^\0\0\0\4\0\0\0B\0\0\0\0\0\0\0\230\31\0\0\0\0\0\0\230\31\0\0\0\0\0\0p\5\0\0\0\0\0\0\3\0\0\0\24\0\0\0\10\0\0\0\0\0\0\0\30\0\0\0\0\0\0\0", 64) = 64
31461 lseek(3, 68192, SEEK_SET)         = 68192
31461 read(3, "h\0\0\0\1\0\0\0\6\0\0\0\0\0\0\0\10\37\0\0\0\0\0\0\10\37\0\0\0\0\0\0\30\0\0\0\0\0\0\0\0\0\0\0\0\0\0\0\4\0\0\0\0\0\0\0\0\0\0\0\0\0\0\0", 64) = 64
31461 lseek(3, 67468, SEEK_SET)         = 67468
31461 read(3, ".init\0.text\0.fini\0.rodata\0.eh_frame_hdr\0.eh_frame\0.init_array\0.fini_array\0.data.rel.ro\0.dynamic\0.got\0.data\0.bss\0.gnu_debugaltlink\0.gnu_debuglink\0", 145) = 145
31461 lseek(3, 67468, SEEK_SET)         = 67468
31461 read(3, ".init\0", 6)             = 6
31461 lseek(3, 68256, SEEK_SET)         = 68256
31461 read(3, "c\0\0\0\1\0\0\0\6\0\0\0\0\0\0\0 \37\0\0\0\0\0\0 \37\0\0\0\0\0\0\260\3\0\0\0\0\0\0\0\0\0\0\0\0\0\0\20\0\0\0\0\0\0\0\0\0\0\0\0\0\0\0", 64) = 64
31461 lseek(3, 67463, SEEK_SET)         = 67463
31461 read(3, ".plt\0.init\0.text\0.fini\0.rodata\0.eh_frame_hdr\0.eh_frame\0.init_array\0.fini_array\0.data.rel.ro\0.dynamic\0.got\0.data\0.bss\0.gnu_debugaltlink\0.gnu_debuglink\0", 150) = 150
31461 lseek(3, 67463, SEEK_SET)         = 67463
31461 read(3, ".plt\0", 5)              = 5
31461 lseek(3, 68320, SEEK_SET)         = 68320
31461 read(3, "n\0\0\0\1\0\0\0\6\0\0\0\0\0\0\0\320\"\0\0\0\0\0\0\320\"\0\0\0\0\0\0\210\222\0\0\0\0\0\0\0\0\0\0\0\0\0\0\20\0\0\0\0\0\0\0\0\0\0\0\0\0\0\0", 64) = 64
31461 lseek(3, 67474, SEEK_SET)         = 67474
31461 read(3, ".text\0.fini\0.rodata\0.eh_frame_hdr\0.eh_frame\0.init_array\0.fini_array\0.data.rel.ro\0.dynamic\0.got\0.data\0.bss\0.gnu_debugaltlink\0.gnu_debuglink\0", 139) = 139
31461 lseek(3, 67474, SEEK_SET)         = 67474
31461 read(3, ".text\0", 6)             = 6
31461 lseek(3, 68384, SEEK_SET)         = 68384
31461 read(3, "t\0\0\0\1\0\0\0\6\0\0\0\0\0\0\0X\265\0\0\0\0\0\0X\265\0\0\0\0\0\0\24\0\0\0\0\0\0\0\0\0\0\0\0\0\0\0\4\0\0\0\0\0\0\0\0\0\0\0\0\0\0\0", 64) = 64
31461 lseek(3, 67480, SEEK_SET)         = 67480
31461 read(3, ".fini\0.rodata\0.eh_frame_hdr\0.eh_frame\0.init_array\0.fini_array\0.data.rel.ro\0.dynamic\0.got\0.data\0.bss\0.gnu_debugaltlink\0.gnu_debuglink\0", 133) = 133
31461 lseek(3, 67480, SEEK_SET)         = 67480
31461 read(3, ".fini\0", 6)             = 6
31461 lseek(3, 68448, SEEK_SET)         = 68448
31461 read(3, "z\0\0\0\1\0\0\0\2\0\0\0\0\0\0\0p\265\0\0\0\0\0\0p\265\0\0\0\0\0\0Z\32\0\0\0\0\0\0\0\0\0\0\0\0\0\0\20\0\0\0\0\0\0\0\0\0\0\0\0\0\0\0", 64) = 64
31461 lseek(3, 67486, SEEK_SET)         = 67486
31461 read(3, ".rodata\0.eh_frame_hdr\0.eh_frame\0.init_array\0.fini_array\0.data.rel.ro\0.dynamic\0.got\0.data\0.bss\0.gnu_debugaltlink\0.gnu_debuglink\0", 127) = 127
31461 lseek(3, 67486, SEEK_SET)         = 67486
31461 read(3, ".rodata\0", 8)           = 8
31461 lseek(3, 68512, SEEK_SET)         = 68512
31461 read(3, "\202\0\0\0\1\0\0\0\2\0\0\0\0\0\0\0\314\317\0\0\0\0\0\0\314\317\0\0\0\0\0\0t\3\0\0\0\0\0\0\0\0\0\0\0\0\0\0\4\0\0\0\0\0\0\0\0\0\0\0\0\0\0\0", 64) = 64
31461 lseek(3, 67494, SEEK_SET)         = 67494
31461 read(3, ".eh_frame_hdr\0.eh_frame\0.init_array\0.fini_array\0.data.rel.ro\0.dynamic\0.got\0.data\0.bss\0.gnu_debugaltlink\0.gnu_debuglink\0", 119) = 119
31461 lseek(3, 67494, SEEK_SET)         = 67494
31461 read(3, ".eh_frame_hdr\0", 14)    = 14
31461 lseek(3, 68576, SEEK_SET)         = 68576
31461 read(3, "\220\0\0\0\1\0\0\0\2\0\0\0\0\0\0\0@\323\0\0\0\0\0\0@\323\0\0\0\0\0\0T\26\0\0\0\0\0\0\0\0\0\0\0\0\0\0\10\0\0\0\0\0\0\0\0\0\0\0\0\0\0\0", 64) = 64
31461 lseek(3, 67508, SEEK_SET)         = 67508
31461 read(3, ".eh_frame\0.init_array\0.fini_array\0.data.rel.ro\0.dynamic\0.got\0.data\0.bss\0.gnu_debugaltlink\0.gnu_debuglink\0", 105) = 105
31461 lseek(3, 67508, SEEK_SET)         = 67508
31461 read(3, ".eh_frame\0", 10)        = 10
31461 lseek(3, 68640, SEEK_SET)         = 68640
31461 read(3, "\232\0\0\0\16\0\0\0\3\0\0\0\0\0\0\0\360\371\1\0\0\0\0\0\360\371\0\0\0\0\0\0\30\0\0\0\0\0\0\0\0\0\0\0\0\0\0\0\10\0\0\0\0\0\0\0\10\0\0\0\0\0\0\0", 64) = 64
31461 lseek(3, 68704, SEEK_SET)         = 68704
31461 read(3, "\246\0\0\0\17\0\0\0\3\0\0\0\0\0\0\0\10\372\1\0\0\0\0\0\10\372\0\0\0\0\0\0\20\0\0\0\0\0\0\0\0\0\0\0\0\0\0\0\10\0\0\0\0\0\0\0\10\0\0\0\0\0\0\0", 64) = 64
31461 lseek(3, 68768, SEEK_SET)         = 68768
31461 read(3, "\262\0\0\0\1\0\0\0\3\0\0\0\0\0\0\0\30\372\1\0\0\0\0\0\30\372\0\0\0\0\0\0\240\1\0\0\0\0\0\0\0\0\0\0\0\0\0\0\10\0\0\0\0\0\0\0\0\0\0\0\0\0\0\0", 64) = 64
31461 lseek(3, 67542, SEEK_SET)         = 67542
31461 read(3, ".data.rel.ro\0.dynamic\0.got\0.data\0.bss\0.gnu_debugaltlink\0.gnu_debuglink\0", 71) = 71
31461 lseek(3, 67542, SEEK_SET)         = 67542
31461 read(3, ".data.rel.ro\0", 13)     = 13
31461 lseek(3, 68832, SEEK_SET)         = 68832
31461 read(3, "\277\0\0\0\6\0\0\0\3\0\0\0\0\0\0\0\270\373\1\0\0\0\0\0\270\373\0\0\0\0\0\0\20\2\0\0\0\0\0\0\4\0\0\0\0\0\0\0\10\0\0\0\0\0\0\0\20\0\0\0\0\0\0\0", 64) = 64
31461 lseek(3, 68896, SEEK_SET)         = 68896
31461 read(3, "\310\0\0\0\1\0\0\0\3\0\0\0\0\0\0\0\310\375\1\0\0\0\0\0\310\375\0\0\0\0\0\08\2\0\0\0\0\0\0\0\0\0\0\0\0\0\0\10\0\0\0\0\0\0\0\10\0\0\0\0\0\0\0", 64) = 64
31461 lseek(3, 67564, SEEK_SET)         = 67564
31461 read(3, ".got\0.data\0.bss\0.gnu_debugaltlink\0.gnu_debuglink\0", 49) = 49
31461 lseek(3, 67564, SEEK_SET)         = 67564
31461 read(3, ".got\0", 5)              = 5
31461 lseek(3, 68960, SEEK_SET)         = 68960
31461 read(3, "\315\0\0\0\1\0\0\0\3\0\0\0\0\0\0\0\0\0\2\0\0\0\0\0\0\0\1\0\0\0\0\0\240\6\0\0\0\0\0\0\0\0\0\0\0\0\0\0\20\0\0\0\0\0\0\0\0\0\0\0\0\0\0\0", 64) = 64
31461 lseek(3, 67569, SEEK_SET)         = 67569
31461 read(3, ".data\0.bss\0.gnu_debugaltlink\0.gnu_debuglink\0", 44) = 44
31461 lseek(3, 67569, SEEK_SET)         = 67569
31461 read(3, ".data\0", 6)             = 6
31461 lseek(3, 69024, SEEK_SET)         = 69024
31461 read(3, "\323\0\0\0\10\0\0\0\3\0\0\0\0\0\0\0\240\6\2\0\0\0\0\0\240\6\1\0\0\0\0\0\20\1\1\0\0\0\0\0\0\0\0\0\0\0\0\0\20\0\0\0\0\0\0\0\0\0\0\0\0\0\0\0", 64) = 64
31461 lseek(3, 69088, SEEK_SET)         = 69088
31461 read(3, "\330\0\0\0\1\0\0\0\0\0\0\0\0\0\0\0\0\0\0\0\0\0\0\0\240\6\1\0\0\0\0\0N\0\0\0\0\0\0\0\0\0\0\0\0\0\0\0\1\0\0\0\0\0\0\0\0\0\0\0\0\0\0\0", 64) = 64
31461 lseek(3, 67580, SEEK_SET)         = 67580
31461 read(3, ".gnu_debugaltlink\0.gnu_debuglink\0", 33) = 33
31461 lseek(3, 67580, SEEK_SET)         = 67580
31461 read(3, ".gnu_debugaltlink\0", 18) = 18
31461 lseek(3, 69152, SEEK_SET)         = 69152
31461 read(3, "\352\0\0\0\1\0\0\0\0\0\0\0\0\0\0\0\0\0\0\0\0\0\0\0\360\6\1\0\0\0\0\0004\0\0\0\0\0\0\0\0\0\0\0\0\0\0\0\4\0\0\0\0\0\0\0\0\0\0\0\0\0\0\0", 64) = 64
31461 lseek(3, 67598, SEEK_SET)         = 67598
31461 read(3, ".gnu_debuglink\0", 15)   = 15
31461 lseek(3, 67598, SEEK_SET)         = 67598
31461 read(3, ".gnu_debuglink\0", 15)   = 15
31461 lseek(3, 67312, SEEK_SET)         = 67312
31461 read(3, "814f3469eb1b3a5eb563625e8fd6941258527c.debug\0\0\0\0", 48) = 48
31461 read(3, "R}h\\", 4)               = 4
31461 rt_sigprocmask(SIG_SETMASK, ~[RTMIN RT_1], [], 8) = 0
31461 rt_sigprocmask(SIG_SETMASK, [], NULL, 8) = 0
31461 close(3)                          = 0
31461 rt_sigprocmask(SIG_SETMASK, ~[RTMIN RT_1], [], 8) = 0
31461 rt_sigprocmask(SIG_SETMASK, [], NULL, 8) = 0
31461 readlinkat(AT_FDCWD, "/lib", "usr/lib", 1023) = 7
31461 readlinkat(AT_FDCWD, "/usr", 0x7fc472b6c0, 1023) = -1 EINVAL (Invalid argument)
31461 readlinkat(AT_FDCWD, "/usr/lib", 0x7fc472b6c0, 1023) = -1 EINVAL (Invalid argument)
31461 readlinkat(AT_FDCWD, "/usr/lib/aarch64-linux-gnu", 0x7fc472b6c0, 1023) = -1 EINVAL (Invalid argument)
31461 readlinkat(AT_FDCWD, "/usr/lib/aarch64-linux-gnu/libelf.so.1", "libelf-0.188.so", 1023) = 15
31461 readlinkat(AT_FDCWD, "/usr/lib/aarch64-linux-gnu/libelf-0.188.so", 0x7fc472b6c0, 1023) = -1 EINVAL (Invalid argument)
31461 rt_sigprocmask(SIG_SETMASK, ~[RTMIN RT_1], [], 8) = 0
31461 rt_sigprocmask(SIG_SETMASK, [], NULL, 8) = 0
31461 openat(AT_FDCWD, "/usr/lib/aarch64-linux-gnu/libelf-0.188.so", O_RDONLY|O_CLOEXEC) = 3
31461 rt_sigprocmask(SIG_SETMASK, ~[RTMIN RT_1], [], 8) = 0
31461 rt_sigprocmask(SIG_SETMASK, [], NULL, 8) = 0
31461 read(3, "\177ELF\2\1\1\0\0\0\0\0\0\0\0\0", 16) = 16
31461 lseek(3, 0, SEEK_SET)             = 0
31461 read(3, "\177ELF\2\1\1\0\0\0\0\0\0\0\0\0\3\0\267\0\1\0\0\0\0\0\0\0\0\0\0\0@\0\0\0\0\0\0\0\370\2\2\0\0\0\0\0\0\0\0\0@\08\0\10\0@\0\34\0\33\0", 64) = 64
31461 lseek(3, 133560, SEEK_SET)        = 133560
31461 read(3, "\1\0\0\0\3\0\0\0\0\0\0\0\0\0\0\0\0\0\0\0\0\0\0\0\354\1\2\0\0\0\0\0\5\1\0\0\0\0\0\0\0\0\0\0\0\0\0\0\1\0\0\0\0\0\0\0\0\0\0\0\0\0\0\0", 64) = 64
31461 lseek(3, 64, SEEK_SET)            = 64
31461 read(3, "\1\0\0\0\5\0\0\0\0\0\0\0\0\0\0\0\0\0\0\0\0\0\0\0\0\0\0\0\0\0\0\0\10\232\1\0\0\0\0\0\10\232\1\0\0\0\0\0\0\0\1\0\0\0\0\0", 56) = 56
31461 lseek(3, 120, SEEK_SET)           = 120
31461 read(3, "\1\0\0\0\6\0\0\0\300\373\1\0\0\0\0\0\300\373\2\0\0\0\0\0\300\373\2\0\0\0\0\0\370\5\0\0\0\0\0\0\10\6\0\0\0\0\0\0\0\0\1\0\0\0\0\0", 56) = 56
31461 lseek(3, 176, SEEK_SET)           = 176
31461 read(3, "\2\0\0\0\6\0\0\0\200\375\1\0\0\0\0\0\200\375\2\0\0\0\0\0\200\375\2\0\0\0\0\0000\2\0\0\0\0\0\0000\2\0\0\0\0\0\0\10\0\0\0\0\0\0\0", 56) = 56
31461 lseek(3, 232, SEEK_SET)           = 232
31461 read(3, "\4\0\0\0\4\0\0\0\0\2\0\0\0\0\0\0\0\2\0\0\0\0\0\0\0\2\0\0\0\0\0\0$\0\0\0\0\0\0\0$\0\0\0\0\0\0\0\4\0\0\0\0\0\0\0", 56) = 56
31461 lseek(3, 288, SEEK_SET)           = 288
31461 read(3, "\7\0\0\0\4\0\0\0\300\373\1\0\0\0\0\0\300\373\2\0\0\0\0\0\300\373\2\0\0\0\0\0\0\0\0\0\0\0\0\0\4\0\0\0\0\0\0\0\4\0\0\0\0\0\0\0", 56) = 56
31461 lseek(3, 344, SEEK_SET)           = 344
31461 read(3, "P\345td\4\0\0\0 f\1\0\0\0\0\0 f\1\0\0\0\0\0 f\1\0\0\0\0\0\\\6\0\0\0\0\0\0\\\6\0\0\0\0\0\0\4\0\0\0\0\0\0\0", 56) = 56
31461 lseek(3, 400, SEEK_SET)           = 400
31461 read(3, "Q\345td\6\0\0\0\0\0\0\0\0\0\0\0\0\0\0\0\0\0\0\0\0\0\0\0\0\0\0\0\0\0\0\0\0\0\0\0\0\0\0\0\0\0\0\0\20\0\0\0\0\0\0\0", 56) = 56
31461 lseek(3, 456, SEEK_SET)           = 456
31461 read(3, "R\345td\4\0\0\0\300\373\1\0\0\0\0\0\300\373\2\0\0\0\0\0\300\373\2\0\0\0\0\0@\4\0\0\0\0\0\0@\4\0\0\0\0\0\0\1\0\0\0\0\0\0\0", 56) = 56
31461 lseek(3, 64, SEEK_SET)            = 64
31461 read(3, "\1\0\0\0\5\0\0\0\0\0\0\0\0\0\0\0\0\0\0\0\0\0\0\0\0\0\0\0\0\0\0\0\10\232\1\0\0\0\0\0\10\232\1\0\0\0\0\0\0\0\1\0\0\0\0\0", 56) = 56
31461 lseek(3, 120, SEEK_SET)           = 120
31461 read(3, "\1\0\0\0\6\0\0\0\300\373\1\0\0\0\0\0\300\373\2\0\0\0\0\0\300\373\2\0\0\0\0\0\370\5\0\0\0\0\0\0\10\6\0\0\0\0\0\0\0\0\1\0\0\0\0\0", 56) = 56
31461 lseek(3, 176, SEEK_SET)           = 176
31461 read(3, "\2\0\0\0\6\0\0\0\200\375\1\0\0\0\0\0\200\375\2\0\0\0\0\0\200\375\2\0\0\0\0\0000\2\0\0\0\0\0\0000\2\0\0\0\0\0\0\10\0\0\0\0\0\0\0", 56) = 56
31461 lseek(3, 232, SEEK_SET)           = 232
31461 read(3, "\4\0\0\0\4\0\0\0\0\2\0\0\0\0\0\0\0\2\0\0\0\0\0\0\0\2\0\0\0\0\0\0$\0\0\0\0\0\0\0$\0\0\0\0\0\0\0\4\0\0\0\0\0\0\0", 56) = 56
31461 lseek(3, 512, SEEK_SET)           = 512
31461 read(3, "\4\0\0\0\24\0\0\0\3\0\0\0", 12) = 12
31461 lseek(3, 528, SEEK_SET)           = 528
31461 read(3, "\212Y\223&KF\203\246\376;}\177\37'\215K\220\220\331}", 20) = 20
31461 lseek(3, 131832, SEEK_SET)        = 131832
31461 read(3, "\0\0\0\0\0\0\0\0\0\0\0\0\0\0\0\0\0\0\0\0\0\0\0\0\0\0\0\0\0\0\0\0\0\0\0\0\0\0\0\0\0\0\0\0\0\0\0\0\0\0\0\0\0\0\0\0\0\0\0\0\0\0\0\0", 64) = 64
31461 lseek(3, 131896, SEEK_SET)        = 131896
31461 read(3, "\v\0\0\0\7\0\0\0\2\0\0\0\0\0\0\0\0\2\0\0\0\0\0\0\0\2\0\0\0\0\0\0$\0\0\0\0\0\0\0\0\0\0\0\0\0\0\0\4\0\0\0\0\0\0\0\0\0\0\0\0\0\0\0", 64) = 64
31461 lseek(3, 131960, SEEK_SET)        = 131960
31461 read(3, "\36\0\0\0\366\377\377o\2\0\0\0\0\0\0\0(\2\0\0\0\0\0\0(\2\0\0\0\0\0\0\364\3\0\0\0\0\0\0\3\0\0\0\0\0\0\0\10\0\0\0\0\0\0\0\0\0\0\0\0\0\0\0", 64) = 64
31461 lseek(3, 132024, SEEK_SET)        = 132024
31461 read(3, "(\0\0\0\v\0\0\0\2\0\0\0\0\0\0\0 \6\0\0\0\0\0\0 \6\0\0\0\0\0\0\360\17\0\0\0\0\0\0\4\0\0\0\3\0\0\0\10\0\0\0\0\0\0\0\30\0\0\0\0\0\0\0", 64) = 64
31461 lseek(3, 132088, SEEK_SET)        = 132088
31461 read(3, "0\0\0\0\3\0\0\0\2\0\0\0\0\0\0\0\20\26\0\0\0\0\0\0\20\26\0\0\0\0\0\0\215\10\0\0\0\0\0\0\0\0\0\0\0\0\0\0\1\0\0\0\0\0\0\0\0\0\0\0\0\0\0\0", 64) = 64
31461 lseek(3, 132152, SEEK_SET)        = 132152
31461 read(3, "8\0\0\0\377\377\377o\2\0\0\0\0\0\0\0\236\36\0\0\0\0\0\0\236\36\0\0\0\0\0\0T\1\0\0\0\0\0\0\3\0\0\0\0\0\0\0\2\0\0\0\0\0\0\0\2\0\0\0\0\0\0\0", 64) = 64
31461 lseek(3, 132216, SEEK_SET)        = 132216
31461 read(3, "E\0\0\0\375\377\377o\2\0\0\0\0\0\0\0\370\37\0\0\0\0\0\0\370\37\0\0\0\0\0\0X\1\0\0\0\0\0\0\4\0\0\0\n\0\0\0\10\0\0\0\0\0\0\0\0\0\0\0\0\0\0\0", 64) = 64
31461 lseek(3, 132280, SEEK_SET)        = 132280
31461 read(3, "T\0\0\0\376\377\377o\2\0\0\0\0\0\0\0P!\0\0\0\0\0\0P!\0\0\0\0\0\0P\0\0\0\0\0\0\0\4\0\0\0\2\0\0\0\10\0\0\0\0\0\0\0\0\0\0\0\0\0\0\0", 64) = 64
31461 lseek(3, 132344, SEEK_SET)        = 132344
31461 read(3, "c\0\0\0\4\0\0\0\2\0\0\0\0\0\0\0\240!\0\0\0\0\0\0\240!\0\0\0\0\0\0\320\5\0\0\0\0\0\0\3\0\0\0\0\0\0\0\10\0\0\0\0\0\0\0\30\0\0\0\0\0\0\0", 64) = 64
31461 lseek(3, 132408, SEEK_SET)        = 132408
31461 read(3, "m\0\0\0\4\0\0\0B\0\0\0\0\0\0\0p'\0\0\0\0\0\0p'\0\0\0\0\0\0\370\4\0\0\0\0\0\0\3\0\0\0\27\0\0\0\10\0\0\0\0\0\0\0\30\0\0\0\0\0\0\0", 64) = 64
31461 lseek(3, 132472, SEEK_SET)        = 132472
31461 read(3, "w\0\0\0\1\0\0\0\6\0\0\0\0\0\0\0h,\0\0\0\0\0\0h,\0\0\0\0\0\0\30\0\0\0\0\0\0\0\0\0\0\0\0\0\0\0\4\0\0\0\0\0\0\0\0\0\0\0\0\0\0\0", 64) = 64
31461 lseek(3, 131683, SEEK_SET)        = 131683
31461 read(3, ".init\0.text\0.fini\0.rodata\0.eh_frame_hdr\0.eh_frame\0.tbss\0.init_array\0.fini_array\0.data.rel.ro\0.dynamic\0.got\0.got.plt\0.data\0.bss\0.gnu_debuglink\0", 142) = 142
31461 lseek(3, 131683, SEEK_SET)        = 131683
31461 read(3, ".init\0", 6)             = 6
31461 lseek(3, 132536, SEEK_SET)        = 132536
31461 read(3, "r\0\0\0\1\0\0\0\6\0\0\0\0\0\0\0\200,\0\0\0\0\0\0\200,\0\0\0\0\0\0\200\3\0\0\0\0\0\0\0\0\0\0\0\0\0\0\20\0\0\0\0\0\0\0\0\0\0\0\0\0\0\0", 64) = 64
31461 lseek(3, 131678, SEEK_SET)        = 131678
31461 read(3, ".plt\0.init\0.text\0.fini\0.rodata\0.eh_frame_hdr\0.eh_frame\0.tbss\0.init_array\0.fini_array\0.data.rel.ro\0.dynamic\0.got\0.got.plt\0.data\0.bss\0.gnu_debuglink\0", 147) = 147
31461 lseek(3, 131678, SEEK_SET)        = 131678
31461 read(3, ".plt\0", 5)              = 5
31461 lseek(3, 132600, SEEK_SET)        = 132600
31461 read(3, "}\0\0\0\1\0\0\0\6\0\0\0\0\0\0\0\0000\0\0\0\0\0\0\0000\0\0\0\0\0\0x\37\1\0\0\0\0\0\0\0\0\0\0\0\0\0\20\0\0\0\0\0\0\0\0\0\0\0\0\0\0\0", 64) = 64
31461 lseek(3, 131689, SEEK_SET)        = 131689
31461 read(3, ".text\0.fini\0.rodata\0.eh_frame_hdr\0.eh_frame\0.tbss\0.init_array\0.fini_array\0.data.rel.ro\0.dynamic\0.got\0.got.plt\0.data\0.bss\0.gnu_debuglink\0", 136) = 136
31461 lseek(3, 131689, SEEK_SET)        = 131689
31461 read(3, ".text\0", 6)             = 6
31461 lseek(3, 132664, SEEK_SET)        = 132664
31461 read(3, "\203\0\0\0\1\0\0\0\6\0\0\0\0\0\0\0xO\1\0\0\0\0\0xO\1\0\0\0\0\0\24\0\0\0\0\0\0\0\0\0\0\0\0\0\0\0\4\0\0\0\0\0\0\0\0\0\0\0\0\0\0\0", 64) = 64
31461 lseek(3, 131695, SEEK_SET)        = 131695
31461 read(3, ".fini\0.rodata\0.eh_frame_hdr\0.eh_frame\0.tbss\0.init_array\0.fini_array\0.data.rel.ro\0.dynamic\0.got\0.got.plt\0.data\0.bss\0.gnu_debuglink\0", 130) = 130
31461 lseek(3, 131695, SEEK_SET)        = 131695
31461 read(3, ".fini\0", 6)             = 6
31461 lseek(3, 132728, SEEK_SET)        = 132728
31461 read(3, "\211\0\0\0\1\0\0\0\2\0\0\0\0\0\0\0\220O\1\0\0\0\0\0\220O\1\0\0\0\0\0\220\26\0\0\0\0\0\0\0\0\0\0\0\0\0\0\20\0\0\0\0\0\0\0\0\0\0\0\0\0\0\0", 64) = 64
31461 lseek(3, 131701, SEEK_SET)        = 131701
31461 read(3, ".rodata\0.eh_frame_hdr\0.eh_frame\0.tbss\0.init_array\0.fini_array\0.data.rel.ro\0.dynamic\0.got\0.got.plt\0.data\0.bss\0.gnu_debuglink\0", 124) = 124
31461 lseek(3, 131701, SEEK_SET)        = 131701
31461 read(3, ".rodata\0", 8)           = 8
31461 lseek(3, 132792, SEEK_SET)        = 132792
31461 read(3, "\221\0\0\0\1\0\0\0\2\0\0\0\0\0\0\0 f\1\0\0\0\0\0 f\1\0\0\0\0\0\\\6\0\0\0\0\0\0\0\0\0\0\0\0\0\0\4\0\0\0\0\0\0\0\0\0\0\0\0\0\0\0", 64) = 64
31461 lseek(3, 131709, SEEK_SET)        = 131709
31461 read(3, ".eh_frame_hdr\0.eh_frame\0.tbss\0.init_array\0.fini_array\0.data.rel.ro\0.dynamic\0.got\0.got.plt\0.data\0.bss\0.gnu_debuglink\0", 116) = 116
31461 lseek(3, 131709, SEEK_SET)        = 131709
31461 read(3, ".eh_frame_hdr\0", 14)    = 14
31461 lseek(3, 132856, SEEK_SET)        = 132856
31461 read(3, "\237\0\0\0\1\0\0\0\2\0\0\0\0\0\0\0\200l\1\0\0\0\0\0\200l\1\0\0\0\0\0\210-\0\0\0\0\0\0\0\0\0\0\0\0\0\0\10\0\0\0\0\0\0\0\0\0\0\0\0\0\0\0", 64) = 64
31461 lseek(3, 131723, SEEK_SET)        = 131723
31461 read(3, ".eh_frame\0.tbss\0.init_array\0.fini_array\0.data.rel.ro\0.dynamic\0.got\0.got.plt\0.data\0.bss\0.gnu_debuglink\0", 102) = 102
31461 lseek(3, 131723, SEEK_SET)        = 131723
31461 read(3, ".eh_frame\0", 10)        = 10
31461 lseek(3, 132920, SEEK_SET)        = 132920
31461 read(3, "\251\0\0\0\10\0\0\0\3\4\0\0\0\0\0\0\300\373\2\0\0\0\0\0\300\373\1\0\0\0\0\0\4\0\0\0\0\0\0\0\0\0\0\0\0\0\0\0\4\0\0\0\0\0\0\0\0\0\0\0\0\0\0\0", 64) = 64
31461 lseek(3, 132984, SEEK_SET)        = 132984
31461 read(3, "\257\0\0\0\16\0\0\0\3\0\0\0\0\0\0\0\300\373\2\0\0\0\0\0\300\373\1\0\0\0\0\0\10\0\0\0\0\0\0\0\0\0\0\0\0\0\0\0\10\0\0\0\0\0\0\0\10\0\0\0\0\0\0\0", 64) = 64
31461 lseek(3, 133048, SEEK_SET)        = 133048
31461 read(3, "\273\0\0\0\17\0\0\0\3\0\0\0\0\0\0\0\310\373\2\0\0\0\0\0\310\373\1\0\0\0\0\0\10\0\0\0\0\0\0\0\0\0\0\0\0\0\0\0\10\0\0\0\0\0\0\0\10\0\0\0\0\0\0\0", 64) = 64
31461 lseek(3, 133112, SEEK_SET)        = 133112
31461 read(3, "\307\0\0\0\1\0\0\0\3\0\0\0\0\0\0\0\320\373\2\0\0\0\0\0\320\373\1\0\0\0\0\0\260\1\0\0\0\0\0\0\0\0\0\0\0\0\0\0\20\0\0\0\0\0\0\0\0\0\0\0\0\0\0\0", 64) = 64
31461 lseek(3, 131763, SEEK_SET)        = 131763
31461 read(3, ".data.rel.ro\0.dynamic\0.got\0.got.plt\0.data\0.bss\0.gnu_debuglink\0", 62) = 62
31461 lseek(3, 131763, SEEK_SET)        = 131763
31461 read(3, ".data.rel.ro\0", 13)     = 13
31461 lseek(3, 133176, SEEK_SET)        = 133176
31461 read(3, "\324\0\0\0\6\0\0\0\3\0\0\0\0\0\0\0\200\375\2\0\0\0\0\0\200\375\1\0\0\0\0\0000\2\0\0\0\0\0\0\4\0\0\0\0\0\0\0\10\0\0\0\0\0\0\0\20\0\0\0\0\0\0\0", 64) = 64
31461 lseek(3, 133240, SEEK_SET)        = 133240
31461 read(3, "\335\0\0\0\1\0\0\0\3\0\0\0\0\0\0\0\260\377\2\0\0\0\0\0\260\377\1\0\0\0\0\08\0\0\0\0\0\0\0\0\0\0\0\0\0\0\0\10\0\0\0\0\0\0\0\10\0\0\0\0\0\0\0", 64) = 64
31461 lseek(3, 131785, SEEK_SET)        = 131785
31461 read(3, ".got\0.got.plt\0.data\0.bss\0.gnu_debuglink\0", 40) = 40
31461 lseek(3, 131785, SEEK_SET)        = 131785
31461 read(3, ".got\0", 5)              = 5
31461 lseek(3, 133304, SEEK_SET)        = 133304
31461 read(3, "\342\0\0\0\1\0\0\0\3\0\0\0\0\0\0\0\350\377\2\0\0\0\0\0\350\377\1\0\0\0\0\0\310\1\0\0\0\0\0\0\0\0\0\0\0\0\0\0\10\0\0\0\0\0\0\0\10\0\0\0\0\0\0\0", 64) = 64
31461 lseek(3, 131790, SEEK_SET)        = 131790
31461 read(3, ".got.plt\0.data\0.bss\0.gnu_debuglink\0", 35) = 35
31461 lseek(3, 131790, SEEK_SET)        = 131790
31461 read(3, ".got.plt\0", 9)          = 9
31461 lseek(3, 133368, SEEK_SET)        = 133368
31461 read(3, "\353\0\0\0\1\0\0\0\3\0\0\0\0\0\0\0\260\1\3\0\0\0\0\0\260\1\2\0\0\0\0\0\10\0\0\0\0\0\0\0\0\0\0\0\0\0\0\0\10\0\0\0\0\0\0\0\0\0\0\0\0\0\0\0", 64) = 64
31461 lseek(3, 131799, SEEK_SET)        = 131799
31461 read(3, ".data\0.bss\0.gnu_debuglink\0", 26) = 26
31461 lseek(3, 131799, SEEK_SET)        = 131799
31461 read(3, ".data\0", 6)             = 6
31461 lseek(3, 133432, SEEK_SET)        = 133432
31461 read(3, "\361\0\0\0\10\0\0\0\3\0\0\0\0\0\0\0\270\1\3\0\0\0\0\0\270\1\2\0\0\0\0\0\20\0\0\0\0\0\0\0\0\0\0\0\0\0\0\0\4\0\0\0\0\0\0\0\0\0\0\0\0\0\0\0", 64) = 64
31461 lseek(3, 133496, SEEK_SET)        = 133496
31461 read(3, "\366\0\0\0\1\0\0\0\0\0\0\0\0\0\0\0\0\0\0\0\0\0\0\0\270\1\2\0\0\0\0\0004\0\0\0\0\0\0\0\0\0\0\0\0\0\0\0\4\0\0\0\0\0\0\0\0\0\0\0\0\0\0\0", 64) = 64
31461 lseek(3, 131810, SEEK_SET)        = 131810
31461 read(3, ".gnu_debuglink\0", 15)   = 15
31461 lseek(3, 131810, SEEK_SET)        = 131810
31461 read(3, ".gnu_debuglink\0", 15)   = 15
31461 lseek(3, 131512, SEEK_SET)        = 131512
31461 read(3, "5993264b4683a6fe3b7d7f1f278d4b9090d97d.debug\0\0\0\0", 48) = 48
31461 read(3, "\344\337\253b", 4)       = 4
31461 rt_sigprocmask(SIG_SETMASK, ~[RTMIN RT_1], [], 8) = 0
31461 rt_sigprocmask(SIG_SETMASK, [], NULL, 8) = 0
31461 close(3)                          = 0
31461 rt_sigprocmask(SIG_SETMASK, ~[RTMIN RT_1], [], 8) = 0
31461 rt_sigprocmask(SIG_SETMASK, [], NULL, 8) = 0
31461 brk(0x5595188000)                 = 0x5595188000
31461 readlinkat(AT_FDCWD, "/lib", "usr/lib", 1023) = 7
31461 readlinkat(AT_FDCWD, "/usr", 0x7fc472b6c0, 1023) = -1 EINVAL (Invalid argument)
31461 readlinkat(AT_FDCWD, "/usr/lib", 0x7fc472b6c0, 1023) = -1 EINVAL (Invalid argument)
31461 readlinkat(AT_FDCWD, "/usr/lib/aarch64-linux-gnu", 0x7fc472b6c0, 1023) = -1 EINVAL (Invalid argument)
31461 readlinkat(AT_FDCWD, "/usr/lib/aarch64-linux-gnu/liblzma.so.5", "liblzma.so.5.4.1", 1023) = 16
31461 readlinkat(AT_FDCWD, "/usr/lib/aarch64-linux-gnu/liblzma.so.5.4.1", 0x7fc472b6c0, 1023) = -1 EINVAL (Invalid argument)
31461 rt_sigprocmask(SIG_SETMASK, ~[RTMIN RT_1], [], 8) = 0
31461 rt_sigprocmask(SIG_SETMASK, [], NULL, 8) = 0
31461 openat(AT_FDCWD, "/usr/lib/aarch64-linux-gnu/liblzma.so.5.4.1", O_RDONLY|O_CLOEXEC) = 3
31461 rt_sigprocmask(SIG_SETMASK, ~[RTMIN RT_1], [], 8) = 0
31461 rt_sigprocmask(SIG_SETMASK, [], NULL, 8) = 0
31461 read(3, "\177ELF\2\1\1\0\0\0\0\0\0\0\0\0", 16) = 16
31461 lseek(3, 0, SEEK_SET)             = 0
31461 read(3, "\177ELF\2\1\1\0\0\0\0\0\0\0\0\0\3\0\267\0\1\0\0\0\0\0\0\0\0\0\0\0@\0\0\0\0\0\0\08\1\3\0\0\0\0\0\0\0\0\0@\08\0\7\0@\0\32\0\31\0", 64) = 64
31461 lseek(3, 198520, SEEK_SET)        = 198520
31461 read(3, "\1\0\0\0\3\0\0\0\0\0\0\0\0\0\0\0\0\0\0\0\0\0\0\0<\0\3\0\0\0\0\0\366\0\0\0\0\0\0\0\0\0\0\0\0\0\0\0\1\0\0\0\0\0\0\0\0\0\0\0\0\0\0\0", 64) = 64
31461 lseek(3, 64, SEEK_SET)            = 64
31461 read(3, "\1\0\0\0\5\0\0\0\0\0\0\0\0\0\0\0\0\0\0\0\0\0\0\0\0\0\0\0\0\0\0\0 \243\2\0\0\0\0\0 \243\2\0\0\0\0\0\0\0\1\0\0\0\0\0", 56) = 56
31461 lseek(3, 120, SEEK_SET)           = 120
31461 read(3, "\1\0\0\0\6\0\0\0\270\363\2\0\0\0\0\0\270\363\3\0\0\0\0\0\270\363\3\0\0\0\0\0P\f\0\0\0\0\0\0X\f\0\0\0\0\0\0\0\0\1\0\0\0\0\0", 56) = 56
31461 lseek(3, 176, SEEK_SET)           = 176
31461 read(3, "\2\0\0\0\6\0\0\0H\372\2\0\0\0\0\0H\372\3\0\0\0\0\0H\372\3\0\0\0\0\0 \2\0\0\0\0\0\0 \2\0\0\0\0\0\0\10\0\0\0\0\0\0\0", 56) = 56
31461 lseek(3, 232, SEEK_SET)           = 232
31461 read(3, "\4\0\0\0\4\0\0\0\310\1\0\0\0\0\0\0\310\1\0\0\0\0\0\0\310\1\0\0\0\0\0\0$\0\0\0\0\0\0\0$\0\0\0\0\0\0\0\4\0\0\0\0\0\0\0", 56) = 56
31461 lseek(3, 288, SEEK_SET)           = 288
31461 read(3, "P\345td\4\0\0\0\20R\2\0\0\0\0\0\20R\2\0\0\0\0\0\20R\2\0\0\0\0\0\274\n\0\0\0\0\0\0\274\n\0\0\0\0\0\0\4\0\0\0\0\0\0\0", 56) = 56
31461 lseek(3, 344, SEEK_SET)           = 344
31461 read(3, "Q\345td\6\0\0\0\0\0\0\0\0\0\0\0\0\0\0\0\0\0\0\0\0\0\0\0\0\0\0\0\0\0\0\0\0\0\0\0\0\0\0\0\0\0\0\0\20\0\0\0\0\0\0\0", 56) = 56
31461 lseek(3, 400, SEEK_SET)           = 400
31461 read(3, "R\345td\4\0\0\0\270\363\2\0\0\0\0\0\270\363\3\0\0\0\0\0\270\363\3\0\0\0\0\0H\f\0\0\0\0\0\0H\f\0\0\0\0\0\0\1\0\0\0\0\0\0\0", 56) = 56
31461 lseek(3, 64, SEEK_SET)            = 64
31461 read(3, "\1\0\0\0\5\0\0\0\0\0\0\0\0\0\0\0\0\0\0\0\0\0\0\0\0\0\0\0\0\0\0\0 \243\2\0\0\0\0\0 \243\2\0\0\0\0\0\0\0\1\0\0\0\0\0", 56) = 56
31461 lseek(3, 120, SEEK_SET)           = 120
31461 read(3, "\1\0\0\0\6\0\0\0\270\363\2\0\0\0\0\0\270\363\3\0\0\0\0\0\270\363\3\0\0\0\0\0P\f\0\0\0\0\0\0X\f\0\0\0\0\0\0\0\0\1\0\0\0\0\0", 56) = 56
31461 lseek(3, 176, SEEK_SET)           = 176
31461 read(3, "\2\0\0\0\6\0\0\0H\372\2\0\0\0\0\0H\372\3\0\0\0\0\0H\372\3\0\0\0\0\0 \2\0\0\0\0\0\0 \2\0\0\0\0\0\0\10\0\0\0\0\0\0\0", 56) = 56
31461 lseek(3, 232, SEEK_SET)           = 232
31461 read(3, "\4\0\0\0\4\0\0\0\310\1\0\0\0\0\0\0\310\1\0\0\0\0\0\0\310\1\0\0\0\0\0\0$\0\0\0\0\0\0\0$\0\0\0\0\0\0\0\4\0\0\0\0\0\0\0", 56) = 56
31461 lseek(3, 456, SEEK_SET)           = 456
31461 read(3, "\4\0\0\0\24\0\0\0\3\0\0\0", 12) = 12
31461 lseek(3, 472, SEEK_SET)           = 472
31461 read(3, "\17^\241\351H\307\205L $\365 \267\240\234@\333v\260\240", 20) = 20
31461 lseek(3, 196920, SEEK_SET)        = 196920
31461 read(3, "\0\0\0\0\0\0\0\0\0\0\0\0\0\0\0\0\0\0\0\0\0\0\0\0\0\0\0\0\0\0\0\0\0\0\0\0\0\0\0\0\0\0\0\0\0\0\0\0\0\0\0\0\0\0\0\0\0\0\0\0\0\0\0\0", 64) = 64
31461 lseek(3, 196984, SEEK_SET)        = 196984
31461 read(3, "\v\0\0\0\7\0\0\0\2\0\0\0\0\0\0\0\310\1\0\0\0\0\0\0\310\1\0\0\0\0\0\0$\0\0\0\0\0\0\0\0\0\0\0\0\0\0\0\4\0\0\0\0\0\0\0\0\0\0\0\0\0\0\0", 64) = 64
31461 lseek(3, 197048, SEEK_SET)        = 197048
31461 read(3, "\36\0\0\0\366\377\377o\2\0\0\0\0\0\0\0\360\1\0\0\0\0\0\0\360\1\0\0\0\0\0\0\360\3\0\0\0\0\0\0\3\0\0\0\0\0\0\0\10\0\0\0\0\0\0\0\0\0\0\0\0\0\0\0", 64) = 64
31461 lseek(3, 197112, SEEK_SET)        = 197112
31461 read(3, "(\0\0\0\v\0\0\0\2\0\0\0\0\0\0\0\340\5\0\0\0\0\0\0\340\5\0\0\0\0\0\0\270\16\0\0\0\0\0\0\4\0\0\0\3\0\0\0\10\0\0\0\0\0\0\0\30\0\0\0\0\0\0\0", 64) = 64
31461 lseek(3, 197176, SEEK_SET)        = 197176
31461 read(3, "0\0\0\0\3\0\0\0\2\0\0\0\0\0\0\0\230\24\0\0\0\0\0\0\230\24\0\0\0\0\0\0{\v\0\0\0\0\0\0\0\0\0\0\0\0\0\0\1\0\0\0\0\0\0\0\0\0\0\0\0\0\0\0", 64) = 64
31461 lseek(3, 197240, SEEK_SET)        = 197240
31461 read(3, "8\0\0\0\377\377\377o\2\0\0\0\0\0\0\0\24 \0\0\0\0\0\0\24 \0\0\0\0\0\0:\1\0\0\0\0\0\0\3\0\0\0\0\0\0\0\2\0\0\0\0\0\0\0\2\0\0\0\0\0\0\0", 64) = 64
31461 lseek(3, 197304, SEEK_SET)        = 197304
31461 read(3, "E\0\0\0\375\377\377o\2\0\0\0\0\0\0\0P!\0\0\0\0\0\0P!\0\0\0\0\0\0\310\0\0\0\0\0\0\0\4\0\0\0\6\0\0\0\10\0\0\0\0\0\0\0\0\0\0\0\0\0\0\0", 64) = 64
31461 lseek(3, 197368, SEEK_SET)        = 197368
31461 read(3, "T\0\0\0\376\377\377o\2\0\0\0\0\0\0\0\30\"\0\0\0\0\0\0\30\"\0\0\0\0\0\0`\0\0\0\0\0\0\0\4\0\0\0\2\0\0\0\10\0\0\0\0\0\0\0\0\0\0\0\0\0\0\0", 64) = 64
31461 lseek(3, 197432, SEEK_SET)        = 197432
31461 read(3, "c\0\0\0\4\0\0\0\2\0\0\0\0\0\0\0x\"\0\0\0\0\0\0x\"\0\0\0\0\0\08\n\0\0\0\0\0\0\3\0\0\0\0\0\0\0\10\0\0\0\0\0\0\0\30\0\0\0\0\0\0\0", 64) = 64
31461 lseek(3, 197496, SEEK_SET)        = 197496
31461 read(3, "m\0\0\0\4\0\0\0B\0\0\0\0\0\0\0\260,\0\0\0\0\0\0\260,\0\0\0\0\0\0(\10\0\0\0\0\0\0\3\0\0\0\25\0\0\0\10\0\0\0\0\0\0\0\30\0\0\0\0\0\0\0", 64) = 64
31461 lseek(3, 197560, SEEK_SET)        = 197560
31461 read(3, "w\0\0\0\1\0\0\0\6\0\0\0\0\0\0\0\3304\0\0\0\0\0\0\3304\0\0\0\0\0\0\30\0\0\0\0\0\0\0\0\0\0\0\0\0\0\0\4\0\0\0\0\0\0\0\0\0\0\0\0\0\0\0", 64) = 64
31461 lseek(3, 196787, SEEK_SET)        = 196787
31461 read(3, ".init\0.text\0.fini\0.rodata\0.eh_frame_hdr\0.eh_frame\0.init_array\0.fini_array\0.data.rel.ro\0.dynamic\0.got\0.data\0.bss\0.gnu_debuglink\0", 127) = 127
31461 lseek(3, 196787, SEEK_SET)        = 196787
31461 read(3, ".init\0", 6)             = 6
31461 lseek(3, 197624, SEEK_SET)        = 197624
31461 read(3, "r\0\0\0\1\0\0\0\6\0\0\0\0\0\0\0\3604\0\0\0\0\0\0\3604\0\0\0\0\0\0\220\5\0\0\0\0\0\0\0\0\0\0\0\0\0\0\20\0\0\0\0\0\0\0\0\0\0\0\0\0\0\0", 64) = 64
31461 lseek(3, 196782, SEEK_SET)        = 196782
31461 read(3, ".plt\0.init\0.text\0.fini\0.rodata\0.eh_frame_hdr\0.eh_frame\0.init_array\0.fini_array\0.data.rel.ro\0.dynamic\0.got\0.data\0.bss\0.gnu_debuglink\0", 132) = 132
31461 lseek(3, 196782, SEEK_SET)        = 196782
31461 read(3, ".plt\0", 5)              = 5
31461 lseek(3, 197688, SEEK_SET)        = 197688
31461 read(3, "}\0\0\0\1\0\0\0\6\0\0\0\0\0\0\0\200:\0\0\0\0\0\0\200:\0\0\0\0\0\0\274\255\1\0\0\0\0\0\0\0\0\0\0\0\0\0\20\0\0\0\0\0\0\0\0\0\0\0\0\0\0\0", 64) = 64
31461 lseek(3, 196793, SEEK_SET)        = 196793
31461 read(3, ".text\0.fini\0.rodata\0.eh_frame_hdr\0.eh_frame\0.init_array\0.fini_array\0.data.rel.ro\0.dynamic\0.got\0.data\0.bss\0.gnu_debuglink\0", 121) = 121
31461 lseek(3, 196793, SEEK_SET)        = 196793
31461 read(3, ".text\0", 6)             = 6
31461 lseek(3, 197752, SEEK_SET)        = 197752
31461 read(3, "\203\0\0\0\1\0\0\0\6\0\0\0\0\0\0\0<\350\1\0\0\0\0\0<\350\1\0\0\0\0\0\24\0\0\0\0\0\0\0\0\0\0\0\0\0\0\0\4\0\0\0\0\0\0\0\0\0\0\0\0\0\0\0", 64) = 64
31461 lseek(3, 196799, SEEK_SET)        = 196799
31461 read(3, ".fini\0.rodata\0.eh_frame_hdr\0.eh_frame\0.init_array\0.fini_array\0.data.rel.ro\0.dynamic\0.got\0.data\0.bss\0.gnu_debuglink\0", 115) = 115
31461 lseek(3, 196799, SEEK_SET)        = 196799
31461 read(3, ".fini\0", 6)             = 6
31461 lseek(3, 197816, SEEK_SET)        = 197816
31461 read(3, "\211\0\0\0\1\0\0\0\2\0\0\0\0\0\0\0P\350\1\0\0\0\0\0P\350\1\0\0\0\0\0\300i\0\0\0\0\0\0\0\0\0\0\0\0\0\0\20\0\0\0\0\0\0\0\0\0\0\0\0\0\0\0", 64) = 64
31461 lseek(3, 196805, SEEK_SET)        = 196805
31461 read(3, ".rodata\0.eh_frame_hdr\0.eh_frame\0.init_array\0.fini_array\0.data.rel.ro\0.dynamic\0.got\0.data\0.bss\0.gnu_debuglink\0", 109) = 109
31461 lseek(3, 196805, SEEK_SET)        = 196805
31461 read(3, ".rodata\0", 8)           = 8
31461 lseek(3, 197880, SEEK_SET)        = 197880
31461 read(3, "\221\0\0\0\1\0\0\0\2\0\0\0\0\0\0\0\20R\2\0\0\0\0\0\20R\2\0\0\0\0\0\274\n\0\0\0\0\0\0\0\0\0\0\0\0\0\0\4\0\0\0\0\0\0\0\0\0\0\0\0\0\0\0", 64) = 64
31461 lseek(3, 196813, SEEK_SET)        = 196813
31461 read(3, ".eh_frame_hdr\0.eh_frame\0.init_array\0.fini_array\0.data.rel.ro\0.dynamic\0.got\0.data\0.bss\0.gnu_debuglink\0", 101) = 101
31461 lseek(3, 196813, SEEK_SET)        = 196813
31461 read(3, ".eh_frame_hdr\0", 14)    = 14
31461 lseek(3, 197944, SEEK_SET)        = 197944
31461 read(3, "\237\0\0\0\1\0\0\0\2\0\0\0\0\0\0\0\320\\\2\0\0\0\0\0\320\\\2\0\0\0\0\0PF\0\0\0\0\0\0\0\0\0\0\0\0\0\0\10\0\0\0\0\0\0\0\0\0\0\0\0\0\0\0", 64) = 64
31461 lseek(3, 196827, SEEK_SET)        = 196827
31461 read(3, ".eh_frame\0.init_array\0.fini_array\0.data.rel.ro\0.dynamic\0.got\0.data\0.bss\0.gnu_debuglink\0", 87) = 87
31461 lseek(3, 196827, SEEK_SET)        = 196827
31461 read(3, ".eh_frame\0", 10)        = 10
31461 lseek(3, 198008, SEEK_SET)        = 198008
31461 read(3, "\251\0\0\0\16\0\0\0\3\0\0\0\0\0\0\0\270\363\3\0\0\0\0\0\270\363\2\0\0\0\0\0\10\0\0\0\0\0\0\0\0\0\0\0\0\0\0\0\10\0\0\0\0\0\0\0\10\0\0\0\0\0\0\0", 64) = 64
31461 lseek(3, 198072, SEEK_SET)        = 198072
31461 read(3, "\265\0\0\0\17\0\0\0\3\0\0\0\0\0\0\0\300\363\3\0\0\0\0\0\300\363\2\0\0\0\0\0\10\0\0\0\0\0\0\0\0\0\0\0\0\0\0\0\10\0\0\0\0\0\0\0\10\0\0\0\0\0\0\0", 64) = 64
31461 lseek(3, 198136, SEEK_SET)        = 198136
31461 read(3, "\301\0\0\0\1\0\0\0\3\0\0\0\0\0\0\0\310\363\3\0\0\0\0\0\310\363\2\0\0\0\0\0\200\6\0\0\0\0\0\0\0\0\0\0\0\0\0\0\10\0\0\0\0\0\0\0\0\0\0\0\0\0\0\0", 64) = 64
31461 lseek(3, 196861, SEEK_SET)        = 196861
31461 read(3, ".data.rel.ro\0.dynamic\0.got\0.data\0.bss\0.gnu_debuglink\0", 53) = 53
31461 lseek(3, 196861, SEEK_SET)        = 196861
31461 read(3, ".data.rel.ro\0", 13)     = 13
31461 lseek(3, 198200, SEEK_SET)        = 198200
31461 read(3, "\316\0\0\0\6\0\0\0\3\0\0\0\0\0\0\0H\372\3\0\0\0\0\0H\372\2\0\0\0\0\0 \2\0\0\0\0\0\0\4\0\0\0\0\0\0\0\10\0\0\0\0\0\0\0\20\0\0\0\0\0\0\0", 64) = 64
31461 lseek(3, 198264, SEEK_SET)        = 198264
31461 read(3, "\327\0\0\0\1\0\0\0\3\0\0\0\0\0\0\0h\374\3\0\0\0\0\0h\374\2\0\0\0\0\0\230\3\0\0\0\0\0\0\0\0\0\0\0\0\0\0\10\0\0\0\0\0\0\0\10\0\0\0\0\0\0\0", 64) = 64
31461 lseek(3, 196883, SEEK_SET)        = 196883
31461 read(3, ".got\0.data\0.bss\0.gnu_debuglink\0", 31) = 31
31461 lseek(3, 196883, SEEK_SET)        = 196883
31461 read(3, ".got\0", 5)              = 5
31461 lseek(3, 198328, SEEK_SET)        = 198328
31461 read(3, "\334\0\0\0\1\0\0\0\3\0\0\0\0\0\0\0\0\0\4\0\0\0\0\0\0\0\3\0\0\0\0\0\10\0\0\0\0\0\0\0\0\0\0\0\0\0\0\0\10\0\0\0\0\0\0\0\0\0\0\0\0\0\0\0", 64) = 64
31461 lseek(3, 196888, SEEK_SET)        = 196888
31461 read(3, ".data\0.bss\0.gnu_debuglink\0", 26) = 26
31461 lseek(3, 196888, SEEK_SET)        = 196888
31461 read(3, ".data\0", 6)             = 6
31461 lseek(3, 198392, SEEK_SET)        = 198392
31461 read(3, "\342\0\0\0\10\0\0\0\3\0\0\0\0\0\0\0\10\0\4\0\0\0\0\0\10\0\3\0\0\0\0\0\10\0\0\0\0\0\0\0\0\0\0\0\0\0\0\0\1\0\0\0\0\0\0\0\0\0\0\0\0\0\0\0", 64) = 64
31461 lseek(3, 198456, SEEK_SET)        = 198456
31461 read(3, "\347\0\0\0\1\0\0\0\0\0\0\0\0\0\0\0\0\0\0\0\0\0\0\0\10\0\3\0\0\0\0\0004\0\0\0\0\0\0\0\0\0\0\0\0\0\0\0\4\0\0\0\0\0\0\0\0\0\0\0\0\0\0\0", 64) = 64
31461 lseek(3, 196899, SEEK_SET)        = 196899
31461 read(3, ".gnu_debuglink\0", 15)   = 15
31461 lseek(3, 196899, SEEK_SET)        = 196899
31461 read(3, ".gnu_debuglink\0", 15)   = 15
31461 lseek(3, 196616, SEEK_SET)        = 196616
31461 read(3, "5ea1e948c7854c2024f520b7a09c40db76b0a0.debug\0\0\0\0", 48) = 48
31461 read(3, "\352\357\fj", 4)         = 4
31461 rt_sigprocmask(SIG_SETMASK, ~[RTMIN RT_1], [], 8) = 0
31461 rt_sigprocmask(SIG_SETMASK, [], NULL, 8) = 0
31461 close(3)                          = 0
31461 rt_sigprocmask(SIG_SETMASK, ~[RTMIN RT_1], [], 8) = 0
31461 rt_sigprocmask(SIG_SETMASK, [], NULL, 8) = 0
31461 readlinkat(AT_FDCWD, "/lib", "usr/lib", 1023) = 7
31461 readlinkat(AT_FDCWD, "/usr", 0x7fc472b6c0, 1023) = -1 EINVAL (Invalid argument)
31461 readlinkat(AT_FDCWD, "/usr/lib", 0x7fc472b6c0, 1023) = -1 EINVAL (Invalid argument)
31461 readlinkat(AT_FDCWD, "/usr/lib/aarch64-linux-gnu", 0x7fc472b6c0, 1023) = -1 EINVAL (Invalid argument)
31461 readlinkat(AT_FDCWD, "/usr/lib/aarch64-linux-gnu/libbz2.so.1.0", "libbz2.so.1.0.4", 1023) = 15
31461 readlinkat(AT_FDCWD, "/usr/lib/aarch64-linux-gnu/libbz2.so.1.0.4", 0x7fc472b6c0, 1023) = -1 EINVAL (Invalid argument)
31461 rt_sigprocmask(SIG_SETMASK, ~[RTMIN RT_1], [], 8) = 0
31461 rt_sigprocmask(SIG_SETMASK, [], NULL, 8) = 0
31461 openat(AT_FDCWD, "/usr/lib/aarch64-linux-gnu/libbz2.so.1.0.4", O_RDONLY|O_CLOEXEC) = 3
31461 rt_sigprocmask(SIG_SETMASK, ~[RTMIN RT_1], [], 8) = 0
31461 rt_sigprocmask(SIG_SETMASK, [], NULL, 8) = 0
31461 read(3, "\177ELF\2\1\1\0\0\0\0\0\0\0\0\0", 16) = 16
31461 lseek(3, 0, SEEK_SET)             = 0
31461 read(3, "\177ELF\2\1\1\0\0\0\0\0\0\0\0\0\3\0\267\0\1\0\0\0\0\0\0\0\0\0\0\0@\0\0\0\0\0\0\0(\r\1\0\0\0\0\0\0\0\0\0@\08\0\7\0@\0\31\0\30\0", 64) = 64
31461 lseek(3, 70440, SEEK_SET)         = 70440
31461 read(3, "\1\0\0\0\3\0\0\0\0\0\0\0\0\0\0\0\0\0\0\0\0\0\0\0<\f\1\0\0\0\0\0\347\0\0\0\0\0\0\0\0\0\0\0\0\0\0\0\1\0\0\0\0\0\0\0\0\0\0\0\0\0\0\0", 64) = 64
31461 lseek(3, 64, SEEK_SET)            = 64
31461 read(3, "\1\0\0\0\5\0\0\0\0\0\0\0\0\0\0\0\0\0\0\0\0\0\0\0\0\0\0\0\0\0\0\0<\364\0\0\0\0\0\0<\364\0\0\0\0\0\0\0\0\1\0\0\0\0\0", 56) = 56
31461 lseek(3, 120, SEEK_SET)           = 120
31461 read(3, "\1\0\0\0\6\0\0\0\240\373\0\0\0\0\0\0\240\373\1\0\0\0\0\0\240\373\1\0\0\0\0\0h\20\0\0\0\0\0\0p\20\0\0\0\0\0\0\0\0\1\0\0\0\0\0", 56) = 56
31461 lseek(3, 176, SEEK_SET)           = 176
31461 read(3, "\2\0\0\0\6\0\0\0000\374\0\0\0\0\0\0000\374\1\0\0\0\0\0000\374\1\0\0\0\0\0\0\2\0\0\0\0\0\0\0\2\0\0\0\0\0\0\10\0\0\0\0\0\0\0", 56) = 56
31461 lseek(3, 232, SEEK_SET)           = 232
31461 read(3, "\4\0\0\0\4\0\0\0\310\1\0\0\0\0\0\0\310\1\0\0\0\0\0\0\310\1\0\0\0\0\0\0$\0\0\0\0\0\0\0$\0\0\0\0\0\0\0\4\0\0\0\0\0\0\0", 56) = 56
31461 lseek(3, 288, SEEK_SET)           = 288
31461 read(3, "P\345td\4\0\0\0\24\347\0\0\0\0\0\0\24\347\0\0\0\0\0\0\24\347\0\0\0\0\0\0\204\1\0\0\0\0\0\0\204\1\0\0\0\0\0\0\4\0\0\0\0\0\0\0", 56) = 56
31461 lseek(3, 344, SEEK_SET)           = 344
31461 read(3, "Q\345td\6\0\0\0\0\0\0\0\0\0\0\0\0\0\0\0\0\0\0\0\0\0\0\0\0\0\0\0\0\0\0\0\0\0\0\0\0\0\0\0\0\0\0\0\20\0\0\0\0\0\0\0", 56) = 56
31461 lseek(3, 400, SEEK_SET)           = 400
31461 read(3, "R\345td\4\0\0\0\240\373\0\0\0\0\0\0\240\373\1\0\0\0\0\0\240\373\1\0\0\0\0\0`\4\0\0\0\0\0\0`\4\0\0\0\0\0\0\1\0\0\0\0\0\0\0", 56) = 56
31461 lseek(3, 64, SEEK_SET)            = 64
31461 read(3, "\1\0\0\0\5\0\0\0\0\0\0\0\0\0\0\0\0\0\0\0\0\0\0\0\0\0\0\0\0\0\0\0<\364\0\0\0\0\0\0<\364\0\0\0\0\0\0\0\0\1\0\0\0\0\0", 56) = 56
31461 lseek(3, 120, SEEK_SET)           = 120
31461 read(3, "\1\0\0\0\6\0\0\0\240\373\0\0\0\0\0\0\240\373\1\0\0\0\0\0\240\373\1\0\0\0\0\0h\20\0\0\0\0\0\0p\20\0\0\0\0\0\0\0\0\1\0\0\0\0\0", 56) = 56
31461 lseek(3, 176, SEEK_SET)           = 176
31461 read(3, "\2\0\0\0\6\0\0\0000\374\0\0\0\0\0\0000\374\1\0\0\0\0\0000\374\1\0\0\0\0\0\0\2\0\0\0\0\0\0\0\2\0\0\0\0\0\0\10\0\0\0\0\0\0\0", 56) = 56
31461 lseek(3, 232, SEEK_SET)           = 232
31461 read(3, "\4\0\0\0\4\0\0\0\310\1\0\0\0\0\0\0\310\1\0\0\0\0\0\0\310\1\0\0\0\0\0\0$\0\0\0\0\0\0\0$\0\0\0\0\0\0\0\4\0\0\0\0\0\0\0", 56) = 56
31461 lseek(3, 456, SEEK_SET)           = 456
31461 read(3, "\4\0\0\0\24\0\0\0\3\0\0\0", 12) = 12
31461 lseek(3, 472, SEEK_SET)           = 472
31461 read(3, "\205\371\242\210\6]\301-\33\273\350.yU\243\364\5%iO", 20) = 20
31461 lseek(3, 68904, SEEK_SET)         = 68904
31461 read(3, "\0\0\0\0\0\0\0\0\0\0\0\0\0\0\0\0\0\0\0\0\0\0\0\0\0\0\0\0\0\0\0\0\0\0\0\0\0\0\0\0\0\0\0\0\0\0\0\0\0\0\0\0\0\0\0\0\0\0\0\0\0\0\0\0", 64) = 64
31461 lseek(3, 68968, SEEK_SET)         = 68968
31461 read(3, "\v\0\0\0\7\0\0\0\2\0\0\0\0\0\0\0\310\1\0\0\0\0\0\0\310\1\0\0\0\0\0\0$\0\0\0\0\0\0\0\0\0\0\0\0\0\0\0\4\0\0\0\0\0\0\0\0\0\0\0\0\0\0\0", 64) = 64
31461 lseek(3, 69032, SEEK_SET)         = 69032
31461 read(3, "\36\0\0\0\366\377\377o\2\0\0\0\0\0\0\0\360\1\0\0\0\0\0\0\360\1\0\0\0\0\0\0\0\1\0\0\0\0\0\0\3\0\0\0\0\0\0\0\10\0\0\0\0\0\0\0\0\0\0\0\0\0\0\0", 64) = 64
31461 lseek(3, 69096, SEEK_SET)         = 69096
31461 read(3, "(\0\0\0\v\0\0\0\2\0\0\0\0\0\0\0\360\2\0\0\0\0\0\0\360\2\0\0\0\0\0\0\30\6\0\0\0\0\0\0\4\0\0\0\3\0\0\0\10\0\0\0\0\0\0\0\30\0\0\0\0\0\0\0", 64) = 64
31461 lseek(3, 69160, SEEK_SET)         = 69160
31461 read(3, "0\0\0\0\3\0\0\0\2\0\0\0\0\0\0\0\10\t\0\0\0\0\0\0\10\t\0\0\0\0\0\0\215\3\0\0\0\0\0\0\0\0\0\0\0\0\0\0\1\0\0\0\0\0\0\0\0\0\0\0\0\0\0\0", 64) = 64
31461 lseek(3, 69224, SEEK_SET)         = 69224
31461 read(3, "8\0\0\0\377\377\377o\2\0\0\0\0\0\0\0\226\f\0\0\0\0\0\0\226\f\0\0\0\0\0\0\202\0\0\0\0\0\0\0\3\0\0\0\0\0\0\0\2\0\0\0\0\0\0\0\2\0\0\0\0\0\0\0", 64) = 64
31461 lseek(3, 69288, SEEK_SET)         = 69288
31461 read(3, "E\0\0\0\376\377\377o\2\0\0\0\0\0\0\0\30\r\0\0\0\0\0\0\30\r\0\0\0\0\0\0@\0\0\0\0\0\0\0\4\0\0\0\2\0\0\0\10\0\0\0\0\0\0\0\0\0\0\0\0\0\0\0", 64) = 64
31461 lseek(3, 69352, SEEK_SET)         = 69352
31461 read(3, "T\0\0\0\4\0\0\0\2\0\0\0\0\0\0\0X\r\0\0\0\0\0\0X\r\0\0\0\0\0\0\270\2\0\0\0\0\0\0\3\0\0\0\0\0\0\0\10\0\0\0\0\0\0\0\30\0\0\0\0\0\0\0", 64) = 64
31461 lseek(3, 69416, SEEK_SET)         = 69416
31461 read(3, "^\0\0\0\4\0\0\0B\0\0\0\0\0\0\0\20\20\0\0\0\0\0\0\20\20\0\0\0\0\0\0 \4\0\0\0\0\0\0\3\0\0\0\24\0\0\0\10\0\0\0\0\0\0\0\30\0\0\0\0\0\0\0", 64) = 64
31461 lseek(3, 69480, SEEK_SET)         = 69480
31461 read(3, "h\0\0\0\1\0\0\0\6\0\0\0\0\0\0\0000\24\0\0\0\0\0\0000\24\0\0\0\0\0\0\30\0\0\0\0\0\0\0\0\0\0\0\0\0\0\0\4\0\0\0\0\0\0\0\0\0\0\0\0\0\0\0", 64) = 64
31461 lseek(3, 68772, SEEK_SET)         = 68772
31461 read(3, ".init\0.text\0.fini\0.rodata\0.eh_frame_hdr\0.eh_frame\0.init_array\0.fini_array\0.data.rel.ro\0.dynamic\0.got\0.data\0.bss\0.gnu_debuglink\0", 127) = 127
31461 lseek(3, 68772, SEEK_SET)         = 68772
31461 read(3, ".init\0", 6)             = 6
31461 lseek(3, 69544, SEEK_SET)         = 69544
31461 read(3, "c\0\0\0\1\0\0\0\6\0\0\0\0\0\0\0P\24\0\0\0\0\0\0P\24\0\0\0\0\0\0\340\2\0\0\0\0\0\0\0\0\0\0\0\0\0\0\20\0\0\0\0\0\0\0\0\0\0\0\0\0\0\0", 64) = 64
31461 lseek(3, 68767, SEEK_SET)         = 68767
31461 read(3, ".plt\0.init\0.text\0.fini\0.rodata\0.eh_frame_hdr\0.eh_frame\0.init_array\0.fini_array\0.data.rel.ro\0.dynamic\0.got\0.data\0.bss\0.gnu_debuglink\0", 132) = 132
31461 lseek(3, 68767, SEEK_SET)         = 68767
31461 read(3, ".plt\0", 5)              = 5
31461 lseek(3, 69608, SEEK_SET)         = 69608
31461 read(3, "n\0\0\0\1\0\0\0\6\0\0\0\0\0\0\0000\27\0\0\0\0\0\0000\27\0\0\0\0\0\0004\305\0\0\0\0\0\0\0\0\0\0\0\0\0\0\20\0\0\0\0\0\0\0\0\0\0\0\0\0\0\0", 64) = 64
31461 lseek(3, 68778, SEEK_SET)         = 68778
31461 read(3, ".text\0.fini\0.rodata\0.eh_frame_hdr\0.eh_frame\0.init_array\0.fini_array\0.data.rel.ro\0.dynamic\0.got\0.data\0.bss\0.gnu_debuglink\0", 121) = 121
31461 lseek(3, 68778, SEEK_SET)         = 68778
31461 read(3, ".text\0", 6)             = 6
31461 lseek(3, 69672, SEEK_SET)         = 69672
31461 read(3, "t\0\0\0\1\0\0\0\6\0\0\0\0\0\0\0d\334\0\0\0\0\0\0d\334\0\0\0\0\0\0\24\0\0\0\0\0\0\0\0\0\0\0\0\0\0\0\4\0\0\0\0\0\0\0\0\0\0\0\0\0\0\0", 64) = 64
31461 lseek(3, 68784, SEEK_SET)         = 68784
31461 read(3, ".fini\0.rodata\0.eh_frame_hdr\0.eh_frame\0.init_array\0.fini_array\0.data.rel.ro\0.dynamic\0.got\0.data\0.bss\0.gnu_debuglink\0", 115) = 115
31461 lseek(3, 68784, SEEK_SET)         = 68784
31461 read(3, ".fini\0", 6)             = 6
31461 lseek(3, 69736, SEEK_SET)         = 69736
31461 read(3, "z\0\0\0\1\0\0\0\2\0\0\0\0\0\0\0\200\334\0\0\0\0\0\0\200\334\0\0\0\0\0\0\222\n\0\0\0\0\0\0\0\0\0\0\0\0\0\0\20\0\0\0\0\0\0\0\0\0\0\0\0\0\0\0", 64) = 64
31461 lseek(3, 68790, SEEK_SET)         = 68790
31461 read(3, ".rodata\0.eh_frame_hdr\0.eh_frame\0.init_array\0.fini_array\0.data.rel.ro\0.dynamic\0.got\0.data\0.bss\0.gnu_debuglink\0", 109) = 109
31461 lseek(3, 68790, SEEK_SET)         = 68790
31461 read(3, ".rodata\0", 8)           = 8
31461 lseek(3, 69800, SEEK_SET)         = 69800
31461 read(3, "\202\0\0\0\1\0\0\0\2\0\0\0\0\0\0\0\24\347\0\0\0\0\0\0\24\347\0\0\0\0\0\0\204\1\0\0\0\0\0\0\0\0\0\0\0\0\0\0\4\0\0\0\0\0\0\0\0\0\0\0\0\0\0\0", 64) = 64
31461 lseek(3, 68798, SEEK_SET)         = 68798
31461 read(3, ".eh_frame_hdr\0.eh_frame\0.init_array\0.fini_array\0.data.rel.ro\0.dynamic\0.got\0.data\0.bss\0.gnu_debuglink\0", 101) = 101
31461 lseek(3, 68798, SEEK_SET)         = 68798
31461 read(3, ".eh_frame_hdr\0", 14)    = 14
31461 lseek(3, 69864, SEEK_SET)         = 69864
31461 read(3, "\220\0\0\0\1\0\0\0\2\0\0\0\0\0\0\0\230\350\0\0\0\0\0\0\230\350\0\0\0\0\0\0\244\v\0\0\0\0\0\0\0\0\0\0\0\0\0\0\10\0\0\0\0\0\0\0\0\0\0\0\0\0\0\0", 64) = 64
31461 lseek(3, 68812, SEEK_SET)         = 68812
31461 read(3, ".eh_frame\0.init_array\0.fini_array\0.data.rel.ro\0.dynamic\0.got\0.data\0.bss\0.gnu_debuglink\0", 87) = 87
31461 lseek(3, 68812, SEEK_SET)         = 68812
31461 read(3, ".eh_frame\0", 10)        = 10
31461 lseek(3, 69928, SEEK_SET)         = 69928
31461 read(3, "\232\0\0\0\16\0\0\0\3\0\0\0\0\0\0\0\240\373\1\0\0\0\0\0\240\373\0\0\0\0\0\0\10\0\0\0\0\0\0\0\0\0\0\0\0\0\0\0\10\0\0\0\0\0\0\0\10\0\0\0\0\0\0\0", 64) = 64
31461 lseek(3, 69992, SEEK_SET)         = 69992
31461 read(3, "\246\0\0\0\17\0\0\0\3\0\0\0\0\0\0\0\250\373\1\0\0\0\0\0\250\373\0\0\0\0\0\0\10\0\0\0\0\0\0\0\0\0\0\0\0\0\0\0\10\0\0\0\0\0\0\0\10\0\0\0\0\0\0\0", 64) = 64
31461 lseek(3, 70056, SEEK_SET)         = 70056
31461 read(3, "\262\0\0\0\1\0\0\0\3\0\0\0\0\0\0\0\260\373\1\0\0\0\0\0\260\373\0\0\0\0\0\0\200\0\0\0\0\0\0\0\0\0\0\0\0\0\0\0\20\0\0\0\0\0\0\0\0\0\0\0\0\0\0\0", 64) = 64
31461 lseek(3, 68846, SEEK_SET)         = 68846
31461 read(3, ".data.rel.ro\0.dynamic\0.got\0.data\0.bss\0.gnu_debuglink\0", 53) = 53
31461 lseek(3, 68846, SEEK_SET)         = 68846
31461 read(3, ".data.rel.ro\0", 13)     = 13
31461 lseek(3, 70120, SEEK_SET)         = 70120
31461 read(3, "\277\0\0\0\6\0\0\0\3\0\0\0\0\0\0\0000\374\1\0\0\0\0\0000\374\0\0\0\0\0\0\0\2\0\0\0\0\0\0\4\0\0\0\0\0\0\0\10\0\0\0\0\0\0\0\20\0\0\0\0\0\0\0", 64) = 64
31461 lseek(3, 70184, SEEK_SET)         = 70184
31461 read(3, "\310\0\0\0\1\0\0\0\3\0\0\0\0\0\0\0000\376\1\0\0\0\0\0000\376\0\0\0\0\0\0\320\1\0\0\0\0\0\0\0\0\0\0\0\0\0\0\10\0\0\0\0\0\0\0\10\0\0\0\0\0\0\0", 64) = 64
31461 lseek(3, 68868, SEEK_SET)         = 68868
31461 read(3, ".got\0.data\0.bss\0.gnu_debuglink\0", 31) = 31
31461 lseek(3, 68868, SEEK_SET)         = 68868
31461 read(3, ".got\0", 5)              = 5
31461 lseek(3, 70248, SEEK_SET)         = 70248
31461 read(3, "\315\0\0\0\1\0\0\0\3\0\0\0\0\0\0\0\0\0\2\0\0\0\0\0\0\0\1\0\0\0\0\0\10\f\0\0\0\0\0\0\0\0\0\0\0\0\0\0\10\0\0\0\0\0\0\0\0\0\0\0\0\0\0\0", 64) = 64
31461 lseek(3, 68873, SEEK_SET)         = 68873
31461 read(3, ".data\0.bss\0.gnu_debuglink\0", 26) = 26
31461 lseek(3, 68873, SEEK_SET)         = 68873
31461 read(3, ".data\0", 6)             = 6
31461 lseek(3, 70312, SEEK_SET)         = 70312
31461 read(3, "\323\0\0\0\10\0\0\0\3\0\0\0\0\0\0\0\10\f\2\0\0\0\0\0\10\f\1\0\0\0\0\0\10\0\0\0\0\0\0\0\0\0\0\0\0\0\0\0\1\0\0\0\0\0\0\0\0\0\0\0\0\0\0\0", 64) = 64
31461 lseek(3, 70376, SEEK_SET)         = 70376
31461 read(3, "\330\0\0\0\1\0\0\0\0\0\0\0\0\0\0\0\0\0\0\0\0\0\0\0\10\f\1\0\0\0\0\0004\0\0\0\0\0\0\0\0\0\0\0\0\0\0\0\4\0\0\0\0\0\0\0\0\0\0\0\0\0\0\0", 64) = 64
31461 lseek(3, 68884, SEEK_SET)         = 68884
31461 read(3, ".gnu_debuglink\0", 15)   = 15
31461 lseek(3, 68884, SEEK_SET)         = 68884
31461 read(3, ".gnu_debuglink\0", 15)   = 15
31461 lseek(3, 68616, SEEK_SET)         = 68616
31461 read(3, "f9a288065dc12d1bbbe82e7955a3f40525694f.debug\0\0\0\0", 48) = 48
31461 read(3, "\374\356\0o", 4)         = 4
31461 rt_sigprocmask(SIG_SETMASK, ~[RTMIN RT_1], [], 8) = 0
31461 rt_sigprocmask(SIG_SETMASK, [], NULL, 8) = 0
31461 close(3)                          = 0
31461 rt_sigprocmask(SIG_SETMASK, ~[RTMIN RT_1], [], 8) = 0
31461 rt_sigprocmask(SIG_SETMASK, [], NULL, 8) = 0
31461 readlinkat(AT_FDCWD, "/lib", "usr/lib", 1023) = 7
31461 readlinkat(AT_FDCWD, "/usr", 0x7fc472b6c0, 1023) = -1 EINVAL (Invalid argument)
31461 readlinkat(AT_FDCWD, "/usr/lib", 0x7fc472b6c0, 1023) = -1 EINVAL (Invalid argument)
31461 readlinkat(AT_FDCWD, "/usr/lib/aarch64-linux-gnu", 0x7fc472b6c0, 1023) = -1 EINVAL (Invalid argument)
31461 readlinkat(AT_FDCWD, "/usr/lib/aarch64-linux-gnu/libGLdispatch.so.0", "libGLdispatch.so.0.0.0", 1023) = 22
31461 readlinkat(AT_FDCWD, "/usr/lib/aarch64-linux-gnu/libGLdispatch.so.0.0.0", 0x7fc472b6c0, 1023) = -1 EINVAL (Invalid argument)
31461 rt_sigprocmask(SIG_SETMASK, ~[RTMIN RT_1], [], 8) = 0
31461 rt_sigprocmask(SIG_SETMASK, [], NULL, 8) = 0
31461 openat(AT_FDCWD, "/usr/lib/aarch64-linux-gnu/libGLdispatch.so.0.0.0", O_RDONLY|O_CLOEXEC) = 3
31461 rt_sigprocmask(SIG_SETMASK, ~[RTMIN RT_1], [], 8) = 0
31461 rt_sigprocmask(SIG_SETMASK, [], NULL, 8) = 0
31461 read(3, "\177ELF\2\1\1\0\0\0\0\0\0\0\0\0", 16) = 16
31461 lseek(3, 0, SEEK_SET)             = 0
31461 read(3, "\177ELF\2\1\1\0\0\0\0\0\0\0\0\0\3\0\267\0\1\0\0\0\0\0\0\0\0\0\0\0@\0\0\0\0\0\0\0\370\1\30\0\0\0\0\0\0\0\0\0@\08\0\10\0@\0\34\0\33\0", 64) = 64
31461 lseek(3, 1575096, SEEK_SET)       = 1575096
31461 read(3, "\1\0\0\0\3\0\0\0\0\0\0\0\0\0\0\0\0\0\0\0\0\0\0\0\364\0\30\0\0\0\0\0\375\0\0\0\0\0\0\0\0\0\0\0\0\0\0\0\1\0\0\0\0\0\0\0\0\0\0\0\0\0\0\0", 64) = 64
31461 lseek(3, 64, SEEK_SET)            = 64
31461 read(3, "\1\0\0\0\5\0\0\0\0\0\0\0\0\0\0\0\0\0\0\0\0\0\0\0\0\0\0\0\0\0\0\0`]\25\0\0\0\0\0`]\25\0\0\0\0\0\0\0\1\0\0\0\0\0", 56) = 56
31461 lseek(3, 120, SEEK_SET)           = 120
31461 read(3, "\1\0\0\0\6\0\0\0\330B\26\0\0\0\0\0\330B\26\0\0\0\0\0\330B\26\0\0\0\0\0\350\275\1\0\0\0\0\08@\2\0\0\0\0\0\0\0\1\0\0\0\0\0", 56) = 56
31461 lseek(3, 176, SEEK_SET)           = 176
31461 read(3, "\2\0\0\0\6\0\0\0\200\375\27\0\0\0\0\0\200\375\27\0\0\0\0\0\200\375\27\0\0\0\0\0\340\1\0\0\0\0\0\0\340\1\0\0\0\0\0\0\10\0\0\0\0\0\0\0", 56) = 56
31461 lseek(3, 232, SEEK_SET)           = 232
31461 read(3, "\4\0\0\0\4\0\0\0\0\2\0\0\0\0\0\0\0\2\0\0\0\0\0\0\0\2\0\0\0\0\0\0$\0\0\0\0\0\0\0$\0\0\0\0\0\0\0\4\0\0\0\0\0\0\0", 56) = 56
31461 lseek(3, 288, SEEK_SET)           = 288
31461 read(3, "\7\0\0\0\4\0\0\0\330B\26\0\0\0\0\0\330B\26\0\0\0\0\0\330B\26\0\0\0\0\0\10\0\0\0\0\0\0\0\10\0\0\0\0\0\0\0\10\0\0\0\0\0\0\0", 56) = 56
31461 lseek(3, 344, SEEK_SET)           = 344
31461 read(3, "P\345td\4\0\0\0\254J\25\0\0\0\0\0\254J\25\0\0\0\0\0\254J\25\0\0\0\0\0\334\3\0\0\0\0\0\0\334\3\0\0\0\0\0\0\4\0\0\0\0\0\0\0", 56) = 56
31461 lseek(3, 400, SEEK_SET)           = 400
31461 read(3, "Q\345td\6\0\0\0\0\0\0\0\0\0\0\0\0\0\0\0\0\0\0\0\0\0\0\0\0\0\0\0\0\0\0\0\0\0\0\0\0\0\0\0\0\0\0\0\20\0\0\0\0\0\0\0", 56) = 56
31461 lseek(3, 456, SEEK_SET)           = 456
31461 read(3, "R\345td\4\0\0\0\330B\26\0\0\0\0\0\330B\26\0\0\0\0\0\330B\26\0\0\0\0\0(\275\1\0\0\0\0\0(\275\1\0\0\0\0\0\1\0\0\0\0\0\0\0", 56) = 56
31461 lseek(3, 64, SEEK_SET)            = 64
31461 read(3, "\1\0\0\0\5\0\0\0\0\0\0\0\0\0\0\0\0\0\0\0\0\0\0\0\0\0\0\0\0\0\0\0`]\25\0\0\0\0\0`]\25\0\0\0\0\0\0\0\1\0\0\0\0\0", 56) = 56
31461 lseek(3, 120, SEEK_SET)           = 120
31461 read(3, "\1\0\0\0\6\0\0\0\330B\26\0\0\0\0\0\330B\26\0\0\0\0\0\330B\26\0\0\0\0\0\350\275\1\0\0\0\0\08@\2\0\0\0\0\0\0\0\1\0\0\0\0\0", 56) = 56
31461 lseek(3, 176, SEEK_SET)           = 176
31461 read(3, "\2\0\0\0\6\0\0\0\200\375\27\0\0\0\0\0\200\375\27\0\0\0\0\0\200\375\27\0\0\0\0\0\340\1\0\0\0\0\0\0\340\1\0\0\0\0\0\0\10\0\0\0\0\0\0\0", 56) = 56
31461 lseek(3, 232, SEEK_SET)           = 232
31461 read(3, "\4\0\0\0\4\0\0\0\0\2\0\0\0\0\0\0\0\2\0\0\0\0\0\0\0\2\0\0\0\0\0\0$\0\0\0\0\0\0\0$\0\0\0\0\0\0\0\4\0\0\0\0\0\0\0", 56) = 56
31461 lseek(3, 512, SEEK_SET)           = 512
31461 read(3, "\4\0\0\0\24\0\0\0\3\0\0\0", 12) = 12
31461 lseek(3, 528, SEEK_SET)           = 528
31461 read(3, "X\244+\335[\347\267\213M@P\336W3\2114W\272\5b", 20) = 20
31461 lseek(3, 1573368, SEEK_SET)       = 1573368
31461 read(3, "\0\0\0\0\0\0\0\0\0\0\0\0\0\0\0\0\0\0\0\0\0\0\0\0\0\0\0\0\0\0\0\0\0\0\0\0\0\0\0\0\0\0\0\0\0\0\0\0\0\0\0\0\0\0\0\0\0\0\0\0\0\0\0\0", 64) = 64
31461 lseek(3, 1573432, SEEK_SET)       = 1573432
31461 read(3, "\v\0\0\0\7\0\0\0\2\0\0\0\0\0\0\0\0\2\0\0\0\0\0\0\0\2\0\0\0\0\0\0$\0\0\0\0\0\0\0\0\0\0\0\0\0\0\0\4\0\0\0\0\0\0\0\0\0\0\0\0\0\0\0", 64) = 64
31461 lseek(3, 1573496, SEEK_SET)       = 1573496
31461 read(3, "\36\0\0\0\366\377\377o\2\0\0\0\0\0\0\0(\2\0\0\0\0\0\0(\2\0\0\0\0\0\0\254\0\0\0\0\0\0\0\3\0\0\0\0\0\0\0\10\0\0\0\0\0\0\0\0\0\0\0\0\0\0\0", 64) = 64
31461 lseek(3, 1573560, SEEK_SET)       = 1573560
31461 read(3, "(\0\0\0\v\0\0\0\2\0\0\0\0\0\0\0\330\2\0\0\0\0\0\0\330\2\0\0\0\0\0\08\4\0\0\0\0\0\0\4\0\0\0\3\0\0\0\10\0\0\0\0\0\0\0\30\0\0\0\0\0\0\0", 64) = 64
31461 lseek(3, 1573624, SEEK_SET)       = 1573624
31461 read(3, "0\0\0\0\3\0\0\0\2\0\0\0\0\0\0\0\20\7\0\0\0\0\0\0\20\7\0\0\0\0\0\0\5\3\0\0\0\0\0\0\0\0\0\0\0\0\0\0\1\0\0\0\0\0\0\0\0\0\0\0\0\0\0\0", 64) = 64
31461 lseek(3, 1573688, SEEK_SET)       = 1573688
31461 read(3, "8\0\0\0\377\377\377o\2\0\0\0\0\0\0\0\26\n\0\0\0\0\0\0\26\n\0\0\0\0\0\0Z\0\0\0\0\0\0\0\3\0\0\0\0\0\0\0\2\0\0\0\0\0\0\0\2\0\0\0\0\0\0\0", 64) = 64
31461 lseek(3, 1573752, SEEK_SET)       = 1573752
31461 read(3, "E\0\0\0\376\377\377o\2\0\0\0\0\0\0\0p\n\0\0\0\0\0\0p\n\0\0\0\0\0\0P\0\0\0\0\0\0\0\4\0\0\0\2\0\0\0\10\0\0\0\0\0\0\0\0\0\0\0\0\0\0\0", 64) = 64
31461 lseek(3, 1573816, SEEK_SET)       = 1573816
31461 read(3, "T\0\0\0\4\0\0\0\2\0\0\0\0\0\0\0\300\n\0\0\0\0\0\0\300\n\0\0\0\0\0\08\367\3\0\0\0\0\0\3\0\0\0\0\0\0\0\10\0\0\0\0\0\0\0\30\0\0\0\0\0\0\0", 64) = 64
31461 lseek(3, 1573880, SEEK_SET)       = 1573880
31461 read(3, "^\0\0\0\4\0\0\0B\0\0\0\0\0\0\0\370\1\4\0\0\0\0\0\370\1\4\0\0\0\0\0\20\2\0\0\0\0\0\0\3\0\0\0\27\0\0\0\10\0\0\0\0\0\0\0\30\0\0\0\0\0\0\0", 64) = 64
31461 lseek(3, 1573944, SEEK_SET)       = 1573944
31461 read(3, "h\0\0\0\1\0\0\0\6\0\0\0\0\0\0\0\10\4\4\0\0\0\0\0\10\4\4\0\0\0\0\0\30\0\0\0\0\0\0\0\0\0\0\0\0\0\0\0\4\0\0\0\0\0\0\0\0\0\0\0\0\0\0\0", 64) = 64
31461 lseek(3, 1573212, SEEK_SET)       = 1573212
31461 read(3, ".init\0.text\0wtext\0.fini\0.rodata\0.eh_frame_hdr\0.eh_frame\0.tdata\0.init_array\0.fini_array\0.data.rel.ro\0.dynamic\0.got\0.got.plt\0.data\0.bss\0.gnu_debuglink\0", 149) = 149
31461 lseek(3, 1573212, SEEK_SET)       = 1573212
31461 read(3, ".init\0", 6)             = 6
31461 lseek(3, 1574008, SEEK_SET)       = 1574008
31461 read(3, "c\0\0\0\1\0\0\0\6\0\0\0\0\0\0\0 \4\4\0\0\0\0\0 \4\4\0\0\0\0\0\200\1\0\0\0\0\0\0\0\0\0\0\0\0\0\0\20\0\0\0\0\0\0\0\0\0\0\0\0\0\0\0", 64) = 64
31461 lseek(3, 1573207, SEEK_SET)       = 1573207
31461 read(3, ".plt\0.init\0.text\0wtext\0.fini\0.rodata\0.eh_frame_hdr\0.eh_frame\0.tdata\0.init_array\0.fini_array\0.data.rel.ro\0.dynamic\0.got\0.got.plt\0.data\0.bss\0.gnu_debuglink\0", 154) = 154
31461 lseek(3, 1573207, SEEK_SET)       = 1573207
31461 read(3, ".plt\0", 5)              = 5
31461 lseek(3, 1574072, SEEK_SET)       = 1574072
31461 read(3, "n\0\0\0\1\0\0\0\6\0\0\0\0\0\0\0\240\5\4\0\0\0\0\0\240\5\4\0\0\0\0\0|$\0\0\0\0\0\0\0\0\0\0\0\0\0\0\20\0\0\0\0\0\0\0\0\0\0\0\0\0\0\0", 64) = 64
31461 lseek(3, 1573218, SEEK_SET)       = 1573218
31461 read(3, ".text\0wtext\0.fini\0.rodata\0.eh_frame_hdr\0.eh_frame\0.tdata\0.init_array\0.fini_array\0.data.rel.ro\0.dynamic\0.got\0.got.plt\0.data\0.bss\0.gnu_debuglink\0", 143) = 143
31461 lseek(3, 1573218, SEEK_SET)       = 1573218
31461 read(3, ".text\0", 6)             = 6
31461 lseek(3, 1574136, SEEK_SET)       = 1574136
31461 read(3, "t\0\0\0\1\0\0\0\6\0\0\0\0\0\0\0\0\0\5\0\0\0\0\0\0\0\5\0\0\0\0\0\0\0\17\0\0\0\0\0\0\0\0\0\0\0\0\0\0\0\1\0\0\0\0\0\0\0\0\0\0\0\0\0", 64) = 64
31461 lseek(3, 1573224, SEEK_SET)       = 1573224
31461 read(3, "wtext\0.fini\0.rodata\0.eh_frame_hdr\0.eh_frame\0.tdata\0.init_array\0.fini_array\0.data.rel.ro\0.dynamic\0.got\0.got.plt\0.data\0.bss\0.gnu_debuglink\0", 137) = 137
31461 lseek(3, 1573224, SEEK_SET)       = 1573224
31461 read(3, "wtext\0", 6)             = 6
31461 lseek(3, 1574200, SEEK_SET)       = 1574200
31461 read(3, "z\0\0\0\1\0\0\0\6\0\0\0\0\0\0\0\0\0\24\0\0\0\0\0\0\0\24\0\0\0\0\0\24\0\0\0\0\0\0\0\0\0\0\0\0\0\0\0\4\0\0\0\0\0\0\0\0\0\0\0\0\0\0\0", 64) = 64
31461 lseek(3, 1573230, SEEK_SET)       = 1573230
31461 read(3, ".fini\0.rodata\0.eh_frame_hdr\0.eh_frame\0.tdata\0.init_array\0.fini_array\0.data.rel.ro\0.dynamic\0.got\0.got.plt\0.data\0.bss\0.gnu_debuglink\0", 131) = 131
31461 lseek(3, 1573230, SEEK_SET)       = 1573230
31461 read(3, ".fini\0", 6)             = 6
31461 lseek(3, 1574264, SEEK_SET)       = 1574264
31461 read(3, "\200\0\0\0\1\0\0\0\2\0\0\0\0\0\0\0\30\0\24\0\0\0\0\0\30\0\24\0\0\0\0\0\223J\1\0\0\0\0\0\0\0\0\0\0\0\0\0\10\0\0\0\0\0\0\0\0\0\0\0\0\0\0\0", 64) = 64
31461 lseek(3, 1573236, SEEK_SET)       = 1573236
31461 read(3, ".rodata\0.eh_frame_hdr\0.eh_frame\0.tdata\0.init_array\0.fini_array\0.data.rel.ro\0.dynamic\0.got\0.got.plt\0.data\0.bss\0.gnu_debuglink\0", 125) = 125
31461 lseek(3, 1573236, SEEK_SET)       = 1573236
31461 read(3, ".rodata\0", 8)           = 8
31461 lseek(3, 1574328, SEEK_SET)       = 1574328
31461 read(3, "\210\0\0\0\1\0\0\0\2\0\0\0\0\0\0\0\254J\25\0\0\0\0\0\254J\25\0\0\0\0\0\334\3\0\0\0\0\0\0\0\0\0\0\0\0\0\0\4\0\0\0\0\0\0\0\0\0\0\0\0\0\0\0", 64) = 64
31461 lseek(3, 1573244, SEEK_SET)       = 1573244
31461 read(3, ".eh_frame_hdr\0.eh_frame\0.tdata\0.init_array\0.fini_array\0.data.rel.ro\0.dynamic\0.got\0.got.plt\0.data\0.bss\0.gnu_debuglink\0", 117) = 117
31461 lseek(3, 1573244, SEEK_SET)       = 1573244
31461 read(3, ".eh_frame_hdr\0", 14)    = 14
31461 lseek(3, 1574392, SEEK_SET)       = 1574392
31461 read(3, "\226\0\0\0\1\0\0\0\2\0\0\0\0\0\0\0\210N\25\0\0\0\0\0\210N\25\0\0\0\0\0\330\16\0\0\0\0\0\0\0\0\0\0\0\0\0\0\10\0\0\0\0\0\0\0\0\0\0\0\0\0\0\0", 64) = 64
31461 lseek(3, 1573258, SEEK_SET)       = 1573258
31461 read(3, ".eh_frame\0.tdata\0.init_array\0.fini_array\0.data.rel.ro\0.dynamic\0.got\0.got.plt\0.data\0.bss\0.gnu_debuglink\0", 103) = 103
31461 lseek(3, 1573258, SEEK_SET)       = 1573258
31461 read(3, ".eh_frame\0", 10)        = 10
31461 lseek(3, 1574456, SEEK_SET)       = 1574456
31461 read(3, "\240\0\0\0\1\0\0\0\3\4\0\0\0\0\0\0\330B\26\0\0\0\0\0\330B\26\0\0\0\0\0\10\0\0\0\0\0\0\0\0\0\0\0\0\0\0\0\10\0\0\0\0\0\0\0\0\0\0\0\0\0\0\0", 64) = 64
31461 lseek(3, 1573268, SEEK_SET)       = 1573268
31461 read(3, ".tdata\0.init_array\0.fini_array\0.data.rel.ro\0.dynamic\0.got\0.got.plt\0.data\0.bss\0.gnu_debuglink\0", 93) = 93
31461 lseek(3, 1573268, SEEK_SET)       = 1573268
31461 read(3, ".tdata\0", 7)            = 7
31461 lseek(3, 1574520, SEEK_SET)       = 1574520
31461 read(3, "\247\0\0\0\16\0\0\0\3\0\0\0\0\0\0\0\340B\26\0\0\0\0\0\340B\26\0\0\0\0\0\20\0\0\0\0\0\0\0\0\0\0\0\0\0\0\0\10\0\0\0\0\0\0\0\10\0\0\0\0\0\0\0", 64) = 64
31461 lseek(3, 1574584, SEEK_SET)       = 1574584
31461 read(3, "\263\0\0\0\17\0\0\0\3\0\0\0\0\0\0\0\360B\26\0\0\0\0\0\360B\26\0\0\0\0\0\20\0\0\0\0\0\0\0\0\0\0\0\0\0\0\0\10\0\0\0\0\0\0\0\10\0\0\0\0\0\0\0", 64) = 64
31461 lseek(3, 1574648, SEEK_SET)       = 1574648
31461 read(3, "\277\0\0\0\1\0\0\0\3\0\0\0\0\0\0\0\0C\26\0\0\0\0\0\0C\26\0\0\0\0\0\200\272\1\0\0\0\0\0\0\0\0\0\0\0\0\0\20\0\0\0\0\0\0\0\0\0\0\0\0\0\0\0", 64) = 64
31461 lseek(3, 1573299, SEEK_SET)       = 1573299
31461 read(3, ".data.rel.ro\0.dynamic\0.got\0.got.plt\0.data\0.bss\0.gnu_debuglink\0", 62) = 62
31461 lseek(3, 1573299, SEEK_SET)       = 1573299
31461 read(3, ".data.rel.ro\0", 13)     = 13
31461 lseek(3, 1574712, SEEK_SET)       = 1574712
31461 read(3, "\314\0\0\0\6\0\0\0\3\0\0\0\0\0\0\0\200\375\27\0\0\0\0\0\200\375\27\0\0\0\0\0\340\1\0\0\0\0\0\0\4\0\0\0\0\0\0\0\10\0\0\0\0\0\0\0\20\0\0\0\0\0\0\0", 64) = 64
31461 lseek(3, 1574776, SEEK_SET)       = 1574776
31461 read(3, "\325\0\0\0\1\0\0\0\3\0\0\0\0\0\0\0`\377\27\0\0\0\0\0`\377\27\0\0\0\0\0\210\0\0\0\0\0\0\0\0\0\0\0\0\0\0\0\10\0\0\0\0\0\0\0\10\0\0\0\0\0\0\0", 64) = 64
31461 lseek(3, 1573321, SEEK_SET)       = 1573321
31461 read(3, ".got\0.got.plt\0.data\0.bss\0.gnu_debuglink\0", 40) = 40
31461 lseek(3, 1573321, SEEK_SET)       = 1573321
31461 read(3, ".got\0", 5)              = 5
31461 lseek(3, 1574840, SEEK_SET)       = 1574840
31461 read(3, "\332\0\0\0\1\0\0\0\3\0\0\0\0\0\0\0\350\377\27\0\0\0\0\0\350\377\27\0\0\0\0\0\310\0\0\0\0\0\0\0\0\0\0\0\0\0\0\0\10\0\0\0\0\0\0\0\10\0\0\0\0\0\0\0", 64) = 64
31461 lseek(3, 1573326, SEEK_SET)       = 1573326
31461 read(3, ".got.plt\0.data\0.bss\0.gnu_debuglink\0", 35) = 35
31461 lseek(3, 1573326, SEEK_SET)       = 1573326
31461 read(3, ".got.plt\0", 9)          = 9
31461 lseek(3, 1574904, SEEK_SET)       = 1574904
31461 read(3, "\343\0\0\0\1\0\0\0\3\0\0\0\0\0\0\0\260\0\30\0\0\0\0\0\260\0\30\0\0\0\0\0\20\0\0\0\0\0\0\0\0\0\0\0\0\0\0\0\10\0\0\0\0\0\0\0\0\0\0\0\0\0\0\0", 64) = 64
31461 lseek(3, 1573335, SEEK_SET)       = 1573335
31461 read(3, ".data\0.bss\0.gnu_debuglink\0", 26) = 26
31461 lseek(3, 1573335, SEEK_SET)       = 1573335
31461 read(3, ".data\0", 6)             = 6
31461 lseek(3, 1574968, SEEK_SET)       = 1574968
31461 read(3, "\351\0\0\0\10\0\0\0\3\0\0\0\0\0\0\0\300\0\30\0\0\0\0\0\300\0\30\0\0\0\0\0P\202\0\0\0\0\0\0\0\0\0\0\0\0\0\0\20\0\0\0\0\0\0\0\0\0\0\0\0\0\0\0", 64) = 64
31461 lseek(3, 1575032, SEEK_SET)       = 1575032
31461 read(3, "\356\0\0\0\1\0\0\0\0\0\0\0\0\0\0\0\0\0\0\0\0\0\0\0\300\0\30\0\0\0\0\0004\0\0\0\0\0\0\0\0\0\0\0\0\0\0\0\4\0\0\0\0\0\0\0\0\0\0\0\0\0\0\0", 64) = 64
31461 lseek(3, 1573346, SEEK_SET)       = 1573346
31461 read(3, ".gnu_debuglink\0", 15)   = 15
31461 lseek(3, 1573346, SEEK_SET)       = 1573346
31461 read(3, ".gnu_debuglink\0", 15)   = 15
31461 lseek(3, 1573056, SEEK_SET)       = 1573056
31461 read(3, "a42bdd5be7b78b4d4050de5733893457ba0562.debug\0\0\0\0", 48) = 48
31461 read(3, "\264\7\7]", 4)           = 4
31461 rt_sigprocmask(SIG_SETMASK, ~[RTMIN RT_1], [], 8) = 0
31461 rt_sigprocmask(SIG_SETMASK, [], NULL, 8) = 0
31461 close(3)                          = 0
31461 rt_sigprocmask(SIG_SETMASK, ~[RTMIN RT_1], [], 8) = 0
31461 rt_sigprocmask(SIG_SETMASK, [], NULL, 8) = 0
31461 readlinkat(AT_FDCWD, "/lib", "usr/lib", 1023) = 7
31461 readlinkat(AT_FDCWD, "/usr", 0x7fc472b6c0, 1023) = -1 EINVAL (Invalid argument)
31461 readlinkat(AT_FDCWD, "/usr/lib", 0x7fc472b6c0, 1023) = -1 EINVAL (Invalid argument)
31461 readlinkat(AT_FDCWD, "/usr/lib/aarch64-linux-gnu", 0x7fc472b6c0, 1023) = -1 EINVAL (Invalid argument)
31461 readlinkat(AT_FDCWD, "/usr/lib/aarch64-linux-gnu/libX11.so.6", "libX11.so.6.4.0", 1023) = 15
31461 readlinkat(AT_FDCWD, "/usr/lib/aarch64-linux-gnu/libX11.so.6.4.0", 0x7fc472b6c0, 1023) = -1 EINVAL (Invalid argument)
31461 rt_sigprocmask(SIG_SETMASK, ~[RTMIN RT_1], [], 8) = 0
31461 rt_sigprocmask(SIG_SETMASK, [], NULL, 8) = 0
31461 openat(AT_FDCWD, "/usr/lib/aarch64-linux-gnu/libX11.so.6.4.0", O_RDONLY|O_CLOEXEC) = 3
31461 rt_sigprocmask(SIG_SETMASK, ~[RTMIN RT_1], [], 8) = 0
31461 rt_sigprocmask(SIG_SETMASK, [], NULL, 8) = 0
31461 read(3, "\177ELF\2\1\1\0\0\0\0\0\0\0\0\0", 16) = 16
31461 lseek(3, 0, SEEK_SET)             = 0
31461 read(3, "\177ELF\2\1\1\0\0\0\0\0\0\0\0\0\3\0\267\0\1\0\0\0\0\0\0\0\0\0\0\0@\0\0\0\0\0\0\0\260C\24\0\0\0\0\0\0\0\0\0@\08\0\7\0@\0\32\0\31\0", 64) = 64
31461 lseek(3, 1329648, SEEK_SET)       = 1329648
31461 read(3, "\1\0\0\0\3\0\0\0\0\0\0\0\0\0\0\0\0\0\0\0\0\0\0\0\274B\24\0\0\0\0\0\360\0\0\0\0\0\0\0\0\0\0\0\0\0\0\0\1\0\0\0\0\0\0\0\0\0\0\0\0\0\0\0", 64) = 64
31461 lseek(3, 64, SEEK_SET)            = 64
31461 read(3, "\1\0\0\0\5\0\0\0\0\0\0\0\0\0\0\0\0\0\0\0\0\0\0\0\0\0\0\0\0\0\0\0\0\211\23\0\0\0\0\0\0\211\23\0\0\0\0\0\0\0\1\0\0\0\0\0", 56) = 56
31461 lseek(3, 120, SEEK_SET)           = 120
31461 read(3, "\1\0\0\0\6\0\0\0\240\360\23\0\0\0\0\0\240\360\24\0\0\0\0\0\240\360\24\0\0\0\0\0\350Q\0\0\0\0\0\0\250X\0\0\0\0\0\0\0\0\1\0\0\0\0\0", 56) = 56
31461 lseek(3, 176, SEEK_SET)           = 176
31461 read(3, "\2\0\0\0\6\0\0\0\10\373\23\0\0\0\0\0\10\373\24\0\0\0\0\0\10\373\24\0\0\0\0\0\360\1\0\0\0\0\0\0\360\1\0\0\0\0\0\0\10\0\0\0\0\0\0\0", 56) = 56
31461 lseek(3, 232, SEEK_SET)           = 232
31461 read(3, "\4\0\0\0\4\0\0\0\310\1\0\0\0\0\0\0\310\1\0\0\0\0\0\0\310\1\0\0\0\0\0\0$\0\0\0\0\0\0\0$\0\0\0\0\0\0\0\4\0\0\0\0\0\0\0", 56) = 56
31461 lseek(3, 288, SEEK_SET)           = 288
31461 read(3, "P\345td\4\0\0\0004\266\21\0\0\0\0\0004\266\21\0\0\0\0\0004\266\21\0\0\0\0\0l;\0\0\0\0\0\0l;\0\0\0\0\0\0\4\0\0\0\0\0\0\0", 56) = 56
31461 lseek(3, 344, SEEK_SET)           = 344
31461 read(3, "Q\345td\6\0\0\0\0\0\0\0\0\0\0\0\0\0\0\0\0\0\0\0\0\0\0\0\0\0\0\0\0\0\0\0\0\0\0\0\0\0\0\0\0\0\0\0\20\0\0\0\0\0\0\0", 56) = 56
31461 lseek(3, 400, SEEK_SET)           = 400
31461 read(3, "R\345td\4\0\0\0\240\360\23\0\0\0\0\0\240\360\24\0\0\0\0\0\240\360\24\0\0\0\0\0`\17\0\0\0\0\0\0`\17\0\0\0\0\0\0\1\0\0\0\0\0\0\0", 56) = 56
31461 lseek(3, 64, SEEK_SET)            = 64
31461 read(3, "\1\0\0\0\5\0\0\0\0\0\0\0\0\0\0\0\0\0\0\0\0\0\0\0\0\0\0\0\0\0\0\0\0\211\23\0\0\0\0\0\0\211\23\0\0\0\0\0\0\0\1\0\0\0\0\0", 56) = 56
31461 lseek(3, 120, SEEK_SET)           = 120
31461 read(3, "\1\0\0\0\6\0\0\0\240\360\23\0\0\0\0\0\240\360\24\0\0\0\0\0\240\360\24\0\0\0\0\0\350Q\0\0\0\0\0\0\250X\0\0\0\0\0\0\0\0\1\0\0\0\0\0", 56) = 56
31461 lseek(3, 176, SEEK_SET)           = 176
31461 read(3, "\2\0\0\0\6\0\0\0\10\373\23\0\0\0\0\0\10\373\24\0\0\0\0\0\10\373\24\0\0\0\0\0\360\1\0\0\0\0\0\0\360\1\0\0\0\0\0\0\10\0\0\0\0\0\0\0", 56) = 56
31461 lseek(3, 232, SEEK_SET)           = 232
31461 read(3, "\4\0\0\0\4\0\0\0\310\1\0\0\0\0\0\0\310\1\0\0\0\0\0\0\310\1\0\0\0\0\0\0$\0\0\0\0\0\0\0$\0\0\0\0\0\0\0\4\0\0\0\0\0\0\0", 56) = 56
31461 lseek(3, 456, SEEK_SET)           = 456
31461 read(3, "\4\0\0\0\24\0\0\0\3\0\0\0", 12) = 12
31461 lseek(3, 472, SEEK_SET)           = 472
31461 read(3, "\370\306\n\323\244=\302P\343\244\222pzY\372\325\241{\352&", 20) = 20
31461 lseek(3, 1328048, SEEK_SET)       = 1328048
31461 read(3, "\0\0\0\0\0\0\0\0\0\0\0\0\0\0\0\0\0\0\0\0\0\0\0\0\0\0\0\0\0\0\0\0\0\0\0\0\0\0\0\0\0\0\0\0\0\0\0\0\0\0\0\0\0\0\0\0\0\0\0\0\0\0\0\0", 64) = 64
31461 lseek(3, 1328112, SEEK_SET)       = 1328112
31461 read(3, "\v\0\0\0\7\0\0\0\2\0\0\0\0\0\0\0\310\1\0\0\0\0\0\0\310\1\0\0\0\0\0\0$\0\0\0\0\0\0\0\0\0\0\0\0\0\0\0\4\0\0\0\0\0\0\0\0\0\0\0\0\0\0\0", 64) = 64
31461 lseek(3, 1328176, SEEK_SET)       = 1328176
31461 read(3, "\36\0\0\0\366\377\377o\2\0\0\0\0\0\0\0\360\1\0\0\0\0\0\0\360\1\0\0\0\0\0\0\224'\0\0\0\0\0\0\3\0\0\0\0\0\0\0\10\0\0\0\0\0\0\0\0\0\0\0\0\0\0\0", 64) = 64
31461 lseek(3, 1328240, SEEK_SET)       = 1328240
31461 read(3, "(\0\0\0\v\0\0\0\2\0\0\0\0\0\0\0\210)\0\0\0\0\0\0\210)\0\0\0\0\0\0\250\201\0\0\0\0\0\0\4\0\0\0\3\0\0\0\10\0\0\0\0\0\0\0\30\0\0\0\0\0\0\0", 64) = 64
31461 lseek(3, 1328304, SEEK_SET)       = 1328304
31461 read(3, "0\0\0\0\3\0\0\0\2\0\0\0\0\0\0\0000\253\0\0\0\0\0\0000\253\0\0\0\0\0\0OZ\0\0\0\0\0\0\0\0\0\0\0\0\0\0\1\0\0\0\0\0\0\0\0\0\0\0\0\0\0\0", 64) = 64
31461 lseek(3, 1328368, SEEK_SET)       = 1328368
31461 read(3, "8\0\0\0\377\377\377o\2\0\0\0\0\0\0\0\200\5\1\0\0\0\0\0\200\5\1\0\0\0\0\0\316\n\0\0\0\0\0\0\3\0\0\0\0\0\0\0\2\0\0\0\0\0\0\0\2\0\0\0\0\0\0\0", 64) = 64
31461 lseek(3, 1328432, SEEK_SET)       = 1328432
31461 read(3, "E\0\0\0\376\377\377o\2\0\0\0\0\0\0\0P\20\1\0\0\0\0\0P\20\1\0\0\0\0\0p\0\0\0\0\0\0\0\4\0\0\0\2\0\0\0\10\0\0\0\0\0\0\0\0\0\0\0\0\0\0\0", 64) = 64
31461 lseek(3, 1328496, SEEK_SET)       = 1328496
31461 read(3, "T\0\0\0\4\0\0\0\2\0\0\0\0\0\0\0\300\20\1\0\0\0\0\0\300\20\1\0\0\0\0\0Pg\0\0\0\0\0\0\3\0\0\0\0\0\0\0\10\0\0\0\0\0\0\0\30\0\0\0\0\0\0\0", 64) = 64
31461 lseek(3, 1328560, SEEK_SET)       = 1328560
31461 read(3, "^\0\0\0\4\0\0\0B\0\0\0\0\0\0\0\20x\1\0\0\0\0\0\20x\1\0\0\0\0\0\210>\0\0\0\0\0\0\3\0\0\0\25\0\0\0\10\0\0\0\0\0\0\0\30\0\0\0\0\0\0\0", 64) = 64
31461 lseek(3, 1328624, SEEK_SET)       = 1328624
31461 read(3, "h\0\0\0\1\0\0\0\6\0\0\0\0\0\0\0\230\266\1\0\0\0\0\0\230\266\1\0\0\0\0\0\30\0\0\0\0\0\0\0\0\0\0\0\0\0\0\0\4\0\0\0\0\0\0\0\0\0\0\0\0\0\0\0", 64) = 64
31461 lseek(3, 1327908, SEEK_SET)       = 1327908
31461 read(3, ".init\0.text\0.fini\0.rodata\0.eh_frame_hdr\0.eh_frame\0.init_array\0.fini_array\0.data.rel.ro\0.dynamic\0.got\0.got.plt\0.data\0.bss\0.gnu_debuglink\0", 136) = 136
31461 lseek(3, 1327908, SEEK_SET)       = 1327908
31461 read(3, ".init\0", 6)             = 6
31461 lseek(3, 1328688, SEEK_SET)       = 1328688
31461 read(3, "c\0\0\0\1\0\0\0\6\0\0\0\0\0\0\0\260\266\1\0\0\0\0\0\260\266\1\0\0\0\0\0\320)\0\0\0\0\0\0\0\0\0\0\0\0\0\0\20\0\0\0\0\0\0\0\0\0\0\0\0\0\0\0", 64) = 64
31461 lseek(3, 1327903, SEEK_SET)       = 1327903
31461 read(3, ".plt\0.init\0.text\0.fini\0.rodata\0.eh_frame_hdr\0.eh_frame\0.init_array\0.fini_array\0.data.rel.ro\0.dynamic\0.got\0.got.plt\0.data\0.bss\0.gnu_debuglink\0", 141) = 141
31461 lseek(3, 1327903, SEEK_SET)       = 1327903
31461 read(3, ".plt\0", 5)              = 5
31461 lseek(3, 1328752, SEEK_SET)       = 1328752
31461 read(3, "n\0\0\0\1\0\0\0\6\0\0\0\0\0\0\0\200\340\1\0\0\0\0\0\200\340\1\0\0\0\0\0`V\10\0\0\0\0\0\0\0\0\0\0\0\0\0\20\0\0\0\0\0\0\0\0\0\0\0\0\0\0\0", 64) = 64
31461 lseek(3, 1327914, SEEK_SET)       = 1327914
31461 read(3, ".text\0.fini\0.rodata\0.eh_frame_hdr\0.eh_frame\0.init_array\0.fini_array\0.data.rel.ro\0.dynamic\0.got\0.got.plt\0.data\0.bss\0.gnu_debuglink\0", 130) = 130
31461 lseek(3, 1327914, SEEK_SET)       = 1327914
31461 read(3, ".text\0", 6)             = 6
31461 lseek(3, 1328816, SEEK_SET)       = 1328816
31461 read(3, "t\0\0\0\1\0\0\0\6\0\0\0\0\0\0\0\3406\n\0\0\0\0\0\3406\n\0\0\0\0\0\24\0\0\0\0\0\0\0\0\0\0\0\0\0\0\0\4\0\0\0\0\0\0\0\0\0\0\0\0\0\0\0", 64) = 64
31461 lseek(3, 1327920, SEEK_SET)       = 1327920
31461 read(3, ".fini\0.rodata\0.eh_frame_hdr\0.eh_frame\0.init_array\0.fini_array\0.data.rel.ro\0.dynamic\0.got\0.got.plt\0.data\0.bss\0.gnu_debuglink\0", 124) = 124
31461 lseek(3, 1327920, SEEK_SET)       = 1327920
31461 read(3, ".fini\0", 6)             = 6
31461 lseek(3, 1328880, SEEK_SET)       = 1328880
31461 read(3, "z\0\0\0\1\0\0\0\2\0\0\0\0\0\0\0\0007\n\0\0\0\0\0\0007\n\0\0\0\0\0004\177\7\0\0\0\0\0\0\0\0\0\0\0\0\0\20\0\0\0\0\0\0\0\0\0\0\0\0\0\0\0", 64) = 64
31461 lseek(3, 1327926, SEEK_SET)       = 1327926
31461 read(3, ".rodata\0.eh_frame_hdr\0.eh_frame\0.init_array\0.fini_array\0.data.rel.ro\0.dynamic\0.got\0.got.plt\0.data\0.bss\0.gnu_debuglink\0", 118) = 118
31461 lseek(3, 1327926, SEEK_SET)       = 1327926
31461 read(3, ".rodata\0", 8)           = 8
31461 lseek(3, 1328944, SEEK_SET)       = 1328944
31461 read(3, "\202\0\0\0\1\0\0\0\2\0\0\0\0\0\0\0004\266\21\0\0\0\0\0004\266\21\0\0\0\0\0l;\0\0\0\0\0\0\0\0\0\0\0\0\0\0\4\0\0\0\0\0\0\0\0\0\0\0\0\0\0\0", 64) = 64
31461 lseek(3, 1327934, SEEK_SET)       = 1327934
31461 read(3, ".eh_frame_hdr\0.eh_frame\0.init_array\0.fini_array\0.data.rel.ro\0.dynamic\0.got\0.got.plt\0.data\0.bss\0.gnu_debuglink\0", 110) = 110
31461 lseek(3, 1327934, SEEK_SET)       = 1327934
31461 read(3, ".eh_frame_hdr\0", 14)    = 14
31461 lseek(3, 1329008, SEEK_SET)       = 1329008
31461 read(3, "\220\0\0\0\1\0\0\0\2\0\0\0\0\0\0\0\240\361\21\0\0\0\0\0\240\361\21\0\0\0\0\0`\227\1\0\0\0\0\0\0\0\0\0\0\0\0\0\10\0\0\0\0\0\0\0\0\0\0\0\0\0\0\0", 64) = 64
31461 lseek(3, 1327948, SEEK_SET)       = 1327948
31461 read(3, ".eh_frame\0.init_array\0.fini_array\0.data.rel.ro\0.dynamic\0.got\0.got.plt\0.data\0.bss\0.gnu_debuglink\0", 96) = 96
31461 lseek(3, 1327948, SEEK_SET)       = 1327948
31461 read(3, ".eh_frame\0", 10)        = 10
31461 lseek(3, 1329072, SEEK_SET)       = 1329072
31461 read(3, "\232\0\0\0\16\0\0\0\3\0\0\0\0\0\0\0\240\360\24\0\0\0\0\0\240\360\23\0\0\0\0\0\20\0\0\0\0\0\0\0\0\0\0\0\0\0\0\0\10\0\0\0\0\0\0\0\10\0\0\0\0\0\0\0", 64) = 64
31461 lseek(3, 1329136, SEEK_SET)       = 1329136
31461 read(3, "\246\0\0\0\17\0\0\0\3\0\0\0\0\0\0\0\260\360\24\0\0\0\0\0\260\360\23\0\0\0\0\0\20\0\0\0\0\0\0\0\0\0\0\0\0\0\0\0\10\0\0\0\0\0\0\0\10\0\0\0\0\0\0\0", 64) = 64
31461 lseek(3, 1329200, SEEK_SET)       = 1329200
31461 read(3, "\262\0\0\0\1\0\0\0\3\0\0\0\0\0\0\0\300\360\24\0\0\0\0\0\300\360\23\0\0\0\0\0H\n\0\0\0\0\0\0\0\0\0\0\0\0\0\0\20\0\0\0\0\0\0\0\0\0\0\0\0\0\0\0", 64) = 64
31461 lseek(3, 1327982, SEEK_SET)       = 1327982
31461 read(3, ".data.rel.ro\0.dynamic\0.got\0.got.plt\0.data\0.bss\0.gnu_debuglink\0", 62) = 62
31461 lseek(3, 1327982, SEEK_SET)       = 1327982
31461 read(3, ".data.rel.ro\0", 13)     = 13
31461 lseek(3, 1329264, SEEK_SET)       = 1329264
31461 read(3, "\277\0\0\0\6\0\0\0\3\0\0\0\0\0\0\0\10\373\24\0\0\0\0\0\10\373\23\0\0\0\0\0\360\1\0\0\0\0\0\0\4\0\0\0\0\0\0\0\10\0\0\0\0\0\0\0\20\0\0\0\0\0\0\0", 64) = 64
31461 lseek(3, 1329328, SEEK_SET)       = 1329328
31461 read(3, "\310\0\0\0\1\0\0\0\3\0\0\0\0\0\0\0\370\374\24\0\0\0\0\0\370\374\23\0\0\0\0\0\350\2\0\0\0\0\0\0\0\0\0\0\0\0\0\0\10\0\0\0\0\0\0\0\10\0\0\0\0\0\0\0", 64) = 64
31461 lseek(3, 1328004, SEEK_SET)       = 1328004
31461 read(3, ".got\0.got.plt\0.data\0.bss\0.gnu_debuglink\0", 40) = 40
31461 lseek(3, 1328004, SEEK_SET)       = 1328004
31461 read(3, ".got\0", 5)              = 5
31461 lseek(3, 1329392, SEEK_SET)       = 1329392
31461 read(3, "\315\0\0\0\1\0\0\0\3\0\0\0\0\0\0\0\350\377\24\0\0\0\0\0\350\377\23\0\0\0\0\0\360\24\0\0\0\0\0\0\0\0\0\0\0\0\0\0\10\0\0\0\0\0\0\0\10\0\0\0\0\0\0\0", 64) = 64
31461 lseek(3, 1328009, SEEK_SET)       = 1328009
31461 read(3, ".got.plt\0.data\0.bss\0.gnu_debuglink\0", 35) = 35
31461 lseek(3, 1328009, SEEK_SET)       = 1328009
31461 read(3, ".got.plt\0", 9)          = 9
31461 lseek(3, 1329456, SEEK_SET)       = 1329456
31461 read(3, "\326\0\0\0\1\0\0\0\3\0\0\0\0\0\0\0\340\24\25\0\0\0\0\0\340\24\24\0\0\0\0\0\250-\0\0\0\0\0\0\0\0\0\0\0\0\0\0\20\0\0\0\0\0\0\0\0\0\0\0\0\0\0\0", 64) = 64
31461 lseek(3, 1328018, SEEK_SET)       = 1328018
31461 read(3, ".data\0.bss\0.gnu_debuglink\0", 26) = 26
31461 lseek(3, 1328018, SEEK_SET)       = 1328018
31461 read(3, ".data\0", 6)             = 6
31461 lseek(3, 1329520, SEEK_SET)       = 1329520
31461 read(3, "\334\0\0\0\10\0\0\0\3\0\0\0\0\0\0\0\220B\25\0\0\0\0\0\210B\24\0\0\0\0\0\270\6\0\0\0\0\0\0\0\0\0\0\0\0\0\0\20\0\0\0\0\0\0\0\0\0\0\0\0\0\0\0", 64) = 64
31461 lseek(3, 1329584, SEEK_SET)       = 1329584
31461 read(3, "\341\0\0\0\1\0\0\0\0\0\0\0\0\0\0\0\0\0\0\0\0\0\0\0\210B\24\0\0\0\0\0004\0\0\0\0\0\0\0\0\0\0\0\0\0\0\0\4\0\0\0\0\0\0\0\0\0\0\0\0\0\0\0", 64) = 64
31461 lseek(3, 1328029, SEEK_SET)       = 1328029
31461 read(3, ".gnu_debuglink\0", 15)   = 15
31461 lseek(3, 1328029, SEEK_SET)       = 1328029
31461 read(3, ".gnu_debuglink\0", 15)   = 15
31461 lseek(3, 1327752, SEEK_SET)       = 1327752
31461 read(3, "c60ad3a43dc250e3a492707a59fad5a17bea26.debug\0\0\0\0", 48) = 48
31461 read(3, "\36E\337\365", 4)        = 4
31461 rt_sigprocmask(SIG_SETMASK, ~[RTMIN RT_1], [], 8) = 0
31461 rt_sigprocmask(SIG_SETMASK, [], NULL, 8) = 0
31461 close(3)                          = 0
31461 rt_sigprocmask(SIG_SETMASK, ~[RTMIN RT_1], [], 8) = 0
31461 rt_sigprocmask(SIG_SETMASK, [], NULL, 8) = 0
31461 readlinkat(AT_FDCWD, "/lib", "usr/lib", 1023) = 7
31461 readlinkat(AT_FDCWD, "/usr", 0x7fc472b6c0, 1023) = -1 EINVAL (Invalid argument)
31461 readlinkat(AT_FDCWD, "/usr/lib", 0x7fc472b6c0, 1023) = -1 EINVAL (Invalid argument)
31461 readlinkat(AT_FDCWD, "/usr/lib/aarch64-linux-gnu", 0x7fc472b6c0, 1023) = -1 EINVAL (Invalid argument)
31461 readlinkat(AT_FDCWD, "/usr/lib/aarch64-linux-gnu/libgfortran.so.5", "libgfortran.so.5.0.0", 1023) = 20
31461 readlinkat(AT_FDCWD, "/usr/lib/aarch64-linux-gnu/libgfortran.so.5.0.0", 0x7fc472b6c0, 1023) = -1 EINVAL (Invalid argument)
31461 rt_sigprocmask(SIG_SETMASK, ~[RTMIN RT_1], [], 8) = 0
31461 rt_sigprocmask(SIG_SETMASK, [], NULL, 8) = 0
31461 openat(AT_FDCWD, "/usr/lib/aarch64-linux-gnu/libgfortran.so.5.0.0", O_RDONLY|O_CLOEXEC) = 3
31461 rt_sigprocmask(SIG_SETMASK, ~[RTMIN RT_1], [], 8) = 0
31461 rt_sigprocmask(SIG_SETMASK, [], NULL, 8) = 0
31461 read(3, "\177ELF\2\1\1\0\0\0\0\0\0\0\0\0", 16) = 16
31461 lseek(3, 0, SEEK_SET)             = 0
31461 read(3, "\177ELF\2\1\1\0\0\0\0\0\0\0\0\0\3\0\267\0\1\0\0\0\0\0\0\0\0\0\0\0@\0\0\0\0\0\0\0\210\23\26\0\0\0\0\0\0\0\0\0@\08\0\10\0@\0\34\0\33\0", 64) = 64
31461 lseek(3, 1448520, SEEK_SET)       = 1448520
31461 read(3, "\1\0\0\0\3\0\0\0\0\0\0\0\0\0\0\0\0\0\0\0\0\0\0\0\200\22\26\0\0\0\0\0\5\1\0\0\0\0\0\0\0\0\0\0\0\0\0\0\1\0\0\0\0\0\0\0\0\0\0\0\0\0\0\0", 64) = 64
31461 lseek(3, 64, SEEK_SET)            = 64
31461 read(3, "\1\0\0\0\5\0\0\0\0\0\0\0\0\0\0\0\0\0\0\0\0\0\0\0\0\0\0\0\0\0\0\0\234\220\25\0\0\0\0\0\234\220\25\0\0\0\0\0\0\0\1\0\0\0\0\0", 56) = 56
31461 lseek(3, 120, SEEK_SET)           = 120
31461 read(3, "\1\0\0\0\6\0\0\0h\365\25\0\0\0\0\0h\365\26\0\0\0\0\0h\365\26\0\0\0\0\0\344\34\0\0\0\0\0\0\260\37\0\0\0\0\0\0\0\0\1\0\0\0\0\0", 56) = 56
31461 lseek(3, 176, SEEK_SET)           = 176
31461 read(3, "\2\0\0\0\6\0\0\0H\375\25\0\0\0\0\0H\375\26\0\0\0\0\0H\375\26\0\0\0\0\0000\2\0\0\0\0\0\0000\2\0\0\0\0\0\0\10\0\0\0\0\0\0\0", 56) = 56
31461 lseek(3, 232, SEEK_SET)           = 232
31461 read(3, "\4\0\0\0\4\0\0\0\0\2\0\0\0\0\0\0\0\2\0\0\0\0\0\0\0\2\0\0\0\0\0\0$\0\0\0\0\0\0\0$\0\0\0\0\0\0\0\4\0\0\0\0\0\0\0", 56) = 56
31461 lseek(3, 288, SEEK_SET)           = 288
31461 read(3, "\7\0\0\0\4\0\0\0h\365\25\0\0\0\0\0h\365\26\0\0\0\0\0h\365\26\0\0\0\0\0\0\0\0\0\0\0\0\0\10\0\0\0\0\0\0\0\10\0\0\0\0\0\0\0", 56) = 56
31461 lseek(3, 344, SEEK_SET)           = 344
31461 read(3, "P\345td\4\0\0\0 g\23\0\0\0\0\0 g\23\0\0\0\0\0 g\23\0\0\0\0\0\\;\0\0\0\0\0\0\\;\0\0\0\0\0\0\4\0\0\0\0\0\0\0", 56) = 56
31461 lseek(3, 400, SEEK_SET)           = 400
31461 read(3, "Q\345td\6\0\0\0\0\0\0\0\0\0\0\0\0\0\0\0\0\0\0\0\0\0\0\0\0\0\0\0\0\0\0\0\0\0\0\0\0\0\0\0\0\0\0\0\20\0\0\0\0\0\0\0", 56) = 56
31461 lseek(3, 456, SEEK_SET)           = 456
31461 read(3, "R\345td\4\0\0\0h\365\25\0\0\0\0\0h\365\26\0\0\0\0\0h\365\26\0\0\0\0\0\230\n\0\0\0\0\0\0\230\n\0\0\0\0\0\0\1\0\0\0\0\0\0\0", 56) = 56
31461 lseek(3, 64, SEEK_SET)            = 64
31461 read(3, "\1\0\0\0\5\0\0\0\0\0\0\0\0\0\0\0\0\0\0\0\0\0\0\0\0\0\0\0\0\0\0\0\234\220\25\0\0\0\0\0\234\220\25\0\0\0\0\0\0\0\1\0\0\0\0\0", 56) = 56
31461 lseek(3, 120, SEEK_SET)           = 120
31461 read(3, "\1\0\0\0\6\0\0\0h\365\25\0\0\0\0\0h\365\26\0\0\0\0\0h\365\26\0\0\0\0\0\344\34\0\0\0\0\0\0\260\37\0\0\0\0\0\0\0\0\1\0\0\0\0\0", 56) = 56
31461 lseek(3, 176, SEEK_SET)           = 176
31461 read(3, "\2\0\0\0\6\0\0\0H\375\25\0\0\0\0\0H\375\26\0\0\0\0\0H\375\26\0\0\0\0\0000\2\0\0\0\0\0\0000\2\0\0\0\0\0\0\10\0\0\0\0\0\0\0", 56) = 56
31461 lseek(3, 232, SEEK_SET)           = 232
31461 read(3, "\4\0\0\0\4\0\0\0\0\2\0\0\0\0\0\0\0\2\0\0\0\0\0\0\0\2\0\0\0\0\0\0$\0\0\0\0\0\0\0$\0\0\0\0\0\0\0\4\0\0\0\0\0\0\0", 56) = 56
31461 lseek(3, 512, SEEK_SET)           = 512
31461 read(3, "\4\0\0\0\24\0\0\0\3\0\0\0", 12) = 12
31461 lseek(3, 528, SEEK_SET)           = 528
31461 read(3, "\25\331C\201\\\217\204\341K\20\257\354v\272\31\227c\346\34\362", 20) = 20
31461 lseek(3, 1446792, SEEK_SET)       = 1446792
31461 read(3, "\0\0\0\0\0\0\0\0\0\0\0\0\0\0\0\0\0\0\0\0\0\0\0\0\0\0\0\0\0\0\0\0\0\0\0\0\0\0\0\0\0\0\0\0\0\0\0\0\0\0\0\0\0\0\0\0\0\0\0\0\0\0\0\0", 64) = 64
31461 lseek(3, 1446856, SEEK_SET)       = 1446856
31461 read(3, "\v\0\0\0\7\0\0\0\2\0\0\0\0\0\0\0\0\2\0\0\0\0\0\0\0\2\0\0\0\0\0\0$\0\0\0\0\0\0\0\0\0\0\0\0\0\0\0\4\0\0\0\0\0\0\0\0\0\0\0\0\0\0\0", 64) = 64
31461 lseek(3, 1446920, SEEK_SET)       = 1446920
31461 read(3, "\36\0\0\0\366\377\377o\2\0\0\0\0\0\0\0(\2\0\0\0\0\0\0(\2\0\0\0\0\0\0d)\0\0\0\0\0\0\3\0\0\0\0\0\0\0\10\0\0\0\0\0\0\0\0\0\0\0\0\0\0\0", 64) = 64
31461 lseek(3, 1446984, SEEK_SET)       = 1446984
31461 read(3, "(\0\0\0\v\0\0\0\2\0\0\0\0\0\0\0\220+\0\0\0\0\0\0\220+\0\0\0\0\0\0\30\226\0\0\0\0\0\0\4\0\0\0\3\0\0\0\10\0\0\0\0\0\0\0\30\0\0\0\0\0\0\0", 64) = 64
31461 lseek(3, 1447048, SEEK_SET)       = 1447048
31461 read(3, "0\0\0\0\3\0\0\0\2\0\0\0\0\0\0\0\250\301\0\0\0\0\0\0\250\301\0\0\0\0\0\0\321\211\0\0\0\0\0\0\0\0\0\0\0\0\0\0\1\0\0\0\0\0\0\0\0\0\0\0\0\0\0\0", 64) = 64
31461 lseek(3, 1447112, SEEK_SET)       = 1447112
31461 read(3, "8\0\0\0\377\377\377o\2\0\0\0\0\0\0\0zK\1\0\0\0\0\0zK\1\0\0\0\0\0\202\f\0\0\0\0\0\0\3\0\0\0\0\0\0\0\2\0\0\0\0\0\0\0\2\0\0\0\0\0\0\0", 64) = 64
31461 lseek(3, 1447176, SEEK_SET)       = 1447176
31461 read(3, "E\0\0\0\375\377\377o\2\0\0\0\0\0\0\0\0X\1\0\0\0\0\0\0X\1\0\0\0\0\0$\1\0\0\0\0\0\0\4\0\0\0\t\0\0\0\10\0\0\0\0\0\0\0\0\0\0\0\0\0\0\0", 64) = 64
31461 lseek(3, 1447240, SEEK_SET)       = 1447240
31461 read(3, "T\0\0\0\376\377\377o\2\0\0\0\0\0\0\0(Y\1\0\0\0\0\0(Y\1\0\0\0\0\0\360\0\0\0\0\0\0\0\4\0\0\0\3\0\0\0\10\0\0\0\0\0\0\0\0\0\0\0\0\0\0\0", 64) = 64
31461 lseek(3, 1447304, SEEK_SET)       = 1447304
31461 read(3, "c\0\0\0\4\0\0\0\2\0\0\0\0\0\0\0\30Z\1\0\0\0\0\0\30Z\1\0\0\0\0\0\210\21\0\0\0\0\0\0\3\0\0\0\0\0\0\0\10\0\0\0\0\0\0\0\30\0\0\0\0\0\0\0", 64) = 64
31461 lseek(3, 1447368, SEEK_SET)       = 1447368
31461 read(3, "m\0\0\0\4\0\0\0B\0\0\0\0\0\0\0\240k\1\0\0\0\0\0\240k\1\0\0\0\0\0\0-\0\0\0\0\0\0\3\0\0\0\27\0\0\0\10\0\0\0\0\0\0\0\30\0\0\0\0\0\0\0", 64) = 64
31461 lseek(3, 1447432, SEEK_SET)       = 1447432
31461 read(3, "w\0\0\0\1\0\0\0\6\0\0\0\0\0\0\0\240\230\1\0\0\0\0\0\240\230\1\0\0\0\0\0\30\0\0\0\0\0\0\0\0\0\0\0\0\0\0\0\4\0\0\0\0\0\0\0\0\0\0\0\0\0\0\0", 64) = 64
31461 lseek(3, 1446647, SEEK_SET)       = 1446647
31461 read(3, ".init\0.text\0.fini\0.rodata\0.eh_frame_hdr\0.eh_frame\0.tbss\0.init_array\0.fini_array\0.data.rel.ro\0.dynamic\0.got\0.got.plt\0.data\0.bss\0.gnu_debuglink\0", 142) = 142
31461 lseek(3, 1446647, SEEK_SET)       = 1446647
31461 read(3, ".init\0", 6)             = 6
31461 lseek(3, 1447496, SEEK_SET)       = 1447496
31461 read(3, "r\0\0\0\1\0\0\0\6\0\0\0\0\0\0\0\300\230\1\0\0\0\0\0\300\230\1\0\0\0\0\0000\36\0\0\0\0\0\0\0\0\0\0\0\0\0\0\20\0\0\0\0\0\0\0\0\0\0\0\0\0\0\0", 64) = 64
31461 lseek(3, 1446642, SEEK_SET)       = 1446642
31461 read(3, ".plt\0.init\0.text\0.fini\0.rodata\0.eh_frame_hdr\0.eh_frame\0.tbss\0.init_array\0.fini_array\0.data.rel.ro\0.dynamic\0.got\0.got.plt\0.data\0.bss\0.gnu_debuglink\0", 147) = 147
31461 lseek(3, 1446642, SEEK_SET)       = 1446642
31461 read(3, ".plt\0", 5)              = 5
31461 lseek(3, 1447560, SEEK_SET)       = 1447560
31461 read(3, "}\0\0\0\1\0\0\0\6\0\0\0\0\0\0\0\360\266\1\0\0\0\0\0\360\266\1\0\0\0\0\0\300\"\21\0\0\0\0\0\0\0\0\0\0\0\0\0\20\0\0\0\0\0\0\0\0\0\0\0\0\0\0\0", 64) = 64
31461 lseek(3, 1446653, SEEK_SET)       = 1446653
31461 read(3, ".text\0.fini\0.rodata\0.eh_frame_hdr\0.eh_frame\0.tbss\0.init_array\0.fini_array\0.data.rel.ro\0.dynamic\0.got\0.got.plt\0.data\0.bss\0.gnu_debuglink\0", 136) = 136
31461 lseek(3, 1446653, SEEK_SET)       = 1446653
31461 read(3, ".text\0", 6)             = 6
31461 lseek(3, 1447624, SEEK_SET)       = 1447624
31461 read(3, "\203\0\0\0\1\0\0\0\6\0\0\0\0\0\0\0\260\331\22\0\0\0\0\0\260\331\22\0\0\0\0\0\24\0\0\0\0\0\0\0\0\0\0\0\0\0\0\0\4\0\0\0\0\0\0\0\0\0\0\0\0\0\0\0", 64) = 64
31461 lseek(3, 1446659, SEEK_SET)       = 1446659
31461 read(3, ".fini\0.rodata\0.eh_frame_hdr\0.eh_frame\0.tbss\0.init_array\0.fini_array\0.data.rel.ro\0.dynamic\0.got\0.got.plt\0.data\0.bss\0.gnu_debuglink\0", 130) = 130
31461 lseek(3, 1446659, SEEK_SET)       = 1446659
31461 read(3, ".fini\0", 6)             = 6
31461 lseek(3, 1447688, SEEK_SET)       = 1447688
31461 read(3, "\211\0\0\0\1\0\0\0\2\0\0\0\0\0\0\0\320\331\22\0\0\0\0\0\320\331\22\0\0\0\0\0O\215\0\0\0\0\0\0\0\0\0\0\0\0\0\0\20\0\0\0\0\0\0\0\0\0\0\0\0\0\0\0", 64) = 64
31461 lseek(3, 1446665, SEEK_SET)       = 1446665
31461 read(3, ".rodata\0.eh_frame_hdr\0.eh_frame\0.tbss\0.init_array\0.fini_array\0.data.rel.ro\0.dynamic\0.got\0.got.plt\0.data\0.bss\0.gnu_debuglink\0", 124) = 124
31461 lseek(3, 1446665, SEEK_SET)       = 1446665
31461 read(3, ".rodata\0", 8)           = 8
31461 lseek(3, 1447752, SEEK_SET)       = 1447752
31461 read(3, "\221\0\0\0\1\0\0\0\2\0\0\0\0\0\0\0 g\23\0\0\0\0\0 g\23\0\0\0\0\0\\;\0\0\0\0\0\0\0\0\0\0\0\0\0\0\4\0\0\0\0\0\0\0\0\0\0\0\0\0\0\0", 64) = 64
31461 lseek(3, 1446673, SEEK_SET)       = 1446673
31461 read(3, ".eh_frame_hdr\0.eh_frame\0.tbss\0.init_array\0.fini_array\0.data.rel.ro\0.dynamic\0.got\0.got.plt\0.data\0.bss\0.gnu_debuglink\0", 116) = 116
31461 lseek(3, 1446673, SEEK_SET)       = 1446673
31461 read(3, ".eh_frame_hdr\0", 14)    = 14
31461 lseek(3, 1447816, SEEK_SET)       = 1447816
31461 read(3, "\237\0\0\0\1\0\0\0\2\0\0\0\0\0\0\0\200\242\23\0\0\0\0\0\200\242\23\0\0\0\0\0\34\356\1\0\0\0\0\0\0\0\0\0\0\0\0\0\10\0\0\0\0\0\0\0\0\0\0\0\0\0\0\0", 64) = 64
31461 lseek(3, 1446687, SEEK_SET)       = 1446687
31461 read(3, ".eh_frame\0.tbss\0.init_array\0.fini_array\0.data.rel.ro\0.dynamic\0.got\0.got.plt\0.data\0.bss\0.gnu_debuglink\0", 102) = 102
31461 lseek(3, 1446687, SEEK_SET)       = 1446687
31461 read(3, ".eh_frame\0", 10)        = 10
31461 lseek(3, 1447880, SEEK_SET)       = 1447880
31461 read(3, "\251\0\0\0\10\0\0\0\3\4\0\0\0\0\0\0h\365\26\0\0\0\0\0h\365\25\0\0\0\0\0\10\0\0\0\0\0\0\0\0\0\0\0\0\0\0\0\10\0\0\0\0\0\0\0\0\0\0\0\0\0\0\0", 64) = 64
31461 lseek(3, 1447944, SEEK_SET)       = 1447944
31461 read(3, "\257\0\0\0\16\0\0\0\3\0\0\0\0\0\0\0h\365\26\0\0\0\0\0h\365\25\0\0\0\0\0(\0\0\0\0\0\0\0\0\0\0\0\0\0\0\0\10\0\0\0\0\0\0\0\10\0\0\0\0\0\0\0", 64) = 64
31461 lseek(3, 1448008, SEEK_SET)       = 1448008
31461 read(3, "\273\0\0\0\17\0\0\0\3\0\0\0\0\0\0\0\220\365\26\0\0\0\0\0\220\365\25\0\0\0\0\0 \0\0\0\0\0\0\0\0\0\0\0\0\0\0\0\10\0\0\0\0\0\0\0\10\0\0\0\0\0\0\0", 64) = 64
31461 lseek(3, 1448072, SEEK_SET)       = 1448072
31461 read(3, "\307\0\0\0\1\0\0\0\3\0\0\0\0\0\0\0\260\365\26\0\0\0\0\0\260\365\25\0\0\0\0\0\230\7\0\0\0\0\0\0\0\0\0\0\0\0\0\0\20\0\0\0\0\0\0\0\0\0\0\0\0\0\0\0", 64) = 64
31461 lseek(3, 1446727, SEEK_SET)       = 1446727
31461 read(3, ".data.rel.ro\0.dynamic\0.got\0.got.plt\0.data\0.bss\0.gnu_debuglink\0", 62) = 62
31461 lseek(3, 1446727, SEEK_SET)       = 1446727
31461 read(3, ".data.rel.ro\0", 13)     = 13
31461 lseek(3, 1448136, SEEK_SET)       = 1448136
31461 read(3, "\324\0\0\0\6\0\0\0\3\0\0\0\0\0\0\0H\375\26\0\0\0\0\0H\375\25\0\0\0\0\0000\2\0\0\0\0\0\0\4\0\0\0\0\0\0\0\10\0\0\0\0\0\0\0\20\0\0\0\0\0\0\0", 64) = 64
31461 lseek(3, 1448200, SEEK_SET)       = 1448200
31461 read(3, "\335\0\0\0\1\0\0\0\3\0\0\0\0\0\0\0x\377\26\0\0\0\0\0x\377\25\0\0\0\0\0p\0\0\0\0\0\0\0\0\0\0\0\0\0\0\0\10\0\0\0\0\0\0\0\10\0\0\0\0\0\0\0", 64) = 64
31461 lseek(3, 1446749, SEEK_SET)       = 1446749
31461 read(3, ".got\0.got.plt\0.data\0.bss\0.gnu_debuglink\0", 40) = 40
31461 lseek(3, 1446749, SEEK_SET)       = 1446749
31461 read(3, ".got\0", 5)              = 5
31461 lseek(3, 1448264, SEEK_SET)       = 1448264
31461 read(3, "\342\0\0\0\1\0\0\0\3\0\0\0\0\0\0\0\350\377\26\0\0\0\0\0\350\377\25\0\0\0\0\0 \17\0\0\0\0\0\0\0\0\0\0\0\0\0\0\10\0\0\0\0\0\0\0\10\0\0\0\0\0\0\0", 64) = 64
31461 lseek(3, 1446754, SEEK_SET)       = 1446754
31461 read(3, ".got.plt\0.data\0.bss\0.gnu_debuglink\0", 35) = 35
31461 lseek(3, 1446754, SEEK_SET)       = 1446754
31461 read(3, ".got.plt\0", 9)          = 9
31461 lseek(3, 1448328, SEEK_SET)       = 1448328
31461 read(3, "\353\0\0\0\1\0\0\0\3\0\0\0\0\0\0\0\20\17\27\0\0\0\0\0\20\17\26\0\0\0\0\0<\3\0\0\0\0\0\0\0\0\0\0\0\0\0\0\20\0\0\0\0\0\0\0\0\0\0\0\0\0\0\0", 64) = 64
31461 lseek(3, 1446763, SEEK_SET)       = 1446763
31461 read(3, ".data\0.bss\0.gnu_debuglink\0", 26) = 26
31461 lseek(3, 1446763, SEEK_SET)       = 1446763
31461 read(3, ".data\0", 6)             = 6
31461 lseek(3, 1448392, SEEK_SET)       = 1448392
31461 read(3, "\361\0\0\0\10\0\0\0\3\0\0\0\0\0\0\0P\22\27\0\0\0\0\0L\22\26\0\0\0\0\0\310\2\0\0\0\0\0\0\0\0\0\0\0\0\0\0\20\0\0\0\0\0\0\0\0\0\0\0\0\0\0\0", 64) = 64
31461 lseek(3, 1448456, SEEK_SET)       = 1448456
31461 read(3, "\366\0\0\0\1\0\0\0\0\0\0\0\0\0\0\0\0\0\0\0\0\0\0\0L\22\26\0\0\0\0\0004\0\0\0\0\0\0\0\0\0\0\0\0\0\0\0\4\0\0\0\0\0\0\0\0\0\0\0\0\0\0\0", 64) = 64
31461 lseek(3, 1446774, SEEK_SET)       = 1446774
31461 read(3, ".gnu_debuglink\0", 15)   = 15
31461 lseek(3, 1446774, SEEK_SET)       = 1446774
31461 read(3, ".gnu_debuglink\0", 15)   = 15
31461 lseek(3, 1446476, SEEK_SET)       = 1446476
31461 read(3, "d943815c8f84e14b10afec76ba199763e61cf2.debug\0\0\0\0", 48) = 48
31461 read(3, "\f^\354\235", 4)         = 4
31461 rt_sigprocmask(SIG_SETMASK, ~[RTMIN RT_1], [], 8) = 0
31461 rt_sigprocmask(SIG_SETMASK, [], NULL, 8) = 0
31461 close(3)                          = 0
31461 rt_sigprocmask(SIG_SETMASK, ~[RTMIN RT_1], [], 8) = 0
31461 rt_sigprocmask(SIG_SETMASK, [], NULL, 8) = 0
31461 readlinkat(AT_FDCWD, "/lib", "usr/lib", 1023) = 7
31461 readlinkat(AT_FDCWD, "/usr", 0x7fc472b6c0, 1023) = -1 EINVAL (Invalid argument)
31461 readlinkat(AT_FDCWD, "/usr/lib", 0x7fc472b6c0, 1023) = -1 EINVAL (Invalid argument)
31461 readlinkat(AT_FDCWD, "/usr/lib/aarch64-linux-gnu", 0x7fc472b6c0, 1023) = -1 EINVAL (Invalid argument)
31461 readlinkat(AT_FDCWD, "/usr/lib/aarch64-linux-gnu/libboost_filesystem.so.1.74.0", 0x7fc472b6c0, 1023) = -1 EINVAL (Invalid argument)
31461 rt_sigprocmask(SIG_SETMASK, ~[RTMIN RT_1], [], 8) = 0
31461 rt_sigprocmask(SIG_SETMASK, [], NULL, 8) = 0
31461 openat(AT_FDCWD, "/usr/lib/aarch64-linux-gnu/libboost_filesystem.so.1.74.0", O_RDONLY|O_CLOEXEC) = 3
31461 rt_sigprocmask(SIG_SETMASK, ~[RTMIN RT_1], [], 8) = 0
31461 rt_sigprocmask(SIG_SETMASK, [], NULL, 8) = 0
31461 read(3, "\177ELF\2\1\1\3\0\0\0\0\0\0\0\0", 16) = 16
31461 lseek(3, 0, SEEK_SET)             = 0
31461 read(3, "\177ELF\2\1\1\3\0\0\0\0\0\0\0\0\3\0\267\0\1\0\0\0\0\0\0\0\0\0\0\0@\0\0\0\0\0\0\0P\1\2\0\0\0\0\0\0\0\0\0@\08\0\7\0@\0\32\0\31\0", 64) = 64
31461 lseek(3, 133008, SEEK_SET)        = 133008
31461 read(3, "\1\0\0\0\3\0\0\0\0\0\0\0\0\0\0\0\0\0\0\0\0\0\0\0T\0\2\0\0\0\0\0\371\0\0\0\0\0\0\0\0\0\0\0\0\0\0\0\1\0\0\0\0\0\0\0\0\0\0\0\0\0\0\0", 64) = 64
31461 lseek(3, 64, SEEK_SET)            = 64
31461 read(3, "\1\0\0\0\5\0\0\0\0\0\0\0\0\0\0\0\0\0\0\0\0\0\0\0\0\0\0\0\0\0\0\0\24\263\1\0\0\0\0\0\24\263\1\0\0\0\0\0\0\0\1\0\0\0\0\0", 56) = 56
31461 lseek(3, 120, SEEK_SET)           = 120
31461 read(3, "\1\0\0\0\6\0\0\0\330\364\1\0\0\0\0\0\330\364\2\0\0\0\0\0\330\364\2\0\0\0\0\0H\v\0\0\0\0\0\0\0\r\0\0\0\0\0\0\0\0\1\0\0\0\0\0", 56) = 56
31461 lseek(3, 176, SEEK_SET)           = 176
31461 read(3, "\2\0\0\0\6\0\0\0\370\367\1\0\0\0\0\0\370\367\2\0\0\0\0\0\370\367\2\0\0\0\0\0 \2\0\0\0\0\0\0 \2\0\0\0\0\0\0\10\0\0\0\0\0\0\0", 56) = 56
31461 lseek(3, 232, SEEK_SET)           = 232
31461 read(3, "\4\0\0\0\4\0\0\0\310\1\0\0\0\0\0\0\310\1\0\0\0\0\0\0\310\1\0\0\0\0\0\0$\0\0\0\0\0\0\0$\0\0\0\0\0\0\0\4\0\0\0\0\0\0\0", 56) = 56
31461 lseek(3, 288, SEEK_SET)           = 288
31461 read(3, "P\345td\4\0\0\0\300\200\1\0\0\0\0\0\300\200\1\0\0\0\0\0\300\200\1\0\0\0\0\0\24\5\0\0\0\0\0\0\24\5\0\0\0\0\0\0\4\0\0\0\0\0\0\0", 56) = 56
31461 lseek(3, 344, SEEK_SET)           = 344
31461 read(3, "Q\345td\6\0\0\0\0\0\0\0\0\0\0\0\0\0\0\0\0\0\0\0\0\0\0\0\0\0\0\0\0\0\0\0\0\0\0\0\0\0\0\0\0\0\0\0\20\0\0\0\0\0\0\0", 56) = 56
31461 lseek(3, 400, SEEK_SET)           = 400
31461 read(3, "R\345td\4\0\0\0\330\364\1\0\0\0\0\0\330\364\2\0\0\0\0\0\330\364\2\0\0\0\0\0(\v\0\0\0\0\0\0(\v\0\0\0\0\0\0\1\0\0\0\0\0\0\0", 56) = 56
31461 lseek(3, 64, SEEK_SET)            = 64
31461 read(3, "\1\0\0\0\5\0\0\0\0\0\0\0\0\0\0\0\0\0\0\0\0\0\0\0\0\0\0\0\0\0\0\0\24\263\1\0\0\0\0\0\24\263\1\0\0\0\0\0\0\0\1\0\0\0\0\0", 56) = 56
31461 lseek(3, 120, SEEK_SET)           = 120
31461 read(3, "\1\0\0\0\6\0\0\0\330\364\1\0\0\0\0\0\330\364\2\0\0\0\0\0\330\364\2\0\0\0\0\0H\v\0\0\0\0\0\0\0\r\0\0\0\0\0\0\0\0\1\0\0\0\0\0", 56) = 56
31461 lseek(3, 176, SEEK_SET)           = 176
31461 read(3, "\2\0\0\0\6\0\0\0\370\367\1\0\0\0\0\0\370\367\2\0\0\0\0\0\370\367\2\0\0\0\0\0 \2\0\0\0\0\0\0 \2\0\0\0\0\0\0\10\0\0\0\0\0\0\0", 56) = 56
31461 lseek(3, 232, SEEK_SET)           = 232
31461 read(3, "\4\0\0\0\4\0\0\0\310\1\0\0\0\0\0\0\310\1\0\0\0\0\0\0\310\1\0\0\0\0\0\0$\0\0\0\0\0\0\0$\0\0\0\0\0\0\0\4\0\0\0\0\0\0\0", 56) = 56
31461 lseek(3, 456, SEEK_SET)           = 456
31461 read(3, "\4\0\0\0\24\0\0\0\3\0\0\0", 12) = 12
31461 lseek(3, 472, SEEK_SET)           = 472
31461 read(3, "\236T\331\r\265\361\245&D\213\364O\204\366\0\1\251\235p\257", 20) = 20
31461 lseek(3, 131408, SEEK_SET)        = 131408
31461 read(3, "\0\0\0\0\0\0\0\0\0\0\0\0\0\0\0\0\0\0\0\0\0\0\0\0\0\0\0\0\0\0\0\0\0\0\0\0\0\0\0\0\0\0\0\0\0\0\0\0\0\0\0\0\0\0\0\0\0\0\0\0\0\0\0\0", 64) = 64
31461 lseek(3, 131472, SEEK_SET)        = 131472
31461 read(3, "\v\0\0\0\7\0\0\0\2\0\0\0\0\0\0\0\310\1\0\0\0\0\0\0\310\1\0\0\0\0\0\0$\0\0\0\0\0\0\0\0\0\0\0\0\0\0\0\4\0\0\0\0\0\0\0\0\0\0\0\0\0\0\0", 64) = 64
31461 lseek(3, 131536, SEEK_SET)        = 131536
31461 read(3, "\36\0\0\0\366\377\377o\2\0\0\0\0\0\0\0\360\1\0\0\0\0\0\0\360\1\0\0\0\0\0\0\360\4\0\0\0\0\0\0\3\0\0\0\0\0\0\0\10\0\0\0\0\0\0\0\0\0\0\0\0\0\0\0", 64) = 64
31461 lseek(3, 131600, SEEK_SET)        = 131600
31461 read(3, "(\0\0\0\v\0\0\0\2\0\0\0\0\0\0\0\340\6\0\0\0\0\0\0\340\6\0\0\0\0\0\0\10\31\0\0\0\0\0\0\4\0\0\0\3\0\0\0\10\0\0\0\0\0\0\0\30\0\0\0\0\0\0\0", 64) = 64
31461 lseek(3, 131664, SEEK_SET)        = 131664
31461 read(3, "0\0\0\0\3\0\0\0\2\0\0\0\0\0\0\0\350\37\0\0\0\0\0\0\350\37\0\0\0\0\0\0W4\0\0\0\0\0\0\0\0\0\0\0\0\0\0\1\0\0\0\0\0\0\0\0\0\0\0\0\0\0\0", 64) = 64
31461 lseek(3, 131728, SEEK_SET)        = 131728
31461 read(3, "8\0\0\0\377\377\377o\2\0\0\0\0\0\0\0@T\0\0\0\0\0\0@T\0\0\0\0\0\0\26\2\0\0\0\0\0\0\3\0\0\0\0\0\0\0\2\0\0\0\0\0\0\0\2\0\0\0\0\0\0\0", 64) = 64
31461 lseek(3, 131792, SEEK_SET)        = 131792
31461 read(3, "E\0\0\0\376\377\377o\2\0\0\0\0\0\0\0XV\0\0\0\0\0\0XV\0\0\0\0\0\0\0\1\0\0\0\0\0\0\4\0\0\0\4\0\0\0\10\0\0\0\0\0\0\0\0\0\0\0\0\0\0\0", 64) = 64
31461 lseek(3, 131856, SEEK_SET)        = 131856
31461 read(3, "T\0\0\0\4\0\0\0\2\0\0\0\0\0\0\0XW\0\0\0\0\0\0XW\0\0\0\0\0\0\210\v\0\0\0\0\0\0\3\0\0\0\0\0\0\0\10\0\0\0\0\0\0\0\30\0\0\0\0\0\0\0", 64) = 64
31461 lseek(3, 131920, SEEK_SET)        = 131920
31461 read(3, "^\0\0\0\4\0\0\0B\0\0\0\0\0\0\0\340b\0\0\0\0\0\0\340b\0\0\0\0\0\0\240\16\0\0\0\0\0\0\3\0\0\0\25\0\0\0\10\0\0\0\0\0\0\0\30\0\0\0\0\0\0\0", 64) = 64
31461 lseek(3, 131984, SEEK_SET)        = 131984
31461 read(3, "h\0\0\0\1\0\0\0\6\0\0\0\0\0\0\0\200q\0\0\0\0\0\0\200q\0\0\0\0\0\0\30\0\0\0\0\0\0\0\0\0\0\0\0\0\0\0\4\0\0\0\0\0\0\0\0\0\0\0\0\0\0\0", 64) = 64
31461 lseek(3, 131260, SEEK_SET)        = 131260
31461 read(3, ".init\0.text\0.fini\0.rodata\0.eh_frame_hdr\0.eh_frame\0.gcc_except_table\0.init_array\0.fini_array\0.data.rel.ro\0.dynamic\0.got\0.data\0.bss\0.gnu_debuglink\0", 145) = 145
31461 lseek(3, 131260, SEEK_SET)        = 131260
31461 read(3, ".init\0", 6)             = 6
31461 lseek(3, 132048, SEEK_SET)        = 132048
31461 read(3, "c\0\0\0\1\0\0\0\6\0\0\0\0\0\0\0\240q\0\0\0\0\0\0\240q\0\0\0\0\0\0\340\t\0\0\0\0\0\0\0\0\0\0\0\0\0\0\20\0\0\0\0\0\0\0\0\0\0\0\0\0\0\0", 64) = 64
31461 lseek(3, 131255, SEEK_SET)        = 131255
31461 read(3, ".plt\0.init\0.text\0.fini\0.rodata\0.eh_frame_hdr\0.eh_frame\0.gcc_except_table\0.init_array\0.fini_array\0.data.rel.ro\0.dynamic\0.got\0.data\0.bss\0.gnu_debuglink\0", 150) = 150
31461 lseek(3, 131255, SEEK_SET)        = 131255
31461 read(3, ".plt\0", 5)              = 5
31461 lseek(3, 132112, SEEK_SET)        = 132112
31461 read(3, "n\0\0\0\1\0\0\0\6\0\0\0\0\0\0\0\200{\0\0\0\0\0\0\200{\0\0\0\0\0\0@\373\0\0\0\0\0\0\0\0\0\0\0\0\0\0\20\0\0\0\0\0\0\0\0\0\0\0\0\0\0\0", 64) = 64
31461 lseek(3, 131266, SEEK_SET)        = 131266
31461 read(3, ".text\0.fini\0.rodata\0.eh_frame_hdr\0.eh_frame\0.gcc_except_table\0.init_array\0.fini_array\0.data.rel.ro\0.dynamic\0.got\0.data\0.bss\0.gnu_debuglink\0", 139) = 139
31461 lseek(3, 131266, SEEK_SET)        = 131266
31461 read(3, ".text\0", 6)             = 6
31461 lseek(3, 132176, SEEK_SET)        = 132176
31461 read(3, "t\0\0\0\1\0\0\0\6\0\0\0\0\0\0\0\300v\1\0\0\0\0\0\300v\1\0\0\0\0\0\24\0\0\0\0\0\0\0\0\0\0\0\0\0\0\0\4\0\0\0\0\0\0\0\0\0\0\0\0\0\0\0", 64) = 64
31461 lseek(3, 131272, SEEK_SET)        = 131272
31461 read(3, ".fini\0.rodata\0.eh_frame_hdr\0.eh_frame\0.gcc_except_table\0.init_array\0.fini_array\0.data.rel.ro\0.dynamic\0.got\0.data\0.bss\0.gnu_debuglink\0", 133) = 133
31461 lseek(3, 131272, SEEK_SET)        = 131272
31461 read(3, ".fini\0", 6)             = 6
31461 lseek(3, 132240, SEEK_SET)        = 132240
31461 read(3, "z\0\0\0\1\0\0\0\2\0\0\0\0\0\0\0\340v\1\0\0\0\0\0\340v\1\0\0\0\0\0\340\t\0\0\0\0\0\0\0\0\0\0\0\0\0\0\20\0\0\0\0\0\0\0\0\0\0\0\0\0\0\0", 64) = 64
31461 lseek(3, 131278, SEEK_SET)        = 131278
31461 read(3, ".rodata\0.eh_frame_hdr\0.eh_frame\0.gcc_except_table\0.init_array\0.fini_array\0.data.rel.ro\0.dynamic\0.got\0.data\0.bss\0.gnu_debuglink\0", 127) = 127
31461 lseek(3, 131278, SEEK_SET)        = 131278
31461 read(3, ".rodata\0", 8)           = 8
31461 lseek(3, 132304, SEEK_SET)        = 132304
31461 read(3, "\202\0\0\0\1\0\0\0\2\0\0\0\0\0\0\0\300\200\1\0\0\0\0\0\300\200\1\0\0\0\0\0\24\5\0\0\0\0\0\0\0\0\0\0\0\0\0\0\4\0\0\0\0\0\0\0\0\0\0\0\0\0\0\0", 64) = 64
31461 lseek(3, 131286, SEEK_SET)        = 131286
31461 read(3, ".eh_frame_hdr\0.eh_frame\0.gcc_except_table\0.init_array\0.fini_array\0.data.rel.ro\0.dynamic\0.got\0.data\0.bss\0.gnu_debuglink\0", 119) = 119
31461 lseek(3, 131286, SEEK_SET)        = 131286
31461 read(3, ".eh_frame_hdr\0", 14)    = 14
31461 lseek(3, 132368, SEEK_SET)        = 132368
31461 read(3, "\220\0\0\0\1\0\0\0\2\0\0\0\0\0\0\0\330\205\1\0\0\0\0\0\330\205\1\0\0\0\0\0\244\"\0\0\0\0\0\0\0\0\0\0\0\0\0\0\10\0\0\0\0\0\0\0\0\0\0\0\0\0\0\0", 64) = 64
31461 lseek(3, 131300, SEEK_SET)        = 131300
31461 read(3, ".eh_frame\0.gcc_except_table\0.init_array\0.fini_array\0.data.rel.ro\0.dynamic\0.got\0.data\0.bss\0.gnu_debuglink\0", 105) = 105
31461 lseek(3, 131300, SEEK_SET)        = 131300
31461 read(3, ".eh_frame\0", 10)        = 10
31461 lseek(3, 132432, SEEK_SET)        = 132432
31461 read(3, "\232\0\0\0\1\0\0\0\2\0\0\0\0\0\0\0|\250\1\0\0\0\0\0|\250\1\0\0\0\0\0\230\n\0\0\0\0\0\0\0\0\0\0\0\0\0\0\4\0\0\0\0\0\0\0\0\0\0\0\0\0\0\0", 64) = 64
31461 lseek(3, 131310, SEEK_SET)        = 131310
31461 read(3, ".gcc_except_table\0.init_array\0.fini_array\0.data.rel.ro\0.dynamic\0.got\0.data\0.bss\0.gnu_debuglink\0", 95) = 95
31461 lseek(3, 131310, SEEK_SET)        = 131310
31461 read(3, ".gcc_except_table\0", 18) = 18
31461 lseek(3, 132496, SEEK_SET)        = 132496
31461 read(3, "\254\0\0\0\16\0\0\0\3\0\0\0\0\0\0\0\330\364\2\0\0\0\0\0\330\364\1\0\0\0\0\0 \0\0\0\0\0\0\0\0\0\0\0\0\0\0\0\10\0\0\0\0\0\0\0\10\0\0\0\0\0\0\0", 64) = 64
31461 lseek(3, 132560, SEEK_SET)        = 132560
31461 read(3, "\270\0\0\0\17\0\0\0\3\0\0\0\0\0\0\0\370\364\2\0\0\0\0\0\370\364\1\0\0\0\0\0\10\0\0\0\0\0\0\0\0\0\0\0\0\0\0\0\10\0\0\0\0\0\0\0\10\0\0\0\0\0\0\0", 64) = 64
31461 lseek(3, 132624, SEEK_SET)        = 132624
31461 read(3, "\304\0\0\0\1\0\0\0\3\0\0\0\0\0\0\0\0\365\2\0\0\0\0\0\0\365\1\0\0\0\0\0\370\2\0\0\0\0\0\0\0\0\0\0\0\0\0\0\10\0\0\0\0\0\0\0\0\0\0\0\0\0\0\0", 64) = 64
31461 lseek(3, 131352, SEEK_SET)        = 131352
31461 read(3, ".data.rel.ro\0.dynamic\0.got\0.data\0.bss\0.gnu_debuglink\0", 53) = 53
31461 lseek(3, 131352, SEEK_SET)        = 131352
31461 read(3, ".data.rel.ro\0", 13)     = 13
31461 lseek(3, 132688, SEEK_SET)        = 132688
31461 read(3, "\321\0\0\0\6\0\0\0\3\0\0\0\0\0\0\0\370\367\2\0\0\0\0\0\370\367\1\0\0\0\0\0 \2\0\0\0\0\0\0\4\0\0\0\0\0\0\0\10\0\0\0\0\0\0\0\20\0\0\0\0\0\0\0", 64) = 64
31461 lseek(3, 132752, SEEK_SET)        = 132752
31461 read(3, "\332\0\0\0\1\0\0\0\3\0\0\0\0\0\0\0\30\372\2\0\0\0\0\0\30\372\1\0\0\0\0\0\350\5\0\0\0\0\0\0\0\0\0\0\0\0\0\0\10\0\0\0\0\0\0\0\10\0\0\0\0\0\0\0", 64) = 64
31461 lseek(3, 131374, SEEK_SET)        = 131374
31461 read(3, ".got\0.data\0.bss\0.gnu_debuglink\0", 31) = 31
31461 lseek(3, 131374, SEEK_SET)        = 131374
31461 read(3, ".got\0", 5)              = 5
31461 lseek(3, 132816, SEEK_SET)        = 132816
31461 read(3, "\337\0\0\0\1\0\0\0\3\0\0\0\0\0\0\0\0\0\3\0\0\0\0\0\0\0\2\0\0\0\0\0 \0\0\0\0\0\0\0\0\0\0\0\0\0\0\0\10\0\0\0\0\0\0\0\0\0\0\0\0\0\0\0", 64) = 64
31461 lseek(3, 131379, SEEK_SET)        = 131379
31461 read(3, ".data\0.bss\0.gnu_debuglink\0", 26) = 26
31461 lseek(3, 131379, SEEK_SET)        = 131379
31461 read(3, ".data\0", 6)             = 6
31461 lseek(3, 132880, SEEK_SET)        = 132880
31461 read(3, "\345\0\0\0\10\0\0\0\3\0\0\0\0\0\0\0 \0\3\0\0\0\0\0 \0\2\0\0\0\0\0\270\1\0\0\0\0\0\0\0\0\0\0\0\0\0\0\20\0\0\0\0\0\0\0\0\0\0\0\0\0\0\0", 64) = 64
31461 lseek(3, 132944, SEEK_SET)        = 132944
31461 read(3, "\352\0\0\0\1\0\0\0\0\0\0\0\0\0\0\0\0\0\0\0\0\0\0\0 \0\2\0\0\0\0\0004\0\0\0\0\0\0\0\0\0\0\0\0\0\0\0\4\0\0\0\0\0\0\0\0\0\0\0\0\0\0\0", 64) = 64
31461 lseek(3, 131390, SEEK_SET)        = 131390
31461 read(3, ".gnu_debuglink\0", 15)   = 15
31461 lseek(3, 131390, SEEK_SET)        = 131390
31461 read(3, ".gnu_debuglink\0", 15)   = 15
31461 lseek(3, 131104, SEEK_SET)        = 131104
31461 read(3, "54d90db5f1a526448bf44f84f60001a99d70af.debug\0\0\0\0", 48) = 48
31461 read(3, "\276\244p\265", 4)       = 4
31461 rt_sigprocmask(SIG_SETMASK, ~[RTMIN RT_1], [], 8) = 0
31461 rt_sigprocmask(SIG_SETMASK, [], NULL, 8) = 0
31461 close(3)                          = 0
31461 rt_sigprocmask(SIG_SETMASK, ~[RTMIN RT_1], [], 8) = 0
31461 rt_sigprocmask(SIG_SETMASK, [], NULL, 8) = 0
31461 readlinkat(AT_FDCWD, "/lib", "usr/lib", 1023) = 7
31461 readlinkat(AT_FDCWD, "/usr", 0x7fc472b6c0, 1023) = -1 EINVAL (Invalid argument)
31461 readlinkat(AT_FDCWD, "/usr/lib", 0x7fc472b6c0, 1023) = -1 EINVAL (Invalid argument)
31461 readlinkat(AT_FDCWD, "/usr/lib/aarch64-linux-gnu", 0x7fc472b6c0, 1023) = -1 EINVAL (Invalid argument)
31461 readlinkat(AT_FDCWD, "/usr/lib/aarch64-linux-gnu/libffi.so.8", "libffi.so.8.1.2", 1023) = 15
31461 readlinkat(AT_FDCWD, "/usr/lib/aarch64-linux-gnu/libffi.so.8.1.2", 0x7fc472b6c0, 1023) = -1 EINVAL (Invalid argument)
31461 rt_sigprocmask(SIG_SETMASK, ~[RTMIN RT_1], [], 8) = 0
31461 rt_sigprocmask(SIG_SETMASK, [], NULL, 8) = 0
31461 openat(AT_FDCWD, "/usr/lib/aarch64-linux-gnu/libffi.so.8.1.2", O_RDONLY|O_CLOEXEC) = 3
31461 rt_sigprocmask(SIG_SETMASK, ~[RTMIN RT_1], [], 8) = 0
31461 rt_sigprocmask(SIG_SETMASK, [], NULL, 8) = 0
31461 read(3, "\177ELF\2\1\1\0\0\0\0\0\0\0\0\0", 16) = 16
31461 lseek(3, 0, SEEK_SET)             = 0
31461 read(3, "\177ELF\2\1\1\0\0\0\0\0\0\0\0\0\3\0\267\0\1\0\0\0\0\0\0\0\0\0\0\0@\0\0\0\0\0\0\0\340\2\1\0\0\0\0\0\0\0\0\0@\08\0\7\0@\0\33\0\32\0", 64) = 64
31461 lseek(3, 67936, SEEK_SET)         = 67936
31461 read(3, "\1\0\0\0\3\0\0\0\0\0\0\0\0\0\0\0\0\0\0\0\0\0\0\0\340\1\1\0\0\0\0\0\377\0\0\0\0\0\0\0\0\0\0\0\0\0\0\0\1\0\0\0\0\0\0\0\0\0\0\0\0\0\0\0", 64) = 64
31461 lseek(3, 64, SEEK_SET)            = 64
31461 read(3, "\1\0\0\0\5\0\0\0\0\0\0\0\0\0\0\0\0\0\0\0\0\0\0\0\0\0\0\0\0\0\0\0\340v\0\0\0\0\0\0\340v\0\0\0\0\0\0\0\0\1\0\0\0\0\0", 56) = 56
31461 lseek(3, 120, SEEK_SET)           = 120
31461 read(3, "\1\0\0\0\6\0\0\0x\374\0\0\0\0\0\0x\374\1\0\0\0\0\0x\374\1\0\0\0\0\0004\5\0\0\0\0\0\0\320\t\0\0\0\0\0\0\0\0\1\0\0\0\0\0", 56) = 56
31461 lseek(3, 176, SEEK_SET)           = 176
31461 read(3, "\2\0\0\0\6\0\0\0\250\375\0\0\0\0\0\0\250\375\1\0\0\0\0\0\250\375\1\0\0\0\0\0\0\2\0\0\0\0\0\0\0\2\0\0\0\0\0\0\10\0\0\0\0\0\0\0", 56) = 56
31461 lseek(3, 232, SEEK_SET)           = 232
31461 read(3, "\4\0\0\0\4\0\0\0\310\1\0\0\0\0\0\0\310\1\0\0\0\0\0\0\310\1\0\0\0\0\0\0$\0\0\0\0\0\0\0$\0\0\0\0\0\0\0\4\0\0\0\0\0\0\0", 56) = 56
31461 lseek(3, 288, SEEK_SET)           = 288
31461 read(3, "P\345td\4\0\0\0 j\0\0\0\0\0\0 j\0\0\0\0\0\0 j\0\0\0\0\0\0\f\2\0\0\0\0\0\0\f\2\0\0\0\0\0\0\4\0\0\0\0\0\0\0", 56) = 56
31461 lseek(3, 344, SEEK_SET)           = 344
31461 read(3, "Q\345td\6\0\0\0\0\0\0\0\0\0\0\0\0\0\0\0\0\0\0\0\0\0\0\0\0\0\0\0\0\0\0\0\0\0\0\0\0\0\0\0\0\0\0\0\20\0\0\0\0\0\0\0", 56) = 56
31461 lseek(3, 400, SEEK_SET)           = 400
31461 read(3, "R\345td\4\0\0\0x\374\0\0\0\0\0\0x\374\1\0\0\0\0\0x\374\1\0\0\0\0\0\210\3\0\0\0\0\0\0\210\3\0\0\0\0\0\0\1\0\0\0\0\0\0\0", 56) = 56
31461 lseek(3, 64, SEEK_SET)            = 64
31461 read(3, "\1\0\0\0\5\0\0\0\0\0\0\0\0\0\0\0\0\0\0\0\0\0\0\0\0\0\0\0\0\0\0\0\340v\0\0\0\0\0\0\340v\0\0\0\0\0\0\0\0\1\0\0\0\0\0", 56) = 56
31461 lseek(3, 120, SEEK_SET)           = 120
31461 read(3, "\1\0\0\0\6\0\0\0x\374\0\0\0\0\0\0x\374\1\0\0\0\0\0x\374\1\0\0\0\0\0004\5\0\0\0\0\0\0\320\t\0\0\0\0\0\0\0\0\1\0\0\0\0\0", 56) = 56
31461 lseek(3, 176, SEEK_SET)           = 176
31461 read(3, "\2\0\0\0\6\0\0\0\250\375\0\0\0\0\0\0\250\375\1\0\0\0\0\0\250\375\1\0\0\0\0\0\0\2\0\0\0\0\0\0\0\2\0\0\0\0\0\0\10\0\0\0\0\0\0\0", 56) = 56
31461 lseek(3, 232, SEEK_SET)           = 232
31461 read(3, "\4\0\0\0\4\0\0\0\310\1\0\0\0\0\0\0\310\1\0\0\0\0\0\0\310\1\0\0\0\0\0\0$\0\0\0\0\0\0\0$\0\0\0\0\0\0\0\4\0\0\0\0\0\0\0", 56) = 56
31461 lseek(3, 456, SEEK_SET)           = 456
31461 read(3, "\4\0\0\0\24\0\0\0\3\0\0\0", 12) = 12
31461 lseek(3, 472, SEEK_SET)           = 472
31461 read(3, "e-\234\2336\375\322\3558*\5G\327br=p\f7\10", 20) = 20
31461 lseek(3, 66272, SEEK_SET)         = 66272
31461 read(3, "\0\0\0\0\0\0\0\0\0\0\0\0\0\0\0\0\0\0\0\0\0\0\0\0\0\0\0\0\0\0\0\0\0\0\0\0\0\0\0\0\0\0\0\0\0\0\0\0\0\0\0\0\0\0\0\0\0\0\0\0\0\0\0\0", 64) = 64
31461 lseek(3, 66336, SEEK_SET)         = 66336
31461 read(3, "\v\0\0\0\7\0\0\0\2\0\0\0\0\0\0\0\310\1\0\0\0\0\0\0\310\1\0\0\0\0\0\0$\0\0\0\0\0\0\0\0\0\0\0\0\0\0\0\4\0\0\0\0\0\0\0\0\0\0\0\0\0\0\0", 64) = 64
31461 lseek(3, 66400, SEEK_SET)         = 66400
31461 read(3, "\36\0\0\0\366\377\377o\2\0\0\0\0\0\0\0\360\1\0\0\0\0\0\0\360\1\0\0\0\0\0\0l\1\0\0\0\0\0\0\3\0\0\0\0\0\0\0\10\0\0\0\0\0\0\0\0\0\0\0\0\0\0\0", 64) = 64
31461 lseek(3, 66464, SEEK_SET)         = 66464
31461 read(3, "(\0\0\0\v\0\0\0\2\0\0\0\0\0\0\0`\3\0\0\0\0\0\0`\3\0\0\0\0\0\0\260\7\0\0\0\0\0\0\4\0\0\0\3\0\0\0\10\0\0\0\0\0\0\0\30\0\0\0\0\0\0\0", 64) = 64
31461 lseek(3, 66528, SEEK_SET)         = 66528
31461 read(3, "0\0\0\0\3\0\0\0\2\0\0\0\0\0\0\0\20\v\0\0\0\0\0\0\20\v\0\0\0\0\0\0\324\4\0\0\0\0\0\0\0\0\0\0\0\0\0\0\1\0\0\0\0\0\0\0\0\0\0\0\0\0\0\0", 64) = 64
31461 lseek(3, 66592, SEEK_SET)         = 66592
31461 read(3, "8\0\0\0\377\377\377o\2\0\0\0\0\0\0\0\344\17\0\0\0\0\0\0\344\17\0\0\0\0\0\0\244\0\0\0\0\0\0\0\3\0\0\0\0\0\0\0\2\0\0\0\0\0\0\0\2\0\0\0\0\0\0\0", 64) = 64
31461 lseek(3, 66656, SEEK_SET)         = 66656
31461 read(3, "E\0\0\0\375\377\377o\2\0\0\0\0\0\0\0\210\20\0\0\0\0\0\0\210\20\0\0\0\0\0\0\244\0\0\0\0\0\0\0\4\0\0\0\5\0\0\0\10\0\0\0\0\0\0\0\0\0\0\0\0\0\0\0", 64) = 64
31461 lseek(3, 66720, SEEK_SET)         = 66720
31461 read(3, "T\0\0\0\376\377\377o\2\0\0\0\0\0\0\0000\21\0\0\0\0\0\0000\21\0\0\0\0\0\0P\0\0\0\0\0\0\0\4\0\0\0\2\0\0\0\10\0\0\0\0\0\0\0\0\0\0\0\0\0\0\0", 64) = 64
31461 lseek(3, 66784, SEEK_SET)         = 66784
31461 read(3, "c\0\0\0\4\0\0\0\2\0\0\0\0\0\0\0\200\21\0\0\0\0\0\0\200\21\0\0\0\0\0\0000\3\0\0\0\0\0\0\3\0\0\0\0\0\0\0\10\0\0\0\0\0\0\0\30\0\0\0\0\0\0\0", 64) = 64
31461 lseek(3, 66848, SEEK_SET)         = 66848
31461 read(3, "m\0\0\0\4\0\0\0B\0\0\0\0\0\0\0\260\24\0\0\0\0\0\0\260\24\0\0\0\0\0\0 \4\0\0\0\0\0\0\3\0\0\0\26\0\0\0\10\0\0\0\0\0\0\0\30\0\0\0\0\0\0\0", 64) = 64
31461 lseek(3, 66912, SEEK_SET)         = 66912
31461 read(3, "w\0\0\0\1\0\0\0\6\0\0\0\0\0\0\0\320\30\0\0\0\0\0\0\320\30\0\0\0\0\0\0\30\0\0\0\0\0\0\0\0\0\0\0\0\0\0\0\4\0\0\0\0\0\0\0\0\0\0\0\0\0\0\0", 64) = 64
31461 lseek(3, 66135, SEEK_SET)         = 66135
31461 read(3, ".init\0.text\0.fini\0.rodata\0.eh_frame_hdr\0.eh_frame\0.init_array\0.fini_array\0.data.rel.ro\0.dynamic\0.got\0.got.plt\0.data\0.bss\0.gnu_debuglink\0", 136) = 136
31461 lseek(3, 66135, SEEK_SET)         = 66135
31461 read(3, ".init\0", 6)             = 6
31461 lseek(3, 66976, SEEK_SET)         = 66976
31461 read(3, "r\0\0\0\1\0\0\0\6\0\0\0\0\0\0\0\360\30\0\0\0\0\0\0\360\30\0\0\0\0\0\0\340\2\0\0\0\0\0\0\0\0\0\0\0\0\0\0\20\0\0\0\0\0\0\0\0\0\0\0\0\0\0\0", 64) = 64
31461 lseek(3, 66130, SEEK_SET)         = 66130
31461 read(3, ".plt\0.init\0.text\0.fini\0.rodata\0.eh_frame_hdr\0.eh_frame\0.init_array\0.fini_array\0.data.rel.ro\0.dynamic\0.got\0.got.plt\0.data\0.bss\0.gnu_debuglink\0", 141) = 141
31461 lseek(3, 66130, SEEK_SET)         = 66130
31461 read(3, ".plt\0", 5)              = 5
31461 lseek(3, 67040, SEEK_SET)         = 67040
31461 read(3, "}\0\0\0\1\0\0\0\6\0\0\0\0\0\0\0\320\33\0\0\0\0\0\0\320\33\0\0\0\0\0\0\274K\0\0\0\0\0\0\0\0\0\0\0\0\0\0\20\0\0\0\0\0\0\0\0\0\0\0\0\0\0\0", 64) = 64
31461 lseek(3, 66141, SEEK_SET)         = 66141
31461 read(3, ".text\0.fini\0.rodata\0.eh_frame_hdr\0.eh_frame\0.init_array\0.fini_array\0.data.rel.ro\0.dynamic\0.got\0.got.plt\0.data\0.bss\0.gnu_debuglink\0", 130) = 130
31461 lseek(3, 66141, SEEK_SET)         = 66141
31461 read(3, ".text\0", 6)             = 6
31461 lseek(3, 67104, SEEK_SET)         = 67104
31461 read(3, "\203\0\0\0\1\0\0\0\6\0\0\0\0\0\0\0\214g\0\0\0\0\0\0\214g\0\0\0\0\0\0\24\0\0\0\0\0\0\0\0\0\0\0\0\0\0\0\4\0\0\0\0\0\0\0\0\0\0\0\0\0\0\0", 64) = 64
31461 lseek(3, 66147, SEEK_SET)         = 66147
31461 read(3, ".fini\0.rodata\0.eh_frame_hdr\0.eh_frame\0.init_array\0.fini_array\0.data.rel.ro\0.dynamic\0.got\0.got.plt\0.data\0.bss\0.gnu_debuglink\0", 124) = 124
31461 lseek(3, 66147, SEEK_SET)         = 66147
31461 read(3, ".fini\0", 6)             = 6
31461 lseek(3, 67168, SEEK_SET)         = 67168
31461 read(3, "\211\0\0\0\1\0\0\0\2\0\0\0\0\0\0\0\240g\0\0\0\0\0\0\240g\0\0\0\0\0\0\200\2\0\0\0\0\0\0\0\0\0\0\0\0\0\0\20\0\0\0\0\0\0\0\0\0\0\0\0\0\0\0", 64) = 64
31461 lseek(3, 66153, SEEK_SET)         = 66153
31461 read(3, ".rodata\0.eh_frame_hdr\0.eh_frame\0.init_array\0.fini_array\0.data.rel.ro\0.dynamic\0.got\0.got.plt\0.data\0.bss\0.gnu_debuglink\0", 118) = 118
31461 lseek(3, 66153, SEEK_SET)         = 66153
31461 read(3, ".rodata\0", 8)           = 8
31461 lseek(3, 67232, SEEK_SET)         = 67232
31461 read(3, "\221\0\0\0\1\0\0\0\2\0\0\0\0\0\0\0 j\0\0\0\0\0\0 j\0\0\0\0\0\0\f\2\0\0\0\0\0\0\0\0\0\0\0\0\0\0\4\0\0\0\0\0\0\0\0\0\0\0\0\0\0\0", 64) = 64
31461 lseek(3, 66161, SEEK_SET)         = 66161
31461 read(3, ".eh_frame_hdr\0.eh_frame\0.init_array\0.fini_array\0.data.rel.ro\0.dynamic\0.got\0.got.plt\0.data\0.bss\0.gnu_debuglink\0", 110) = 110
31461 lseek(3, 66161, SEEK_SET)         = 66161
31461 read(3, ".eh_frame_hdr\0", 14)    = 14
31461 lseek(3, 67296, SEEK_SET)         = 67296
31461 read(3, "\237\0\0\0\1\0\0\0\2\0\0\0\0\0\0\0000l\0\0\0\0\0\0000l\0\0\0\0\0\0\260\n\0\0\0\0\0\0\0\0\0\0\0\0\0\0\10\0\0\0\0\0\0\0\0\0\0\0\0\0\0\0", 64) = 64
31461 lseek(3, 66175, SEEK_SET)         = 66175
31461 read(3, ".eh_frame\0.init_array\0.fini_array\0.data.rel.ro\0.dynamic\0.got\0.got.plt\0.data\0.bss\0.gnu_debuglink\0", 96) = 96
31461 lseek(3, 66175, SEEK_SET)         = 66175
31461 read(3, ".eh_frame\0", 10)        = 10
31461 lseek(3, 67360, SEEK_SET)         = 67360
31461 read(3, "\251\0\0\0\16\0\0\0\3\0\0\0\0\0\0\0x\374\1\0\0\0\0\0x\374\0\0\0\0\0\0\10\0\0\0\0\0\0\0\0\0\0\0\0\0\0\0\10\0\0\0\0\0\0\0\10\0\0\0\0\0\0\0", 64) = 64
31461 lseek(3, 67424, SEEK_SET)         = 67424
31461 read(3, "\265\0\0\0\17\0\0\0\3\0\0\0\0\0\0\0\200\374\1\0\0\0\0\0\200\374\0\0\0\0\0\0\10\0\0\0\0\0\0\0\0\0\0\0\0\0\0\0\10\0\0\0\0\0\0\0\10\0\0\0\0\0\0\0", 64) = 64
31461 lseek(3, 67488, SEEK_SET)         = 67488
31461 read(3, "\301\0\0\0\1\0\0\0\3\0\0\0\0\0\0\0\210\374\1\0\0\0\0\0\210\374\0\0\0\0\0\0 \1\0\0\0\0\0\0\0\0\0\0\0\0\0\0\10\0\0\0\0\0\0\0\0\0\0\0\0\0\0\0", 64) = 64
31461 lseek(3, 66209, SEEK_SET)         = 66209
31461 read(3, ".data.rel.ro\0.dynamic\0.got\0.got.plt\0.data\0.bss\0.gnu_debuglink\0", 62) = 62
31461 lseek(3, 66209, SEEK_SET)         = 66209
31461 read(3, ".data.rel.ro\0", 13)     = 13
31461 lseek(3, 67552, SEEK_SET)         = 67552
31461 read(3, "\316\0\0\0\6\0\0\0\3\0\0\0\0\0\0\0\250\375\1\0\0\0\0\0\250\375\0\0\0\0\0\0\0\2\0\0\0\0\0\0\4\0\0\0\0\0\0\0\10\0\0\0\0\0\0\0\20\0\0\0\0\0\0\0", 64) = 64
31461 lseek(3, 67616, SEEK_SET)         = 67616
31461 read(3, "\327\0\0\0\1\0\0\0\3\0\0\0\0\0\0\0\250\377\1\0\0\0\0\0\250\377\0\0\0\0\0\0@\0\0\0\0\0\0\0\0\0\0\0\0\0\0\0\10\0\0\0\0\0\0\0\10\0\0\0\0\0\0\0", 64) = 64
31461 lseek(3, 66231, SEEK_SET)         = 66231
31461 read(3, ".got\0.got.plt\0.data\0.bss\0.gnu_debuglink\0", 40) = 40
31461 lseek(3, 66231, SEEK_SET)         = 66231
31461 read(3, ".got\0", 5)              = 5
31461 lseek(3, 67680, SEEK_SET)         = 67680
31461 read(3, "\334\0\0\0\1\0\0\0\3\0\0\0\0\0\0\0\350\377\1\0\0\0\0\0\350\377\0\0\0\0\0\0x\1\0\0\0\0\0\0\0\0\0\0\0\0\0\0\10\0\0\0\0\0\0\0\10\0\0\0\0\0\0\0", 64) = 64
31461 lseek(3, 66236, SEEK_SET)         = 66236
31461 read(3, ".got.plt\0.data\0.bss\0.gnu_debuglink\0", 35) = 35
31461 lseek(3, 66236, SEEK_SET)         = 66236
31461 read(3, ".got.plt\0", 9)          = 9
31461 lseek(3, 67744, SEEK_SET)         = 67744
31461 read(3, "\345\0\0\0\1\0\0\0\3\0\0\0\0\0\0\0`\1\2\0\0\0\0\0`\1\1\0\0\0\0\0L\0\0\0\0\0\0\0\0\0\0\0\0\0\0\0\20\0\0\0\0\0\0\0\0\0\0\0\0\0\0\0", 64) = 64
31461 lseek(3, 66245, SEEK_SET)         = 66245
31461 read(3, ".data\0.bss\0.gnu_debuglink\0", 26) = 26
31461 lseek(3, 66245, SEEK_SET)         = 66245
31461 read(3, ".data\0", 6)             = 6
31461 lseek(3, 67808, SEEK_SET)         = 67808
31461 read(3, "\353\0\0\0\10\0\0\0\3\0\0\0\0\0\0\0\260\1\2\0\0\0\0\0\254\1\1\0\0\0\0\0\230\4\0\0\0\0\0\0\0\0\0\0\0\0\0\0\20\0\0\0\0\0\0\0\0\0\0\0\0\0\0\0", 64) = 64
31461 lseek(3, 67872, SEEK_SET)         = 67872
31461 read(3, "\360\0\0\0\1\0\0\0\0\0\0\0\0\0\0\0\0\0\0\0\0\0\0\0\254\1\1\0\0\0\0\0004\0\0\0\0\0\0\0\0\0\0\0\0\0\0\0\4\0\0\0\0\0\0\0\0\0\0\0\0\0\0\0", 64) = 64
31461 lseek(3, 66256, SEEK_SET)         = 66256
31461 read(3, ".gnu_debuglink\0", 15)   = 15
31461 lseek(3, 66256, SEEK_SET)         = 66256
31461 read(3, ".gnu_debuglink\0", 15)   = 15
31461 lseek(3, 65964, SEEK_SET)         = 65964
31461 read(3, "2d9c9b36fdd2ed382a0547d762723d700c3708.debug\0\0\0\0", 48) = 48
31461 read(3, "A\310p\377", 4)          = 4
31461 rt_sigprocmask(SIG_SETMASK, ~[RTMIN RT_1], [], 8) = 0
31461 rt_sigprocmask(SIG_SETMASK, [], NULL, 8) = 0
31461 close(3)                          = 0
31461 rt_sigprocmask(SIG_SETMASK, ~[RTMIN RT_1], [], 8) = 0
31461 rt_sigprocmask(SIG_SETMASK, [], NULL, 8) = 0
31461 readlinkat(AT_FDCWD, "/lib", "usr/lib", 1023) = 7
31461 readlinkat(AT_FDCWD, "/usr", 0x7fc472b6c0, 1023) = -1 EINVAL (Invalid argument)
31461 readlinkat(AT_FDCWD, "/usr/lib", 0x7fc472b6c0, 1023) = -1 EINVAL (Invalid argument)
31461 readlinkat(AT_FDCWD, "/usr/lib/aarch64-linux-gnu", 0x7fc472b6c0, 1023) = -1 EINVAL (Invalid argument)
31461 readlinkat(AT_FDCWD, "/usr/lib/aarch64-linux-gnu/libxcb.so.1", "libxcb.so.1.1.0", 1023) = 15
31461 readlinkat(AT_FDCWD, "/usr/lib/aarch64-linux-gnu/libxcb.so.1.1.0", 0x7fc472b6c0, 1023) = -1 EINVAL (Invalid argument)
31461 rt_sigprocmask(SIG_SETMASK, ~[RTMIN RT_1], [], 8) = 0
31461 rt_sigprocmask(SIG_SETMASK, [], NULL, 8) = 0
31461 openat(AT_FDCWD, "/usr/lib/aarch64-linux-gnu/libxcb.so.1.1.0", O_RDONLY|O_CLOEXEC) = 3
31461 rt_sigprocmask(SIG_SETMASK, ~[RTMIN RT_1], [], 8) = 0
31461 rt_sigprocmask(SIG_SETMASK, [], NULL, 8) = 0
31461 read(3, "\177ELF\2\1\1\0\0\0\0\0\0\0\0\0", 16) = 16
31461 lseek(3, 0, SEEK_SET)             = 0
31461 read(3, "\177ELF\2\1\1\0\0\0\0\0\0\0\0\0\3\0\267\0\1\0\0\0\0\0\0\0\0\0\0\0@\0\0\0\0\0\0\0\370\4\3\0\0\0\0\0\0\0\0\0@\08\0\7\0@\0\32\0\31\0", 64) = 64
31461 lseek(3, 199480, SEEK_SET)        = 199480
31461 read(3, "\1\0\0\0\3\0\0\0\0\0\0\0\0\0\0\0\0\0\0\0\0\0\0\0\4\4\3\0\0\0\0\0\360\0\0\0\0\0\0\0\0\0\0\0\0\0\0\0\1\0\0\0\0\0\0\0\0\0\0\0\0\0\0\0", 64) = 64
31461 lseek(3, 64, SEEK_SET)            = 64
31461 read(3, "\1\0\0\0\5\0\0\0\0\0\0\0\0\0\0\0\0\0\0\0\0\0\0\0\0\0\0\0\0\0\0\0\210o\2\0\0\0\0\0\210o\2\0\0\0\0\0\0\0\1\0\0\0\0\0", 56) = 56
31461 lseek(3, 120, SEEK_SET)           = 120
31461 read(3, "\1\0\0\0\6\0\0\0\310\374\2\0\0\0\0\0\310\374\3\0\0\0\0\0\310\374\3\0\0\0\0\0\10\7\0\0\0\0\0\0\200\7\0\0\0\0\0\0\0\0\1\0\0\0\0\0", 56) = 56
31461 lseek(3, 176, SEEK_SET)           = 176
31461 read(3, "\2\0\0\0\6\0\0\0\230\375\2\0\0\0\0\0\230\375\3\0\0\0\0\0\230\375\3\0\0\0\0\0\0\2\0\0\0\0\0\0\0\2\0\0\0\0\0\0\10\0\0\0\0\0\0\0", 56) = 56
31461 lseek(3, 232, SEEK_SET)           = 232
31461 read(3, "\4\0\0\0\4\0\0\0\310\1\0\0\0\0\0\0\310\1\0\0\0\0\0\0\310\1\0\0\0\0\0\0$\0\0\0\0\0\0\0$\0\0\0\0\0\0\0\4\0\0\0\0\0\0\0", 56) = 56
31461 lseek(3, 288, SEEK_SET)           = 288
31461 read(3, "P\345td\4\0\0\0\220\3\2\0\0\0\0\0\220\3\2\0\0\0\0\0\220\3\2\0\0\0\0\0\\\26\0\0\0\0\0\0\\\26\0\0\0\0\0\0\4\0\0\0\0\0\0\0", 56) = 56
31461 lseek(3, 344, SEEK_SET)           = 344
31461 read(3, "Q\345td\6\0\0\0\0\0\0\0\0\0\0\0\0\0\0\0\0\0\0\0\0\0\0\0\0\0\0\0\0\0\0\0\0\0\0\0\0\0\0\0\0\0\0\0\20\0\0\0\0\0\0\0", 56) = 56
31461 lseek(3, 400, SEEK_SET)           = 400
31461 read(3, "R\345td\4\0\0\0\310\374\2\0\0\0\0\0\310\374\3\0\0\0\0\0\310\374\3\0\0\0\0\08\3\0\0\0\0\0\08\3\0\0\0\0\0\0\1\0\0\0\0\0\0\0", 56) = 56
31461 lseek(3, 64, SEEK_SET)            = 64
31461 read(3, "\1\0\0\0\5\0\0\0\0\0\0\0\0\0\0\0\0\0\0\0\0\0\0\0\0\0\0\0\0\0\0\0\210o\2\0\0\0\0\0\210o\2\0\0\0\0\0\0\0\1\0\0\0\0\0", 56) = 56
31461 lseek(3, 120, SEEK_SET)           = 120
31461 read(3, "\1\0\0\0\6\0\0\0\310\374\2\0\0\0\0\0\310\374\3\0\0\0\0\0\310\374\3\0\0\0\0\0\10\7\0\0\0\0\0\0\200\7\0\0\0\0\0\0\0\0\1\0\0\0\0\0", 56) = 56
31461 lseek(3, 176, SEEK_SET)           = 176
31461 read(3, "\2\0\0\0\6\0\0\0\230\375\2\0\0\0\0\0\230\375\3\0\0\0\0\0\230\375\3\0\0\0\0\0\0\2\0\0\0\0\0\0\0\2\0\0\0\0\0\0\10\0\0\0\0\0\0\0", 56) = 56
31461 lseek(3, 232, SEEK_SET)           = 232
31461 read(3, "\4\0\0\0\4\0\0\0\310\1\0\0\0\0\0\0\310\1\0\0\0\0\0\0\310\1\0\0\0\0\0\0$\0\0\0\0\0\0\0$\0\0\0\0\0\0\0\4\0\0\0\0\0\0\0", 56) = 56
31461 lseek(3, 456, SEEK_SET)           = 456
31461 read(3, "\4\0\0\0\24\0\0\0\3\0\0\0", 12) = 12
31461 lseek(3, 472, SEEK_SET)           = 472
31461 read(3, "r\234\360\344t\326\351\370{]\273\221\23\235&\317<3\0372", 20) = 20
31461 lseek(3, 197880, SEEK_SET)        = 197880
31461 read(3, "\0\0\0\0\0\0\0\0\0\0\0\0\0\0\0\0\0\0\0\0\0\0\0\0\0\0\0\0\0\0\0\0\0\0\0\0\0\0\0\0\0\0\0\0\0\0\0\0\0\0\0\0\0\0\0\0\0\0\0\0\0\0\0\0", 64) = 64
31461 lseek(3, 197944, SEEK_SET)        = 197944
31461 read(3, "\v\0\0\0\7\0\0\0\2\0\0\0\0\0\0\0\310\1\0\0\0\0\0\0\310\1\0\0\0\0\0\0$\0\0\0\0\0\0\0\0\0\0\0\0\0\0\0\4\0\0\0\0\0\0\0\0\0\0\0\0\0\0\0", 64) = 64
31461 lseek(3, 198008, SEEK_SET)        = 198008
31461 read(3, "\36\0\0\0\366\377\377o\2\0\0\0\0\0\0\0\360\1\0\0\0\0\0\0\360\1\0\0\0\0\0\0\340\24\0\0\0\0\0\0\3\0\0\0\0\0\0\0\10\0\0\0\0\0\0\0\0\0\0\0\0\0\0\0", 64) = 64
31461 lseek(3, 198072, SEEK_SET)        = 198072
31461 read(3, "(\0\0\0\v\0\0\0\2\0\0\0\0\0\0\0\320\26\0\0\0\0\0\0\320\26\0\0\0\0\0\0xE\0\0\0\0\0\0\4\0\0\0\3\0\0\0\10\0\0\0\0\0\0\0\30\0\0\0\0\0\0\0", 64) = 64
31461 lseek(3, 198136, SEEK_SET)        = 198136
31461 read(3, "0\0\0\0\3\0\0\0\2\0\0\0\0\0\0\0H\\\0\0\0\0\0\0H\\\0\0\0\0\0\0005F\0\0\0\0\0\0\0\0\0\0\0\0\0\0\1\0\0\0\0\0\0\0\0\0\0\0\0\0\0\0", 64) = 64
31461 lseek(3, 198200, SEEK_SET)        = 198200
31461 read(3, "8\0\0\0\377\377\377o\2\0\0\0\0\0\0\0~\242\0\0\0\0\0\0~\242\0\0\0\0\0\0\312\5\0\0\0\0\0\0\3\0\0\0\0\0\0\0\2\0\0\0\0\0\0\0\2\0\0\0\0\0\0\0", 64) = 64
31461 lseek(3, 198264, SEEK_SET)        = 198264
31461 read(3, "E\0\0\0\376\377\377o\2\0\0\0\0\0\0\0H\250\0\0\0\0\0\0H\250\0\0\0\0\0\0@\0\0\0\0\0\0\0\4\0\0\0\2\0\0\0\10\0\0\0\0\0\0\0\0\0\0\0\0\0\0\0", 64) = 64
31461 lseek(3, 198328, SEEK_SET)        = 198328
31461 read(3, "T\0\0\0\4\0\0\0\2\0\0\0\0\0\0\0\210\250\0\0\0\0\0\0\210\250\0\0\0\0\0\0@\2\0\0\0\0\0\0\3\0\0\0\0\0\0\0\10\0\0\0\0\0\0\0\30\0\0\0\0\0\0\0", 64) = 64
31461 lseek(3, 198392, SEEK_SET)        = 198392
31461 read(3, "^\0\0\0\4\0\0\0B\0\0\0\0\0\0\0\310\252\0\0\0\0\0\0\310\252\0\0\0\0\0\0\230\n\0\0\0\0\0\0\3\0\0\0\25\0\0\0\10\0\0\0\0\0\0\0\30\0\0\0\0\0\0\0", 64) = 64
31461 lseek(3, 198456, SEEK_SET)        = 198456
31461 read(3, "h\0\0\0\1\0\0\0\6\0\0\0\0\0\0\0`\265\0\0\0\0\0\0`\265\0\0\0\0\0\0\30\0\0\0\0\0\0\0\0\0\0\0\0\0\0\0\4\0\0\0\0\0\0\0\0\0\0\0\0\0\0\0", 64) = 64
31461 lseek(3, 197740, SEEK_SET)        = 197740
31461 read(3, ".init\0.text\0.fini\0.rodata\0.eh_frame_hdr\0.eh_frame\0.init_array\0.fini_array\0.data.rel.ro\0.dynamic\0.got\0.got.plt\0.data\0.bss\0.gnu_debuglink\0", 136) = 136
31461 lseek(3, 197740, SEEK_SET)        = 197740
31461 read(3, ".init\0", 6)             = 6
31461 lseek(3, 198520, SEEK_SET)        = 198520
31461 read(3, "c\0\0\0\1\0\0\0\6\0\0\0\0\0\0\0\200\265\0\0\0\0\0\0\200\265\0\0\0\0\0\0000\7\0\0\0\0\0\0\0\0\0\0\0\0\0\0\20\0\0\0\0\0\0\0\0\0\0\0\0\0\0\0", 64) = 64
31461 lseek(3, 197735, SEEK_SET)        = 197735
31461 read(3, ".plt\0.init\0.text\0.fini\0.rodata\0.eh_frame_hdr\0.eh_frame\0.init_array\0.fini_array\0.data.rel.ro\0.dynamic\0.got\0.got.plt\0.data\0.bss\0.gnu_debuglink\0", 141) = 141
31461 lseek(3, 197735, SEEK_SET)        = 197735
31461 read(3, ".plt\0", 5)              = 5
31461 lseek(3, 198584, SEEK_SET)        = 198584
31461 read(3, "n\0\0\0\1\0\0\0\6\0\0\0\0\0\0\0\260\274\0\0\0\0\0\0\260\274\0\0\0\0\0\0\344*\1\0\0\0\0\0\0\0\0\0\0\0\0\0\20\0\0\0\0\0\0\0\0\0\0\0\0\0\0\0", 64) = 64
31461 lseek(3, 197746, SEEK_SET)        = 197746
31461 read(3, ".text\0.fini\0.rodata\0.eh_frame_hdr\0.eh_frame\0.init_array\0.fini_array\0.data.rel.ro\0.dynamic\0.got\0.got.plt\0.data\0.bss\0.gnu_debuglink\0", 130) = 130
31461 lseek(3, 197746, SEEK_SET)        = 197746
31461 read(3, ".text\0", 6)             = 6
31461 lseek(3, 198648, SEEK_SET)        = 198648
31461 read(3, "t\0\0\0\1\0\0\0\6\0\0\0\0\0\0\0\224\347\1\0\0\0\0\0\224\347\1\0\0\0\0\0\24\0\0\0\0\0\0\0\0\0\0\0\0\0\0\0\4\0\0\0\0\0\0\0\0\0\0\0\0\0\0\0", 64) = 64
31461 lseek(3, 197752, SEEK_SET)        = 197752
31461 read(3, ".fini\0.rodata\0.eh_frame_hdr\0.eh_frame\0.init_array\0.fini_array\0.data.rel.ro\0.dynamic\0.got\0.got.plt\0.data\0.bss\0.gnu_debuglink\0", 124) = 124
31461 lseek(3, 197752, SEEK_SET)        = 197752
31461 read(3, ".fini\0", 6)             = 6
31461 lseek(3, 198712, SEEK_SET)        = 198712
31461 read(3, "z\0\0\0\1\0\0\0\2\0\0\0\0\0\0\0\260\347\1\0\0\0\0\0\260\347\1\0\0\0\0\0\340\33\0\0\0\0\0\0\0\0\0\0\0\0\0\0\20\0\0\0\0\0\0\0\0\0\0\0\0\0\0\0", 64) = 64
31461 lseek(3, 197758, SEEK_SET)        = 197758
31461 read(3, ".rodata\0.eh_frame_hdr\0.eh_frame\0.init_array\0.fini_array\0.data.rel.ro\0.dynamic\0.got\0.got.plt\0.data\0.bss\0.gnu_debuglink\0", 118) = 118
31461 lseek(3, 197758, SEEK_SET)        = 197758
31461 read(3, ".rodata\0", 8)           = 8
31461 lseek(3, 198776, SEEK_SET)        = 198776
31461 read(3, "\202\0\0\0\1\0\0\0\2\0\0\0\0\0\0\0\220\3\2\0\0\0\0\0\220\3\2\0\0\0\0\0\\\26\0\0\0\0\0\0\0\0\0\0\0\0\0\0\4\0\0\0\0\0\0\0\0\0\0\0\0\0\0\0", 64) = 64
31461 lseek(3, 197766, SEEK_SET)        = 197766
31461 read(3, ".eh_frame_hdr\0.eh_frame\0.init_array\0.fini_array\0.data.rel.ro\0.dynamic\0.got\0.got.plt\0.data\0.bss\0.gnu_debuglink\0", 110) = 110
31461 lseek(3, 197766, SEEK_SET)        = 197766
31461 read(3, ".eh_frame_hdr\0", 14)    = 14
31461 lseek(3, 198840, SEEK_SET)        = 198840
31461 read(3, "\220\0\0\0\1\0\0\0\2\0\0\0\0\0\0\0\360\31\2\0\0\0\0\0\360\31\2\0\0\0\0\0\230U\0\0\0\0\0\0\0\0\0\0\0\0\0\0\10\0\0\0\0\0\0\0\0\0\0\0\0\0\0\0", 64) = 64
31461 lseek(3, 197780, SEEK_SET)        = 197780
31461 read(3, ".eh_frame\0.init_array\0.fini_array\0.data.rel.ro\0.dynamic\0.got\0.got.plt\0.data\0.bss\0.gnu_debuglink\0", 96) = 96
31461 lseek(3, 197780, SEEK_SET)        = 197780
31461 read(3, ".eh_frame\0", 10)        = 10
31461 lseek(3, 198904, SEEK_SET)        = 198904
31461 read(3, "\232\0\0\0\16\0\0\0\3\0\0\0\0\0\0\0\310\374\3\0\0\0\0\0\310\374\2\0\0\0\0\0\10\0\0\0\0\0\0\0\0\0\0\0\0\0\0\0\10\0\0\0\0\0\0\0\10\0\0\0\0\0\0\0", 64) = 64
31461 lseek(3, 198968, SEEK_SET)        = 198968
31461 read(3, "\246\0\0\0\17\0\0\0\3\0\0\0\0\0\0\0\320\374\3\0\0\0\0\0\320\374\2\0\0\0\0\0\10\0\0\0\0\0\0\0\0\0\0\0\0\0\0\0\10\0\0\0\0\0\0\0\10\0\0\0\0\0\0\0", 64) = 64
31461 lseek(3, 199032, SEEK_SET)        = 199032
31461 read(3, "\262\0\0\0\1\0\0\0\3\0\0\0\0\0\0\0\330\374\3\0\0\0\0\0\330\374\2\0\0\0\0\0\300\0\0\0\0\0\0\0\0\0\0\0\0\0\0\0\10\0\0\0\0\0\0\0\0\0\0\0\0\0\0\0", 64) = 64
31461 lseek(3, 197814, SEEK_SET)        = 197814
31461 read(3, ".data.rel.ro\0.dynamic\0.got\0.got.plt\0.data\0.bss\0.gnu_debuglink\0", 62) = 62
31461 lseek(3, 197814, SEEK_SET)        = 197814
31461 read(3, ".data.rel.ro\0", 13)     = 13
31461 lseek(3, 199096, SEEK_SET)        = 199096
31461 read(3, "\277\0\0\0\6\0\0\0\3\0\0\0\0\0\0\0\230\375\3\0\0\0\0\0\230\375\2\0\0\0\0\0\0\2\0\0\0\0\0\0\4\0\0\0\0\0\0\0\10\0\0\0\0\0\0\0\20\0\0\0\0\0\0\0", 64) = 64
31461 lseek(3, 199160, SEEK_SET)        = 199160
31461 read(3, "\310\0\0\0\1\0\0\0\3\0\0\0\0\0\0\0\230\377\3\0\0\0\0\0\230\377\2\0\0\0\0\0P\0\0\0\0\0\0\0\0\0\0\0\0\0\0\0\10\0\0\0\0\0\0\0\10\0\0\0\0\0\0\0", 64) = 64
31461 lseek(3, 197836, SEEK_SET)        = 197836
31461 read(3, ".got\0.got.plt\0.data\0.bss\0.gnu_debuglink\0", 40) = 40
31461 lseek(3, 197836, SEEK_SET)        = 197836
31461 read(3, ".got\0", 5)              = 5
31461 lseek(3, 199224, SEEK_SET)        = 199224
31461 read(3, "\315\0\0\0\1\0\0\0\3\0\0\0\0\0\0\0\350\377\3\0\0\0\0\0\350\377\2\0\0\0\0\0\240\3\0\0\0\0\0\0\0\0\0\0\0\0\0\0\10\0\0\0\0\0\0\0\10\0\0\0\0\0\0\0", 64) = 64
31461 lseek(3, 197841, SEEK_SET)        = 197841
31461 read(3, ".got.plt\0.data\0.bss\0.gnu_debuglink\0", 35) = 35
31461 lseek(3, 197841, SEEK_SET)        = 197841
31461 read(3, ".got.plt\0", 9)          = 9
31461 lseek(3, 199288, SEEK_SET)        = 199288
31461 read(3, "\326\0\0\0\1\0\0\0\3\0\0\0\0\0\0\0\220\3\4\0\0\0\0\0\220\3\3\0\0\0\0\0@\0\0\0\0\0\0\0\0\0\0\0\0\0\0\0\20\0\0\0\0\0\0\0\0\0\0\0\0\0\0\0", 64) = 64
31461 lseek(3, 197850, SEEK_SET)        = 197850
31461 read(3, ".data\0.bss\0.gnu_debuglink\0", 26) = 26
31461 lseek(3, 197850, SEEK_SET)        = 197850
31461 read(3, ".data\0", 6)             = 6
31461 lseek(3, 199352, SEEK_SET)        = 199352
31461 read(3, "\334\0\0\0\10\0\0\0\3\0\0\0\0\0\0\0\320\3\4\0\0\0\0\0\320\3\3\0\0\0\0\0x\0\0\0\0\0\0\0\0\0\0\0\0\0\0\0\10\0\0\0\0\0\0\0\0\0\0\0\0\0\0\0", 64) = 64
31461 lseek(3, 199416, SEEK_SET)        = 199416
31461 read(3, "\341\0\0\0\1\0\0\0\0\0\0\0\0\0\0\0\0\0\0\0\0\0\0\0\320\3\3\0\0\0\0\0004\0\0\0\0\0\0\0\0\0\0\0\0\0\0\0\4\0\0\0\0\0\0\0\0\0\0\0\0\0\0\0", 64) = 64
31461 lseek(3, 197861, SEEK_SET)        = 197861
31461 read(3, ".gnu_debuglink\0", 15)   = 15
31461 lseek(3, 197861, SEEK_SET)        = 197861
31461 read(3, ".gnu_debuglink\0", 15)   = 15
31461 lseek(3, 197584, SEEK_SET)        = 197584
31461 read(3, "9cf0e474d6e9f87b5dbb91139d26cf3c331f32.debug\0\0\0\0", 48) = 48
31461 read(3, "\343\225\233\334", 4)    = 4
31461 rt_sigprocmask(SIG_SETMASK, ~[RTMIN RT_1], [], 8) = 0
31461 rt_sigprocmask(SIG_SETMASK, [], NULL, 8) = 0
31461 close(3)                          = 0
31461 rt_sigprocmask(SIG_SETMASK, ~[RTMIN RT_1], [], 8) = 0
31461 rt_sigprocmask(SIG_SETMASK, [], NULL, 8) = 0
31461 readlinkat(AT_FDCWD, "/lib", "usr/lib", 1023) = 7
31461 readlinkat(AT_FDCWD, "/usr", 0x7fc472b6c0, 1023) = -1 EINVAL (Invalid argument)
31461 readlinkat(AT_FDCWD, "/usr/lib", 0x7fc472b6c0, 1023) = -1 EINVAL (Invalid argument)
31461 readlinkat(AT_FDCWD, "/usr/lib/aarch64-linux-gnu", 0x7fc472b6c0, 1023) = -1 EINVAL (Invalid argument)
31461 readlinkat(AT_FDCWD, "/usr/lib/aarch64-linux-gnu/libXau.so.6", "libXau.so.6.0.0", 1023) = 15
31461 readlinkat(AT_FDCWD, "/usr/lib/aarch64-linux-gnu/libXau.so.6.0.0", 0x7fc472b6c0, 1023) = -1 EINVAL (Invalid argument)
31461 rt_sigprocmask(SIG_SETMASK, ~[RTMIN RT_1], [], 8) = 0
31461 rt_sigprocmask(SIG_SETMASK, [], NULL, 8) = 0
31461 openat(AT_FDCWD, "/usr/lib/aarch64-linux-gnu/libXau.so.6.0.0", O_RDONLY|O_CLOEXEC) = 3
31461 rt_sigprocmask(SIG_SETMASK, ~[RTMIN RT_1], [], 8) = 0
31461 rt_sigprocmask(SIG_SETMASK, [], NULL, 8) = 0
31461 read(3, "\177ELF\2\1\1\0\0\0\0\0\0\0\0\0", 16) = 16
31461 lseek(3, 0, SEEK_SET)             = 0
31461 read(3, "\177ELF\2\1\1\0\0\0\0\0\0\0\0\0\3\0\267\0\1\0\0\0 \16\0\0\0\0\0\0@\0\0\0\0\0\0\0\0202\0\0\0\0\0\0\0\0\0\0@\08\0\7\0@\0\31\0\30\0", 64) = 64
31461 lseek(3, 14352, SEEK_SET)         = 14352
31461 read(3, "\1\0\0\0\3\0\0\0\0\0\0\0\0\0\0\0\0\0\0\0\0\0\0\0,1\0\0\0\0\0\0\343\0\0\0\0\0\0\0\0\0\0\0\0\0\0\0\1\0\0\0\0\0\0\0\0\0\0\0\0\0\0\0", 64) = 64
31461 lseek(3, 64, SEEK_SET)            = 64
31461 read(3, "\1\0\0\0\5\0\0\0\0\0\0\0\0\0\0\0\0\0\0\0\0\0\0\0\0\0\0\0\0\0\0\0\310\37\0\0\0\0\0\0\310\37\0\0\0\0\0\0\0\0\1\0\0\0\0\0", 56) = 56
31461 lseek(3, 120, SEEK_SET)           = 120
31461 read(3, "\1\0\0\0\6\0\0\0\310-\0\0\0\0\0\0\310-\1\0\0\0\0\0\310-\1\0\0\0\0\0000\3\0\0\0\0\0\0P\3\0\0\0\0\0\0\0\0\1\0\0\0\0\0", 56) = 56
31461 lseek(3, 176, SEEK_SET)           = 176
31461 read(3, "\2\0\0\0\6\0\0\0\330-\0\0\0\0\0\0\330-\1\0\0\0\0\0\330-\1\0\0\0\0\0\340\1\0\0\0\0\0\0\340\1\0\0\0\0\0\0\10\0\0\0\0\0\0\0", 56) = 56
31461 lseek(3, 232, SEEK_SET)           = 232
31461 read(3, "\4\0\0\0\4\0\0\0\310\1\0\0\0\0\0\0\310\1\0\0\0\0\0\0\310\1\0\0\0\0\0\0$\0\0\0\0\0\0\0$\0\0\0\0\0\0\0\4\0\0\0\0\0\0\0", 56) = 56
31461 lseek(3, 288, SEEK_SET)           = 288
31461 read(3, "P\345td\4\0\0\0\350\33\0\0\0\0\0\0\350\33\0\0\0\0\0\0\350\33\0\0\0\0\0\0\214\0\0\0\0\0\0\0\214\0\0\0\0\0\0\0\4\0\0\0\0\0\0\0", 56) = 56
31461 lseek(3, 344, SEEK_SET)           = 344
31461 read(3, "Q\345td\6\0\0\0\0\0\0\0\0\0\0\0\0\0\0\0\0\0\0\0\0\0\0\0\0\0\0\0\0\0\0\0\0\0\0\0\0\0\0\0\0\0\0\0\20\0\0\0\0\0\0\0", 56) = 56
31461 lseek(3, 400, SEEK_SET)           = 400
31461 read(3, "R\345td\4\0\0\0\310-\0\0\0\0\0\0\310-\1\0\0\0\0\0\310-\1\0\0\0\0\08\2\0\0\0\0\0\08\2\0\0\0\0\0\0\1\0\0\0\0\0\0\0", 56) = 56
31461 lseek(3, 64, SEEK_SET)            = 64
31461 read(3, "\1\0\0\0\5\0\0\0\0\0\0\0\0\0\0\0\0\0\0\0\0\0\0\0\0\0\0\0\0\0\0\0\310\37\0\0\0\0\0\0\310\37\0\0\0\0\0\0\0\0\1\0\0\0\0\0", 56) = 56
31461 lseek(3, 120, SEEK_SET)           = 120
31461 read(3, "\1\0\0\0\6\0\0\0\310-\0\0\0\0\0\0\310-\1\0\0\0\0\0\310-\1\0\0\0\0\0000\3\0\0\0\0\0\0P\3\0\0\0\0\0\0\0\0\1\0\0\0\0\0", 56) = 56
31461 lseek(3, 176, SEEK_SET)           = 176
31461 read(3, "\2\0\0\0\6\0\0\0\330-\0\0\0\0\0\0\330-\1\0\0\0\0\0\330-\1\0\0\0\0\0\340\1\0\0\0\0\0\0\340\1\0\0\0\0\0\0\10\0\0\0\0\0\0\0", 56) = 56
31461 lseek(3, 232, SEEK_SET)           = 232
31461 read(3, "\4\0\0\0\4\0\0\0\310\1\0\0\0\0\0\0\310\1\0\0\0\0\0\0\310\1\0\0\0\0\0\0$\0\0\0\0\0\0\0$\0\0\0\0\0\0\0\4\0\0\0\0\0\0\0", 56) = 56
31461 lseek(3, 456, SEEK_SET)           = 456
31461 read(3, "\4\0\0\0\24\0\0\0\3\0\0\0", 12) = 12
31461 lseek(3, 472, SEEK_SET)           = 472
31461 read(3, "\332\4\335$\336\361\300s\236\372\2150tv\351\377m)[n", 20) = 20
31461 lseek(3, 12816, SEEK_SET)         = 12816
31461 read(3, "\0\0\0\0\0\0\0\0\0\0\0\0\0\0\0\0\0\0\0\0\0\0\0\0\0\0\0\0\0\0\0\0\0\0\0\0\0\0\0\0\0\0\0\0\0\0\0\0\0\0\0\0\0\0\0\0\0\0\0\0\0\0\0\0", 64) = 64
31461 lseek(3, 12880, SEEK_SET)         = 12880
31461 read(3, "\v\0\0\0\7\0\0\0\2\0\0\0\0\0\0\0\310\1\0\0\0\0\0\0\310\1\0\0\0\0\0\0$\0\0\0\0\0\0\0\0\0\0\0\0\0\0\0\4\0\0\0\0\0\0\0\0\0\0\0\0\0\0\0", 64) = 64
31461 lseek(3, 12944, SEEK_SET)         = 12944
31461 read(3, "\36\0\0\0\366\377\377o\2\0\0\0\0\0\0\0\360\1\0\0\0\0\0\0\360\1\0\0\0\0\0\0D\0\0\0\0\0\0\0\3\0\0\0\0\0\0\0\10\0\0\0\0\0\0\0\0\0\0\0\0\0\0\0", 64) = 64
31461 lseek(3, 13008, SEEK_SET)         = 13008
31461 read(3, "(\0\0\0\v\0\0\0\2\0\0\0\0\0\0\08\2\0\0\0\0\0\08\2\0\0\0\0\0\0\330\3\0\0\0\0\0\0\4\0\0\0\3\0\0\0\10\0\0\0\0\0\0\0\30\0\0\0\0\0\0\0", 64) = 64
31461 lseek(3, 13072, SEEK_SET)         = 13072
31461 read(3, "0\0\0\0\3\0\0\0\2\0\0\0\0\0\0\0\20\6\0\0\0\0\0\0\20\6\0\0\0\0\0\0\320\1\0\0\0\0\0\0\0\0\0\0\0\0\0\0\1\0\0\0\0\0\0\0\0\0\0\0\0\0\0\0", 64) = 64
31461 lseek(3, 13136, SEEK_SET)         = 13136
31461 read(3, "8\0\0\0\377\377\377o\2\0\0\0\0\0\0\0\340\7\0\0\0\0\0\0\340\7\0\0\0\0\0\0R\0\0\0\0\0\0\0\3\0\0\0\0\0\0\0\2\0\0\0\0\0\0\0\2\0\0\0\0\0\0\0", 64) = 64
31461 lseek(3, 13200, SEEK_SET)         = 13200
31461 read(3, "E\0\0\0\376\377\377o\2\0\0\0\0\0\0\08\10\0\0\0\0\0\08\10\0\0\0\0\0\0@\0\0\0\0\0\0\0\4\0\0\0\2\0\0\0\10\0\0\0\0\0\0\0\0\0\0\0\0\0\0\0", 64) = 64
31461 lseek(3, 13264, SEEK_SET)         = 13264
31461 read(3, "T\0\0\0\4\0\0\0\2\0\0\0\0\0\0\0x\10\0\0\0\0\0\0x\10\0\0\0\0\0\0\300\0\0\0\0\0\0\0\3\0\0\0\0\0\0\0\10\0\0\0\0\0\0\0\30\0\0\0\0\0\0\0", 64) = 64
31461 lseek(3, 13328, SEEK_SET)         = 13328
31461 read(3, "^\0\0\0\4\0\0\0B\0\0\0\0\0\0\08\t\0\0\0\0\0\08\t\0\0\0\0\0\0\320\2\0\0\0\0\0\0\3\0\0\0\24\0\0\0\10\0\0\0\0\0\0\0\30\0\0\0\0\0\0\0", 64) = 64
31461 lseek(3, 13392, SEEK_SET)         = 13392
31461 read(3, "h\0\0\0\1\0\0\0\6\0\0\0\0\0\0\0\10\f\0\0\0\0\0\0\10\f\0\0\0\0\0\0\24\0\0\0\0\0\0\0\0\0\0\0\0\0\0\0\4\0\0\0\0\0\0\0\0\0\0\0\0\0\0\0", 64) = 64
31461 lseek(3, 12692, SEEK_SET)         = 12692
31461 read(3, ".init\0.text\0.fini\0.rodata\0.eh_frame_hdr\0.eh_frame\0.init_array\0.fini_array\0.dynamic\0.got\0.got.plt\0.data\0.bss\0.gnu_debuglink\0", 123) = 123
31461 lseek(3, 12692, SEEK_SET)         = 12692
31461 read(3, ".init\0", 6)             = 6
31461 lseek(3, 13456, SEEK_SET)         = 13456
31461 read(3, "c\0\0\0\1\0\0\0\6\0\0\0\0\0\0\0 \f\0\0\0\0\0\0 \f\0\0\0\0\0\0\0\2\0\0\0\0\0\0\0\0\0\0\0\0\0\0\20\0\0\0\0\0\0\0\0\0\0\0\0\0\0\0", 64) = 64
31461 lseek(3, 12687, SEEK_SET)         = 12687
31461 read(3, ".plt\0.init\0.text\0.fini\0.rodata\0.eh_frame_hdr\0.eh_frame\0.init_array\0.fini_array\0.dynamic\0.got\0.got.plt\0.data\0.bss\0.gnu_debuglink\0", 128) = 128
31461 lseek(3, 12687, SEEK_SET)         = 12687
31461 read(3, ".plt\0", 5)              = 5
31461 lseek(3, 13520, SEEK_SET)         = 13520
31461 read(3, "n\0\0\0\1\0\0\0\6\0\0\0\0\0\0\0 \16\0\0\0\0\0\0 \16\0\0\0\0\0\0p\r\0\0\0\0\0\0\0\0\0\0\0\0\0\0\20\0\0\0\0\0\0\0\0\0\0\0\0\0\0\0", 64) = 64
31461 lseek(3, 12698, SEEK_SET)         = 12698
31461 read(3, ".text\0.fini\0.rodata\0.eh_frame_hdr\0.eh_frame\0.init_array\0.fini_array\0.dynamic\0.got\0.got.plt\0.data\0.bss\0.gnu_debuglink\0", 117) = 117
31461 lseek(3, 12698, SEEK_SET)         = 12698
31461 read(3, ".text\0", 6)             = 6
31461 lseek(3, 13584, SEEK_SET)         = 13584
31461 read(3, "t\0\0\0\1\0\0\0\6\0\0\0\0\0\0\0\220\33\0\0\0\0\0\0\220\33\0\0\0\0\0\0\20\0\0\0\0\0\0\0\0\0\0\0\0\0\0\0\4\0\0\0\0\0\0\0\0\0\0\0\0\0\0\0", 64) = 64
31461 lseek(3, 12704, SEEK_SET)         = 12704
31461 read(3, ".fini\0.rodata\0.eh_frame_hdr\0.eh_frame\0.init_array\0.fini_array\0.dynamic\0.got\0.got.plt\0.data\0.bss\0.gnu_debuglink\0", 111) = 111
31461 lseek(3, 12704, SEEK_SET)         = 12704
31461 read(3, ".fini\0", 6)             = 6
31461 lseek(3, 13648, SEEK_SET)         = 13648
31461 read(3, "z\0\0\0\1\0\0\0002\0\0\0\0\0\0\0\240\33\0\0\0\0\0\0\240\33\0\0\0\0\0\0E\0\0\0\0\0\0\0\0\0\0\0\0\0\0\0\10\0\0\0\0\0\0\0\1\0\0\0\0\0\0\0", 64) = 64
31461 lseek(3, 12710, SEEK_SET)         = 12710
31461 read(3, ".rodata\0.eh_frame_hdr\0.eh_frame\0.init_array\0.fini_array\0.dynamic\0.got\0.got.plt\0.data\0.bss\0.gnu_debuglink\0", 105) = 105
31461 lseek(3, 12710, SEEK_SET)         = 12710
31461 read(3, ".rodata\0", 8)           = 8
31461 lseek(3, 13712, SEEK_SET)         = 13712
31461 read(3, "\202\0\0\0\1\0\0\0\2\0\0\0\0\0\0\0\350\33\0\0\0\0\0\0\350\33\0\0\0\0\0\0\214\0\0\0\0\0\0\0\0\0\0\0\0\0\0\0\4\0\0\0\0\0\0\0\0\0\0\0\0\0\0\0", 64) = 64
31461 lseek(3, 12718, SEEK_SET)         = 12718
31461 read(3, ".eh_frame_hdr\0.eh_frame\0.init_array\0.fini_array\0.dynamic\0.got\0.got.plt\0.data\0.bss\0.gnu_debuglink\0", 97) = 97
31461 lseek(3, 12718, SEEK_SET)         = 12718
31461 read(3, ".eh_frame_hdr\0", 14)    = 14
31461 lseek(3, 13776, SEEK_SET)         = 13776
31461 read(3, "\220\0\0\0\1\0\0\0\2\0\0\0\0\0\0\0x\34\0\0\0\0\0\0x\34\0\0\0\0\0\0P\3\0\0\0\0\0\0\0\0\0\0\0\0\0\0\10\0\0\0\0\0\0\0\0\0\0\0\0\0\0\0", 64) = 64
31461 lseek(3, 12732, SEEK_SET)         = 12732
31461 read(3, ".eh_frame\0.init_array\0.fini_array\0.dynamic\0.got\0.got.plt\0.data\0.bss\0.gnu_debuglink\0", 83) = 83
31461 lseek(3, 12732, SEEK_SET)         = 12732
31461 read(3, ".eh_frame\0", 10)        = 10
31461 lseek(3, 13840, SEEK_SET)         = 13840
31461 read(3, "\232\0\0\0\16\0\0\0\3\0\0\0\0\0\0\0\310-\1\0\0\0\0\0\310-\0\0\0\0\0\0\10\0\0\0\0\0\0\0\0\0\0\0\0\0\0\0\10\0\0\0\0\0\0\0\10\0\0\0\0\0\0\0", 64) = 64
31461 lseek(3, 13904, SEEK_SET)         = 13904
31461 read(3, "\246\0\0\0\17\0\0\0\3\0\0\0\0\0\0\0\320-\1\0\0\0\0\0\320-\0\0\0\0\0\0\10\0\0\0\0\0\0\0\0\0\0\0\0\0\0\0\10\0\0\0\0\0\0\0\10\0\0\0\0\0\0\0", 64) = 64
31461 lseek(3, 13968, SEEK_SET)         = 13968
31461 read(3, "\262\0\0\0\6\0\0\0\3\0\0\0\0\0\0\0\330-\1\0\0\0\0\0\330-\0\0\0\0\0\0\340\1\0\0\0\0\0\0\4\0\0\0\0\0\0\0\10\0\0\0\0\0\0\0\20\0\0\0\0\0\0\0", 64) = 64
31461 lseek(3, 14032, SEEK_SET)         = 14032
31461 read(3, "\273\0\0\0\1\0\0\0\3\0\0\0\0\0\0\0\270/\1\0\0\0\0\0\270/\0\0\0\0\0\0000\0\0\0\0\0\0\0\0\0\0\0\0\0\0\0\10\0\0\0\0\0\0\0\10\0\0\0\0\0\0\0", 64) = 64
31461 lseek(3, 12775, SEEK_SET)         = 12775
31461 read(3, ".got\0.got.plt\0.data\0.bss\0.gnu_debuglink\0", 40) = 40
31461 lseek(3, 12775, SEEK_SET)         = 12775
31461 read(3, ".got\0", 5)              = 5
31461 lseek(3, 14096, SEEK_SET)         = 14096
31461 read(3, "\300\0\0\0\1\0\0\0\3\0\0\0\0\0\0\0\350/\1\0\0\0\0\0\350/\0\0\0\0\0\0\10\1\0\0\0\0\0\0\0\0\0\0\0\0\0\0\10\0\0\0\0\0\0\0\10\0\0\0\0\0\0\0", 64) = 64
31461 lseek(3, 12780, SEEK_SET)         = 12780
31461 read(3, ".got.plt\0.data\0.bss\0.gnu_debuglink\0", 35) = 35
31461 lseek(3, 12780, SEEK_SET)         = 12780
31461 read(3, ".got.plt\0", 9)          = 9
31461 lseek(3, 14160, SEEK_SET)         = 14160
31461 read(3, "\311\0\0\0\1\0\0\0\3\0\0\0\0\0\0\0\3600\1\0\0\0\0\0\3600\0\0\0\0\0\0\10\0\0\0\0\0\0\0\0\0\0\0\0\0\0\0\10\0\0\0\0\0\0\0\0\0\0\0\0\0\0\0", 64) = 64
31461 lseek(3, 12789, SEEK_SET)         = 12789
31461 read(3, ".data\0.bss\0.gnu_debuglink\0", 26) = 26
31461 lseek(3, 12789, SEEK_SET)         = 12789
31461 read(3, ".data\0", 6)             = 6
31461 lseek(3, 14224, SEEK_SET)         = 14224
31461 read(3, "\317\0\0\0\10\0\0\0\3\0\0\0\0\0\0\0\3700\1\0\0\0\0\0\3700\0\0\0\0\0\0 \0\0\0\0\0\0\0\0\0\0\0\0\0\0\0\10\0\0\0\0\0\0\0\0\0\0\0\0\0\0\0", 64) = 64
31461 lseek(3, 14288, SEEK_SET)         = 14288
31461 read(3, "\324\0\0\0\1\0\0\0\0\0\0\0\0\0\0\0\0\0\0\0\0\0\0\0\3700\0\0\0\0\0\0004\0\0\0\0\0\0\0\0\0\0\0\0\0\0\0\4\0\0\0\0\0\0\0\0\0\0\0\0\0\0\0", 64) = 64
31461 lseek(3, 12800, SEEK_SET)         = 12800
31461 read(3, ".gnu_debuglink\0", 15)   = 15
31461 lseek(3, 12800, SEEK_SET)         = 12800
31461 read(3, ".gnu_debuglink\0", 15)   = 15
31461 lseek(3, 12536, SEEK_SET)         = 12536
31461 read(3, "04dd24def1c0739efa8d307476e9ff6d295b6e.debug\0\0\0\0", 48) = 48
31461 read(3, "\3\255\230`", 4)         = 4
31461 rt_sigprocmask(SIG_SETMASK, ~[RTMIN RT_1], [], 8) = 0
31461 rt_sigprocmask(SIG_SETMASK, [], NULL, 8) = 0
31461 close(3)                          = 0
31461 rt_sigprocmask(SIG_SETMASK, ~[RTMIN RT_1], [], 8) = 0
31461 rt_sigprocmask(SIG_SETMASK, [], NULL, 8) = 0
31461 readlinkat(AT_FDCWD, "/lib", "usr/lib", 1023) = 7
31461 readlinkat(AT_FDCWD, "/usr", 0x7fc472b6c0, 1023) = -1 EINVAL (Invalid argument)
31461 readlinkat(AT_FDCWD, "/usr/lib", 0x7fc472b6c0, 1023) = -1 EINVAL (Invalid argument)
31461 readlinkat(AT_FDCWD, "/usr/lib/aarch64-linux-gnu", 0x7fc472b6c0, 1023) = -1 EINVAL (Invalid argument)
31461 readlinkat(AT_FDCWD, "/usr/lib/aarch64-linux-gnu/libXdmcp.so.6", "libXdmcp.so.6.0.0", 1023) = 17
31461 readlinkat(AT_FDCWD, "/usr/lib/aarch64-linux-gnu/libXdmcp.so.6.0.0", 0x7fc472b6c0, 1023) = -1 EINVAL (Invalid argument)
31461 rt_sigprocmask(SIG_SETMASK, ~[RTMIN RT_1], [], 8) = 0
31461 rt_sigprocmask(SIG_SETMASK, [], NULL, 8) = 0
31461 openat(AT_FDCWD, "/usr/lib/aarch64-linux-gnu/libXdmcp.so.6.0.0", O_RDONLY|O_CLOEXEC) = 3
31461 rt_sigprocmask(SIG_SETMASK, ~[RTMIN RT_1], [], 8) = 0
31461 rt_sigprocmask(SIG_SETMASK, [], NULL, 8) = 0
31461 read(3, "\177ELF\2\1\1\0\0\0\0\0\0\0\0\0", 16) = 16
31461 lseek(3, 0, SEEK_SET)             = 0
31461 read(3, "\177ELF\2\1\1\0\0\0\0\0\0\0\0\0\3\0\267\0\1\0\0\0\260\24\0\0\0\0\0\0@\0\0\0\0\0\0\0\360Q\0\0\0\0\0\0\0\0\0\0@\08\0\6\0@\0\31\0\30\0", 64) = 64
31461 lseek(3, 22512, SEEK_SET)         = 22512
31461 read(3, "\1\0\0\0\3\0\0\0\0\0\0\0\0\0\0\0\0\0\0\0\0\0\0\0\24Q\0\0\0\0\0\0\332\0\0\0\0\0\0\0\0\0\0\0\0\0\0\0\1\0\0\0\0\0\0\0\0\0\0\0\0\0\0\0", 64) = 64
31461 lseek(3, 64, SEEK_SET)            = 64
31461 read(3, "\1\0\0\0\5\0\0\0\0\0\0\0\0\0\0\0\0\0\0\0\0\0\0\0\0\0\0\0\0\0\0\0\354>\0\0\0\0\0\0\354>\0\0\0\0\0\0\0\0\1\0\0\0\0\0", 56) = 56
31461 lseek(3, 120, SEEK_SET)           = 120
31461 read(3, "\1\0\0\0\6\0\0\0\250M\0\0\0\0\0\0\250M\1\0\0\0\0\0\250M\1\0\0\0\0\08\3\0\0\0\0\0\0@\3\0\0\0\0\0\0\0\0\1\0\0\0\0\0", 56) = 56
31461 lseek(3, 176, SEEK_SET)           = 176
31461 read(3, "\2\0\0\0\6\0\0\0\300M\0\0\0\0\0\0\300M\1\0\0\0\0\0\300M\1\0\0\0\0\0\360\1\0\0\0\0\0\0\360\1\0\0\0\0\0\0\10\0\0\0\0\0\0\0", 56) = 56
31461 lseek(3, 232, SEEK_SET)           = 232
31461 read(3, "\4\0\0\0\4\0\0\0\220\1\0\0\0\0\0\0\220\1\0\0\0\0\0\0\220\1\0\0\0\0\0\0$\0\0\0\0\0\0\0$\0\0\0\0\0\0\0\4\0\0\0\0\0\0\0", 56) = 56
31461 lseek(3, 288, SEEK_SET)           = 288
31461 read(3, "Q\345td\6\0\0\0\0\0\0\0\0\0\0\0\0\0\0\0\0\0\0\0\0\0\0\0\0\0\0\0\0\0\0\0\0\0\0\0\0\0\0\0\0\0\0\0\20\0\0\0\0\0\0\0", 56) = 56
31461 lseek(3, 344, SEEK_SET)           = 344
31461 read(3, "R\345td\4\0\0\0\250M\0\0\0\0\0\0\250M\1\0\0\0\0\0\250M\1\0\0\0\0\0X\2\0\0\0\0\0\0X\2\0\0\0\0\0\0\1\0\0\0\0\0\0\0", 56) = 56
31461 lseek(3, 64, SEEK_SET)            = 64
31461 read(3, "\1\0\0\0\5\0\0\0\0\0\0\0\0\0\0\0\0\0\0\0\0\0\0\0\0\0\0\0\0\0\0\0\354>\0\0\0\0\0\0\354>\0\0\0\0\0\0\0\0\1\0\0\0\0\0", 56) = 56
31461 lseek(3, 120, SEEK_SET)           = 120
31461 read(3, "\1\0\0\0\6\0\0\0\250M\0\0\0\0\0\0\250M\1\0\0\0\0\0\250M\1\0\0\0\0\08\3\0\0\0\0\0\0@\3\0\0\0\0\0\0\0\0\1\0\0\0\0\0", 56) = 56
31461 lseek(3, 176, SEEK_SET)           = 176
31461 read(3, "\2\0\0\0\6\0\0\0\300M\0\0\0\0\0\0\300M\1\0\0\0\0\0\300M\1\0\0\0\0\0\360\1\0\0\0\0\0\0\360\1\0\0\0\0\0\0\10\0\0\0\0\0\0\0", 56) = 56
31461 lseek(3, 232, SEEK_SET)           = 232
31461 read(3, "\4\0\0\0\4\0\0\0\220\1\0\0\0\0\0\0\220\1\0\0\0\0\0\0\220\1\0\0\0\0\0\0$\0\0\0\0\0\0\0$\0\0\0\0\0\0\0\4\0\0\0\0\0\0\0", 56) = 56
31461 lseek(3, 400, SEEK_SET)           = 400
31461 read(3, "\4\0\0\0\24\0\0\0\3\0\0\0", 12) = 12
31461 lseek(3, 416, SEEK_SET)           = 416
31461 read(3, "0U\271g:\25\255c6\345\361\220\243d\213x\30\361v\277", 20) = 20
31461 lseek(3, 20976, SEEK_SET)         = 20976
31461 read(3, "\0\0\0\0\0\0\0\0\0\0\0\0\0\0\0\0\0\0\0\0\0\0\0\0\0\0\0\0\0\0\0\0\0\0\0\0\0\0\0\0\0\0\0\0\0\0\0\0\0\0\0\0\0\0\0\0\0\0\0\0\0\0\0\0", 64) = 64
31461 lseek(3, 21040, SEEK_SET)         = 21040
31461 read(3, "\v\0\0\0\7\0\0\0\2\0\0\0\0\0\0\0\220\1\0\0\0\0\0\0\220\1\0\0\0\0\0\0$\0\0\0\0\0\0\0\0\0\0\0\0\0\0\0\4\0\0\0\0\0\0\0\0\0\0\0\0\0\0\0", 64) = 64
31461 lseek(3, 21104, SEEK_SET)         = 21104
31461 read(3, "\36\0\0\0\366\377\377o\2\0\0\0\0\0\0\0\270\1\0\0\0\0\0\0\270\1\0\0\0\0\0\0\260\1\0\0\0\0\0\0\3\0\0\0\0\0\0\0\10\0\0\0\0\0\0\0\0\0\0\0\0\0\0\0", 64) = 64
31461 lseek(3, 21168, SEEK_SET)         = 21168
31461 read(3, "(\0\0\0\v\0\0\0\2\0\0\0\0\0\0\0h\3\0\0\0\0\0\0h\3\0\0\0\0\0\0\250\6\0\0\0\0\0\0\4\0\0\0\3\0\0\0\10\0\0\0\0\0\0\0\30\0\0\0\0\0\0\0", 64) = 64
31461 lseek(3, 21232, SEEK_SET)         = 21232
31461 read(3, "0\0\0\0\3\0\0\0\2\0\0\0\0\0\0\0\20\n\0\0\0\0\0\0\20\n\0\0\0\0\0\0^\4\0\0\0\0\0\0\0\0\0\0\0\0\0\0\1\0\0\0\0\0\0\0\0\0\0\0\0\0\0\0", 64) = 64
31461 lseek(3, 21296, SEEK_SET)         = 21296
31461 read(3, "8\0\0\0\377\377\377o\2\0\0\0\0\0\0\0n\16\0\0\0\0\0\0n\16\0\0\0\0\0\0\216\0\0\0\0\0\0\0\3\0\0\0\0\0\0\0\2\0\0\0\0\0\0\0\2\0\0\0\0\0\0\0", 64) = 64
31461 lseek(3, 21360, SEEK_SET)         = 21360
31461 read(3, "E\0\0\0\376\377\377o\2\0\0\0\0\0\0\0\0\17\0\0\0\0\0\0\0\17\0\0\0\0\0\0`\0\0\0\0\0\0\0\4\0\0\0\3\0\0\0\10\0\0\0\0\0\0\0\0\0\0\0\0\0\0\0", 64) = 64
31461 lseek(3, 21424, SEEK_SET)         = 21424
31461 read(3, "T\0\0\0\4\0\0\0\2\0\0\0\0\0\0\0`\17\0\0\0\0\0\0`\17\0\0\0\0\0\0\330\0\0\0\0\0\0\0\3\0\0\0\0\0\0\0\10\0\0\0\0\0\0\0\30\0\0\0\0\0\0\0", 64) = 64
31461 lseek(3, 21488, SEEK_SET)         = 21488
31461 read(3, "^\0\0\0\4\0\0\0B\0\0\0\0\0\0\08\20\0\0\0\0\0\08\20\0\0\0\0\0\0\210\2\0\0\0\0\0\0\3\0\0\0\24\0\0\0\10\0\0\0\0\0\0\0\30\0\0\0\0\0\0\0", 64) = 64
31461 lseek(3, 21552, SEEK_SET)         = 21552
31461 read(3, "h\0\0\0\1\0\0\0\6\0\0\0\0\0\0\0\300\22\0\0\0\0\0\0\300\22\0\0\0\0\0\0\24\0\0\0\0\0\0\0\0\0\0\0\0\0\0\0\4\0\0\0\0\0\0\0\0\0\0\0\0\0\0\0", 64) = 64
31461 lseek(3, 20860, SEEK_SET)         = 20860
31461 read(3, ".init\0.text\0.fini\0.rodata\0.eh_frame\0.init_array\0.fini_array\0.jcr\0.dynamic\0.got\0.got.plt\0.data\0.bss\0.gnu_debuglink\0", 114) = 114
31461 lseek(3, 20860, SEEK_SET)         = 20860
31461 read(3, ".init\0", 6)             = 6
31461 lseek(3, 21616, SEEK_SET)         = 21616
31461 read(3, "c\0\0\0\1\0\0\0\6\0\0\0\0\0\0\0\340\22\0\0\0\0\0\0\340\22\0\0\0\0\0\0\320\1\0\0\0\0\0\0\0\0\0\0\0\0\0\0\20\0\0\0\0\0\0\0\20\0\0\0\0\0\0\0", 64) = 64
31461 lseek(3, 20855, SEEK_SET)         = 20855
31461 read(3, ".plt\0.init\0.text\0.fini\0.rodata\0.eh_frame\0.init_array\0.fini_array\0.jcr\0.dynamic\0.got\0.got.plt\0.data\0.bss\0.gnu_debuglink\0", 119) = 119
31461 lseek(3, 20855, SEEK_SET)         = 20855
31461 read(3, ".plt\0", 5)              = 5
31461 lseek(3, 21680, SEEK_SET)         = 21680
31461 read(3, "n\0\0\0\1\0\0\0\6\0\0\0\0\0\0\0\260\24\0\0\0\0\0\0\260\24\0\0\0\0\0\0\30\32\0\0\0\0\0\0\0\0\0\0\0\0\0\0\10\0\0\0\0\0\0\0\0\0\0\0\0\0\0\0", 64) = 64
31461 lseek(3, 20866, SEEK_SET)         = 20866
31461 read(3, ".text\0.fini\0.rodata\0.eh_frame\0.init_array\0.fini_array\0.jcr\0.dynamic\0.got\0.got.plt\0.data\0.bss\0.gnu_debuglink\0", 108) = 108
31461 lseek(3, 20866, SEEK_SET)         = 20866
31461 read(3, ".text\0", 6)             = 6
31461 lseek(3, 21744, SEEK_SET)         = 21744
31461 read(3, "t\0\0\0\1\0\0\0\6\0\0\0\0\0\0\0\310.\0\0\0\0\0\0\310.\0\0\0\0\0\0\20\0\0\0\0\0\0\0\0\0\0\0\0\0\0\0\4\0\0\0\0\0\0\0\0\0\0\0\0\0\0\0", 64) = 64
31461 lseek(3, 20872, SEEK_SET)         = 20872
31461 read(3, ".fini\0.rodata\0.eh_frame\0.init_array\0.fini_array\0.jcr\0.dynamic\0.got\0.got.plt\0.data\0.bss\0.gnu_debuglink\0", 102) = 102
31461 lseek(3, 20872, SEEK_SET)         = 20872
31461 read(3, ".fini\0", 6)             = 6
31461 lseek(3, 21808, SEEK_SET)         = 21808
31461 read(3, "z\0\0\0\1\0\0\0\2\0\0\0\0\0\0\0\330.\0\0\0\0\0\0\330.\0\0\0\0\0\0\20\20\0\0\0\0\0\0\0\0\0\0\0\0\0\0\10\0\0\0\0\0\0\0\0\0\0\0\0\0\0\0", 64) = 64
31461 lseek(3, 20878, SEEK_SET)         = 20878
31461 read(3, ".rodata\0.eh_frame\0.init_array\0.fini_array\0.jcr\0.dynamic\0.got\0.got.plt\0.data\0.bss\0.gnu_debuglink\0", 96) = 96
31461 lseek(3, 20878, SEEK_SET)         = 20878
31461 read(3, ".rodata\0", 8)           = 8
31461 lseek(3, 21872, SEEK_SET)         = 21872
31461 read(3, "\202\0\0\0\1\0\0\0\2\0\0\0\0\0\0\0\350>\0\0\0\0\0\0\350>\0\0\0\0\0\0\4\0\0\0\0\0\0\0\0\0\0\0\0\0\0\0\4\0\0\0\0\0\0\0\0\0\0\0\0\0\0\0", 64) = 64
31461 lseek(3, 20886, SEEK_SET)         = 20886
31461 read(3, ".eh_frame\0.init_array\0.fini_array\0.jcr\0.dynamic\0.got\0.got.plt\0.data\0.bss\0.gnu_debuglink\0", 88) = 88
31461 lseek(3, 20886, SEEK_SET)         = 20886
31461 read(3, ".eh_frame\0", 10)        = 10
31461 lseek(3, 21936, SEEK_SET)         = 21936
31461 read(3, "\214\0\0\0\16\0\0\0\3\0\0\0\0\0\0\0\250M\1\0\0\0\0\0\250M\0\0\0\0\0\0\10\0\0\0\0\0\0\0\0\0\0\0\0\0\0\0\10\0\0\0\0\0\0\0\10\0\0\0\0\0\0\0", 64) = 64
31461 lseek(3, 22000, SEEK_SET)         = 22000
31461 read(3, "\230\0\0\0\17\0\0\0\3\0\0\0\0\0\0\0\260M\1\0\0\0\0\0\260M\0\0\0\0\0\0\10\0\0\0\0\0\0\0\0\0\0\0\0\0\0\0\10\0\0\0\0\0\0\0\10\0\0\0\0\0\0\0", 64) = 64
31461 lseek(3, 22064, SEEK_SET)         = 22064
31461 read(3, "\244\0\0\0\1\0\0\0\3\0\0\0\0\0\0\0\270M\1\0\0\0\0\0\270M\0\0\0\0\0\0\10\0\0\0\0\0\0\0\0\0\0\0\0\0\0\0\10\0\0\0\0\0\0\0\0\0\0\0\0\0\0\0", 64) = 64
31461 lseek(3, 20920, SEEK_SET)         = 20920
31461 read(3, ".jcr\0.dynamic\0.got\0.got.plt\0.data\0.bss\0.gnu_debuglink\0", 54) = 54
31461 lseek(3, 20920, SEEK_SET)         = 20920
31461 read(3, ".jcr\0", 5)              = 5
31461 lseek(3, 22128, SEEK_SET)         = 22128
31461 read(3, "\251\0\0\0\6\0\0\0\3\0\0\0\0\0\0\0\300M\1\0\0\0\0\0\300M\0\0\0\0\0\0\360\1\0\0\0\0\0\0\4\0\0\0\0\0\0\0\10\0\0\0\0\0\0\0\20\0\0\0\0\0\0\0", 64) = 64
31461 lseek(3, 22192, SEEK_SET)         = 22192
31461 read(3, "\262\0\0\0\1\0\0\0\3\0\0\0\0\0\0\0\260O\1\0\0\0\0\0\260O\0\0\0\0\0\08\0\0\0\0\0\0\0\0\0\0\0\0\0\0\0\10\0\0\0\0\0\0\0\10\0\0\0\0\0\0\0", 64) = 64
31461 lseek(3, 20934, SEEK_SET)         = 20934
31461 read(3, ".got\0.got.plt\0.data\0.bss\0.gnu_debuglink\0", 40) = 40
31461 lseek(3, 20934, SEEK_SET)         = 20934
31461 read(3, ".got\0", 5)              = 5
31461 lseek(3, 22256, SEEK_SET)         = 22256
31461 read(3, "\267\0\0\0\1\0\0\0\3\0\0\0\0\0\0\0\350O\1\0\0\0\0\0\350O\0\0\0\0\0\0\360\0\0\0\0\0\0\0\0\0\0\0\0\0\0\0\10\0\0\0\0\0\0\0\10\0\0\0\0\0\0\0", 64) = 64
31461 lseek(3, 20939, SEEK_SET)         = 20939
31461 read(3, ".got.plt\0.data\0.bss\0.gnu_debuglink\0", 35) = 35
31461 lseek(3, 20939, SEEK_SET)         = 20939
31461 read(3, ".got.plt\0", 9)          = 9
31461 lseek(3, 22320, SEEK_SET)         = 22320
31461 read(3, "\300\0\0\0\1\0\0\0\3\0\0\0\0\0\0\0\330P\1\0\0\0\0\0\330P\0\0\0\0\0\0\10\0\0\0\0\0\0\0\0\0\0\0\0\0\0\0\10\0\0\0\0\0\0\0\0\0\0\0\0\0\0\0", 64) = 64
31461 lseek(3, 20948, SEEK_SET)         = 20948
31461 read(3, ".data\0.bss\0.gnu_debuglink\0", 26) = 26
31461 lseek(3, 20948, SEEK_SET)         = 20948
31461 read(3, ".data\0", 6)             = 6
31461 lseek(3, 22384, SEEK_SET)         = 22384
31461 read(3, "\306\0\0\0\10\0\0\0\3\0\0\0\0\0\0\0\340P\1\0\0\0\0\0\340P\0\0\0\0\0\0\10\0\0\0\0\0\0\0\0\0\0\0\0\0\0\0\1\0\0\0\0\0\0\0\0\0\0\0\0\0\0\0", 64) = 64
31461 lseek(3, 22448, SEEK_SET)         = 22448
31461 read(3, "\313\0\0\0\1\0\0\0\0\0\0\0\0\0\0\0\0\0\0\0\0\0\0\0\340P\0\0\0\0\0\0004\0\0\0\0\0\0\0\0\0\0\0\0\0\0\0\1\0\0\0\0\0\0\0\0\0\0\0\0\0\0\0", 64) = 64
31461 lseek(3, 20959, SEEK_SET)         = 20959
31461 read(3, ".gnu_debuglink\0", 15)   = 15
31461 lseek(3, 20959, SEEK_SET)         = 20959
31461 read(3, ".gnu_debuglink\0", 15)   = 15
31461 lseek(3, 20704, SEEK_SET)         = 20704
31461 read(3, "55b9673a15ad6336e5f190a3648b7818f176bf.debug\0\0\0\0", 48) = 48
31461 read(3, "\275}\21\265", 4)        = 4
31461 rt_sigprocmask(SIG_SETMASK, ~[RTMIN RT_1], [], 8) = 0
31461 rt_sigprocmask(SIG_SETMASK, [], NULL, 8) = 0
31461 close(3)                          = 0
31461 rt_sigprocmask(SIG_SETMASK, ~[RTMIN RT_1], [], 8) = 0
31461 rt_sigprocmask(SIG_SETMASK, [], NULL, 8) = 0
31461 readlinkat(AT_FDCWD, "/lib", "usr/lib", 1023) = 7
31461 readlinkat(AT_FDCWD, "/usr", 0x7fc472b6c0, 1023) = -1 EINVAL (Invalid argument)
31461 readlinkat(AT_FDCWD, "/usr/lib", 0x7fc472b6c0, 1023) = -1 EINVAL (Invalid argument)
31461 readlinkat(AT_FDCWD, "/usr/lib/aarch64-linux-gnu", 0x7fc472b6c0, 1023) = -1 EINVAL (Invalid argument)
31461 readlinkat(AT_FDCWD, "/usr/lib/aarch64-linux-gnu/libbsd.so.0", "libbsd.so.0.11.7", 1023) = 16
31461 readlinkat(AT_FDCWD, "/usr/lib/aarch64-linux-gnu/libbsd.so.0.11.7", 0x7fc472b6c0, 1023) = -1 EINVAL (Invalid argument)
31461 rt_sigprocmask(SIG_SETMASK, ~[RTMIN RT_1], [], 8) = 0
31461 rt_sigprocmask(SIG_SETMASK, [], NULL, 8) = 0
31461 openat(AT_FDCWD, "/usr/lib/aarch64-linux-gnu/libbsd.so.0.11.7", O_RDONLY|O_CLOEXEC) = 3
31461 rt_sigprocmask(SIG_SETMASK, ~[RTMIN RT_1], [], 8) = 0
31461 rt_sigprocmask(SIG_SETMASK, [], NULL, 8) = 0
31461 read(3, "\177ELF\2\1\1\0\0\0\0\0\0\0\0\0", 16) = 16
31461 lseek(3, 0, SEEK_SET)             = 0
31461 read(3, "\177ELF\2\1\1\0\0\0\0\0\0\0\0\0\3\0\267\0\1\0\0\0\0\0\0\0\0\0\0\0@\0\0\0\0\0\0\08\2\2\0\0\0\0\0\0\0\0\0@\08\0\7\0@\0$\0#\0", 64) = 64
31461 lseek(3, 133880, SEEK_SET)        = 133880
31461 read(3, "\1\0\0\0\3\0\0\0\0\0\0\0\0\0\0\0\0\0\0\0\0\0\0\0\\\0\2\0\0\0\0\0\332\1\0\0\0\0\0\0\0\0\0\0\0\0\0\0\1\0\0\0\0\0\0\0\0\0\0\0\0\0\0\0", 64) = 64
31461 lseek(3, 64, SEEK_SET)            = 64
31461 read(3, "\1\0\0\0\5\0\0\0\0\0\0\0\0\0\0\0\0\0\0\0\0\0\0\0\0\0\0\0\0\0\0\0\200\37\1\0\0\0\0\0\200\37\1\0\0\0\0\0\0\0\1\0\0\0\0\0", 56) = 56
31461 lseek(3, 120, SEEK_SET)           = 120
31461 read(3, "\1\0\0\0\6\0\0\0\260\370\1\0\0\0\0\0\260\370\2\0\0\0\0\0\260\370\2\0\0\0\0\0x\7\0\0\0\0\0\0\250\27\0\0\0\0\0\0\0\0\1\0\0\0\0\0", 56) = 56
31461 lseek(3, 176, SEEK_SET)           = 176
31461 read(3, "\2\0\0\0\6\0\0\0\300\370\1\0\0\0\0\0\300\370\2\0\0\0\0\0\300\370\2\0\0\0\0\0000\2\0\0\0\0\0\0000\2\0\0\0\0\0\0\10\0\0\0\0\0\0\0", 56) = 56
31461 lseek(3, 232, SEEK_SET)           = 232
31461 read(3, "\4\0\0\0\4\0\0\0\310\1\0\0\0\0\0\0\310\1\0\0\0\0\0\0\310\1\0\0\0\0\0\0$\0\0\0\0\0\0\0$\0\0\0\0\0\0\0\4\0\0\0\0\0\0\0", 56) = 56
31461 lseek(3, 288, SEEK_SET)           = 288
31461 read(3, "P\345td\4\0\0\0x\375\0\0\0\0\0\0x\375\0\0\0\0\0\0x\375\0\0\0\0\0\0\\\4\0\0\0\0\0\0\\\4\0\0\0\0\0\0\4\0\0\0\0\0\0\0", 56) = 56
31461 lseek(3, 344, SEEK_SET)           = 344
31461 read(3, "Q\345td\6\0\0\0\0\0\0\0\0\0\0\0\0\0\0\0\0\0\0\0\0\0\0\0\0\0\0\0\0\0\0\0\0\0\0\0\0\0\0\0\0\0\0\0\20\0\0\0\0\0\0\0", 56) = 56
31461 lseek(3, 400, SEEK_SET)           = 400
31461 read(3, "R\345td\4\0\0\0\260\370\1\0\0\0\0\0\260\370\2\0\0\0\0\0\260\370\2\0\0\0\0\0P\7\0\0\0\0\0\0P\7\0\0\0\0\0\0\1\0\0\0\0\0\0\0", 56) = 56
31461 lseek(3, 64, SEEK_SET)            = 64
31461 read(3, "\1\0\0\0\5\0\0\0\0\0\0\0\0\0\0\0\0\0\0\0\0\0\0\0\0\0\0\0\0\0\0\0\200\37\1\0\0\0\0\0\200\37\1\0\0\0\0\0\0\0\1\0\0\0\0\0", 56) = 56
31461 lseek(3, 120, SEEK_SET)           = 120
31461 read(3, "\1\0\0\0\6\0\0\0\260\370\1\0\0\0\0\0\260\370\2\0\0\0\0\0\260\370\2\0\0\0\0\0x\7\0\0\0\0\0\0\250\27\0\0\0\0\0\0\0\0\1\0\0\0\0\0", 56) = 56
31461 lseek(3, 176, SEEK_SET)           = 176
31461 read(3, "\2\0\0\0\6\0\0\0\300\370\1\0\0\0\0\0\300\370\2\0\0\0\0\0\300\370\2\0\0\0\0\0000\2\0\0\0\0\0\0000\2\0\0\0\0\0\0\10\0\0\0\0\0\0\0", 56) = 56
31461 lseek(3, 232, SEEK_SET)           = 232
31461 read(3, "\4\0\0\0\4\0\0\0\310\1\0\0\0\0\0\0\310\1\0\0\0\0\0\0\310\1\0\0\0\0\0\0$\0\0\0\0\0\0\0$\0\0\0\0\0\0\0\4\0\0\0\0\0\0\0", 56) = 56
31461 lseek(3, 456, SEEK_SET)           = 456
31461 read(3, "\4\0\0\0\24\0\0\0\3\0\0\0", 12) = 12
31461 lseek(3, 472, SEEK_SET)           = 472
31461 read(3, "\30\251\257!uYh\35\343$\372\253\232I\262\301]\260\235\314", 20) = 20
31461 lseek(3, 131640, SEEK_SET)        = 131640
31461 read(3, "\0\0\0\0\0\0\0\0\0\0\0\0\0\0\0\0\0\0\0\0\0\0\0\0\0\0\0\0\0\0\0\0\0\0\0\0\0\0\0\0\0\0\0\0\0\0\0\0\0\0\0\0\0\0\0\0\0\0\0\0\0\0\0\0", 64) = 64
31461 lseek(3, 131704, SEEK_SET)        = 131704
31461 read(3, "\v\0\0\0\7\0\0\0\2\0\0\0\0\0\0\0\310\1\0\0\0\0\0\0\310\1\0\0\0\0\0\0$\0\0\0\0\0\0\0\0\0\0\0\0\0\0\0\4\0\0\0\0\0\0\0\0\0\0\0\0\0\0\0", 64) = 64
31461 lseek(3, 131768, SEEK_SET)        = 131768
31461 read(3, "\36\0\0\0\366\377\377o\2\0\0\0\0\0\0\0\360\1\0\0\0\0\0\0\360\1\0\0\0\0\0\0\370\3\0\0\0\0\0\0\3\0\0\0\0\0\0\0\10\0\0\0\0\0\0\0\0\0\0\0\0\0\0\0", 64) = 64
31461 lseek(3, 131832, SEEK_SET)        = 131832
31461 read(3, "(\0\0\0\v\0\0\0\2\0\0\0\0\0\0\0\350\5\0\0\0\0\0\0\350\5\0\0\0\0\0\0\220\30\0\0\0\0\0\0\4\0\0\0\3\0\0\0\10\0\0\0\0\0\0\0\30\0\0\0\0\0\0\0", 64) = 64
31461 lseek(3, 131896, SEEK_SET)        = 131896
31461 read(3, "0\0\0\0\3\0\0\0\2\0\0\0\0\0\0\0x\36\0\0\0\0\0\0x\36\0\0\0\0\0\0\310\t\0\0\0\0\0\0\0\0\0\0\0\0\0\0\1\0\0\0\0\0\0\0\0\0\0\0\0\0\0\0", 64) = 64
31461 lseek(3, 131960, SEEK_SET)        = 131960
31461 read(3, "8\0\0\0\377\377\377o\2\0\0\0\0\0\0\0@(\0\0\0\0\0\0@(\0\0\0\0\0\0\f\2\0\0\0\0\0\0\3\0\0\0\0\0\0\0\2\0\0\0\0\0\0\0\2\0\0\0\0\0\0\0", 64) = 64
31461 lseek(3, 132024, SEEK_SET)        = 132024
31461 read(3, "E\0\0\0\375\377\377o\2\0\0\0\0\0\0\0P*\0\0\0\0\0\0P*\0\0\0\0\0\0\350\1\0\0\0\0\0\0\4\0\0\0\16\0\0\0\10\0\0\0\0\0\0\0\0\0\0\0\0\0\0\0", 64) = 64
31461 lseek(3, 132088, SEEK_SET)        = 132088
31461 read(3, "T\0\0\0\376\377\377o\2\0\0\0\0\0\0\08,\0\0\0\0\0\08,\0\0\0\0\0\0\200\0\0\0\0\0\0\0\4\0\0\0\3\0\0\0\10\0\0\0\0\0\0\0\0\0\0\0\0\0\0\0", 64) = 64
31461 lseek(3, 132152, SEEK_SET)        = 132152
31461 read(3, "c\0\0\0\4\0\0\0\2\0\0\0\0\0\0\0\270,\0\0\0\0\0\0\270,\0\0\0\0\0\0\370\1\0\0\0\0\0\0\3\0\0\0\0\0\0\0\10\0\0\0\0\0\0\0\30\0\0\0\0\0\0\0", 64) = 64
31461 lseek(3, 132216, SEEK_SET)        = 132216
31461 read(3, "m\0\0\0\4\0\0\0B\0\0\0\0\0\0\0\260.\0\0\0\0\0\0\260.\0\0\0\0\0\0\200\r\0\0\0\0\0\0\3\0\0\0\37\0\0\0\10\0\0\0\0\0\0\0\30\0\0\0\0\0\0\0", 64) = 64
31461 lseek(3, 132280, SEEK_SET)        = 132280
31461 read(3, "w\0\0\0\1\0\0\0\6\0\0\0\0\0\0\0000<\0\0\0\0\0\0000<\0\0\0\0\0\0\30\0\0\0\0\0\0\0\0\0\0\0\0\0\0\0\4\0\0\0\0\0\0\0\0\0\0\0\0\0\0\0", 64) = 64
31461 lseek(3, 131283, SEEK_SET)        = 131283
31461 read(3, ".init\0.text\0.fini\0.rodata\0.gnu.warning.fgetln\0.gnu.warning.fgetwln\0.gnu.warning.MD5Data\0.gnu.warning.MD5End\0.gnu.warning.MD5File\0.gnu.warning.MD5FileChunk\0.gnu.warning.MD5Final\0.gnu.warning.MD5Init\0.gnu.warning.MD5Pad\0.gnu.warning.MD5Transform\0.gnu.warning.MD5Update\0.eh_frame_hdr\0.eh_frame\0.init_array\0.fini_array\0.dynamic\0.got\0.data\0.bss\0.gnu_debuglink\0", 355) = 355
31461 lseek(3, 131283, SEEK_SET)        = 131283
31461 read(3, ".init\0", 6)             = 6
31461 lseek(3, 132344, SEEK_SET)        = 132344
31461 read(3, "r\0\0\0\1\0\0\0\6\0\0\0\0\0\0\0P<\0\0\0\0\0\0P<\0\0\0\0\0\0 \t\0\0\0\0\0\0\0\0\0\0\0\0\0\0\20\0\0\0\0\0\0\0\0\0\0\0\0\0\0\0", 64) = 64
31461 lseek(3, 131278, SEEK_SET)        = 131278
31461 read(3, ".plt\0.init\0.text\0.fini\0.rodata\0.gnu.warning.fgetln\0.gnu.warning.fgetwln\0.gnu.warning.MD5Data\0.gnu.warning.MD5End\0.gnu.warning.MD5File\0.gnu.warning.MD5FileChunk\0.gnu.warning.MD5Final\0.gnu.warning.MD5Init\0.gnu.warning.MD5Pad\0.gnu.warning.MD5Transform\0.gnu.warning.MD5Update\0.eh_frame_hdr\0.eh_frame\0.init_array\0.fini_array\0.dynamic\0.got\0.data\0.bss\0.gnu_debuglink\0", 360) = 360
31461 lseek(3, 131278, SEEK_SET)        = 131278
31461 read(3, ".plt\0", 5)              = 5
31461 lseek(3, 132408, SEEK_SET)        = 132408
31461 read(3, "}\0\0\0\1\0\0\0\6\0\0\0\0\0\0\0pE\0\0\0\0\0\0pE\0\0\0\0\0\0\260\251\0\0\0\0\0\0\0\0\0\0\0\0\0\0\20\0\0\0\0\0\0\0\0\0\0\0\0\0\0\0", 64) = 64
31461 lseek(3, 131289, SEEK_SET)        = 131289
31461 read(3, ".text\0.fini\0.rodata\0.gnu.warning.fgetln\0.gnu.warning.fgetwln\0.gnu.warning.MD5Data\0.gnu.warning.MD5End\0.gnu.warning.MD5File\0.gnu.warning.MD5FileChunk\0.gnu.warning.MD5Final\0.gnu.warning.MD5Init\0.gnu.warning.MD5Pad\0.gnu.warning.MD5Transform\0.gnu.warning.MD5Update\0.eh_frame_hdr\0.eh_frame\0.init_array\0.fini_array\0.dynamic\0.got\0.data\0.bss\0.gnu_debuglink\0", 349) = 349
31461 lseek(3, 131289, SEEK_SET)        = 131289
31461 read(3, ".text\0", 6)             = 6
31461 lseek(3, 132472, SEEK_SET)        = 132472
31461 read(3, "\203\0\0\0\1\0\0\0\6\0\0\0\0\0\0\0 \357\0\0\0\0\0\0 \357\0\0\0\0\0\0\24\0\0\0\0\0\0\0\0\0\0\0\0\0\0\0\4\0\0\0\0\0\0\0\0\0\0\0\0\0\0\0", 64) = 64
31461 lseek(3, 131295, SEEK_SET)        = 131295
31461 read(3, ".fini\0.rodata\0.gnu.warning.fgetln\0.gnu.warning.fgetwln\0.gnu.warning.MD5Data\0.gnu.warning.MD5End\0.gnu.warning.MD5File\0.gnu.warning.MD5FileChunk\0.gnu.warning.MD5Final\0.gnu.warning.MD5Init\0.gnu.warning.MD5Pad\0.gnu.warning.MD5Transform\0.gnu.warning.MD5Update\0.eh_frame_hdr\0.eh_frame\0.init_array\0.fini_array\0.dynamic\0.got\0.data\0.bss\0.gnu_debuglink\0", 343) = 343
31461 lseek(3, 131295, SEEK_SET)        = 131295
31461 read(3, ".fini\0", 6)             = 6
31461 lseek(3, 132536, SEEK_SET)        = 132536
31461 read(3, "\211\0\0\0\1\0\0\0\2\0\0\0\0\0\0\0@\357\0\0\0\0\0\0@\357\0\0\0\0\0\0h\n\0\0\0\0\0\0\0\0\0\0\0\0\0\0\20\0\0\0\0\0\0\0\0\0\0\0\0\0\0\0", 64) = 64
31461 lseek(3, 131301, SEEK_SET)        = 131301
31461 read(3, ".rodata\0.gnu.warning.fgetln\0.gnu.warning.fgetwln\0.gnu.warning.MD5Data\0.gnu.warning.MD5End\0.gnu.warning.MD5File\0.gnu.warning.MD5FileChunk\0.gnu.warning.MD5Final\0.gnu.warning.MD5Init\0.gnu.warning.MD5Pad\0.gnu.warning.MD5Transform\0.gnu.warning.MD5Update\0.eh_frame_hdr\0.eh_frame\0.init_array\0.fini_array\0.dynamic\0.got\0.data\0.bss\0.gnu_debuglink\0", 337) = 337
31461 lseek(3, 131301, SEEK_SET)        = 131301
31461 read(3, ".rodata\0", 8)           = 8
31461 lseek(3, 132600, SEEK_SET)        = 132600
31461 read(3, "\221\0\0\0\1\0\0\0\2\0\0\0\0\0\0\0\250\371\0\0\0\0\0\0\250\371\0\0\0\0\0\0s\0\0\0\0\0\0\0\0\0\0\0\0\0\0\0\10\0\0\0\0\0\0\0\0\0\0\0\0\0\0\0", 64) = 64
31461 lseek(3, 131309, SEEK_SET)        = 131309
31461 read(3, ".gnu.warning.fgetln\0.gnu.warning.fgetwln\0.gnu.warning.MD5Data\0.gnu.warning.MD5End\0.gnu.warning.MD5File\0.gnu.warning.MD5FileChunk\0.gnu.warning.MD5Final\0.gnu.warning.MD5Init\0.gnu.warning.MD5Pad\0.gnu.warning.MD5Transform\0.gnu.warning.MD5Update\0.eh_frame_hdr\0.eh_frame\0.init_array\0.fini_array\0.dynamic\0.got\0.data\0.bss\0.gnu_debuglink\0", 329) = 329
31461 lseek(3, 131309, SEEK_SET)        = 131309
31461 read(3, ".gnu.warning.fgetln\0", 20) = 20
31461 lseek(3, 132664, SEEK_SET)        = 132664
31461 read(3, "\245\0\0\0\1\0\0\0\2\0\0\0\0\0\0\0 \372\0\0\0\0\0\0 \372\0\0\0\0\0\0s\0\0\0\0\0\0\0\0\0\0\0\0\0\0\0\10\0\0\0\0\0\0\0\0\0\0\0\0\0\0\0", 64) = 64
31461 lseek(3, 131329, SEEK_SET)        = 131329
31461 read(3, ".gnu.warning.fgetwln\0.gnu.warning.MD5Data\0.gnu.warning.MD5End\0.gnu.warning.MD5File\0.gnu.warning.MD5FileChunk\0.gnu.warning.MD5Final\0.gnu.warning.MD5Init\0.gnu.warning.MD5Pad\0.gnu.warning.MD5Transform\0.gnu.warning.MD5Update\0.eh_frame_hdr\0.eh_frame\0.init_array\0.fini_array\0.dynamic\0.got\0.data\0.bss\0.gnu_debuglink\0", 309) = 309
31461 lseek(3, 131329, SEEK_SET)        = 131329
31461 read(3, ".gnu.warning.fgetwln\0", 21) = 21
31461 lseek(3, 132728, SEEK_SET)        = 132728
31461 read(3, "\272\0\0\0\1\0\0\0\2\0\0\0\0\0\0\0\230\372\0\0\0\0\0\0\230\372\0\0\0\0\0\0M\0\0\0\0\0\0\0\0\0\0\0\0\0\0\0\10\0\0\0\0\0\0\0\0\0\0\0\0\0\0\0", 64) = 64
31461 lseek(3, 131350, SEEK_SET)        = 131350
31461 read(3, ".gnu.warning.MD5Data\0.gnu.warning.MD5End\0.gnu.warning.MD5File\0.gnu.warning.MD5FileChunk\0.gnu.warning.MD5Final\0.gnu.warning.MD5Init\0.gnu.warning.MD5Pad\0.gnu.warning.MD5Transform\0.gnu.warning.MD5Update\0.eh_frame_hdr\0.eh_frame\0.init_array\0.fini_array\0.dynamic\0.got\0.data\0.bss\0.gnu_debuglink\0", 288) = 288
31461 lseek(3, 131350, SEEK_SET)        = 131350
31461 read(3, ".gnu.warning.MD5Data\0", 21) = 21
31461 lseek(3, 132792, SEEK_SET)        = 132792
31461 read(3, "\317\0\0\0\1\0\0\0\2\0\0\0\0\0\0\0\350\372\0\0\0\0\0\0\350\372\0\0\0\0\0\0L\0\0\0\0\0\0\0\0\0\0\0\0\0\0\0\10\0\0\0\0\0\0\0\0\0\0\0\0\0\0\0", 64) = 64
31461 lseek(3, 131371, SEEK_SET)        = 131371
31461 read(3, ".gnu.warning.MD5End\0.gnu.warning.MD5File\0.gnu.warning.MD5FileChunk\0.gnu.warning.MD5Final\0.gnu.warning.MD5Init\0.gnu.warning.MD5Pad\0.gnu.warning.MD5Transform\0.gnu.warning.MD5Update\0.eh_frame_hdr\0.eh_frame\0.init_array\0.fini_array\0.dynamic\0.got\0.data\0.bss\0.gnu_debuglink\0", 267) = 267
31461 lseek(3, 131371, SEEK_SET)        = 131371
31461 read(3, ".gnu.warning.MD5End\0", 20) = 20
31461 lseek(3, 132856, SEEK_SET)        = 132856
31461 read(3, "\343\0\0\0\1\0\0\0\2\0\0\0\0\0\0\08\373\0\0\0\0\0\08\373\0\0\0\0\0\0M\0\0\0\0\0\0\0\0\0\0\0\0\0\0\0\10\0\0\0\0\0\0\0\0\0\0\0\0\0\0\0", 64) = 64
31461 lseek(3, 131391, SEEK_SET)        = 131391
31461 read(3, ".gnu.warning.MD5File\0.gnu.warning.MD5FileChunk\0.gnu.warning.MD5Final\0.gnu.warning.MD5Init\0.gnu.warning.MD5Pad\0.gnu.warning.MD5Transform\0.gnu.warning.MD5Update\0.eh_frame_hdr\0.eh_frame\0.init_array\0.fini_array\0.dynamic\0.got\0.data\0.bss\0.gnu_debuglink\0", 247) = 247
31461 lseek(3, 131391, SEEK_SET)        = 131391
31461 read(3, ".gnu.warning.MD5File\0", 21) = 21
31461 lseek(3, 132920, SEEK_SET)        = 132920
31461 read(3, "\370\0\0\0\1\0\0\0\2\0\0\0\0\0\0\0\210\373\0\0\0\0\0\0\210\373\0\0\0\0\0\0R\0\0\0\0\0\0\0\0\0\0\0\0\0\0\0\10\0\0\0\0\0\0\0\0\0\0\0\0\0\0\0", 64) = 64
31461 lseek(3, 131412, SEEK_SET)        = 131412
31461 read(3, ".gnu.warning.MD5FileChunk\0.gnu.warning.MD5Final\0.gnu.warning.MD5Init\0.gnu.warning.MD5Pad\0.gnu.warning.MD5Transform\0.gnu.warning.MD5Update\0.eh_frame_hdr\0.eh_frame\0.init_array\0.fini_array\0.dynamic\0.got\0.data\0.bss\0.gnu_debuglink\0", 226) = 226
31461 lseek(3, 131412, SEEK_SET)        = 131412
31461 read(3, ".gnu.warning.MD5FileChunk\0", 26) = 26
31461 lseek(3, 132984, SEEK_SET)        = 132984
31461 read(3, "\22\1\0\0\1\0\0\0\2\0\0\0\0\0\0\0\340\373\0\0\0\0\0\0\340\373\0\0\0\0\0\0N\0\0\0\0\0\0\0\0\0\0\0\0\0\0\0\10\0\0\0\0\0\0\0\0\0\0\0\0\0\0\0", 64) = 64
31461 lseek(3, 131438, SEEK_SET)        = 131438
31461 read(3, ".gnu.warning.MD5Final\0.gnu.warning.MD5Init\0.gnu.warning.MD5Pad\0.gnu.warning.MD5Transform\0.gnu.warning.MD5Update\0.eh_frame_hdr\0.eh_frame\0.init_array\0.fini_array\0.dynamic\0.got\0.data\0.bss\0.gnu_debuglink\0", 200) = 200
31461 lseek(3, 131438, SEEK_SET)        = 131438
31461 read(3, ".gnu.warning.MD5Final\0", 22) = 22
31461 lseek(3, 133048, SEEK_SET)        = 133048
31461 read(3, "(\1\0\0\1\0\0\0\2\0\0\0\0\0\0\0000\374\0\0\0\0\0\0000\374\0\0\0\0\0\0M\0\0\0\0\0\0\0\0\0\0\0\0\0\0\0\10\0\0\0\0\0\0\0\0\0\0\0\0\0\0\0", 64) = 64
31461 lseek(3, 131460, SEEK_SET)        = 131460
31461 read(3, ".gnu.warning.MD5Init\0.gnu.warning.MD5Pad\0.gnu.warning.MD5Transform\0.gnu.warning.MD5Update\0.eh_frame_hdr\0.eh_frame\0.init_array\0.fini_array\0.dynamic\0.got\0.data\0.bss\0.gnu_debuglink\0", 178) = 178
31461 lseek(3, 131460, SEEK_SET)        = 131460
31461 read(3, ".gnu.warning.MD5Init\0", 21) = 21
31461 lseek(3, 133112, SEEK_SET)        = 133112
31461 read(3, "=\1\0\0\1\0\0\0\2\0\0\0\0\0\0\0\200\374\0\0\0\0\0\0\200\374\0\0\0\0\0\0L\0\0\0\0\0\0\0\0\0\0\0\0\0\0\0\10\0\0\0\0\0\0\0\0\0\0\0\0\0\0\0", 64) = 64
31461 lseek(3, 131481, SEEK_SET)        = 131481
31461 read(3, ".gnu.warning.MD5Pad\0.gnu.warning.MD5Transform\0.gnu.warning.MD5Update\0.eh_frame_hdr\0.eh_frame\0.init_array\0.fini_array\0.dynamic\0.got\0.data\0.bss\0.gnu_debuglink\0", 157) = 157
31461 lseek(3, 131481, SEEK_SET)        = 131481
31461 read(3, ".gnu.warning.MD5Pad\0", 20) = 20
31461 lseek(3, 133176, SEEK_SET)        = 133176
31461 read(3, "Q\1\0\0\1\0\0\0\2\0\0\0\0\0\0\0\320\374\0\0\0\0\0\0\320\374\0\0\0\0\0\0R\0\0\0\0\0\0\0\0\0\0\0\0\0\0\0\10\0\0\0\0\0\0\0\0\0\0\0\0\0\0\0", 64) = 64
31461 lseek(3, 131501, SEEK_SET)        = 131501
31461 read(3, ".gnu.warning.MD5Transform\0.gnu.warning.MD5Update\0.eh_frame_hdr\0.eh_frame\0.init_array\0.fini_array\0.dynamic\0.got\0.data\0.bss\0.gnu_debuglink\0", 137) = 137
31461 lseek(3, 131501, SEEK_SET)        = 131501
31461 read(3, ".gnu.warning.MD5Transform\0", 26) = 26
31461 lseek(3, 133240, SEEK_SET)        = 133240
31461 read(3, "k\1\0\0\1\0\0\0\2\0\0\0\0\0\0\0(\375\0\0\0\0\0\0(\375\0\0\0\0\0\0O\0\0\0\0\0\0\0\0\0\0\0\0\0\0\0\10\0\0\0\0\0\0\0\0\0\0\0\0\0\0\0", 64) = 64
31461 lseek(3, 131527, SEEK_SET)        = 131527
31461 read(3, ".gnu.warning.MD5Update\0.eh_frame_hdr\0.eh_frame\0.init_array\0.fini_array\0.dynamic\0.got\0.data\0.bss\0.gnu_debuglink\0", 111) = 111
31461 lseek(3, 131527, SEEK_SET)        = 131527
31461 read(3, ".gnu.warning.MD5Update\0", 23) = 23
31461 lseek(3, 133304, SEEK_SET)        = 133304
31461 read(3, "\202\1\0\0\1\0\0\0\2\0\0\0\0\0\0\0x\375\0\0\0\0\0\0x\375\0\0\0\0\0\0\\\4\0\0\0\0\0\0\0\0\0\0\0\0\0\0\4\0\0\0\0\0\0\0\0\0\0\0\0\0\0\0", 64) = 64
31461 lseek(3, 131550, SEEK_SET)        = 131550
31461 read(3, ".eh_frame_hdr\0.eh_frame\0.init_array\0.fini_array\0.dynamic\0.got\0.data\0.bss\0.gnu_debuglink\0", 88) = 88
31461 lseek(3, 131550, SEEK_SET)        = 131550
31461 read(3, ".eh_frame_hdr\0", 14)    = 14
31461 lseek(3, 133368, SEEK_SET)        = 133368
31461 read(3, "\220\1\0\0\1\0\0\0\2\0\0\0\0\0\0\0\330\1\1\0\0\0\0\0\330\1\1\0\0\0\0\0\250\35\0\0\0\0\0\0\0\0\0\0\0\0\0\0\10\0\0\0\0\0\0\0\0\0\0\0\0\0\0\0", 64) = 64
31461 lseek(3, 131564, SEEK_SET)        = 131564
31461 read(3, ".eh_frame\0.init_array\0.fini_array\0.dynamic\0.got\0.data\0.bss\0.gnu_debuglink\0", 74) = 74
31461 lseek(3, 131564, SEEK_SET)        = 131564
31461 read(3, ".eh_frame\0", 10)        = 10
31461 lseek(3, 133432, SEEK_SET)        = 133432
31461 read(3, "\232\1\0\0\16\0\0\0\3\0\0\0\0\0\0\0\260\370\2\0\0\0\0\0\260\370\1\0\0\0\0\0\10\0\0\0\0\0\0\0\0\0\0\0\0\0\0\0\10\0\0\0\0\0\0\0\10\0\0\0\0\0\0\0", 64) = 64
31461 lseek(3, 133496, SEEK_SET)        = 133496
31461 read(3, "\246\1\0\0\17\0\0\0\3\0\0\0\0\0\0\0\270\370\2\0\0\0\0\0\270\370\1\0\0\0\0\0\10\0\0\0\0\0\0\0\0\0\0\0\0\0\0\0\10\0\0\0\0\0\0\0\10\0\0\0\0\0\0\0", 64) = 64
31461 lseek(3, 133560, SEEK_SET)        = 133560
31461 read(3, "\262\1\0\0\6\0\0\0\3\0\0\0\0\0\0\0\300\370\2\0\0\0\0\0\300\370\1\0\0\0\0\0000\2\0\0\0\0\0\0\4\0\0\0\0\0\0\0\10\0\0\0\0\0\0\0\20\0\0\0\0\0\0\0", 64) = 64
31461 lseek(3, 133624, SEEK_SET)        = 133624
31461 read(3, "\273\1\0\0\1\0\0\0\3\0\0\0\0\0\0\0\360\372\2\0\0\0\0\0\360\372\1\0\0\0\0\0\20\5\0\0\0\0\0\0\0\0\0\0\0\0\0\0\10\0\0\0\0\0\0\0\10\0\0\0\0\0\0\0", 64) = 64
31461 lseek(3, 131607, SEEK_SET)        = 131607
31461 read(3, ".got\0.data\0.bss\0.gnu_debuglink\0", 31) = 31
31461 lseek(3, 131607, SEEK_SET)        = 131607
31461 read(3, ".got\0", 5)              = 5
31461 lseek(3, 133688, SEEK_SET)        = 133688
31461 read(3, "\300\1\0\0\1\0\0\0\3\0\0\0\0\0\0\0\0\0\3\0\0\0\0\0\0\0\2\0\0\0\0\0(\0\0\0\0\0\0\0\0\0\0\0\0\0\0\0\10\0\0\0\0\0\0\0\0\0\0\0\0\0\0\0", 64) = 64
31461 lseek(3, 131612, SEEK_SET)        = 131612
31461 read(3, ".data\0.bss\0.gnu_debuglink\0", 26) = 26
31461 lseek(3, 131612, SEEK_SET)        = 131612
31461 read(3, ".data\0", 6)             = 6
31461 lseek(3, 133752, SEEK_SET)        = 133752
31461 read(3, "\306\1\0\0\10\0\0\0\3\0\0\0\0\0\0\0000\0\3\0\0\0\0\0(\0\2\0\0\0\0\0(\20\0\0\0\0\0\0\0\0\0\0\0\0\0\0\20\0\0\0\0\0\0\0\0\0\0\0\0\0\0\0", 64) = 64
31461 lseek(3, 133816, SEEK_SET)        = 133816
31461 read(3, "\313\1\0\0\1\0\0\0\0\0\0\0\0\0\0\0\0\0\0\0\0\0\0\0(\0\2\0\0\0\0\0004\0\0\0\0\0\0\0\0\0\0\0\0\0\0\0\4\0\0\0\0\0\0\0\0\0\0\0\0\0\0\0", 64) = 64
31461 lseek(3, 131623, SEEK_SET)        = 131623
31461 read(3, ".gnu_debuglink\0", 15)   = 15
31461 lseek(3, 131623, SEEK_SET)        = 131623
31461 read(3, ".gnu_debuglink\0", 15)   = 15
31461 lseek(3, 131112, SEEK_SET)        = 131112
31461 read(3, "a9af217559681de324faab9a49b2c15db09dcc.debug\0\0\0\0", 48) = 48
31461 read(3, "oX\16F", 4)              = 4
31461 rt_sigprocmask(SIG_SETMASK, ~[RTMIN RT_1], [], 8) = 0
31461 rt_sigprocmask(SIG_SETMASK, [], NULL, 8) = 0
31461 close(3)                          = 0
31461 rt_sigprocmask(SIG_SETMASK, ~[RTMIN RT_1], [], 8) = 0
31461 rt_sigprocmask(SIG_SETMASK, [], NULL, 8) = 0
31461 readlinkat(AT_FDCWD, "/lib", "usr/lib", 1023) = 7
31461 readlinkat(AT_FDCWD, "/usr", 0x7fc472b6c0, 1023) = -1 EINVAL (Invalid argument)
31461 readlinkat(AT_FDCWD, "/usr/lib", 0x7fc472b6c0, 1023) = -1 EINVAL (Invalid argument)
31461 readlinkat(AT_FDCWD, "/usr/lib/aarch64-linux-gnu", 0x7fc472b6c0, 1023) = -1 EINVAL (Invalid argument)
31461 readlinkat(AT_FDCWD, "/usr/lib/aarch64-linux-gnu/libmd.so.0", "libmd.so.0.0.5", 1023) = 14
31461 readlinkat(AT_FDCWD, "/usr/lib/aarch64-linux-gnu/libmd.so.0.0.5", 0x7fc472b6c0, 1023) = -1 EINVAL (Invalid argument)
31461 rt_sigprocmask(SIG_SETMASK, ~[RTMIN RT_1], [], 8) = 0
31461 rt_sigprocmask(SIG_SETMASK, [], NULL, 8) = 0
31461 openat(AT_FDCWD, "/usr/lib/aarch64-linux-gnu/libmd.so.0.0.5", O_RDONLY|O_CLOEXEC) = 3
31461 rt_sigprocmask(SIG_SETMASK, ~[RTMIN RT_1], [], 8) = 0
31461 rt_sigprocmask(SIG_SETMASK, [], NULL, 8) = 0
31461 read(3, "\177ELF\2\1\1\0\0\0\0\0\0\0\0\0", 16) = 16
31461 lseek(3, 0, SEEK_SET)             = 0
31461 read(3, "\177ELF\2\1\1\0\0\0\0\0\0\0\0\0\3\0\267\0\1\0\0\0\0\0\0\0\0\0\0\0@\0\0\0\0\0\0\0\370\1\1\0\0\0\0\0\0\0\0\0@\08\0\7\0@\0\32\0\31\0", 64) = 64
31461 lseek(3, 67640, SEEK_SET)         = 67640
31461 read(3, "\1\0\0\0\3\0\0\0\0\0\0\0\0\0\0\0\0\0\0\0\0\0\0\0\374\0\1\0\0\0\0\0\366\0\0\0\0\0\0\0\0\0\0\0\0\0\0\0\1\0\0\0\0\0\0\0\0\0\0\0\0\0\0\0", 64) = 64
31461 lseek(3, 64, SEEK_SET)            = 64
31461 read(3, "\1\0\0\0\5\0\0\0\0\0\0\0\0\0\0\0\0\0\0\0\0\0\0\0\0\0\0\0\0\0\0\0|\232\0\0\0\0\0\0|\232\0\0\0\0\0\0\0\0\1\0\0\0\0\0", 56) = 56
31461 lseek(3, 120, SEEK_SET)           = 120
31461 read(3, "\1\0\0\0\6\0\0\0\360\372\0\0\0\0\0\0\360\372\1\0\0\0\0\0\360\372\1\0\0\0\0\0\330\5\0\0\0\0\0\0\340\5\0\0\0\0\0\0\0\0\1\0\0\0\0\0", 56) = 56
31461 lseek(3, 176, SEEK_SET)           = 176
31461 read(3, "\2\0\0\0\6\0\0\0\210\373\0\0\0\0\0\0\210\373\1\0\0\0\0\0\210\373\1\0\0\0\0\0 \2\0\0\0\0\0\0 \2\0\0\0\0\0\0\10\0\0\0\0\0\0\0", 56) = 56
31461 lseek(3, 232, SEEK_SET)           = 232
31461 read(3, "\4\0\0\0\4\0\0\0\310\1\0\0\0\0\0\0\310\1\0\0\0\0\0\0\310\1\0\0\0\0\0\0$\0\0\0\0\0\0\0$\0\0\0\0\0\0\0\4\0\0\0\0\0\0\0", 56) = 56
31461 lseek(3, 288, SEEK_SET)           = 288
31461 read(3, "P\345td\4\0\0\0\354\213\0\0\0\0\0\0\354\213\0\0\0\0\0\0\354\213\0\0\0\0\0\0L\2\0\0\0\0\0\0L\2\0\0\0\0\0\0\4\0\0\0\0\0\0\0", 56) = 56
31461 lseek(3, 344, SEEK_SET)           = 344
31461 read(3, "Q\345td\6\0\0\0\0\0\0\0\0\0\0\0\0\0\0\0\0\0\0\0\0\0\0\0\0\0\0\0\0\0\0\0\0\0\0\0\0\0\0\0\0\0\0\0\20\0\0\0\0\0\0\0", 56) = 56
31461 lseek(3, 400, SEEK_SET)           = 400
31461 read(3, "R\345td\4\0\0\0\360\372\0\0\0\0\0\0\360\372\1\0\0\0\0\0\360\372\1\0\0\0\0\0\20\5\0\0\0\0\0\0\20\5\0\0\0\0\0\0\1\0\0\0\0\0\0\0", 56) = 56
31461 lseek(3, 64, SEEK_SET)            = 64
31461 read(3, "\1\0\0\0\5\0\0\0\0\0\0\0\0\0\0\0\0\0\0\0\0\0\0\0\0\0\0\0\0\0\0\0|\232\0\0\0\0\0\0|\232\0\0\0\0\0\0\0\0\1\0\0\0\0\0", 56) = 56
31461 lseek(3, 120, SEEK_SET)           = 120
31461 read(3, "\1\0\0\0\6\0\0\0\360\372\0\0\0\0\0\0\360\372\1\0\0\0\0\0\360\372\1\0\0\0\0\0\330\5\0\0\0\0\0\0\340\5\0\0\0\0\0\0\0\0\1\0\0\0\0\0", 56) = 56
31461 lseek(3, 176, SEEK_SET)           = 176
31461 read(3, "\2\0\0\0\6\0\0\0\210\373\0\0\0\0\0\0\210\373\1\0\0\0\0\0\210\373\1\0\0\0\0\0 \2\0\0\0\0\0\0 \2\0\0\0\0\0\0\10\0\0\0\0\0\0\0", 56) = 56
31461 lseek(3, 232, SEEK_SET)           = 232
31461 read(3, "\4\0\0\0\4\0\0\0\310\1\0\0\0\0\0\0\310\1\0\0\0\0\0\0\310\1\0\0\0\0\0\0$\0\0\0\0\0\0\0$\0\0\0\0\0\0\0\4\0\0\0\0\0\0\0", 56) = 56
31461 lseek(3, 456, SEEK_SET)           = 456
31461 read(3, "\4\0\0\0\24\0\0\0\3\0\0\0", 12) = 12
31461 lseek(3, 472, SEEK_SET)           = 472
31461 read(3, "@\375\3\225*X@\255\313\256\220\232D\33\250\206\202\3263\332", 20) = 20
31461 lseek(3, 66040, SEEK_SET)         = 66040
31461 read(3, "\0\0\0\0\0\0\0\0\0\0\0\0\0\0\0\0\0\0\0\0\0\0\0\0\0\0\0\0\0\0\0\0\0\0\0\0\0\0\0\0\0\0\0\0\0\0\0\0\0\0\0\0\0\0\0\0\0\0\0\0\0\0\0\0", 64) = 64
31461 lseek(3, 66104, SEEK_SET)         = 66104
31461 read(3, "\v\0\0\0\7\0\0\0\2\0\0\0\0\0\0\0\310\1\0\0\0\0\0\0\310\1\0\0\0\0\0\0$\0\0\0\0\0\0\0\0\0\0\0\0\0\0\0\4\0\0\0\0\0\0\0\0\0\0\0\0\0\0\0", 64) = 64
31461 lseek(3, 66168, SEEK_SET)         = 66168
31461 read(3, "\36\0\0\0\366\377\377o\2\0\0\0\0\0\0\0\360\1\0\0\0\0\0\0\360\1\0\0\0\0\0\0|\2\0\0\0\0\0\0\3\0\0\0\0\0\0\0\10\0\0\0\0\0\0\0\0\0\0\0\0\0\0\0", 64) = 64
31461 lseek(3, 66232, SEEK_SET)         = 66232
31461 read(3, "(\0\0\0\v\0\0\0\2\0\0\0\0\0\0\0p\4\0\0\0\0\0\0p\4\0\0\0\0\0\0p\10\0\0\0\0\0\0\4\0\0\0\3\0\0\0\10\0\0\0\0\0\0\0\30\0\0\0\0\0\0\0", 64) = 64
31461 lseek(3, 66296, SEEK_SET)         = 66296
31461 read(3, "0\0\0\0\3\0\0\0\2\0\0\0\0\0\0\0\340\f\0\0\0\0\0\0\340\f\0\0\0\0\0\0\21\4\0\0\0\0\0\0\0\0\0\0\0\0\0\0\1\0\0\0\0\0\0\0\0\0\0\0\0\0\0\0", 64) = 64
31461 lseek(3, 66360, SEEK_SET)         = 66360
31461 read(3, "8\0\0\0\377\377\377o\2\0\0\0\0\0\0\0\362\20\0\0\0\0\0\0\362\20\0\0\0\0\0\0\264\0\0\0\0\0\0\0\3\0\0\0\0\0\0\0\2\0\0\0\0\0\0\0\2\0\0\0\0\0\0\0", 64) = 64
31461 lseek(3, 66424, SEEK_SET)         = 66424
31461 read(3, "E\0\0\0\375\377\377o\2\0\0\0\0\0\0\0\250\21\0\0\0\0\0\0\250\21\0\0\0\0\0\08\0\0\0\0\0\0\0\4\0\0\0\2\0\0\0\10\0\0\0\0\0\0\0\0\0\0\0\0\0\0\0", 64) = 64
31461 lseek(3, 66488, SEEK_SET)         = 66488
31461 read(3, "T\0\0\0\376\377\377o\2\0\0\0\0\0\0\0\340\21\0\0\0\0\0\0\340\21\0\0\0\0\0\0P\0\0\0\0\0\0\0\4\0\0\0\2\0\0\0\10\0\0\0\0\0\0\0\0\0\0\0\0\0\0\0", 64) = 64
31461 lseek(3, 66552, SEEK_SET)         = 66552
31461 read(3, "c\0\0\0\4\0\0\0\2\0\0\0\0\0\0\0000\22\0\0\0\0\0\0000\22\0\0\0\0\0\0X\2\0\0\0\0\0\0\3\0\0\0\0\0\0\0\10\0\0\0\0\0\0\0\30\0\0\0\0\0\0\0", 64) = 64
31461 lseek(3, 66616, SEEK_SET)         = 66616
31461 read(3, "m\0\0\0\4\0\0\0B\0\0\0\0\0\0\0\210\24\0\0\0\0\0\0\210\24\0\0\0\0\0\0000\6\0\0\0\0\0\0\3\0\0\0\25\0\0\0\10\0\0\0\0\0\0\0\30\0\0\0\0\0\0\0", 64) = 64
31461 lseek(3, 66680, SEEK_SET)         = 66680
31461 read(3, "w\0\0\0\1\0\0\0\6\0\0\0\0\0\0\0\270\32\0\0\0\0\0\0\270\32\0\0\0\0\0\0\30\0\0\0\0\0\0\0\0\0\0\0\0\0\0\0\4\0\0\0\0\0\0\0\0\0\0\0\0\0\0\0", 64) = 64
31461 lseek(3, 65907, SEEK_SET)         = 65907
31461 read(3, ".init\0.text\0.fini\0.rodata\0.eh_frame_hdr\0.eh_frame\0.init_array\0.fini_array\0.data.rel.ro\0.dynamic\0.got\0.data\0.bss\0.gnu_debuglink\0", 127) = 127
31461 lseek(3, 65907, SEEK_SET)         = 65907
31461 read(3, ".init\0", 6)             = 6
31461 lseek(3, 66744, SEEK_SET)         = 66744
31461 read(3, "r\0\0\0\1\0\0\0\6\0\0\0\0\0\0\0\320\32\0\0\0\0\0\0\320\32\0\0\0\0\0\0@\4\0\0\0\0\0\0\0\0\0\0\0\0\0\0\20\0\0\0\0\0\0\0\0\0\0\0\0\0\0\0", 64) = 64
31461 lseek(3, 65902, SEEK_SET)         = 65902
31461 read(3, ".plt\0.init\0.text\0.fini\0.rodata\0.eh_frame_hdr\0.eh_frame\0.init_array\0.fini_array\0.data.rel.ro\0.dynamic\0.got\0.data\0.bss\0.gnu_debuglink\0", 132) = 132
31461 lseek(3, 65902, SEEK_SET)         = 65902
31461 read(3, ".plt\0", 5)              = 5
31461 lseek(3, 66808, SEEK_SET)         = 66808
31461 read(3, "}\0\0\0\1\0\0\0\6\0\0\0\0\0\0\0\20\37\0\0\0\0\0\0\20\37\0\0\0\0\0\0\10f\0\0\0\0\0\0\0\0\0\0\0\0\0\0\20\0\0\0\0\0\0\0\0\0\0\0\0\0\0\0", 64) = 64
31461 lseek(3, 65913, SEEK_SET)         = 65913
31461 read(3, ".text\0.fini\0.rodata\0.eh_frame_hdr\0.eh_frame\0.init_array\0.fini_array\0.data.rel.ro\0.dynamic\0.got\0.data\0.bss\0.gnu_debuglink\0", 121) = 121
31461 lseek(3, 65913, SEEK_SET)         = 65913
31461 read(3, ".text\0", 6)             = 6
31461 lseek(3, 66872, SEEK_SET)         = 66872
31461 read(3, "\203\0\0\0\1\0\0\0\6\0\0\0\0\0\0\0\30\205\0\0\0\0\0\0\30\205\0\0\0\0\0\0\24\0\0\0\0\0\0\0\0\0\0\0\0\0\0\0\4\0\0\0\0\0\0\0\0\0\0\0\0\0\0\0", 64) = 64
31461 lseek(3, 65919, SEEK_SET)         = 65919
31461 read(3, ".fini\0.rodata\0.eh_frame_hdr\0.eh_frame\0.init_array\0.fini_array\0.data.rel.ro\0.dynamic\0.got\0.data\0.bss\0.gnu_debuglink\0", 115) = 115
31461 lseek(3, 65919, SEEK_SET)         = 65919
31461 read(3, ".fini\0", 6)             = 6
31461 lseek(3, 66936, SEEK_SET)         = 66936
31461 read(3, "\211\0\0\0\1\0\0\0\2\0\0\0\0\0\0\0000\205\0\0\0\0\0\0000\205\0\0\0\0\0\0\271\6\0\0\0\0\0\0\0\0\0\0\0\0\0\0\10\0\0\0\0\0\0\0\0\0\0\0\0\0\0\0", 64) = 64
31461 lseek(3, 65925, SEEK_SET)         = 65925
31461 read(3, ".rodata\0.eh_frame_hdr\0.eh_frame\0.init_array\0.fini_array\0.data.rel.ro\0.dynamic\0.got\0.data\0.bss\0.gnu_debuglink\0", 109) = 109
31461 lseek(3, 65925, SEEK_SET)         = 65925
31461 read(3, ".rodata\0", 8)           = 8
31461 lseek(3, 67000, SEEK_SET)         = 67000
31461 read(3, "\221\0\0\0\1\0\0\0\2\0\0\0\0\0\0\0\354\213\0\0\0\0\0\0\354\213\0\0\0\0\0\0L\2\0\0\0\0\0\0\0\0\0\0\0\0\0\0\4\0\0\0\0\0\0\0\0\0\0\0\0\0\0\0", 64) = 64
31461 lseek(3, 65933, SEEK_SET)         = 65933
31461 read(3, ".eh_frame_hdr\0.eh_frame\0.init_array\0.fini_array\0.data.rel.ro\0.dynamic\0.got\0.data\0.bss\0.gnu_debuglink\0", 101) = 101
31461 lseek(3, 65933, SEEK_SET)         = 65933
31461 read(3, ".eh_frame_hdr\0", 14)    = 14
31461 lseek(3, 67064, SEEK_SET)         = 67064
31461 read(3, "\237\0\0\0\1\0\0\0\2\0\0\0\0\0\0\08\216\0\0\0\0\0\08\216\0\0\0\0\0\0D\f\0\0\0\0\0\0\0\0\0\0\0\0\0\0\10\0\0\0\0\0\0\0\0\0\0\0\0\0\0\0", 64) = 64
31461 lseek(3, 65947, SEEK_SET)         = 65947
31461 read(3, ".eh_frame\0.init_array\0.fini_array\0.data.rel.ro\0.dynamic\0.got\0.data\0.bss\0.gnu_debuglink\0", 87) = 87
31461 lseek(3, 65947, SEEK_SET)         = 65947
31461 read(3, ".eh_frame\0", 10)        = 10
31461 lseek(3, 67128, SEEK_SET)         = 67128
31461 read(3, "\251\0\0\0\16\0\0\0\3\0\0\0\0\0\0\0\360\372\1\0\0\0\0\0\360\372\0\0\0\0\0\0\10\0\0\0\0\0\0\0\0\0\0\0\0\0\0\0\10\0\0\0\0\0\0\0\10\0\0\0\0\0\0\0", 64) = 64
31461 lseek(3, 67192, SEEK_SET)         = 67192
31461 read(3, "\265\0\0\0\17\0\0\0\3\0\0\0\0\0\0\0\370\372\1\0\0\0\0\0\370\372\0\0\0\0\0\0\10\0\0\0\0\0\0\0\0\0\0\0\0\0\0\0\10\0\0\0\0\0\0\0\10\0\0\0\0\0\0\0", 64) = 64
31461 lseek(3, 67256, SEEK_SET)         = 67256
31461 read(3, "\301\0\0\0\1\0\0\0\3\0\0\0\0\0\0\0\0\373\1\0\0\0\0\0\0\373\0\0\0\0\0\0\210\0\0\0\0\0\0\0\0\0\0\0\0\0\0\0\10\0\0\0\0\0\0\0\0\0\0\0\0\0\0\0", 64) = 64
31461 lseek(3, 65981, SEEK_SET)         = 65981
31461 read(3, ".data.rel.ro\0.dynamic\0.got\0.data\0.bss\0.gnu_debuglink\0", 53) = 53
31461 lseek(3, 65981, SEEK_SET)         = 65981
31461 read(3, ".data.rel.ro\0", 13)     = 13
31461 lseek(3, 67320, SEEK_SET)         = 67320
31461 read(3, "\316\0\0\0\6\0\0\0\3\0\0\0\0\0\0\0\210\373\1\0\0\0\0\0\210\373\0\0\0\0\0\0 \2\0\0\0\0\0\0\4\0\0\0\0\0\0\0\10\0\0\0\0\0\0\0\20\0\0\0\0\0\0\0", 64) = 64
31461 lseek(3, 67384, SEEK_SET)         = 67384
31461 read(3, "\327\0\0\0\1\0\0\0\3\0\0\0\0\0\0\0\250\375\1\0\0\0\0\0\250\375\0\0\0\0\0\0X\2\0\0\0\0\0\0\0\0\0\0\0\0\0\0\10\0\0\0\0\0\0\0\10\0\0\0\0\0\0\0", 64) = 64
31461 lseek(3, 66003, SEEK_SET)         = 66003
31461 read(3, ".got\0.data\0.bss\0.gnu_debuglink\0", 31) = 31
31461 lseek(3, 66003, SEEK_SET)         = 66003
31461 read(3, ".got\0", 5)              = 5
31461 lseek(3, 67448, SEEK_SET)         = 67448
31461 read(3, "\334\0\0\0\1\0\0\0\3\0\0\0\0\0\0\0\0\0\2\0\0\0\0\0\0\0\1\0\0\0\0\0\310\0\0\0\0\0\0\0\0\0\0\0\0\0\0\0\10\0\0\0\0\0\0\0\0\0\0\0\0\0\0\0", 64) = 64
31461 lseek(3, 66008, SEEK_SET)         = 66008
31461 read(3, ".data\0.bss\0.gnu_debuglink\0", 26) = 26
31461 lseek(3, 66008, SEEK_SET)         = 66008
31461 read(3, ".data\0", 6)             = 6
31461 lseek(3, 67512, SEEK_SET)         = 67512
31461 read(3, "\342\0\0\0\10\0\0\0\3\0\0\0\0\0\0\0\310\0\2\0\0\0\0\0\310\0\1\0\0\0\0\0\10\0\0\0\0\0\0\0\0\0\0\0\0\0\0\0\1\0\0\0\0\0\0\0\0\0\0\0\0\0\0\0", 64) = 64
31461 lseek(3, 67576, SEEK_SET)         = 67576
31461 read(3, "\347\0\0\0\1\0\0\0\0\0\0\0\0\0\0\0\0\0\0\0\0\0\0\0\310\0\1\0\0\0\0\0004\0\0\0\0\0\0\0\0\0\0\0\0\0\0\0\4\0\0\0\0\0\0\0\0\0\0\0\0\0\0\0", 64) = 64
31461 lseek(3, 66019, SEEK_SET)         = 66019
31461 read(3, ".gnu_debuglink\0", 15)   = 15
31461 lseek(3, 66019, SEEK_SET)         = 66019
31461 read(3, ".gnu_debuglink\0", 15)   = 15
31461 lseek(3, 65736, SEEK_SET)         = 65736
31461 read(3, "fd03952a5840adcbae909a441ba88682d633da.debug\0\0\0\0", 48) = 48
31461 read(3, "\307\207*\5", 4)         = 4
31461 rt_sigprocmask(SIG_SETMASK, ~[RTMIN RT_1], [], 8) = 0
31461 rt_sigprocmask(SIG_SETMASK, [], NULL, 8) = 0
31461 close(3)                          = 0
31461 rt_sigprocmask(SIG_SETMASK, ~[RTMIN RT_1], [], 8) = 0
31461 rt_sigprocmask(SIG_SETMASK, [], NULL, 8) = 0
31461 rt_sigprocmask(SIG_SETMASK, ~[RTMIN RT_1], [], 8) = 0
31461 rt_sigprocmask(SIG_SETMASK, [], NULL, 8) = 0
31461 rt_sigprocmask(SIG_SETMASK, ~[RTMIN RT_1], [], 8) = 0
31461 rt_sigprocmask(SIG_SETMASK, [], NULL, 8) = 0
31461 openat(AT_FDCWD, "/dev/shm/lttng-ust-wait-8", O_RDONLY|O_NOFOLLOW|O_CLOEXEC) = 3
31461 read(3, "\0\0\0\0", 4)            = 4
31461 rt_sigprocmask(SIG_SETMASK, ~[RTMIN RT_1], [], 8) = 0
31461 rt_sigprocmask(SIG_SETMASK, [], NULL, 8) = 0
31461 mmap(NULL, 4096, PROT_READ, MAP_SHARED, 3, 0) = 0x7fb7c73000
31461 rt_sigprocmask(SIG_SETMASK, ~[RTMIN RT_1], [], 8) = 0
31461 rt_sigprocmask(SIG_SETMASK, [], NULL, 8) = 0
31461 close(3)                          = 0
31461 rt_sigprocmask(SIG_SETMASK, ~[RTMIN RT_1], [], 8) = 0
31461 rt_sigprocmask(SIG_SETMASK, [], NULL, 8) = 0
31461 prctl(PR_GET_NAME, "detector")    = 0
31461 getuid()                          = 1000
31461 geteuid()                         = 1000
31461 rt_sigprocmask(SIG_SETMASK, ~[RTMIN RT_1], [], 8) = 0
31461 rt_sigprocmask(SIG_SETMASK, [], NULL, 8) = 0
31461 openat(AT_FDCWD, "/dev/shm/lttng-ust-wait-8-1000", O_RDONLY|O_NOFOLLOW|O_CLOEXEC) = 3
31461 read(3, "\0\0\0\0", 4)            = 4
31461 newfstatat(3, "", {st_dev=makedev(0, 0x17), st_ino=8, st_mode=S_IFREG|0640, st_nlink=1, st_uid=1000, st_gid=1000, st_blksize=4096, st_blocks=8, st_size=4096, st_atime=1765431996 /* 2025-12-11T06:46:36.140018794+0100 */, st_atime_nsec=140018794, st_mtime=1765389348 /* 2025-12-10T18:55:48.543104660+0100 */, st_mtime_nsec=543104660, st_ctime=1765389348 /* 2025-12-10T18:55:48.543104660+0100 */, st_ctime_nsec=543104660}, AT_EMPTY_PATH) = 0
31461 getuid()                          = 1000
31461 rt_sigprocmask(SIG_SETMASK, ~[RTMIN RT_1], [], 8) = 0
31461 rt_sigprocmask(SIG_SETMASK, [], NULL, 8) = 0
31461 mmap(NULL, 4096, PROT_READ, MAP_SHARED, 3, 0) = 0x7fb7b2e000
31461 rt_sigprocmask(SIG_SETMASK, ~[RTMIN RT_1], [], 8) = 0
31461 rt_sigprocmask(SIG_SETMASK, [], NULL, 8) = 0
31461 close(3)                          = 0
31461 rt_sigprocmask(SIG_SETMASK, ~[RTMIN RT_1], [], 8) = 0
31461 rt_sigprocmask(SIG_SETMASK, [], NULL, 8) = 0
31461 prctl(PR_GET_NAME, "detector")    = 0
31461 rt_sigprocmask(SIG_SETMASK, ~[RTMIN RT_1], [], 8) = 0
31461 rt_sigaction(SIGRT_1, {sa_handler=0x7fb6bfc0a0, sa_mask=[], sa_flags=SA_ONSTACK|SA_RESTART|SA_SIGINFO}, NULL, 8) = 0
31461 rt_sigprocmask(SIG_UNBLOCK, [RTMIN RT_1], NULL, 8) = 0
31461 mmap(NULL, 8454144, PROT_NONE, MAP_PRIVATE|MAP_ANONYMOUS|MAP_STACK, -1, 0) = 0x7fb4840000
31461 mprotect(0x7fb4850000, 8388608, PROT_READ|PROT_WRITE) = 0
31461 rt_sigprocmask(SIG_BLOCK, ~[], ~[KILL STOP RTMIN RT_1], 8) = 0
31461 clone(child_stack=0x7fb504de40, flags=CLONE_VM|CLONE_FS|CLONE_FILES|CLONE_SIGHAND|CLONE_THREAD|CLONE_SYSVSEM|CLONE_SETTLS|CLONE_PARENT_SETTID|CLONE_CHILD_CLEARTID, parent_tid=[31462], tls=0x7fb504ecc0, child_tidptr=0x7fb504e650) = 31462
31462 rseq(0x7fb504eca0, 0x20, 0, 0xd428bc00 <unfinished ...>
31461 rt_sigprocmask(SIG_SETMASK, ~[KILL STOP RTMIN RT_1],  <unfinished ...>
31462 <... rseq resumed>)               = 0
31461 <... rt_sigprocmask resumed>NULL, 8) = 0
31462 set_robust_list(0x7fb504e660, 24 <unfinished ...>
31461 mmap(NULL, 8454144, PROT_NONE, MAP_PRIVATE|MAP_ANONYMOUS|MAP_STACK, -1, 0 <unfinished ...>
31462 <... set_robust_list resumed>)    = 0
31462 rt_sigprocmask(SIG_SETMASK, ~[KILL STOP RTMIN RT_1],  <unfinished ...>
31461 <... mmap resumed>)               = 0x7fb4030000
31462 <... rt_sigprocmask resumed>NULL, 8) = 0
31461 mprotect(0x7fb4040000, 8388608, PROT_READ|PROT_WRITE <unfinished ...>
31462 rt_sigprocmask(SIG_BLOCK, ~[RTMIN RT_1],  <unfinished ...>
31461 <... mprotect resumed>)           = 0
31462 <... rt_sigprocmask resumed>~[KILL STOP RTMIN RT_1], 8) = 0
31462 rt_sigprocmask(SIG_SETMASK, ~[KILL STOP RTMIN RT_1],  <unfinished ...>
31461 rt_sigprocmask(SIG_BLOCK, ~[],  <unfinished ...>
31462 <... rt_sigprocmask resumed>NULL, 8) = 0
31461 <... rt_sigprocmask resumed>~[KILL STOP RTMIN RT_1], 8) = 0
31462 prctl(PR_GET_NAME,  <unfinished ...>
31461 clone(child_stack=0x7fb483de40, flags=CLONE_VM|CLONE_FS|CLONE_FILES|CLONE_SIGHAND|CLONE_THREAD|CLONE_SYSVSEM|CLONE_SETTLS|CLONE_PARENT_SETTID|CLONE_CHILD_CLEARTID <unfinished ...>
31462 <... prctl resumed>"detector")    = 0
31462 prctl(PR_SET_NAME, "detector-ust") = 0
31461 <... clone resumed>, parent_tid=[31463], tls=0x7fb483ecc0, child_tidptr=0x7fb483e650) = 31463
31463 rseq(0x7fb483eca0, 0x20, 0, 0xd428bc00 <unfinished ...>
31462 rt_sigprocmask(SIG_SETMASK, ~[RTMIN RT_1],  <unfinished ...>
31463 <... rseq resumed>)               = 0
31461 rt_sigprocmask(SIG_SETMASK, ~[KILL STOP RTMIN RT_1],  <unfinished ...>
31463 set_robust_list(0x7fb483e660, 24 <unfinished ...>
31462 <... rt_sigprocmask resumed>~[KILL STOP RTMIN RT_1], 8) = 0
31463 <... set_robust_list resumed>)    = 0
31461 <... rt_sigprocmask resumed>NULL, 8) = 0
31463 rt_sigprocmask(SIG_SETMASK, ~[KILL STOP RTMIN RT_1],  <unfinished ...>
31462 rt_sigprocmask(SIG_SETMASK, ~[KILL STOP RTMIN RT_1],  <unfinished ...>
31463 <... rt_sigprocmask resumed>NULL, 8) = 0
31461 rt_sigprocmask(SIG_SETMASK, [],  <unfinished ...>
31462 <... rt_sigprocmask resumed>NULL, 8) = 0
31463 rt_sigprocmask(SIG_BLOCK, ~[RTMIN RT_1],  <unfinished ...>
31461 <... rt_sigprocmask resumed>NULL, 8) = 0
31463 <... rt_sigprocmask resumed>~[KILL STOP RTMIN RT_1], 8) = 0
31462 rt_sigprocmask(SIG_SETMASK, ~[RTMIN RT_1],  <unfinished ...>
31463 rt_sigprocmask(SIG_SETMASK, ~[KILL STOP RTMIN RT_1],  <unfinished ...>
31461 futex(0x7fb6745738, FUTEX_WAIT_BITSET_PRIVATE|FUTEX_CLOCK_REALTIME, 0, {tv_sec=1765431999, tv_nsec=146009034}, FUTEX_BITSET_MATCH_ANY <unfinished ...>
31463 <... rt_sigprocmask resumed>NULL, 8) = 0
31462 <... rt_sigprocmask resumed>~[KILL STOP RTMIN RT_1], 8) = 0
31463 prctl(PR_GET_NAME,  <unfinished ...>
31462 rt_sigprocmask(SIG_SETMASK, ~[KILL STOP RTMIN RT_1],  <unfinished ...>
31463 <... prctl resumed>"detector")    = 0
31462 <... rt_sigprocmask resumed>NULL, 8) = 0
31463 prctl(PR_SET_NAME, "detector-ust" <unfinished ...>
31462 socket(AF_UNIX, SOCK_STREAM|SOCK_CLOEXEC, 0 <unfinished ...>
31463 <... prctl resumed>)              = 0
31463 rt_sigprocmask(SIG_SETMASK, ~[RTMIN RT_1],  <unfinished ...>
31462 <... socket resumed>)             = 3
31463 <... rt_sigprocmask resumed>~[KILL STOP RTMIN RT_1], 8) = 0
31462 setsockopt(3, SOL_SOCKET, SO_SNDTIMEO_OLD, "\3\0\0\0\0\0\0\0\0\0\0\0\0\0\0\0", 16 <unfinished ...>
31463 futex(0x7fb6745760, FUTEX_WAIT_PRIVATE, 2, NULL <unfinished ...>
31462 <... setsockopt resumed>)         = 0
31462 connect(3, {sa_family=AF_UNIX, sun_path="/var/run/lttng/lttng-ust-sock-8"}, 110) = -1 ENOENT (No such file or directory)
31462 close(3)                          = 0
31462 rt_sigprocmask(SIG_SETMASK, ~[RTMIN RT_1], ~[KILL STOP RTMIN RT_1], 8) = 0
31462 rt_sigprocmask(SIG_SETMASK, ~[KILL STOP RTMIN RT_1], NULL, 8) = 0
31462 rt_sigprocmask(SIG_SETMASK, ~[RTMIN RT_1], ~[KILL STOP RTMIN RT_1], 8) = 0
31462 futex(0x7fb6745760, FUTEX_WAKE_PRIVATE, 1 <unfinished ...>
31463 <... futex resumed>)              = 0
31462 <... futex resumed>)              = 1
31463 rt_sigprocmask(SIG_SETMASK, ~[KILL STOP RTMIN RT_1],  <unfinished ...>
31462 rt_sigprocmask(SIG_SETMASK, ~[KILL STOP RTMIN RT_1],  <unfinished ...>
31463 <... rt_sigprocmask resumed>NULL, 8) = 0
31462 <... rt_sigprocmask resumed>NULL, 8) = 0
31463 rt_sigprocmask(SIG_SETMASK, ~[RTMIN RT_1],  <unfinished ...>
31462 rt_sigprocmask(SIG_SETMASK, ~[RTMIN RT_1],  <unfinished ...>
31463 <... rt_sigprocmask resumed>~[KILL STOP RTMIN RT_1], 8) = 0
31462 <... rt_sigprocmask resumed>~[KILL STOP RTMIN RT_1], 8) = 0
31463 rt_sigprocmask(SIG_SETMASK, ~[KILL STOP RTMIN RT_1],  <unfinished ...>
31462 futex(0x7fb6745760, FUTEX_WAIT_PRIVATE, 2, NULL <unfinished ...>
31463 <... rt_sigprocmask resumed>NULL, 8) = 0
31463 socket(AF_UNIX, SOCK_STREAM|SOCK_CLOEXEC, 0) = 3
31463 setsockopt(3, SOL_SOCKET, SO_SNDTIMEO_OLD, "\3\0\0\0\0\0\0\0\0\0\0\0\0\0\0\0", 16) = 0
31463 connect(3, {sa_family=AF_UNIX, sun_path="/home/pi/.lttng/lttng-ust-sock-8"}, 110) = -1 ENOENT (No such file or directory)
31463 close(3)                          = 0
31463 rt_sigprocmask(SIG_SETMASK, ~[RTMIN RT_1], ~[KILL STOP RTMIN RT_1], 8) = 0
31463 rt_sigprocmask(SIG_SETMASK, ~[KILL STOP RTMIN RT_1], NULL, 8) = 0
31463 futex(0x7fb6745738, FUTEX_WAKE_PRIVATE, 1) = 1
31461 <... futex resumed>)              = 0
31463 rt_sigprocmask(SIG_SETMASK, ~[RTMIN RT_1],  <unfinished ...>
31461 rt_sigprocmask(SIG_SETMASK, ~[RTMIN RT_1],  <unfinished ...>
31463 <... rt_sigprocmask resumed>~[KILL STOP RTMIN RT_1], 8) = 0
31461 <... rt_sigprocmask resumed>[], 8) = 0
31463 futex(0x7fb6745760, FUTEX_WAKE_PRIVATE, 1 <unfinished ...>
31461 rt_sigprocmask(SIG_SETMASK, [],  <unfinished ...>
31463 <... futex resumed>)              = 1
31462 <... futex resumed>)              = 0
31463 rt_sigprocmask(SIG_SETMASK, ~[KILL STOP RTMIN RT_1],  <unfinished ...>
31461 <... rt_sigprocmask resumed>NULL, 8) = 0
31463 <... rt_sigprocmask resumed>NULL, 8) = 0
31462 futex(0x7fb6745760, FUTEX_WAIT_PRIVATE, 2, NULL <unfinished ...>
31463 rt_sigprocmask(SIG_SETMASK, ~[RTMIN RT_1],  <unfinished ...>
31461 rt_sigprocmask(SIG_SETMASK, ~[RTMIN RT_1],  <unfinished ...>
31463 <... rt_sigprocmask resumed>~[KILL STOP RTMIN RT_1], 8) = 0
31461 <... rt_sigprocmask resumed>[], 8) = 0
31463 futex(0x7fb6745760, FUTEX_WAIT_PRIVATE, 2, NULL <unfinished ...>
31461 futex(0x7fb6745760, FUTEX_WAKE_PRIVATE, 1 <unfinished ...>
31463 <... futex resumed>)              = -1 EAGAIN (Resource temporarily unavailable)
31462 <... futex resumed>)              = 0
31461 <... futex resumed>)              = 1
31463 rt_sigprocmask(SIG_SETMASK, ~[KILL STOP RTMIN RT_1],  <unfinished ...>
31462 futex(0x7fb6745760, FUTEX_WAIT_PRIVATE, 2, NULL <unfinished ...>
31463 <... rt_sigprocmask resumed>NULL, 8) = 0
31461 rt_sigprocmask(SIG_SETMASK, [],  <unfinished ...>
31463 rt_sigprocmask(SIG_SETMASK, ~[RTMIN RT_1],  <unfinished ...>
31461 <... rt_sigprocmask resumed>NULL, 8) = 0
31463 <... rt_sigprocmask resumed>~[KILL STOP RTMIN RT_1], 8) = 0
31461 rt_sigprocmask(SIG_SETMASK, ~[RTMIN RT_1],  <unfinished ...>
31463 futex(0x7fb6745760, FUTEX_WAKE_PRIVATE, 1 <unfinished ...>
31461 <... rt_sigprocmask resumed>[], 8) = 0
31463 <... futex resumed>)              = 1
31462 <... futex resumed>)              = 0
31463 rt_sigprocmask(SIG_SETMASK, ~[KILL STOP RTMIN RT_1],  <unfinished ...>
31461 rt_sigprocmask(SIG_SETMASK, [],  <unfinished ...>
31463 <... rt_sigprocmask resumed>NULL, 8) = 0
31462 futex(0x7fb6745760, FUTEX_WAIT_PRIVATE, 2, NULL <unfinished ...>
31461 <... rt_sigprocmask resumed>NULL, 8) = 0
31463 futex(0x7fb7b2e000, FUTEX_WAIT, 0, NULL <unfinished ...>
31461 rt_sigprocmask(SIG_SETMASK, ~[RTMIN RT_1], [], 8) = 0
31461 futex(0x7fb6745760, FUTEX_WAKE_PRIVATE, 1 <unfinished ...>
31462 <... futex resumed>)              = 0
31461 <... futex resumed>)              = 1
31462 rt_sigprocmask(SIG_SETMASK, ~[KILL STOP RTMIN RT_1],  <unfinished ...>
31461 rt_sigprocmask(SIG_SETMASK, [],  <unfinished ...>
31462 <... rt_sigprocmask resumed>NULL, 8) = 0
31461 <... rt_sigprocmask resumed>NULL, 8) = 0
31462 rt_sigprocmask(SIG_SETMASK, ~[RTMIN RT_1], ~[KILL STOP RTMIN RT_1], 8) = 0
31461 rt_sigprocmask(SIG_SETMASK, ~[RTMIN RT_1],  <unfinished ...>
31462 futex(0x7fb6745760, FUTEX_WAKE_PRIVATE, 1 <unfinished ...>
31461 <... rt_sigprocmask resumed>[], 8) = 0
31462 <... futex resumed>)              = 0
31461 rt_sigprocmask(SIG_SETMASK, [],  <unfinished ...>
31462 rt_sigprocmask(SIG_SETMASK, ~[KILL STOP RTMIN RT_1],  <unfinished ...>
31461 <... rt_sigprocmask resumed>NULL, 8) = 0
31462 <... rt_sigprocmask resumed>NULL, 8) = 0
31461 rt_sigprocmask(SIG_SETMASK, ~[RTMIN RT_1],  <unfinished ...>
31462 futex(0x7fb7c73000, FUTEX_WAIT, 0, NULL <unfinished ...>
31461 <... rt_sigprocmask resumed>[], 8) = 0
31461 rt_sigprocmask(SIG_SETMASK, [], NULL, 8) = 0
31461 brk(0x55951a9000)                 = 0x55951a9000
31461 getrandom("\x58", 1, GRND_NONBLOCK) = 1
31461 newfstatat(AT_FDCWD, "/etc/gnutls/config", 0x7fc472bd70, 0) = -1 ENOENT (No such file or directory)
31461 brk(0x55951ca000)                 = 0x55951ca000
31461 rt_sigprocmask(SIG_SETMASK, ~[RTMIN RT_1], [], 8) = 0
31461 rt_sigprocmask(SIG_SETMASK, [], NULL, 8) = 0
31461 rt_sigprocmask(SIG_SETMASK, ~[RTMIN RT_1], [], 8) = 0
31461 rt_sigprocmask(SIG_SETMASK, [], NULL, 8) = 0
31461 futex(0x7fb7023770, FUTEX_WAKE_PRIVATE, 2147483647) = 0
31461 openat(AT_FDCWD, "./build/../config.json", O_RDONLY) = 3
31461 read(3, "{\n  \"logging\": {\n    \"subsystems\": [\n      {\n        \"name\": \"CameraCapture\",\n        \"log_dir_suffix\": \"camera\",\n        \"max_log_files\": 3\n      },\n      {\n        \"name\": \"InferenceEngine\",\n        \"log_dir_suffix\": \"tpu\",\n        \"max_log_files\": 3\n      },\n      {\n        \"name\": \"H264Encoder\",\n        \"log_dir_suffix\": \"encoder\",\n        \"max_log_files\": 3\n      },\n      {\n        \"name\": \"LogicModule\",\n        \"log_dir_suffix\": \"logic\",\n        \"max_log_files\": 3\n      },\n      {\n        \"name\": \"SystemMonitor\",\n        \"log_dir_suffix\": \"system_monitor\",\n        \"max_log_files\": 3\n      }\n    ]\n  },\n  \"application\": {\n\n    \"model_path\": \"ssd_mobilenet_v2_coco_quant_postprocess_edgetpu.tflite\",\n    \"labels_path\": \"coco_labels.txt\",\n    \"listen_address\": \"0.0.0.0\",\n    \"high_res_width\": 1536,\n    \"high_res_height\": 864,\n    \"camera_watchdog_timeout_seconds\": 10,\n    \"camera_fps\": 120.0,\n    \"detection_score_threshold\": 0.5,\n    \"log_path\": \"/home/pi/CoralEdgeTpu/logs\",\n    \"video_stream\": {\n      \"proto"..., 8191) = 2764
31461 write(2, "INFO: Configuration loaded successfully from ", 45) = 45
31461 write(2, "./build/../config.json", 22) = 22
31461 write(2, "\n", 1)                 = 1
31461 close(3)                          = 0
31461 write(2, "Extracting logging configuration...", 35) = 35
31461 write(2, "\n", 1)                 = 1
31461 write(2, "Logging configuration extracted.", 32) = 32
31461 write(2, "\n", 1)                 = 1
31461 newfstatat(AT_FDCWD, "/home/pi/CoralEdgeTpu/logs", {st_dev=makedev(0xb3, 0x2), st_ino=425383, st_mode=S_IFDIR|0755, st_nlink=3, st_uid=1000, st_gid=1000, st_blksize=4096, st_blocks=24, st_size=12288, st_atime=1765059580 /* 2025-12-06T23:19:40.383805584+0100 */, st_atime_nsec=383805584, st_mtime=1765431884 /* 2025-12-11T06:44:44.592006941+0100 */, st_mtime_nsec=592006941, st_ctime=1765431884 /* 2025-12-11T06:44:44.592006941+0100 */, st_ctime_nsec=592006941}, 0) = 0
31461 newfstatat(AT_FDCWD, "/home/pi/CoralEdgeTpu/logs/run.3.json", {st_dev=makedev(0xb3, 0x2), st_ino=425386, st_mode=S_IFREG|0644, st_nlink=1, st_uid=1000, st_gid=1000, st_blksize=4096, st_blocks=0, st_size=0, st_atime=1765430249 /* 2025-12-11T06:17:29.295741080+0100 */, st_atime_nsec=295741080, st_mtime=1765430249 /* 2025-12-11T06:17:29.295741080+0100 */, st_mtime_nsec=295741080, st_ctime=1765431884 /* 2025-12-11T06:44:44.592006941+0100 */, st_ctime_nsec=592006941}, 0) = 0
31461 unlinkat(AT_FDCWD, "/home/pi/CoralEdgeTpu/logs/run.3.json", 0) = 0
31461 newfstatat(AT_FDCWD, "/home/pi/CoralEdgeTpu/logs/run.2.json", {st_dev=makedev(0xb3, 0x2), st_ino=425120, st_mode=S_IFREG|0644, st_nlink=1, st_uid=1000, st_gid=1000, st_blksize=4096, st_blocks=0, st_size=0, st_atime=1765430509 /* 2025-12-11T06:21:49.918994680+0100 */, st_atime_nsec=918994680, st_mtime=1765430509 /* 2025-12-11T06:21:49.918994680+0100 */, st_mtime_nsec=918994680, st_ctime=1765431884 /* 2025-12-11T06:44:44.592006941+0100 */, st_ctime_nsec=592006941}, 0) = 0
31461 renameat(AT_FDCWD, "/home/pi/CoralEdgeTpu/logs/run.2.json", AT_FDCWD, "/home/pi/CoralEdgeTpu/logs/run.3.json") = 0
31461 newfstatat(AT_FDCWD, "/home/pi/CoralEdgeTpu/logs/run.1.json", {st_dev=makedev(0xb3, 0x2), st_ino=406009, st_mode=S_IFREG|0644, st_nlink=1, st_uid=1000, st_gid=1000, st_blksize=4096, st_blocks=0, st_size=0, st_atime=1765430809 /* 2025-12-11T06:26:49.682136206+0100 */, st_atime_nsec=682136206, st_mtime=1765430809 /* 2025-12-11T06:26:49.682136206+0100 */, st_mtime_nsec=682136206, st_ctime=1765431884 /* 2025-12-11T06:44:44.592006941+0100 */, st_ctime_nsec=592006941}, 0) = 0
31461 renameat(AT_FDCWD, "/home/pi/CoralEdgeTpu/logs/run.1.json", AT_FDCWD, "/home/pi/CoralEdgeTpu/logs/run.2.json") = 0
31461 newfstatat(AT_FDCWD, "/home/pi/CoralEdgeTpu/logs/run.json", {st_dev=makedev(0xb3, 0x2), st_ino=421083, st_mode=S_IFREG|0644, st_nlink=1, st_uid=1000, st_gid=1000, st_blksize=4096, st_blocks=0, st_size=0, st_atime=1765431884 /* 2025-12-11T06:44:44.592006941+0100 */, st_atime_nsec=592006941, st_mtime=1765431884 /* 2025-12-11T06:44:44.592006941+0100 */, st_mtime_nsec=592006941, st_ctime=1765431884 /* 2025-12-11T06:44:44.592006941+0100 */, st_ctime_nsec=592006941}, 0) = 0
31461 renameat(AT_FDCWD, "/home/pi/CoralEdgeTpu/logs/run.json", AT_FDCWD, "/home/pi/CoralEdgeTpu/logs/run.1.json") = 0
31461 openat(AT_FDCWD, "/home/pi/CoralEdgeTpu/logs/run.json", O_WRONLY|O_CREAT|O_TRUNC, 0666) = 3
31461 write(2, "CsvLogger constructor for ", 26) = 26
31461 write(2, "CameraCapture", 13)     = 13
31461 write(2, " in ", 4)               = 4
31461 write(2, "/home/pi/CoralEdgeTpu/logs/camera", 33) = 33
31461 write(2, "\n", 1)                 = 1
31461 newfstatat(AT_FDCWD, "/home/pi/CoralEdgeTpu/logs/camera", {st_dev=makedev(0xb3, 0x2), st_ino=527723, st_mode=S_IFDIR|0755, st_nlink=2, st_uid=1000, st_gid=1000, st_blksize=4096, st_blocks=8, st_size=4096, st_atime=1765389348 /* 2025-12-10T18:55:48.591104546+0100 */, st_atime_nsec=591104546, st_mtime=1765431884 /* 2025-12-11T06:44:44.592006941+0100 */, st_mtime_nsec=592006941, st_ctime=1765431884 /* 2025-12-11T06:44:44.592006941+0100 */, st_ctime_nsec=592006941}, 0) = 0
31461 newfstatat(AT_FDCWD, "/home/pi/CoralEdgeTpu/logs/camera", {st_dev=makedev(0xb3, 0x2), st_ino=527723, st_mode=S_IFDIR|0755, st_nlink=2, st_uid=1000, st_gid=1000, st_blksize=4096, st_blocks=8, st_size=4096, st_atime=1765389348 /* 2025-12-10T18:55:48.591104546+0100 */, st_atime_nsec=591104546, st_mtime=1765431884 /* 2025-12-11T06:44:44.592006941+0100 */, st_mtime_nsec=592006941, st_ctime=1765431884 /* 2025-12-11T06:44:44.592006941+0100 */, st_ctime_nsec=592006941}, 0) = 0
31461 write(2, "CsvLogger::rotate_log_file for ", 31) = 31
31461 write(2, "CameraCapture", 13)     = 13
31461 write(2, "\n", 1)                 = 1
31461 newfstatat(AT_FDCWD, "/home/pi/CoralEdgeTpu/logs/camera", {st_dev=makedev(0xb3, 0x2), st_ino=527723, st_mode=S_IFDIR|0755, st_nlink=2, st_uid=1000, st_gid=1000, st_blksize=4096, st_blocks=8, st_size=4096, st_atime=1765389348 /* 2025-12-10T18:55:48.591104546+0100 */, st_atime_nsec=591104546, st_mtime=1765431884 /* 2025-12-11T06:44:44.592006941+0100 */, st_mtime_nsec=592006941, st_ctime=1765431884 /* 2025-12-11T06:44:44.592006941+0100 */, st_ctime_nsec=592006941}, 0) = 0
31461 openat(AT_FDCWD, "/etc/localtime", O_RDONLY|O_CLOEXEC) = 4
31461 newfstatat(4, "", {st_dev=makedev(0xb3, 0x2), st_ino=100856, st_mode=S_IFREG|0644, st_nlink=1, st_uid=0, st_gid=0, st_blksize=4096, st_blocks=8, st_size=2910, st_atime=1731460713 /* 2024-11-13T02:18:33.134541445+0100 */, st_atime_nsec=134541445, st_mtime=1706986568 /* 2024-02-03T19:56:08+0100 */, st_mtime_nsec=0, st_ctime=1731460668 /* 2024-11-13T02:17:48.346293515+0100 */, st_ctime_nsec=346293515}, AT_EMPTY_PATH) = 0
31461 newfstatat(4, "", {st_dev=makedev(0xb3, 0x2), st_ino=100856, st_mode=S_IFREG|0644, st_nlink=1, st_uid=0, st_gid=0, st_blksize=4096, st_blocks=8, st_size=2910, st_atime=1731460713 /* 2024-11-13T02:18:33.134541445+0100 */, st_atime_nsec=134541445, st_mtime=1706986568 /* 2024-02-03T19:56:08+0100 */, st_mtime_nsec=0, st_ctime=1731460668 /* 2024-11-13T02:17:48.346293515+0100 */, st_ctime_nsec=346293515}, AT_EMPTY_PATH) = 0
31461 read(4, "TZif2\0\0\0\0\0\0\0\0\0\0\0\0\0\0\0\0\0\0\r\0\0\0\r\0\0\0\0\0\0\0\264\0\0\0\r\0\0\0!\200\0\0\0\233\f.\354\233\325\326\\\234\331\270\f\235\244\277\f\236\247%\f\237\227\26\f\240\220A\214\241v\370\f\242p#\214\243V\332\f\244P\5\214\2456\274\f\246%[\214\247'\301\214\250^\343\214\251\7\243\214\251\356Z\f\252\347\205\214\254'\342\f\254\307g\214\255\355f\f\256\247I\214\257\316\231\214\260\207+\214\261\261\36\214\262pH\f\263\222R\f\264P*\f\265s\205\214\2660\f\f\267T\271\f\270\17\356\f\271@x\214\271\357\320\f\273\30q\214\273\330\354\214\274\371\245\f\275\270\316\214\276\332\330\214\277\230\260\214\300\275]\214\301x\222\214\302\247\313\214\302\334]\\\303Xtp\304\177\304p\3058Vp\306`\367\360\307!r\360\310D\262P\314\347K\20\315\251\27\220\316\242C\20\317\2224\20\320\202%\20\321r\26\20\322N@\220\r\244c\220\16\213\32\20\17\204E\220\20t6\220\21d'\220\22T\30\220\23MD\20\0243\372\220\25#\353\220\26\23\334\220\27\3\315\220\27\363\276\220\30\343\257\220\31\323\240\220\32\303\221\220\33\274\275\20\34\254\256\20\35\234\237\20\36\214\220\20\37|\201\20 lr\20!\\c\20\"LT\20#<E\20$,6\20%\34'\20&\f\30\20'\5C\220'\3654\220(\345%\220)\325\26\220*\305\7\220+\264\370\220,\244\351\220-\224\332\220.\204\313\220/t\274\2200d\255\2201]\331\0202r\264\0203=\273\0204R\226\0205\35\235\02062x\0206\375\177\208\33\224\2208\335a\209\373v\220:\275C\20;\333X\220<\246_\220=\273:\220>\206A\220?\233\34\220@f#\220A\2049\20BF\5\220Cd\33\20D%\347\220EC\375\20F\5\311\220G#\337\20G\356\346\20I\3\301\20I\316\310\20J\343\243\20K\256\252\20L\314\277\220M\216\214\20N\254\241\220Onn\20P\214\203\220QW\212\220Rle\220S7l\220TLG\220U\27N\220V,)\220V\3670\220X\25F\20X\327\22\220Y\365(\20Z\266\364\220[\325\n\20\\\240\21\20]\264\354\20^\177\363\20_\224\316\20`_\325\20a}\352\220b?\267\20c]\314\220d\37\231\20e=\256\220f\10\265\220g\35\220\220g\350\227\220h\375r\220i\310y\220j\335T\220k\250[\220l\306q\20m\210=\220n\246S\20oh\37\220p\2065\20qQ<\20rf\27\20s1\36\20tE\371\20u\21\0\20v/\25\220v\360\342\20x\16\367\220x\320\304\20y\356\331\220z\260\246\20{\316\273\220|\231\302\220}\256\235\220~y\244\220\177\216\177\220\2\1\2\3\4\3\4\3\4\3\4\3\4\3\4\3\4\3\4\3\4\3\4\3\4\3\4\3\4\3\4\3\4\3\4\3\4\3\4\3\4\3\4\3\7\5\6\5\6\5\n\10\t\10\t\10\t\10\v\f\v\f\v\f\v\f\v\f\v\f\v\f\v\f\v\f\v\f\v\f\v\f\v\f\v\f\v\f\v\f\v\f\v\f\v\f\v\f\v\f\v\f\v\f\v\f\v\f\v\f\v\f\v\f\v\f\v\f\v\f\v\f\v\f\v\f\v\f\v\f\v\f\v\f\v\f\v\f\v\f\v\f\v\f\v\f\v\f\v\f\v\f\v\f\v\f\v\f\v\f\v\f\v\f\v\f\v\f\v\f\v\f\v\f\v\f\v\f\v\f\0\0\4\224\0\0\0\0\22\244\1\4\0\0\4\224\0\10\0\0\22\244\1\4\0\0\4\224\0\10\0\0\4\260\0\f\0\0\22\300\1\22\0\0\22\300\1\22\0\0\16\20\0\30\0\0\34 \1\34\0\0\34 \1\34\0\0\34 \1\34\0\0\16\20\0\30LM"..., 4096) = 2910
31461 lseek(4, -1829, SEEK_CUR)         = 1081
31461 read(4, "TZif2\0\0\0\0\0\0\0\0\0\0\0\0\0\0\0\0\0\0\r\0\0\0\r\0\0\0\0\0\0\0\264\0\0\0\r\0\0\0!\377\377\377\377\2\22Ql\377\377\377\377\233\f.\354\377\377\377\377\233\325\326\\\377\377\377\377\234\331\270\f\377\377\377\377\235\244\277\f\377\377\377\377\236\247%\f\377\377\377\377\237\227\26\f\377\377\377\377\240\220A\214\377\377\377\377\241v\370\f\377\377\377\377\242p#\214\377\377\377\377\243V\332\f\377\377\377\377\244P\5\214\377\377\377\377\2456\274\f\377\377\377\377\246%[\214\377\377\377\377\247'\301\214\377\377\377\377\250^\343\214\377\377\377\377\251\7\243\214\377\377\377\377\251\356Z\f\377\377\377\377\252\347\205\214\377\377\377\377\254'\342\f\377\377\377\377\254\307g\214\377\377\377\377\255\355f\f\377\377\377\377\256\247I\214\377\377\377\377\257\316\231\214\377\377\377\377\260\207+\214\377\377\377\377\261\261\36\214\377\377\377\377\262pH\f\377\377\377\377\263\222R\f\377\377\377\377\264P*\f\377\377\377\377\265s\205\214\377\377\377\377\2660\f\f\377\377\377\377\267T\271\f\377\377\377\377\270\17\356\f\377\377\377\377\271@x\214\377\377\377\377\271\357\320\f\377\377\377\377\273\30q\214\377\377\377\377\273\330\354\214\377\377\377\377\274\371\245\f\377\377\377\377\275\270\316\214\377\377\377\377\276\332\330\214\377\377\377\377\277\230\260\214\377\377\377\377\300\275]\214\377\377\377\377\301x\222\214\377\377\377\377\302\247\313\214\377\377\377\377\302\334]\\\377\377\377\377\303Xtp\377\377\377\377\304\177\304p\377\377\377\377\3058Vp\377\377\377\377\306`\367\360\377\377\377\377\307!r\360\377\377\377\377\310D\262P\377\377\377\377\314\347K\20\377\377\377\377\315\251\27\220\377\377\377\377\316\242C\20\377\377\377\377\317\2224\20\377\377\377\377\320\202%\20\377\377\377\377\321r\26\20\377\377\377\377\322N@\220\0\0\0\0\r\244c\220\0\0\0\0\16\213\32\20\0\0\0\0\17\204E\220\0\0\0\0\20t6\220\0\0\0\0\21d'\220\0\0\0\0\22T\30\220\0\0\0\0\23MD\20\0\0\0\0\0243\372\220\0\0\0\0\25#\353\220\0\0\0\0\26\23\334\220\0\0\0\0\27\3\315\220\0\0\0\0\27\363\276\220\0\0\0\0\30\343\257\220\0\0\0\0\31\323\240\220\0\0\0\0\32\303\221\220\0\0\0\0\33\274\275\20\0\0\0\0\34\254\256\20\0\0\0\0\35\234\237\20\0\0\0\0\36\214\220\20\0\0\0\0\37|\201\20\0\0\0\0 lr\20\0\0\0\0!\\c\20\0\0\0\0\"LT\20\0\0\0\0#<E\20\0\0\0\0$,6\20\0\0\0\0%\34'\20\0\0\0\0&\f\30\20\0\0\0\0'\5C\220\0\0\0\0'\3654\220\0\0\0\0(\345%\220\0\0\0\0)\325\26\220\0\0\0\0*\305\7\220\0\0\0\0+\264\370\220\0\0\0\0,\244\351\220\0\0\0\0-\224\332\220\0\0\0\0.\204\313\220\0\0\0\0/t\274\220\0\0\0\0000d\255\220\0\0\0\0001]\331\20\0\0\0\0002r\264\20\0\0\0\0003=\273\20\0\0\0\0004R\226\20\0\0\0\0005\35\235\20\0\0\0\00062x\20\0\0\0\0006\375\177\20\0\0\0\08\33\224\220\0\0\0\08\335a\20\0\0\0\09\373v\220\0\0\0\0:\275C\20\0\0\0\0;\333X\220\0\0\0\0<\246_\220\0\0\0\0=\273:\220\0\0\0\0>\206A\220\0\0\0\0?\233\34\220\0\0\0\0@f#\220\0\0\0\0A\2049\20\0\0\0\0BF\5\220\0\0\0\0Cd\33\20\0\0\0\0D%\347\220\0\0\0\0EC\375\20\0\0\0\0F\5\311\220\0\0\0\0G#\337\20\0\0\0\0G\356\346\20\0\0\0\0I\3\301\20\0\0\0\0"..., 4096) = 1829
31461 close(4)                          = 0
31461 write(2, "Opening CSV log file: ", 22) = 22
31461 write(2, "\"/home/pi/CoralEdgeTpu/logs/camera/CameraCapture_2025_12_11_06_46.csv\"", 70) = 70
31461 write(2, "\n", 1)                 = 1
31461 openat(AT_FDCWD, "/home/pi/CoralEdgeTpu/logs/camera/CameraCapture_2025_12_11_06_46.csv", O_WRONLY|O_CREAT|O_APPEND, 0666) = 4
31461 lseek(4, 0, SEEK_END)             = 0
31461 write(2, "Successfully opened CSV log file: ", 34) = 34
31461 write(2, "\"/home/pi/CoralEdgeTpu/logs/camera/CameraCapture_2025_12_11_06_46.csv\"", 70) = 70
31461 write(2, "\n", 1)                 = 1
31461 newfstatat(AT_FDCWD, "/home/pi/CoralEdgeTpu/logs/camera/CameraCapture_2025_12_11_06_46.csv", {st_dev=makedev(0xb3, 0x2), st_ino=527749, st_mode=S_IFREG|0644, st_nlink=1, st_uid=1000, st_gid=1000, st_blksize=4096, st_blocks=0, st_size=0, st_atime=1765431996 /* 2025-12-11T06:46:36.148018793+0100 */, st_atime_nsec=148018793, st_mtime=1765431996 /* 2025-12-11T06:46:36.148018793+0100 */, st_mtime_nsec=148018793, st_ctime=1765431996 /* 2025-12-11T06:46:36.148018793+0100 */, st_ctime_nsec=148018793}, 0) = 0
31461 futex(0x55951af060, FUTEX_WAIT_PRIVATE, 2, NULL <unfinished ...>
31460 <... rt_sigsuspend resumed>)      = ? ERESTARTNOHAND (To be restarted if no handler)
31460 --- SIGALRM {si_signo=SIGALRM, si_code=SI_TIMER, si_timerid=0, si_overrun=0, si_int=0, si_ptr=NULL} ---
31460 kill(31461, SIGTERM)              = 0
31461 <... futex resumed>)              = ? ERESTARTSYS (To be restarted if SA_RESTART is set)
31460 rt_sigaction(SIGTERM, {sa_handler=SIG_IGN, sa_mask=[TERM], sa_flags=SA_RESTART},  <unfinished ...>
31461 --- SIGTERM {si_signo=SIGTERM, si_code=SI_USER, si_pid=31460, si_uid=1000} ---
31460 <... rt_sigaction resumed>{sa_handler=0x55842d2a10, sa_mask=[], sa_flags=SA_RESTART}, 8) = 0
31463 <... futex resumed>)              = ?
31460 kill(0, SIGTERM <unfinished ...>
31462 <... futex resumed>)              = ?
31460 <... kill resumed>)               = 0
31463 +++ killed by SIGTERM +++
31462 +++ killed by SIGTERM +++
31460 --- SIGTERM {si_signo=SIGTERM, si_code=SI_USER, si_pid=31460, si_uid=1000} ---
31461 +++ killed by SIGTERM +++
31460 --- SIGCHLD {si_signo=SIGCHLD, si_code=CLD_KILLED, si_pid=31461, si_uid=1000, si_status=SIGTERM, si_utime=1 /* 0.01 s */, si_stime=5 /* 0.05 s */} ---
31460 rt_sigreturn({mask=[ALRM]})       = 0
31460 kill(31461, SIGCONT)              = 0
31460 rt_sigaction(SIGCONT, {sa_handler=SIG_IGN, sa_mask=[CONT], sa_flags=SA_RESTART}, {sa_handler=SIG_DFL, sa_mask=[], sa_flags=0}, 8) = 0
31460 kill(0, SIGCONT)                  = 0
31460 --- SIGCONT {si_signo=SIGCONT, si_code=SI_USER, si_pid=31460, si_uid=1000} ---
31460 rt_sigreturn({mask=[HUP INT QUIT ALRM TERM CHLD]}) = -1 EINTR (Interrupted system call)
31460 wait4(31461, [{WIFSIGNALED(s) && WTERMSIG(s) == SIGTERM}], WNOHANG, NULL) = 31461
31460 close(1)                          = 0
31460 close(2)                          = 0
31460 exit_group(124)                   = ?
31460 +++ exited with 124 +++
