INFO: Configuration loaded successfully from ./build/../config.json
Extracting logging configuration...
Logging configuration extracted.
Logger: Starting CsvLogger initialization loop.
Logger: Processing subsystem config for: CameraCapture
Logger: Attempting to emplace CsvLogger for CameraCapture
CsvLogger constructor for CameraCapture in /home/pi/CoralEdgeTpu/logs/camera
Logger: Rotating log file for CameraCapture
CsvLogger::rotate_log_file for CameraCapture
Opening CSV log file: "/home/pi/CoralEdgeTpu/logs/camera/CameraCapture_2025_12_11_07_30.csv"
Successfully opened CSV log file: "/home/pi/CoralEdgeTpu/logs/camera/CameraCapture_2025_12_11_07_30.csv"
Checking file size of "/home/pi/CoralEdgeTpu/logs/camera/CameraCapture_2025_12_11_07_30.csv"
File is new. Writing header.
Finished writing header.
Iterating directory: /home/pi/CoralEdgeTpu/logs/camera
Found entry: "/home/pi/CoralEdgeTpu/logs/camera/CameraCapture_2025_12_11_07_26.csv"
Found entry: "/home/pi/CoralEdgeTpu/logs/camera/CameraCapture_2025_12_11_07_18.csv"
Found entry: "/home/pi/CoralEdgeTpu/logs/camera/CameraCapture_2025_12_11_07_14.csv"
Found entry: "/home/pi/CoralEdgeTpu/logs/camera/camera_2025_12_11_05_56.csv"
Found entry: "/home/pi/CoralEdgeTpu/logs/camera/camera_2025_12_11_05_47.csv"
Found entry: "/home/pi/CoralEdgeTpu/logs/camera/camera_2025_12_11_05_39.csv"
Found entry: "/home/pi/CoralEdgeTpu/logs/camera/camera_2025_12_11_05_38.csv"
Found entry: "/home/pi/CoralEdgeTpu/logs/camera/CameraCapture_2025_12_11_07_30.csv"
Finished iterating directory.
Logger: Processing subsystem config for: InferenceEngine
Logger: Attempting to emplace CsvLogger for InferenceEngine
CsvLogger constructor for InferenceEngine in /home/pi/CoralEdgeTpu/logs/tpu
Logger: Rotating log file for InferenceEngine
CsvLogger::rotate_log_file for InferenceEngine
Opening CSV log file: "/home/pi/CoralEdgeTpu/logs/tpu/InferenceEngine_2025_12_11_07_30.csv"
Successfully opened CSV log file: "/home/pi/CoralEdgeTpu/logs/tpu/InferenceEngine_2025_12_11_07_30.csv"
Checking file size of "/home/pi/CoralEdgeTpu/logs/tpu/InferenceEngine_2025_12_11_07_30.csv"
File is new. Writing header.
Finished writing header.
Iterating directory: /home/pi/CoralEdgeTpu/logs/tpu
Found entry: "/home/pi/CoralEdgeTpu/logs/tpu/InferenceEngine_2025_12_11_07_26.csv"
Found entry: "/home/pi/CoralEdgeTpu/logs/tpu/InferenceEngine_2025_12_11_07_30.csv"
Finished iterating directory.
Logger: Processing subsystem config for: H264Encoder
Logger: Attempting to emplace CsvLogger for H264Encoder
CsvLogger constructor for H264Encoder in /home/pi/CoralEdgeTpu/logs/encoder
Logger: Rotating log file for H264Encoder
CsvLogger::rotate_log_file for H264Encoder
Opening CSV log file: "/home/pi/CoralEdgeTpu/logs/encoder/H264Encoder_2025_12_11_07_30.csv"
Successfully opened CSV log file: "/home/pi/CoralEdgeTpu/logs/encoder/H264Encoder_2025_12_11_07_30.csv"
Checking file size of "/home/pi/CoralEdgeTpu/logs/encoder/H264Encoder_2025_12_11_07_30.csv"
File is new. Writing header.
Finished writing header.
Iterating directory: /home/pi/CoralEdgeTpu/logs/encoder
Found entry: "/home/pi/CoralEdgeTpu/logs/encoder/H264Encoder_2025_12_11_07_30.csv"
Found entry: "/home/pi/CoralEdgeTpu/logs/encoder/H264Encoder_2025_12_11_07_26.csv"
Finished iterating directory.
Logger: Processing subsystem config for: LogicModule
Logger: Attempting to emplace CsvLogger for LogicModule
CsvLogger constructor for LogicModule in /home/pi/CoralEdgeTpu/logs/logic
Logger: Rotating log file for LogicModule
CsvLogger::rotate_log_file for LogicModule
Opening CSV log file: "/home/pi/CoralEdgeTpu/logs/logic/LogicModule_2025_12_11_07_30.csv"
Successfully opened CSV log file: "/home/pi/CoralEdgeTpu/logs/logic/LogicModule_2025_12_11_07_30.csv"
Checking file size of "/home/pi/CoralEdgeTpu/logs/logic/LogicModule_2025_12_11_07_30.csv"
File is new. Writing header.
Finished writing header.
Iterating directory: /home/pi/CoralEdgeTpu/logs/logic
Found entry: "/home/pi/CoralEdgeTpu/logs/logic/LogicModule_2025_12_11_07_26.csv"
Found entry: "/home/pi/CoralEdgeTpu/logs/logic/LogicModule_2025_12_11_07_30.csv"
Finished iterating directory.
Logger: Processing subsystem config for: SystemMonitor
Logger: Attempting to emplace CsvLogger for SystemMonitor
CsvLogger constructor for SystemMonitor in /home/pi/CoralEdgeTpu/logs/system_monitor
Logger: Rotating log file for SystemMonitor
CsvLogger::rotate_log_file for SystemMonitor
Opening CSV log file: "/home/pi/CoralEdgeTpu/logs/system_monitor/SystemMonitor_2025_12_11_07_30.csv"
Successfully opened CSV log file: "/home/pi/CoralEdgeTpu/logs/system_monitor/SystemMonitor_2025_12_11_07_30.csv"
Checking file size of "/home/pi/CoralEdgeTpu/logs/system_monitor/SystemMonitor_2025_12_11_07_30.csv"
File is new. Writing header.
Finished writing header.
Iterating directory: /home/pi/CoralEdgeTpu/logs/system_monitor
Found entry: "/home/pi/CoralEdgeTpu/logs/system_monitor/SystemMonitor_2025_12_11_07_26.csv"
Found entry: "/home/pi/CoralEdgeTpu/logs/system_monitor/SystemMonitor_2025_12_11_07_30.csv"
Finished iterating directory.
Logger: Finished CsvLogger initialization loop.
Logger constructor finished.
[INFO] Logger: Creating standard writer thread.
[INFO] Logger: Creating CSV writer thread.
[INFO] CoralEdgeTpu Detector Starting...
[INFO] Logger: Standard writer thread started.
[INFO] Signal handlers for SIGINT and SIGTERM set up.
[INFO] Logger: CSV writer thread started.
[INFO] Initializing modules...
[INFO] Creating InferenceEngine...
[INFO] Model Input Dimensions: 300x300x3
[INFO] Edge TPU delegate creation starting...
[INFO] Edge TPU delegate created successfully in InferenceEngine constructor. Delegate address: 367898807200
[INFO] InferenceEngine created.
[INFO] Creating CameraCapture...
[13:20:59.311587384] [40722] [1;32m INFO [1;37mCamera [1;34mcamera_manager.cpp:330 [0mlibcamera v0.5.2+99-bfd68f78
[13:20:59.319377761] [40740] [1;32m INFO [1;37mRPI [1;34mpisp.cpp:720 [0mlibpisp version v1.2.1 981977ff21f3 29-04-2025 (14:13:50)
[13:20:59.407682182] [40740] [1;32m INFO [1;37mIPAProxy [1;34mipa_proxy.cpp:180 [0mUsing tuning file /usr/share/libcamera/ipa/rpi/pisp/imx708.json
[13:20:59.415907965] [40740] [1;32m INFO [1;37mCamera [1;34mcamera_manager.cpp:220 [0mAdding camera '/base/axi/pcie@120000/rp1/i2c@88000/imx708@1a' for pipeline handler rpi/pisp
[13:20:59.415928799] [40740] [1;32m INFO [1;37mRPI [1;34mpisp.cpp:1179 [0mRegistered camera /base/axi/pcie@120000/rp1/i2c@88000/imx708@1a to CFE device /dev/media1 and ISP device /dev/media0 using PiSP variant BCM2712_C0
[INFO] Libcamera CameraManager started.
[INFO] CameraCapture created.
[INFO] Creating OrientationSensor...
[INFO] OrientationSensor created (mock data provider). Yaw Port: 2001, Pitch Port: 2002, Roll Port: 2003
[INFO] OrientationSensor created.
[INFO] Creating LogicModule...
[INFO] Calculating zero pitch for 100.000000m...
[WARNING] Trajectory calculation exceeded 5000 steps.
[INFO] Zero pitch found after 1 iterations: 0.000000 rad
[INFO] BallisticsSolver created and zero pitch calculated.
[INFO] LogicModule created with 3D Ballistics Solver, configured from file.
[INFO] LogicModule created.
[INFO] Creating SystemMonitor...
[INFO] SystemMonitor created with interval: 5 seconds.
[INFO] SystemMonitor created.
[INFO] Creating H264Encoder...
[INFO] H264Encoder created.
[INFO] Modules initialized.
[INFO] Starting modules...
[INFO] Starting all modules...
[INFO] InferenceEngine started with 1 worker threads.
[INFO] CameraCapture::start() called.
[INFO] Selected Camera ID: /base/axi/pcie@120000/rp1/i2c@88000/imx708@1a
[INFO] Acquire: Camera acquired successfully.
[INFO] Camera acquired successfully. Proceeding to setup.
[INFO] Camera acquired and confirmed to be non-null. Proceeding to setup.
[INFO] setup_camera: Configuring camera: /base/axi/pcie@120000/rp1/i2c@88000/imx708@1a
[INFO] CameraConfiguration validate() -> Status: 1
[WARNING] Camera configuration adjusted by libcamera for dual streams.
[INFO] Final stream[0] size=1536x864 fmt='56595559'
[INFO] Final stream[1] size=300x300 fmt='34324752'
[INFO] CameraCapture: Configured main stream format: '56595559', size: 1536x864, stride: 3072 (FOURCC: 1448695129)
[13:20:59.419995496] [40722] [1;32m INFO [1;37mCamera [1;34mcamera.cpp:1215 [0mconfiguring streams: (0) 1536x864-YUYV/Rec709 (1) 300x300-RGB888/Rec709/Rec709/None/Full
[13:20:59.420192644] [40740] [1;32m INFO [1;37mRPI [1;34mpisp.cpp:1483 [0mSensor: /base/axi/pcie@120000/rp1/i2c@88000/imx708@1a - Selected sensor format: 1536x864-SBGGR10_1X10/RAW - Selected CFE format: 1536x864-PC1B/RAW
[INFO] Libcamera dual streams configured.
[INFO] Actual Video Stream Config: 1536x864 format: '56595559'
[INFO] Actual TPU Stream Config: 300x300 format: '34324752' stride: 960
[INFO] Libcamera buffers allocated for main video stream. Number of buffers: 4
[INFO] Libcamera buffers allocated for TPU stream. Number of buffers: 4
[INFO] Libcamera requests created and buffers added for both streams.
[INFO] Initializing H.264 encoder...
[INFO] H.264 encoder initialized (placeholder).
[INFO] Camera setup completed successfully.
[INFO] Libcamera camera started successfully.
[INFO] Libcamera camera started.
[INFO] CameraCapture: All initial requests successfully queued.
[INFO] OrientationSensor started.
[INFO] OrientationSensor worker thread started (mocking data).
[INFO] LogicModule started.
[INFO] SystemMonitor started.
[INFO] H264Encoder started.
[INFO] All modules started successfully.
[INFO] Modules started.
[INFO] Registered module for shutdown: SystemMonitor
[INFO] Registered module for shutdown: LogicModule
[INFO] Registered module for shutdown: OrientationSensor
[INFO] Registered module for shutdown: CameraCapture
[INFO] Registered module for shutdown: H264Encoder
[INFO] Registered module for shutdown: InferenceEngine
[INFO] Running application. Press Ctrl+C to quit.
[INFO] SystemMonitor worker thread started.
[INFO] H264Encoder worker thread started.
[INFO] H264Encoder: Initializing x264 with width=1536, height=864, fps=120.000000
[INFO] H264Encoder: x264 parameters - width=1536, height=864, csp=2, fps_num=120, fps_den=1, keyint_max=120, threads=1
[INFO] H264Encoder: Attempting to open x264 encoder...
Warning: CsvLogger not found for module: sysmon. Entry dropped.
x264 [info]: using cpu capabilities: ARMv8 NEON
x264 [info]: profile Constrained Baseline, level 5.1, 4:2:0, 8-bit
[INFO] H264Encoder: x264 encoder opened successfully.
[INFO] H264Encoder: Attempting to allocate x264 picture_in_...
[INFO] H264Encoder: x264 picture_in_ allocated.
Warning: CsvLogger not found for module: camera. Entry dropped.
[INFO] CameraCapture: request_complete_callback invoked.
[INFO] Processing frame for Main Video Stream with format: '56595559'
[INFO] Frame buffer has 1 planes.
[INFO] Plane 0: fd=50, length=2654208
[INFO] Acquiring buffer from pool...
[INFO] Buffer acquired.
[INFO] Mmapping plane buffer...
[INFO] Mmap successful. Copying data...
[INFO] Data copied. Pooled buffer size: 2654208
[INFO] YUYV stream, no color conversion needed (assuming H264 takes YUYV).
[INFO] Image already target size. No resize needed.
[INFO] Pushing Main Video Stream to queue. Final dimensions: 1536x864 format: '56595559'
[INFO] Push successful.
[INFO] Processing frame for TPU Stream with format: '34324752'
[INFO] Frame buffer has 1 planes.
[INFO] Plane 0: fd=54, length=288000
[INFO] Acquiring buffer from pool...
[INFO] Buffer acquired.
[INFO] Mmapping plane buffer...
[INFO] Mmap successful. Copying data...
[INFO] Data copied. Pooled buffer size: 270000
[INFO] RGB888 stream, no color conversion needed.
[INFO] Image already target size. No resize needed.
[INFO] Pushing TPU Stream to queue. Final dimensions: 300x300 format: '34324752'
[INFO] Push successful.
Warning: CsvLogger not found for module: encoder. Entry dropped.
[INFO] CameraCapture: request_complete_callback invoked.
[INFO] Processing frame for Main Video Stream with format: '56595559'
[INFO] Frame buffer has 1 planes.
[INFO] Plane 0: fd=51, length=2654208
[INFO] Acquiring buffer from pool...
[INFO] Buffer acquired.
[INFO] Mmapping plane buffer...
[INFO] Mmap successful. Copying data...
[INFO] Data copied. Pooled buffer size: 2654208
[INFO] YUYV stream, no color conversion needed (assuming H264 takes YUYV).
[INFO] Image already target size. No resize needed.
[INFO] Pushing Main Video Stream to queue. Final dimensions: 1536x864 format: '56595559'
[INFO] Push successful.
[INFO] Processing frame for TPU Stream with format: '34324752'
[INFO] Frame buffer has 1 planes.
[INFO] Plane 0: fd=55, length=288000
[INFO] Acquiring buffer from pool...
[INFO] Buffer acquired.
[INFO] Mmapping plane buffer...
[INFO] Mmap successful. Copying data...
[INFO] Data copied. Pooled buffer size: 270000
[INFO] RGB888 stream, no color conversion needed.
[INFO] Image already target size. No resize needed.
[INFO] Pushing TPU Stream to queue. Final dimensions: 300x300 format: '34324752'
[INFO] Push successful.
Warning: CsvLogger not found for module: camera. Entry dropped.
Warning: CsvLogger not found for module: tpu. Entry dropped.
Warning: CsvLogger not found for module: tpu. Entry dropped.
Warning: CsvLogger not found for module: encoder. Entry dropped.
Warning: CsvLogger not found for module: camera. Entry dropped.
[INFO] CameraCapture: request_complete_callback invoked.
[INFO] Processing frame for Main Video Stream with format: '56595559'
[INFO] Frame buffer has 1 planes.
[INFO] Plane 0: fd=52, length=2654208
[INFO] Acquiring buffer from pool...
[INFO] Buffer acquired.
[INFO] Mmapping plane buffer...
[INFO] Mmap successful. Copying data...
[INFO] Data copied. Pooled buffer size: 2654208
[INFO] YUYV stream, no color conversion needed (assuming H264 takes YUYV).
[INFO] Image already target size. No resize needed.
[INFO] Pushing Main Video Stream to queue. Final dimensions: 1536x864 format: '56595559'
[INFO] Push successful.
[INFO] Processing frame for TPU Stream with format: '34324752'
[INFO] Frame buffer has 1 planes.
[INFO] Plane 0: fd=56, length=288000
[INFO] Acquiring buffer from pool...
[INFO] Buffer acquired.
[INFO] Mmapping plane buffer...
[INFO] Mmap successful. Copying data...
[INFO] Data copied. Pooled buffer size: 270000
[INFO] RGB888 stream, no color conversion needed.
[INFO] Image already target size. No resize needed.
[INFO] Pushing TPU Stream to queue. Final dimensions: 300x300 format: '34324752'
[INFO] Push successful.
Warning: CsvLogger not found for module: tpu. Entry dropped.
Warning: CsvLogger not found for module: encoder. Entry dropped.
[INFO] CameraCapture: request_complete_callback invoked.
[INFO] Processing frame for Main Video Stream with format: '56595559'
[INFO] Frame buffer has 1 planes.
[INFO] Plane 0: fd=53, length=2654208
[INFO] Acquiring buffer from pool...
[INFO] Buffer acquired.
[INFO] Mmapping plane buffer...
[INFO] Mmap successful. Copying data...
[INFO] Data copied. Pooled buffer size: 2654208
[INFO] YUYV stream, no color conversion needed (assuming H264 takes YUYV).
[INFO] Image already target size. No resize needed.
[INFO] Pushing Main Video Stream to queue. Final dimensions: 1536x864 format: '56595559'
[INFO] Push successful.
[INFO] Processing frame for TPU Stream with format: '34324752'
[INFO] Frame buffer has 1 planes.
[INFO] Plane 0: fd=57, length=288000
[INFO] Acquiring buffer from pool...
[INFO] Buffer acquired.
[INFO] Mmapping plane buffer...
[INFO] Mmap successful. Copying data...
[INFO] Data copied. Pooled buffer size: 270000
[INFO] RGB888 stream, no color conversion needed.
[INFO] Image already target size. No resize needed.
[INFO] Pushing TPU Stream to queue. Final dimensions: 300x300 format: '34324752'
[INFO] Push successful.
Warning: CsvLogger not found for module: camera. Entry dropped.
Warning: CsvLogger not found for module: tpu. Entry dropped.
Warning: CsvLogger not found for module: encoder. Entry dropped.
Warning: CsvLogger not found for module: camera. Entry dropped.
[INFO] CameraCapture: request_complete_callback invoked.
[INFO] Processing frame for Main Video Stream with format: '56595559'
[INFO] Frame buffer has 1 planes.
[INFO] Plane 0: fd=50, length=2654208
[INFO] Acquiring buffer from pool...
[INFO] Buffer acquired.
[INFO] Mmapping plane buffer...
[INFO] Mmap successful. Copying data...
[INFO] Data copied. Pooled buffer size: 2654208
[INFO] YUYV stream, no color conversion needed (assuming H264 takes YUYV).
[INFO] Image already target size. No resize needed.
[INFO] Pushing Main Video Stream to queue. Final dimensions: 1536x864 format: '56595559'
[INFO] Push successful.
[INFO] Processing frame for TPU Stream with format: '34324752'
[INFO] Frame buffer has 1 planes.
[INFO] Plane 0: fd=54, length=288000
[INFO] Acquiring buffer from pool...
[INFO] Buffer acquired.
[INFO] Mmapping plane buffer...
[INFO] Mmap successful. Copying data...
[INFO] Data copied. Pooled buffer size: 270000
[INFO] RGB888 stream, no color conversion needed.
[INFO] Image already target size. No resize needed.
[INFO] Pushing TPU Stream to queue. Final dimensions: 300x300 format: '34324752'
[INFO] Push successful.
Warning: CsvLogger not found for module: encoder. Entry dropped.
Warning: CsvLogger not found for module: tpu. Entry dropped.
Warning: CsvLogger not found for module: camera. Entry dropped.
[INFO] CameraCapture: request_complete_callback invoked.
[INFO] Processing frame for Main Video Stream with format: '56595559'
[INFO] Frame buffer has 1 planes.
[INFO] Plane 0: fd=51, length=2654208
[INFO] Acquiring buffer from pool...
[INFO] Buffer acquired.
[INFO] Mmapping plane buffer...
[INFO] Mmap successful. Copying data...
[INFO] Data copied. Pooled buffer size: 2654208
[INFO] YUYV stream, no color conversion needed (assuming H264 takes YUYV).
[INFO] Image already target size. No resize needed.
[INFO] Pushing Main Video Stream to queue. Final dimensions: 1536x864 format: '56595559'
[INFO] Push successful.
[INFO] Processing frame for TPU Stream with format: '34324752'
[INFO] Frame buffer has 1 planes.
[INFO] Plane 0: fd=55, length=288000
[INFO] Acquiring buffer from pool...
[INFO] Buffer acquired.
[INFO] Mmapping plane buffer...
[INFO] Mmap successful. Copying data...
[INFO] Data copied. Pooled buffer size: 270000
[INFO] RGB888 stream, no color conversion needed.
[INFO] Image already target size. No resize needed.
[INFO] Pushing TPU Stream to queue. Final dimensions: 300x300 format: '34324752'
[INFO] Push successful.
Warning: CsvLogger not found for module: tpu. Entry dropped.
Warning: CsvLogger not found for module: encoder. Entry dropped.
[INFO] CameraCapture: request_complete_callback invoked.
[INFO] Processing frame for Main Video Stream with format: '56595559'
[INFO] Frame buffer has 1 planes.
[INFO] Plane 0: fd=52, length=2654208
[INFO] Acquiring buffer from pool...
[INFO] Buffer acquired.
[INFO] Mmapping plane buffer...
[INFO] Mmap successful. Copying data...
[INFO] Data copied. Pooled buffer size: 2654208
[INFO] YUYV stream, no color conversion needed (assuming H264 takes YUYV).
[INFO] Image already target size. No resize needed.
[INFO] Pushing Main Video Stream to queue. Final dimensions: 1536x864 format: '56595559'
[INFO] Push successful.
[INFO] Processing frame for TPU Stream with format: '34324752'
[INFO] Frame buffer has 1 planes.
[INFO] Plane 0: fd=56, length=288000
[INFO] Acquiring buffer from pool...
[INFO] Buffer acquired.
[INFO] Mmapping plane buffer...
[INFO] Mmap successful. Copying data...
[INFO] Data copied. Pooled buffer size: 270000
[INFO] RGB888 stream, no color conversion needed.
[INFO] Image already target size. No resize needed.
[INFO] Pushing TPU Stream to queue. Final dimensions: 300x300 format: '34324752'
[INFO] Push successful.
Warning: CsvLogger not found for module: camera. Entry dropped.
Warning: CsvLogger not found for module: tpu. Entry dropped.
Warning: CsvLogger not found for module: encoder. Entry dropped.
Warning: CsvLogger not found for module: camera. Entry dropped.
[INFO] CameraCapture: request_complete_callback invoked.
[INFO] Processing frame for Main Video Stream with format: '56595559'
[INFO] Frame buffer has 1 planes.
[INFO] Plane 0: fd=53, length=2654208
[INFO] Acquiring buffer from pool...
[INFO] Buffer acquired.
[INFO] Mmapping plane buffer...
[INFO] Mmap successful. Copying data...
[INFO] Data copied. Pooled buffer size: 2654208
[INFO] YUYV stream, no color conversion needed (assuming H264 takes YUYV).
[INFO] Image already target size. No resize needed.
[INFO] Pushing Main Video Stream to queue. Final dimensions: 1536x864 format: '56595559'
[INFO] Push successful.
[INFO] Processing frame for TPU Stream with format: '34324752'
[INFO] Frame buffer has 1 planes.
[INFO] Plane 0: fd=57, length=288000
[INFO] Acquiring buffer from pool...
[INFO] Buffer acquired.
[INFO] Mmapping plane buffer...
[INFO] Mmap successful. Copying data...
[INFO] Data copied. Pooled buffer size: 270000
[INFO] RGB888 stream, no color conversion needed.
[INFO] Image already target size. No resize needed.
[INFO] Pushing TPU Stream to queue. Final dimensions: 300x300 format: '34324752'
[INFO] Push successful.
Warning: CsvLogger not found for module: tpu. Entry dropped.
Warning: CsvLogger not found for module: encoder. Entry dropped.
[INFO] CameraCapture: request_complete_callback invoked.
[INFO] Processing frame for Main Video Stream with format: '56595559'
Warning: CsvLogger not found for module: camera. Entry dropped.
[INFO] Frame buffer has 1 planes.
[INFO] Plane 0: fd=50, length=2654208
[INFO] Acquiring buffer from pool...
[INFO] Buffer acquired.
[INFO] Mmapping plane buffer...
[INFO] Mmap successful. Copying data...
[INFO] Data copied. Pooled buffer size: 2654208
[INFO] YUYV stream, no color conversion needed (assuming H264 takes YUYV).
[INFO] Image already target size. No resize needed.
[INFO] Pushing Main Video Stream to queue. Final dimensions: 1536x864 format: '56595559'
[INFO] Push successful.
[INFO] Processing frame for TPU Stream with format: '34324752'
[INFO] Frame buffer has 1 planes.
[INFO] Plane 0: fd=54, length=288000
[INFO] Acquiring buffer from pool...
[INFO] Buffer acquired.
[INFO] Mmapping plane buffer...
[INFO] Mmap successful. Copying data...
[INFO] Data copied. Pooled buffer size: 270000
[INFO] RGB888 stream, no color conversion needed.
[INFO] Image already target size. No resize needed.
[INFO] Pushing TPU Stream to queue. Final dimensions: 300x300 format: '34324752'
[INFO] Push successful.
Warning: CsvLogger not found for module: tpu. Entry dropped.
Warning: CsvLogger not found for module: encoder. Entry dropped.
[INFO] CameraCapture: request_complete_callback invoked.
[INFO] Processing frame for Main Video Stream with format: '56595559'
Warning: CsvLogger not found for module: camera. Entry dropped.
[INFO] Frame buffer has 1 planes.
[INFO] Plane 0: fd=51, length=2654208
[INFO] Acquiring buffer from pool...
[INFO] Buffer acquired.
[INFO] Mmapping plane buffer...
[INFO] Mmap successful. Copying data...
[INFO] Data copied. Pooled buffer size: 2654208
[INFO] YUYV stream, no color conversion needed (assuming H264 takes YUYV).
[INFO] Image already target size. No resize needed.
[INFO] Pushing Main Video Stream to queue. Final dimensions: 1536x864 format: '56595559'
[INFO] Push successful.
[INFO] Processing frame for TPU Stream with format: '34324752'
[INFO] Frame buffer has 1 planes.
[INFO] Plane 0: fd=55, length=288000
[INFO] Acquiring buffer from pool...
[INFO] Buffer acquired.
[INFO] Mmapping plane buffer...
[INFO] Mmap successful. Copying data...
[INFO] Data copied. Pooled buffer size: 270000
[INFO] RGB888 stream, no color conversion needed.
[INFO] Image already target size. No resize needed.
[INFO] Pushing TPU Stream to queue. Final dimensions: 300x300 format: '34324752'
[INFO] Push successful.
Warning: CsvLogger not found for module: tpu. Entry dropped.
Warning: CsvLogger not found for module: encoder. Entry dropped.
[INFO] CameraCapture: request_complete_callback invoked.
[INFO] Processing frame for Main Video Stream with format: '56595559'
[INFO] Frame buffer has 1 planes.
[INFO] Plane 0: fd=52, length=2654208
[INFO] Acquiring buffer from pool...
[INFO] Buffer acquired.
[INFO] Mmapping plane buffer...
[INFO] Mmap successful. Copying data...
[INFO] Data copied. Pooled buffer size: 2654208
[INFO] YUYV stream, no color conversion needed (assuming H264 takes YUYV).
[INFO] Image already target size. No resize needed.
[INFO] Pushing Main Video Stream to queue. Final dimensions: 1536x864 format: '56595559'
[INFO] Push successful.
[INFO] Processing frame for TPU Stream with format: '34324752'
[INFO] Frame buffer has 1 planes.
[INFO] Plane 0: fd=56, length=288000
[INFO] Acquiring buffer from pool...
[INFO] Buffer acquired.
[INFO] Mmapping plane buffer...
[INFO] Mmap successful. Copying data...
[INFO] Data copied. Pooled buffer size: 270000
[INFO] RGB888 stream, no color conversion needed.
[INFO] Image already target size. No resize needed.
[INFO] Pushing TPU Stream to queue. Final dimensions: 300x300 format: '34324752'
[INFO] Push successful.
Warning: CsvLogger not found for module: camera. Entry dropped.
Warning: CsvLogger not found for module: tpu. Entry dropped.
Warning: CsvLogger not found for module: encoder. Entry dropped.
Warning: CsvLogger not found for module: camera. Entry dropped.
[INFO] CameraCapture: request_complete_callback invoked.
[INFO] Processing frame for Main Video Stream with format: '56595559'
[INFO] Frame buffer has 1 planes.
[INFO] Plane 0: fd=53, length=2654208
[INFO] Acquiring buffer from pool...
[INFO] Buffer acquired.
[INFO] Mmapping plane buffer...
[INFO] Mmap successful. Copying data...
[INFO] Data copied. Pooled buffer size: 2654208
[INFO] YUYV stream, no color conversion needed (assuming H264 takes YUYV).
[INFO] Image already target size. No resize needed.
[INFO] Pushing Main Video Stream to queue. Final dimensions: 1536x864 format: '56595559'
[INFO] Push successful.
[INFO] Processing frame for TPU Stream with format: '34324752'
[INFO] Frame buffer has 1 planes.
[INFO] Plane 0: fd=57, length=288000
[INFO] Acquiring buffer from pool...
[INFO] Buffer acquired.
[INFO] Mmapping plane buffer...
[INFO] Mmap successful. Copying data...
[INFO] Data copied. Pooled buffer size: 270000
[INFO] RGB888 stream, no color conversion needed.
[INFO] Image already target size. No resize needed.
[INFO] Pushing TPU Stream to queue. Final dimensions: 300x300 format: '34324752'
[INFO] Push successful.
Warning: CsvLogger not found for module: encoder. Entry dropped.
Warning: CsvLogger not found for module: tpu. Entry dropped.
[INFO] CameraCapture: request_complete_callback invoked.
[INFO] Processing frame for Main Video Stream with format: '56595559'
[INFO] Frame buffer has 1 planes.
[INFO] Plane 0: fd=50, length=2654208
[INFO] Acquiring buffer from pool...
[INFO] Buffer acquired.
[INFO] Mmapping plane buffer...
[INFO] Mmap successful. Copying data...
[INFO] Data copied. Pooled buffer size: 2654208
[INFO] YUYV stream, no color conversion needed (assuming H264 takes YUYV).
[INFO] Image already target size. No resize needed.
[INFO] Pushing Main Video Stream to queue. Final dimensions: 1536x864 format: '56595559'
[INFO] Push successful.
[INFO] Processing frame for TPU Stream with format: '34324752'
[INFO] Frame buffer has 1 planes.
[INFO] Plane 0: fd=54, length=288000
[INFO] Acquiring buffer from pool...
[INFO] Buffer acquired.
[INFO] Mmapping plane buffer...
[INFO] Mmap successful. Copying data...
[INFO] Data copied. Pooled buffer size: 270000
[INFO] RGB888 stream, no color conversion needed.
[INFO] Image already target size. No resize needed.
[INFO] Pushing TPU Stream to queue. Final dimensions: 300x300 format: '34324752'
[INFO] Push successful.
Warning: CsvLogger not found for module: camera. Entry dropped.
Warning: CsvLogger not found for module: encoder. Entry dropped.
Warning: CsvLogger not found for module: tpu. Entry dropped.
Warning: CsvLogger not found for module: camera. Entry dropped.
[INFO] CameraCapture: request_complete_callback invoked.
[INFO] Processing frame for Main Video Stream with format: '56595559'
[INFO] Frame buffer has 1 planes.
[INFO] Plane 0: fd=51, length=2654208
[INFO] Acquiring buffer from pool...
[INFO] Buffer acquired.
[INFO] Mmapping plane buffer...
[INFO] Mmap successful. Copying data...
[INFO] Data copied. Pooled buffer size: 2654208
[INFO] YUYV stream, no color conversion needed (assuming H264 takes YUYV).
[INFO] Image already target size. No resize needed.
[INFO] Pushing Main Video Stream to queue. Final dimensions: 1536x864 format: '56595559'
[INFO] Push successful.
[INFO] Processing frame for TPU Stream with format: '34324752'
[INFO] Frame buffer has 1 planes.
[INFO] Plane 0: fd=55, length=288000
[INFO] Acquiring buffer from pool...
[INFO] Buffer acquired.
[INFO] Mmapping plane buffer...
[INFO] Mmap successful. Copying data...
[INFO] Data copied. Pooled buffer size: 270000
[INFO] RGB888 stream, no color conversion needed.
[INFO] Image already target size. No resize needed.
[INFO] Pushing TPU Stream to queue. Final dimensions: 300x300 format: '34324752'
[INFO] Push successful.
Warning: CsvLogger not found for module: tpu. Entry dropped.
Warning: CsvLogger not found for module: encoder. Entry dropped.
[INFO] CameraCapture: request_complete_callback invoked.
[INFO] Processing frame for Main Video Stream with format: '56595559'
[INFO] Frame buffer has 1 planes.
[INFO] Plane 0: fd=52, length=2654208
[INFO] Acquiring buffer from pool...
[INFO] Buffer acquired.
[INFO] Mmapping plane buffer...
[INFO] Mmap successful. Copying data...
[INFO] Data copied. Pooled buffer size: 2654208
[INFO] YUYV stream, no color conversion needed (assuming H264 takes YUYV).
[INFO] Image already target size. No resize needed.
[INFO] Pushing Main Video Stream to queue. Final dimensions: 1536x864 format: '56595559'
[INFO] Push successful.
[INFO] Processing frame for TPU Stream with format: '34324752'
[INFO] Frame buffer has 1 planes.
[INFO] Plane 0: fd=56, length=288000
[INFO] Acquiring buffer from pool...
[INFO] Buffer acquired.
[INFO] Mmapping plane buffer...
[INFO] Mmap successful. Copying data...
[INFO] Data copied. Pooled buffer size: 270000
[INFO] RGB888 stream, no color conversion needed.
[INFO] Image already target size. No resize needed.
[INFO] Pushing TPU Stream to queue. Final dimensions: 300x300 format: '34324752'
[INFO] Push successful.
Warning: CsvLogger not found for module: camera. Entry dropped.
Warning: CsvLogger not found for module: tpu. Entry dropped.
Warning: CsvLogger not found for module: encoder. Entry dropped.
[INFO] CameraCapture: request_complete_callback invoked.
[INFO] Processing frame for Main Video Stream with format: '56595559'
Warning: CsvLogger not found for module: camera. Entry dropped.
[INFO] Frame buffer has 1 planes.
[INFO] Plane 0: fd=53, length=2654208
[INFO] Acquiring buffer from pool...
[INFO] Buffer acquired.
[INFO] Mmapping plane buffer...
[INFO] Mmap successful. Copying data...
[INFO] Data copied. Pooled buffer size: 2654208
[INFO] YUYV stream, no color conversion needed (assuming H264 takes YUYV).
[INFO] Image already target size. No resize needed.
[INFO] Pushing Main Video Stream to queue. Final dimensions: 1536x864 format: '56595559'
[INFO] Push successful.
[INFO] Processing frame for TPU Stream with format: '34324752'
[INFO] Frame buffer has 1 planes.
[INFO] Plane 0: fd=57, length=288000
[INFO] Acquiring buffer from pool...
[INFO] Buffer acquired.
[INFO] Mmapping plane buffer...
[INFO] Mmap successful. Copying data...
[INFO] Data copied. Pooled buffer size: 270000
[INFO] RGB888 stream, no color conversion needed.
[INFO] Image already target size. No resize needed.
[INFO] Pushing TPU Stream to queue. Final dimensions: 300x300 format: '34324752'
[INFO] Push successful.
Warning: CsvLogger not found for module: tpu. Entry dropped.
Warning: CsvLogger not found for module: encoder. Entry dropped.
[INFO] CameraCapture: request_complete_callback invoked.
[INFO] Processing frame for Main Video Stream with format: '56595559'
Warning: CsvLogger not found for module: camera. Entry dropped.
[INFO] Frame buffer has 1 planes.
[INFO] Plane 0: fd=50, length=2654208
[INFO] Acquiring buffer from pool...
[INFO] Buffer acquired.
[INFO] Mmapping plane buffer...
[INFO] Mmap successful. Copying data...
[INFO] Data copied. Pooled buffer size: 2654208
[INFO] YUYV stream, no color conversion needed (assuming H264 takes YUYV).
[INFO] Image already target size. No resize needed.
[INFO] Pushing Main Video Stream to queue. Final dimensions: 1536x864 format: '56595559'
[INFO] Push successful.
[INFO] Processing frame for TPU Stream with format: '34324752'
[INFO] Frame buffer has 1 planes.
[INFO] Plane 0: fd=54, length=288000
[INFO] Acquiring buffer from pool...
[INFO] Buffer acquired.
[INFO] Mmapping plane buffer...
[INFO] Mmap successful. Copying data...
[INFO] Data copied. Pooled buffer size: 270000
[INFO] RGB888 stream, no color conversion needed.
[INFO] Image already target size. No resize needed.
[INFO] Pushing TPU Stream to queue. Final dimensions: 300x300 format: '34324752'
[INFO] Push successful.
Warning: CsvLogger not found for module: tpu. Entry dropped.
Warning: CsvLogger not found for module: encoder. Entry dropped.
[INFO] CameraCapture: request_complete_callback invoked.
[INFO] Processing frame for Main Video Stream with format: '56595559'
Warning: CsvLogger not found for module: camera. Entry dropped.
[INFO] Frame buffer has 1 planes.
[INFO] Plane 0: fd=51, length=2654208
[INFO] Acquiring buffer from pool...
[INFO] Buffer acquired.
[INFO] Mmapping plane buffer...
[INFO] Mmap successful. Copying data...
[INFO] Data copied. Pooled buffer size: 2654208
[INFO] YUYV stream, no color conversion needed (assuming H264 takes YUYV).
[INFO] Image already target size. No resize needed.
[INFO] Pushing Main Video Stream to queue. Final dimensions: 1536x864 format: '56595559'
[INFO] Push successful.
[INFO] Processing frame for TPU Stream with format: '34324752'
[INFO] Frame buffer has 1 planes.
[INFO] Plane 0: fd=55, length=288000
[INFO] Acquiring buffer from pool...
[INFO] Buffer acquired.
[INFO] Mmapping plane buffer...
[INFO] Mmap successful. Copying data...
[INFO] Data copied. Pooled buffer size: 270000
[INFO] RGB888 stream, no color conversion needed.
[INFO] Image already target size. No resize needed.
[INFO] Pushing TPU Stream to queue. Final dimensions: 300x300 format: '34324752'
[INFO] Push successful.
Warning: CsvLogger not found for module: encoder. Entry dropped.
Warning: CsvLogger not found for module: tpu. Entry dropped.
[INFO] CameraCapture: request_complete_callback invoked.
[INFO] Processing frame for Main Video Stream with format: '56595559'
Warning: CsvLogger not found for module: camera. Entry dropped.
[INFO] Frame buffer has 1 planes.
[INFO] Plane 0: fd=52, length=2654208
[INFO] Acquiring buffer from pool...
[INFO] Buffer acquired.
[INFO] Mmapping plane buffer...
[INFO] Mmap successful. Copying data...
[INFO] Data copied. Pooled buffer size: 2654208
[INFO] YUYV stream, no color conversion needed (assuming H264 takes YUYV).
[INFO] Image already target size. No resize needed.
[INFO] Pushing Main Video Stream to queue. Final dimensions: 1536x864 format: '56595559'
[INFO] Push successful.
[INFO] Processing frame for TPU Stream with format: '34324752'
[INFO] Frame buffer has 1 planes.
[INFO] Plane 0: fd=56, length=288000
[INFO] Acquiring buffer from pool...
[INFO] Buffer acquired.
[INFO] Mmapping plane buffer...
[INFO] Mmap successful. Copying data...
[INFO] Data copied. Pooled buffer size: 270000
[INFO] RGB888 stream, no color conversion needed.
[INFO] Image already target size. No resize needed.
[INFO] Pushing TPU Stream to queue. Final dimensions: 300x300 format: '34324752'
[INFO] Push successful.
Warning: CsvLogger not found for module: tpu. Entry dropped.
Warning: CsvLogger not found for module: encoder. Entry dropped.
[INFO] CameraCapture: request_complete_callback invoked.
[INFO] Processing frame for Main Video Stream with format: '56595559'
Warning: CsvLogger not found for module: camera. Entry dropped.
[INFO] Frame buffer has 1 planes.
[INFO] Plane 0: fd=53, length=2654208
[INFO] Acquiring buffer from pool...
[INFO] Buffer acquired.
[INFO] Mmapping plane buffer...
[INFO] Mmap successful. Copying data...
[INFO] Data copied. Pooled buffer size: 2654208
[INFO] YUYV stream, no color conversion needed (assuming H264 takes YUYV).
[INFO] Image already target size. No resize needed.
[INFO] Pushing Main Video Stream to queue. Final dimensions: 1536x864 format: '56595559'
[INFO] Push successful.
[INFO] Processing frame for TPU Stream with format: '34324752'
[INFO] Frame buffer has 1 planes.
[INFO] Plane 0: fd=57, length=288000
[INFO] Acquiring buffer from pool...
[INFO] Buffer acquired.
[INFO] Mmapping plane buffer...
[INFO] Mmap successful. Copying data...
[INFO] Data copied. Pooled buffer size: 270000
[INFO] RGB888 stream, no color conversion needed.
[INFO] Image already target size. No resize needed.
[INFO] Pushing TPU Stream to queue. Final dimensions: 300x300 format: '34324752'
[INFO] Push successful.
Warning: CsvLogger not found for module: tpu. Entry dropped.
Warning: CsvLogger not found for module: encoder. Entry dropped.
[INFO] CameraCapture: request_complete_callback invoked.
[INFO] Processing frame for Main Video Stream with format: '56595559'
Warning: CsvLogger not found for module: camera. Entry dropped.
[INFO] Frame buffer has 1 planes.
[INFO] Plane 0: fd=50, length=2654208
[INFO] Acquiring buffer from pool...
[INFO] Buffer acquired.
[INFO] Mmapping plane buffer...
[INFO] Mmap successful. Copying data...
[INFO] Data copied. Pooled buffer size: 2654208
[INFO] YUYV stream, no color conversion needed (assuming H264 takes YUYV).
[INFO] Image already target size. No resize needed.
[INFO] Pushing Main Video Stream to queue. Final dimensions: 1536x864 format: '56595559'
[INFO] Push successful.
[INFO] Processing frame for TPU Stream with format: '34324752'
[INFO] Frame buffer has 1 planes.
[INFO] Plane 0: fd=54, length=288000
[INFO] Acquiring buffer from pool...
[INFO] Buffer acquired.
[INFO] Mmapping plane buffer...
[INFO] Mmap successful. Copying data...
[INFO] Data copied. Pooled buffer size: 270000
[INFO] RGB888 stream, no color conversion needed.
[INFO] Image already target size. No resize needed.
[INFO] Pushing TPU Stream to queue. Final dimensions: 300x300 format: '34324752'
[INFO] Push successful.
Warning: CsvLogger not found for module: tpu. Entry dropped.
Warning: CsvLogger not found for module: encoder. Entry dropped.
[INFO] CameraCapture: request_complete_callback invoked.
[INFO] Processing frame for Main Video Stream with format: '56595559'
Warning: CsvLogger not found for module: camera. Entry dropped.
[INFO] Frame buffer has 1 planes.
[INFO] Plane 0: fd=51, length=2654208
[INFO] Acquiring buffer from pool...
[INFO] Buffer acquired.
[INFO] Mmapping plane buffer...
[INFO] Mmap successful. Copying data...
[INFO] Data copied. Pooled buffer size: 2654208
[INFO] YUYV stream, no color conversion needed (assuming H264 takes YUYV).
[INFO] Image already target size. No resize needed.
[INFO] Pushing Main Video Stream to queue. Final dimensions: 1536x864 format: '56595559'
[INFO] Push successful.
[INFO] Processing frame for TPU Stream with format: '34324752'
[INFO] Frame buffer has 1 planes.
[INFO] Plane 0: fd=55, length=288000
[INFO] Acquiring buffer from pool...
[INFO] Buffer acquired.
[INFO] Mmapping plane buffer...
[INFO] Mmap successful. Copying data...
[INFO] Data copied. Pooled buffer size: 270000
[INFO] RGB888 stream, no color conversion needed.
[INFO] Image already target size. No resize needed.
[INFO] Pushing TPU Stream to queue. Final dimensions: 300x300 format: '34324752'
[INFO] Push successful.
Warning: CsvLogger not found for module: encoder. Entry dropped.
Warning: CsvLogger not found for module: tpu. Entry dropped.
[INFO] CameraCapture: request_complete_callback invoked.
Warning: CsvLogger not found for module: camera. Entry dropped.
[INFO] Processing frame for Main Video Stream with format: '56595559'
[INFO] Frame buffer has 1 planes.
[INFO] Plane 0: fd=52, length=2654208
[INFO] Acquiring buffer from pool...
[INFO] Buffer acquired.
[INFO] Mmapping plane buffer...
[INFO] Mmap successful. Copying data...
[INFO] Data copied. Pooled buffer size: 2654208
[INFO] YUYV stream, no color conversion needed (assuming H264 takes YUYV).
[INFO] Image already target size. No resize needed.
[INFO] Pushing Main Video Stream to queue. Final dimensions: 1536x864 format: '56595559'
[INFO] Push successful.
[INFO] Processing frame for TPU Stream with format: '34324752'
[INFO] Frame buffer has 1 planes.
[INFO] Plane 0: fd=56, length=288000
[INFO] Acquiring buffer from pool...
[INFO] Buffer acquired.
[INFO] Mmapping plane buffer...
[INFO] Mmap successful. Copying data...
[INFO] Data copied. Pooled buffer size: 270000
[INFO] RGB888 stream, no color conversion needed.
[INFO] Image already target size. No resize needed.
[INFO] Pushing TPU Stream to queue. Final dimensions: 300x300 format: '34324752'
[INFO] Push successful.
Warning: CsvLogger not found for module: encoder. Entry dropped.
Warning: CsvLogger not found for module: tpu. Entry dropped.
[INFO] CameraCapture: request_complete_callback invoked.
[INFO] Processing frame for Main Video Stream with format: '56595559'
[INFO] Frame buffer has 1 planes.
[INFO] Plane 0: fd=53, length=2654208
[INFO] Acquiring buffer from pool...
[INFO] Buffer acquired.
[INFO] Mmapping plane buffer...
[INFO] Mmap successful. Copying data...
[INFO] Data copied. Pooled buffer size: 2654208
[INFO] YUYV stream, no color conversion needed (assuming H264 takes YUYV).
[INFO] Image already target size. No resize needed.
[INFO] Pushing Main Video Stream to queue. Final dimensions: 1536x864 format: '56595559'
[INFO] Push successful.
[INFO] Processing frame for TPU Stream with format: '34324752'
[INFO] Frame buffer has 1 planes.
[INFO] Plane 0: fd=57, length=288000
[INFO] Acquiring buffer from pool...
[INFO] Buffer acquired.
[INFO] Mmapping plane buffer...
[INFO] Mmap successful. Copying data...
[INFO] Data copied. Pooled buffer size: 270000
[INFO] RGB888 stream, no color conversion needed.
[INFO] Image already target size. No resize needed.
[INFO] Pushing TPU Stream to queue. Final dimensions: 300x300 format: '34324752'
[INFO] Push successful.
Warning: CsvLogger not found for module: camera. Entry dropped.
Warning: CsvLogger not found for module: tpu. Entry dropped.
Warning: CsvLogger not found for module: encoder. Entry dropped.
Warning: CsvLogger not found for module: camera. Entry dropped.
[INFO] CameraCapture: request_complete_callback invoked.
[INFO] Processing frame for Main Video Stream with format: '56595559'
[INFO] Frame buffer has 1 planes.
[INFO] Plane 0: fd=50, length=2654208
[INFO] Acquiring buffer from pool...
[INFO] Buffer acquired.
[INFO] Mmapping plane buffer...
[INFO] Mmap successful. Copying data...
[INFO] Data copied. Pooled buffer size: 2654208
[INFO] YUYV stream, no color conversion needed (assuming H264 takes YUYV).
[INFO] Image already target size. No resize needed.
[INFO] Pushing Main Video Stream to queue. Final dimensions: 1536x864 format: '56595559'
[INFO] Push successful.
[INFO] Processing frame for TPU Stream with format: '34324752'
[INFO] Frame buffer has 1 planes.
[INFO] Plane 0: fd=54, length=288000
[INFO] Acquiring buffer from pool...
[INFO] Buffer acquired.
[INFO] Mmapping plane buffer...
[INFO] Mmap successful. Copying data...
[INFO] Data copied. Pooled buffer size: 270000
[INFO] RGB888 stream, no color conversion needed.
[INFO] Image already target size. No resize needed.
[INFO] Pushing TPU Stream to queue. Final dimensions: 300x300 format: '34324752'
[INFO] Push successful.
Warning: CsvLogger not found for module: tpu. Entry dropped.
Warning: CsvLogger not found for module: encoder. Entry dropped.
[INFO] CameraCapture: request_complete_callback invoked.
[INFO] Processing frame for Main Video Stream with format: '56595559'
[INFO] Frame buffer has 1 planes.
[INFO] Plane 0: fd=51, length=2654208
[INFO] Acquiring buffer from pool...
[INFO] Buffer acquired.
[INFO] Mmapping plane buffer...
[INFO] Mmap successful. Copying data...
[INFO] Data copied. Pooled buffer size: 2654208
[INFO] YUYV stream, no color conversion needed (assuming H264 takes YUYV).
[INFO] Image already target size. No resize needed.
[INFO] Pushing Main Video Stream to queue. Final dimensions: 1536x864 format: '56595559'
[INFO] Push successful.
[INFO] Processing frame for TPU Stream with format: '34324752'
[INFO] Frame buffer has 1 planes.
[INFO] Plane 0: fd=55, length=288000
[INFO] Acquiring buffer from pool...
[INFO] Buffer acquired.
[INFO] Mmapping plane buffer...
[INFO] Mmap successful. Copying data...
[INFO] Data copied. Pooled buffer size: 270000
[INFO] RGB888 stream, no color conversion needed.
[INFO] Image already target size. No resize needed.
[INFO] Pushing TPU Stream to queue. Final dimensions: 300x300 format: '34324752'
[INFO] Push successful.
Warning: CsvLogger not found for module: camera. Entry dropped.
Warning: CsvLogger not found for module: tpu. Entry dropped.
Warning: CsvLogger not found for module: encoder. Entry dropped.
Warning: CsvLogger not found for module: camera. Entry dropped.
[INFO] CameraCapture: request_complete_callback invoked.
[INFO] Processing frame for Main Video Stream with format: '56595559'
[INFO] Frame buffer has 1 planes.
[INFO] Plane 0: fd=52, length=2654208
[INFO] Acquiring buffer from pool...
[INFO] Buffer acquired.
[INFO] Mmapping plane buffer...
[INFO] Mmap successful. Copying data...
[INFO] Data copied. Pooled buffer size: 2654208
[INFO] YUYV stream, no color conversion needed (assuming H264 takes YUYV).
[INFO] Image already target size. No resize needed.
[INFO] Pushing Main Video Stream to queue. Final dimensions: 1536x864 format: '56595559'
[INFO] Push successful.
[INFO] Processing frame for TPU Stream with format: '34324752'
[INFO] Frame buffer has 1 planes.
[INFO] Plane 0: fd=56, length=288000
[INFO] Acquiring buffer from pool...
[INFO] Buffer acquired.
[INFO] Mmapping plane buffer...
[INFO] Mmap successful. Copying data...
[INFO] Data copied. Pooled buffer size: 270000
[INFO] RGB888 stream, no color conversion needed.
[INFO] Image already target size. No resize needed.
[INFO] Pushing TPU Stream to queue. Final dimensions: 300x300 format: '34324752'
[INFO] Push successful.
Warning: CsvLogger not found for module: encoder. Entry dropped.
Warning: CsvLogger not found for module: tpu. Entry dropped.
[INFO] CameraCapture: request_complete_callback invoked.
[INFO] Processing frame for Main Video Stream with format: '56595559'
[INFO] Frame buffer has 1 planes.
[INFO] Plane 0: fd=53, length=2654208
[INFO] Acquiring buffer from pool...
[INFO] Buffer acquired.
[INFO] Mmapping plane buffer...
[INFO] Mmap successful. Copying data...
[INFO] Data copied. Pooled buffer size: 2654208
[INFO] YUYV stream, no color conversion needed (assuming H264 takes YUYV).
[INFO] Image already target size. No resize needed.
[INFO] Pushing Main Video Stream to queue. Final dimensions: 1536x864 format: '56595559'
[INFO] Push successful.
[INFO] Processing frame for TPU Stream with format: '34324752'
[INFO] Frame buffer has 1 planes.
[INFO] Plane 0: fd=57, length=288000
[INFO] Acquiring buffer from pool...
[INFO] Buffer acquired.
[INFO] Mmapping plane buffer...
[INFO] Mmap successful. Copying data...
[INFO] Data copied. Pooled buffer size: 270000
[INFO] RGB888 stream, no color conversion needed.
[INFO] Image already target size. No resize needed.
[INFO] Pushing TPU Stream to queue. Final dimensions: 300x300 format: '34324752'
[INFO] Push successful.
Warning: CsvLogger not found for module: camera. Entry dropped.
Warning: CsvLogger not found for module: tpu. Entry dropped.
Warning: CsvLogger not found for module: encoder. Entry dropped.
Warning: CsvLogger not found for module: camera. Entry dropped.
[INFO] CameraCapture: request_complete_callback invoked.
[INFO] Processing frame for Main Video Stream with format: '56595559'
[INFO] Frame buffer has 1 planes.
[INFO] Plane 0: fd=50, length=2654208
[INFO] Acquiring buffer from pool...
[INFO] Buffer acquired.
[INFO] Mmapping plane buffer...
[INFO] Mmap successful. Copying data...
[INFO] Data copied. Pooled buffer size: 2654208
[INFO] YUYV stream, no color conversion needed (assuming H264 takes YUYV).
[INFO] Image already target size. No resize needed.
[INFO] Pushing Main Video Stream to queue. Final dimensions: 1536x864 format: '56595559'
[INFO] Push successful.
[INFO] Processing frame for TPU Stream with format: '34324752'
[INFO] Frame buffer has 1 planes.
[INFO] Plane 0: fd=54, length=288000
[INFO] Acquiring buffer from pool...
[INFO] Buffer acquired.
[INFO] Mmapping plane buffer...
[INFO] Mmap successful. Copying data...
[INFO] Data copied. Pooled buffer size: 270000
[INFO] RGB888 stream, no color conversion needed.
[INFO] Image already target size. No resize needed.
[INFO] Pushing TPU Stream to queue. Final dimensions: 300x300 format: '34324752'
[INFO] Push successful.
Warning: CsvLogger not found for module: tpu. Entry dropped.
Warning: CsvLogger not found for module: encoder. Entry dropped.
Warning: CsvLogger not found for module: camera. Entry dropped.
[INFO] CameraCapture: request_complete_callback invoked.
[INFO] Processing frame for Main Video Stream with format: '56595559'
[INFO] Frame buffer has 1 planes.
[INFO] Plane 0: fd=51, length=2654208
[INFO] Acquiring buffer from pool...
[INFO] Buffer acquired.
[INFO] Mmapping plane buffer...
[INFO] Mmap successful. Copying data...
[INFO] Data copied. Pooled buffer size: 2654208
[INFO] YUYV stream, no color conversion needed (assuming H264 takes YUYV).
[INFO] Image already target size. No resize needed.
[INFO] Pushing Main Video Stream to queue. Final dimensions: 1536x864 format: '56595559'
[INFO] Push successful.
[INFO] Processing frame for TPU Stream with format: '34324752'
[INFO] Frame buffer has 1 planes.
[INFO] Plane 0: fd=55, length=288000
[INFO] Acquiring buffer from pool...
[INFO] Buffer acquired.
[INFO] Mmapping plane buffer...
[INFO] Mmap successful. Copying data...
[INFO] Data copied. Pooled buffer size: 270000
[INFO] RGB888 stream, no color conversion needed.
[INFO] Image already target size. No resize needed.
[INFO] Pushing TPU Stream to queue. Final dimensions: 300x300 format: '34324752'
[INFO] Push successful.
Warning: CsvLogger not found for module: tpu. Entry dropped.
Warning: CsvLogger not found for module: encoder. Entry dropped.
Warning: CsvLogger not found for module: camera. Entry dropped.
[INFO] CameraCapture: request_complete_callback invoked.
[INFO] Processing frame for Main Video Stream with format: '56595559'
[INFO] Frame buffer has 1 planes.
[INFO] Plane 0: fd=52, length=2654208
[INFO] Acquiring buffer from pool...
[INFO] Buffer acquired.
[INFO] Mmapping plane buffer...
[INFO] Mmap successful. Copying data...
[INFO] Data copied. Pooled buffer size: 2654208
[INFO] YUYV stream, no color conversion needed (assuming H264 takes YUYV).
[INFO] Image already target size. No resize needed.
[INFO] Pushing Main Video Stream to queue. Final dimensions: 1536x864 format: '56595559'
[INFO] Push successful.
[INFO] Processing frame for TPU Stream with format: '34324752'
[INFO] Frame buffer has 1 planes.
[INFO] Plane 0: fd=56, length=288000
[INFO] Acquiring buffer from pool...
[INFO] Buffer acquired.
[INFO] Mmapping plane buffer...
[INFO] Mmap successful. Copying data...
[INFO] Data copied. Pooled buffer size: 270000
[INFO] RGB888 stream, no color conversion needed.
[INFO] Image already target size. No resize needed.
[INFO] Pushing TPU Stream to queue. Final dimensions: 300x300 format: '34324752'
[INFO] Push successful.
Warning: CsvLogger not found for module: encoder. Entry dropped.
Warning: CsvLogger not found for module: tpu. Entry dropped.
[INFO] CameraCapture: request_complete_callback invoked.
[INFO] Processing frame for Main Video Stream with format: '56595559'
[INFO] Frame buffer has 1 planes.
[INFO] Plane 0: fd=53, length=2654208
[INFO] Acquiring buffer from pool...
[INFO] Buffer acquired.
[INFO] Mmapping plane buffer...
[INFO] Mmap successful. Copying data...
[INFO] Data copied. Pooled buffer size: 2654208
[INFO] YUYV stream, no color conversion needed (assuming H264 takes YUYV).
[INFO] Image already target size. No resize needed.
[INFO] Pushing Main Video Stream to queue. Final dimensions: 1536x864 format: '56595559'
[INFO] Push successful.
[INFO] Processing frame for TPU Stream with format: '34324752'
[INFO] Frame buffer has 1 planes.
[INFO] Plane 0: fd=57, length=288000
[INFO] Acquiring buffer from pool...
[INFO] Buffer acquired.
[INFO] Mmapping plane buffer...
[INFO] Mmap successful. Copying data...
[INFO] Data copied. Pooled buffer size: 270000
[INFO] RGB888 stream, no color conversion needed.
[INFO] Image already target size. No resize needed.
[INFO] Pushing TPU Stream to queue. Final dimensions: 300x300 format: '34324752'
[INFO] Push successful.
Warning: CsvLogger not found for module: camera. Entry dropped.
Warning: CsvLogger not found for module: encoder. Entry dropped.
Warning: CsvLogger not found for module: tpu. Entry dropped.
Warning: CsvLogger not found for module: camera. Entry dropped.
[INFO] CameraCapture: request_complete_callback invoked.
[INFO] Processing frame for Main Video Stream with format: '56595559'
[INFO] Frame buffer has 1 planes.
[INFO] Plane 0: fd=50, length=2654208
[INFO] Acquiring buffer from pool...
[INFO] Buffer acquired.
[INFO] Mmapping plane buffer...
[INFO] Mmap successful. Copying data...
[INFO] Data copied. Pooled buffer size: 2654208
[INFO] YUYV stream, no color conversion needed (assuming H264 takes YUYV).
[INFO] Image already target size. No resize needed.
[INFO] Pushing Main Video Stream to queue. Final dimensions: 1536x864 format: '56595559'
[INFO] Push successful.
[INFO] Processing frame for TPU Stream with format: '34324752'
[INFO] Frame buffer has 1 planes.
[INFO] Plane 0: fd=54, length=288000
[INFO] Acquiring buffer from pool...
[INFO] Buffer acquired.
[INFO] Mmapping plane buffer...
[INFO] Mmap successful. Copying data...
[INFO] Data copied. Pooled buffer size: 270000
[INFO] RGB888 stream, no color conversion needed.
[INFO] Image already target size. No resize needed.
[INFO] Pushing TPU Stream to queue. Final dimensions: 300x300 format: '34324752'
[INFO] Push successful.
Warning: CsvLogger not found for module: tpu. Entry dropped.
Warning: CsvLogger not found for module: encoder. Entry dropped.
[INFO] CameraCapture: request_complete_callback invoked.
[INFO] Processing frame for Main Video Stream with format: '56595559'
[INFO] Frame buffer has 1 planes.
[INFO] Plane 0: fd=51, length=2654208
[INFO] Acquiring buffer from pool...
[INFO] Buffer acquired.
[INFO] Mmapping plane buffer...
[INFO] Mmap successful. Copying data...
[INFO] Data copied. Pooled buffer size: 2654208
[INFO] YUYV stream, no color conversion needed (assuming H264 takes YUYV).
[INFO] Image already target size. No resize needed.
[INFO] Pushing Main Video Stream to queue. Final dimensions: 1536x864 format: '56595559'
[INFO] Push successful.
[INFO] Processing frame for TPU Stream with format: '34324752'
[INFO] Frame buffer has 1 planes.
[INFO] Plane 0: fd=55, length=288000
[INFO] Acquiring buffer from pool...
[INFO] Buffer acquired.
[INFO] Mmapping plane buffer...
[INFO] Mmap successful. Copying data...
[INFO] Data copied. Pooled buffer size: 270000
[INFO] RGB888 stream, no color conversion needed.
[INFO] Image already target size. No resize needed.
[INFO] Pushing TPU Stream to queue. Final dimensions: 300x300 format: '34324752'
[INFO] Push successful.
Warning: CsvLogger not found for module: camera. Entry dropped.
Warning: CsvLogger not found for module: tpu. Entry dropped.
Warning: CsvLogger not found for module: encoder. Entry dropped.
Warning: CsvLogger not found for module: camera. Entry dropped.
[INFO] CameraCapture: request_complete_callback invoked.
[INFO] Processing frame for Main Video Stream with format: '56595559'
[INFO] Frame buffer has 1 planes.
[INFO] Plane 0: fd=52, length=2654208
[INFO] Acquiring buffer from pool...
[INFO] Buffer acquired.
[INFO] Mmapping plane buffer...
[INFO] Mmap successful. Copying data...
[INFO] Data copied. Pooled buffer size: 2654208
[INFO] YUYV stream, no color conversion needed (assuming H264 takes YUYV).
[INFO] Image already target size. No resize needed.
[INFO] Pushing Main Video Stream to queue. Final dimensions: 1536x864 format: '56595559'
[INFO] Push successful.
[INFO] Processing frame for TPU Stream with format: '34324752'
[INFO] Frame buffer has 1 planes.
[INFO] Plane 0: fd=56, length=288000
[INFO] Acquiring buffer from pool...
[INFO] Buffer acquired.
[INFO] Mmapping plane buffer...
[INFO] Mmap successful. Copying data...
[INFO] Data copied. Pooled buffer size: 270000
[INFO] RGB888 stream, no color conversion needed.
[INFO] Image already target size. No resize needed.
[INFO] Pushing TPU Stream to queue. Final dimensions: 300x300 format: '34324752'
[INFO] Push successful.
Warning: CsvLogger not found for module: tpu. Entry dropped.
Warning: CsvLogger not found for module: encoder. Entry dropped.
[INFO] CameraCapture: request_complete_callback invoked.
[INFO] Processing frame for Main Video Stream with format: '56595559'
[INFO] Frame buffer has 1 planes.
[INFO] Plane 0: fd=53, length=2654208
[INFO] Acquiring buffer from pool...
[INFO] Buffer acquired.
[INFO] Mmapping plane buffer...
[INFO] Mmap successful. Copying data...
[INFO] Data copied. Pooled buffer size: 2654208
[INFO] YUYV stream, no color conversion needed (assuming H264 takes YUYV).
[INFO] Image already target size. No resize needed.
[INFO] Pushing Main Video Stream to queue. Final dimensions: 1536x864 format: '56595559'
[INFO] Push successful.
[INFO] Processing frame for TPU Stream with format: '34324752'
[INFO] Frame buffer has 1 planes.
[INFO] Plane 0: fd=57, length=288000
[INFO] Acquiring buffer from pool...
[INFO] Buffer acquired.
[INFO] Mmapping plane buffer...
[INFO] Mmap successful. Copying data...
[INFO] Data copied. Pooled buffer size: 270000
[INFO] RGB888 stream, no color conversion needed.
[INFO] Image already target size. No resize needed.
[INFO] Pushing TPU Stream to queue. Final dimensions: 300x300 format: '34324752'
[INFO] Push successful.
Warning: CsvLogger not found for module: camera. Entry dropped.
Warning: CsvLogger not found for module: tpu. Entry dropped.
Warning: CsvLogger not found for module: encoder. Entry dropped.
Warning: CsvLogger not found for module: camera. Entry dropped.
[INFO] CameraCapture: request_complete_callback invoked.
[INFO] Processing frame for Main Video Stream with format: '56595559'
[INFO] Frame buffer has 1 planes.
[INFO] Plane 0: fd=50, length=2654208
[INFO] Acquiring buffer from pool...
[INFO] Buffer acquired.
[INFO] Mmapping plane buffer...
[INFO] Mmap successful. Copying data...
[INFO] Data copied. Pooled buffer size: 2654208
[INFO] YUYV stream, no color conversion needed (assuming H264 takes YUYV).
[INFO] Image already target size. No resize needed.
[INFO] Pushing Main Video Stream to queue. Final dimensions: 1536x864 format: '56595559'
[INFO] Push successful.
[INFO] Processing frame for TPU Stream with format: '34324752'
[INFO] Frame buffer has 1 planes.
[INFO] Plane 0: fd=54, length=288000
[INFO] Acquiring buffer from pool...
[INFO] Buffer acquired.
[INFO] Mmapping plane buffer...
[INFO] Mmap successful. Copying data...
[INFO] Data copied. Pooled buffer size: 270000
[INFO] RGB888 stream, no color conversion needed.
[INFO] Image already target size. No resize needed.
[INFO] Pushing TPU Stream to queue. Final dimensions: 300x300 format: '34324752'
[INFO] Push successful.
Warning: CsvLogger not found for module: encoder. Entry dropped.
Warning: CsvLogger not found for module: tpu. Entry dropped.
[INFO] CameraCapture: request_complete_callback invoked.
[INFO] Processing frame for Main Video Stream with format: '56595559'
Warning: CsvLogger not found for module: camera. Entry dropped.
[INFO] Frame buffer has 1 planes.
[INFO] Plane 0: fd=51, length=2654208
[INFO] Acquiring buffer from pool...
[INFO] Buffer acquired.
[INFO] Mmapping plane buffer...
[INFO] Mmap successful. Copying data...
[INFO] Data copied. Pooled buffer size: 2654208
[INFO] YUYV stream, no color conversion needed (assuming H264 takes YUYV).
[INFO] Image already target size. No resize needed.
[INFO] Pushing Main Video Stream to queue. Final dimensions: 1536x864 format: '56595559'
[INFO] Push successful.
[INFO] Processing frame for TPU Stream with format: '34324752'
[INFO] Frame buffer has 1 planes.
[INFO] Plane 0: fd=55, length=288000
[INFO] Acquiring buffer from pool...
[INFO] Buffer acquired.
[INFO] Mmapping plane buffer...
[INFO] Mmap successful. Copying data...
[INFO] Data copied. Pooled buffer size: 270000
[INFO] RGB888 stream, no color conversion needed.
[INFO] Image already target size. No resize needed.
[INFO] Pushing TPU Stream to queue. Final dimensions: 300x300 format: '34324752'
[INFO] Push successful.
Warning: CsvLogger not found for module: tpu. Entry dropped.
Warning: CsvLogger not found for module: encoder. Entry dropped.
[INFO] CameraCapture: request_complete_callback invoked.
[INFO] Processing frame for Main Video Stream with format: '56595559'
Warning: CsvLogger not found for module: camera. Entry dropped.
[INFO] Frame buffer has 1 planes.
[INFO] Plane 0: fd=52, length=2654208
[INFO] Acquiring buffer from pool...
[INFO] Buffer acquired.
[INFO] Mmapping plane buffer...
[INFO] Mmap successful. Copying data...
[INFO] Data copied. Pooled buffer size: 2654208
[INFO] YUYV stream, no color conversion needed (assuming H264 takes YUYV).
[INFO] Image already target size. No resize needed.
[INFO] Pushing Main Video Stream to queue. Final dimensions: 1536x864 format: '56595559'
[INFO] Push successful.
[INFO] Processing frame for TPU Stream with format: '34324752'
[INFO] Frame buffer has 1 planes.
[INFO] Plane 0: fd=56, length=288000
[INFO] Acquiring buffer from pool...
[INFO] Buffer acquired.
[INFO] Mmapping plane buffer...
[INFO] Mmap successful. Copying data...
[INFO] Data copied. Pooled buffer size: 270000
[INFO] RGB888 stream, no color conversion needed.
[INFO] Image already target size. No resize needed.
[INFO] Pushing TPU Stream to queue. Final dimensions: 300x300 format: '34324752'
[INFO] Push successful.
Warning: CsvLogger not found for module: encoder. Entry dropped.
Warning: CsvLogger not found for module: tpu. Entry dropped.
Warning: CsvLogger not found for module: camera. Entry dropped.
[INFO] CameraCapture: request_complete_callback invoked.
[INFO] Processing frame for Main Video Stream with format: '56595559'
[INFO] Frame buffer has 1 planes.
[INFO] Plane 0: fd=53, length=2654208
[INFO] Acquiring buffer from pool...
[INFO] Buffer acquired.
[INFO] Mmapping plane buffer...
[INFO] Mmap successful. Copying data...
[INFO] Data copied. Pooled buffer size: 2654208
[INFO] YUYV stream, no color conversion needed (assuming H264 takes YUYV).
[INFO] Image already target size. No resize needed.
[INFO] Pushing Main Video Stream to queue. Final dimensions: 1536x864 format: '56595559'
[INFO] Push successful.
[INFO] Processing frame for TPU Stream with format: '34324752'
[INFO] Frame buffer has 1 planes.
[INFO] Plane 0: fd=57, length=288000
[INFO] Acquiring buffer from pool...
[INFO] Buffer acquired.
[INFO] Mmapping plane buffer...
[INFO] Mmap successful. Copying data...
[INFO] Data copied. Pooled buffer size: 270000
[INFO] RGB888 stream, no color conversion needed.
[INFO] Image already target size. No resize needed.
[INFO] Pushing TPU Stream to queue. Final dimensions: 300x300 format: '34324752'
[INFO] Push successful.
Warning: CsvLogger not found for module: encoder. Entry dropped.
Warning: CsvLogger not found for module: tpu. Entry dropped.
[INFO] CameraCapture: request_complete_callback invoked.
[INFO] Processing frame for Main Video Stream with format: '56595559'
[INFO] Frame buffer has 1 planes.
[INFO] Plane 0: fd=50, length=2654208
[INFO] Acquiring buffer from pool...
[INFO] Buffer acquired.
[INFO] Mmapping plane buffer...
[INFO] Mmap successful. Copying data...
[INFO] Data copied. Pooled buffer size: 2654208
[INFO] YUYV stream, no color conversion needed (assuming H264 takes YUYV).
[INFO] Image already target size. No resize needed.
[INFO] Pushing Main Video Stream to queue. Final dimensions: 1536x864 format: '56595559'
[INFO] Push successful.
[INFO] Processing frame for TPU Stream with format: '34324752'
[INFO] Frame buffer has 1 planes.
[INFO] Plane 0: fd=54, length=288000
[INFO] Acquiring buffer from pool...
[INFO] Buffer acquired.
[INFO] Mmapping plane buffer...
[INFO] Mmap successful. Copying data...
[INFO] Data copied. Pooled buffer size: 270000
[INFO] RGB888 stream, no color conversion needed.
[INFO] Image already target size. No resize needed.
[INFO] Pushing TPU Stream to queue. Final dimensions: 300x300 format: '34324752'
[INFO] Push successful.
Warning: CsvLogger not found for module: camera. Entry dropped.
Warning: CsvLogger not found for module: tpu. Entry dropped.
Warning: CsvLogger not found for module: encoder. Entry dropped.
Warning: CsvLogger not found for module: camera. Entry dropped.
[INFO] CameraCapture: request_complete_callback invoked.
[INFO] Processing frame for Main Video Stream with format: '56595559'
[INFO] Frame buffer has 1 planes.
[INFO] Plane 0: fd=51, length=2654208
[INFO] Acquiring buffer from pool...
[INFO] Buffer acquired.
[INFO] Mmapping plane buffer...
[INFO] Mmap successful. Copying data...
[INFO] Data copied. Pooled buffer size: 2654208
[INFO] YUYV stream, no color conversion needed (assuming H264 takes YUYV).
[INFO] Image already target size. No resize needed.
[INFO] Pushing Main Video Stream to queue. Final dimensions: 1536x864 format: '56595559'
[INFO] Push successful.
[INFO] Processing frame for TPU Stream with format: '34324752'
[INFO] Frame buffer has 1 planes.
[INFO] Plane 0: fd=55, length=288000
[INFO] Acquiring buffer from pool...
[INFO] Buffer acquired.
[INFO] Mmapping plane buffer...
[INFO] Mmap successful. Copying data...
[INFO] Data copied. Pooled buffer size: 270000
[INFO] RGB888 stream, no color conversion needed.
[INFO] Image already target size. No resize needed.
[INFO] Pushing TPU Stream to queue. Final dimensions: 300x300 format: '34324752'
[INFO] Push successful.
Warning: CsvLogger not found for module: encoder. Entry dropped.
Warning: CsvLogger not found for module: tpu. Entry dropped.
[INFO] CameraCapture: request_complete_callback invoked.
[INFO] Processing frame for Main Video Stream with format: '56595559'
[INFO] Frame buffer has 1 planes.
[INFO] Plane 0: fd=52, length=2654208
[INFO] Acquiring buffer from pool...
[INFO] Buffer acquired.
[INFO] Mmapping plane buffer...
[INFO] Mmap successful. Copying data...
[INFO] Data copied. Pooled buffer size: 2654208
[INFO] YUYV stream, no color conversion needed (assuming H264 takes YUYV).
[INFO] Image already target size. No resize needed.
[INFO] Pushing Main Video Stream to queue. Final dimensions: 1536x864 format: '56595559'
[INFO] Push successful.
[INFO] Processing frame for TPU Stream with format: '34324752'
[INFO] Frame buffer has 1 planes.
[INFO] Plane 0: fd=56, length=288000
[INFO] Acquiring buffer from pool...
[INFO] Buffer acquired.
[INFO] Mmapping plane buffer...
[INFO] Mmap successful. Copying data...
[INFO] Data copied. Pooled buffer size: 270000
[INFO] RGB888 stream, no color conversion needed.
[INFO] Image already target size. No resize needed.
[INFO] Pushing TPU Stream to queue. Final dimensions: 300x300 format: '34324752'
[INFO] Push successful.
Warning: CsvLogger not found for module: camera. Entry dropped.
Warning: CsvLogger not found for module: encoder. Entry dropped.
Warning: CsvLogger not found for module: tpu. Entry dropped.
[INFO] CameraCapture: request_complete_callback invoked.
[INFO] Processing frame for Main Video Stream with format: '56595559'
Warning: CsvLogger not found for module: camera. Entry dropped.
[INFO] Frame buffer has 1 planes.
[INFO] Plane 0: fd=53, length=2654208
[INFO] Acquiring buffer from pool...
[INFO] Buffer acquired.
[INFO] Mmapping plane buffer...
[INFO] Mmap successful. Copying data...
[INFO] Data copied. Pooled buffer size: 2654208
[INFO] YUYV stream, no color conversion needed (assuming H264 takes YUYV).
[INFO] Image already target size. No resize needed.
[INFO] Pushing Main Video Stream to queue. Final dimensions: 1536x864 format: '56595559'
[INFO] Push successful.
[INFO] Processing frame for TPU Stream with format: '34324752'
[INFO] Frame buffer has 1 planes.
[INFO] Plane 0: fd=57, length=288000
[INFO] Acquiring buffer from pool...
[INFO] Buffer acquired.
[INFO] Mmapping plane buffer...
[INFO] Mmap successful. Copying data...
[INFO] Data copied. Pooled buffer size: 270000
[INFO] RGB888 stream, no color conversion needed.
[INFO] Image already target size. No resize needed.
[INFO] Pushing TPU Stream to queue. Final dimensions: 300x300 format: '34324752'
[INFO] Push successful.
Warning: CsvLogger not found for module: tpu. Entry dropped.
Warning: CsvLogger not found for module: encoder. Entry dropped.
[INFO] CameraCapture: request_complete_callback invoked.
[INFO] Processing frame for Main Video Stream with format: '56595559'
[INFO] Frame buffer has 1 planes.
[INFO] Plane 0: fd=50, length=2654208
[INFO] Acquiring buffer from pool...
[INFO] Buffer acquired.
[INFO] Mmapping plane buffer...
[INFO] Mmap successful. Copying data...
[INFO] Data copied. Pooled buffer size: 2654208
[INFO] YUYV stream, no color conversion needed (assuming H264 takes YUYV).
[INFO] Image already target size. No resize needed.
[INFO] Pushing Main Video Stream to queue. Final dimensions: 1536x864 format: '56595559'
[INFO] Push successful.
[INFO] Processing frame for TPU Stream with format: '34324752'
[INFO] Frame buffer has 1 planes.
[INFO] Plane 0: fd=54, length=288000
[INFO] Acquiring buffer from pool...
[INFO] Buffer acquired.
[INFO] Mmapping plane buffer...
[INFO] Mmap successful. Copying data...
[INFO] Data copied. Pooled buffer size: 270000
[INFO] RGB888 stream, no color conversion needed.
[INFO] Image already target size. No resize needed.
[INFO] Pushing TPU Stream to queue. Final dimensions: 300x300 format: '34324752'
[INFO] Push successful.
Warning: CsvLogger not found for module: camera. Entry dropped.
Warning: CsvLogger not found for module: tpu. Entry dropped.
Warning: CsvLogger not found for module: encoder. Entry dropped.
Warning: CsvLogger not found for module: camera. Entry dropped.
[INFO] CameraCapture: request_complete_callback invoked.
[INFO] Processing frame for Main Video Stream with format: '56595559'
[INFO] Frame buffer has 1 planes.
[INFO] Plane 0: fd=51, length=2654208
[INFO] Acquiring buffer from pool...
[INFO] Buffer acquired.
[INFO] Mmapping plane buffer...
[INFO] Mmap successful. Copying data...
[INFO] Data copied. Pooled buffer size: 2654208
[INFO] YUYV stream, no color conversion needed (assuming H264 takes YUYV).
[INFO] Image already target size. No resize needed.
[INFO] Pushing Main Video Stream to queue. Final dimensions: 1536x864 format: '56595559'
[INFO] Push successful.
[INFO] Processing frame for TPU Stream with format: '34324752'
[INFO] Frame buffer has 1 planes.
[INFO] Plane 0: fd=55, length=288000
[INFO] Acquiring buffer from pool...
[INFO] Buffer acquired.
[INFO] Mmapping plane buffer...
[INFO] Mmap successful. Copying data...
[INFO] Data copied. Pooled buffer size: 270000
[INFO] RGB888 stream, no color conversion needed.
[INFO] Image already target size. No resize needed.
[INFO] Pushing TPU Stream to queue. Final dimensions: 300x300 format: '34324752'
[INFO] Push successful.
Warning: CsvLogger not found for module: encoder. Entry dropped.
Warning: CsvLogger not found for module: tpu. Entry dropped.
[INFO] CameraCapture: request_complete_callback invoked.
[INFO] Processing frame for Main Video Stream with format: '56595559'
Warning: CsvLogger not found for module: camera. Entry dropped.
[INFO] Frame buffer has 1 planes.
[INFO] Plane 0: fd=52, length=2654208
[INFO] Acquiring buffer from pool...
[INFO] Buffer acquired.
[INFO] Mmapping plane buffer...
[INFO] Mmap successful. Copying data...
[INFO] Data copied. Pooled buffer size: 2654208
[INFO] YUYV stream, no color conversion needed (assuming H264 takes YUYV).
[INFO] Image already target size. No resize needed.
[INFO] Pushing Main Video Stream to queue. Final dimensions: 1536x864 format: '56595559'
[INFO] Push successful.
[INFO] Processing frame for TPU Stream with format: '34324752'
[INFO] Frame buffer has 1 planes.
[INFO] Plane 0: fd=56, length=288000
[INFO] Acquiring buffer from pool...
[INFO] Buffer acquired.
[INFO] Mmapping plane buffer...
[INFO] Mmap successful. Copying data...
[INFO] Data copied. Pooled buffer size: 270000
[INFO] RGB888 stream, no color conversion needed.
[INFO] Image already target size. No resize needed.
[INFO] Pushing TPU Stream to queue. Final dimensions: 300x300 format: '34324752'
[INFO] Push successful.
Warning: CsvLogger not found for module: encoder. Entry dropped.
Warning: CsvLogger not found for module: tpu. Entry dropped.
[INFO] CameraCapture: request_complete_callback invoked.
[INFO] Processing frame for Main Video Stream with format: '56595559'
[INFO] Frame buffer has 1 planes.
[INFO] Plane 0: fd=53, length=2654208
[INFO] Acquiring buffer from pool...
[INFO] Buffer acquired.
[INFO] Mmapping plane buffer...
[INFO] Mmap successful. Copying data...
[INFO] Data copied. Pooled buffer size: 2654208
[INFO] YUYV stream, no color conversion needed (assuming H264 takes YUYV).
[INFO] Image already target size. No resize needed.
[INFO] Pushing Main Video Stream to queue. Final dimensions: 1536x864 format: '56595559'
[INFO] Push successful.
[INFO] Processing frame for TPU Stream with format: '34324752'
[INFO] Frame buffer has 1 planes.
[INFO] Plane 0: fd=57, length=288000
[INFO] Acquiring buffer from pool...
[INFO] Buffer acquired.
[INFO] Mmapping plane buffer...
[INFO] Mmap successful. Copying data...
[INFO] Data copied. Pooled buffer size: 270000
[INFO] RGB888 stream, no color conversion needed.
[INFO] Image already target size. No resize needed.
[INFO] Pushing TPU Stream to queue. Final dimensions: 300x300 format: '34324752'
[INFO] Push successful.
Warning: CsvLogger not found for module: camera. Entry dropped.
Warning: CsvLogger not found for module: tpu. Entry dropped.
Warning: CsvLogger not found for module: encoder. Entry dropped.
[INFO] CameraCapture: request_complete_callback invoked.
Warning: CsvLogger not found for module: camera. Entry dropped.
[INFO] Processing frame for Main Video Stream with format: '56595559'
[INFO] Frame buffer has 1 planes.
[INFO] Plane 0: fd=50, length=2654208
[INFO] Acquiring buffer from pool...
[INFO] Buffer acquired.
[INFO] Mmapping plane buffer...
[INFO] Mmap successful. Copying data...
[INFO] Data copied. Pooled buffer size: 2654208
[INFO] YUYV stream, no color conversion needed (assuming H264 takes YUYV).
[INFO] Image already target size. No resize needed.
[INFO] Pushing Main Video Stream to queue. Final dimensions: 1536x864 format: '56595559'
[INFO] Push successful.
[INFO] Processing frame for TPU Stream with format: '34324752'
[INFO] Frame buffer has 1 planes.
[INFO] Plane 0: fd=54, length=288000
[INFO] Acquiring buffer from pool...
[INFO] Buffer acquired.
[INFO] Mmapping plane buffer...
[INFO] Mmap successful. Copying data...
[INFO] Data copied. Pooled buffer size: 270000
[INFO] RGB888 stream, no color conversion needed.
[INFO] Image already target size. No resize needed.
[INFO] Pushing TPU Stream to queue. Final dimensions: 300x300 format: '34324752'
[INFO] Push successful.
Warning: CsvLogger not found for module: tpu. Entry dropped.
Warning: CsvLogger not found for module: encoder. Entry dropped.
[INFO] CameraCapture: request_complete_callback invoked.
Warning: CsvLogger not found for module: camera. Entry dropped.
[INFO] Processing frame for Main Video Stream with format: '56595559'
[INFO] Frame buffer has 1 planes.
[INFO] Plane 0: fd=51, length=2654208
[INFO] Acquiring buffer from pool...
[INFO] Buffer acquired.
[INFO] Mmapping plane buffer...
[INFO] Mmap successful. Copying data...
[INFO] Data copied. Pooled buffer size: 2654208
[INFO] YUYV stream, no color conversion needed (assuming H264 takes YUYV).
[INFO] Image already target size. No resize needed.
[INFO] Pushing Main Video Stream to queue. Final dimensions: 1536x864 format: '56595559'
[INFO] Push successful.
[INFO] Processing frame for TPU Stream with format: '34324752'
[INFO] Frame buffer has 1 planes.
[INFO] Plane 0: fd=55, length=288000
[INFO] Acquiring buffer from pool...
[INFO] Buffer acquired.
[INFO] Mmapping plane buffer...
[INFO] Mmap successful. Copying data...
[INFO] Data copied. Pooled buffer size: 270000
[INFO] RGB888 stream, no color conversion needed.
[INFO] Image already target size. No resize needed.
[INFO] Pushing TPU Stream to queue. Final dimensions: 300x300 format: '34324752'
[INFO] Push successful.
Warning: CsvLogger not found for module: encoder. Entry dropped.
Warning: CsvLogger not found for module: tpu. Entry dropped.
[INFO] CameraCapture: request_complete_callback invoked.
[INFO] Processing frame for Main Video Stream with format: '56595559'
Warning: CsvLogger not found for module: camera. Entry dropped.
[INFO] Frame buffer has 1 planes.
[INFO] Plane 0: fd=52, length=2654208
[INFO] Acquiring buffer from pool...
[INFO] Buffer acquired.
[INFO] Mmapping plane buffer...
[INFO] Mmap successful. Copying data...
[INFO] Data copied. Pooled buffer size: 2654208
[INFO] YUYV stream, no color conversion needed (assuming H264 takes YUYV).
[INFO] Image already target size. No resize needed.
[INFO] Pushing Main Video Stream to queue. Final dimensions: 1536x864 format: '56595559'
[INFO] Push successful.
[INFO] Processing frame for TPU Stream with format: '34324752'
[INFO] Frame buffer has 1 planes.
[INFO] Plane 0: fd=56, length=288000
[INFO] Acquiring buffer from pool...
[INFO] Buffer acquired.
[INFO] Mmapping plane buffer...
[INFO] Mmap successful. Copying data...
[INFO] Data copied. Pooled buffer size: 270000
[INFO] RGB888 stream, no color conversion needed.
[INFO] Image already target size. No resize needed.
[INFO] Pushing TPU Stream to queue. Final dimensions: 300x300 format: '34324752'
[INFO] Push successful.
Warning: CsvLogger not found for module: tpu. Entry dropped.
Warning: CsvLogger not found for module: encoder. Entry dropped.
[INFO] CameraCapture: request_complete_callback invoked.
[INFO] Processing frame for Main Video Stream with format: '56595559'
Warning: CsvLogger not found for module: camera. Entry dropped.
[INFO] Frame buffer has 1 planes.
[INFO] Plane 0: fd=53, length=2654208
[INFO] Acquiring buffer from pool...
[INFO] Buffer acquired.
[INFO] Mmapping plane buffer...
[INFO] Mmap successful. Copying data...
[INFO] Data copied. Pooled buffer size: 2654208
[INFO] YUYV stream, no color conversion needed (assuming H264 takes YUYV).
[INFO] Image already target size. No resize needed.
[INFO] Pushing Main Video Stream to queue. Final dimensions: 1536x864 format: '56595559'
[INFO] Push successful.
[INFO] Processing frame for TPU Stream with format: '34324752'
[INFO] Frame buffer has 1 planes.
[INFO] Plane 0: fd=57, length=288000
[INFO] Acquiring buffer from pool...
[INFO] Buffer acquired.
[INFO] Mmapping plane buffer...
[INFO] Mmap successful. Copying data...
[INFO] Data copied. Pooled buffer size: 270000
[INFO] RGB888 stream, no color conversion needed.
[INFO] Image already target size. No resize needed.
[INFO] Pushing TPU Stream to queue. Final dimensions: 300x300 format: '34324752'
[INFO] Push successful.
Warning: CsvLogger not found for module: tpu. Entry dropped.
Warning: CsvLogger not found for module: encoder. Entry dropped.
[INFO] CameraCapture: request_complete_callback invoked.
Warning: CsvLogger not found for module: camera. Entry dropped.
[INFO] Processing frame for Main Video Stream with format: '56595559'
[INFO] Frame buffer has 1 planes.
[INFO] Plane 0: fd=50, length=2654208
[INFO] Acquiring buffer from pool...
[INFO] Buffer acquired.
[INFO] Mmapping plane buffer...
[INFO] Mmap successful. Copying data...
[INFO] Data copied. Pooled buffer size: 2654208
[INFO] YUYV stream, no color conversion needed (assuming H264 takes YUYV).
[INFO] Image already target size. No resize needed.
[INFO] Pushing Main Video Stream to queue. Final dimensions: 1536x864 format: '56595559'
[INFO] Push successful.
[INFO] Processing frame for TPU Stream with format: '34324752'
[INFO] Frame buffer has 1 planes.
[INFO] Plane 0: fd=54, length=288000
[INFO] Acquiring buffer from pool...
[INFO] Buffer acquired.
[INFO] Mmapping plane buffer...
[INFO] Mmap successful. Copying data...
[INFO] Data copied. Pooled buffer size: 270000
[INFO] RGB888 stream, no color conversion needed.
[INFO] Image already target size. No resize needed.
[INFO] Pushing TPU Stream to queue. Final dimensions: 300x300 format: '34324752'
[INFO] Push successful.
Warning: CsvLogger not found for module: tpu. Entry dropped.
Warning: CsvLogger not found for module: encoder. Entry dropped.
[INFO] CameraCapture: request_complete_callback invoked.
[INFO] Processing frame for Main Video Stream with format: '56595559'
[INFO] Frame buffer has 1 planes.
[INFO] Plane 0: fd=51, length=2654208
[INFO] Acquiring buffer from pool...
[INFO] Buffer acquired.
[INFO] Mmapping plane buffer...
[INFO] Mmap successful. Copying data...
Warning: CsvLogger not found for module: camera. Entry dropped.
[INFO] Data copied. Pooled buffer size: 2654208
[INFO] YUYV stream, no color conversion needed (assuming H264 takes YUYV).
[INFO] Image already target size. No resize needed.
[INFO] Pushing Main Video Stream to queue. Final dimensions: 1536x864 format: '56595559'
[INFO] Push successful.
[INFO] Processing frame for TPU Stream with format: '34324752'
[INFO] Frame buffer has 1 planes.
[INFO] Plane 0: fd=55, length=288000
[INFO] Acquiring buffer from pool...
[INFO] Buffer acquired.
[INFO] Mmapping plane buffer...
[INFO] Mmap successful. Copying data...
[INFO] Data copied. Pooled buffer size: 270000
[INFO] RGB888 stream, no color conversion needed.
[INFO] Image already target size. No resize needed.
[INFO] Pushing TPU Stream to queue. Final dimensions: 300x300 format: '34324752'
[INFO] Push successful.
Warning: CsvLogger not found for module: tpu. Entry dropped.
Warning: CsvLogger not found for module: encoder. Entry dropped.
Warning: CsvLogger not found for module: camera. Entry dropped.
[INFO] CameraCapture: request_complete_callback invoked.
[INFO] Processing frame for Main Video Stream with format: '56595559'
[INFO] Frame buffer has 1 planes.
[INFO] Plane 0: fd=52, length=2654208
[INFO] Acquiring buffer from pool...
[INFO] Buffer acquired.
[INFO] Mmapping plane buffer...
[INFO] Mmap successful. Copying data...
[INFO] Data copied. Pooled buffer size: 2654208
[INFO] YUYV stream, no color conversion needed (assuming H264 takes YUYV).
[INFO] Image already target size. No resize needed.
[INFO] Pushing Main Video Stream to queue. Final dimensions: 1536x864 format: '56595559'
[INFO] Push successful.
[INFO] Processing frame for TPU Stream with format: '34324752'
[INFO] Frame buffer has 1 planes.
[INFO] Plane 0: fd=56, length=288000
[INFO] Acquiring buffer from pool...
[INFO] Buffer acquired.
[INFO] Mmapping plane buffer...
[INFO] Mmap successful. Copying data...
[INFO] Data copied. Pooled buffer size: 270000
[INFO] RGB888 stream, no color conversion needed.
[INFO] Image already target size. No resize needed.
[INFO] Pushing TPU Stream to queue. Final dimensions: 300x300 format: '34324752'
[INFO] Push successful.
Warning: CsvLogger not found for module: tpu. Entry dropped.
Warning: CsvLogger not found for module: encoder. Entry dropped.
Warning: CsvLogger not found for module: camera. Entry dropped.
[INFO] CameraCapture: request_complete_callback invoked.
[INFO] Processing frame for Main Video Stream with format: '56595559'
[INFO] Frame buffer has 1 planes.
[INFO] Plane 0: fd=53, length=2654208
[INFO] Acquiring buffer from pool...
[INFO] Buffer acquired.
[INFO] Mmapping plane buffer...
[INFO] Mmap successful. Copying data...
[INFO] Data copied. Pooled buffer size: 2654208
[INFO] YUYV stream, no color conversion needed (assuming H264 takes YUYV).
[INFO] Image already target size. No resize needed.
[INFO] Pushing Main Video Stream to queue. Final dimensions: 1536x864 format: '56595559'
[INFO] Push successful.
[INFO] Processing frame for TPU Stream with format: '34324752'
[INFO] Frame buffer has 1 planes.
[INFO] Plane 0: fd=57, length=288000
[INFO] Acquiring buffer from pool...
[INFO] Buffer acquired.
[INFO] Mmapping plane buffer...
[INFO] Mmap successful. Copying data...
[INFO] Data copied. Pooled buffer size: 270000
[INFO] RGB888 stream, no color conversion needed.
[INFO] Image already target size. No resize needed.
[INFO] Pushing TPU Stream to queue. Final dimensions: 300x300 format: '34324752'
[INFO] Push successful.
Warning: CsvLogger not found for module: tpu. Entry dropped.
Warning: CsvLogger not found for module: encoder. Entry dropped.
Warning: CsvLogger not found for module: camera. Entry dropped.
[INFO] CameraCapture: request_complete_callback invoked.
[INFO] Processing frame for Main Video Stream with format: '56595559'
[INFO] Frame buffer has 1 planes.
[INFO] Plane 0: fd=50, length=2654208
[INFO] Acquiring buffer from pool...
[INFO] Buffer acquired.
[INFO] Mmapping plane buffer...
[INFO] Mmap successful. Copying data...
[INFO] Data copied. Pooled buffer size: 2654208
[INFO] YUYV stream, no color conversion needed (assuming H264 takes YUYV).
[INFO] Image already target size. No resize needed.
[INFO] Pushing Main Video Stream to queue. Final dimensions: 1536x864 format: '56595559'
[INFO] Push successful.
[INFO] Processing frame for TPU Stream with format: '34324752'
[INFO] Frame buffer has 1 planes.
[INFO] Plane 0: fd=54, length=288000
[INFO] Acquiring buffer from pool...
[INFO] Buffer acquired.
[INFO] Mmapping plane buffer...
[INFO] Mmap successful. Copying data...
[INFO] Data copied. Pooled buffer size: 270000
[INFO] RGB888 stream, no color conversion needed.
[INFO] Image already target size. No resize needed.
[INFO] Pushing TPU Stream to queue. Final dimensions: 300x300 format: '34324752'
[INFO] Push successful.
Warning: CsvLogger not found for module: tpu. Entry dropped.
Warning: CsvLogger not found for module: encoder. Entry dropped.
Warning: CsvLogger not found for module: camera. Entry dropped.
[INFO] CameraCapture: request_complete_callback invoked.
[INFO] Processing frame for Main Video Stream with format: '56595559'
[INFO] Frame buffer has 1 planes.
[INFO] Plane 0: fd=51, length=2654208
[INFO] Acquiring buffer from pool...
[INFO] Buffer acquired.
[INFO] Mmapping plane buffer...
[INFO] Mmap successful. Copying data...
[INFO] Data copied. Pooled buffer size: 2654208
[INFO] YUYV stream, no color conversion needed (assuming H264 takes YUYV).
[INFO] Image already target size. No resize needed.
[INFO] Pushing Main Video Stream to queue. Final dimensions: 1536x864 format: '56595559'
[INFO] Push successful.
[INFO] Processing frame for TPU Stream with format: '34324752'
[INFO] Frame buffer has 1 planes.
[INFO] Plane 0: fd=55, length=288000
[INFO] Acquiring buffer from pool...
[INFO] Buffer acquired.
[INFO] Mmapping plane buffer...
[INFO] Mmap successful. Copying data...
[INFO] Data copied. Pooled buffer size: 270000
[INFO] RGB888 stream, no color conversion needed.
[INFO] Image already target size. No resize needed.
[INFO] Pushing TPU Stream to queue. Final dimensions: 300x300 format: '34324752'
[INFO] Push successful.
Warning: CsvLogger not found for module: tpu. Entry dropped.
Warning: CsvLogger not found for module: encoder. Entry dropped.
Warning: CsvLogger not found for module: camera. Entry dropped.
[INFO] CameraCapture: request_complete_callback invoked.
[INFO] Processing frame for Main Video Stream with format: '56595559'
[INFO] Frame buffer has 1 planes.
[INFO] Plane 0: fd=52, length=2654208
[INFO] Acquiring buffer from pool...
[INFO] Buffer acquired.
[INFO] Mmapping plane buffer...
[INFO] Mmap successful. Copying data...
[INFO] Data copied. Pooled buffer size: 2654208
[INFO] YUYV stream, no color conversion needed (assuming H264 takes YUYV).
[INFO] Image already target size. No resize needed.
[INFO] Pushing Main Video Stream to queue. Final dimensions: 1536x864 format: '56595559'
[INFO] Push successful.
[INFO] Processing frame for TPU Stream with format: '34324752'
[INFO] Frame buffer has 1 planes.
[INFO] Plane 0: fd=56, length=288000
[INFO] Acquiring buffer from pool...
[INFO] Buffer acquired.
[INFO] Mmapping plane buffer...
[INFO] Mmap successful. Copying data...
[INFO] Data copied. Pooled buffer size: 270000
[INFO] RGB888 stream, no color conversion needed.
[INFO] Image already target size. No resize needed.
[INFO] Pushing TPU Stream to queue. Final dimensions: 300x300 format: '34324752'
[INFO] Push successful.
Warning: CsvLogger not found for module: tpu. Entry dropped.
Warning: CsvLogger not found for module: encoder. Entry dropped.
Warning: CsvLogger not found for module: camera. Entry dropped.
[INFO] CameraCapture: request_complete_callback invoked.
[INFO] Processing frame for Main Video Stream with format: '56595559'
[INFO] Frame buffer has 1 planes.
[INFO] Plane 0: fd=53, length=2654208
[INFO] Acquiring buffer from pool...
[INFO] Buffer acquired.
[INFO] Mmapping plane buffer...
[INFO] Mmap successful. Copying data...
[INFO] Data copied. Pooled buffer size: 2654208
[INFO] YUYV stream, no color conversion needed (assuming H264 takes YUYV).
[INFO] Image already target size. No resize needed.
[INFO] Pushing Main Video Stream to queue. Final dimensions: 1536x864 format: '56595559'
[INFO] Push successful.
[INFO] Processing frame for TPU Stream with format: '34324752'
[INFO] Frame buffer has 1 planes.
[INFO] Plane 0: fd=57, length=288000
[INFO] Acquiring buffer from pool...
[INFO] Buffer acquired.
[INFO] Mmapping plane buffer...
[INFO] Mmap successful. Copying data...
[INFO] Data copied. Pooled buffer size: 270000
[INFO] RGB888 stream, no color conversion needed.
[INFO] Image already target size. No resize needed.
[INFO] Pushing TPU Stream to queue. Final dimensions: 300x300 format: '34324752'
[INFO] Push successful.
Warning: CsvLogger not found for module: tpu. Entry dropped.
Warning: CsvLogger not found for module: encoder. Entry dropped.
Warning: CsvLogger not found for module: camera. Entry dropped.
[INFO] CameraCapture: request_complete_callback invoked.
[INFO] Processing frame for Main Video Stream with format: '56595559'
[INFO] Frame buffer has 1 planes.
[INFO] Plane 0: fd=50, length=2654208
[INFO] Acquiring buffer from pool...
[INFO] Buffer acquired.
[INFO] Mmapping plane buffer...
[INFO] Mmap successful. Copying data...
[INFO] Data copied. Pooled buffer size: 2654208
[INFO] YUYV stream, no color conversion needed (assuming H264 takes YUYV).
[INFO] Image already target size. No resize needed.
[INFO] Pushing Main Video Stream to queue. Final dimensions: 1536x864 format: '56595559'
[INFO] Push successful.
[INFO] Processing frame for TPU Stream with format: '34324752'
[INFO] Frame buffer has 1 planes.
[INFO] Plane 0: fd=54, length=288000
[INFO] Acquiring buffer from pool...
[INFO] Buffer acquired.
[INFO] Mmapping plane buffer...
[INFO] Mmap successful. Copying data...
[INFO] Data copied. Pooled buffer size: 270000
[INFO] RGB888 stream, no color conversion needed.
[INFO] Image already target size. No resize needed.
[INFO] Pushing TPU Stream to queue. Final dimensions: 300x300 format: '34324752'
[INFO] Push successful.
Warning: CsvLogger not found for module: tpu. Entry dropped.
Warning: CsvLogger not found for module: encoder. Entry dropped.
Warning: CsvLogger not found for module: camera. Entry dropped.
[INFO] CameraCapture: request_complete_callback invoked.
[INFO] Processing frame for Main Video Stream with format: '56595559'
[INFO] Frame buffer has 1 planes.
[INFO] Plane 0: fd=51, length=2654208
[INFO] Acquiring buffer from pool...
[INFO] Buffer acquired.
[INFO] Mmapping plane buffer...
[INFO] Mmap successful. Copying data...
[INFO] Data copied. Pooled buffer size: 2654208
[INFO] YUYV stream, no color conversion needed (assuming H264 takes YUYV).
[INFO] Image already target size. No resize needed.
[INFO] Pushing Main Video Stream to queue. Final dimensions: 1536x864 format: '56595559'
[INFO] Push successful.
[INFO] Processing frame for TPU Stream with format: '34324752'
[INFO] Frame buffer has 1 planes.
[INFO] Plane 0: fd=55, length=288000
[INFO] Acquiring buffer from pool...
[INFO] Buffer acquired.
[INFO] Mmapping plane buffer...
[INFO] Mmap successful. Copying data...
[INFO] Data copied. Pooled buffer size: 270000
[INFO] RGB888 stream, no color conversion needed.
[INFO] Image already target size. No resize needed.
[INFO] Pushing TPU Stream to queue. Final dimensions: 300x300 format: '34324752'
[INFO] Push successful.
Warning: CsvLogger not found for module: encoder. Entry dropped.
Warning: CsvLogger not found for module: tpu. Entry dropped.
[INFO] CameraCapture: request_complete_callback invoked.
[INFO] Processing frame for Main Video Stream with format: '56595559'
Warning: CsvLogger not found for module: camera. Entry dropped.
[INFO] Frame buffer has 1 planes.
[INFO] Plane 0: fd=52, length=2654208
[INFO] Acquiring buffer from pool...
[INFO] Buffer acquired.
[INFO] Mmapping plane buffer...
[INFO] Mmap successful. Copying data...
[INFO] Data copied. Pooled buffer size: 2654208
[INFO] YUYV stream, no color conversion needed (assuming H264 takes YUYV).
[INFO] Image already target size. No resize needed.
[INFO] Pushing Main Video Stream to queue. Final dimensions: 1536x864 format: '56595559'
[INFO] Push successful.
[INFO] Processing frame for TPU Stream with format: '34324752'
[INFO] Frame buffer has 1 planes.
[INFO] Plane 0: fd=56, length=288000
[INFO] Acquiring buffer from pool...
[INFO] Buffer acquired.
[INFO] Mmapping plane buffer...
[INFO] Mmap successful. Copying data...
[INFO] Data copied. Pooled buffer size: 270000
[INFO] RGB888 stream, no color conversion needed.
[INFO] Image already target size. No resize needed.
[INFO] Pushing TPU Stream to queue. Final dimensions: 300x300 format: '34324752'
[INFO] Push successful.
Warning: CsvLogger not found for module: tpu. Entry dropped.
Warning: CsvLogger not found for module: encoder. Entry dropped.
[INFO] CameraCapture: request_complete_callback invoked.
[INFO] Processing frame for Main Video Stream with format: '56595559'
Warning: CsvLogger not found for module: camera. Entry dropped.
[INFO] Frame buffer has 1 planes.
[INFO] Plane 0: fd=53, length=2654208
[INFO] Acquiring buffer from pool...
[INFO] Buffer acquired.
[INFO] Mmapping plane buffer...
[INFO] Mmap successful. Copying data...
[INFO] Data copied. Pooled buffer size: 2654208
[INFO] YUYV stream, no color conversion needed (assuming H264 takes YUYV).
[INFO] Image already target size. No resize needed.
[INFO] Pushing Main Video Stream to queue. Final dimensions: 1536x864 format: '56595559'
[INFO] Push successful.
[INFO] Processing frame for TPU Stream with format: '34324752'
[INFO] Frame buffer has 1 planes.
[INFO] Plane 0: fd=57, length=288000
[INFO] Acquiring buffer from pool...
[INFO] Buffer acquired.
[INFO] Mmapping plane buffer...
[INFO] Mmap successful. Copying data...
[INFO] Data copied. Pooled buffer size: 270000
[INFO] RGB888 stream, no color conversion needed.
[INFO] Image already target size. No resize needed.
[INFO] Pushing TPU Stream to queue. Final dimensions: 300x300 format: '34324752'
[INFO] Push successful.
Warning: CsvLogger not found for module: tpu. Entry dropped.
Warning: CsvLogger not found for module: encoder. Entry dropped.
[INFO] CameraCapture: request_complete_callback invoked.
[INFO] Processing frame for Main Video Stream with format: '56595559'
Warning: CsvLogger not found for module: camera. Entry dropped.
[INFO] Frame buffer has 1 planes.
[INFO] Plane 0: fd=50, length=2654208
[INFO] Acquiring buffer from pool...
[INFO] Buffer acquired.
[INFO] Mmapping plane buffer...
[INFO] Mmap successful. Copying data...
[INFO] Data copied. Pooled buffer size: 2654208
[INFO] YUYV stream, no color conversion needed (assuming H264 takes YUYV).
[INFO] Image already target size. No resize needed.
[INFO] Pushing Main Video Stream to queue. Final dimensions: 1536x864 format: '56595559'
[INFO] Push successful.
[INFO] Processing frame for TPU Stream with format: '34324752'
[INFO] Frame buffer has 1 planes.
[INFO] Plane 0: fd=54, length=288000
[INFO] Acquiring buffer from pool...
[INFO] Buffer acquired.
[INFO] Mmapping plane buffer...
[INFO] Mmap successful. Copying data...
[INFO] Data copied. Pooled buffer size: 270000
[INFO] RGB888 stream, no color conversion needed.
[INFO] Image already target size. No resize needed.
[INFO] Pushing TPU Stream to queue. Final dimensions: 300x300 format: '34324752'
[INFO] Push successful.
Warning: CsvLogger not found for module: encoder. Entry dropped.
Warning: CsvLogger not found for module: tpu. Entry dropped.
[INFO] CameraCapture: request_complete_callback invoked.
[INFO] Processing frame for Main Video Stream with format: '56595559'
Warning: CsvLogger not found for module: camera. Entry dropped.
[INFO] Frame buffer has 1 planes.
[INFO] Plane 0: fd=51, length=2654208
[INFO] Acquiring buffer from pool...
[INFO] Buffer acquired.
[INFO] Mmapping plane buffer...
[INFO] Mmap successful. Copying data...
[INFO] Data copied. Pooled buffer size: 2654208
[INFO] YUYV stream, no color conversion needed (assuming H264 takes YUYV).
[INFO] Image already target size. No resize needed.
[INFO] Pushing Main Video Stream to queue. Final dimensions: 1536x864 format: '56595559'
[INFO] Push successful.
[INFO] Processing frame for TPU Stream with format: '34324752'
[INFO] Frame buffer has 1 planes.
[INFO] Plane 0: fd=55, length=288000
[INFO] Acquiring buffer from pool...
[INFO] Buffer acquired.
[INFO] Mmapping plane buffer...
[INFO] Mmap successful. Copying data...
[INFO] Data copied. Pooled buffer size: 270000
[INFO] RGB888 stream, no color conversion needed.
[INFO] Image already target size. No resize needed.
[INFO] Pushing TPU Stream to queue. Final dimensions: 300x300 format: '34324752'
[INFO] Push successful.
Warning: CsvLogger not found for module: tpu. Entry dropped.
Warning: CsvLogger not found for module: encoder. Entry dropped.
[INFO] CameraCapture: request_complete_callback invoked.
Warning: CsvLogger not found for module: camera. Entry dropped.
[INFO] Processing frame for Main Video Stream with format: '56595559'
[INFO] Frame buffer has 1 planes.
[INFO] Plane 0: fd=52, length=2654208
[INFO] Acquiring buffer from pool...
[INFO] Buffer acquired.
[INFO] Mmapping plane buffer...
[INFO] Mmap successful. Copying data...
[INFO] Data copied. Pooled buffer size: 2654208
[INFO] YUYV stream, no color conversion needed (assuming H264 takes YUYV).
[INFO] Image already target size. No resize needed.
[INFO] Pushing Main Video Stream to queue. Final dimensions: 1536x864 format: '56595559'
[INFO] Push successful.
[INFO] Processing frame for TPU Stream with format: '34324752'
[INFO] Frame buffer has 1 planes.
[INFO] Plane 0: fd=56, length=288000
[INFO] Acquiring buffer from pool...
[INFO] Buffer acquired.
[INFO] Mmapping plane buffer...
[INFO] Mmap successful. Copying data...
[INFO] Data copied. Pooled buffer size: 270000
[INFO] RGB888 stream, no color conversion needed.
[INFO] Image already target size. No resize needed.
[INFO] Pushing TPU Stream to queue. Final dimensions: 300x300 format: '34324752'
[INFO] Push successful.
Warning: CsvLogger not found for module: tpu. Entry dropped.
Warning: CsvLogger not found for module: encoder. Entry dropped.
[INFO] CameraCapture: request_complete_callback invoked.
Warning: CsvLogger not found for module: camera. Entry dropped.
[INFO] Processing frame for Main Video Stream with format: '56595559'
[INFO] Frame buffer has 1 planes.
[INFO] Plane 0: fd=53, length=2654208
[INFO] Acquiring buffer from pool...
[INFO] Buffer acquired.
[INFO] Mmapping plane buffer...
[INFO] Mmap successful. Copying data...
[INFO] Data copied. Pooled buffer size: 2654208
[INFO] YUYV stream, no color conversion needed (assuming H264 takes YUYV).
[INFO] Image already target size. No resize needed.
[INFO] Pushing Main Video Stream to queue. Final dimensions: 1536x864 format: '56595559'
[INFO] Push successful.
[INFO] Processing frame for TPU Stream with format: '34324752'
[INFO] Frame buffer has 1 planes.
[INFO] Plane 0: fd=57, length=288000
[INFO] Acquiring buffer from pool...
[INFO] Buffer acquired.
[INFO] Mmapping plane buffer...
[INFO] Mmap successful. Copying data...
[INFO] Data copied. Pooled buffer size: 270000
[INFO] RGB888 stream, no color conversion needed.
[INFO] Image already target size. No resize needed.
[INFO] Pushing TPU Stream to queue. Final dimensions: 300x300 format: '34324752'
[INFO] Push successful.
Warning: CsvLogger not found for module: tpu. Entry dropped.
Warning: CsvLogger not found for module: encoder. Entry dropped.
[INFO] CameraCapture: request_complete_callback invoked.
Warning: CsvLogger not found for module: camera. Entry dropped.
[INFO] Processing frame for Main Video Stream with format: '56595559'
[INFO] Frame buffer has 1 planes.
[INFO] Plane 0: fd=50, length=2654208
[INFO] Acquiring buffer from pool...
[INFO] Buffer acquired.
[INFO] Mmapping plane buffer...
[INFO] Mmap successful. Copying data...
[INFO] Data copied. Pooled buffer size: 2654208
[INFO] YUYV stream, no color conversion needed (assuming H264 takes YUYV).
[INFO] Image already target size. No resize needed.
[INFO] Pushing Main Video Stream to queue. Final dimensions: 1536x864 format: '56595559'
[INFO] Push successful.
[INFO] Processing frame for TPU Stream with format: '34324752'
[INFO] Frame buffer has 1 planes.
[INFO] Plane 0: fd=54, length=288000
[INFO] Acquiring buffer from pool...
[INFO] Buffer acquired.
[INFO] Mmapping plane buffer...
[INFO] Mmap successful. Copying data...
[INFO] Data copied. Pooled buffer size: 270000
[INFO] RGB888 stream, no color conversion needed.
[INFO] Image already target size. No resize needed.
[INFO] Pushing TPU Stream to queue. Final dimensions: 300x300 format: '34324752'
[INFO] Push successful.
Warning: CsvLogger not found for module: tpu. Entry dropped.
Warning: CsvLogger not found for module: encoder. Entry dropped.
[INFO] CameraCapture: request_complete_callback invoked.
Warning: CsvLogger not found for module: camera. Entry dropped.
[INFO] Processing frame for Main Video Stream with format: '56595559'
[INFO] Frame buffer has 1 planes.
[INFO] Plane 0: fd=51, length=2654208
[INFO] Acquiring buffer from pool...
[INFO] Buffer acquired.
[INFO] Mmapping plane buffer...
[INFO] Mmap successful. Copying data...
[INFO] Data copied. Pooled buffer size: 2654208
[INFO] YUYV stream, no color conversion needed (assuming H264 takes YUYV).
[INFO] Image already target size. No resize needed.
[INFO] Pushing Main Video Stream to queue. Final dimensions: 1536x864 format: '56595559'
[INFO] Push successful.
[INFO] Processing frame for TPU Stream with format: '34324752'
[INFO] Frame buffer has 1 planes.
[INFO] Plane 0: fd=55, length=288000
[INFO] Acquiring buffer from pool...
[INFO] Buffer acquired.
[INFO] Mmapping plane buffer...
[INFO] Mmap successful. Copying data...
[INFO] Data copied. Pooled buffer size: 270000
[INFO] RGB888 stream, no color conversion needed.
[INFO] Image already target size. No resize needed.
[INFO] Pushing TPU Stream to queue. Final dimensions: 300x300 format: '34324752'
[INFO] Push successful.
Warning: CsvLogger not found for module: tpu. Entry dropped.
Warning: CsvLogger not found for module: encoder. Entry dropped.
[INFO] CameraCapture: request_complete_callback invoked.
Warning: CsvLogger not found for module: camera. Entry dropped.
[INFO] Processing frame for Main Video Stream with format: '56595559'
[INFO] Frame buffer has 1 planes.
[INFO] Plane 0: fd=52, length=2654208
[INFO] Acquiring buffer from pool...
[INFO] Buffer acquired.
[INFO] Mmapping plane buffer...
[INFO] Mmap successful. Copying data...
[INFO] Data copied. Pooled buffer size: 2654208
[INFO] YUYV stream, no color conversion needed (assuming H264 takes YUYV).
[INFO] Image already target size. No resize needed.
[INFO] Pushing Main Video Stream to queue. Final dimensions: 1536x864 format: '56595559'
[INFO] Push successful.
[INFO] Processing frame for TPU Stream with format: '34324752'
[INFO] Frame buffer has 1 planes.
[INFO] Plane 0: fd=56, length=288000
[INFO] Acquiring buffer from pool...
[INFO] Buffer acquired.
[INFO] Mmapping plane buffer...
[INFO] Mmap successful. Copying data...
[INFO] Data copied. Pooled buffer size: 270000
[INFO] RGB888 stream, no color conversion needed.
[INFO] Image already target size. No resize needed.
[INFO] Pushing TPU Stream to queue. Final dimensions: 300x300 format: '34324752'
[INFO] Push successful.
Warning: CsvLogger not found for module: tpu. Entry dropped.
Warning: CsvLogger not found for module: encoder. Entry dropped.
[INFO] CameraCapture: request_complete_callback invoked.
Warning: CsvLogger not found for module: camera. Entry dropped.
[INFO] Processing frame for Main Video Stream with format: '56595559'
[INFO] Frame buffer has 1 planes.
[INFO] Plane 0: fd=53, length=2654208
[INFO] Acquiring buffer from pool...
[INFO] Buffer acquired.
[INFO] Mmapping plane buffer...
[INFO] Mmap successful. Copying data...
[INFO] Data copied. Pooled buffer size: 2654208
[INFO] YUYV stream, no color conversion needed (assuming H264 takes YUYV).
[INFO] Image already target size. No resize needed.
[INFO] Pushing Main Video Stream to queue. Final dimensions: 1536x864 format: '56595559'
[INFO] Push successful.
[INFO] Processing frame for TPU Stream with format: '34324752'
[INFO] Frame buffer has 1 planes.
[INFO] Plane 0: fd=57, length=288000
[INFO] Acquiring buffer from pool...
[INFO] Buffer acquired.
[INFO] Mmapping plane buffer...
[INFO] Mmap successful. Copying data...
[INFO] Data copied. Pooled buffer size: 270000
[INFO] RGB888 stream, no color conversion needed.
[INFO] Image already target size. No resize needed.
[INFO] Pushing TPU Stream to queue. Final dimensions: 300x300 format: '34324752'
[INFO] Push successful.
Warning: CsvLogger not found for module: tpu. Entry dropped.
Warning: CsvLogger not found for module: encoder. Entry dropped.
[INFO] CameraCapture: request_complete_callback invoked.
Warning: CsvLogger not found for module: camera. Entry dropped.
[INFO] Processing frame for Main Video Stream with format: '56595559'
[INFO] Frame buffer has 1 planes.
[INFO] Plane 0: fd=50, length=2654208
[INFO] Acquiring buffer from pool...
[INFO] Buffer acquired.
[INFO] Mmapping plane buffer...
[INFO] Mmap successful. Copying data...
[INFO] Data copied. Pooled buffer size: 2654208
[INFO] YUYV stream, no color conversion needed (assuming H264 takes YUYV).
[INFO] Image already target size. No resize needed.
[INFO] Pushing Main Video Stream to queue. Final dimensions: 1536x864 format: '56595559'
[INFO] Push successful.
[INFO] Processing frame for TPU Stream with format: '34324752'
[INFO] Frame buffer has 1 planes.
[INFO] Plane 0: fd=54, length=288000
[INFO] Acquiring buffer from pool...
[INFO] Buffer acquired.
[INFO] Mmapping plane buffer...
[INFO] Mmap successful. Copying data...
[INFO] Data copied. Pooled buffer size: 270000
[INFO] RGB888 stream, no color conversion needed.
[INFO] Image already target size. No resize needed.
[INFO] Pushing TPU Stream to queue. Final dimensions: 300x300 format: '34324752'
[INFO] Push successful.
Warning: CsvLogger not found for module: tpu. Entry dropped.
Warning: CsvLogger not found for module: encoder. Entry dropped.
[INFO] CameraCapture: request_complete_callback invoked.
Warning: CsvLogger not found for module: camera. Entry dropped.
[INFO] Processing frame for Main Video Stream with format: '56595559'
[INFO] Frame buffer has 1 planes.
[INFO] Plane 0: fd=51, length=2654208
[INFO] Acquiring buffer from pool...
[INFO] Buffer acquired.
[INFO] Mmapping plane buffer...
[INFO] Mmap successful. Copying data...
[INFO] Data copied. Pooled buffer size: 2654208
[INFO] YUYV stream, no color conversion needed (assuming H264 takes YUYV).
[INFO] Image already target size. No resize needed.
[INFO] Pushing Main Video Stream to queue. Final dimensions: 1536x864 format: '56595559'
[INFO] Push successful.
[INFO] Processing frame for TPU Stream with format: '34324752'
[INFO] Frame buffer has 1 planes.
[INFO] Plane 0: fd=55, length=288000
[INFO] Acquiring buffer from pool...
[INFO] Buffer acquired.
[INFO] Mmapping plane buffer...
[INFO] Mmap successful. Copying data...
[INFO] Data copied. Pooled buffer size: 270000
[INFO] RGB888 stream, no color conversion needed.
[INFO] Image already target size. No resize needed.
[INFO] Pushing TPU Stream to queue. Final dimensions: 300x300 format: '34324752'
[INFO] Push successful.
Warning: CsvLogger not found for module: tpu. Entry dropped.
Warning: CsvLogger not found for module: encoder. Entry dropped.
[INFO] CameraCapture: request_complete_callback invoked.
Warning: CsvLogger not found for module: camera. Entry dropped.
[INFO] Processing frame for Main Video Stream with format: '56595559'
[INFO] Frame buffer has 1 planes.
[INFO] Plane 0: fd=52, length=2654208
[INFO] Acquiring buffer from pool...
[INFO] Buffer acquired.
[INFO] Mmapping plane buffer...
[INFO] Mmap successful. Copying data...
[INFO] Data copied. Pooled buffer size: 2654208
[INFO] YUYV stream, no color conversion needed (assuming H264 takes YUYV).
[INFO] Image already target size. No resize needed.
[INFO] Pushing Main Video Stream to queue. Final dimensions: 1536x864 format: '56595559'
[INFO] Push successful.
[INFO] Processing frame for TPU Stream with format: '34324752'
[INFO] Frame buffer has 1 planes.
[INFO] Plane 0: fd=56, length=288000
[INFO] Acquiring buffer from pool...
[INFO] Buffer acquired.
[INFO] Mmapping plane buffer...
[INFO] Mmap successful. Copying data...
[INFO] Data copied. Pooled buffer size: 270000
[INFO] RGB888 stream, no color conversion needed.
[INFO] Image already target size. No resize needed.
[INFO] Pushing TPU Stream to queue. Final dimensions: 300x300 format: '34324752'
[INFO] Push successful.
Warning: CsvLogger not found for module: tpu. Entry dropped.
Warning: CsvLogger not found for module: encoder. Entry dropped.
[INFO] CameraCapture: request_complete_callback invoked.
Warning: CsvLogger not found for module: camera. Entry dropped.
[INFO] Processing frame for Main Video Stream with format: '56595559'
[INFO] Frame buffer has 1 planes.
[INFO] Plane 0: fd=53, length=2654208
[INFO] Acquiring buffer from pool...
[INFO] Buffer acquired.
[INFO] Mmapping plane buffer...
[INFO] Mmap successful. Copying data...
[INFO] Data copied. Pooled buffer size: 2654208
[INFO] YUYV stream, no color conversion needed (assuming H264 takes YUYV).
[INFO] Image already target size. No resize needed.
[INFO] Pushing Main Video Stream to queue. Final dimensions: 1536x864 format: '56595559'
[INFO] Push successful.
[INFO] Processing frame for TPU Stream with format: '34324752'
[INFO] Frame buffer has 1 planes.
[INFO] Plane 0: fd=57, length=288000
[INFO] Acquiring buffer from pool...
[INFO] Buffer acquired.
[INFO] Mmapping plane buffer...
[INFO] Mmap successful. Copying data...
[INFO] Data copied. Pooled buffer size: 270000
[INFO] RGB888 stream, no color conversion needed.
[INFO] Image already target size. No resize needed.
[INFO] Pushing TPU Stream to queue. Final dimensions: 300x300 format: '34324752'
[INFO] Push successful.
Warning: CsvLogger not found for module: encoder. Entry dropped.
Warning: CsvLogger not found for module: tpu. Entry dropped.
[INFO] CameraCapture: request_complete_callback invoked.
[INFO] Processing frame for Main Video Stream with format: '56595559'
Warning: CsvLogger not found for module: camera. Entry dropped.
[INFO] Frame buffer has 1 planes.
[INFO] Plane 0: fd=50, length=2654208
[INFO] Acquiring buffer from pool...
[INFO] Buffer acquired.
[INFO] Mmapping plane buffer...
[INFO] Mmap successful. Copying data...
[INFO] Data copied. Pooled buffer size: 2654208
[INFO] YUYV stream, no color conversion needed (assuming H264 takes YUYV).
[INFO] Image already target size. No resize needed.
[INFO] Pushing Main Video Stream to queue. Final dimensions: 1536x864 format: '56595559'
[INFO] Push successful.
[INFO] Processing frame for TPU Stream with format: '34324752'
[INFO] Frame buffer has 1 planes.
[INFO] Plane 0: fd=54, length=288000
[INFO] Acquiring buffer from pool...
[INFO] Buffer acquired.
[INFO] Mmapping plane buffer...
[INFO] Mmap successful. Copying data...
[INFO] Data copied. Pooled buffer size: 270000
[INFO] RGB888 stream, no color conversion needed.
[INFO] Image already target size. No resize needed.
[INFO] Pushing TPU Stream to queue. Final dimensions: 300x300 format: '34324752'
[INFO] Push successful.
Warning: CsvLogger not found for module: encoder. Entry dropped.
Warning: CsvLogger not found for module: tpu. Entry dropped.
Warning: CsvLogger not found for module: sysmon. Entry dropped.
[INFO] CameraCapture: request_complete_callback invoked.
[INFO] Processing frame for Main Video Stream with format: '56595559'
Warning: CsvLogger not found for module: camera. Entry dropped.[INFO] Frame buffer has 1 planes.

[INFO] Plane 0: fd=51, length=2654208
[INFO] Acquiring buffer from pool...
[INFO] Buffer acquired.
[INFO] Mmapping plane buffer...
[INFO] Mmap successful. Copying data...
[INFO] Data copied. Pooled buffer size: 2654208
[INFO] YUYV stream, no color conversion needed (assuming H264 takes YUYV).
[INFO] Image already target size. No resize needed.
[INFO] Pushing Main Video Stream to queue. Final dimensions: 1536x864 format: '56595559'
[INFO] Push successful.
[INFO] Processing frame for TPU Stream with format: '34324752'
[INFO] Frame buffer has 1 planes.
[INFO] Plane 0: fd=55, length=288000
[INFO] Acquiring buffer from pool...
[INFO] Buffer acquired.
[INFO] Mmapping plane buffer...
[INFO] Mmap successful. Copying data...
[INFO] Data copied. Pooled buffer size: 270000
[INFO] RGB888 stream, no color conversion needed.
[INFO] Image already target size. No resize needed.
[INFO] Pushing TPU Stream to queue. Final dimensions: 300x300 format: '34324752'
[INFO] Push successful.
Warning: CsvLogger not found for module: tpu. Entry dropped.
Warning: CsvLogger not found for module: encoder. Entry dropped.
Warning: CsvLogger not found for module: camera. Entry dropped.
[INFO] CameraCapture: request_complete_callback invoked.
[INFO] Processing frame for Main Video Stream with format: '56595559'
[INFO] Frame buffer has 1 planes.
[INFO] Plane 0: fd=52, length=2654208
[INFO] Acquiring buffer from pool...
[INFO] Buffer acquired.
[INFO] Mmapping plane buffer...
[INFO] Mmap successful. Copying data...
[INFO] Data copied. Pooled buffer size: 2654208
[INFO] YUYV stream, no color conversion needed (assuming H264 takes YUYV).
[INFO] Image already target size. No resize needed.
[INFO] Pushing Main Video Stream to queue. Final dimensions: 1536x864 format: '56595559'
[INFO] Push successful.
[INFO] Processing frame for TPU Stream with format: '34324752'
[INFO] Frame buffer has 1 planes.
[INFO] Plane 0: fd=56, length=288000
[INFO] Acquiring buffer from pool...
[INFO] Buffer acquired.
[INFO] Mmapping plane buffer...
[INFO] Mmap successful. Copying data...
[INFO] Data copied. Pooled buffer size: 270000
[INFO] RGB888 stream, no color conversion needed.
[INFO] Image already target size. No resize needed.
[INFO] Pushing TPU Stream to queue. Final dimensions: 300x300 format: '34324752'
[INFO] Push successful.
[INFO] --- Inference Performance Metrics ---
[INFO]   Total Inferences: 78
[INFO]   Average FPS: 139.784946
[INFO]   Average Latency: 7.153846 ms
[INFO]   Latency Std Dev: 2.386269 ms
[INFO]   50th Percentile Latency: 6 ms
[INFO]   95th Percentile Latency: 10 ms
[INFO]   99th Percentile Latency: 24 ms
[INFO] -------------------------------------
Warning: CsvLogger not found for module: tpu. Entry dropped.
[INFO] --- SystemMonitor Performance Metrics ---
[INFO]   CPU Usage: 38.297874%
[INFO]   CPU Temperature: 45.200001 C
[INFO]   Memory Usage: 52.500008%
[INFO] -----------------------------------------
[INFO] --- H264Encoder Performance Metrics ---
[INFO]   Total Encoded Frames: 78
[INFO]   Average FPS: 124.600639
[INFO]   Average Latency: 8.025641 ms
[INFO]   50th Percentile Latency: 8 ms
[INFO]   95th Percentile Latency: 11 ms
[INFO]   99th Percentile Latency: 15 ms
[INFO] ---------------------------------------
Warning: CsvLogger not found for module: encoder. Entry dropped.
Warning: CsvLogger not found for module: camera. Entry dropped.
[INFO] CameraCapture: request_complete_callback invoked.
[INFO] Processing frame for Main Video Stream with format: '56595559'
[INFO] Frame buffer has 1 planes.
[INFO] Plane 0: fd=53, length=2654208
[INFO] Acquiring buffer from pool...
[INFO] Buffer acquired.
[INFO] Mmapping plane buffer...
[INFO] Mmap successful. Copying data...
[INFO] Data copied. Pooled buffer size: 2654208
[INFO] YUYV stream, no color conversion needed (assuming H264 takes YUYV).
[INFO] Image already target size. No resize needed.
[INFO] Pushing Main Video Stream to queue. Final dimensions: 1536x864 format: '56595559'
[INFO] Push successful.
[INFO] Processing frame for TPU Stream with format: '34324752'
[INFO] Frame buffer has 1 planes.
[INFO] Plane 0: fd=57, length=288000
[INFO] Acquiring buffer from pool...
[INFO] Buffer acquired.
[INFO] Mmapping plane buffer...
[INFO] Mmap successful. Copying data...
[INFO] Data copied. Pooled buffer size: 270000
[INFO] RGB888 stream, no color conversion needed.
[INFO] Image already target size. No resize needed.
[INFO] Pushing TPU Stream to queue. Final dimensions: 300x300 format: '34324752'
[INFO] Push successful.
Warning: CsvLogger not found for module: tpu. Entry dropped.
Warning: CsvLogger not found for module: encoder. Entry dropped.
Warning: CsvLogger not found for module: camera. Entry dropped.
[INFO] CameraCapture: request_complete_callback invoked.
[INFO] Processing frame for Main Video Stream with format: '56595559'
[INFO] Frame buffer has 1 planes.
[INFO] Plane 0: fd=50, length=2654208
[INFO] Acquiring buffer from pool...
[INFO] Buffer acquired.
[INFO] Mmapping plane buffer...
[INFO] Mmap successful. Copying data...
[INFO] Data copied. Pooled buffer size: 2654208
[INFO] YUYV stream, no color conversion needed (assuming H264 takes YUYV).
[INFO] Image already target size. No resize needed.
[INFO] Pushing Main Video Stream to queue. Final dimensions: 1536x864 format: '56595559'
[INFO] Push successful.
[INFO] Processing frame for TPU Stream with format: '34324752'
[INFO] Frame buffer has 1 planes.
[INFO] Plane 0: fd=54, length=288000
[INFO] Acquiring buffer from pool...
[INFO] Buffer acquired.
[INFO] Mmapping plane buffer...
[INFO] Mmap successful. Copying data...
[INFO] Data copied. Pooled buffer size: 270000
[INFO] RGB888 stream, no color conversion needed.
[INFO] Image already target size. No resize needed.
[INFO] Pushing TPU Stream to queue. Final dimensions: 300x300 format: '34324752'
[INFO] Push successful.
Warning: CsvLogger not found for module: tpu. Entry dropped.
Warning: CsvLogger not found for module: encoder. Entry dropped.
[INFO] CameraCapture: request_complete_callback invoked.
Warning: CsvLogger not found for module: camera. Entry dropped.
[INFO] Processing frame for Main Video Stream with format: '56595559'
[INFO] Frame buffer has 1 planes.
[INFO] Plane 0: fd=51, length=2654208
[INFO] Acquiring buffer from pool...
[INFO] Buffer acquired.
[INFO] Mmapping plane buffer...
[INFO] Mmap successful. Copying data...
[INFO] Data copied. Pooled buffer size: 2654208
[INFO] YUYV stream, no color conversion needed (assuming H264 takes YUYV).
[INFO] Image already target size. No resize needed.
[INFO] Pushing Main Video Stream to queue. Final dimensions: 1536x864 format: '56595559'
[INFO] Push successful.
[INFO] Processing frame for TPU Stream with format: '34324752'
[INFO] Frame buffer has 1 planes.
[INFO] Plane 0: fd=55, length=288000
[INFO] Acquiring buffer from pool...
[INFO] Buffer acquired.
[INFO] Mmapping plane buffer...
[INFO] Mmap successful. Copying data...
[INFO] Data copied. Pooled buffer size: 270000
[INFO] RGB888 stream, no color conversion needed.
[INFO] Image already target size. No resize needed.
[INFO] Pushing TPU Stream to queue. Final dimensions: 300x300 format: '34324752'
[INFO] Push successful.
Warning: CsvLogger not found for module: tpu. Entry dropped.
Warning: CsvLogger not found for module: encoder. Entry dropped.
Warning: CsvLogger not found for module: camera. Entry dropped.
[INFO] CameraCapture: request_complete_callback invoked.
[INFO] Processing frame for Main Video Stream with format: '56595559'
[INFO] Frame buffer has 1 planes.
[INFO] Plane 0: fd=52, length=2654208
[INFO] Acquiring buffer from pool...
[INFO] Buffer acquired.
[INFO] Mmapping plane buffer...
[INFO] Mmap successful. Copying data...
[INFO] Data copied. Pooled buffer size: 2654208
[INFO] YUYV stream, no color conversion needed (assuming H264 takes YUYV).
[INFO] Image already target size. No resize needed.
[INFO] Pushing Main Video Stream to queue. Final dimensions: 1536x864 format: '56595559'
[INFO] Push successful.
[INFO] Processing frame for TPU Stream with format: '34324752'
[INFO] Frame buffer has 1 planes.
[INFO] Plane 0: fd=56, length=288000
[INFO] Acquiring buffer from pool...
[INFO] Buffer acquired.
[INFO] Mmapping plane buffer...
[INFO] Mmap successful. Copying data...
[INFO] Data copied. Pooled buffer size: 270000
[INFO] RGB888 stream, no color conversion needed.
[INFO] Image already target size. No resize needed.
[INFO] Pushing TPU Stream to queue. Final dimensions: 300x300 format: '34324752'
[INFO] Push successful.
Warning: CsvLogger not found for module: tpu. Entry dropped.
Warning: CsvLogger not found for module: encoder. Entry dropped.
[INFO] CameraCapture: request_complete_callback invoked.
Warning: CsvLogger not found for module: camera. Entry dropped.
[INFO] Processing frame for Main Video Stream with format: '56595559'
[INFO] Frame buffer has 1 planes.
[INFO] Plane 0: fd=53, length=2654208
[INFO] Acquiring buffer from pool...
[INFO] Buffer acquired.
[INFO] Mmapping plane buffer...
[INFO] Mmap successful. Copying data...
[INFO] Data copied. Pooled buffer size: 2654208
[INFO] YUYV stream, no color conversion needed (assuming H264 takes YUYV).
[INFO] Image already target size. No resize needed.
[INFO] Pushing Main Video Stream to queue. Final dimensions: 1536x864 format: '56595559'
[INFO] Push successful.
[INFO] Processing frame for TPU Stream with format: '34324752'
[INFO] Frame buffer has 1 planes.
[INFO] Plane 0: fd=57, length=288000
[INFO] Acquiring buffer from pool...
[INFO] Buffer acquired.
[INFO] Mmapping plane buffer...
[INFO] Mmap successful. Copying data...
[INFO] Data copied. Pooled buffer size: 270000
[INFO] RGB888 stream, no color conversion needed.
[INFO] Image already target size. No resize needed.
[INFO] Pushing TPU Stream to queue. Final dimensions: 300x300 format: '34324752'
[INFO] Push successful.
Warning: CsvLogger not found for module: tpu. Entry dropped.
Warning: CsvLogger not found for module: encoder. Entry dropped.
[INFO] CameraCapture: request_complete_callback invoked.
Warning: CsvLogger not found for module: camera. Entry dropped.
[INFO] Processing frame for Main Video Stream with format: '56595559'
[INFO] Frame buffer has 1 planes.
[INFO] Plane 0: fd=50, length=2654208
[INFO] Acquiring buffer from pool...
[INFO] Buffer acquired.
[INFO] Mmapping plane buffer...
[INFO] Mmap successful. Copying data...
[INFO] Data copied. Pooled buffer size: 2654208
[INFO] YUYV stream, no color conversion needed (assuming H264 takes YUYV).
[INFO] Image already target size. No resize needed.
[INFO] Pushing Main Video Stream to queue. Final dimensions: 1536x864 format: '56595559'
[INFO] Push successful.
[INFO] Processing frame for TPU Stream with format: '34324752'
[INFO] Frame buffer has 1 planes.
[INFO] Plane 0: fd=54, length=288000
[INFO] Acquiring buffer from pool...
[INFO] Buffer acquired.
[INFO] Mmapping plane buffer...
[INFO] Mmap successful. Copying data...
[INFO] Data copied. Pooled buffer size: 270000
[INFO] RGB888 stream, no color conversion needed.
[INFO] Image already target size. No resize needed.
[INFO] Pushing TPU Stream to queue. Final dimensions: 300x300 format: '34324752'
[INFO] Push successful.
Warning: CsvLogger not found for module: tpu. Entry dropped.
Warning: CsvLogger not found for module: encoder. Entry dropped.
[INFO] CameraCapture: request_complete_callback invoked.
Warning: CsvLogger not found for module: camera. Entry dropped.
[INFO] Processing frame for Main Video Stream with format: '56595559'
[INFO] Frame buffer has 1 planes.
[INFO] Plane 0: fd=51, length=2654208
[INFO] Acquiring buffer from pool...
[INFO] Buffer acquired.
[INFO] Mmapping plane buffer...
[INFO] Mmap successful. Copying data...
[INFO] Data copied. Pooled buffer size: 2654208
[INFO] YUYV stream, no color conversion needed (assuming H264 takes YUYV).
[INFO] Image already target size. No resize needed.
[INFO] Pushing Main Video Stream to queue. Final dimensions: 1536x864 format: '56595559'
[INFO] Push successful.
[INFO] Processing frame for TPU Stream with format: '34324752'
[INFO] Frame buffer has 1 planes.
[INFO] Plane 0: fd=55, length=288000
[INFO] Acquiring buffer from pool...
[INFO] Buffer acquired.
[INFO] Mmapping plane buffer...
[INFO] Mmap successful. Copying data...
[INFO] Data copied. Pooled buffer size: 270000
[INFO] RGB888 stream, no color conversion needed.
[INFO] Image already target size. No resize needed.
[INFO] Pushing TPU Stream to queue. Final dimensions: 300x300 format: '34324752'
[INFO] Push successful.
Warning: CsvLogger not found for module: tpu. Entry dropped.
Warning: CsvLogger not found for module: encoder. Entry dropped.
[INFO] CameraCapture: request_complete_callback invoked.
Warning: CsvLogger not found for module: [INFO] Processing frame for Main Video Stream with format: '56595559'
camera. Entry dropped.
[INFO] Frame buffer has 1 planes.
[INFO] Plane 0: fd=52, length=2654208
[INFO] Acquiring buffer from pool...
[INFO] Buffer acquired.
[INFO] Mmapping plane buffer...
[INFO] Mmap successful. Copying data...
[INFO] Data copied. Pooled buffer size: 2654208
[INFO] YUYV stream, no color conversion needed (assuming H264 takes YUYV).
[INFO] Image already target size. No resize needed.
[INFO] Pushing Main Video Stream to queue. Final dimensions: 1536x864 format: '56595559'
[INFO] Push successful.
[INFO] Processing frame for TPU Stream with format: '34324752'
[INFO] Frame buffer has 1 planes.
[INFO] Plane 0: fd=56, length=288000
[INFO] Acquiring buffer from pool...
[INFO] Buffer acquired.
[INFO] Mmapping plane buffer...
[INFO] Mmap successful. Copying data...
[INFO] Data copied. Pooled buffer size: 270000
[INFO] RGB888 stream, no color conversion needed.
[INFO] Image already target size. No resize needed.
[INFO] Pushing TPU Stream to queue. Final dimensions: 300x300 format: '34324752'
[INFO] Push successful.
Warning: CsvLogger not found for module: tpu. Entry dropped.
Warning: CsvLogger not found for module: encoder. Entry dropped.
Warning: CsvLogger not found for module: camera. Entry dropped.
[INFO] CameraCapture: request_complete_callback invoked.
[INFO] Processing frame for Main Video Stream with format: '56595559'
[INFO] Frame buffer has 1 planes.
[INFO] Plane 0: fd=53, length=2654208
[INFO] Acquiring buffer from pool...
[INFO] Buffer acquired.
[INFO] Mmapping plane buffer...
[INFO] Mmap successful. Copying data...
[INFO] Data copied. Pooled buffer size: 2654208
[INFO] YUYV stream, no color conversion needed (assuming H264 takes YUYV).
[INFO] Image already target size. No resize needed.
[INFO] Pushing Main Video Stream to queue. Final dimensions: 1536x864 format: '56595559'
[INFO] Push successful.
[INFO] Processing frame for TPU Stream with format: '34324752'
[INFO] Frame buffer has 1 planes.
[INFO] Plane 0: fd=57, length=288000
[INFO] Acquiring buffer from pool...
[INFO] Buffer acquired.
[INFO] Mmapping plane buffer...
[INFO] Mmap successful. Copying data...
[INFO] Data copied. Pooled buffer size: 270000
[INFO] RGB888 stream, no color conversion needed.
[INFO] Image already target size. No resize needed.
[INFO] Pushing TPU Stream to queue. Final dimensions: 300x300 format: '34324752'
[INFO] Push successful.
Warning: CsvLogger not found for module: encoder. Entry dropped.
Warning: CsvLogger not found for module: tpu. Entry dropped.
[INFO] CameraCapture: request_complete_callback invoked.
[INFO] Processing frame for Main Video Stream with format: '56595559'
Warning: CsvLogger not found for module: camera. Entry dropped.
[INFO] Frame buffer has 1 planes.
[INFO] Plane 0: fd=50, length=2654208
[INFO] Acquiring buffer from pool...
[INFO] Buffer acquired.
[INFO] Mmapping plane buffer...
[INFO] Mmap successful. Copying data...
[INFO] Data copied. Pooled buffer size: 2654208
[INFO] YUYV stream, no color conversion needed (assuming H264 takes YUYV).
[INFO] Image already target size. No resize needed.
[INFO] Pushing Main Video Stream to queue. Final dimensions: 1536x864 format: '56595559'
[INFO] Push successful.
[INFO] Processing frame for TPU Stream with format: '34324752'
[INFO] Frame buffer has 1 planes.
[INFO] Plane 0: fd=54, length=288000
[INFO] Acquiring buffer from pool...
[INFO] Buffer acquired.
[INFO] Mmapping plane buffer...
[INFO] Mmap successful. Copying data...
[INFO] Data copied. Pooled buffer size: 270000
[INFO] RGB888 stream, no color conversion needed.
[INFO] Image already target size. No resize needed.
[INFO] Pushing TPU Stream to queue. Final dimensions: 300x300 format: '34324752'
[INFO] Push successful.
Warning: CsvLogger not found for module: tpu. Entry dropped.
Warning: CsvLogger not found for module: encoder. Entry dropped.
Warning: CsvLogger not found for module: camera. Entry dropped.
[INFO] CameraCapture: request_complete_callback invoked.
[INFO] Processing frame for Main Video Stream with format: '56595559'
[INFO] Frame buffer has 1 planes.
[INFO] Plane 0: fd=51, length=2654208
[INFO] Acquiring buffer from pool...
[INFO] Buffer acquired.
[INFO] Mmapping plane buffer...
[INFO] Mmap successful. Copying data...
[INFO] Data copied. Pooled buffer size: 2654208
[INFO] YUYV stream, no color conversion needed (assuming H264 takes YUYV).
[INFO] Image already target size. No resize needed.
[INFO] Pushing Main Video Stream to queue. Final dimensions: 1536x864 format: '56595559'
[INFO] Push successful.
[INFO] Processing frame for TPU Stream with format: '34324752'
[INFO] Frame buffer has 1 planes.
[INFO] Plane 0: fd=55, length=288000
[INFO] Acquiring buffer from pool...
[INFO] Buffer acquired.
[INFO] Mmapping plane buffer...
[INFO] Mmap successful. Copying data...
[INFO] Data copied. Pooled buffer size: 270000
[INFO] RGB888 stream, no color conversion needed.
[INFO] Image already target size. No resize needed.
[INFO] Pushing TPU Stream to queue. Final dimensions: 300x300 format: '34324752'
[INFO] Push successful.
Warning: CsvLogger not found for module: encoder. Entry dropped.
Warning: CsvLogger not found for module: tpu. Entry dropped.
[INFO] CameraCapture: request_complete_callback invoked.
[INFO] Processing frame for Main Video Stream with format: '56595559'
Warning: CsvLogger not found for module: camera. Entry dropped.
[INFO] Frame buffer has 1 planes.
[INFO] Plane 0: fd=52, length=2654208
[INFO] Acquiring buffer from pool...
[INFO] Buffer acquired.
[INFO] Mmapping plane buffer...
[INFO] Mmap successful. Copying data...
[INFO] Data copied. Pooled buffer size: 2654208
[INFO] YUYV stream, no color conversion needed (assuming H264 takes YUYV).
[INFO] Image already target size. No resize needed.
[INFO] Pushing Main Video Stream to queue. Final dimensions: 1536x864 format: '56595559'
[INFO] Push successful.
[INFO] Processing frame for TPU Stream with format: '34324752'
[INFO] Frame buffer has 1 planes.
[INFO] Plane 0: fd=56, length=288000
[INFO] Acquiring buffer from pool...
[INFO] Buffer acquired.
[INFO] Mmapping plane buffer...
[INFO] Mmap successful. Copying data...
[INFO] Data copied. Pooled buffer size: 270000
[INFO] RGB888 stream, no color conversion needed.
[INFO] Image already target size. No resize needed.
[INFO] Pushing TPU Stream to queue. Final dimensions: 300x300 format: '34324752'
[INFO] Push successful.
Warning: CsvLogger not found for module: tpu. Entry dropped.
Warning: CsvLogger not found for module: encoder. Entry dropped.
[INFO] CameraCapture: request_complete_callback invoked.
Warning: CsvLogger not found for module: camera. Entry dropped.
[INFO] Processing frame for Main Video Stream with format: '56595559'
[INFO] Frame buffer has 1 planes.
[INFO] Plane 0: fd=53, length=2654208
[INFO] Acquiring buffer from pool...
[INFO] Buffer acquired.
[INFO] Mmapping plane buffer...
[INFO] Mmap successful. Copying data...
[INFO] Data copied. Pooled buffer size: 2654208
[INFO] YUYV stream, no color conversion needed (assuming H264 takes YUYV).
[INFO] Image already target size. No resize needed.
[INFO] Pushing Main Video Stream to queue. Final dimensions: 1536x864 format: '56595559'
[INFO] Push successful.
[INFO] Processing frame for TPU Stream with format: '34324752'
[INFO] Frame buffer has 1 planes.
[INFO] Plane 0: fd=57, length=288000
[INFO] Acquiring buffer from pool...
[INFO] Buffer acquired.
[INFO] Mmapping plane buffer...
[INFO] Mmap successful. Copying data...
[INFO] Data copied. Pooled buffer size: 270000
[INFO] RGB888 stream, no color conversion needed.
[INFO] Image already target size. No resize needed.
[INFO] Pushing TPU Stream to queue. Final dimensions: 300x300 format: '34324752'
[INFO] Push successful.
Warning: CsvLogger not found for module: tpu. Entry dropped.
Warning: CsvLogger not found for module: encoder. Entry dropped.
[INFO] CameraCapture: request_complete_callback invoked.
Warning: CsvLogger not found for module: camera. Entry dropped.
[INFO] Processing frame for Main Video Stream with format: '56595559'
[INFO] Frame buffer has 1 planes.
[INFO] Plane 0: fd=50, length=2654208
[INFO] Acquiring buffer from pool...
[INFO] Buffer acquired.
[INFO] Mmapping plane buffer...
[INFO] Mmap successful. Copying data...
[INFO] Data copied. Pooled buffer size: 2654208
[INFO] YUYV stream, no color conversion needed (assuming H264 takes YUYV).
[INFO] Image already target size. No resize needed.
[INFO] Pushing Main Video Stream to queue. Final dimensions: 1536x864 format: '56595559'
[INFO] Push successful.
[INFO] Processing frame for TPU Stream with format: '34324752'
[INFO] Frame buffer has 1 planes.
[INFO] Plane 0: fd=54, length=288000
[INFO] Acquiring buffer from pool...
[INFO] Buffer acquired.
[INFO] Mmapping plane buffer...
[INFO] Mmap successful. Copying data...
[INFO] Data copied. Pooled buffer size: 270000
[INFO] RGB888 stream, no color conversion needed.
[INFO] Image already target size. No resize needed.
[INFO] Pushing TPU Stream to queue. Final dimensions: 300x300 format: '34324752'
[INFO] Push successful.
Warning: CsvLogger not found for module: encoder. Entry dropped.
Warning: CsvLogger not found for module: tpu. Entry dropped.
[INFO] CameraCapture: request_complete_callback invoked.
[INFO] Processing frame for Main Video Stream with format: '56595559'
Warning: CsvLogger not found for module: camera. Entry dropped.[INFO] Frame buffer has 1 planes.

[INFO] Plane 0: fd=51, length=2654208
[INFO] Acquiring buffer from pool...
[INFO] Buffer acquired.
[INFO] Mmapping plane buffer...
[INFO] Mmap successful. Copying data...
[INFO] Data copied. Pooled buffer size: 2654208
[INFO] YUYV stream, no color conversion needed (assuming H264 takes YUYV).
[INFO] Image already target size. No resize needed.
[INFO] Pushing Main Video Stream to queue. Final dimensions: 1536x864 format: '56595559'
[INFO] Push successful.
[INFO] Processing frame for TPU Stream with format: '34324752'
[INFO] Frame buffer has 1 planes.
[INFO] Plane 0: fd=55, length=288000
[INFO] Acquiring buffer from pool...
[INFO] Buffer acquired.
[INFO] Mmapping plane buffer...
[INFO] Mmap successful. Copying data...
[INFO] Data copied. Pooled buffer size: 270000
[INFO] RGB888 stream, no color conversion needed.
[INFO] Image already target size. No resize needed.
[INFO] Pushing TPU Stream to queue. Final dimensions: 300x300 format: '34324752'
[INFO] Push successful.
Warning: CsvLogger not found for module: encoder. Entry dropped.
Warning: CsvLogger not found for module: tpu. Entry dropped.
[INFO] CameraCapture: request_complete_callback invoked.
Warning: CsvLogger not found for module: [INFO] Processing frame for Main Video Stream with format: '56595559'
camera[INFO] Frame buffer has 1 planes.
. Entry dropped.
[INFO] Plane 0: fd=52, length=2654208
[INFO] Acquiring buffer from pool...
[INFO] Buffer acquired.
[INFO] Mmapping plane buffer...
[INFO] Mmap successful. Copying data...
[INFO] Data copied. Pooled buffer size: 2654208
[INFO] YUYV stream, no color conversion needed (assuming H264 takes YUYV).
[INFO] Image already target size. No resize needed.
[INFO] Pushing Main Video Stream to queue. Final dimensions: 1536x864 format: '56595559'
[INFO] Push successful.
[INFO] Processing frame for TPU Stream with format: '34324752'
[INFO] Frame buffer has 1 planes.
[INFO] Plane 0: fd=56, length=288000
[INFO] Acquiring buffer from pool...
[INFO] Buffer acquired.
[INFO] Mmapping plane buffer...
[INFO] Mmap successful. Copying data...
[INFO] Data copied. Pooled buffer size: 270000
[INFO] RGB888 stream, no color conversion needed.
[INFO] Image already target size. No resize needed.
[INFO] Pushing TPU Stream to queue. Final dimensions: 300x300 format: '34324752'
[INFO] Push successful.
Warning: CsvLogger not found for module: encoder. Entry dropped.
Warning: CsvLogger not found for module: tpu. Entry dropped.
[INFO] CameraCapture: request_complete_callback invoked.
[INFO] Processing frame for Main Video Stream with format: '56595559'
[INFO] Frame buffer has 1 planes.
[INFO] Plane 0: fd=53, length=2654208
[INFO] Acquiring buffer from pool...
[INFO] Buffer acquired.
[INFO] Mmapping plane buffer...
[INFO] Mmap successful. Copying data...
[INFO] Data copied. Pooled buffer size: 2654208
[INFO] YUYV stream, no color conversion needed (assuming H264 takes YUYV).
[INFO] Image already target size. No resize needed.
[INFO] Pushing Main Video Stream to queue. Final dimensions: 1536x864 format: '56595559'
[INFO] Push successful.
[INFO] Processing frame for TPU Stream with format: '34324752'
[INFO] Frame buffer has 1 planes.
[INFO] Plane 0: fd=57, length=288000
[INFO] Acquiring buffer from pool...
[INFO] Buffer acquired.
[INFO] Mmapping plane buffer...
[INFO] Mmap successful. Copying data...
[INFO] Data copied. Pooled buffer size: 270000
[INFO] RGB888 stream, no color conversion needed.
[INFO] Image already target size. No resize needed.
[INFO] Pushing TPU Stream to queue. Final dimensions: 300x300 format: '34324752'
[INFO] Push successful.
Warning: CsvLogger not found for module: camera. Entry dropped.
Warning: CsvLogger not found for module: tpu. Entry dropped.
Warning: CsvLogger not found for module: encoder. Entry dropped.
Warning: CsvLogger not found for module: camera. Entry dropped.
[INFO] CameraCapture: request_complete_callback invoked.
[INFO] Processing frame for Main Video Stream with format: '56595559'
[INFO] Frame buffer has 1 planes.
[INFO] Plane 0: fd=50, length=2654208
[INFO] Acquiring buffer from pool...
[INFO] Buffer acquired.
[INFO] Mmapping plane buffer...
[INFO] Mmap successful. Copying data...
[INFO] Data copied. Pooled buffer size: 2654208
[INFO] YUYV stream, no color conversion needed (assuming H264 takes YUYV).
[INFO] Image already target size. No resize needed.
[INFO] Pushing Main Video Stream to queue. Final dimensions: 1536x864 format: '56595559'
[INFO] Push successful.
[INFO] Processing frame for TPU Stream with format: '34324752'
[INFO] Frame buffer has 1 planes.
[INFO] Plane 0: fd=54, length=288000
[INFO] Acquiring buffer from pool...
[INFO] Buffer acquired.
[INFO] Mmapping plane buffer...
[INFO] Mmap successful. Copying data...
[INFO] Data copied. Pooled buffer size: 270000
[INFO] RGB888 stream, no color conversion needed.
[INFO] Image already target size. No resize needed.
[INFO] Pushing TPU Stream to queue. Final dimensions: 300x300 format: '34324752'
[INFO] Push successful.
Warning: CsvLogger not found for module: tpu. Entry dropped.
Warning: CsvLogger not found for module: encoder. Entry dropped.
Warning: CsvLogger not found for module: camera. Entry dropped.
[INFO] CameraCapture: request_complete_callback invoked.
[INFO] Processing frame for Main Video Stream with format: '56595559'
[INFO] Frame buffer has 1 planes.
[INFO] Plane 0: fd=51, length=2654208
[INFO] Acquiring buffer from pool...
[INFO] Buffer acquired.
[INFO] Mmapping plane buffer...
[INFO] Mmap successful. Copying data...
[INFO] Data copied. Pooled buffer size: 2654208
[INFO] YUYV stream, no color conversion needed (assuming H264 takes YUYV).
[INFO] Image already target size. No resize needed.
[INFO] Pushing Main Video Stream to queue. Final dimensions: 1536x864 format: '56595559'
[INFO] Push successful.
[INFO] Processing frame for TPU Stream with format: '34324752'
[INFO] Frame buffer has 1 planes.
[INFO] Plane 0: fd=55, length=288000
[INFO] Acquiring buffer from pool...
[INFO] Buffer acquired.
[INFO] Mmapping plane buffer...
[INFO] Mmap successful. Copying data...
[INFO] Data copied. Pooled buffer size: 270000
[INFO] RGB888 stream, no color conversion needed.
[INFO] Image already target size. No resize needed.
[INFO] Pushing TPU Stream to queue. Final dimensions: 300x300 format: '34324752'
[INFO] Push successful.
Warning: CsvLogger not found for module: encoder. Entry dropped.
Warning: CsvLogger not found for module: tpu. Entry dropped.
[INFO] CameraCapture: request_complete_callback invoked.
Warning: CsvLogger not found for module: [INFO] Processing frame for Main Video Stream with format: '56595559'
camera. Entry dropped.
[INFO] Frame buffer has 1 planes.
[INFO] Plane 0: fd=52, length=2654208
[INFO] Acquiring buffer from pool...
[INFO] Buffer acquired.
[INFO] Mmapping plane buffer...
[INFO] Mmap successful. Copying data...
[INFO] Data copied. Pooled buffer size: 2654208
[INFO] YUYV stream, no color conversion needed (assuming H264 takes YUYV).
[INFO] Image already target size. No resize needed.
[INFO] Pushing Main Video Stream to queue. Final dimensions: 1536x864 format: '56595559'
[INFO] Push successful.
[INFO] Processing frame for TPU Stream with format: '34324752'
[INFO] Frame buffer has 1 planes.
[INFO] Plane 0: fd=56, length=288000
[INFO] Acquiring buffer from pool...
[INFO] Buffer acquired.
[INFO] Mmapping plane buffer...
[INFO] Mmap successful. Copying data...
[INFO] Data copied. Pooled buffer size: 270000
[INFO] RGB888 stream, no color conversion needed.
[INFO] Image already target size. No resize needed.
[INFO] Pushing TPU Stream to queue. Final dimensions: 300x300 format: '34324752'
[INFO] Push successful.
Warning: CsvLogger not found for module: tpu. Entry dropped.
[INFO] CameraCapture: request_complete_callback invoked.
Warning: CsvLogger not found for module: [INFO] Processing frame for Main Video Stream with format: '56595559'
camera. Entry dropped.
[INFO] Frame buffer has 1 planes.
[INFO] Plane 0: fd=53, length=2654208
[INFO] Acquiring buffer from pool...
[INFO] Buffer acquired.
[INFO] Mmapping plane buffer...
[INFO] Mmap successful. Copying data...
[INFO] Data copied. Pooled buffer size: 2654208
[INFO] YUYV stream, no color conversion needed (assuming H264 takes YUYV).
[INFO] Image already target size. No resize needed.
[INFO] Pushing Main Video Stream to queue. Final dimensions: 1536x864 format: '56595559'
[INFO] Push successful.
[INFO] Processing frame for TPU Stream with format: '34324752'
[INFO] Frame buffer has 1 planes.
[INFO] Plane 0: fd=57, length=288000
[INFO] Acquiring buffer from pool...
[INFO] Buffer acquired.
[INFO] Mmapping plane buffer...
[INFO] Mmap successful. Copying data...
[INFO] Data copied. Pooled buffer size: 270000
[INFO] RGB888 stream, no color conversion needed.
[INFO] Image already target size. No resize needed.
[INFO] Pushing TPU Stream to queue. Final dimensions: 300x300 format: '34324752'
[INFO] Push successful.
Warning: CsvLogger not found for module: tpu. Entry dropped.
[INFO] CameraCapture: request_complete_callback invoked.
Warning: CsvLogger not found for module: [INFO] Processing frame for Main Video Stream with format: '56595559'
camera. Entry dropped.
[INFO] Frame buffer has 1 planes.
[INFO] Plane 0: fd=50, length=2654208
[INFO] Acquiring buffer from pool...
[INFO] Buffer acquired.
[INFO] Mmapping plane buffer...
[INFO] Mmap successful. Copying data...
[INFO] Data copied. Pooled buffer size: 2654208
[INFO] YUYV stream, no color conversion needed (assuming H264 takes YUYV).
[INFO] Image already target size. No resize needed.
[INFO] Pushing Main Video Stream to queue. Final dimensions: 1536x864 format: '56595559'
[INFO] Push successful.
[INFO] Processing frame for TPU Stream with format: '34324752'
[INFO] Frame buffer has 1 planes.
[INFO] Plane 0: fd=54, length=288000
[INFO] Acquiring buffer from pool...
[INFO] Buffer acquired.
[INFO] Mmapping plane buffer...
[INFO] Mmap successful. Copying data...
[INFO] Data copied. Pooled buffer size: 270000
[INFO] RGB888 stream, no color conversion needed.
[INFO] Image already target size. No resize needed.
[INFO] Pushing TPU Stream to queue. Final dimensions: 300x300 format: '34324752'
[INFO] Push successful.
Warning: CsvLogger not found for module: tpu. Entry dropped.
[INFO] CameraCapture: request_complete_callback invoked.
Warning: CsvLogger not found for module: [INFO] Processing frame for Main Video Stream with format: '56595559'
camera. Entry dropped.
[INFO] Frame buffer has 1 planes.
[INFO] Plane 0: fd=51, length=2654208
[INFO] Acquiring buffer from pool...
[INFO] Buffer acquired.
[INFO] Mmapping plane buffer...
[INFO] Mmap successful. Copying data...
[INFO] Data copied. Pooled buffer size: 2654208
[INFO] YUYV stream, no color conversion needed (assuming H264 takes YUYV).
[INFO] Image already target size. No resize needed.
[INFO] Pushing Main Video Stream to queue. Final dimensions: 1536x864 format: '56595559'
[INFO] Push successful.
[INFO] Processing frame for TPU Stream with format: '34324752'
[INFO] Frame buffer has 1 planes.
[INFO] Plane 0: fd=55, length=288000
[INFO] Acquiring buffer from pool...
[INFO] Buffer acquired.
[INFO] Mmapping plane buffer...
[INFO] Mmap successful. Copying data...
[INFO] Data copied. Pooled buffer size: 270000
[INFO] RGB888 stream, no color conversion needed.
[INFO] Image already target size. No resize needed.
[INFO] Pushing TPU Stream to queue. Final dimensions: 300x300 format: '34324752'
[INFO] Push successful.
Warning: CsvLogger not found for module: tpu. Entry dropped.
[INFO] CameraCapture: request_complete_callback invoked.
Warning: CsvLogger not found for module: [INFO] Processing frame for Main Video Stream with format: '56595559'
camera. Entry dropped.
[INFO] Frame buffer has 1 planes.
[INFO] Plane 0: fd=52, length=2654208
[INFO] Acquiring buffer from pool...
[INFO] Buffer acquired.
[INFO] Mmapping plane buffer...
[INFO] Mmap successful. Copying data...
[INFO] Data copied. Pooled buffer size: 2654208
[INFO] YUYV stream, no color conversion needed (assuming H264 takes YUYV).
[INFO] Image already target size. No resize needed.
[INFO] Pushing Main Video Stream to queue. Final dimensions: 1536x864 format: '56595559'
[INFO] Push successful.
[INFO] Processing frame for TPU Stream with format: '34324752'
[INFO] Frame buffer has 1 planes.
[INFO] Plane 0: fd=56, length=288000
[INFO] Acquiring buffer from pool...
[INFO] Buffer acquired.
[INFO] Mmapping plane buffer...
[INFO] Mmap successful. Copying data...
[INFO] Data copied. Pooled buffer size: 270000
[INFO] RGB888 stream, no color conversion needed.
[INFO] Image already target size. No resize needed.
[INFO] Pushing TPU Stream to queue. Final dimensions: 300x300 format: '34324752'
[INFO] Push successful.
Warning: CsvLogger not found for module: tpu. Entry dropped.
[INFO] CameraCapture: request_complete_callback invoked.
Warning: CsvLogger not found for module: [INFO] Processing frame for Main Video Stream with format: '56595559'
camera. Entry dropped.
[INFO] Frame buffer has 1 planes.
[INFO] Plane 0: fd=53, length=2654208
[INFO] Acquiring buffer from pool...
[INFO] Buffer acquired.
[INFO] Mmapping plane buffer...
[INFO] Mmap successful. Copying data...
[INFO] Data copied. Pooled buffer size: 2654208
[INFO] YUYV stream, no color conversion needed (assuming H264 takes YUYV).
[INFO] Image already target size. No resize needed.
[INFO] Pushing Main Video Stream to queue. Final dimensions: 1536x864 format: '56595559'
[INFO] Push successful.
[INFO] Processing frame for TPU Stream with format: '34324752'
[INFO] Frame buffer has 1 planes.
[INFO] Plane 0: fd=57, length=288000
[INFO] Acquiring buffer from pool...
[INFO] Buffer acquired.
[INFO] Mmapping plane buffer...
[INFO] Mmap successful. Copying data...
[INFO] Data copied. Pooled buffer size: 270000
[INFO] RGB888 stream, no color conversion needed.
[INFO] Image already target size. No resize needed.
[INFO] Pushing TPU Stream to queue. Final dimensions: 300x300 format: '34324752'
[INFO] Push successful.
Warning: CsvLogger not found for module: tpu. Entry dropped.
[INFO] CameraCapture: request_complete_callback invoked.
[INFO] Processing frame for Main Video Stream with format: '56595559'
Warning: CsvLogger not found for module: camera. Entry dropped.
[INFO] Frame buffer has 1 planes.
[INFO] Plane 0: fd=50, length=2654208
[INFO] Acquiring buffer from pool...
[INFO] Buffer acquired.
[INFO] Mmapping plane buffer...
[INFO] Mmap successful. Copying data...
[INFO] Data copied. Pooled buffer size: 2654208
[INFO] YUYV stream, no color conversion needed (assuming H264 takes YUYV).
[INFO] Image already target size. No resize needed.
[INFO] Pushing Main Video Stream to queue. Final dimensions: 1536x864 format: '56595559'
[INFO] Push successful.
[INFO] Processing frame for TPU Stream with format: '34324752'
[INFO] Frame buffer has 1 planes.
[INFO] Plane 0: fd=54, length=288000
[INFO] Acquiring buffer from pool...
[INFO] Buffer acquired.
[INFO] Mmapping plane buffer...
[INFO] Mmap successful. Copying data...
[INFO] Data copied. Pooled buffer size: 270000
[INFO] RGB888 stream, no color conversion needed.
[INFO] Image already target size. No resize needed.
[INFO] Pushing TPU Stream to queue. Final dimensions: 300x300 format: '34324752'
[INFO] Push successful.
Warning: CsvLogger not found for module: tpu. Entry dropped.
[INFO] CameraCapture: request_complete_callback invoked.
Warning: CsvLogger not found for module: [INFO] Processing frame for Main Video Stream with format: '56595559'
camera. Entry dropped.
[INFO] Frame buffer has 1 planes.
[INFO] Plane 0: fd=51, length=2654208
[INFO] Acquiring buffer from pool...
[INFO] Buffer acquired.
[INFO] Mmapping plane buffer...
[INFO] Mmap successful. Copying data...
[INFO] Data copied. Pooled buffer size: 2654208
[INFO] YUYV stream, no color conversion needed (assuming H264 takes YUYV).
[INFO] Image already target size. No resize needed.
[INFO] Pushing Main Video Stream to queue. Final dimensions: 1536x864 format: '56595559'
[INFO] Push successful.
[INFO] Processing frame for TPU Stream with format: '34324752'
[INFO] Frame buffer has 1 planes.
[INFO] Plane 0: fd=55, length=288000
[INFO] Acquiring buffer from pool...
[INFO] Buffer acquired.
[INFO] Mmapping plane buffer...
[INFO] Mmap successful. Copying data...
[INFO] Data copied. Pooled buffer size: 270000
[INFO] RGB888 stream, no color conversion needed.
[INFO] Image already target size. No resize needed.
[INFO] Pushing TPU Stream to queue. Final dimensions: 300x300 format: '34324752'
[INFO] Push successful.
Warning: CsvLogger not found for module: tpu. Entry dropped.
[INFO] CameraCapture: request_complete_callback invoked.
Warning: CsvLogger not found for module: [INFO] Processing frame for Main Video Stream with format: '56595559'
camera. Entry dropped.
[INFO] Frame buffer has 1 planes.
[INFO] Plane 0: fd=52, length=2654208
[INFO] Acquiring buffer from pool...
[INFO] Buffer acquired.
[INFO] Mmapping plane buffer...
[INFO] Mmap successful. Copying data...
[INFO] Data copied. Pooled buffer size: 2654208
[INFO] YUYV stream, no color conversion needed (assuming H264 takes YUYV).
[INFO] Image already target size. No resize needed.
[INFO] Pushing Main Video Stream to queue. Final dimensions: 1536x864 format: '56595559'
[INFO] Push successful.
[INFO] Processing frame for TPU Stream with format: '34324752'
[INFO] Frame buffer has 1 planes.
[INFO] Plane 0: fd=56, length=288000
[INFO] Acquiring buffer from pool...
[INFO] Buffer acquired.
[INFO] Mmapping plane buffer...
[INFO] Mmap successful. Copying data...
[INFO] Data copied. Pooled buffer size: 270000
[INFO] RGB888 stream, no color conversion needed.
[INFO] Image already target size. No resize needed.
[INFO] Pushing TPU Stream to queue. Final dimensions: 300x300 format: '34324752'
[INFO] Push successful.
Warning: CsvLogger not found for module: tpu. Entry dropped.
[INFO] CameraCapture: request_complete_callback invoked.
[INFO] Processing frame for Main Video Stream with format: '56595559'
Warning: CsvLogger not found for module: camera. Entry dropped.
[INFO] Frame buffer has 1 planes.
[INFO] Plane 0: fd=53, length=2654208
[INFO] Acquiring buffer from pool...
[INFO] Buffer acquired.
[INFO] Mmapping plane buffer...
[INFO] Mmap successful. Copying data...
[INFO] Data copied. Pooled buffer size: 2654208
[INFO] YUYV stream, no color conversion needed (assuming H264 takes YUYV).
[INFO] Image already target size. No resize needed.
[INFO] Pushing Main Video Stream to queue. Final dimensions: 1536x864 format: '56595559'
[INFO] Push successful.
[INFO] Processing frame for TPU Stream with format: '34324752'
[INFO] Frame buffer has 1 planes.
[INFO] Plane 0: fd=57, length=288000
[INFO] Acquiring buffer from pool...
[INFO] Buffer acquired.
[INFO] Mmapping plane buffer...
[INFO] Mmap successful. Copying data...
[INFO] Data copied. Pooled buffer size: 270000
[INFO] RGB888 stream, no color conversion needed.
[INFO] Image already target size. No resize needed.
[INFO] Pushing TPU Stream to queue. Final dimensions: 300x300 format: '34324752'
[INFO] Push successful.
Warning: CsvLogger not found for module: tpu. Entry dropped.
[INFO] CameraCapture: request_complete_callback invoked.
Warning: CsvLogger not found for module: camera. Entry dropped.
[INFO] Processing frame for Main Video Stream with format: '56595559'
[INFO] Frame buffer has 1 planes.
[INFO] Plane 0: fd=50, length=2654208
[INFO] Acquiring buffer from pool...
[INFO] Buffer acquired.
[INFO] Mmapping plane buffer...
[INFO] Mmap successful. Copying data...
[INFO] Data copied. Pooled buffer size: 2654208
[INFO] YUYV stream, no color conversion needed (assuming H264 takes YUYV).
[INFO] Image already target size. No resize needed.
[INFO] Pushing Main Video Stream to queue. Final dimensions: 1536x864 format: '56595559'
[INFO] Push successful.
[INFO] Processing frame for TPU Stream with format: '34324752'
[INFO] Frame buffer has 1 planes.
[INFO] Plane 0: fd=54, length=288000
[INFO] Acquiring buffer from pool...
[INFO] Buffer acquired.
[INFO] Mmapping plane buffer...
[INFO] Mmap successful. Copying data...
[INFO] Data copied. Pooled buffer size: 270000
[INFO] RGB888 stream, no color conversion needed.
[INFO] Image already target size. No resize needed.
[INFO] Pushing TPU Stream to queue. Final dimensions: 300x300 format: '34324752'
[INFO] Push successful.
Warning: CsvLogger not found for module: tpu. Entry dropped.
Warning: CsvLogger not found for module: camera. Entry dropped.
[INFO] CameraCapture: request_complete_callback invoked.
[INFO] Processing frame for Main Video Stream with format: '56595559'
[INFO] Frame buffer has 1 planes.
[INFO] Plane 0: fd=51, length=2654208
[INFO] Acquiring buffer from pool...
[INFO] Buffer acquired.
[INFO] Mmapping plane buffer...
[INFO] Mmap successful. Copying data...
[INFO] Data copied. Pooled buffer size: 2654208
[INFO] YUYV stream, no color conversion needed (assuming H264 takes YUYV).
[INFO] Image already target size. No resize needed.
[INFO] Pushing Main Video Stream to queue. Final dimensions: 1536x864 format: '56595559'
[INFO] Push successful.
[INFO] Processing frame for TPU Stream with format: '34324752'
[INFO] Frame buffer has 1 planes.
[INFO] Plane 0: fd=55, length=288000
[INFO] Acquiring buffer from pool...
[INFO] Buffer acquired.
[INFO] Mmapping plane buffer...
[INFO] Mmap successful. Copying data...
[INFO] Data copied. Pooled buffer size: 270000
[INFO] RGB888 stream, no color conversion needed.
[INFO] Image already target size. No resize needed.
[INFO] Pushing TPU Stream to queue. Final dimensions: 300x300 format: '34324752'
[INFO] Push successful.
Warning: CsvLogger not found for module: tpu. Entry dropped.
Warning: CsvLogger not found for module: camera. Entry dropped.
[INFO] CameraCapture: request_complete_callback invoked.
[INFO] Processing frame for Main Video Stream with format: '56595559'
[INFO] Frame buffer has 1 planes.
[INFO] Plane 0: fd=52, length=2654208
[INFO] Acquiring buffer from pool...
[INFO] Buffer acquired.
[INFO] Mmapping plane buffer...
[INFO] Mmap successful. Copying data...
[INFO] Data copied. Pooled buffer size: 2654208
[INFO] YUYV stream, no color conversion needed (assuming H264 takes YUYV).
[INFO] Image already target size. No resize needed.
[INFO] Pushing Main Video Stream to queue. Final dimensions: 1536x864 format: '56595559'
[INFO] Push successful.
[INFO] Processing frame for TPU Stream with format: '34324752'
[INFO] Frame buffer has 1 planes.
[INFO] Plane 0: fd=56, length=288000
[INFO] Acquiring buffer from pool...
[INFO] Buffer acquired.
[INFO] Mmapping plane buffer...
[INFO] Mmap successful. Copying data...
[INFO] Data copied. Pooled buffer size: 270000
[INFO] RGB888 stream, no color conversion needed.
[INFO] Image already target size. No resize needed.
[INFO] Pushing TPU Stream to queue. Final dimensions: 300x300 format: '34324752'
[INFO] Push successful.
Warning: CsvLogger not found for module: tpu. Entry dropped.
Warning: CsvLogger not found for module: camera. Entry dropped.
[INFO] CameraCapture: request_complete_callback invoked.
[INFO] Processing frame for Main Video Stream with format: '56595559'
[INFO] Frame buffer has 1 planes.
[INFO] Plane 0: fd=53, length=2654208
[INFO] Acquiring buffer from pool...
[INFO] Buffer acquired.
[INFO] Mmapping plane buffer...
[INFO] Mmap successful. Copying data...
[INFO] Data copied. Pooled buffer size: 2654208
[INFO] YUYV stream, no color conversion needed (assuming H264 takes YUYV).
[INFO] Image already target size. No resize needed.
[INFO] Pushing Main Video Stream to queue. Final dimensions: 1536x864 format: '56595559'
[INFO] Push successful.
[INFO] Processing frame for TPU Stream with format: '34324752'
[INFO] Frame buffer has 1 planes.
[INFO] Plane 0: fd=57, length=288000
[INFO] Acquiring buffer from pool...
[INFO] Buffer acquired.
[INFO] Mmapping plane buffer...
[INFO] Mmap successful. Copying data...
[INFO] Data copied. Pooled buffer size: 270000
[INFO] RGB888 stream, no color conversion needed.
[INFO] Image already target size. No resize needed.
[INFO] Pushing TPU Stream to queue. Final dimensions: 300x300 format: '34324752'
[INFO] Push successful.
Warning: CsvLogger not found for module: tpu. Entry dropped.
Warning: CsvLogger not found for module: camera. Entry dropped.
[INFO] CameraCapture: request_complete_callback invoked.
[INFO] Processing frame for Main Video Stream with format: '56595559'
[INFO] Frame buffer has 1 planes.
[INFO] Plane 0: fd=50, length=2654208
[INFO] Acquiring buffer from pool...
[INFO] Buffer acquired.
[INFO] Mmapping plane buffer...
[INFO] Mmap successful. Copying data...
[INFO] Data copied. Pooled buffer size: 2654208
[INFO] YUYV stream, no color conversion needed (assuming H264 takes YUYV).
[INFO] Image already target size. No resize needed.
[INFO] Pushing Main Video Stream to queue. Final dimensions: 1536x864 format: '56595559'
[INFO] Push successful.
[INFO] Processing frame for TPU Stream with format: '34324752'
[INFO] Frame buffer has 1 planes.
[INFO] Plane 0: fd=54, length=288000
[INFO] Acquiring buffer from pool...
[INFO] Buffer acquired.
[INFO] Mmapping plane buffer...
[INFO] Mmap successful. Copying data...
[INFO] Data copied. Pooled buffer size: 270000
[INFO] RGB888 stream, no color conversion needed.
[INFO] Image already target size. No resize needed.
[INFO] Pushing TPU Stream to queue. Final dimensions: 300x300 format: '34324752'
[INFO] Push successful.
[WARNING] H264Pool: Failed to acquire buffer within timeout. Available: 0
[WARNING] H264Encoder: Failed to acquire buffer for NAL unit. Dropping.
Warning: CsvLogger not found for module: encoder. Entry dropped.
Warning: CsvLogger not found for module: tpu. Entry dropped.
[INFO] CameraCapture: request_complete_callback invoked.
[INFO] Processing frame for Main Video Stream with format: '56595559'
Warning: CsvLogger not found for module: camera. Entry dropped.[INFO] Frame buffer has 1 planes.

[INFO] Plane 0: fd=51, length=2654208
[INFO] Acquiring buffer from pool...
[INFO] Buffer acquired.
[INFO] Mmapping plane buffer...
[INFO] Mmap successful. Copying data...
[INFO] Data copied. Pooled buffer size: 2654208
[INFO] YUYV stream, no color conversion needed (assuming H264 takes YUYV).
[INFO] Image already target size. No resize needed.
[INFO] Pushing Main Video Stream to queue. Final dimensions: 1536x864 format: '56595559'
[INFO] Push successful.
[INFO] Processing frame for TPU Stream with format: '34324752'
[INFO] Frame buffer has 1 planes.
[INFO] Plane 0: fd=55, length=288000
[INFO] Acquiring buffer from pool...
[INFO] Buffer acquired.
[INFO] Mmapping plane buffer...
[INFO] Mmap successful. Copying data...
[INFO] Data copied. Pooled buffer size: 270000
[INFO] RGB888 stream, no color conversion needed.
[INFO] Image already target size. No resize needed.
[INFO] Pushing TPU Stream to queue. Final dimensions: 300x300 format: '34324752'
[INFO] Push successful.
Warning: CsvLogger not found for module: tpu. Entry dropped.
[INFO] CameraCapture: request_complete_callback invoked.
[INFO] Processing frame for Main Video Stream with format: '56595559'
Warning: CsvLogger not found for module: camera. Entry dropped.
[INFO] Frame buffer has 1 planes.
[INFO] Plane 0: fd=52, length=2654208
[INFO] Acquiring buffer from pool...
[INFO] Buffer acquired.
[INFO] Mmapping plane buffer...
[INFO] Mmap successful. Copying data...
[INFO] Data copied. Pooled buffer size: 2654208
[INFO] YUYV stream, no color conversion needed (assuming H264 takes YUYV).
[INFO] Image already target size. No resize needed.
[INFO] Pushing Main Video Stream to queue. Final dimensions: 1536x864 format: '56595559'
[INFO] Push successful.
[INFO] Processing frame for TPU Stream with format: '34324752'
[INFO] Frame buffer has 1 planes.
[INFO] Plane 0: fd=56, length=288000
[INFO] Acquiring buffer from pool...
[INFO] Buffer acquired.
[INFO] Mmapping plane buffer...
[INFO] Mmap successful. Copying data...
[INFO] Data copied. Pooled buffer size: 270000
[INFO] RGB888 stream, no color conversion needed.
[INFO] Image already target size. No resize needed.
[INFO] Pushing TPU Stream to queue. Final dimensions: 300x300 format: '34324752'
[INFO] Push successful.
Warning: CsvLogger not found for module: tpu. Entry dropped.
[INFO] CameraCapture: request_complete_callback invoked.
[INFO] Processing frame for Main Video Stream with format: '56595559'
Warning: CsvLogger not found for module: camera. Entry dropped.
[INFO] Frame buffer has 1 planes.
[INFO] Plane 0: fd=53, length=2654208
[INFO] Acquiring buffer from pool...
[INFO] Buffer acquired.
[INFO] Mmapping plane buffer...
[INFO] Mmap successful. Copying data...
[INFO] Data copied. Pooled buffer size: 2654208
[INFO] YUYV stream, no color conversion needed (assuming H264 takes YUYV).
[INFO] Image already target size. No resize needed.
[INFO] Pushing Main Video Stream to queue. Final dimensions: 1536x864 format: '56595559'
[INFO] Push successful.
[INFO] Processing frame for TPU Stream with format: '34324752'
[INFO] Frame buffer has 1 planes.
[INFO] Plane 0: fd=57, length=288000
[INFO] Acquiring buffer from pool...
[INFO] Buffer acquired.
[INFO] Mmapping plane buffer...
[INFO] Mmap successful. Copying data...
[INFO] Data copied. Pooled buffer size: 270000
[INFO] RGB888 stream, no color conversion needed.
[INFO] Image already target size. No resize needed.
[INFO] Pushing TPU Stream to queue. Final dimensions: 300x300 format: '34324752'
[INFO] Push successful.
Warning: CsvLogger not found for module: tpu. Entry dropped.
[INFO] CameraCapture: request_complete_callback invoked.
Warning: CsvLogger not found for module: [INFO] Processing frame for Main Video Stream with format: '56595559'
camera. Entry dropped.
[INFO] Frame buffer has 1 planes.
[INFO] Plane 0: fd=50, length=2654208
[INFO] Acquiring buffer from pool...
[INFO] Buffer acquired.
[INFO] Mmapping plane buffer...
[INFO] Mmap successful. Copying data...
[INFO] Data copied. Pooled buffer size: 2654208
[INFO] YUYV stream, no color conversion needed (assuming H264 takes YUYV).
[INFO] Image already target size. No resize needed.
[INFO] Pushing Main Video Stream to queue. Final dimensions: 1536x864 format: '56595559'
[INFO] Push successful.
[INFO] Processing frame for TPU Stream with format: '34324752'
[INFO] Frame buffer has 1 planes.
[INFO] Plane 0: fd=54, length=288000
[INFO] Acquiring buffer from pool...
[INFO] Buffer acquired.
[INFO] Mmapping plane buffer...
[INFO] Mmap successful. Copying data...
[INFO] Data copied. Pooled buffer size: 270000
[INFO] RGB888 stream, no color conversion needed.
[INFO] Image already target size. No resize needed.
[INFO] Pushing TPU Stream to queue. Final dimensions: 300x300 format: '34324752'
[INFO] Push successful.
Warning: CsvLogger not found for module: tpu. Entry dropped.
Warning: CsvLogger not found for module: camera. Entry dropped.
[INFO] CameraCapture: request_complete_callback invoked.
[INFO] Processing frame for Main Video Stream with format: '56595559'
[INFO] Frame buffer has 1 planes.
[INFO] Plane 0: fd=51, length=2654208
[INFO] Acquiring buffer from pool...
[INFO] Buffer acquired.
[INFO] Mmapping plane buffer...
[INFO] Mmap successful. Copying data...
[INFO] Data copied. Pooled buffer size: 2654208
[INFO] YUYV stream, no color conversion needed (assuming H264 takes YUYV).
[INFO] Image already target size. No resize needed.
[INFO] Pushing Main Video Stream to queue. Final dimensions: 1536x864 format: '56595559'
[INFO] Push successful.
[INFO] Processing frame for TPU Stream with format: '34324752'
[INFO] Frame buffer has 1 planes.
[INFO] Plane 0: fd=55, length=288000
[INFO] Acquiring buffer from pool...
[INFO] Buffer acquired.
[INFO] Mmapping plane buffer...
[INFO] Mmap successful. Copying data...
[INFO] Data copied. Pooled buffer size: 270000
[INFO] RGB888 stream, no color conversion needed.
[INFO] Image already target size. No resize needed.
[INFO] Pushing TPU Stream to queue. Final dimensions: 300x300 format: '34324752'
[INFO] Push successful.
Warning: CsvLogger not found for module: tpu. Entry dropped.
[INFO] CameraCapture: request_complete_callback invoked.
[INFO] Processing frame for Main Video Stream with format: '56595559'
Warning: CsvLogger not found for module: camera. Entry dropped.[INFO] Frame buffer has 1 planes.

[INFO] Plane 0: fd=52, length=2654208
[INFO] Acquiring buffer from pool...
[INFO] Buffer acquired.
[INFO] Mmapping plane buffer...
[INFO] Mmap successful. Copying data...
[INFO] Data copied. Pooled buffer size: 2654208
[INFO] YUYV stream, no color conversion needed (assuming H264 takes YUYV).
[INFO] Image already target size. No resize needed.
[INFO] Pushing Main Video Stream to queue. Final dimensions: 1536x864 format: '56595559'
[INFO] Push successful.
[INFO] Processing frame for TPU Stream with format: '34324752'
[INFO] Frame buffer has 1 planes.
[INFO] Plane 0: fd=56, length=288000
[INFO] Acquiring buffer from pool...
[INFO] Buffer acquired.
[INFO] Mmapping plane buffer...
[INFO] Mmap successful. Copying data...
[INFO] Data copied. Pooled buffer size: 270000
[INFO] RGB888 stream, no color conversion needed.
[INFO] Image already target size. No resize needed.
[INFO] Pushing TPU Stream to queue. Final dimensions: 300x300 format: '34324752'
[INFO] Push successful.
Warning: CsvLogger not found for module: tpu. Entry dropped.
[INFO] CameraCapture: request_complete_callback invoked.
[INFO] Processing frame for Main Video Stream with format: '56595559'
[INFO] Frame buffer has 1 planes.
[INFO] Plane 0: fd=53, length=2654208
[INFO] Acquiring buffer from pool...
[INFO] Buffer acquired.
[INFO] Mmapping plane buffer...
[INFO] Mmap successful. Copying data...
[INFO] Data copied. Pooled buffer size: 2654208
[INFO] YUYV stream, no color conversion needed (assuming H264 takes YUYV).
[INFO] Image already target size. No resize needed.
[INFO] Pushing Main Video Stream to queue. Final dimensions: 1536x864 format: '56595559'
[INFO] Push successful.
[INFO] Processing frame for TPU Stream with format: '34324752'
[INFO] Frame buffer has 1 planes.
[INFO] Plane 0: fd=57, length=288000
[INFO] Acquiring buffer from pool...
[INFO] Buffer acquired.
[INFO] Mmapping plane buffer...
[INFO] Mmap successful. Copying data...
[INFO] Data copied. Pooled buffer size: 270000
[INFO] RGB888 stream, no color conversion needed.
[INFO] Image already target size. No resize needed.
[INFO] Pushing TPU Stream to queue. Final dimensions: 300x300 format: '34324752'
[INFO] Push successful.
Warning: CsvLogger not found for module: camera. Entry dropped.
Warning: CsvLogger not found for module: tpu. Entry dropped.
Warning: CsvLogger not found for module: camera. Entry dropped.
[INFO] CameraCapture: request_complete_callback invoked.
[INFO] Processing frame for Main Video Stream with format: '56595559'
[INFO] Frame buffer has 1 planes.
[INFO] Plane 0: fd=50, length=2654208
[INFO] Acquiring buffer from pool...
[INFO] Buffer acquired.
[INFO] Mmapping plane buffer...
[INFO] Mmap successful. Copying data...
[INFO] Data copied. Pooled buffer size: 2654208
[INFO] YUYV stream, no color conversion needed (assuming H264 takes YUYV).
[INFO] Image already target size. No resize needed.
[INFO] Pushing Main Video Stream to queue. Final dimensions: 1536x864 format: '56595559'
[INFO] Push successful.
[INFO] Processing frame for TPU Stream with format: '34324752'
[INFO] Frame buffer has 1 planes.
[INFO] Plane 0: fd=54, length=288000
[INFO] Acquiring buffer from pool...
[INFO] Buffer acquired.
[INFO] Mmapping plane buffer...
[INFO] Mmap successful. Copying data...
[INFO] Data copied. Pooled buffer size: 270000
[INFO] RGB888 stream, no color conversion needed.
[INFO] Image already target size. No resize needed.
[INFO] Pushing TPU Stream to queue. Final dimensions: 300x300 format: '34324752'
[INFO] Push successful.
Warning: CsvLogger not found for module: tpu. Entry dropped.
[INFO] CameraCapture: request_complete_callback invoked.
[INFO] Processing frame for Main Video Stream with format: '56595559'
Warning: CsvLogger not found for module: camera. Entry dropped.
[INFO] Frame buffer has 1 planes.
[INFO] Plane 0: fd=51, length=2654208
[INFO] Acquiring buffer from pool...
[INFO] Buffer acquired.
[INFO] Mmapping plane buffer...
[INFO] Mmap successful. Copying data...
[INFO] Data copied. Pooled buffer size: 2654208
[INFO] YUYV stream, no color conversion needed (assuming H264 takes YUYV).
[INFO] Image already target size. No resize needed.
[INFO] Pushing Main Video Stream to queue. Final dimensions: 1536x864 format: '56595559'
[INFO] Push successful.
[INFO] Processing frame for TPU Stream with format: '34324752'
[INFO] Frame buffer has 1 planes.
[INFO] Plane 0: fd=55, length=288000
[INFO] Acquiring buffer from pool...
[INFO] Buffer acquired.
[INFO] Mmapping plane buffer...
[INFO] Mmap successful. Copying data...
[INFO] Data copied. Pooled buffer size: 270000
[INFO] RGB888 stream, no color conversion needed.
[INFO] Image already target size. No resize needed.
[INFO] Pushing TPU Stream to queue. Final dimensions: 300x300 format: '34324752'
[INFO] Push successful.
Warning: CsvLogger not found for module: tpu. Entry dropped.
Warning: CsvLogger not found for module: camera. Entry dropped.
[INFO] CameraCapture: request_complete_callback invoked.
[INFO] Processing frame for Main Video Stream with format: '56595559'
[INFO] Frame buffer has 1 planes.
[INFO] Plane 0: fd=52, length=2654208
[INFO] Acquiring buffer from pool...
[INFO] Buffer acquired.
[INFO] Mmapping plane buffer...
[INFO] Mmap successful. Copying data...
[INFO] Data copied. Pooled buffer size: 2654208
[INFO] YUYV stream, no color conversion needed (assuming H264 takes YUYV).
[INFO] Image already target size. No resize needed.
[INFO] Pushing Main Video Stream to queue. Final dimensions: 1536x864 format: '56595559'
[INFO] Push successful.
[INFO] Processing frame for TPU Stream with format: '34324752'
[INFO] Frame buffer has 1 planes.
[INFO] Plane 0: fd=56, length=288000
[INFO] Acquiring buffer from pool...
[INFO] Buffer acquired.
[INFO] Mmapping plane buffer...
[INFO] Mmap successful. Copying data...
[INFO] Data copied. Pooled buffer size: 270000
[INFO] RGB888 stream, no color conversion needed.
[INFO] Image already target size. No resize needed.
[INFO] Pushing TPU Stream to queue. Final dimensions: 300x300 format: '34324752'
[INFO] Push successful.
Warning: CsvLogger not found for module: tpu. Entry dropped.
Warning: CsvLogger not found for module: camera. Entry dropped.
[INFO] CameraCapture: request_complete_callback invoked.
[INFO] Processing frame for Main Video Stream with format: '56595559'
[INFO] Frame buffer has 1 planes.
[INFO] Plane 0: fd=53, length=2654208
[INFO] Acquiring buffer from pool...
[INFO] Buffer acquired.
[INFO] Mmapping plane buffer...
[INFO] Mmap successful. Copying data...
[INFO] Data copied. Pooled buffer size: 2654208
[INFO] YUYV stream, no color conversion needed (assuming H264 takes YUYV).
[INFO] Image already target size. No resize needed.
[INFO] Pushing Main Video Stream to queue. Final dimensions: 1536x864 format: '56595559'
[INFO] Push successful.
[INFO] Processing frame for TPU Stream with format: '34324752'
[INFO] Frame buffer has 1 planes.
[INFO] Plane 0: fd=57, length=288000
[INFO] Acquiring buffer from pool...
[INFO] Buffer acquired.
[INFO] Mmapping plane buffer...
[INFO] Mmap successful. Copying data...
[INFO] Data copied. Pooled buffer size: 270000
[INFO] RGB888 stream, no color conversion needed.
[INFO] Image already target size. No resize needed.
[INFO] Pushing TPU Stream to queue. Final dimensions: 300x300 format: '34324752'
[INFO] Push successful.
Warning: CsvLogger not found for module: tpu. Entry dropped.
Warning: CsvLogger not found for module: camera. Entry dropped.
[INFO] CameraCapture: request_complete_callback invoked.
[INFO] Processing frame for Main Video Stream with format: '56595559'
[INFO] Frame buffer has 1 planes.
[INFO] Plane 0: fd=50, length=2654208
[INFO] Acquiring buffer from pool...
[INFO] Buffer acquired.
[INFO] Mmapping plane buffer...
[INFO] Mmap successful. Copying data...
[INFO] Data copied. Pooled buffer size: 2654208
[INFO] YUYV stream, no color conversion needed (assuming H264 takes YUYV).
[INFO] Image already target size. No resize needed.
[INFO] Pushing Main Video Stream to queue. Final dimensions: 1536x864 format: '56595559'
[INFO] Push successful.
[INFO] Processing frame for TPU Stream with format: '34324752'
[INFO] Frame buffer has 1 planes.
[INFO] Plane 0: fd=54, length=288000
[INFO] Acquiring buffer from pool...
[INFO] Buffer acquired.
[INFO] Mmapping plane buffer...
[INFO] Mmap successful. Copying data...
[INFO] Data copied. Pooled buffer size: 270000
[INFO] RGB888 stream, no color conversion needed.
[INFO] Image already target size. No resize needed.
[INFO] Pushing TPU Stream to queue. Final dimensions: 300x300 format: '34324752'
[INFO] Push successful.
Warning: CsvLogger not found for module: tpu. Entry dropped.
Warning: CsvLogger not found for module: camera. Entry dropped.
[INFO] CameraCapture: request_complete_callback invoked.
[INFO] Processing frame for Main Video Stream with format: '56595559'
[INFO] Frame buffer has 1 planes.
[INFO] Plane 0: fd=51, length=2654208
[INFO] Acquiring buffer from pool...
[INFO] Buffer acquired.
[INFO] Mmapping plane buffer...
[INFO] Mmap successful. Copying data...
[INFO] Data copied. Pooled buffer size: 2654208
[INFO] YUYV stream, no color conversion needed (assuming H264 takes YUYV).
[INFO] Image already target size. No resize needed.
[INFO] Pushing Main Video Stream to queue. Final dimensions: 1536x864 format: '56595559'
[INFO] Push successful.
[INFO] Processing frame for TPU Stream with format: '34324752'
[INFO] Frame buffer has 1 planes.
[INFO] Plane 0: fd=55, length=288000
[INFO] Acquiring buffer from pool...
[INFO] Buffer acquired.
[INFO] Mmapping plane buffer...
[INFO] Mmap successful. Copying data...
[INFO] Data copied. Pooled buffer size: 270000
[INFO] RGB888 stream, no color conversion needed.
[INFO] Image already target size. No resize needed.
[INFO] Pushing TPU Stream to queue. Final dimensions: 300x300 format: '34324752'
[INFO] Push successful.
Warning: CsvLogger not found for module: tpu. Entry dropped.
Warning: CsvLogger not found for module: camera. Entry dropped.
[INFO] CameraCapture: request_complete_callback invoked.
[INFO] Processing frame for Main Video Stream with format: '56595559'
[INFO] Frame buffer has 1 planes.
[INFO] Plane 0: fd=52, length=2654208
[INFO] Acquiring buffer from pool...
[INFO] Buffer acquired.
[INFO] Mmapping plane buffer...
[INFO] Mmap successful. Copying data...
[INFO] Data copied. Pooled buffer size: 2654208
[INFO] YUYV stream, no color conversion needed (assuming H264 takes YUYV).
[INFO] Image already target size. No resize needed.
[INFO] Pushing Main Video Stream to queue. Final dimensions: 1536x864 format: '56595559'
[INFO] Push successful.
[INFO] Processing frame for TPU Stream with format: '34324752'
[INFO] Frame buffer has 1 planes.
[INFO] Plane 0: fd=56, length=288000
[INFO] Acquiring buffer from pool...
[INFO] Buffer acquired.
[INFO] Mmapping plane buffer...
[INFO] Mmap successful. Copying data...
[INFO] Data copied. Pooled buffer size: 270000
[INFO] RGB888 stream, no color conversion needed.
[INFO] Image already target size. No resize needed.
[INFO] Pushing TPU Stream to queue. Final dimensions: 300x300 format: '34324752'
[INFO] Push successful.
Warning: CsvLogger not found for module: tpu. Entry dropped.
[INFO] CameraCapture: request_complete_callback invoked.
[INFO] Processing frame for Main Video Stream with format: '56595559'
Warning: CsvLogger not found for module: camera[INFO] Frame buffer has 1 planes.
. Entry dropped.
[INFO] Plane 0: fd=53, length=2654208
[INFO] Acquiring buffer from pool...
[INFO] Buffer acquired.
[INFO] Mmapping plane buffer...
[INFO] Mmap successful. Copying data...
[INFO] Data copied. Pooled buffer size: 2654208
[INFO] YUYV stream, no color conversion needed (assuming H264 takes YUYV).
[INFO] Image already target size. No resize needed.
[INFO] Pushing Main Video Stream to queue. Final dimensions: 1536x864 format: '56595559'
[INFO] Push successful.
[INFO] Processing frame for TPU Stream with format: '34324752'
[INFO] Frame buffer has 1 planes.
[INFO] Plane 0: fd=57, length=288000
[INFO] Acquiring buffer from pool...
[INFO] Buffer acquired.
[INFO] Mmapping plane buffer...
[INFO] Mmap successful. Copying data...
[INFO] Data copied. Pooled buffer size: 270000
[INFO] RGB888 stream, no color conversion needed.
[INFO] Image already target size. No resize needed.
[INFO] Pushing TPU Stream to queue. Final dimensions: 300x300 format: '34324752'
[INFO] Push successful.
[WARNING] H264Pool: Failed to acquire buffer within timeout. Available: 0
[WARNING] H264Encoder: Failed to acquire buffer for NAL unit. Dropping.
Warning: CsvLogger not found for module: tpu. Entry dropped.
Warning: CsvLogger not found for module: encoder. Entry dropped.
[INFO] CameraCapture: request_complete_callback invoked.
Warning: CsvLogger not found for module: camera. Entry dropped.
[INFO] Processing frame for Main Video Stream with format: '56595559'
[INFO] Frame buffer has 1 planes.
[INFO] Plane 0: fd=50, length=2654208
[INFO] Acquiring buffer from pool...
[INFO] Buffer acquired.
[INFO] Mmapping plane buffer...
[INFO] Mmap successful. Copying data...
[INFO] Data copied. Pooled buffer size: 2654208
[INFO] YUYV stream, no color conversion needed (assuming H264 takes YUYV).
[INFO] Image already target size. No resize needed.
[INFO] Pushing Main Video Stream to queue. Final dimensions: 1536x864 format: '56595559'
[INFO] Push successful.
[INFO] Processing frame for TPU Stream with format: '34324752'
[INFO] Frame buffer has 1 planes.
[INFO] Plane 0: fd=54, length=288000
[INFO] Acquiring buffer from pool...
[INFO] Buffer acquired.
[INFO] Mmapping plane buffer...
[INFO] Mmap successful. Copying data...
[INFO] Data copied. Pooled buffer size: 270000
[INFO] RGB888 stream, no color conversion needed.
[INFO] Image already target size. No resize needed.
[INFO] Pushing TPU Stream to queue. Final dimensions: 300x300 format: '34324752'
[INFO] Push successful.
Warning: CsvLogger not found for module: tpu. Entry dropped.
[INFO] CameraCapture: request_complete_callback invoked.
[INFO] Processing frame for Main Video Stream with format: '56595559'
Warning: CsvLogger not found for module: camera. Entry dropped.
[INFO] Frame buffer has 1 planes.
[INFO] Plane 0: fd=51, length=2654208
[INFO] Acquiring buffer from pool...
[INFO] Buffer acquired.
[INFO] Mmapping plane buffer...
[INFO] Mmap successful. Copying data...
[INFO] Data copied. Pooled buffer size: 2654208
[INFO] YUYV stream, no color conversion needed (assuming H264 takes YUYV).
[INFO] Image already target size. No resize needed.
[INFO] Pushing Main Video Stream to queue. Final dimensions: 1536x864 format: '56595559'
[INFO] Push successful.
[INFO] Processing frame for TPU Stream with format: '34324752'
[INFO] Frame buffer has 1 planes.
[INFO] Plane 0: fd=55, length=288000
[INFO] Acquiring buffer from pool...
[INFO] Buffer acquired.
[INFO] Mmapping plane buffer...
[INFO] Mmap successful. Copying data...
[INFO] Data copied. Pooled buffer size: 270000
[INFO] RGB888 stream, no color conversion needed.
[INFO] Image already target size. No resize needed.
[INFO] Pushing TPU Stream to queue. Final dimensions: 300x300 format: '34324752'
[INFO] Push successful.
Warning: CsvLogger not found for module: tpu. Entry dropped.
[INFO] CameraCapture: request_complete_callback invoked.
Warning: CsvLogger not found for module: [INFO] Processing frame for Main Video Stream with format: '56595559'
camera. Entry dropped.
[INFO] Frame buffer has 1 planes.
[INFO] Plane 0: fd=52, length=2654208
[INFO] Acquiring buffer from pool...
[INFO] Buffer acquired.
[INFO] Mmapping plane buffer...
[INFO] Mmap successful. Copying data...
[INFO] Data copied. Pooled buffer size: 2654208
[INFO] YUYV stream, no color conversion needed (assuming H264 takes YUYV).
[INFO] Image already target size. No resize needed.
[INFO] Pushing Main Video Stream to queue. Final dimensions: 1536x864 format: '56595559'
[INFO] Push successful.
[INFO] Processing frame for TPU Stream with format: '34324752'
[INFO] Frame buffer has 1 planes.
[INFO] Plane 0: fd=56, length=288000
[INFO] Acquiring buffer from pool...
[INFO] Buffer acquired.
[INFO] Mmapping plane buffer...
[INFO] Mmap successful. Copying data...
[INFO] Data copied. Pooled buffer size: 270000
[INFO] RGB888 stream, no color conversion needed.
[INFO] Image already target size. No resize needed.
[INFO] Pushing TPU Stream to queue. Final dimensions: 300x300 format: '34324752'
[INFO] Push successful.
Warning: CsvLogger not found for module: tpu. Entry dropped.
[INFO] CameraCapture: request_complete_callback invoked.
Warning: CsvLogger not found for module: [INFO] Processing frame for Main Video Stream with format: '56595559'
camera. Entry dropped.
[INFO] Frame buffer has 1 planes.
[INFO] Plane 0: fd=53, length=2654208
[INFO] Acquiring buffer from pool...
[INFO] Buffer acquired.
[INFO] Mmapping plane buffer...
[INFO] Mmap successful. Copying data...
[INFO] Data copied. Pooled buffer size: 2654208
[INFO] YUYV stream, no color conversion needed (assuming H264 takes YUYV).
[INFO] Image already target size. No resize needed.
[INFO] Pushing Main Video Stream to queue. Final dimensions: 1536x864 format: '56595559'
[INFO] Push successful.
[INFO] Processing frame for TPU Stream with format: '34324752'
[INFO] Frame buffer has 1 planes.
[INFO] Plane 0: fd=57, length=288000
[INFO] Acquiring buffer from pool...
[INFO] Buffer acquired.
[INFO] Mmapping plane buffer...
[INFO] Mmap successful. Copying data...
[INFO] Data copied. Pooled buffer size: 270000
[INFO] RGB888 stream, no color conversion needed.
[INFO] Image already target size. No resize needed.
[INFO] Pushing TPU Stream to queue. Final dimensions: 300x300 format: '34324752'
[INFO] Push successful.
Warning: CsvLogger not found for module: tpu. Entry dropped.
[INFO] CameraCapture: request_complete_callback invoked.
[INFO] Processing frame for Main Video Stream with format: '56595559'
[INFO] Frame buffer has 1 planes.
[INFO] Plane 0: fd=50, length=2654208
[INFO] Acquiring buffer from pool...
[INFO] Buffer acquired.
[INFO] Mmapping plane buffer...
[INFO] Mmap successful. Copying data...
[INFO] Data copied. Pooled buffer size: 2654208
[INFO] YUYV stream, no color conversion needed (assuming H264 takes YUYV).
[INFO] Image already target size. No resize needed.
[INFO] Pushing Main Video Stream to queue. Final dimensions: 1536x864 format: '56595559'
[INFO] Push successful.
[INFO] Processing frame for TPU Stream with format: '34324752'
[INFO] Frame buffer has 1 planes.
[INFO] Plane 0: fd=54, length=288000
[INFO] Acquiring buffer from pool...
[INFO] Buffer acquired.
[INFO] Mmapping plane buffer...
[INFO] Mmap successful. Copying data...
[INFO] Data copied. Pooled buffer size: 270000
Warning: CsvLogger not found for module: camera. Entry dropped.
[INFO] RGB888 stream, no color conversion needed.
[INFO] Image already target size. No resize needed.
[INFO] Pushing TPU Stream to queue. Final dimensions: 300x300 format: '34324752'
[INFO] Push successful.
Warning: CsvLogger not found for module: tpu. Entry dropped.
[INFO] CameraCapture: request_complete_callback invoked.
[INFO] Processing frame for Main Video Stream with format: '56595559'
Warning: CsvLogger not found for module: camera. Entry dropped.[INFO] Frame buffer has 1 planes.

[INFO] Plane 0: fd=51, length=2654208
[INFO] Acquiring buffer from pool...
[INFO] Buffer acquired.
[INFO] Mmapping plane buffer...
[INFO] Mmap successful. Copying data...
[INFO] Data copied. Pooled buffer size: 2654208
[INFO] YUYV stream, no color conversion needed (assuming H264 takes YUYV).
[INFO] Image already target size. No resize needed.
[INFO] Pushing Main Video Stream to queue. Final dimensions: 1536x864 format: '56595559'
[INFO] Push successful.
[INFO] Processing frame for TPU Stream with format: '34324752'
[INFO] Frame buffer has 1 planes.
[INFO] Plane 0: fd=55, length=288000
[INFO] Acquiring buffer from pool...
[INFO] Buffer acquired.
[INFO] Mmapping plane buffer...
[INFO] Mmap successful. Copying data...
[INFO] Data copied. Pooled buffer size: 270000
[INFO] RGB888 stream, no color conversion needed.
[INFO] Image already target size. No resize needed.
[INFO] Pushing TPU Stream to queue. Final dimensions: 300x300 format: '34324752'
[INFO] Push successful.
Warning: CsvLogger not found for module: tpu. Entry dropped.
[INFO] CameraCapture: request_complete_callback invoked.
Warning: CsvLogger not found for module: [INFO] Processing frame for Main Video Stream with format: '56595559'
camera. Entry dropped.
[INFO] Frame buffer has 1 planes.
[INFO] Plane 0: fd=52, length=2654208
[INFO] Acquiring buffer from pool...
[INFO] Buffer acquired.
[INFO] Mmapping plane buffer...
[INFO] Mmap successful. Copying data...
[INFO] Data copied. Pooled buffer size: 2654208
[INFO] YUYV stream, no color conversion needed (assuming H264 takes YUYV).
[INFO] Image already target size. No resize needed.
[INFO] Pushing Main Video Stream to queue. Final dimensions: 1536x864 format: '56595559'
[INFO] Push successful.
[INFO] Processing frame for TPU Stream with format: '34324752'
[INFO] Frame buffer has 1 planes.
[INFO] Plane 0: fd=56, length=288000
[INFO] Acquiring buffer from pool...
[INFO] Buffer acquired.
[INFO] Mmapping plane buffer...
[INFO] Mmap successful. Copying data...
[INFO] Data copied. Pooled buffer size: 270000
[INFO] RGB888 stream, no color conversion needed.
[INFO] Image already target size. No resize needed.
[INFO] Pushing TPU Stream to queue. Final dimensions: 300x300 format: '34324752'
[INFO] Push successful.
Warning: CsvLogger not found for module: tpu. Entry dropped.
[INFO] CameraCapture: request_complete_callback invoked.
[INFO] Processing frame for Main Video Stream with format: '56595559'
[INFO] Frame buffer has 1 planes.
[INFO] Plane 0: fd=53, length=2654208
[INFO] Acquiring buffer from pool...
[INFO] Buffer acquired.
[INFO] Mmapping plane buffer...
[INFO] Mmap successful. Copying data...
[INFO] Data copied. Pooled buffer size: 2654208
[INFO] YUYV stream, no color conversion needed (assuming H264 takes YUYV).
[INFO] Image already target size. No resize needed.
[INFO] Pushing Main Video Stream to queue. Final dimensions: 1536x864 format: '56595559'
[INFO] Push successful.
[INFO] Processing frame for TPU Stream with format: '34324752'
[INFO] Frame buffer has 1 planes.
[INFO] Plane 0: fd=57, length=288000
[INFO] Acquiring buffer from pool...
[INFO] Buffer acquired.
[INFO] Mmapping plane buffer...
[INFO] Mmap successful. Copying data...
[INFO] Data copied. Pooled buffer size: 270000
[INFO] RGB888 stream, no color conversion needed.
[INFO] Image already target size. No resize needed.
[INFO] Pushing TPU Stream to queue. Final dimensions: 300x300 format: '34324752'
[INFO] Push successful.
Warning: CsvLogger not found for module: camera. Entry dropped.
Warning: CsvLogger not found for module: tpu. Entry dropped.
Warning: CsvLogger not found for module: camera. Entry dropped.
[INFO] CameraCapture: request_complete_callback invoked.
[INFO] Processing frame for Main Video Stream with format: '56595559'
[INFO] Frame buffer has 1 planes.
[INFO] Plane 0: fd=50, length=2654208
[INFO] Acquiring buffer from pool...
[INFO] Buffer acquired.
[INFO] Mmapping plane buffer...
[INFO] Mmap successful. Copying data...
[INFO] Data copied. Pooled buffer size: 2654208
[INFO] YUYV stream, no color conversion needed (assuming H264 takes YUYV).
[INFO] Image already target size. No resize needed.
[INFO] Pushing Main Video Stream to queue. Final dimensions: 1536x864 format: '56595559'
[INFO] Push successful.
[INFO] Processing frame for TPU Stream with format: '34324752'
[INFO] Frame buffer has 1 planes.
[INFO] Plane 0: fd=54, length=288000
[INFO] Acquiring buffer from pool...
[INFO] Buffer acquired.
[INFO] Mmapping plane buffer...
[INFO] Mmap successful. Copying data...
[INFO] Data copied. Pooled buffer size: 270000
[INFO] RGB888 stream, no color conversion needed.
[INFO] Image already target size. No resize needed.
[INFO] Pushing TPU Stream to queue. Final dimensions: 300x300 format: '34324752'
[INFO] Push successful.
Warning: CsvLogger not found for module: tpu. Entry dropped.
Warning: CsvLogger not found for module: camera. Entry dropped.
[INFO] CameraCapture: request_complete_callback invoked.
[INFO] Processing frame for Main Video Stream with format: '56595559'
[INFO] Frame buffer has 1 planes.
[INFO] Plane 0: fd=51, length=2654208
[INFO] Acquiring buffer from pool...
[INFO] Buffer acquired.
[INFO] Mmapping plane buffer...
[INFO] Mmap successful. Copying data...
[INFO] Data copied. Pooled buffer size: 2654208
[INFO] YUYV stream, no color conversion needed (assuming H264 takes YUYV).
[INFO] Image already target size. No resize needed.
[INFO] Pushing Main Video Stream to queue. Final dimensions: 1536x864 format: '56595559'
[INFO] Push successful.
[INFO] Processing frame for TPU Stream with format: '34324752'
[INFO] Frame buffer has 1 planes.
[INFO] Plane 0: fd=55, length=288000
[INFO] Acquiring buffer from pool...
[INFO] Buffer acquired.
[INFO] Mmapping plane buffer...
[INFO] Mmap successful. Copying data...
[INFO] Data copied. Pooled buffer size: 270000
[INFO] RGB888 stream, no color conversion needed.
[INFO] Image already target size. No resize needed.
[INFO] Pushing TPU Stream to queue. Final dimensions: 300x300 format: '34324752'
[INFO] Push successful.
Warning: CsvLogger not found for module: tpu. Entry dropped.
Warning: CsvLogger not found for module: camera. Entry dropped.
[INFO] CameraCapture: request_complete_callback invoked.
[INFO] Processing frame for Main Video Stream with format: '56595559'
[INFO] Frame buffer has 1 planes.
[INFO] Plane 0: fd=52, length=2654208
[INFO] Acquiring buffer from pool...
[INFO] Buffer acquired.
[INFO] Mmapping plane buffer...
[INFO] Mmap successful. Copying data...
[INFO] Data copied. Pooled buffer size: 2654208
[INFO] YUYV stream, no color conversion needed (assuming H264 takes YUYV).
[INFO] Image already target size. No resize needed.
[INFO] Pushing Main Video Stream to queue. Final dimensions: 1536x864 format: '56595559'
[INFO] Push successful.
[INFO] Processing frame for TPU Stream with format: '34324752'
[INFO] Frame buffer has 1 planes.
[INFO] Plane 0: fd=56, length=288000
[INFO] Acquiring buffer from pool...
[WARNING] H264Pool: Failed to acquire buffer within timeout. Available: 0
[WARNING] H264Encoder: Failed to acquire buffer for NAL unit. Dropping.
[INFO] Buffer acquired.
[INFO] Mmapping plane buffer...
[INFO] Mmap successful. Copying data...
[INFO] Data copied. Pooled buffer size: 270000
[INFO] RGB888 stream, no color conversion needed.
[INFO] Image already target size. No resize needed.
[INFO] Pushing TPU Stream to queue. Final dimensions: 300x300 format: '34324752'
[INFO] Push successful.
Warning: CsvLogger not found for module: encoder. Entry dropped.
[INFO] CameraCapture: request_complete_callback invoked.
[INFO] Processing frame for Main Video Stream with format: '56595559'
Warning: CsvLogger not found for module: camera. Entry dropped.
[INFO] Frame buffer has 1 planes.
[INFO] Plane 0: fd=53, length=2654208
[INFO] Acquiring buffer from pool...
[INFO] Buffer acquired.
[INFO] Mmapping plane buffer...
[INFO] Mmap successful. Copying data...
Warning: CsvLogger not found for module: [INFO] Data copied. Pooled buffer size: 2654208
tpu. Entry dropped.
[INFO] YUYV stream, no color conversion needed (assuming H264 takes YUYV).
[INFO] Image already target size. No resize needed.
[INFO] Pushing Main Video Stream to queue. Final dimensions: 1536x864 format: '56595559'
[INFO] Push successful.
[INFO] Processing frame for TPU Stream with format: '34324752'
[INFO] Frame buffer has 1 planes.
[INFO] Plane 0: fd=57, length=288000
[INFO] Acquiring buffer from pool...
Warning: CsvLogger not found for module: sysmon. Entry dropped.
[INFO] --- Inference Performance Metrics ---
[INFO]   Total Inferences: 61
[INFO]   Average FPS: 151.741294
[INFO]   Average Latency: 6.590164 ms
[INFO]   Latency Std Dev: 1.178733 ms
[INFO]   50th Percentile Latency: 6 ms
[INFO]   95th Percentile Latency: 10 ms
[INFO]   99th Percentile Latency: 10 ms
[INFO] -------------------------------------
[INFO] --- SystemMonitor Performance Metrics ---
[INFO]   CPU Usage: 29.629629%
[INFO]   CPU Temperature: 44.650002 C
[INFO]   Memory Usage: 52.499813%
[INFO] -----------------------------------------
[INFO] --- H264Encoder Performance Metrics ---
[INFO]   Total Encoded Frames: 23
[INFO]   Average FPS: 117.346939
[INFO]   Average Latency: 8.521739 ms
[INFO]   50th Percentile Latency: 8 ms
[INFO]   95th Percentile Latency: 16 ms
[INFO]   99th Percentile Latency: 16 ms
[INFO] ---------------------------------------
[WARNING] H264Pool: Failed to acquire buffer within timeout. Available: 0
[WARNING] H264Encoder: Failed to acquire buffer for NAL unit. Dropping.
[13:21:10.008451165] [40740] [1;33m WARN [1;37mV4L2 [1;34mv4l2_videodevice.cpp:2155 [0;32m/dev/video4[38:cap]: [0mDequeue timer of 1000000.00us has expired!
[13:21:10.008488368] [40740] [1;31mERROR [1;37mRPI [1;34mpipeline_base.cpp:1346 [0mCamera frontend has timed out!
[13:21:10.008492998] [40740] [1;31mERROR [1;37mRPI [1;34mpipeline_base.cpp:1347 [0mPlease check that your camera sensor connector is attached securely.
[13:21:10.008497109] [40740] [1;31mERROR [1;37mRPI [1;34mpipeline_base.cpp:1348 [0mAlternatively, try another cable and/or sensor.
[INFO] Buffer acquired.
[INFO] Mmapping plane buffer...
[INFO] Mmap successful. Copying data...
[INFO] Data copied. Pooled buffer size: 270000
[INFO] RGB888 stream, no color conversion needed.
[INFO] Image already target size. No resize needed.
[INFO] Pushing TPU Stream to queue. Final dimensions: 300x300 format: '34324752'
[INFO] Push successful.
[INFO] CameraCapture: request_complete_callback invoked.
[INFO] CameraCapture: request_complete_callback invoked.
[INFO] CameraCapture: request_complete_callback invoked.
[INFO] CameraCapture: request_complete_callback invoked.
Warning: CsvLogger not found for module: encoder. Entry dropped.
Warning: CsvLogger not found for module: tpu. Entry dropped.
[WARNING] H264Pool: Failed to acquire buffer within timeout. Available: 0
[WARNING] H264Encoder: Failed to acquire buffer for NAL unit. Dropping.
Warning: CsvLogger not found for module: encoder. Entry dropped.
[WARNING] H264Pool: Failed to acquire buffer within timeout. Available: 0
[WARNING] H264Encoder: Failed to acquire buffer for NAL unit. Dropping.
Warning: CsvLogger not found for module: encoder. Entry dropped.
[WARNING] H264Pool: Failed to acquire buffer within timeout. Available: 0
[WARNING] H264Encoder: Failed to acquire buffer for NAL unit. Dropping.
Warning: CsvLogger not found for module: encoder. Entry dropped.
[WARNING] H264Pool: Failed to acquire buffer within timeout. Available: 0
[WARNING] H264Encoder: Failed to acquire buffer for NAL unit. Dropping.
Warning: CsvLogger not found for module: encoder. Entry dropped.
Warning: CsvLogger not found for module: sysmon. Entry dropped.
[INFO] --- Inference Performance Metrics ---
[INFO]   Total Inferences: 1
[INFO]   Average FPS: 166.666667
[INFO]   Average Latency: 6.000000 ms
[INFO]   Latency Std Dev: 0.000000 ms
[INFO]   50th Percentile Latency: 6 ms
[INFO]   95th Percentile Latency: 6 ms
[INFO]   99th Percentile Latency: 6 ms
[INFO] -------------------------------------
[INFO] --- SystemMonitor Performance Metrics ---
[INFO]   CPU Usage: 29.310345%
[INFO]   CPU Temperature: 45.200001 C
[INFO]   Memory Usage: 52.499615%
[INFO] -----------------------------------------
[INFO] --- H264Encoder Performance Metrics ---
[INFO]   Total Encoded Frames: 5
[INFO]   Average FPS: 135.135135
[INFO]   Average Latency: 7.400000 ms
[INFO]   50th Percentile Latency: 7 ms
[INFO]   95th Percentile Latency: 9 ms
[INFO]   99th Percentile Latency: 9 ms
[INFO] ---------------------------------------
[WARNING] H264Pool: Failed to acquire buffer within timeout. Available: 0
[WARNING] H264Encoder: Failed to acquire buffer for NAL unit. Dropping.
Warning: CsvLogger not found for module: encoder. Entry dropped.
[WARNING] H264Pool: Failed to acquire buffer within timeout. Available: 0
[WARNING] H264Encoder: Failed to acquire buffer for NAL unit. Dropping.
Warning: CsvLogger not found for module: encoder. Entry dropped.
[WARNING] H264Pool: Failed to acquire buffer within timeout. Available: 0
[WARNING] H264Encoder: Failed to acquire buffer for NAL unit. Dropping.
Warning: CsvLogger not found for module: encoder. Entry dropped.
[WARNING] H264Pool: Failed to acquire buffer within timeout. Available: 0
[WARNING] H264Encoder: Failed to acquire buffer for NAL unit. Dropping.
Warning: CsvLogger not found for module: encoder. Entry dropped.
[WARNING] H264Pool: Failed to acquire buffer within timeout. Available: 0
[WARNING] H264Encoder: Failed to acquire buffer for NAL unit. Dropping.
Warning: CsvLogger not found for module: encoder. Entry dropped.
Warning: CsvLogger not found for module: sysmon. Entry dropped.
[INFO] InferenceEngine: No inferences recorded for performance metrics.
[INFO] --- SystemMonitor Performance Metrics ---
[INFO]   CPU Usage: 30.000002%
[INFO]   CPU Temperature: 45.750000 C
[INFO]   Memory Usage: 52.499519%
[INFO] -----------------------------------------
[INFO] --- H264Encoder Performance Metrics ---
[INFO]   Total Encoded Frames: 5
[INFO]   Average FPS: 131.578947
[INFO]   Average Latency: 7.600000 ms
[INFO]   50th Percentile Latency: 8 ms
[INFO]   95th Percentile Latency: 8 ms
[INFO]   99th Percentile Latency: 8 ms
[INFO] ---------------------------------------
[WARNING] H264Pool: Failed to acquire buffer within timeout. Available: 0
[WARNING] H264Encoder: Failed to acquire buffer for NAL unit. Dropping.
Warning: CsvLogger not found for module: encoder. Entry dropped.
[WARNING] H264Pool: Failed to acquire buffer within timeout. Available: 0
[WARNING] H264Encoder: Failed to acquire buffer for NAL unit. Dropping.
Warning: CsvLogger not found for module: encoder. Entry dropped.
[WARNING] H264Pool: Failed to acquire buffer within timeout. Available: 0
[WARNING] H264Encoder: Failed to acquire buffer for NAL unit. Dropping.
Warning: CsvLogger not found for module: encoder. Entry dropped.
[WARNING] H264Pool: Failed to acquire buffer within timeout. Available: 0
[WARNING] H264Encoder: Failed to acquire buffer for NAL unit. Dropping.
Warning: CsvLogger not found for module: encoder. Entry dropped.
[WARNING] H264Pool: Failed to acquire buffer within timeout. Available: 0
[WARNING] H264Encoder: Failed to acquire buffer for NAL unit. Dropping.
Warning: CsvLogger not found for module: encoder. Entry dropped.
Warning: CsvLogger not found for module: sysmon. Entry dropped.
[INFO] InferenceEngine: No inferences recorded for performance metrics.
[INFO] --- SystemMonitor Performance Metrics ---
[INFO]   CPU Usage: 29.508198%
[INFO]   CPU Temperature: 46.849998 C
[INFO]   Memory Usage: 52.523983%
[INFO] -----------------------------------------
[INFO] --- H264Encoder Performance Metrics ---
[INFO]   Total Encoded Frames: 5
[INFO]   Average FPS: 142.857143
[INFO]   Average Latency: 7.000000 ms
[INFO]   50th Percentile Latency: 7 ms
[INFO]   95th Percentile Latency: 7 ms
[INFO]   99th Percentile Latency: 7 ms
[INFO] ---------------------------------------
[WARNING] H264Pool: Failed to acquire buffer within timeout. Available: 0
[WARNING] H264Encoder: Failed to acquire buffer for NAL unit. Dropping.
Warning: CsvLogger not found for module: encoder. Entry dropped.
[WARNING] H264Pool: Failed to acquire buffer within timeout. Available: 0
[WARNING] H264Encoder: Failed to acquire buffer for NAL unit. Dropping.
Warning: CsvLogger not found for module: encoder. Entry dropped.
[WARNING] H264Pool: Failed to acquire buffer within timeout. Available: 0
[WARNING] H264Encoder: Failed to acquire buffer for NAL unit. Dropping.
Warning: CsvLogger not found for module: encoder. Entry dropped.
[WARNING] H264Pool: Failed to acquire buffer within timeout. Available: 0
[WARNING] H264Encoder: Failed to acquire buffer for NAL unit. Dropping.
Warning: CsvLogger not found for module: encoder. Entry dropped.
[INFO] Shutdown signal (15) received. Initiating graceful shutdown.
[INFO] Initiating graceful shutdown for all registered modules...
[INFO] Stopping module: InferenceEngine
[INFO] Stopping InferenceEngine...
[WARNING] H264Pool: Failed to acquire buffer within timeout. Available: 0
[WARNING] H264Encoder: Failed to acquire buffer for NAL unit. Dropping.
[INFO] InferenceEngine stopped.
[INFO] Stopping module: H264Encoder
Warning: CsvLogger not found for module: encoder. Entry dropped.
Warning: CsvLogger not found for module: sysmon. Entry dropped.
[WARNING] H264Pool: Failed to acquire buffer within timeout. Available: 0
[WARNING] H264Encoder: Failed to acquire buffer for NAL unit. Dropping.
[WARNING] H264Pool: Failed to acquire buffer within timeout. Available: 0
[WARNING] H264Encoder: Failed to acquire buffer for NAL unit. Dropping.
[WARNING] H264Pool: Failed to acquire buffer within timeout. Available: 0
[WARNING] H264Encoder: Failed to acquire buffer for NAL unit. Dropping.
[WARNING] H264Pool: Failed to acquire buffer within timeout. Available: 0
[WARNING] H264Encoder: Failed to acquire buffer for NAL unit. Dropping.
[INFO] H264Encoder worker thread stopped.
x264 [info]: frame I:1     Avg QP:20.00  size: 11393
x264 [info]: frame P:120   Avg QP:21.04  size:   812
x264 [info]: mb I  I16..4: 100.0%  0.0%  0.0%
x264 [info]: mb P  I16..4:  1.7%  0.0%  0.0%  P16..4:  0.9%  0.0%  0.0%  0.0%  0.0%    skip:97.4%
x264 [info]: coded y,uvDC,uvAC intra: 20.5% 12.4% 1.0% inter: 0.1% 0.8% 0.0%
x264 [info]: i16 v,h,dc,p: 64% 33%  3%  0%
x264 [info]: i8c dc,h,v,p: 87%  4%  9%  0%
x264 [info]: kb/s:863.02
[INFO] H264Encoder stopped.
[INFO] Stopping module: CameraCapture
[INFO] Stopping CameraCapture...
[INFO] Libcamera camera stopped.
[INFO] Libcamera camera released.
[INFO] Libcamera buffers freed.
[INFO] Requests and camera pointer cleared.
[INFO] CameraCapture stopped.
[INFO] Stopping module: OrientationSensor
[INFO] Stopping OrientationSensor...
[INFO] OrientationSensor worker thread stopped.
[INFO] OrientationSensor stopped.
[INFO] Stopping module: LogicModule
[INFO] Stopping LogicModule...
[INFO] LogicModule stopped.
[INFO] Stopping module: SystemMonitor
[INFO] Stopping SystemMonitor...
[INFO] SystemMonitor worker thread stopped.
[INFO] SystemMonitor stopped.
[INFO] All registered modules stopped.
