produced_ts_epoch_ms,call_ts_epoch_ms,module,event,thread_id,cam_frame_id,cam_exposure_ms,cam_isp_latency_ms,cam_buffer_usage_percent,image_proc_ms,tpu_inference_ms,tpu_temp_c,tpu_model_score,tpu_class_id,logic_target_dist_m,logic_ballistic_drop_m,logic_windage_m,logic_servo_x_cmd,logic_servo_y_cmd,logic_solution_time_ms,enc_process_ms,enc_bitrate_mbps,enc_queue_depth,sys_cpu_temp_c,sys_cpu_usage_pct,sys_ram_usage_pct,sys_voltage_v
425,253,SystemMonitor,system_stats,0,NaN,NaN,NaN,NaN,NaN,NaN,NaN,NaN,NaN,NaN,NaN,NaN,NaN,NaN,NaN,NaN,NaN,NaN,38.6,25.4545,46.8743,0
588,417,CameraCapture,frame_captured,0,0,7,0.304849,0,NaN,NaN,NaN,NaN,NaN,NaN,NaN,NaN,NaN,NaN,NaN,NaN,NaN,NaN,NaN,NaN,NaN,NaN
619,448,CameraCapture,frame_captured,0,1,7,0.165529,0.666667,NaN,NaN,NaN,NaN,NaN,NaN,NaN,NaN,NaN,NaN,NaN,NaN,NaN,NaN,NaN,NaN,NaN,NaN
651,480,CameraCapture,frame_captured,0,2,7,0.136377,1.33333,NaN,NaN,NaN,NaN,NaN,NaN,NaN,NaN,NaN,NaN,NaN,NaN,NaN,NaN,NaN,NaN,NaN,NaN
664,492,ImageProcessor_TPU,frame_processed,0,0,7,0.854831,0.666667,3,NaN,NaN,NaN,NaN,NaN,NaN,NaN,NaN,NaN,NaN,NaN,NaN,NaN,NaN,NaN,NaN,NaN
668,496,ImageProcessor_TPU,frame_processed,0,1,7,0.698585,1.33333,4,NaN,NaN,NaN,NaN,NaN,NaN,NaN,NaN,NaN,NaN,NaN,NaN,NaN,NaN,NaN,NaN,NaN
668,497,ImageProcessor_TPU,frame_processed,0,2,7,0.672803,2,1,NaN,NaN,NaN,NaN,NaN,NaN,NaN,NaN,NaN,NaN,NaN,NaN,NaN,NaN,NaN,NaN,NaN
686,515,CameraCapture,frame_captured,0,3,7,0.493207,2.66667,NaN,NaN,NaN,NaN,NaN,NaN,NaN,NaN,NaN,NaN,NaN,NaN,NaN,NaN,NaN,NaN,NaN,NaN
687,516,ImageProcessor_TPU,frame_processed,0,3,7,1.08315,3.33333,0,NaN,NaN,NaN,NaN,NaN,NaN,NaN,NaN,NaN,NaN,NaN,NaN,NaN,NaN,NaN,NaN,NaN
704,533,InferenceEngine,inference_complete,0,0,NaN,NaN,NaN,3,39.742,0,0,0,NaN,NaN,NaN,NaN,NaN,NaN,NaN,NaN,NaN,NaN,NaN,NaN,NaN
704,588,Logic,frame_complete,-3955190986414698435,0,7,0.854831,0.666667,3,40,0,0,0,0,0,0,0.5,0.5,0,0,0,0,38.6,25.4545,46.8743,0
722,551,ImageProcessor_Viz,frame_processed,0,0,7,0.341074,NaN,20,NaN,NaN,NaN,NaN,NaN,NaN,NaN,NaN,NaN,NaN,NaN,NaN,NaN,NaN,NaN,NaN,NaN
724,553,InferenceEngine,inference_complete,0,1,NaN,NaN,NaN,4,19.926,0,0,0,NaN,NaN,NaN,NaN,NaN,NaN,NaN,NaN,NaN,NaN,NaN,NaN,NaN
724,553,CameraCapture,frame_captured,0,4,7,2.38324,3.66667,NaN,NaN,NaN,NaN,NaN,NaN,NaN,NaN,NaN,NaN,NaN,NaN,NaN,NaN,NaN,NaN,NaN,NaN
725,619,Logic,frame_complete,-3955190986414698435,1,7,0.698585,1.33333,4,20,0,0,0,0,0,0,0.5,0.5,0,0,0,0,38.6,25.4545,46.8743,0
725,554,ImageProcessor_TPU,frame_processed,0,4,7,3.26489,4,0,NaN,NaN,NaN,NaN,NaN,NaN,NaN,NaN,NaN,NaN,NaN,NaN,NaN,NaN,NaN,NaN,NaN
730,559,ImageProcessor_Viz,frame_processed,0,1,7,0.327704,NaN,8,NaN,NaN,NaN,NaN,NaN,NaN,NaN,NaN,NaN,NaN,NaN,NaN,NaN,NaN,NaN,NaN,NaN
739,567,ImageProcessor_Viz,frame_processed,0,2,7,0.323797,NaN,8,NaN,NaN,NaN,NaN,NaN,NaN,NaN,NaN,NaN,NaN,NaN,NaN,NaN,NaN,NaN,NaN,NaN
748,577,ImageProcessor_Viz,frame_processed,0,3,7,0.358704,NaN,10,NaN,NaN,NaN,NaN,NaN,NaN,NaN,NaN,NaN,NaN,NaN,NaN,NaN,NaN,NaN,NaN,NaN
751,580,InferenceEngine,inference_complete,0,2,NaN,NaN,NaN,1,26.937,0,0,0,NaN,NaN,NaN,NaN,NaN,NaN,NaN,NaN,NaN,NaN,NaN,NaN,NaN
753,651,Logic,frame_complete,-3955190986414698435,2,7,0.672803,2,1,27,0,0,0,0,0,0,0.5,0.5,0,0,0,0,38.6,25.4545,46.8743,0
755,584,CameraCapture,frame_captured,0,5,7,0.47283,5,NaN,NaN,NaN,NaN,NaN,NaN,NaN,NaN,NaN,NaN,NaN,NaN,NaN,NaN,NaN,NaN,NaN,NaN
756,585,ImageProcessor_TPU,frame_processed,0,5,7,1.17757,5.66667,1,NaN,NaN,NaN,NaN,NaN,NaN,NaN,NaN,NaN,NaN,NaN,NaN,NaN,NaN,NaN,NaN,NaN
757,586,ImageProcessor_Viz,frame_processed,0,4,7,0.611759,NaN,9,NaN,NaN,NaN,NaN,NaN,NaN,NaN,NaN,NaN,NaN,NaN,NaN,NaN,NaN,NaN,NaN,NaN
766,595,ImageProcessor_Viz,frame_processed,0,5,7,0.465722,NaN,9,NaN,NaN,NaN,NaN,NaN,NaN,NaN,NaN,NaN,NaN,NaN,NaN,NaN,NaN,NaN,NaN,NaN
771,600,InferenceEngine,inference_complete,0,3,NaN,NaN,NaN,0,19.727,0,0,0,NaN,NaN,NaN,NaN,NaN,NaN,NaN,NaN,NaN,NaN,NaN,NaN,NaN
771,686,Logic,frame_complete,-3955190986414698435,3,7,1.08315,3.33333,0,20,0,0,0,0,0,0,0.5,0.5,0,0,0,0,38.6,25.4545,46.8743,0
785,614,CameraCapture,frame_captured,0,6,7,0.194751,6.33333,NaN,NaN,NaN,NaN,NaN,NaN,NaN,NaN,NaN,NaN,NaN,NaN,NaN,NaN,NaN,NaN,NaN,NaN
786,615,ImageProcessor_TPU,frame_processed,0,6,7,0.822881,7,0,NaN,NaN,NaN,NaN,NaN,NaN,NaN,NaN,NaN,NaN,NaN,NaN,NaN,NaN,NaN,NaN,NaN
790,619,InferenceEngine,inference_complete,0,4,NaN,NaN,NaN,0,18.623,0,0,0,NaN,NaN,NaN,NaN,NaN,NaN,NaN,NaN,NaN,NaN,NaN,NaN,NaN
790,724,Logic,frame_complete,-3955190986414698435,4,7,3.26489,4,0,19,0,0,0,0,0,0,0.5,0.5,0,0,0,0,38.6,25.4545,46.8743,0
794,623,ImageProcessor_Viz,frame_processed,0,6,7,0.391612,NaN,9,NaN,NaN,NaN,NaN,NaN,NaN,NaN,NaN,NaN,NaN,NaN,NaN,NaN,NaN,NaN,NaN,NaN
808,637,InferenceEngine,inference_complete,0,5,NaN,NaN,NaN,1,18.234,0,0,0,NaN,NaN,NaN,NaN,NaN,NaN,NaN,NaN,NaN,NaN,NaN,NaN,NaN
808,755,Logic,frame_complete,-3955190986414698435,5,7,1.17757,5.66667,1,18,0,0,0,0,0,0,0.5,0.5,0,0,0,0,38.6,25.4545,46.8743,0
817,646,CameraCapture,frame_captured,0,7,7,0.289839,7,NaN,NaN,NaN,NaN,NaN,NaN,NaN,NaN,NaN,NaN,NaN,NaN,NaN,NaN,NaN,NaN,NaN,NaN
818,647,ImageProcessor_TPU,frame_processed,0,7,7,0.88608,7.66667,1,NaN,NaN,NaN,NaN,NaN,NaN,NaN,NaN,NaN,NaN,NaN,NaN,NaN,NaN,NaN,NaN,NaN
825,654,ImageProcessor_Viz,frame_processed,0,7,7,0.339889,NaN,8,NaN,NaN,NaN,NaN,NaN,NaN,NaN,NaN,NaN,NaN,NaN,NaN,NaN,NaN,NaN,NaN,NaN
827,656,InferenceEngine,inference_complete,0,6,NaN,NaN,NaN,0,18.7,0,0,0,NaN,NaN,NaN,NaN,NaN,NaN,NaN,NaN,NaN,NaN,NaN,NaN,NaN
827,785,Logic,frame_complete,-3955190986414698435,6,7,0.822881,7,0,19,0,0,0,0,0,0,0.5,0.5,0,0,0,0,38.6,25.4545,46.8743,0
845,674,InferenceEngine,inference_complete,0,7,NaN,NaN,NaN,1,18.063,0,0,0,NaN,NaN,NaN,NaN,NaN,NaN,NaN,NaN,NaN,NaN,NaN,NaN,NaN
846,817,Logic,frame_complete,-3955190986414698435,7,7,0.88608,7.66667,1,18,0,0,0,0,0,0,0.5,0.5,0,0,0,0,38.6,25.4545,46.8743,0
852,680,CameraCapture,frame_captured,0,8,7,0.142317,8,NaN,NaN,NaN,NaN,NaN,NaN,NaN,NaN,NaN,NaN,NaN,NaN,NaN,NaN,NaN,NaN,NaN,NaN
853,682,ImageProcessor_TPU,frame_processed,0,8,7,0.860744,8.66667,1,NaN,NaN,NaN,NaN,NaN,NaN,NaN,NaN,NaN,NaN,NaN,NaN,NaN,NaN,NaN,NaN,NaN
860,688,ImageProcessor_Viz,frame_processed,0,8,7,0.507908,NaN,7,NaN,NaN,NaN,NaN,NaN,NaN,NaN,NaN,NaN,NaN,NaN,NaN,NaN,NaN,NaN,NaN,NaN
872,701,InferenceEngine,inference_complete,0,8,NaN,NaN,NaN,1,18.599,0,0,0,NaN,NaN,NaN,NaN,NaN,NaN,NaN,NaN,NaN,NaN,NaN,NaN,NaN
872,851,Logic,frame_complete,-3955190986414698435,8,7,0.860744,8.66667,1,18,0,0,0,0,0,0,0.5,0.5,0,0,0,0,38.6,25.4545,46.8743,0
884,712,CameraCapture,frame_captured,0,9,7,0.15535,9,NaN,NaN,NaN,NaN,NaN,NaN,NaN,NaN,NaN,NaN,NaN,NaN,NaN,NaN,NaN,NaN,NaN,NaN
885,713,ImageProcessor_TPU,frame_processed,0,9,7,0.780813,9.66667,0,NaN,NaN,NaN,NaN,NaN,NaN,NaN,NaN,NaN,NaN,NaN,NaN,NaN,NaN,NaN,NaN,NaN
892,720,ImageProcessor_Viz,frame_processed,0,9,7,0.324445,NaN,7,NaN,NaN,NaN,NaN,NaN,NaN,NaN,NaN,NaN,NaN,NaN,NaN,NaN,NaN,NaN,NaN,NaN
903,732,InferenceEngine,inference_complete,0,9,NaN,NaN,NaN,0,18.598,0,0,0,NaN,NaN,NaN,NaN,NaN,NaN,NaN,NaN,NaN,NaN,NaN,NaN,NaN
904,883,Logic,frame_complete,-3955190986414698435,9,7,0.780813,9.66667,0,18,0,0,0,0,0,0,0.5,0.5,0,0,0,0,38.6,25.4545,46.8743,0
917,745,CameraCapture,frame_captured,0,10,7,0.139068,10,NaN,NaN,NaN,NaN,NaN,NaN,NaN,NaN,NaN,NaN,NaN,NaN,NaN,NaN,NaN,NaN,NaN,NaN
918,746,ImageProcessor_TPU,frame_processed,0,10,7,0.748791,10.6667,0,NaN,NaN,NaN,NaN,NaN,NaN,NaN,NaN,NaN,NaN,NaN,NaN,NaN,NaN,NaN,NaN,NaN
924,753,ImageProcessor_Viz,frame_processed,0,10,7,0.332334,NaN,7,NaN,NaN,NaN,NaN,NaN,NaN,NaN,NaN,NaN,NaN,NaN,NaN,NaN,NaN,NaN,NaN,NaN
936,765,InferenceEngine,inference_complete,0,10,NaN,NaN,NaN,0,18.573,0,0,0,NaN,NaN,NaN,NaN,NaN,NaN,NaN,NaN,NaN,NaN,NaN,NaN,NaN
936,916,Logic,frame_complete,-3955190986414698435,10,7,0.748791,10.6667,0,18,0,0,0,0,0,0,0.5,0.5,0,0,0,0,38.6,25.4545,46.8743,0
949,778,CameraCapture,frame_captured,0,11,7,0.140268,11,NaN,NaN,NaN,NaN,NaN,NaN,NaN,NaN,NaN,NaN,NaN,NaN,NaN,NaN,NaN,NaN,NaN,NaN
950,779,ImageProcessor_TPU,frame_processed,0,11,7,0.707694,11.6667,0,NaN,NaN,NaN,NaN,NaN,NaN,NaN,NaN,NaN,NaN,NaN,NaN,NaN,NaN,NaN,NaN,NaN
957,786,ImageProcessor_Viz,frame_processed,0,11,7,0.327297,NaN,8,NaN,NaN,NaN,NaN,NaN,NaN,NaN,NaN,NaN,NaN,NaN,NaN,NaN,NaN,NaN,NaN,NaN
969,798,InferenceEngine,inference_complete,0,11,NaN,NaN,NaN,0,18.447,0,0,0,NaN,NaN,NaN,NaN,NaN,NaN,NaN,NaN,NaN,NaN,NaN,NaN,NaN
969,949,Logic,frame_complete,-3955190986414698435,11,7,0.707694,11.6667,0,19,0,0,0,0,0,0,0.5,0.5,0,0,0,0,38.6,25.4545,46.8743,0
983,812,CameraCapture,frame_captured,0,12,7,0.193431,12,NaN,NaN,NaN,NaN,NaN,NaN,NaN,NaN,NaN,NaN,NaN,NaN,NaN,NaN,NaN,NaN,NaN,NaN
984,813,ImageProcessor_TPU,frame_processed,0,12,7,0.765783,12.6667,0,NaN,NaN,NaN,NaN,NaN,NaN,NaN,NaN,NaN,NaN,NaN,NaN,NaN,NaN,NaN,NaN,NaN
991,820,ImageProcessor_Viz,frame_processed,0,12,7,0.334093,NaN,8,NaN,NaN,NaN,NaN,NaN,NaN,NaN,NaN,NaN,NaN,NaN,NaN,NaN,NaN,NaN,NaN,NaN
1003,832,InferenceEngine,inference_complete,0,12,NaN,NaN,NaN,0,18.576,0,0,0,NaN,NaN,NaN,NaN,NaN,NaN,NaN,NaN,NaN,NaN,NaN,NaN,NaN
1003,983,Logic,frame_complete,-3955190986414698435,12,7,0.765783,12.6667,0,19,0,0,0,0,0,0,0.5,0.5,0,0,0,0,38.6,25.4545,46.8743,0
1018,846,CameraCapture,frame_captured,0,13,7,0.140854,13,NaN,NaN,NaN,NaN,NaN,NaN,NaN,NaN,NaN,NaN,NaN,NaN,NaN,NaN,NaN,NaN,NaN,NaN
1019,848,ImageProcessor_TPU,frame_processed,0,13,7,0.72978,13.6667,1,NaN,NaN,NaN,NaN,NaN,NaN,NaN,NaN,NaN,NaN,NaN,NaN,NaN,NaN,NaN,NaN,NaN
1025,854,ImageProcessor_Viz,frame_processed,0,13,7,0.343501,NaN,7,NaN,NaN,NaN,NaN,NaN,NaN,NaN,NaN,NaN,NaN,NaN,NaN,NaN,NaN,NaN,NaN,NaN
1037,866,InferenceEngine,inference_complete,0,13,NaN,NaN,NaN,1,18.492,0,0,0,NaN,NaN,NaN,NaN,NaN,NaN,NaN,NaN,NaN,NaN,NaN,NaN,NaN
1038,1017,Logic,frame_complete,-3955190986414698435,13,7,0.72978,13.6667,1,18,0,0,0,0,0,0,0.5,0.5,0,0,0,0,38.6,25.4545,46.8743,0
1050,879,CameraCapture,frame_captured,0,14,7,0.155479,14,NaN,NaN,NaN,NaN,NaN,NaN,NaN,NaN,NaN,NaN,NaN,NaN,NaN,NaN,NaN,NaN,NaN,NaN
1051,880,ImageProcessor_TPU,frame_processed,0,14,7,1.02305,14.6667,0,NaN,NaN,NaN,NaN,NaN,NaN,NaN,NaN,NaN,NaN,NaN,NaN,NaN,NaN,NaN,NaN,NaN
1057,886,ImageProcessor_Viz,frame_processed,0,14,7,0.328352,NaN,7,NaN,NaN,NaN,NaN,NaN,NaN,NaN,NaN,NaN,NaN,NaN,NaN,NaN,NaN,NaN,NaN,NaN
1071,899,InferenceEngine,inference_complete,0,14,NaN,NaN,NaN,0,18.828,0,0,0,NaN,NaN,NaN,NaN,NaN,NaN,NaN,NaN,NaN,NaN,NaN,NaN,NaN
1071,1050,Logic,frame_complete,-3955190986414698435,14,7,1.02305,14.6667,0,19,0,0,0,0,0,0,0.5,0.5,0,0,0,0,38.6,25.4545,46.8743,0
1083,911,CameraCapture,frame_captured,0,15,7,0.137642,15,NaN,NaN,NaN,NaN,NaN,NaN,NaN,NaN,NaN,NaN,NaN,NaN,NaN,NaN,NaN,NaN,NaN,NaN
1084,913,ImageProcessor_TPU,frame_processed,0,15,7,1.0547,15.6667,1,NaN,NaN,NaN,NaN,NaN,NaN,NaN,NaN,NaN,NaN,NaN,NaN,NaN,NaN,NaN,NaN,NaN
1090,919,ImageProcessor_Viz,frame_processed,0,15,7,0.329686,NaN,7,NaN,NaN,NaN,NaN,NaN,NaN,NaN,NaN,NaN,NaN,NaN,NaN,NaN,NaN,NaN,NaN,NaN
1104,933,InferenceEngine,inference_complete,0,15,NaN,NaN,NaN,1,19.538,0,0,0,NaN,NaN,NaN,NaN,NaN,NaN,NaN,NaN,NaN,NaN,NaN,NaN,NaN
1104,1082,Logic,frame_complete,-3955190986414698435,15,7,1.0547,15.6667,1,19,0,0,0,0,0,0,0.5,0.5,0,0,0,0,38.6,25.4545,46.8743,0
1117,945,CameraCapture,frame_captured,0,16,7,0.13862,16,NaN,NaN,NaN,NaN,NaN,NaN,NaN,NaN,NaN,NaN,NaN,NaN,NaN,NaN,NaN,NaN,NaN,NaN
1118,947,ImageProcessor_TPU,frame_processed,0,16,7,0.787694,16.6667,1,NaN,NaN,NaN,NaN,NaN,NaN,NaN,NaN,NaN,NaN,NaN,NaN,NaN,NaN,NaN,NaN,NaN
1124,953,ImageProcessor_Viz,frame_processed,0,16,7,0.358389,NaN,7,NaN,NaN,NaN,NaN,NaN,NaN,NaN,NaN,NaN,NaN,NaN,NaN,NaN,NaN,NaN,NaN,NaN
1136,965,InferenceEngine,inference_complete,0,16,NaN,NaN,NaN,1,18.483,0,0,0,NaN,NaN,NaN,NaN,NaN,NaN,NaN,NaN,NaN,NaN,NaN,NaN,NaN
1136,1116,Logic,frame_complete,-3955190986414698435,16,7,0.787694,16.6667,1,18,0,0,0,0,0,0,0.5,0.5,0,0,0,0,38.6,25.4545,46.8743,0
1150,979,CameraCapture,frame_captured,0,17,7,0.138672,17,NaN,NaN,NaN,NaN,NaN,NaN,NaN,NaN,NaN,NaN,NaN,NaN,NaN,NaN,NaN,NaN,NaN,NaN
1151,980,ImageProcessor_TPU,frame_processed,0,17,7,0.74895,17.6667,1,NaN,NaN,NaN,NaN,NaN,NaN,NaN,NaN,NaN,NaN,NaN,NaN,NaN,NaN,NaN,NaN,NaN
1158,987,ImageProcessor_Viz,frame_processed,0,17,7,0.325926,NaN,8,NaN,NaN,NaN,NaN,NaN,NaN,NaN,NaN,NaN,NaN,NaN,NaN,NaN,NaN,NaN,NaN,NaN
1169,998,InferenceEngine,inference_complete,0,17,NaN,NaN,NaN,1,18.455,0,0,0,NaN,NaN,NaN,NaN,NaN,NaN,NaN,NaN,NaN,NaN,NaN,NaN,NaN
1170,1150,Logic,frame_complete,-3955190986414698435,17,7,0.74895,17.6667,1,18,0,0,0,0,0,0,0.5,0.5,0,0,0,0,38.6,25.4545,46.8743,0
1183,1012,CameraCapture,frame_captured,0,18,7,0.139853,18,NaN,NaN,NaN,NaN,NaN,NaN,NaN,NaN,NaN,NaN,NaN,NaN,NaN,NaN,NaN,NaN,NaN,NaN
1184,1013,ImageProcessor_TPU,frame_processed,0,18,7,0.763465,18.6667,0,NaN,NaN,NaN,NaN,NaN,NaN,NaN,NaN,NaN,NaN,NaN,NaN,NaN,NaN,NaN,NaN,NaN
1190,1019,ImageProcessor_Viz,frame_processed,0,18,7,0.339352,NaN,7,NaN,NaN,NaN,NaN,NaN,NaN,NaN,NaN,NaN,NaN,NaN,NaN,NaN,NaN,NaN,NaN,NaN
1203,1032,InferenceEngine,inference_complete,0,18,NaN,NaN,NaN,0,18.608,0,0,0,NaN,NaN,NaN,NaN,NaN,NaN,NaN,NaN,NaN,NaN,NaN,NaN,NaN
1203,1183,Logic,frame_complete,-3955190986414698435,18,7,0.763465,18.6667,0,19,0,0,0,0,0,0,0.5,0.5,0,0,0,0,38.6,25.4545,46.8743,0
1216,1045,CameraCapture,frame_captured,0,19,7,0.251812,19,NaN,NaN,NaN,NaN,NaN,NaN,NaN,NaN,NaN,NaN,NaN,NaN,NaN,NaN,NaN,NaN,NaN,NaN
1217,1046,ImageProcessor_TPU,frame_processed,0,19,7,0.847924,19.6667,1,NaN,NaN,NaN,NaN,NaN,NaN,NaN,NaN,NaN,NaN,NaN,NaN,NaN,NaN,NaN,NaN,NaN
1223,1052,ImageProcessor_Viz,frame_processed,0,19,7,0.329871,NaN,7,NaN,NaN,NaN,NaN,NaN,NaN,NaN,NaN,NaN,NaN,NaN,NaN,NaN,NaN,NaN,NaN,NaN
1236,1065,InferenceEngine,inference_complete,0,19,NaN,NaN,NaN,1,18.611,0,0,0,NaN,NaN,NaN,NaN,NaN,NaN,NaN,NaN,NaN,NaN,NaN,NaN,NaN
1236,1216,Logic,frame_complete,-3955190986414698435,19,7,0.847924,19.6667,1,19,0,0,0,0,0,0,0.5,0.5,0,0,0,0,38.6,25.4545,46.8743,0
1250,1079,CameraCapture,frame_captured,0,20,7,0.22329,20,NaN,NaN,NaN,NaN,NaN,NaN,NaN,NaN,NaN,NaN,NaN,NaN,NaN,NaN,NaN,NaN,NaN,NaN
1251,1080,ImageProcessor_TPU,frame_processed,0,20,7,0.948235,20.6667,0,NaN,NaN,NaN,NaN,NaN,NaN,NaN,NaN,NaN,NaN,NaN,NaN,NaN,NaN,NaN,NaN,NaN
1257,1086,ImageProcessor_Viz,frame_processed,0,20,7,0.334223,NaN,7,NaN,NaN,NaN,NaN,NaN,NaN,NaN,NaN,NaN,NaN,NaN,NaN,NaN,NaN,NaN,NaN,NaN
1270,1099,InferenceEngine,inference_complete,0,20,NaN,NaN,NaN,0,18.905,0,0,0,NaN,NaN,NaN,NaN,NaN,NaN,NaN,NaN,NaN,NaN,NaN,NaN,NaN
1270,1250,Logic,frame_complete,-3955190986414698435,20,7,0.948235,20.6667,0,19,0,0,0,0,0,0,0.5,0.5,0,0,0,0,38.6,25.4545,46.8743,0
1283,1112,CameraCapture,frame_captured,0,21,7,0.144286,21,NaN,NaN,NaN,NaN,NaN,NaN,NaN,NaN,NaN,NaN,NaN,NaN,NaN,NaN,NaN,NaN,NaN,NaN
1284,1113,ImageProcessor_TPU,frame_processed,0,21,7,0.708287,21.6667,0,NaN,NaN,NaN,NaN,NaN,NaN,NaN,NaN,NaN,NaN,NaN,NaN,NaN,NaN,NaN,NaN,NaN
1291,1120,ImageProcessor_Viz,frame_processed,0,21,7,0.328407,NaN,8,NaN,NaN,NaN,NaN,NaN,NaN,NaN,NaN,NaN,NaN,NaN,NaN,NaN,NaN,NaN,NaN,NaN
1303,1132,InferenceEngine,inference_complete,0,21,NaN,NaN,NaN,0,18.547,0,0,0,NaN,NaN,NaN,NaN,NaN,NaN,NaN,NaN,NaN,NaN,NaN,NaN,NaN
1303,1283,Logic,frame_complete,-3955190986414698435,21,7,0.708287,21.6667,0,19,0,0,0,0,0,0,0.5,0.5,0,0,0,0,38.6,25.4545,46.8743,0
1317,1146,CameraCapture,frame_captured,0,22,7,0.148079,22,NaN,NaN,NaN,NaN,NaN,NaN,NaN,NaN,NaN,NaN,NaN,NaN,NaN,NaN,NaN,NaN,NaN,NaN
1319,1147,ImageProcessor_TPU,frame_processed,0,22,7,0.759728,22.6667,0,NaN,NaN,NaN,NaN,NaN,NaN,NaN,NaN,NaN,NaN,NaN,NaN,NaN,NaN,NaN,NaN,NaN
1325,1154,ImageProcessor_Viz,frame_processed,0,22,7,0.33037,NaN,7,NaN,NaN,NaN,NaN,NaN,NaN,NaN,NaN,NaN,NaN,NaN,NaN,NaN,NaN,NaN,NaN,NaN
1337,1166,InferenceEngine,inference_complete,0,22,NaN,NaN,NaN,0,18.554,0,0,0,NaN,NaN,NaN,NaN,NaN,NaN,NaN,NaN,NaN,NaN,NaN,NaN,NaN
1337,1317,Logic,frame_complete,-3955190986414698435,22,7,0.759728,22.6667,0,19,0,0,0,0,0,0,0.5,0.5,0,0,0,0,38.6,25.4545,46.8743,0
1349,1178,CameraCapture,frame_captured,0,23,7,0.232964,23,NaN,NaN,NaN,NaN,NaN,NaN,NaN,NaN,NaN,NaN,NaN,NaN,NaN,NaN,NaN,NaN,NaN,NaN
1351,1180,ImageProcessor_TPU,frame_processed,0,23,7,1.1822,23.6667,1,NaN,NaN,NaN,NaN,NaN,NaN,NaN,NaN,NaN,NaN,NaN,NaN,NaN,NaN,NaN,NaN,NaN
1357,1185,ImageProcessor_Viz,frame_processed,0,23,7,0.345222,NaN,7,NaN,NaN,NaN,NaN,NaN,NaN,NaN,NaN,NaN,NaN,NaN,NaN,NaN,NaN,NaN,NaN,NaN
1371,1199,InferenceEngine,inference_complete,0,23,NaN,NaN,NaN,1,19.193,0,0,0,NaN,NaN,NaN,NaN,NaN,NaN,NaN,NaN,NaN,NaN,NaN,NaN,NaN
1371,1349,Logic,frame_complete,-3955190986414698435,23,7,1.1822,23.6667,1,19,0,0,0,0,0,0,0.5,0.5,0,0,0,0,38.6,25.4545,46.8743,0
1383,1212,CameraCapture,frame_captured,0,24,7,0.228071,24,NaN,NaN,NaN,NaN,NaN,NaN,NaN,NaN,NaN,NaN,NaN,NaN,NaN,NaN,NaN,NaN,NaN,NaN
1385,1214,ImageProcessor_TPU,frame_processed,0,24,7,1.37024,24.6667,1,NaN,NaN,NaN,NaN,NaN,NaN,NaN,NaN,NaN,NaN,NaN,NaN,NaN,NaN,NaN,NaN,NaN
1391,1219,ImageProcessor_Viz,frame_processed,0,24,7,0.337574,NaN,7,NaN,NaN,NaN,NaN,NaN,NaN,NaN,NaN,NaN,NaN,NaN,NaN,NaN,NaN,NaN,NaN,NaN
1404,1233,InferenceEngine,inference_complete,0,24,NaN,NaN,NaN,1,18.469,0,0,0,NaN,NaN,NaN,NaN,NaN,NaN,NaN,NaN,NaN,NaN,NaN,NaN,NaN
1404,1383,Logic,frame_complete,-3955190986414698435,24,7,1.37024,24.6667,1,19,0,0,0,0,0,0,0.5,0.5,0,0,0,0,38.6,25.4545,46.8743,0
1416,1245,CameraCapture,frame_captured,0,25,7,0.143512,25,NaN,NaN,NaN,NaN,NaN,NaN,NaN,NaN,NaN,NaN,NaN,NaN,NaN,NaN,NaN,NaN,NaN,NaN
1418,1246,ImageProcessor_TPU,frame_processed,0,25,7,0.722086,25.6667,0,NaN,NaN,NaN,NaN,NaN,NaN,NaN,NaN,NaN,NaN,NaN,NaN,NaN,NaN,NaN,NaN,NaN
1424,1253,ImageProcessor_Viz,frame_processed,0,25,7,0.337129,NaN,7,NaN,NaN,NaN,NaN,NaN,NaN,NaN,NaN,NaN,NaN,NaN,NaN,NaN,NaN,NaN,NaN,NaN
1436,1265,InferenceEngine,inference_complete,0,25,NaN,NaN,NaN,0,18.657,0,0,0,NaN,NaN,NaN,NaN,NaN,NaN,NaN,NaN,NaN,NaN,NaN,NaN,NaN
1437,1416,Logic,frame_complete,-3955190986414698435,25,7,0.722086,25.6667,0,18,0,0,0,0,0,0,0.5,0.5,0,0,0,0,38.6,25.4545,46.8743,0
1450,1279,CameraCapture,frame_captured,0,26,7,0.141304,26,NaN,NaN,NaN,NaN,NaN,NaN,NaN,NaN,NaN,NaN,NaN,NaN,NaN,NaN,NaN,NaN,NaN,NaN
1451,1280,ImageProcessor_TPU,frame_processed,0,26,7,0.95199,26.6667,0,NaN,NaN,NaN,NaN,NaN,NaN,NaN,NaN,NaN,NaN,NaN,NaN,NaN,NaN,NaN,NaN,NaN
1457,1286,ImageProcessor_Viz,frame_processed,0,26,7,0.396259,NaN,7,NaN,NaN,NaN,NaN,NaN,NaN,NaN,NaN,NaN,NaN,NaN,NaN,NaN,NaN,NaN,NaN,NaN
1470,1299,InferenceEngine,inference_complete,0,26,NaN,NaN,NaN,0,18.69,0,0,0,NaN,NaN,NaN,NaN,NaN,NaN,NaN,NaN,NaN,NaN,NaN,NaN,NaN
1470,1450,Logic,frame_complete,-3955190986414698435,26,7,0.95199,26.6667,0,19,0,0,0,0,0,0,0.5,0.5,0,0,0,0,38.6,25.4545,46.8743,0
1482,1311,CameraCapture,frame_captured,0,27,7,0.13843,27,NaN,NaN,NaN,NaN,NaN,NaN,NaN,NaN,NaN,NaN,NaN,NaN,NaN,NaN,NaN,NaN,NaN,NaN
1483,1312,ImageProcessor_TPU,frame_processed,0,27,7,0.70743,27.6667,0,NaN,NaN,NaN,NaN,NaN,NaN,NaN,NaN,NaN,NaN,NaN,NaN,NaN,NaN,NaN,NaN,NaN
1490,1319,ImageProcessor_Viz,frame_processed,0,27,7,0.32937,NaN,8,NaN,NaN,NaN,NaN,NaN,NaN,NaN,NaN,NaN,NaN,NaN,NaN,NaN,NaN,NaN,NaN,NaN
1502,1331,InferenceEngine,inference_complete,0,27,NaN,NaN,NaN,0,18.718,0,0,0,NaN,NaN,NaN,NaN,NaN,NaN,NaN,NaN,NaN,NaN,NaN,NaN,NaN
1502,1482,Logic,frame_complete,-3955190986414698435,27,7,0.70743,27.6667,0,19,0,0,0,0,0,0,0.5,0.5,0,0,0,0,38.6,25.4545,46.8743,0
1517,1346,CameraCapture,frame_captured,0,28,7,0.140482,28,NaN,NaN,NaN,NaN,NaN,NaN,NaN,NaN,NaN,NaN,NaN,NaN,NaN,NaN,NaN,NaN,NaN,NaN
1518,1347,ImageProcessor_TPU,frame_processed,0,28,7,0.741297,28.6667,0,NaN,NaN,NaN,NaN,NaN,NaN,NaN,NaN,NaN,NaN,NaN,NaN,NaN,NaN,NaN,NaN,NaN
1525,1354,ImageProcessor_Viz,frame_processed,0,28,7,0.346112,NaN,8,NaN,NaN,NaN,NaN,NaN,NaN,NaN,NaN,NaN,NaN,NaN,NaN,NaN,NaN,NaN,NaN,NaN
1538,1367,InferenceEngine,inference_complete,0,28,NaN,NaN,NaN,0,19.407,0,0,0,NaN,NaN,NaN,NaN,NaN,NaN,NaN,NaN,NaN,NaN,NaN,NaN,NaN
1538,1517,Logic,frame_complete,-3955190986414698435,28,7,0.741297,28.6667,0,20,0,0,0,0,0,0,0.5,0.5,0,0,0,0,38.6,25.4545,46.8743,0
1550,1379,CameraCapture,frame_captured,0,29,7,0.231459,29,NaN,NaN,NaN,NaN,NaN,NaN,NaN,NaN,NaN,NaN,NaN,NaN,NaN,NaN,NaN,NaN,NaN,NaN
1551,1380,ImageProcessor_TPU,frame_processed,0,29,7,0.883089,29.6667,1,NaN,NaN,NaN,NaN,NaN,NaN,NaN,NaN,NaN,NaN,NaN,NaN,NaN,NaN,NaN,NaN,NaN
1562,1391,ImageProcessor_Viz,frame_processed,0,29,7,0.343426,NaN,12,NaN,NaN,NaN,NaN,NaN,NaN,NaN,NaN,NaN,NaN,NaN,NaN,NaN,NaN,NaN,NaN,NaN
1571,1400,InferenceEngine,inference_complete,0,29,NaN,NaN,NaN,1,20.173,0,0.576463,13,NaN,NaN,NaN,NaN,NaN,NaN,NaN,NaN,NaN,NaN,NaN,NaN,NaN
1572,1550,Logic,frame_complete,-3955190986414698435,29,7,0.883089,29.6667,1,20,0,0.576463,13,0,0,0,0.5,0.5,0,0,0,0,38.6,25.4545,46.8743,0
1583,1412,CameraCapture,frame_captured,0,30,7,0.150659,30,NaN,NaN,NaN,NaN,NaN,NaN,NaN,NaN,NaN,NaN,NaN,NaN,NaN,NaN,NaN,NaN,NaN,NaN
1584,1413,ImageProcessor_TPU,frame_processed,0,30,7,0.730104,30.6667,0,NaN,NaN,NaN,NaN,NaN,NaN,NaN,NaN,NaN,NaN,NaN,NaN,NaN,NaN,NaN,NaN,NaN
1591,1420,ImageProcessor_Viz,frame_processed,0,30,7,0.347037,NaN,8,NaN,NaN,NaN,NaN,NaN,NaN,NaN,NaN,NaN,NaN,NaN,NaN,NaN,NaN,NaN,NaN,NaN
1605,1434,InferenceEngine,inference_complete,0,30,NaN,NaN,NaN,0,20.006,0,0.501955,12,NaN,NaN,NaN,NaN,NaN,NaN,NaN,NaN,NaN,NaN,NaN,NaN,NaN
1605,1583,Logic,frame_complete,-3955190986414698435,30,7,0.730104,30.6667,0,20,0,0.501955,12,0,0,0,0.5,0.5,0,0,0,0,38.6,25.4545,46.8743,0
1616,1445,CameraCapture,frame_captured,0,31,7,0.151859,31,NaN,NaN,NaN,NaN,NaN,NaN,NaN,NaN,NaN,NaN,NaN,NaN,NaN,NaN,NaN,NaN,NaN,NaN
1617,1445,ImageProcessor_TPU,frame_processed,0,31,7,0.785396,31.6667,0,NaN,NaN,NaN,NaN,NaN,NaN,NaN,NaN,NaN,NaN,NaN,NaN,NaN,NaN,NaN,NaN,NaN
1624,1452,ImageProcessor_Viz,frame_processed,0,31,7,0.34837,NaN,7,NaN,NaN,NaN,NaN,NaN,NaN,NaN,NaN,NaN,NaN,NaN,NaN,NaN,NaN,NaN,NaN,NaN
1636,1464,InferenceEngine,inference_complete,0,31,NaN,NaN,NaN,0,18.639,0,0.501955,13,NaN,NaN,NaN,NaN,NaN,NaN,NaN,NaN,NaN,NaN,NaN,NaN,NaN
1636,1616,Logic,frame_complete,-3955190986414698435,31,7,0.785396,31.6667,0,18,0,0.501955,13,0,0,0,0.5,0.5,0,0,0,0,38.6,25.4545,46.8743,0
1651,1480,CameraCapture,frame_captured,0,32,7,0.251004,32,NaN,NaN,NaN,NaN,NaN,NaN,NaN,NaN,NaN,NaN,NaN,NaN,NaN,NaN,NaN,NaN,NaN,NaN
1652,1481,ImageProcessor_TPU,frame_processed,0,32,7,1.4128,32.6667,0,NaN,NaN,NaN,NaN,NaN,NaN,NaN,NaN,NaN,NaN,NaN,NaN,NaN,NaN,NaN,NaN,NaN
1658,1487,ImageProcessor_Viz,frame_processed,0,32,7,0.340704,NaN,7,NaN,NaN,NaN,NaN,NaN,NaN,NaN,NaN,NaN,NaN,NaN,NaN,NaN,NaN,NaN,NaN,NaN
1671,1500,InferenceEngine,inference_complete,0,32,NaN,NaN,NaN,0,18.69,0,0.576463,13,NaN,NaN,NaN,NaN,NaN,NaN,NaN,NaN,NaN,NaN,NaN,NaN,NaN
1672,1651,Logic,frame_complete,-3955190986414698435,32,7,1.4128,32.6667,0,19,0,0.576463,13,0,0,0,0.5,0.5,0,0,0,0,38.6,25.4545,46.8743,0
1683,1512,CameraCapture,frame_captured,0,33,7,0.165925,33,NaN,NaN,NaN,NaN,NaN,NaN,NaN,NaN,NaN,NaN,NaN,NaN,NaN,NaN,NaN,NaN,NaN,NaN
1685,1513,ImageProcessor_TPU,frame_processed,0,33,7,0.738925,33.6667,0,NaN,NaN,NaN,NaN,NaN,NaN,NaN,NaN,NaN,NaN,NaN,NaN,NaN,NaN,NaN,NaN,NaN
1691,1520,ImageProcessor_Viz,frame_processed,0,33,7,0.335445,NaN,8,NaN,NaN,NaN,NaN,NaN,NaN,NaN,NaN,NaN,NaN,NaN,NaN,NaN,NaN,NaN,NaN,NaN
1704,1533,InferenceEngine,inference_complete,0,33,NaN,NaN,NaN,0,18.8,0,0,0,NaN,NaN,NaN,NaN,NaN,NaN,NaN,NaN,NaN,NaN,NaN,NaN,NaN
1704,1683,Logic,frame_complete,-3955190986414698435,33,7,0.738925,33.6667,0,18,0,0,0,0,0,0,0.5,0.5,0,0,0,0,38.6,25.4545,46.8743,0
1716,1545,CameraCapture,frame_captured,0,34,7,0.225532,34,NaN,NaN,NaN,NaN,NaN,NaN,NaN,NaN,NaN,NaN,NaN,NaN,NaN,NaN,NaN,NaN,NaN,NaN
1717,1546,ImageProcessor_TPU,frame_processed,0,34,7,0.803255,34.6667,0,NaN,NaN,NaN,NaN,NaN,NaN,NaN,NaN,NaN,NaN,NaN,NaN,NaN,NaN,NaN,NaN,NaN
1724,1553,ImageProcessor_Viz,frame_processed,0,34,7,0.355408,NaN,7,NaN,NaN,NaN,NaN,NaN,NaN,NaN,NaN,NaN,NaN,NaN,NaN,NaN,NaN,NaN,NaN,NaN
1736,1565,InferenceEngine,inference_complete,0,34,NaN,NaN,NaN,0,18.504,0,0,0,NaN,NaN,NaN,NaN,NaN,NaN,NaN,NaN,NaN,NaN,NaN,NaN,NaN
1736,1716,Logic,frame_complete,-3955190986414698435,34,7,0.803255,34.6667,0,19,0,0,0,0,0,0,0.5,0.5,0,0,0,0,38.6,25.4545,46.8743,0
1750,1579,CameraCapture,frame_captured,0,35,7,0.140751,35,NaN,NaN,NaN,NaN,NaN,NaN,NaN,NaN,NaN,NaN,NaN,NaN,NaN,NaN,NaN,NaN,NaN,NaN
1751,1580,ImageProcessor_TPU,frame_processed,0,35,7,0.692177,35.6667,1,NaN,NaN,NaN,NaN,NaN,NaN,NaN,NaN,NaN,NaN,NaN,NaN,NaN,NaN,NaN,NaN,NaN
1758,1587,ImageProcessor_Viz,frame_processed,0,35,7,0.340574,NaN,8,NaN,NaN,NaN,NaN,NaN,NaN,NaN,NaN,NaN,NaN,NaN,NaN,NaN,NaN,NaN,NaN,NaN
1770,1599,InferenceEngine,inference_complete,0,35,NaN,NaN,NaN,1,18.567,0,0,0,NaN,NaN,NaN,NaN,NaN,NaN,NaN,NaN,NaN,NaN,NaN,NaN,NaN
1770,1750,Logic,frame_complete,-3955190986414698435,35,7,0.692177,35.6667,1,19,0,0,0,0,0,0,0.5,0.5,0,0,0,0,38.6,25.4545,46.8743,0
1783,1612,CameraCapture,frame_captured,0,36,7,0.23658,36,NaN,NaN,NaN,NaN,NaN,NaN,NaN,NaN,NaN,NaN,NaN,NaN,NaN,NaN,NaN,NaN,NaN,NaN
1784,1613,ImageProcessor_TPU,frame_processed,0,36,7,0.938191,36.6667,1,NaN,NaN,NaN,NaN,NaN,NaN,NaN,NaN,NaN,NaN,NaN,NaN,NaN,NaN,NaN,NaN,NaN
1791,1619,ImageProcessor_Viz,frame_processed,0,36,7,0.337889,NaN,7,NaN,NaN,NaN,NaN,NaN,NaN,NaN,NaN,NaN,NaN,NaN,NaN,NaN,NaN,NaN,NaN,NaN
1803,1632,InferenceEngine,inference_complete,0,36,NaN,NaN,NaN,1,18.968,0,0,0,NaN,NaN,NaN,NaN,NaN,NaN,NaN,NaN,NaN,NaN,NaN,NaN,NaN
1803,1783,Logic,frame_complete,-3955190986414698435,36,7,0.938191,36.6667,1,19,0,0,0,0,0,0,0.5,0.5,0,0,0,0,38.6,25.4545,46.8743,0
1817,1646,CameraCapture,frame_captured,0,37,7,0.15515,37,NaN,NaN,NaN,NaN,NaN,NaN,NaN,NaN,NaN,NaN,NaN,NaN,NaN,NaN,NaN,NaN,NaN,NaN
1818,1647,ImageProcessor_TPU,frame_processed,0,37,7,0.997743,37.6667,0,NaN,NaN,NaN,NaN,NaN,NaN,NaN,NaN,NaN,NaN,NaN,NaN,NaN,NaN,NaN,NaN,NaN
1825,1653,ImageProcessor_Viz,frame_processed,0,37,7,0.326166,NaN,7,NaN,NaN,NaN,NaN,NaN,NaN,NaN,NaN,NaN,NaN,NaN,NaN,NaN,NaN,NaN,NaN,NaN
1837,1666,InferenceEngine,inference_complete,0,37,NaN,NaN,NaN,0,18.65,0,0,0,NaN,NaN,NaN,NaN,NaN,NaN,NaN,NaN,NaN,NaN,NaN,NaN,NaN
1838,1817,Logic,frame_complete,-3955190986414698435,37,7,0.997743,37.6667,0,19,0,0,0,0,0,0,0.5,0.5,0,0,0,0,38.6,25.4545,46.8743,0
1850,1678,CameraCapture,frame_captured,0,38,7,0.230757,38,NaN,NaN,NaN,NaN,NaN,NaN,NaN,NaN,NaN,NaN,NaN,NaN,NaN,NaN,NaN,NaN,NaN,NaN
1851,1680,ImageProcessor_TPU,frame_processed,0,38,7,1.10955,38.6667,1,NaN,NaN,NaN,NaN,NaN,NaN,NaN,NaN,NaN,NaN,NaN,NaN,NaN,NaN,NaN,NaN,NaN
1857,1686,ImageProcessor_Viz,frame_processed,0,38,7,0.3335,NaN,7,NaN,NaN,NaN,NaN,NaN,NaN,NaN,NaN,NaN,NaN,NaN,NaN,NaN,NaN,NaN,NaN,NaN
1870,1699,InferenceEngine,inference_complete,0,38,NaN,NaN,NaN,1,18.79,0,0,0,NaN,NaN,NaN,NaN,NaN,NaN,NaN,NaN,NaN,NaN,NaN,NaN,NaN
1870,1849,Logic,frame_complete,-3955190986414698435,38,7,1.10955,38.6667,1,19,0,0,0,0,0,0,0.5,0.5,0,0,0,0,38.6,25.4545,46.8743,0
1883,1712,CameraCapture,frame_captured,0,39,7,0.162494,39,NaN,NaN,NaN,NaN,NaN,NaN,NaN,NaN,NaN,NaN,NaN,NaN,NaN,NaN,NaN,NaN,NaN,NaN
1884,1713,ImageProcessor_TPU,frame_processed,0,39,7,0.700013,39.6667,0,NaN,NaN,NaN,NaN,NaN,NaN,NaN,NaN,NaN,NaN,NaN,NaN,NaN,NaN,NaN,NaN,NaN
1891,1720,ImageProcessor_Viz,frame_processed,0,39,7,0.326945,NaN,7,NaN,NaN,NaN,NaN,NaN,NaN,NaN,NaN,NaN,NaN,NaN,NaN,NaN,NaN,NaN,NaN,NaN
1903,1732,InferenceEngine,inference_complete,0,39,NaN,NaN,NaN,0,18.94,0,0,0,NaN,NaN,NaN,NaN,NaN,NaN,NaN,NaN,NaN,NaN,NaN,NaN,NaN
1903,1883,Logic,frame_complete,-3955190986414698435,39,7,0.700013,39.6667,0,19,0,0,0,0,0,0,0.5,0.5,0,0,0,0,38.6,25.4545,46.8743,0
1916,1745,CameraCapture,frame_captured,0,40,7,0.138657,40,NaN,NaN,NaN,NaN,NaN,NaN,NaN,NaN,NaN,NaN,NaN,NaN,NaN,NaN,NaN,NaN,NaN,NaN
1917,1746,ImageProcessor_TPU,frame_processed,0,40,7,0.677546,40.6667,0,NaN,NaN,NaN,NaN,NaN,NaN,NaN,NaN,NaN,NaN,NaN,NaN,NaN,NaN,NaN,NaN,NaN
1924,1753,ImageProcessor_Viz,frame_processed,0,40,7,0.330964,NaN,7,NaN,NaN,NaN,NaN,NaN,NaN,NaN,NaN,NaN,NaN,NaN,NaN,NaN,NaN,NaN,NaN,NaN
1936,1765,InferenceEngine,inference_complete,0,40,NaN,NaN,NaN,0,18.696,0,0,0,NaN,NaN,NaN,NaN,NaN,NaN,NaN,NaN,NaN,NaN,NaN,NaN,NaN
1936,1916,Logic,frame_complete,-3955190986414698435,40,7,0.677546,40.6667,0,19,0,0,0,0,0,0,0.5,0.5,0,0,0,0,38.6,25.4545,46.8743,0
1950,1778,CameraCapture,frame_captured,0,41,7,0.151523,41,NaN,NaN,NaN,NaN,NaN,NaN,NaN,NaN,NaN,NaN,NaN,NaN,NaN,NaN,NaN,NaN,NaN,NaN
1951,1780,ImageProcessor_TPU,frame_processed,0,41,7,0.72832,41.6667,1,NaN,NaN,NaN,NaN,NaN,NaN,NaN,NaN,NaN,NaN,NaN,NaN,NaN,NaN,NaN,NaN,NaN
1957,1786,ImageProcessor_Viz,frame_processed,0,41,7,0.325704,NaN,7,NaN,NaN,NaN,NaN,NaN,NaN,NaN,NaN,NaN,NaN,NaN,NaN,NaN,NaN,NaN,NaN,NaN
1970,1798,InferenceEngine,inference_complete,0,41,NaN,NaN,NaN,1,18.624,0,0,0,NaN,NaN,NaN,NaN,NaN,NaN,NaN,NaN,NaN,NaN,NaN,NaN,NaN
1970,1949,Logic,frame_complete,-3955190986414698435,41,7,0.72832,41.6667,1,18,0,0,0,0,0,0,0.5,0.5,0,0,0,0,38.6,25.4545,46.8743,0
1983,1812,CameraCapture,frame_captured,0,42,7,0.147519,42,NaN,NaN,NaN,NaN,NaN,NaN,NaN,NaN,NaN,NaN,NaN,NaN,NaN,NaN,NaN,NaN,NaN,NaN
1984,1813,ImageProcessor_TPU,frame_processed,0,42,7,0.746538,42.6667,1,NaN,NaN,NaN,NaN,NaN,NaN,NaN,NaN,NaN,NaN,NaN,NaN,NaN,NaN,NaN,NaN,NaN
1991,1820,ImageProcessor_Viz,frame_processed,0,42,7,0.324333,NaN,8,NaN,NaN,NaN,NaN,NaN,NaN,NaN,NaN,NaN,NaN,NaN,NaN,NaN,NaN,NaN,NaN,NaN
2003,1831,InferenceEngine,inference_complete,0,42,NaN,NaN,NaN,1,18.583,0,0,0,NaN,NaN,NaN,NaN,NaN,NaN,NaN,NaN,NaN,NaN,NaN,NaN,NaN
2003,1983,Logic,frame_complete,-3955190986414698435,42,7,0.746538,42.6667,1,18,0,0,0,0,0,0,0.5,0.5,0,0,0,0,38.6,25.4545,46.8743,0
2016,1845,CameraCapture,frame_captured,0,43,7,0.140219,43,NaN,NaN,NaN,NaN,NaN,NaN,NaN,NaN,NaN,NaN,NaN,NaN,NaN,NaN,NaN,NaN,NaN,NaN
2018,1846,ImageProcessor_TPU,frame_processed,0,43,7,0.742257,43.6667,0,NaN,NaN,NaN,NaN,NaN,NaN,NaN,NaN,NaN,NaN,NaN,NaN,NaN,NaN,NaN,NaN,NaN
2024,1853,ImageProcessor_Viz,frame_processed,0,43,7,0.332408,NaN,7,NaN,NaN,NaN,NaN,NaN,NaN,NaN,NaN,NaN,NaN,NaN,NaN,NaN,NaN,NaN,NaN,NaN
2036,1865,InferenceEngine,inference_complete,0,43,NaN,NaN,NaN,0,18.681,0,0,0,NaN,NaN,NaN,NaN,NaN,NaN,NaN,NaN,NaN,NaN,NaN,NaN,NaN
2037,2016,Logic,frame_complete,-3955190986414698435,43,7,0.742257,43.6667,0,18,0,0,0,0,0,0,0.5,0.5,0,0,0,0,38.6,25.4545,46.8743,0
2049,1878,CameraCapture,frame_captured,0,44,7,0.138215,44,NaN,NaN,NaN,NaN,NaN,NaN,NaN,NaN,NaN,NaN,NaN,NaN,NaN,NaN,NaN,NaN,NaN,NaN
2051,1879,ImageProcessor_TPU,frame_processed,0,44,7,0.744234,44.6667,0,NaN,NaN,NaN,NaN,NaN,NaN,NaN,NaN,NaN,NaN,NaN,NaN,NaN,NaN,NaN,NaN,NaN
2057,1886,ImageProcessor_Viz,frame_processed,0,44,7,0.317093,NaN,7,NaN,NaN,NaN,NaN,NaN,NaN,NaN,NaN,NaN,NaN,NaN,NaN,NaN,NaN,NaN,NaN,NaN
2070,1898,InferenceEngine,inference_complete,0,44,NaN,NaN,NaN,0,18.716,0,0,0,NaN,NaN,NaN,NaN,NaN,NaN,NaN,NaN,NaN,NaN,NaN,NaN,NaN
2070,2049,Logic,frame_complete,-3955190986414698435,44,7,0.744234,44.6667,0,18,0,0,0,0,0,0,0.5,0.5,0,0,0,0,38.6,25.4545,46.8743,0
2083,1912,CameraCapture,frame_captured,0,45,7,0.140119,45,NaN,NaN,NaN,NaN,NaN,NaN,NaN,NaN,NaN,NaN,NaN,NaN,NaN,NaN,NaN,NaN,NaN,NaN
2084,1913,ImageProcessor_TPU,frame_processed,0,45,7,0.719471,45.6667,0,NaN,NaN,NaN,NaN,NaN,NaN,NaN,NaN,NaN,NaN,NaN,NaN,NaN,NaN,NaN,NaN,NaN
2090,1919,ImageProcessor_Viz,frame_processed,0,45,7,0.344204,NaN,7,NaN,NaN,NaN,NaN,NaN,NaN,NaN,NaN,NaN,NaN,NaN,NaN,NaN,NaN,NaN,NaN,NaN
2103,1932,InferenceEngine,inference_complete,0,45,NaN,NaN,NaN,0,18.551,0,0,0,NaN,NaN,NaN,NaN,NaN,NaN,NaN,NaN,NaN,NaN,NaN,NaN,NaN
2103,2083,Logic,frame_complete,-3955190986414698435,45,7,0.719471,45.6667,0,19,0,0,0,0,0,0,0.5,0.5,0,0,0,0,38.6,25.4545,46.8743,0
2116,1945,CameraCapture,frame_captured,0,46,7,0.138226,46,NaN,NaN,NaN,NaN,NaN,NaN,NaN,NaN,NaN,NaN,NaN,NaN,NaN,NaN,NaN,NaN,NaN,NaN
2117,1946,ImageProcessor_TPU,frame_processed,0,46,7,0.734633,46.6667,0,NaN,NaN,NaN,NaN,NaN,NaN,NaN,NaN,NaN,NaN,NaN,NaN,NaN,NaN,NaN,NaN,NaN
2124,1952,ImageProcessor_Viz,frame_processed,0,46,7,0.339759,NaN,7,NaN,NaN,NaN,NaN,NaN,NaN,NaN,NaN,NaN,NaN,NaN,NaN,NaN,NaN,NaN,NaN,NaN
2136,1965,InferenceEngine,inference_complete,0,46,NaN,NaN,NaN,0,18.497,0,0,0,NaN,NaN,NaN,NaN,NaN,NaN,NaN,NaN,NaN,NaN,NaN,NaN,NaN
2136,2116,Logic,frame_complete,-3955190986414698435,46,7,0.734633,46.6667,0,19,0,0,0,0,0,0,0.5,0.5,0,0,0,0,38.6,25.4545,46.8743,0
2149,1978,CameraCapture,frame_captured,0,47,7,0.148462,47,NaN,NaN,NaN,NaN,NaN,NaN,NaN,NaN,NaN,NaN,NaN,NaN,NaN,NaN,NaN,NaN,NaN,NaN
2150,1979,ImageProcessor_TPU,frame_processed,0,47,7,1.05733,47.6667,0,NaN,NaN,NaN,NaN,NaN,NaN,NaN,NaN,NaN,NaN,NaN,NaN,NaN,NaN,NaN,NaN,NaN
2156,1985,ImageProcessor_Viz,frame_processed,0,47,7,0.331797,NaN,7,NaN,NaN,NaN,NaN,NaN,NaN,NaN,NaN,NaN,NaN,NaN,NaN,NaN,NaN,NaN,NaN,NaN
2169,1998,InferenceEngine,inference_complete,0,47,NaN,NaN,NaN,0,18.723,0,0,0,NaN,NaN,NaN,NaN,NaN,NaN,NaN,NaN,NaN,NaN,NaN,NaN,NaN
2169,2149,Logic,frame_complete,-3955190986414698435,47,7,1.05733,47.6667,0,19,0,0,0,0,0,0,0.5,0.5,0,0,0,0,38.6,25.4545,46.8743,0
2183,2011,CameraCapture,frame_captured,0,48,7,0.138125,48,NaN,NaN,NaN,NaN,NaN,NaN,NaN,NaN,NaN,NaN,NaN,NaN,NaN,NaN,NaN,NaN,NaN,NaN
2184,2013,ImageProcessor_TPU,frame_processed,0,48,7,0.702514,48.6667,1,NaN,NaN,NaN,NaN,NaN,NaN,NaN,NaN,NaN,NaN,NaN,NaN,NaN,NaN,NaN,NaN,NaN
2190,2019,ImageProcessor_Viz,frame_processed,0,48,7,0.336945,NaN,7,NaN,NaN,NaN,NaN,NaN,NaN,NaN,NaN,NaN,NaN,NaN,NaN,NaN,NaN,NaN,NaN,NaN
2203,2031,InferenceEngine,inference_complete,0,48,NaN,NaN,NaN,1,18.715,0,0,0,NaN,NaN,NaN,NaN,NaN,NaN,NaN,NaN,NaN,NaN,NaN,NaN,NaN
2203,2182,Logic,frame_complete,-3955190986414698435,48,7,0.702514,48.6667,1,18,0,0,0,0,0,0,0.5,0.5,0,0,0,0,38.6,25.4545,46.8743,0
2216,2045,CameraCapture,frame_captured,0,49,7,0.225547,49,NaN,NaN,NaN,NaN,NaN,NaN,NaN,NaN,NaN,NaN,NaN,NaN,NaN,NaN,NaN,NaN,NaN,NaN
2217,2046,ImageProcessor_TPU,frame_processed,0,49,7,0.808992,49.6667,0,NaN,NaN,NaN,NaN,NaN,NaN,NaN,NaN,NaN,NaN,NaN,NaN,NaN,NaN,NaN,NaN,NaN
2224,2053,ImageProcessor_Viz,frame_processed,0,49,7,0.346148,NaN,7,NaN,NaN,NaN,NaN,NaN,NaN,NaN,NaN,NaN,NaN,NaN,NaN,NaN,NaN,NaN,NaN,NaN
2236,2065,InferenceEngine,inference_complete,0,49,NaN,NaN,NaN,0,18.471,0,0,0,NaN,NaN,NaN,NaN,NaN,NaN,NaN,NaN,NaN,NaN,NaN,NaN,NaN
2236,2216,Logic,frame_complete,-3955190986414698435,49,7,0.808992,49.6667,0,19,0,0,0,0,0,0,0.5,0.5,0,0,0,0,38.6,25.4545,46.8743,0
2250,2079,CameraCapture,frame_captured,0,50,7,0.232599,50,NaN,NaN,NaN,NaN,NaN,NaN,NaN,NaN,NaN,NaN,NaN,NaN,NaN,NaN,NaN,NaN,NaN,NaN
2252,2081,ImageProcessor_TPU,frame_processed,0,50,7,1.21521,50.6667,1,NaN,NaN,NaN,NaN,NaN,NaN,NaN,NaN,NaN,NaN,NaN,NaN,NaN,NaN,NaN,NaN,NaN
2258,2087,ImageProcessor_Viz,frame_processed,0,50,7,0.342555,NaN,7,NaN,NaN,NaN,NaN,NaN,NaN,NaN,NaN,NaN,NaN,NaN,NaN,NaN,NaN,NaN,NaN,NaN
2270,2099,InferenceEngine,inference_complete,0,50,NaN,NaN,NaN,1,18.453,0,0,0,NaN,NaN,NaN,NaN,NaN,NaN,NaN,NaN,NaN,NaN,NaN,NaN,NaN
2271,2250,Logic,frame_complete,-3955190986414698435,50,7,1.21521,50.6667,1,18,0,0,0,0,0,0,0.5,0.5,0,0,0,0,38.6,25.4545,46.8743,0
2282,2111,CameraCapture,frame_captured,0,51,7,0.22391,51,NaN,NaN,NaN,NaN,NaN,NaN,NaN,NaN,NaN,NaN,NaN,NaN,NaN,NaN,NaN,NaN,NaN,NaN
2283,2112,ImageProcessor_TPU,frame_processed,0,51,7,0.800743,51.6667,0,NaN,NaN,NaN,NaN,NaN,NaN,NaN,NaN,NaN,NaN,NaN,NaN,NaN,NaN,NaN,NaN,NaN
2290,2119,ImageProcessor_Viz,frame_processed,0,51,7,0.350186,NaN,8,NaN,NaN,NaN,NaN,NaN,NaN,NaN,NaN,NaN,NaN,NaN,NaN,NaN,NaN,NaN,NaN,NaN
2303,2131,InferenceEngine,inference_complete,0,51,NaN,NaN,NaN,0,19.299,0,0,0,NaN,NaN,NaN,NaN,NaN,NaN,NaN,NaN,NaN,NaN,NaN,NaN,NaN
2303,2282,Logic,frame_complete,-3955190986414698435,51,7,0.800743,51.6667,0,19,0,0,0,0,0,0,0.5,0.5,0,0,0,0,38.6,25.4545,46.8743,0
2316,2145,CameraCapture,frame_captured,0,52,7,0.22498,52,NaN,NaN,NaN,NaN,NaN,NaN,NaN,NaN,NaN,NaN,NaN,NaN,NaN,NaN,NaN,NaN,NaN,NaN
2317,2146,ImageProcessor_TPU,frame_processed,0,52,7,0.822758,52.6667,0,NaN,NaN,NaN,NaN,NaN,NaN,NaN,NaN,NaN,NaN,NaN,NaN,NaN,NaN,NaN,NaN,NaN
2324,2152,ImageProcessor_Viz,frame_processed,0,52,7,0.345204,NaN,7,NaN,NaN,NaN,NaN,NaN,NaN,NaN,NaN,NaN,NaN,NaN,NaN,NaN,NaN,NaN,NaN,NaN
2340,2168,InferenceEngine,inference_complete,0,52,NaN,NaN,NaN,0,22.112,0,0,0,NaN,NaN,NaN,NaN,NaN,NaN,NaN,NaN,NaN,NaN,NaN,NaN,NaN
2340,2316,Logic,frame_complete,-3955190986414698435,52,7,0.822758,52.6667,0,22,0,0,0,0,0,0,0.5,0.5,0,0,0,0,38.6,25.4545,46.8743,0
2349,2178,CameraCapture,frame_captured,0,53,7,0.149939,53,NaN,NaN,NaN,NaN,NaN,NaN,NaN,NaN,NaN,NaN,NaN,NaN,NaN,NaN,NaN,NaN,NaN,NaN
2351,2180,ImageProcessor_TPU,frame_processed,0,53,7,1.28146,53.6667,1,NaN,NaN,NaN,NaN,NaN,NaN,NaN,NaN,NaN,NaN,NaN,NaN,NaN,NaN,NaN,NaN,NaN
2357,2186,ImageProcessor_Viz,frame_processed,0,53,7,0.425592,NaN,7,NaN,NaN,NaN,NaN,NaN,NaN,NaN,NaN,NaN,NaN,NaN,NaN,NaN,NaN,NaN,NaN,NaN
2373,2202,InferenceEngine,inference_complete,0,53,NaN,NaN,NaN,1,21.66,0,0,0,NaN,NaN,NaN,NaN,NaN,NaN,NaN,NaN,NaN,NaN,NaN,NaN,NaN
2373,2349,Logic,frame_complete,-3955190986414698435,53,7,1.28146,53.6667,1,22,0,0,0,0,0,0,0.5,0.5,0,0,0,0,38.6,25.4545,46.8743,0
2383,2211,CameraCapture,frame_captured,0,54,7,0.150046,54,NaN,NaN,NaN,NaN,NaN,NaN,NaN,NaN,NaN,NaN,NaN,NaN,NaN,NaN,NaN,NaN,NaN,NaN
2384,2213,ImageProcessor_TPU,frame_processed,0,54,7,0.751324,54.6667,1,NaN,NaN,NaN,NaN,NaN,NaN,NaN,NaN,NaN,NaN,NaN,NaN,NaN,NaN,NaN,NaN,NaN
2390,2219,ImageProcessor_Viz,frame_processed,0,54,7,0.325963,NaN,7,NaN,NaN,NaN,NaN,NaN,NaN,NaN,NaN,NaN,NaN,NaN,NaN,NaN,NaN,NaN,NaN,NaN
2404,2233,InferenceEngine,inference_complete,0,54,NaN,NaN,NaN,1,19.961,0,0,0,NaN,NaN,NaN,NaN,NaN,NaN,NaN,NaN,NaN,NaN,NaN,NaN,NaN
2404,2382,Logic,frame_complete,-3955190986414698435,54,7,0.751324,54.6667,1,20,0,0,0,0,0,0,0.5,0.5,0,0,0,0,38.6,25.4545,46.8743,0
2416,2245,CameraCapture,frame_captured,0,55,7,0.142913,55,NaN,NaN,NaN,NaN,NaN,NaN,NaN,NaN,NaN,NaN,NaN,NaN,NaN,NaN,NaN,NaN,NaN,NaN
2418,2246,ImageProcessor_TPU,frame_processed,0,55,7,1.04838,55.6667,0,NaN,NaN,NaN,NaN,NaN,NaN,NaN,NaN,NaN,NaN,NaN,NaN,NaN,NaN,NaN,NaN,NaN
2424,2252,ImageProcessor_Viz,frame_processed,0,55,7,0.327741,NaN,7,NaN,NaN,NaN,NaN,NaN,NaN,NaN,NaN,NaN,NaN,NaN,NaN,NaN,NaN,NaN,NaN,NaN
2436,2265,InferenceEngine,inference_complete,0,55,NaN,NaN,NaN,0,18.66,0,0,0,NaN,NaN,NaN,NaN,NaN,NaN,NaN,NaN,NaN,NaN,NaN,NaN,NaN
2437,2416,Logic,frame_complete,-3955190986414698435,55,7,1.04838,55.6667,0,18,0,0,0,0,0,0,0.5,0.5,0,0,0,0,38.6,25.4545,46.8743,0
2449,2278,CameraCapture,frame_captured,0,56,7,0.232872,56,NaN,NaN,NaN,NaN,NaN,NaN,NaN,NaN,NaN,NaN,NaN,NaN,NaN,NaN,NaN,NaN,NaN,NaN
2451,2279,ImageProcessor_TPU,frame_processed,0,56,7,1.11898,56.6667,0,NaN,NaN,NaN,NaN,NaN,NaN,NaN,NaN,NaN,NaN,NaN,NaN,NaN,NaN,NaN,NaN,NaN
2457,2285,ImageProcessor_Viz,frame_processed,0,56,7,0.335074,NaN,6,NaN,NaN,NaN,NaN,NaN,NaN,NaN,NaN,NaN,NaN,NaN,NaN,NaN,NaN,NaN,NaN,NaN
2469,2298,InferenceEngine,inference_complete,0,56,NaN,NaN,NaN,0,18.581,0,0,0,NaN,NaN,NaN,NaN,NaN,NaN,NaN,NaN,NaN,NaN,NaN,NaN,NaN
2470,2449,Logic,frame_complete,-3955190986414698435,56,7,1.11898,56.6667,0,18,0,0,0,0,0,0,0.5,0.5,0,0,0,0,38.6,25.4545,46.8743,0
2483,2312,CameraCapture,frame_captured,0,57,7,0.246886,57,NaN,NaN,NaN,NaN,NaN,NaN,NaN,NaN,NaN,NaN,NaN,NaN,NaN,NaN,NaN,NaN,NaN,NaN
2484,2313,ImageProcessor_TPU,frame_processed,0,57,7,0.80396,57.6667,1,NaN,NaN,NaN,NaN,NaN,NaN,NaN,NaN,NaN,NaN,NaN,NaN,NaN,NaN,NaN,NaN,NaN
2491,2320,ImageProcessor_Viz,frame_processed,0,57,7,0.333648,NaN,7,NaN,NaN,NaN,NaN,NaN,NaN,NaN,NaN,NaN,NaN,NaN,NaN,NaN,NaN,NaN,NaN,NaN
2502,2331,InferenceEngine,inference_complete,0,57,NaN,NaN,NaN,1,18.481,0,0,0,NaN,NaN,NaN,NaN,NaN,NaN,NaN,NaN,NaN,NaN,NaN,NaN,NaN
2502,2483,Logic,frame_complete,-3955190986414698435,57,7,0.80396,57.6667,1,18,0,0,0,0,0,0,0.5,0.5,0,0,0,0,38.6,25.4545,46.8743,0
2516,2345,CameraCapture,frame_captured,0,58,7,0.137437,58,NaN,NaN,NaN,NaN,NaN,NaN,NaN,NaN,NaN,NaN,NaN,NaN,NaN,NaN,NaN,NaN,NaN,NaN
2517,2346,ImageProcessor_TPU,frame_processed,0,58,7,0.740197,58.6667,1,NaN,NaN,NaN,NaN,NaN,NaN,NaN,NaN,NaN,NaN,NaN,NaN,NaN,NaN,NaN,NaN,NaN
2523,2352,ImageProcessor_Viz,frame_processed,0,58,7,0.330629,NaN,7,NaN,NaN,NaN,NaN,NaN,NaN,NaN,NaN,NaN,NaN,NaN,NaN,NaN,NaN,NaN,NaN,NaN
2536,2365,InferenceEngine,inference_complete,0,58,NaN,NaN,NaN,1,18.525,0,0,0,NaN,NaN,NaN,NaN,NaN,NaN,NaN,NaN,NaN,NaN,NaN,NaN,NaN
2536,2516,Logic,frame_complete,-3955190986414698435,58,7,0.740197,58.6667,1,18,0,0,0,0,0,0,0.5,0.5,0,0,0,0,38.6,25.4545,46.8743,0
2549,2377,CameraCapture,frame_captured,0,59,7,0.144266,59,NaN,NaN,NaN,NaN,NaN,NaN,NaN,NaN,NaN,NaN,NaN,NaN,NaN,NaN,NaN,NaN,NaN,NaN
2550,2379,ImageProcessor_TPU,frame_processed,0,59,7,0.7576,59.6667,1,NaN,NaN,NaN,NaN,NaN,NaN,NaN,NaN,NaN,NaN,NaN,NaN,NaN,NaN,NaN,NaN,NaN
2559,2388,ImageProcessor_Viz,frame_processed,0,59,7,0.33287,NaN,10,NaN,NaN,NaN,NaN,NaN,NaN,NaN,NaN,NaN,NaN,NaN,NaN,NaN,NaN,NaN,NaN,NaN
2569,2398,InferenceEngine,inference_complete,0,59,NaN,NaN,NaN,1,18.961,0,0,0,NaN,NaN,NaN,NaN,NaN,NaN,NaN,NaN,NaN,NaN,NaN,NaN,NaN
2569,2548,Logic,frame_complete,-3955190986414698435,59,7,0.7576,59.6667,1,19,0,0,0,0,0,0,0.5,0.5,0,0,0,0,38.6,25.4545,46.8743,0
2584,2412,CameraCapture,frame_captured,0,60,7,0.184282,60,NaN,NaN,NaN,NaN,NaN,NaN,NaN,NaN,NaN,NaN,NaN,NaN,NaN,NaN,NaN,NaN,NaN,NaN
2585,2414,ImageProcessor_TPU,frame_processed,0,60,7,1.24065,60.6667,1,NaN,NaN,NaN,NaN,NaN,NaN,NaN,NaN,NaN,NaN,NaN,NaN,NaN,NaN,NaN,NaN,NaN
2591,2420,ImageProcessor_Viz,frame_processed,0,60,7,0.331871,NaN,7,NaN,NaN,NaN,NaN,NaN,NaN,NaN,NaN,NaN,NaN,NaN,NaN,NaN,NaN,NaN,NaN,NaN
2604,2433,InferenceEngine,inference_complete,0,60,NaN,NaN,NaN,1,18.536,0,0,0,NaN,NaN,NaN,NaN,NaN,NaN,NaN,NaN,NaN,NaN,NaN,NaN,NaN
2604,2583,Logic,frame_complete,-3955190986414698435,60,7,1.24065,60.6667,1,19,0,0,0,0,0,0,0.5,0.5,0,0,0,0,38.6,25.4545,46.8743,0
2617,2446,CameraCapture,frame_captured,0,61,7,0.23237,61,NaN,NaN,NaN,NaN,NaN,NaN,NaN,NaN,NaN,NaN,NaN,NaN,NaN,NaN,NaN,NaN,NaN,NaN
2619,2448,ImageProcessor_TPU,frame_processed,0,61,7,1.38922,61.6667,1,NaN,NaN,NaN,NaN,NaN,NaN,NaN,NaN,NaN,NaN,NaN,NaN,NaN,NaN,NaN,NaN,NaN
2625,2453,ImageProcessor_Viz,frame_processed,0,61,7,0.34637,NaN,7,NaN,NaN,NaN,NaN,NaN,NaN,NaN,NaN,NaN,NaN,NaN,NaN,NaN,NaN,NaN,NaN,NaN
2638,2467,InferenceEngine,inference_complete,0,61,NaN,NaN,NaN,1,18.878,0,0,0,NaN,NaN,NaN,NaN,NaN,NaN,NaN,NaN,NaN,NaN,NaN,NaN,NaN
2638,2617,Logic,frame_complete,-3955190986414698435,61,7,1.38922,61.6667,1,19,0,0,0,0,0,0,0.5,0.5,0,0,0,0,38.6,25.4545,46.8743,0
2650,2478,CameraCapture,frame_captured,0,62,7,0.150162,62,NaN,NaN,NaN,NaN,NaN,NaN,NaN,NaN,NaN,NaN,NaN,NaN,NaN,NaN,NaN,NaN,NaN,NaN
2651,2480,ImageProcessor_TPU,frame_processed,0,62,7,1.02375,62.6667,1,NaN,NaN,NaN,NaN,NaN,NaN,NaN,NaN,NaN,NaN,NaN,NaN,NaN,NaN,NaN,NaN,NaN
2657,2486,ImageProcessor_Viz,frame_processed,0,62,7,0.334056,NaN,7,NaN,NaN,NaN,NaN,NaN,NaN,NaN,NaN,NaN,NaN,NaN,NaN,NaN,NaN,NaN,NaN,NaN
2670,2499,InferenceEngine,inference_complete,0,62,NaN,NaN,NaN,1,18.603,0,0,0,NaN,NaN,NaN,NaN,NaN,NaN,NaN,NaN,NaN,NaN,NaN,NaN,NaN
2670,2649,Logic,frame_complete,-3955190986414698435,62,7,1.02375,62.6667,1,19,0,0,0,0,0,0,0.5,0.5,0,0,0,0,38.6,25.4545,46.8743,0
2682,2511,CameraCapture,frame_captured,0,63,7,0.166139,63,NaN,NaN,NaN,NaN,NaN,NaN,NaN,NaN,NaN,NaN,NaN,NaN,NaN,NaN,NaN,NaN,NaN,NaN
2683,2512,ImageProcessor_TPU,frame_processed,0,63,7,0.778473,63.6667,1,NaN,NaN,NaN,NaN,NaN,NaN,NaN,NaN,NaN,NaN,NaN,NaN,NaN,NaN,NaN,NaN,NaN
2690,2518,ImageProcessor_Viz,frame_processed,0,63,7,0.339464,NaN,7,NaN,NaN,NaN,NaN,NaN,NaN,NaN,NaN,NaN,NaN,NaN,NaN,NaN,NaN,NaN,NaN,NaN
2702,2531,InferenceEngine,inference_complete,0,63,NaN,NaN,NaN,1,18.861,0,0,0,NaN,NaN,NaN,NaN,NaN,NaN,NaN,NaN,NaN,NaN,NaN,NaN,NaN
2702,2682,Logic,frame_complete,-3955190986414698435,63,7,0.778473,63.6667,1,19,0,0,0,0,0,0,0.5,0.5,0,0,0,0,38.6,25.4545,46.8743,0
2716,2545,CameraCapture,frame_captured,0,64,7,0.144209,64,NaN,NaN,NaN,NaN,NaN,NaN,NaN,NaN,NaN,NaN,NaN,NaN,NaN,NaN,NaN,NaN,NaN,NaN
2717,2545,ImageProcessor_TPU,frame_processed,0,64,7,0.709154,64.6667,0,NaN,NaN,NaN,NaN,NaN,NaN,NaN,NaN,NaN,NaN,NaN,NaN,NaN,NaN,NaN,NaN,NaN
2724,2553,ImageProcessor_Viz,frame_processed,0,64,7,0.344945,NaN,8,NaN,NaN,NaN,NaN,NaN,NaN,NaN,NaN,NaN,NaN,NaN,NaN,NaN,NaN,NaN,NaN,NaN
2735,2564,InferenceEngine,inference_complete,0,64,NaN,NaN,NaN,0,18.352,0,0,0,NaN,NaN,NaN,NaN,NaN,NaN,NaN,NaN,NaN,NaN,NaN,NaN,NaN
2735,2716,Logic,frame_complete,-3955190986414698435,64,7,0.709154,64.6667,0,18,0,0,0,0,0,0,0.5,0.5,0,0,0,0,38.6,25.4545,46.8743,0
2749,2578,CameraCapture,frame_captured,0,65,7,0.146205,65,NaN,NaN,NaN,NaN,NaN,NaN,NaN,NaN,NaN,NaN,NaN,NaN,NaN,NaN,NaN,NaN,NaN,NaN
2751,2580,ImageProcessor_TPU,frame_processed,0,65,7,1.25921,65.6667,1,NaN,NaN,NaN,NaN,NaN,NaN,NaN,NaN,NaN,NaN,NaN,NaN,NaN,NaN,NaN,NaN,NaN
2757,2586,ImageProcessor_Viz,frame_processed,0,65,7,0.318203,NaN,8,NaN,NaN,NaN,NaN,NaN,NaN,NaN,NaN,NaN,NaN,NaN,NaN,NaN,NaN,NaN,NaN,NaN
2770,2599,InferenceEngine,inference_complete,0,65,NaN,NaN,NaN,1,18.627,0,0,0,NaN,NaN,NaN,NaN,NaN,NaN,NaN,NaN,NaN,NaN,NaN,NaN,NaN
2770,2749,Logic,frame_complete,-3955190986414698435,65,7,1.25921,65.6667,1,19,0,0,0,0,0,0,0.5,0.5,0,0,0,0,38.6,25.4545,46.8743,0
2784,2612,CameraCapture,frame_captured,0,66,7,0.236794,66,NaN,NaN,NaN,NaN,NaN,NaN,NaN,NaN,NaN,NaN,NaN,NaN,NaN,NaN,NaN,NaN,NaN,NaN
2785,2614,ImageProcessor_TPU,frame_processed,0,66,7,1.35178,66.6667,0,NaN,NaN,NaN,NaN,NaN,NaN,NaN,NaN,NaN,NaN,NaN,NaN,NaN,NaN,NaN,NaN,NaN
2791,2620,ImageProcessor_Viz,frame_processed,0,66,7,0.339852,NaN,7,NaN,NaN,NaN,NaN,NaN,NaN,NaN,NaN,NaN,NaN,NaN,NaN,NaN,NaN,NaN,NaN,NaN
2804,2633,InferenceEngine,inference_complete,0,66,NaN,NaN,NaN,0,18.536,0,0,0,NaN,NaN,NaN,NaN,NaN,NaN,NaN,NaN,NaN,NaN,NaN,NaN,NaN
2804,2783,Logic,frame_complete,-3955190986414698435,66,7,1.35178,66.6667,0,19,0,0,0,0,0,0,0.5,0.5,0,0,0,0,38.6,25.4545,46.8743,0
2815,2644,CameraCapture,frame_captured,0,67,7,0.248808,67,NaN,NaN,NaN,NaN,NaN,NaN,NaN,NaN,NaN,NaN,NaN,NaN,NaN,NaN,NaN,NaN,NaN,NaN
2817,2645,ImageProcessor_TPU,frame_processed,0,67,7,0.837919,67.6667,0,NaN,NaN,NaN,NaN,NaN,NaN,NaN,NaN,NaN,NaN,NaN,NaN,NaN,NaN,NaN,NaN,NaN
2823,2652,ImageProcessor_Viz,frame_processed,0,67,7,0.348407,NaN,8,NaN,NaN,NaN,NaN,NaN,NaN,NaN,NaN,NaN,NaN,NaN,NaN,NaN,NaN,NaN,NaN,NaN
2835,2664,InferenceEngine,inference_complete,0,67,NaN,NaN,NaN,0,18.629,0,0,0,NaN,NaN,NaN,NaN,NaN,NaN,NaN,NaN,NaN,NaN,NaN,NaN,NaN
2835,2815,Logic,frame_complete,-3955190986414698435,67,7,0.837919,67.6667,0,19,0,0,0,0,0,0,0.5,0.5,0,0,0,0,38.6,25.4545,46.8743,0
2849,2678,CameraCapture,frame_captured,0,68,7,0.243656,68,NaN,NaN,NaN,NaN,NaN,NaN,NaN,NaN,NaN,NaN,NaN,NaN,NaN,NaN,NaN,NaN,NaN,NaN
2851,2680,ImageProcessor_TPU,frame_processed,0,68,7,1.39538,68.6667,1,NaN,NaN,NaN,NaN,NaN,NaN,NaN,NaN,NaN,NaN,NaN,NaN,NaN,NaN,NaN,NaN,NaN
2857,2686,ImageProcessor_Viz,frame_processed,0,68,7,0.34313,NaN,8,NaN,NaN,NaN,NaN,NaN,NaN,NaN,NaN,NaN,NaN,NaN,NaN,NaN,NaN,NaN,NaN,NaN
2870,2699,InferenceEngine,inference_complete,0,68,NaN,NaN,NaN,1,18.699,0,0,0,NaN,NaN,NaN,NaN,NaN,NaN,NaN,NaN,NaN,NaN,NaN,NaN,NaN
2870,2849,Logic,frame_complete,-3955190986414698435,68,7,1.39538,68.6667,1,19,0,0,0,0,0,0,0.5,0.5,0,0,0,0,38.6,25.4545,46.8743,0
2883,2711,CameraCapture,frame_captured,0,69,7,0.238244,69,NaN,NaN,NaN,NaN,NaN,NaN,NaN,NaN,NaN,NaN,NaN,NaN,NaN,NaN,NaN,NaN,NaN,NaN
2884,2712,ImageProcessor_TPU,frame_processed,0,69,7,0.78993,69.6667,0,NaN,NaN,NaN,NaN,NaN,NaN,NaN,NaN,NaN,NaN,NaN,NaN,NaN,NaN,NaN,NaN,NaN
2891,2719,ImageProcessor_Viz,frame_processed,0,69,7,0.327167,NaN,7,NaN,NaN,NaN,NaN,NaN,NaN,NaN,NaN,NaN,NaN,NaN,NaN,NaN,NaN,NaN,NaN,NaN
2903,2732,InferenceEngine,inference_complete,0,69,NaN,NaN,NaN,0,19.336,0,0,0,NaN,NaN,NaN,NaN,NaN,NaN,NaN,NaN,NaN,NaN,NaN,NaN,NaN
2903,2882,Logic,frame_complete,-3955190986414698435,69,7,0.78993,69.6667,0,19,0,0,0,0,0,0,0.5,0.5,0,0,0,0,38.6,25.4545,46.8743,0
2916,2745,CameraCapture,frame_captured,0,70,7,0.142185,70,NaN,NaN,NaN,NaN,NaN,NaN,NaN,NaN,NaN,NaN,NaN,NaN,NaN,NaN,NaN,NaN,NaN,NaN
2917,2746,ImageProcessor_TPU,frame_processed,0,70,7,0.779741,70.6667,0,NaN,NaN,NaN,NaN,NaN,NaN,NaN,NaN,NaN,NaN,NaN,NaN,NaN,NaN,NaN,NaN,NaN
2923,2752,ImageProcessor_Viz,frame_processed,0,70,7,0.337833,NaN,7,NaN,NaN,NaN,NaN,NaN,NaN,NaN,NaN,NaN,NaN,NaN,NaN,NaN,NaN,NaN,NaN,NaN
2936,2765,InferenceEngine,inference_complete,0,70,NaN,NaN,NaN,0,18.693,0,0,0,NaN,NaN,NaN,NaN,NaN,NaN,NaN,NaN,NaN,NaN,NaN,NaN,NaN
2936,2916,Logic,frame_complete,-3955190986414698435,70,7,0.779741,70.6667,0,19,0,0,0,0,0,0,0.5,0.5,0,0,0,0,38.6,25.4545,46.8743,0
2949,2778,CameraCapture,frame_captured,0,71,7,0.141922,71,NaN,NaN,NaN,NaN,NaN,NaN,NaN,NaN,NaN,NaN,NaN,NaN,NaN,NaN,NaN,NaN,NaN,NaN
2951,2779,ImageProcessor_TPU,frame_processed,0,71,7,0.754255,71.6667,0,NaN,NaN,NaN,NaN,NaN,NaN,NaN,NaN,NaN,NaN,NaN,NaN,NaN,NaN,NaN,NaN,NaN
2957,2785,ImageProcessor_Viz,frame_processed,0,71,7,0.326112,NaN,6,NaN,NaN,NaN,NaN,NaN,NaN,NaN,NaN,NaN,NaN,NaN,NaN,NaN,NaN,NaN,NaN,NaN
2969,2798,InferenceEngine,inference_complete,0,71,NaN,NaN,NaN,0,18.422,0,0,0,NaN,NaN,NaN,NaN,NaN,NaN,NaN,NaN,NaN,NaN,NaN,NaN,NaN
2969,2949,Logic,frame_complete,-3955190986414698435,71,7,0.754255,71.6667,0,19,0,0,0,0,0,0,0.5,0.5,0,0,0,0,38.6,25.4545,46.8743,0
2983,2812,CameraCapture,frame_captured,0,72,7,0.143492,72,NaN,NaN,NaN,NaN,NaN,NaN,NaN,NaN,NaN,NaN,NaN,NaN,NaN,NaN,NaN,NaN,NaN,NaN
2984,2813,ImageProcessor_TPU,frame_processed,0,72,7,0.752344,72.6667,0,NaN,NaN,NaN,NaN,NaN,NaN,NaN,NaN,NaN,NaN,NaN,NaN,NaN,NaN,NaN,NaN,NaN
2991,2820,ImageProcessor_Viz,frame_processed,0,72,7,0.345667,NaN,7,NaN,NaN,NaN,NaN,NaN,NaN,NaN,NaN,NaN,NaN,NaN,NaN,NaN,NaN,NaN,NaN,NaN
3003,2832,InferenceEngine,inference_complete,0,72,NaN,NaN,NaN,0,18.56,0,0,0,NaN,NaN,NaN,NaN,NaN,NaN,NaN,NaN,NaN,NaN,NaN,NaN,NaN
3003,2983,Logic,frame_complete,-3955190986414698435,72,7,0.752344,72.6667,0,19,0,0,0,0,0,0,0.5,0.5,0,0,0,0,38.6,25.4545,46.8743,0
3016,2845,CameraCapture,frame_captured,0,73,7,0.146376,73,NaN,NaN,NaN,NaN,NaN,NaN,NaN,NaN,NaN,NaN,NaN,NaN,NaN,NaN,NaN,NaN,NaN,NaN
3017,2846,ImageProcessor_TPU,frame_processed,0,73,7,0.768358,73.6667,1,NaN,NaN,NaN,NaN,NaN,NaN,NaN,NaN,NaN,NaN,NaN,NaN,NaN,NaN,NaN,NaN,NaN
3023,2852,ImageProcessor_Viz,frame_processed,0,73,7,0.345796,NaN,7,NaN,NaN,NaN,NaN,NaN,NaN,NaN,NaN,NaN,NaN,NaN,NaN,NaN,NaN,NaN,NaN,NaN
3038,2867,InferenceEngine,inference_complete,0,73,NaN,NaN,NaN,1,20.785,0,0,0,NaN,NaN,NaN,NaN,NaN,NaN,NaN,NaN,NaN,NaN,NaN,NaN,NaN
3038,3016,Logic,frame_complete,-3955190986414698435,73,7,0.768358,73.6667,1,21,0,0,0,0,0,0,0.5,0.5,0,0,0,0,38.6,25.4545,46.8743,0
3049,2878,CameraCapture,frame_captured,0,74,7,0.150835,74,NaN,NaN,NaN,NaN,NaN,NaN,NaN,NaN,NaN,NaN,NaN,NaN,NaN,NaN,NaN,NaN,NaN,NaN
3050,2879,ImageProcessor_TPU,frame_processed,0,74,7,0.762169,74.6667,0,NaN,NaN,NaN,NaN,NaN,NaN,NaN,NaN,NaN,NaN,NaN,NaN,NaN,NaN,NaN,NaN,NaN
3057,2886,ImageProcessor_Viz,frame_processed,0,74,7,0.330981,NaN,8,NaN,NaN,NaN,NaN,NaN,NaN,NaN,NaN,NaN,NaN,NaN,NaN,NaN,NaN,NaN,NaN,NaN
3069,2898,InferenceEngine,inference_complete,0,74,NaN,NaN,NaN,0,18.462,0,0,0,NaN,NaN,NaN,NaN,NaN,NaN,NaN,NaN,NaN,NaN,NaN,NaN,NaN
3069,3049,Logic,frame_complete,-3955190986414698435,74,7,0.762169,74.6667,0,19,0,0,0,0,0,0,0.5,0.5,0,0,0,0,38.6,25.4545,46.8743,0
3082,2910,CameraCapture,frame_captured,0,75,7,0.139553,75,NaN,NaN,NaN,NaN,NaN,NaN,NaN,NaN,NaN,NaN,NaN,NaN,NaN,NaN,NaN,NaN,NaN,NaN
3083,2912,ImageProcessor_TPU,frame_processed,0,75,7,0.761146,75,1,NaN,NaN,NaN,NaN,NaN,NaN,NaN,NaN,NaN,NaN,NaN,NaN,NaN,NaN,NaN,NaN,NaN
3089,2918,ImageProcessor_Viz,frame_processed,0,75,7,0.34176,NaN,7,NaN,NaN,NaN,NaN,NaN,NaN,NaN,NaN,NaN,NaN,NaN,NaN,NaN,NaN,NaN,NaN,NaN
3102,2930,InferenceEngine,inference_complete,0,75,NaN,NaN,NaN,1,18.696,0,0,0,NaN,NaN,NaN,NaN,NaN,NaN,NaN,NaN,NaN,NaN,NaN,NaN,NaN
3102,3081,Logic,frame_complete,-3955190986414698435,75,7,0.761146,75,1,18,0,0,0,0,0,0,0.5,0.5,0,0,0,0,38.6,25.4545,46.8743,0
3116,2944,CameraCapture,frame_captured,0,76,7,0.145531,74.6667,NaN,NaN,NaN,NaN,NaN,NaN,NaN,NaN,NaN,NaN,NaN,NaN,NaN,NaN,NaN,NaN,NaN,NaN
3117,2946,ImageProcessor_TPU,frame_processed,0,76,7,0.75016,75,1,NaN,NaN,NaN,NaN,NaN,NaN,NaN,NaN,NaN,NaN,NaN,NaN,NaN,NaN,NaN,NaN,NaN
3123,2952,ImageProcessor_Viz,frame_processed,0,76,7,0.328296,NaN,7,NaN,NaN,NaN,NaN,NaN,NaN,NaN,NaN,NaN,NaN,NaN,NaN,NaN,NaN,NaN,NaN,NaN
3136,2964,InferenceEngine,inference_complete,0,76,NaN,NaN,NaN,1,18.61,0,0,0,NaN,NaN,NaN,NaN,NaN,NaN,NaN,NaN,NaN,NaN,NaN,NaN,NaN
3136,3115,Logic,frame_complete,-3955190986414698435,76,7,0.75016,75,1,18,0,0,0,0,0,0,0.5,0.5,0,0,0,0,38.6,25.4545,46.8743,0
3149,2978,CameraCapture,frame_captured,0,77,7,0.138675,75,NaN,NaN,NaN,NaN,NaN,NaN,NaN,NaN,NaN,NaN,NaN,NaN,NaN,NaN,NaN,NaN,NaN,NaN
3150,2979,ImageProcessor_TPU,frame_processed,0,77,7,0.744249,75,1,NaN,NaN,NaN,NaN,NaN,NaN,NaN,NaN,NaN,NaN,NaN,NaN,NaN,NaN,NaN,NaN,NaN
3156,2985,ImageProcessor_Viz,frame_processed,0,77,7,0.326815,NaN,7,NaN,NaN,NaN,NaN,NaN,NaN,NaN,NaN,NaN,NaN,NaN,NaN,NaN,NaN,NaN,NaN,NaN
3169,2998,InferenceEngine,inference_complete,0,77,NaN,NaN,NaN,1,18.637,0,0,0,NaN,NaN,NaN,NaN,NaN,NaN,NaN,NaN,NaN,NaN,NaN,NaN,NaN
3169,3149,Logic,frame_complete,-3955190986414698435,77,7,0.744249,75,1,19,0,0,0,0,0,0,0.5,0.5,0,0,0,0,38.6,25.4545,46.8743,0
3183,3012,CameraCapture,frame_captured,0,78,7,0.138949,74.6667,NaN,NaN,NaN,NaN,NaN,NaN,NaN,NaN,NaN,NaN,NaN,NaN,NaN,NaN,NaN,NaN,NaN,NaN
3184,3013,ImageProcessor_TPU,frame_processed,0,78,7,0.746505,74.6667,0,NaN,NaN,NaN,NaN,NaN,NaN,NaN,NaN,NaN,NaN,NaN,NaN,NaN,NaN,NaN,NaN,NaN
3191,3020,ImageProcessor_Viz,frame_processed,0,78,7,0.339,NaN,8,NaN,NaN,NaN,NaN,NaN,NaN,NaN,NaN,NaN,NaN,NaN,NaN,NaN,NaN,NaN,NaN,NaN
3204,3032,InferenceEngine,inference_complete,0,78,NaN,NaN,NaN,0,19.097,0,0,0,NaN,NaN,NaN,NaN,NaN,NaN,NaN,NaN,NaN,NaN,NaN,NaN,NaN
3204,3183,Logic,frame_complete,-3955190986414698435,78,7,0.746505,74.6667,0,19,0,0,0,0,0,0,0.5,0.5,0,0,0,0,38.6,25.4545,46.8743,0
3215,3044,CameraCapture,frame_captured,0,79,7,0.233592,74.6667,NaN,NaN,NaN,NaN,NaN,NaN,NaN,NaN,NaN,NaN,NaN,NaN,NaN,NaN,NaN,NaN,NaN,NaN
3216,3045,ImageProcessor_TPU,frame_processed,0,79,7,0.874852,74.6667,0,NaN,NaN,NaN,NaN,NaN,NaN,NaN,NaN,NaN,NaN,NaN,NaN,NaN,NaN,NaN,NaN,NaN
3223,3051,ImageProcessor_Viz,frame_processed,0,79,7,0.35887,NaN,7,NaN,NaN,NaN,NaN,NaN,NaN,NaN,NaN,NaN,NaN,NaN,NaN,NaN,NaN,NaN,NaN,NaN
3235,3064,InferenceEngine,inference_complete,0,79,NaN,NaN,NaN,0,18.979,0,0,0,NaN,NaN,NaN,NaN,NaN,NaN,NaN,NaN,NaN,NaN,NaN,NaN,NaN
3235,3215,Logic,frame_complete,-3955190986414698435,79,7,0.874852,74.6667,0,19,0,0,0,0,0,0,0.5,0.5,0,0,0,0,38.6,25.4545,46.8743,0
3249,3078,CameraCapture,frame_captured,0,80,7,0.141496,74.3333,NaN,NaN,NaN,NaN,NaN,NaN,NaN,NaN,NaN,NaN,NaN,NaN,NaN,NaN,NaN,NaN,NaN,NaN
3250,3079,ImageProcessor_TPU,frame_processed,0,80,7,0.706644,74.6667,1,NaN,NaN,NaN,NaN,NaN,NaN,NaN,NaN,NaN,NaN,NaN,NaN,NaN,NaN,NaN,NaN,NaN
3257,3085,ImageProcessor_Viz,frame_processed,0,80,7,0.330167,NaN,7,NaN,NaN,NaN,NaN,NaN,NaN,NaN,NaN,NaN,NaN,NaN,NaN,NaN,NaN,NaN,NaN,NaN
3269,3098,InferenceEngine,inference_complete,0,80,NaN,NaN,NaN,1,18.687,0,0,0,NaN,NaN,NaN,NaN,NaN,NaN,NaN,NaN,NaN,NaN,NaN,NaN,NaN
3269,3249,Logic,frame_complete,-3955190986414698435,80,7,0.706644,74.6667,1,19,0,0,0,0,0,0,0.5,0.5,0,0,0,0,38.6,25.4545,46.8743,0
3282,3111,CameraCapture,frame_captured,0,81,7,0.154232,74.6667,NaN,NaN,NaN,NaN,NaN,NaN,NaN,NaN,NaN,NaN,NaN,NaN,NaN,NaN,NaN,NaN,NaN,NaN
3284,3112,ImageProcessor_TPU,frame_processed,0,81,7,0.765214,74.6667,0,NaN,NaN,NaN,NaN,NaN,NaN,NaN,NaN,NaN,NaN,NaN,NaN,NaN,NaN,NaN,NaN,NaN
3290,3119,ImageProcessor_Viz,frame_processed,0,81,7,0.331833,NaN,7,NaN,NaN,NaN,NaN,NaN,NaN,NaN,NaN,NaN,NaN,NaN,NaN,NaN,NaN,NaN,NaN,NaN
3302,3131,InferenceEngine,inference_complete,0,81,NaN,NaN,NaN,0,18.577,0,0,0,NaN,NaN,NaN,NaN,NaN,NaN,NaN,NaN,NaN,NaN,NaN,NaN,NaN
3302,3282,Logic,frame_complete,-3955190986414698435,81,7,0.765214,74.6667,0,19,0,0,0,0,0,0,0.5,0.5,0,0,0,0,38.6,25.4545,46.8743,0
3316,3144,CameraCapture,frame_captured,0,82,7,0.156228,74.6667,NaN,NaN,NaN,NaN,NaN,NaN,NaN,NaN,NaN,NaN,NaN,NaN,NaN,NaN,NaN,NaN,NaN,NaN
3317,3146,ImageProcessor_TPU,frame_processed,0,82,7,0.780488,75,1,NaN,NaN,NaN,NaN,NaN,NaN,NaN,NaN,NaN,NaN,NaN,NaN,NaN,NaN,NaN,NaN,NaN
3323,3152,ImageProcessor_Viz,frame_processed,0,82,7,0.336371,NaN,7,NaN,NaN,NaN,NaN,NaN,NaN,NaN,NaN,NaN,NaN,NaN,NaN,NaN,NaN,NaN,NaN,NaN
3336,3164,InferenceEngine,inference_complete,0,82,NaN,NaN,NaN,1,18.632,0,0,0,NaN,NaN,NaN,NaN,NaN,NaN,NaN,NaN,NaN,NaN,NaN,NaN,NaN
3336,3315,Logic,frame_complete,-3955190986414698435,82,7,0.780488,75,1,18,0,0,0,0,0,0,0.5,0.5,0,0,0,0,38.6,25.4545,46.8743,0
3348,3177,CameraCapture,frame_captured,0,83,7,0.139576,75,NaN,NaN,NaN,NaN,NaN,NaN,NaN,NaN,NaN,NaN,NaN,NaN,NaN,NaN,NaN,NaN,NaN,NaN
3349,3178,ImageProcessor_TPU,frame_processed,0,83,7,0.797798,75,0,NaN,NaN,NaN,NaN,NaN,NaN,NaN,NaN,NaN,NaN,NaN,NaN,NaN,NaN,NaN,NaN,NaN
3356,3184,ImageProcessor_Viz,frame_processed,0,83,7,0.333482,NaN,7,NaN,NaN,NaN,NaN,NaN,NaN,NaN,NaN,NaN,NaN,NaN,NaN,NaN,NaN,NaN,NaN,NaN
3368,3197,InferenceEngine,inference_complete,0,83,NaN,NaN,NaN,0,18.441,0,0,0,NaN,NaN,NaN,NaN,NaN,NaN,NaN,NaN,NaN,NaN,NaN,NaN,NaN
3368,3348,Logic,frame_complete,-3955190986414698435,83,7,0.797798,75,0,19,0,0,0,0,0,0,0.5,0.5,0,0,0,0,38.6,25.4545,46.8743,0
3382,3211,CameraCapture,frame_captured,0,84,7,0.149405,75,NaN,NaN,NaN,NaN,NaN,NaN,NaN,NaN,NaN,NaN,NaN,NaN,NaN,NaN,NaN,NaN,NaN,NaN
3383,3212,ImageProcessor_TPU,frame_processed,0,84,7,0.750776,75,0,NaN,NaN,NaN,NaN,NaN,NaN,NaN,NaN,NaN,NaN,NaN,NaN,NaN,NaN,NaN,NaN,NaN
3390,3218,ImageProcessor_Viz,frame_processed,0,84,7,0.324148,NaN,7,NaN,NaN,NaN,NaN,NaN,NaN,NaN,NaN,NaN,NaN,NaN,NaN,NaN,NaN,NaN,NaN,NaN
3402,3231,InferenceEngine,inference_complete,0,84,NaN,NaN,NaN,0,18.526,0,0,0,NaN,NaN,NaN,NaN,NaN,NaN,NaN,NaN,NaN,NaN,NaN,NaN,NaN
3402,3382,Logic,frame_complete,-3955190986414698435,84,7,0.750776,75,0,19,0,0,0,0,0,0,0.5,0.5,0,0,0,0,38.6,25.4545,46.8743,0
3417,3245,CameraCapture,frame_captured,0,85,7,0.150476,75,NaN,NaN,NaN,NaN,NaN,NaN,NaN,NaN,NaN,NaN,NaN,NaN,NaN,NaN,NaN,NaN,NaN,NaN
3418,3247,ImageProcessor_TPU,frame_processed,0,85,7,0.768643,75,1,NaN,NaN,NaN,NaN,NaN,NaN,NaN,NaN,NaN,NaN,NaN,NaN,NaN,NaN,NaN,NaN,NaN
3424,3253,ImageProcessor_Viz,frame_processed,0,85,7,0.338389,NaN,7,NaN,NaN,NaN,NaN,NaN,NaN,NaN,NaN,NaN,NaN,NaN,NaN,NaN,NaN,NaN,NaN,NaN
3436,3265,InferenceEngine,inference_complete,0,85,NaN,NaN,NaN,1,18.417,0,0,0,NaN,NaN,NaN,NaN,NaN,NaN,NaN,NaN,NaN,NaN,NaN,NaN,NaN
3437,3416,Logic,frame_complete,-3955190986414698435,85,7,0.768643,75,1,18,0,0,0,0,0,0,0.5,0.5,0,0,0,0,38.6,25.4545,46.8743,0
3449,3278,CameraCapture,frame_captured,0,86,7,0.230323,75,NaN,NaN,NaN,NaN,NaN,NaN,NaN,NaN,NaN,NaN,NaN,NaN,NaN,NaN,NaN,NaN,NaN,NaN
3450,3279,ImageProcessor_TPU,frame_processed,0,86,7,0.860657,75,0,NaN,NaN,NaN,NaN,NaN,NaN,NaN,NaN,NaN,NaN,NaN,NaN,NaN,NaN,NaN,NaN,NaN
3457,3285,ImageProcessor_Viz,frame_processed,0,86,7,0.33626,NaN,7,NaN,NaN,NaN,NaN,NaN,NaN,NaN,NaN,NaN,NaN,NaN,NaN,NaN,NaN,NaN,NaN,NaN
3469,3298,InferenceEngine,inference_complete,0,86,NaN,NaN,NaN,0,18.435,0,0,0,NaN,NaN,NaN,NaN,NaN,NaN,NaN,NaN,NaN,NaN,NaN,NaN,NaN
3469,3449,Logic,frame_complete,-3955190986414698435,86,7,0.860657,75,0,19,0,0,0,0,0,0,0.5,0.5,0,0,0,0,38.6,25.4545,46.8743,0
3482,3310,CameraCapture,frame_captured,0,87,7,0.153504,75,NaN,NaN,NaN,NaN,NaN,NaN,NaN,NaN,NaN,NaN,NaN,NaN,NaN,NaN,NaN,NaN,NaN,NaN
3483,3312,ImageProcessor_TPU,frame_processed,0,87,7,0.773652,75,0,NaN,NaN,NaN,NaN,NaN,NaN,NaN,NaN,NaN,NaN,NaN,NaN,NaN,NaN,NaN,NaN,NaN
3489,3318,ImageProcessor_Viz,frame_processed,0,87,7,0.3395,NaN,7,NaN,NaN,NaN,NaN,NaN,NaN,NaN,NaN,NaN,NaN,NaN,NaN,NaN,NaN,NaN,NaN,NaN
3501,3330,InferenceEngine,inference_complete,0,87,NaN,NaN,NaN,0,18.499,0,0,0,NaN,NaN,NaN,NaN,NaN,NaN,NaN,NaN,NaN,NaN,NaN,NaN,NaN
3501,3481,Logic,frame_complete,-3955190986414698435,87,7,0.773652,75,0,18,0,0,0,0,0,0,0.5,0.5,0,0,0,0,38.6,25.4545,46.8743,0
3516,3344,CameraCapture,frame_captured,0,88,7,0.224407,75,NaN,NaN,NaN,NaN,NaN,NaN,NaN,NaN,NaN,NaN,NaN,NaN,NaN,NaN,NaN,NaN,NaN,NaN
3517,3346,ImageProcessor_TPU,frame_processed,0,88,7,0.86763,75,1,NaN,NaN,NaN,NaN,NaN,NaN,NaN,NaN,NaN,NaN,NaN,NaN,NaN,NaN,NaN,NaN,NaN
3523,3352,ImageProcessor_Viz,frame_processed,0,88,7,0.336797,NaN,7,NaN,NaN,NaN,NaN,NaN,NaN,NaN,NaN,NaN,NaN,NaN,NaN,NaN,NaN,NaN,NaN,NaN
3535,3364,InferenceEngine,inference_complete,0,88,NaN,NaN,NaN,1,18.32,0,0,0,NaN,NaN,NaN,NaN,NaN,NaN,NaN,NaN,NaN,NaN,NaN,NaN,NaN
3535,3515,Logic,frame_complete,-3955190986414698435,88,7,0.86763,75,1,18,0,0,0,0,0,0,0.5,0.5,0,0,0,0,38.6,25.4545,46.8743,0
3549,3378,CameraCapture,frame_captured,0,89,7,0.147773,75,NaN,NaN,NaN,NaN,NaN,NaN,NaN,NaN,NaN,NaN,NaN,NaN,NaN,NaN,NaN,NaN,NaN,NaN
3550,3379,ImageProcessor_TPU,frame_processed,0,89,7,0.713977,75,0,NaN,NaN,NaN,NaN,NaN,NaN,NaN,NaN,NaN,NaN,NaN,NaN,NaN,NaN,NaN,NaN,NaN
3560,3389,ImageProcessor_Viz,frame_processed,0,89,7,0.328166,NaN,11,NaN,NaN,NaN,NaN,NaN,NaN,NaN,NaN,NaN,NaN,NaN,NaN,NaN,NaN,NaN,NaN,NaN
3569,3397,InferenceEngine,inference_complete,0,89,NaN,NaN,NaN,0,18.216,0,0,0,NaN,NaN,NaN,NaN,NaN,NaN,NaN,NaN,NaN,NaN,NaN,NaN,NaN
3569,3549,Logic,frame_complete,-3955190986414698435,89,7,0.713977,75,0,18,0,0,0,0,0,0,0.5,0.5,0,0,0,0,38.6,25.4545,46.8743,0
3583,3412,CameraCapture,frame_captured,0,90,7,0.223584,75,NaN,NaN,NaN,NaN,NaN,NaN,NaN,NaN,NaN,NaN,NaN,NaN,NaN,NaN,NaN,NaN,NaN,NaN
3585,3414,ImageProcessor_TPU,frame_processed,0,90,7,1.38692,75,1,NaN,NaN,NaN,NaN,NaN,NaN,NaN,NaN,NaN,NaN,NaN,NaN,NaN,NaN,NaN,NaN,NaN
3591,3419,ImageProcessor_Viz,frame_processed,0,90,7,0.347463,NaN,7,NaN,NaN,NaN,NaN,NaN,NaN,NaN,NaN,NaN,NaN,NaN,NaN,NaN,NaN,NaN,NaN,NaN
3604,3433,InferenceEngine,inference_complete,0,90,NaN,NaN,NaN,1,18.617,0,0,0,NaN,NaN,NaN,NaN,NaN,NaN,NaN,NaN,NaN,NaN,NaN,NaN,NaN
3604,3583,Logic,frame_complete,-3955190986414698435,90,7,1.38692,75,1,19,0,0,0,0,0,0,0.5,0.5,0,0,0,0,38.6,25.4545,46.8743,0
3616,3445,CameraCapture,frame_captured,0,91,7,0.144691,75,NaN,NaN,NaN,NaN,NaN,NaN,NaN,NaN,NaN,NaN,NaN,NaN,NaN,NaN,NaN,NaN,NaN,NaN
3617,3446,ImageProcessor_TPU,frame_processed,0,91,7,1.07149,75,0,NaN,NaN,NaN,NaN,NaN,NaN,NaN,NaN,NaN,NaN,NaN,NaN,NaN,NaN,NaN,NaN,NaN
3623,3452,ImageProcessor_Viz,frame_processed,0,91,7,0.33963,NaN,7,NaN,NaN,NaN,NaN,NaN,NaN,NaN,NaN,NaN,NaN,NaN,NaN,NaN,NaN,NaN,NaN,NaN
3636,3465,InferenceEngine,inference_complete,0,91,NaN,NaN,NaN,0,18.486,0,0,0,NaN,NaN,NaN,NaN,NaN,NaN,NaN,NaN,NaN,NaN,NaN,NaN,NaN
3636,3616,Logic,frame_complete,-3955190986414698435,91,7,1.07149,75,0,19,0,0,0,0,0,0,0.5,0.5,0,0,0,0,38.6,25.4545,46.8743,0
3650,3479,CameraCapture,frame_captured,0,92,7,0.138057,75,NaN,NaN,NaN,NaN,NaN,NaN,NaN,NaN,NaN,NaN,NaN,NaN,NaN,NaN,NaN,NaN,NaN,NaN
3651,3479,ImageProcessor_TPU,frame_processed,0,92,7,0.682354,75,0,NaN,NaN,NaN,NaN,NaN,NaN,NaN,NaN,NaN,NaN,NaN,NaN,NaN,NaN,NaN,NaN,NaN
3658,3487,ImageProcessor_Viz,frame_processed,0,92,7,0.330593,NaN,8,NaN,NaN,NaN,NaN,NaN,NaN,NaN,NaN,NaN,NaN,NaN,NaN,NaN,NaN,NaN,NaN,NaN
3669,3498,InferenceEngine,inference_complete,0,92,NaN,NaN,NaN,0,18.382,0,0,0,NaN,NaN,NaN,NaN,NaN,NaN,NaN,NaN,NaN,NaN,NaN,NaN,NaN
3669,3650,Logic,frame_complete,-3955190986414698435,92,7,0.682354,75,0,18,0,0,0,0,0,0,0.5,0.5,0,0,0,0,38.6,25.4545,46.8743,0
3683,3512,CameraCapture,frame_captured,0,93,7,0.14496,75,NaN,NaN,NaN,NaN,NaN,NaN,NaN,NaN,NaN,NaN,NaN,NaN,NaN,NaN,NaN,NaN,NaN,NaN
3684,3513,ImageProcessor_TPU,frame_processed,0,93,7,0.748553,75,0,NaN,NaN,NaN,NaN,NaN,NaN,NaN,NaN,NaN,NaN,NaN,NaN,NaN,NaN,NaN,NaN,NaN
3691,3519,ImageProcessor_Viz,frame_processed,0,93,7,0.338815,NaN,7,NaN,NaN,NaN,NaN,NaN,NaN,NaN,NaN,NaN,NaN,NaN,NaN,NaN,NaN,NaN,NaN,NaN
3703,3532,InferenceEngine,inference_complete,0,93,NaN,NaN,NaN,0,18.456,0,0,0,NaN,NaN,NaN,NaN,NaN,NaN,NaN,NaN,NaN,NaN,NaN,NaN,NaN
3703,3683,Logic,frame_complete,-3955190986414698435,93,7,0.748553,75,0,19,0,0,0,0,0,0,0.5,0.5,0,0,0,0,38.6,25.4545,46.8743,0
3716,3545,CameraCapture,frame_captured,0,94,7,0.146901,75,NaN,NaN,NaN,NaN,NaN,NaN,NaN,NaN,NaN,NaN,NaN,NaN,NaN,NaN,NaN,NaN,NaN,NaN
3717,3546,ImageProcessor_TPU,frame_processed,0,94,7,0.753734,75,0,NaN,NaN,NaN,NaN,NaN,NaN,NaN,NaN,NaN,NaN,NaN,NaN,NaN,NaN,NaN,NaN,NaN
3724,3553,ImageProcessor_Viz,frame_processed,0,94,7,0.336481,NaN,7,NaN,NaN,NaN,NaN,NaN,NaN,NaN,NaN,NaN,NaN,NaN,NaN,NaN,NaN,NaN,NaN,NaN
3736,3565,InferenceEngine,inference_complete,0,94,NaN,NaN,NaN,0,18.411,0,0,0,NaN,NaN,NaN,NaN,NaN,NaN,NaN,NaN,NaN,NaN,NaN,NaN,NaN
3736,3716,Logic,frame_complete,-3955190986414698435,94,7,0.753734,75,0,19,0,0,0,0,0,0,0.5,0.5,0,0,0,0,38.6,25.4545,46.8743,0
3749,3578,CameraCapture,frame_captured,0,95,7,0.140581,75,NaN,NaN,NaN,NaN,NaN,NaN,NaN,NaN,NaN,NaN,NaN,NaN,NaN,NaN,NaN,NaN,NaN,NaN
3750,3579,ImageProcessor_TPU,frame_processed,0,95,7,0.68147,75,0,NaN,NaN,NaN,NaN,NaN,NaN,NaN,NaN,NaN,NaN,NaN,NaN,NaN,NaN,NaN,NaN,NaN
3758,3587,ImageProcessor_Viz,frame_processed,0,95,7,0.331574,NaN,9,NaN,NaN,NaN,NaN,NaN,NaN,NaN,NaN,NaN,NaN,NaN,NaN,NaN,NaN,NaN,NaN,NaN
3769,3598,InferenceEngine,inference_complete,0,95,NaN,NaN,NaN,0,18.41,0,0,0,NaN,NaN,NaN,NaN,NaN,NaN,NaN,NaN,NaN,NaN,NaN,NaN,NaN
3769,3749,Logic,frame_complete,-3955190986414698435,95,7,0.68147,75,0,19,0,0,0,0,0,0,0.5,0.5,0,0,0,0,38.6,25.4545,46.8743,0
3783,3612,CameraCapture,frame_captured,0,96,7,0.151559,75,NaN,NaN,NaN,NaN,NaN,NaN,NaN,NaN,NaN,NaN,NaN,NaN,NaN,NaN,NaN,NaN,NaN,NaN
3784,3613,ImageProcessor_TPU,frame_processed,0,96,7,0.734614,75,0,NaN,NaN,NaN,NaN,NaN,NaN,NaN,NaN,NaN,NaN,NaN,NaN,NaN,NaN,NaN,NaN,NaN
3791,3620,ImageProcessor_Viz,frame_processed,0,96,7,0.326907,NaN,8,NaN,NaN,NaN,NaN,NaN,NaN,NaN,NaN,NaN,NaN,NaN,NaN,NaN,NaN,NaN,NaN,NaN
3803,3631,InferenceEngine,inference_complete,0,96,NaN,NaN,NaN,0,18.4,0,0,0,NaN,NaN,NaN,NaN,NaN,NaN,NaN,NaN,NaN,NaN,NaN,NaN,NaN
3803,3783,Logic,frame_complete,-3955190986414698435,96,7,0.734614,75,0,18,0,0,0,0,0,0,0.5,0.5,0,0,0,0,38.6,25.4545,46.8743,0
3816,3645,CameraCapture,frame_captured,0,97,7,0.153795,75,NaN,NaN,NaN,NaN,NaN,NaN,NaN,NaN,NaN,NaN,NaN,NaN,NaN,NaN,NaN,NaN,NaN,NaN
3818,3646,ImageProcessor_TPU,frame_processed,0,97,7,1.00067,75,0,NaN,NaN,NaN,NaN,NaN,NaN,NaN,NaN,NaN,NaN,NaN,NaN,NaN,NaN,NaN,NaN,NaN
3824,3652,ImageProcessor_Viz,frame_processed,0,97,7,0.331796,NaN,6,NaN,NaN,NaN,NaN,NaN,NaN,NaN,NaN,NaN,NaN,NaN,NaN,NaN,NaN,NaN,NaN,NaN
3836,3665,InferenceEngine,inference_complete,0,97,NaN,NaN,NaN,0,18.405,0,0,0,NaN,NaN,NaN,NaN,NaN,NaN,NaN,NaN,NaN,NaN,NaN,NaN,NaN
3836,3816,Logic,frame_complete,-3955190986414698435,97,7,1.00067,75,0,18,0,0,0,0,0,0,0.5,0.5,0,0,0,0,38.6,25.4545,46.8743,0
3850,3679,CameraCapture,frame_captured,0,98,7,0.22768,75,NaN,NaN,NaN,NaN,NaN,NaN,NaN,NaN,NaN,NaN,NaN,NaN,NaN,NaN,NaN,NaN,NaN,NaN
3851,3680,ImageProcessor_TPU,frame_processed,0,98,7,1.08494,75,0,NaN,NaN,NaN,NaN,NaN,NaN,NaN,NaN,NaN,NaN,NaN,NaN,NaN,NaN,NaN,NaN,NaN
3857,3686,ImageProcessor_Viz,frame_processed,0,98,7,0.331463,NaN,7,NaN,NaN,NaN,NaN,NaN,NaN,NaN,NaN,NaN,NaN,NaN,NaN,NaN,NaN,NaN,NaN,NaN
3870,3699,InferenceEngine,inference_complete,0,98,NaN,NaN,NaN,0,18.56,0,0,0,NaN,NaN,NaN,NaN,NaN,NaN,NaN,NaN,NaN,NaN,NaN,NaN,NaN
3870,3850,Logic,frame_complete,-3955190986414698435,98,7,1.08494,75,0,19,0,0,0,0,0,0,0.5,0.5,0,0,0,0,38.6,25.4545,46.8743,0
3882,3711,CameraCapture,frame_captured,0,99,7,0.146916,75,NaN,NaN,NaN,NaN,NaN,NaN,NaN,NaN,NaN,NaN,NaN,NaN,NaN,NaN,NaN,NaN,NaN,NaN
3883,3712,ImageProcessor_TPU,frame_processed,0,99,7,0.746305,75,0,NaN,NaN,NaN,NaN,NaN,NaN,NaN,NaN,NaN,NaN,NaN,NaN,NaN,NaN,NaN,NaN,NaN
3890,3719,ImageProcessor_Viz,frame_processed,0,99,7,0.323852,NaN,7,NaN,NaN,NaN,NaN,NaN,NaN,NaN,NaN,NaN,NaN,NaN,NaN,NaN,NaN,NaN,NaN,NaN
3903,3731,InferenceEngine,inference_complete,0,99,NaN,NaN,NaN,0,18.803,31.05,0,0,NaN,NaN,NaN,NaN,NaN,NaN,NaN,NaN,NaN,NaN,NaN,NaN,NaN
3903,3882,Logic,frame_complete,-3955190986414698435,99,7,0.746305,75,0,19,31.05,0,0,0,0,0,0.5,0.5,0,0,0,0,38.6,25.4545,46.8743,0
3916,3745,CameraCapture,frame_captured,0,100,7,0.139949,75,NaN,NaN,NaN,NaN,NaN,NaN,NaN,NaN,NaN,NaN,NaN,NaN,NaN,NaN,NaN,NaN,NaN,NaN
3917,3746,ImageProcessor_TPU,frame_processed,0,100,7,0.848635,75,0,NaN,NaN,NaN,NaN,NaN,NaN,NaN,NaN,NaN,NaN,NaN,NaN,NaN,NaN,NaN,NaN,NaN
3924,3752,ImageProcessor_Viz,frame_processed,0,100,7,0.328537,NaN,7,NaN,NaN,NaN,NaN,NaN,NaN,NaN,NaN,NaN,NaN,NaN,NaN,NaN,NaN,NaN,NaN,NaN
3936,3765,InferenceEngine,inference_complete,0,100,NaN,NaN,NaN,0,18.528,31.05,0,0,NaN,NaN,NaN,NaN,NaN,NaN,NaN,NaN,NaN,NaN,NaN,NaN,NaN
3936,3916,Logic,frame_complete,-3955190986414698435,100,7,0.848635,75,0,19,31.05,0,0,0,0,0,0.5,0.5,0,0,0,0,38.6,25.4545,46.8743,0
3950,3779,CameraCapture,frame_captured,0,101,7,0.242982,75,NaN,NaN,NaN,NaN,NaN,NaN,NaN,NaN,NaN,NaN,NaN,NaN,NaN,NaN,NaN,NaN,NaN,NaN
3951,3780,ImageProcessor_TPU,frame_processed,0,101,7,1.10687,75,1,NaN,NaN,NaN,NaN,NaN,NaN,NaN,NaN,NaN,NaN,NaN,NaN,NaN,NaN,NaN,NaN,NaN
3957,3786,ImageProcessor_Viz,frame_processed,0,101,7,0.333778,NaN,7,NaN,NaN,NaN,NaN,NaN,NaN,NaN,NaN,NaN,NaN,NaN,NaN,NaN,NaN,NaN,NaN,NaN
3969,3798,InferenceEngine,inference_complete,0,101,NaN,NaN,NaN,1,18.107,31.05,0,0,NaN,NaN,NaN,NaN,NaN,NaN,NaN,NaN,NaN,NaN,NaN,NaN,NaN
3969,3950,Logic,frame_complete,-3955190986414698435,101,7,1.10687,75,1,18,31.05,0,0,0,0,0,0.5,0.5,0,0,0,0,38.6,25.4545,46.8743,0
3983,3812,CameraCapture,frame_captured,0,102,7,0.141126,75,NaN,NaN,NaN,NaN,NaN,NaN,NaN,NaN,NaN,NaN,NaN,NaN,NaN,NaN,NaN,NaN,NaN,NaN
3984,3813,ImageProcessor_TPU,frame_processed,0,102,7,0.745256,75,0,NaN,NaN,NaN,NaN,NaN,NaN,NaN,NaN,NaN,NaN,NaN,NaN,NaN,NaN,NaN,NaN,NaN
3991,3820,ImageProcessor_Viz,frame_processed,0,102,7,0.331611,NaN,8,NaN,NaN,NaN,NaN,NaN,NaN,NaN,NaN,NaN,NaN,NaN,NaN,NaN,NaN,NaN,NaN,NaN
4002,3831,InferenceEngine,inference_complete,0,102,NaN,NaN,NaN,0,18.159,31.05,0.501955,13,NaN,NaN,NaN,NaN,NaN,NaN,NaN,NaN,NaN,NaN,NaN,NaN,NaN
4003,3983,Logic,frame_complete,-3955190986414698435,102,7,0.745256,75,0,18,31.05,0.501955,13,0,0,0,0.5,0.5,0,0,0,0,38.6,25.4545,46.8743,0
4016,3844,CameraCapture,frame_captured,0,103,7,0.139881,75,NaN,NaN,NaN,NaN,NaN,NaN,NaN,NaN,NaN,NaN,NaN,NaN,NaN,NaN,NaN,NaN,NaN,NaN
4017,3846,ImageProcessor_TPU,frame_processed,0,103,7,0.676029,75,1,NaN,NaN,NaN,NaN,NaN,NaN,NaN,NaN,NaN,NaN,NaN,NaN,NaN,NaN,NaN,NaN,NaN
4024,3853,ImageProcessor_Viz,frame_processed,0,103,7,0.325185,NaN,8,NaN,NaN,NaN,NaN,NaN,NaN,NaN,NaN,NaN,NaN,NaN,NaN,NaN,NaN,NaN,NaN,NaN
4035,3864,InferenceEngine,inference_complete,0,103,NaN,NaN,NaN,1,18.305,31.05,0,0,NaN,NaN,NaN,NaN,NaN,NaN,NaN,NaN,NaN,NaN,NaN,NaN,NaN
4036,4015,Logic,frame_complete,-3955190986414698435,103,7,0.676029,75,1,18,31.05,0,0,0,0,0,0.5,0.5,0,0,0,0,38.6,25.4545,46.8743,0
4050,3878,CameraCapture,frame_captured,0,104,7,0.140802,75,NaN,NaN,NaN,NaN,NaN,NaN,NaN,NaN,NaN,NaN,NaN,NaN,NaN,NaN,NaN,NaN,NaN,NaN
4051,3880,ImageProcessor_TPU,frame_processed,0,104,7,0.683136,75,1,NaN,NaN,NaN,NaN,NaN,NaN,NaN,NaN,NaN,NaN,NaN,NaN,NaN,NaN,NaN,NaN,NaN
4058,3886,ImageProcessor_Viz,frame_processed,0,104,7,0.32976,NaN,7,NaN,NaN,NaN,NaN,NaN,NaN,NaN,NaN,NaN,NaN,NaN,NaN,NaN,NaN,NaN,NaN,NaN
4070,3899,InferenceEngine,inference_complete,0,104,NaN,NaN,NaN,1,18.929,31.05,0.537248,13,NaN,NaN,NaN,NaN,NaN,NaN,NaN,NaN,NaN,NaN,NaN,NaN,NaN
4070,4049,Logic,frame_complete,-3955190986414698435,104,7,0.683136,75,1,19,31.05,0.537248,13,0,0,0,0.5,0.5,0,0,0,0,38.6,25.4545,46.8743,0
4083,3912,CameraCapture,frame_captured,0,105,7,0.141243,75,NaN,NaN,NaN,NaN,NaN,NaN,NaN,NaN,NaN,NaN,NaN,NaN,NaN,NaN,NaN,NaN,NaN,NaN
4084,3913,ImageProcessor_TPU,frame_processed,0,105,7,0.765187,75,0,NaN,NaN,NaN,NaN,NaN,NaN,NaN,NaN,NaN,NaN,NaN,NaN,NaN,NaN,NaN,NaN,NaN
4091,3919,ImageProcessor_Viz,frame_processed,0,105,7,0.329,NaN,7,NaN,NaN,NaN,NaN,NaN,NaN,NaN,NaN,NaN,NaN,NaN,NaN,NaN,NaN,NaN,NaN,NaN
4103,3932,InferenceEngine,inference_complete,0,105,NaN,NaN,NaN,0,18.354,31.05,0,0,NaN,NaN,NaN,NaN,NaN,NaN,NaN,NaN,NaN,NaN,NaN,NaN,NaN
4103,4083,Logic,frame_complete,-3955190986414698435,105,7,0.765187,75,0,18,31.05,0,0,0,0,0,0.5,0.5,0,0,0,0,38.6,25.4545,46.8743,0
4116,3945,CameraCapture,frame_captured,0,106,7,0.139942,75,NaN,NaN,NaN,NaN,NaN,NaN,NaN,NaN,NaN,NaN,NaN,NaN,NaN,NaN,NaN,NaN,NaN,NaN
4117,3946,ImageProcessor_TPU,frame_processed,0,106,7,0.716665,75,0,NaN,NaN,NaN,NaN,NaN,NaN,NaN,NaN,NaN,NaN,NaN,NaN,NaN,NaN,NaN,NaN,NaN
4124,3953,ImageProcessor_Viz,frame_processed,0,106,7,0.335703,NaN,7,NaN,NaN,NaN,NaN,NaN,NaN,NaN,NaN,NaN,NaN,NaN,NaN,NaN,NaN,NaN,NaN,NaN
4136,3965,InferenceEngine,inference_complete,0,106,NaN,NaN,NaN,0,18.251,31.05,0,0,NaN,NaN,NaN,NaN,NaN,NaN,NaN,NaN,NaN,NaN,NaN,NaN,NaN
4136,4116,Logic,frame_complete,-3955190986414698435,106,7,0.716665,75,0,19,31.05,0,0,0,0,0,0.5,0.5,0,0,0,0,38.6,25.4545,46.8743,0
4149,3978,CameraCapture,frame_captured,0,107,7,0.244049,75,NaN,NaN,NaN,NaN,NaN,NaN,NaN,NaN,NaN,NaN,NaN,NaN,NaN,NaN,NaN,NaN,NaN,NaN
4150,3979,ImageProcessor_TPU,frame_processed,0,107,7,0.892994,75,1,NaN,NaN,NaN,NaN,NaN,NaN,NaN,NaN,NaN,NaN,NaN,NaN,NaN,NaN,NaN,NaN,NaN
4157,3985,ImageProcessor_Viz,frame_processed,0,107,7,0.340333,NaN,7,NaN,NaN,NaN,NaN,NaN,NaN,NaN,NaN,NaN,NaN,NaN,NaN,NaN,NaN,NaN,NaN,NaN
4169,3998,InferenceEngine,inference_complete,0,107,NaN,NaN,NaN,1,18.538,31.05,0,0,NaN,NaN,NaN,NaN,NaN,NaN,NaN,NaN,NaN,NaN,NaN,NaN,NaN
4169,4149,Logic,frame_complete,-3955190986414698435,107,7,0.892994,75,1,18,31.05,0,0,0,0,0,0.5,0.5,0,0,0,0,38.6,25.4545,46.8743,0
4183,4012,CameraCapture,frame_captured,0,108,7,0.157878,75,NaN,NaN,NaN,NaN,NaN,NaN,NaN,NaN,NaN,NaN,NaN,NaN,NaN,NaN,NaN,NaN,NaN,NaN
4184,4013,ImageProcessor_TPU,frame_processed,0,108,7,0.723823,75,1,NaN,NaN,NaN,NaN,NaN,NaN,NaN,NaN,NaN,NaN,NaN,NaN,NaN,NaN,NaN,NaN,NaN
4191,4020,ImageProcessor_Viz,frame_processed,0,108,7,0.351389,NaN,8,NaN,NaN,NaN,NaN,NaN,NaN,NaN,NaN,NaN,NaN,NaN,NaN,NaN,NaN,NaN,NaN,NaN
4202,4031,InferenceEngine,inference_complete,0,108,NaN,NaN,NaN,1,18.512,31.05,0,0,NaN,NaN,NaN,NaN,NaN,NaN,NaN,NaN,NaN,NaN,NaN,NaN,NaN
4203,4183,Logic,frame_complete,-3955190986414698435,108,7,0.723823,75,1,18,31.05,0,0,0,0,0,0.5,0.5,0,0,0,0,38.6,25.4545,46.8743,0
4216,4045,CameraCapture,frame_captured,0,109,7,0.237004,75,NaN,NaN,NaN,NaN,NaN,NaN,NaN,NaN,NaN,NaN,NaN,NaN,NaN,NaN,NaN,NaN,NaN,NaN
4218,4047,ImageProcessor_TPU,frame_processed,0,109,7,1.20354,75,1,NaN,NaN,NaN,NaN,NaN,NaN,NaN,NaN,NaN,NaN,NaN,NaN,NaN,NaN,NaN,NaN,NaN
4224,4053,ImageProcessor_Viz,frame_processed,0,109,7,0.3475,NaN,7,NaN,NaN,NaN,NaN,NaN,NaN,NaN,NaN,NaN,NaN,NaN,NaN,NaN,NaN,NaN,NaN,NaN
4237,4065,InferenceEngine,inference_complete,0,109,NaN,NaN,NaN,1,18.454,31.05,0,0,NaN,NaN,NaN,NaN,NaN,NaN,NaN,NaN,NaN,NaN,NaN,NaN,NaN
4237,4216,Logic,frame_complete,-3955190986414698435,109,7,1.20354,75,1,18,31.05,0,0,0,0,0,0.5,0.5,0,0,0,0,38.6,25.4545,46.8743,0
4250,4078,CameraCapture,frame_captured,0,110,7,0.145092,75,NaN,NaN,NaN,NaN,NaN,NaN,NaN,NaN,NaN,NaN,NaN,NaN,NaN,NaN,NaN,NaN,NaN,NaN
4251,4080,ImageProcessor_TPU,frame_processed,0,110,7,1.01324,75,1,NaN,NaN,NaN,NaN,NaN,NaN,NaN,NaN,NaN,NaN,NaN,NaN,NaN,NaN,NaN,NaN,NaN
4257,4086,ImageProcessor_Viz,frame_processed,0,110,7,0.335074,NaN,7,NaN,NaN,NaN,NaN,NaN,NaN,NaN,NaN,NaN,NaN,NaN,NaN,NaN,NaN,NaN,NaN,NaN
4270,4098,InferenceEngine,inference_complete,0,110,NaN,NaN,NaN,1,18.505,31.05,0,0,NaN,NaN,NaN,NaN,NaN,NaN,NaN,NaN,NaN,NaN,NaN,NaN,NaN
4270,4249,Logic,frame_complete,-3955190986414698435,110,7,1.01324,75,1,18,31.05,0,0,0,0,0,0.5,0.5,0,0,0,0,38.6,25.4545,46.8743,0
4281,4110,CameraCapture,frame_captured,0,111,7,0.150865,75,NaN,NaN,NaN,NaN,NaN,NaN,NaN,NaN,NaN,NaN,NaN,NaN,NaN,NaN,NaN,NaN,NaN,NaN
4282,4111,ImageProcessor_TPU,frame_processed,0,111,7,0.767198,75,0,NaN,NaN,NaN,NaN,NaN,NaN,NaN,NaN,NaN,NaN,NaN,NaN,NaN,NaN,NaN,NaN,NaN
4289,4117,ImageProcessor_Viz,frame_processed,0,111,7,0.333185,NaN,7,NaN,NaN,NaN,NaN,NaN,NaN,NaN,NaN,NaN,NaN,NaN,NaN,NaN,NaN,NaN,NaN,NaN
4301,4130,InferenceEngine,inference_complete,0,111,NaN,NaN,NaN,0,18.396,31.05,0,0,NaN,NaN,NaN,NaN,NaN,NaN,NaN,NaN,NaN,NaN,NaN,NaN,NaN
4301,4281,Logic,frame_complete,-3955190986414698435,111,7,0.767198,75,0,19,31.05,0,0,0,0,0,0.5,0.5,0,0,0,0,38.6,25.4545,46.8743,0
4316,4145,CameraCapture,frame_captured,0,112,7,0.143954,75,NaN,NaN,NaN,NaN,NaN,NaN,NaN,NaN,NaN,NaN,NaN,NaN,NaN,NaN,NaN,NaN,NaN,NaN
4317,4146,ImageProcessor_TPU,frame_processed,0,112,7,0.841769,75,0,NaN,NaN,NaN,NaN,NaN,NaN,NaN,NaN,NaN,NaN,NaN,NaN,NaN,NaN,NaN,NaN,NaN
4324,4152,ImageProcessor_Viz,frame_processed,0,112,7,0.333371,NaN,7,NaN,NaN,NaN,NaN,NaN,NaN,NaN,NaN,NaN,NaN,NaN,NaN,NaN,NaN,NaN,NaN,NaN
4336,4165,InferenceEngine,inference_complete,0,112,NaN,NaN,NaN,0,18.31,31.05,0,0,NaN,NaN,NaN,NaN,NaN,NaN,NaN,NaN,NaN,NaN,NaN,NaN,NaN
4336,4316,Logic,frame_complete,-3955190986414698435,112,7,0.841769,75,0,19,31.05,0,0,0,0,0,0.5,0.5,0,0,0,0,38.6,25.4545,46.8743,0
4348,4177,CameraCapture,frame_captured,0,113,7,0.158986,75,NaN,NaN,NaN,NaN,NaN,NaN,NaN,NaN,NaN,NaN,NaN,NaN,NaN,NaN,NaN,NaN,NaN,NaN
4350,4178,ImageProcessor_TPU,frame_processed,0,113,7,0.734097,75,0,NaN,NaN,NaN,NaN,NaN,NaN,NaN,NaN,NaN,NaN,NaN,NaN,NaN,NaN,NaN,NaN,NaN
4356,4185,ImageProcessor_Viz,frame_processed,0,113,7,0.339704,NaN,7,NaN,NaN,NaN,NaN,NaN,NaN,NaN,NaN,NaN,NaN,NaN,NaN,NaN,NaN,NaN,NaN,NaN
4368,4197,InferenceEngine,inference_complete,0,113,NaN,NaN,NaN,0,18.44,31.05,0,0,NaN,NaN,NaN,NaN,NaN,NaN,NaN,NaN,NaN,NaN,NaN,NaN,NaN
4368,4348,Logic,frame_complete,-3955190986414698435,113,7,0.734097,75,0,19,31.05,0,0,0,0,0,0.5,0.5,0,0,0,0,38.6,25.4545,46.8743,0
4383,4212,CameraCapture,frame_captured,0,114,7,0.140704,75,NaN,NaN,NaN,NaN,NaN,NaN,NaN,NaN,NaN,NaN,NaN,NaN,NaN,NaN,NaN,NaN,NaN,NaN
4384,4213,ImageProcessor_TPU,frame_processed,0,114,7,1.06358,75,0,NaN,NaN,NaN,NaN,NaN,NaN,NaN,NaN,NaN,NaN,NaN,NaN,NaN,NaN,NaN,NaN,NaN
4390,4219,ImageProcessor_Viz,frame_processed,0,114,7,0.32187,NaN,7,NaN,NaN,NaN,NaN,NaN,NaN,NaN,NaN,NaN,NaN,NaN,NaN,NaN,NaN,NaN,NaN,NaN
4403,4232,InferenceEngine,inference_complete,0,114,NaN,NaN,NaN,0,18.391,31.05,0,0,NaN,NaN,NaN,NaN,NaN,NaN,NaN,NaN,NaN,NaN,NaN,NaN,NaN
4403,4383,Logic,frame_complete,-3955190986414698435,114,7,1.06358,75,0,19,31.05,0,0,0,0,0,0.5,0.5,0,0,0,0,38.6,25.4545,46.8743,0
4415,4244,CameraCapture,frame_captured,0,115,7,0.14307,75,NaN,NaN,NaN,NaN,NaN,NaN,NaN,NaN,NaN,NaN,NaN,NaN,NaN,NaN,NaN,NaN,NaN,NaN
4417,4245,ImageProcessor_TPU,frame_processed,0,115,7,0.752997,75,0,NaN,NaN,NaN,NaN,NaN,NaN,NaN,NaN,NaN,NaN,NaN,NaN,NaN,NaN,NaN,NaN,NaN
4423,4252,ImageProcessor_Viz,frame_processed,0,115,7,0.328352,NaN,7,NaN,NaN,NaN,NaN,NaN,NaN,NaN,NaN,NaN,NaN,NaN,NaN,NaN,NaN,NaN,NaN,NaN
4435,4264,InferenceEngine,inference_complete,0,115,NaN,NaN,NaN,0,18.239,31.05,0,0,NaN,NaN,NaN,NaN,NaN,NaN,NaN,NaN,NaN,NaN,NaN,NaN,NaN
4435,4415,Logic,frame_complete,-3955190986414698435,115,7,0.752997,75,0,19,31.05,0,0,0,0,0,0.5,0.5,0,0,0,0,38.6,25.4545,46.8743,0
4449,4278,CameraCapture,frame_captured,0,116,7,0.138751,75,NaN,NaN,NaN,NaN,NaN,NaN,NaN,NaN,NaN,NaN,NaN,NaN,NaN,NaN,NaN,NaN,NaN,NaN
4451,4280,ImageProcessor_TPU,frame_processed,0,116,7,1.05725,75,1,NaN,NaN,NaN,NaN,NaN,NaN,NaN,NaN,NaN,NaN,NaN,NaN,NaN,NaN,NaN,NaN,NaN
4457,4286,ImageProcessor_Viz,frame_processed,0,116,7,0.330481,NaN,7,NaN,NaN,NaN,NaN,NaN,NaN,NaN,NaN,NaN,NaN,NaN,NaN,NaN,NaN,NaN,NaN,NaN
4470,4298,InferenceEngine,inference_complete,0,116,NaN,NaN,NaN,1,18.575,31.05,0,0,NaN,NaN,NaN,NaN,NaN,NaN,NaN,NaN,NaN,NaN,NaN,NaN,NaN
4470,4449,Logic,frame_complete,-3955190986414698435,116,7,1.05725,75,1,18,31.05,0,0,0,0,0,0.5,0.5,0,0,0,0,38.6,25.4545,46.8743,0
4482,4311,CameraCapture,frame_captured,0,117,7,0.15445,75,NaN,NaN,NaN,NaN,NaN,NaN,NaN,NaN,NaN,NaN,NaN,NaN,NaN,NaN,NaN,NaN,NaN,NaN
4483,4312,ImageProcessor_TPU,frame_processed,0,117,7,0.835932,75,0,NaN,NaN,NaN,NaN,NaN,NaN,NaN,NaN,NaN,NaN,NaN,NaN,NaN,NaN,NaN,NaN,NaN
4489,4318,ImageProcessor_Viz,frame_processed,0,117,7,0.325629,NaN,7,NaN,NaN,NaN,NaN,NaN,NaN,NaN,NaN,NaN,NaN,NaN,NaN,NaN,NaN,NaN,NaN,NaN
4502,4330,InferenceEngine,inference_complete,0,117,NaN,NaN,NaN,0,18.361,31.05,0,0,NaN,NaN,NaN,NaN,NaN,NaN,NaN,NaN,NaN,NaN,NaN,NaN,NaN
4502,4482,Logic,frame_complete,-3955190986414698435,117,7,0.835932,75,0,18,31.05,0,0,0,0,0,0.5,0.5,0,0,0,0,38.6,25.4545,46.8743,0
4516,4345,CameraCapture,frame_captured,0,118,7,0.151687,75,NaN,NaN,NaN,NaN,NaN,NaN,NaN,NaN,NaN,NaN,NaN,NaN,NaN,NaN,NaN,NaN,NaN,NaN
4517,4346,ImageProcessor_TPU,frame_processed,0,118,7,0.707224,75,1,NaN,NaN,NaN,NaN,NaN,NaN,NaN,NaN,NaN,NaN,NaN,NaN,NaN,NaN,NaN,NaN,NaN
4524,4353,ImageProcessor_Viz,frame_processed,0,118,7,0.322815,NaN,8,NaN,NaN,NaN,NaN,NaN,NaN,NaN,NaN,NaN,NaN,NaN,NaN,NaN,NaN,NaN,NaN,NaN
4536,4365,InferenceEngine,inference_complete,0,118,NaN,NaN,NaN,1,18.415,31.05,0,0,NaN,NaN,NaN,NaN,NaN,NaN,NaN,NaN,NaN,NaN,NaN,NaN,NaN
4536,4516,Logic,frame_complete,-3955190986414698435,118,7,0.707224,75,1,18,31.05,0,0,0,0,0,0.5,0.5,0,0,0,0,38.6,25.4545,46.8743,0
4548,4377,CameraCapture,frame_captured,0,119,7,0.144182,75,NaN,NaN,NaN,NaN,NaN,NaN,NaN,NaN,NaN,NaN,NaN,NaN,NaN,NaN,NaN,NaN,NaN,NaN
4549,4378,ImageProcessor_TPU,frame_processed,0,119,7,0.746367,75,1,NaN,NaN,NaN,NaN,NaN,NaN,NaN,NaN,NaN,NaN,NaN,NaN,NaN,NaN,NaN,NaN,NaN
4559,4387,ImageProcessor_Viz,frame_processed,0,119,7,0.326797,NaN,10,NaN,NaN,NaN,NaN,NaN,NaN,NaN,NaN,NaN,NaN,NaN,NaN,NaN,NaN,NaN,NaN,NaN
4568,4397,InferenceEngine,inference_complete,0,119,NaN,NaN,NaN,1,18.568,31.05,0,0,NaN,NaN,NaN,NaN,NaN,NaN,NaN,NaN,NaN,NaN,NaN,NaN,NaN
4568,4548,Logic,frame_complete,-3955190986414698435,119,7,0.746367,75,1,18,31.05,0,0,0,0,0,0.5,0.5,0,0,0,0,38.6,25.4545,46.8743,0
4582,4411,CameraCapture,frame_captured,0,120,7,0.146252,75,NaN,NaN,NaN,NaN,NaN,NaN,NaN,NaN,NaN,NaN,NaN,NaN,NaN,NaN,NaN,NaN,NaN,NaN
4583,4412,ImageProcessor_TPU,frame_processed,0,120,7,1.01985,75,0,NaN,NaN,NaN,NaN,NaN,NaN,NaN,NaN,NaN,NaN,NaN,NaN,NaN,NaN,NaN,NaN,NaN
4589,4418,ImageProcessor_Viz,frame_processed,0,120,7,0.327333,NaN,7,NaN,NaN,NaN,NaN,NaN,NaN,NaN,NaN,NaN,NaN,NaN,NaN,NaN,NaN,NaN,NaN,NaN
4602,4430,InferenceEngine,inference_complete,0,120,NaN,NaN,NaN,0,18.358,31.05,0,0,NaN,NaN,NaN,NaN,NaN,NaN,NaN,NaN,NaN,NaN,NaN,NaN,NaN
4602,4582,Logic,frame_complete,-3955190986414698435,120,7,1.01985,75,0,18,31.05,0,0,0,0,0,0.5,0.5,0,0,0,0,38.6,25.4545,46.8743,0
4615,4444,CameraCapture,frame_captured,0,121,7,0.138896,75,NaN,NaN,NaN,NaN,NaN,NaN,NaN,NaN,NaN,NaN,NaN,NaN,NaN,NaN,NaN,NaN,NaN,NaN
4616,4445,ImageProcessor_TPU,frame_processed,0,121,7,0.710377,75,0,NaN,NaN,NaN,NaN,NaN,NaN,NaN,NaN,NaN,NaN,NaN,NaN,NaN,NaN,NaN,NaN,NaN
4623,4452,ImageProcessor_Viz,frame_processed,0,121,7,0.324741,NaN,8,NaN,NaN,NaN,NaN,NaN,NaN,NaN,NaN,NaN,NaN,NaN,NaN,NaN,NaN,NaN,NaN,NaN
4635,4463,InferenceEngine,inference_complete,0,121,NaN,NaN,NaN,0,18.298,31.05,0,0,NaN,NaN,NaN,NaN,NaN,NaN,NaN,NaN,NaN,NaN,NaN,NaN,NaN
4635,4615,Logic,frame_complete,-3955190986414698435,121,7,0.710377,75,0,18,31.05,0,0,0,0,0,0.5,0.5,0,0,0,0,38.6,25.4545,46.8743,0
4648,4477,CameraCapture,frame_captured,0,122,7,0.145891,75,NaN,NaN,NaN,NaN,NaN,NaN,NaN,NaN,NaN,NaN,NaN,NaN,NaN,NaN,NaN,NaN,NaN,NaN
4649,4478,ImageProcessor_TPU,frame_processed,0,122,7,0.755632,75,0,NaN,NaN,NaN,NaN,NaN,NaN,NaN,NaN,NaN,NaN,NaN,NaN,NaN,NaN,NaN,NaN,NaN
4656,4485,ImageProcessor_Viz,frame_processed,0,122,7,0.332592,NaN,7,NaN,NaN,NaN,NaN,NaN,NaN,NaN,NaN,NaN,NaN,NaN,NaN,NaN,NaN,NaN,NaN,NaN
4669,4497,InferenceEngine,inference_complete,0,122,NaN,NaN,NaN,0,18.904,31.05,0,0,NaN,NaN,NaN,NaN,NaN,NaN,NaN,NaN,NaN,NaN,NaN,NaN,NaN
4669,4648,Logic,frame_complete,-3955190986414698435,122,7,0.755632,75,0,19,31.05,0,0,0,0,0,0.5,0.5,0,0,0,0,38.6,25.4545,46.8743,0
4681,4510,CameraCapture,frame_captured,0,123,7,0.136683,75,NaN,NaN,NaN,NaN,NaN,NaN,NaN,NaN,NaN,NaN,NaN,NaN,NaN,NaN,NaN,NaN,NaN,NaN
4682,4511,ImageProcessor_TPU,frame_processed,0,123,7,1.08455,75,0,NaN,NaN,NaN,NaN,NaN,NaN,NaN,NaN,NaN,NaN,NaN,NaN,NaN,NaN,NaN,NaN,NaN
4688,4517,ImageProcessor_Viz,frame_processed,0,123,7,0.351407,NaN,7,NaN,NaN,NaN,NaN,NaN,NaN,NaN,NaN,NaN,NaN,NaN,NaN,NaN,NaN,NaN,NaN,NaN
4701,4530,InferenceEngine,inference_complete,0,123,NaN,NaN,NaN,0,18.599,31.05,0,0,NaN,NaN,NaN,NaN,NaN,NaN,NaN,NaN,NaN,NaN,NaN,NaN,NaN
4701,4681,Logic,frame_complete,-3955190986414698435,123,7,1.08455,75,0,19,31.05,0,0,0,0,0,0.5,0.5,0,0,0,0,38.6,25.4545,46.8743,0
4716,4545,CameraCapture,frame_captured,0,124,7,0.142938,75,NaN,NaN,NaN,NaN,NaN,NaN,NaN,NaN,NaN,NaN,NaN,NaN,NaN,NaN,NaN,NaN,NaN,NaN
4717,4546,ImageProcessor_TPU,frame_processed,0,124,7,0.743957,75,1,NaN,NaN,NaN,NaN,NaN,NaN,NaN,NaN,NaN,NaN,NaN,NaN,NaN,NaN,NaN,NaN,NaN
4724,4552,ImageProcessor_Viz,frame_processed,0,124,7,0.344889,NaN,7,NaN,NaN,NaN,NaN,NaN,NaN,NaN,NaN,NaN,NaN,NaN,NaN,NaN,NaN,NaN,NaN,NaN
4736,4565,InferenceEngine,inference_complete,0,124,NaN,NaN,NaN,1,18.473,31.05,0,0,NaN,NaN,NaN,NaN,NaN,NaN,NaN,NaN,NaN,NaN,NaN,NaN,NaN
4736,4716,Logic,frame_complete,-3955190986414698435,124,7,0.743957,75,1,18,31.05,0,0,0,0,0,0.5,0.5,0,0,0,0,38.6,25.4545,46.8743,0
4748,4577,CameraCapture,frame_captured,0,125,7,0.143452,75,NaN,NaN,NaN,NaN,NaN,NaN,NaN,NaN,NaN,NaN,NaN,NaN,NaN,NaN,NaN,NaN,NaN,NaN
4750,4578,ImageProcessor_TPU,frame_processed,0,125,7,0.982526,75,0,NaN,NaN,NaN,NaN,NaN,NaN,NaN,NaN,NaN,NaN,NaN,NaN,NaN,NaN,NaN,NaN,NaN
4756,4584,ImageProcessor_Viz,frame_processed,0,125,7,0.328981,NaN,7,NaN,NaN,NaN,NaN,NaN,NaN,NaN,NaN,NaN,NaN,NaN,NaN,NaN,NaN,NaN,NaN,NaN
4769,4598,InferenceEngine,inference_complete,0,125,NaN,NaN,NaN,0,19.084,31.05,0,0,NaN,NaN,NaN,NaN,NaN,NaN,NaN,NaN,NaN,NaN,NaN,NaN,NaN
4769,4748,Logic,frame_complete,-3955190986414698435,125,7,0.982526,75,0,19,31.05,0,0,0,0,0,0.5,0.5,0,0,0,0,38.6,25.4545,46.8743,0
4782,4610,CameraCapture,frame_captured,0,126,7,0.148874,75,NaN,NaN,NaN,NaN,NaN,NaN,NaN,NaN,NaN,NaN,NaN,NaN,NaN,NaN,NaN,NaN,NaN,NaN
4783,4612,ImageProcessor_TPU,frame_processed,0,126,7,0.965318,75,1,NaN,NaN,NaN,NaN,NaN,NaN,NaN,NaN,NaN,NaN,NaN,NaN,NaN,NaN,NaN,NaN,NaN
4789,4618,ImageProcessor_Viz,frame_processed,0,126,7,0.442426,NaN,7,NaN,NaN,NaN,NaN,NaN,NaN,NaN,NaN,NaN,NaN,NaN,NaN,NaN,NaN,NaN,NaN,NaN
4802,4631,InferenceEngine,inference_complete,0,126,NaN,NaN,NaN,1,19.334,31.05,0,0,NaN,NaN,NaN,NaN,NaN,NaN,NaN,NaN,NaN,NaN,NaN,NaN,NaN
4803,4781,Logic,frame_complete,-3955190986414698435,126,7,0.965318,75,1,19,31.05,0,0,0,0,0,0.5,0.5,0,0,0,0,38.6,25.4545,46.8743,0
4814,4643,CameraCapture,frame_captured,0,127,7,0.149832,75,NaN,NaN,NaN,NaN,NaN,NaN,NaN,NaN,NaN,NaN,NaN,NaN,NaN,NaN,NaN,NaN,NaN,NaN
4815,4644,ImageProcessor_TPU,frame_processed,0,127,7,0.845906,75,0,NaN,NaN,NaN,NaN,NaN,NaN,NaN,NaN,NaN,NaN,NaN,NaN,NaN,NaN,NaN,NaN,NaN
4822,4650,ImageProcessor_Viz,frame_processed,0,127,7,0.335982,NaN,7,NaN,NaN,NaN,NaN,NaN,NaN,NaN,NaN,NaN,NaN,NaN,NaN,NaN,NaN,NaN,NaN,NaN
4834,4663,InferenceEngine,inference_complete,0,127,NaN,NaN,NaN,0,18.782,31.05,0,0,NaN,NaN,NaN,NaN,NaN,NaN,NaN,NaN,NaN,NaN,NaN,NaN,NaN
4835,4814,Logic,frame_complete,-3955190986414698435,127,7,0.845906,75,0,19,31.05,0,0,0,0,0,0.5,0.5,0,0,0,0,38.6,25.4545,46.8743,0
4848,4677,CameraCapture,frame_captured,0,128,7,0.173624,75,NaN,NaN,NaN,NaN,NaN,NaN,NaN,NaN,NaN,NaN,NaN,NaN,NaN,NaN,NaN,NaN,NaN,NaN
4849,4678,ImageProcessor_TPU,frame_processed,0,128,7,0.729606,75,0,NaN,NaN,NaN,NaN,NaN,NaN,NaN,NaN,NaN,NaN,NaN,NaN,NaN,NaN,NaN,NaN,NaN
4857,4686,ImageProcessor_Viz,frame_processed,0,128,7,0.339704,NaN,8,NaN,NaN,NaN,NaN,NaN,NaN,NaN,NaN,NaN,NaN,NaN,NaN,NaN,NaN,NaN,NaN,NaN
4872,4701,InferenceEngine,inference_complete,0,128,NaN,NaN,NaN,0,22.476,31.05,0,0,NaN,NaN,NaN,NaN,NaN,NaN,NaN,NaN,NaN,NaN,NaN,NaN,NaN
4872,4848,Logic,frame_complete,-3955190986414698435,128,7,0.729606,75,0,23,31.05,0,0,0,0,0,0.5,0.5,0,0,0,0,38.6,25.4545,46.8743,0
4883,4711,CameraCapture,frame_captured,0,129,7,0.292713,75,NaN,NaN,NaN,NaN,NaN,NaN,NaN,NaN,NaN,NaN,NaN,NaN,NaN,NaN,NaN,NaN,NaN,NaN
4884,4713,ImageProcessor_TPU,frame_processed,0,129,7,1.4739,75,0,NaN,NaN,NaN,NaN,NaN,NaN,NaN,NaN,NaN,NaN,NaN,NaN,NaN,NaN,NaN,NaN,NaN
4892,4720,ImageProcessor_Viz,frame_processed,0,129,7,0.398963,NaN,8,NaN,NaN,NaN,NaN,NaN,NaN,NaN,NaN,NaN,NaN,NaN,NaN,NaN,NaN,NaN,NaN,NaN
4910,4739,InferenceEngine,inference_complete,0,129,NaN,NaN,NaN,0,25.287,31.05,0,0,NaN,NaN,NaN,NaN,NaN,NaN,NaN,NaN,NaN,NaN,NaN,NaN,NaN
4910,4882,Logic,frame_complete,-3955190986414698435,129,7,1.4739,75,0,26,31.05,0,0,0,0,0,0.5,0.5,0,0,0,0,38.6,25.4545,46.8743,0
4916,4745,CameraCapture,frame_captured,0,130,7,0.205245,75,NaN,NaN,NaN,NaN,NaN,NaN,NaN,NaN,NaN,NaN,NaN,NaN,NaN,NaN,NaN,NaN,NaN,NaN
4917,4746,ImageProcessor_TPU,frame_processed,0,130,7,0.813153,75,0,NaN,NaN,NaN,NaN,NaN,NaN,NaN,NaN,NaN,NaN,NaN,NaN,NaN,NaN,NaN,NaN,NaN
4925,4754,ImageProcessor_Viz,frame_processed,0,130,7,0.367278,NaN,9,NaN,NaN,NaN,NaN,NaN,NaN,NaN,NaN,NaN,NaN,NaN,NaN,NaN,NaN,NaN,NaN,NaN
4940,4769,InferenceEngine,inference_complete,0,130,NaN,NaN,NaN,0,22.422,31.05,0,0,NaN,NaN,NaN,NaN,NaN,NaN,NaN,NaN,NaN,NaN,NaN,NaN,NaN
4940,4916,Logic,frame_complete,-3955190986414698435,130,7,0.813153,75,0,23,31.05,0,0,0,0,0,0.5,0.5,0,0,0,0,38.6,25.4545,46.8743,0
4949,4777,CameraCapture,frame_captured,0,131,7,0.245296,75,NaN,NaN,NaN,NaN,NaN,NaN,NaN,NaN,NaN,NaN,NaN,NaN,NaN,NaN,NaN,NaN,NaN,NaN
4950,4779,ImageProcessor_TPU,frame_processed,0,131,7,0.908389,75,1,NaN,NaN,NaN,NaN,NaN,NaN,NaN,NaN,NaN,NaN,NaN,NaN,NaN,NaN,NaN,NaN,NaN
4957,4786,ImageProcessor_Viz,frame_processed,0,131,7,0.374408,NaN,8,NaN,NaN,NaN,NaN,NaN,NaN,NaN,NaN,NaN,NaN,NaN,NaN,NaN,NaN,NaN,NaN,NaN
4972,4801,InferenceEngine,inference_complete,0,131,NaN,NaN,NaN,1,21.739,31.05,0,0,NaN,NaN,NaN,NaN,NaN,NaN,NaN,NaN,NaN,NaN,NaN,NaN,NaN
4972,4948,Logic,frame_complete,-3955190986414698435,131,7,0.908389,75,1,21,31.05,0,0,0,0,0,0.5,0.5,0,0,0,0,38.6,25.4545,46.8743,0
4982,4811,CameraCapture,frame_captured,0,132,7,0.242384,75,NaN,NaN,NaN,NaN,NaN,NaN,NaN,NaN,NaN,NaN,NaN,NaN,NaN,NaN,NaN,NaN,NaN,NaN
4983,4812,ImageProcessor_TPU,frame_processed,0,132,7,0.883051,75,0,NaN,NaN,NaN,NaN,NaN,NaN,NaN,NaN,NaN,NaN,NaN,NaN,NaN,NaN,NaN,NaN,NaN
4991,4819,ImageProcessor_Viz,frame_processed,0,132,7,0.360074,NaN,8,NaN,NaN,NaN,NaN,NaN,NaN,NaN,NaN,NaN,NaN,NaN,NaN,NaN,NaN,NaN,NaN,NaN
5005,4834,InferenceEngine,inference_complete,0,132,NaN,NaN,NaN,0,21.48,31.05,0,0,NaN,NaN,NaN,NaN,NaN,NaN,NaN,NaN,NaN,NaN,NaN,NaN,NaN
5005,4982,Logic,frame_complete,-3955190986414698435,132,7,0.883051,75,0,22,31.05,0,0,0,0,0,0.5,0.5,0,0,0,0,38.6,25.4545,46.8743,0
5015,4844,CameraCapture,frame_captured,0,133,7,0.169732,75,NaN,NaN,NaN,NaN,NaN,NaN,NaN,NaN,NaN,NaN,NaN,NaN,NaN,NaN,NaN,NaN,NaN,NaN
5017,4846,ImageProcessor_TPU,frame_processed,0,133,7,0.812843,75,1,NaN,NaN,NaN,NaN,NaN,NaN,NaN,NaN,NaN,NaN,NaN,NaN,NaN,NaN,NaN,NaN,NaN
5024,4853,ImageProcessor_Viz,frame_processed,0,133,7,0.358556,NaN,8,NaN,NaN,NaN,NaN,NaN,NaN,NaN,NaN,NaN,NaN,NaN,NaN,NaN,NaN,NaN,NaN,NaN
5038,4867,InferenceEngine,inference_complete,0,133,NaN,NaN,NaN,1,21.445,31.05,0,0,NaN,NaN,NaN,NaN,NaN,NaN,NaN,NaN,NaN,NaN,NaN,NaN,NaN
5039,5015,Logic,frame_complete,-3955190986414698435,133,7,0.812843,75,1,21,31.05,0,0,0,0,0,0.5,0.5,0,0,0,0,38.6,25.4545,46.8743,0
5049,4878,CameraCapture,frame_captured,0,134,7,0.181376,75,NaN,NaN,NaN,NaN,NaN,NaN,NaN,NaN,NaN,NaN,NaN,NaN,NaN,NaN,NaN,NaN,NaN,NaN
5050,4879,ImageProcessor_TPU,frame_processed,0,134,7,0.790283,75,0,NaN,NaN,NaN,NaN,NaN,NaN,NaN,NaN,NaN,NaN,NaN,NaN,NaN,NaN,NaN,NaN,NaN
5057,4886,ImageProcessor_Viz,frame_processed,0,134,7,0.356982,NaN,8,NaN,NaN,NaN,NaN,NaN,NaN,NaN,NaN,NaN,NaN,NaN,NaN,NaN,NaN,NaN,NaN,NaN
5069,4898,InferenceEngine,inference_complete,0,134,NaN,NaN,NaN,0,18.554,31.05,0,0,NaN,NaN,NaN,NaN,NaN,NaN,NaN,NaN,NaN,NaN,NaN,NaN,NaN
5069,5049,Logic,frame_complete,-3955190986414698435,134,7,0.790283,75,0,19,31.05,0,0,0,0,0,0.5,0.5,0,0,0,0,38.6,25.4545,46.8743,0
5081,4910,CameraCapture,frame_captured,0,135,7,0.189834,75,NaN,NaN,NaN,NaN,NaN,NaN,NaN,NaN,NaN,NaN,NaN,NaN,NaN,NaN,NaN,NaN,NaN,NaN
5082,4911,ImageProcessor_TPU,frame_processed,0,135,7,0.75926,75,0,NaN,NaN,NaN,NaN,NaN,NaN,NaN,NaN,NaN,NaN,NaN,NaN,NaN,NaN,NaN,NaN,NaN
5088,4917,ImageProcessor_Viz,frame_processed,0,135,7,0.331482,NaN,7,NaN,NaN,NaN,NaN,NaN,NaN,NaN,NaN,NaN,NaN,NaN,NaN,NaN,NaN,NaN,NaN,NaN
5101,4930,InferenceEngine,inference_complete,0,135,NaN,NaN,NaN,0,18.594,31.05,0,0,NaN,NaN,NaN,NaN,NaN,NaN,NaN,NaN,NaN,NaN,NaN,NaN,NaN
5101,5081,Logic,frame_complete,-3955190986414698435,135,7,0.75926,75,0,18,31.05,0,0,0,0,0,0.5,0.5,0,0,0,0,38.6,25.4545,46.8743,0
5115,4944,CameraCapture,frame_captured,0,136,7,0.142885,75,NaN,NaN,NaN,NaN,NaN,NaN,NaN,NaN,NaN,NaN,NaN,NaN,NaN,NaN,NaN,NaN,NaN,NaN
5116,4945,ImageProcessor_TPU,frame_processed,0,136,7,0.700219,75,0,NaN,NaN,NaN,NaN,NaN,NaN,NaN,NaN,NaN,NaN,NaN,NaN,NaN,NaN,NaN,NaN,NaN
5123,4952,ImageProcessor_Viz,frame_processed,0,136,7,0.343093,NaN,8,NaN,NaN,NaN,NaN,NaN,NaN,NaN,NaN,NaN,NaN,NaN,NaN,NaN,NaN,NaN,NaN,NaN
5134,4963,InferenceEngine,inference_complete,0,136,NaN,NaN,NaN,0,18.311,31.05,0,0,NaN,NaN,NaN,NaN,NaN,NaN,NaN,NaN,NaN,NaN,NaN,NaN,NaN
5135,5115,Logic,frame_complete,-3955190986414698435,136,7,0.700219,75,0,18,31.05,0,0,0,0,0,0.5,0.5,0,0,0,0,38.6,25.4545,46.8743,0
5148,4977,CameraCapture,frame_captured,0,137,7,0.241584,75,NaN,NaN,NaN,NaN,NaN,NaN,NaN,NaN,NaN,NaN,NaN,NaN,NaN,NaN,NaN,NaN,NaN,NaN
5149,4978,ImageProcessor_TPU,frame_processed,0,137,7,0.887585,75,0,NaN,NaN,NaN,NaN,NaN,NaN,NaN,NaN,NaN,NaN,NaN,NaN,NaN,NaN,NaN,NaN,NaN
5156,4984,ImageProcessor_Viz,frame_processed,0,137,7,0.336796,NaN,7,NaN,NaN,NaN,NaN,NaN,NaN,NaN,NaN,NaN,NaN,NaN,NaN,NaN,NaN,NaN,NaN,NaN
5168,4997,InferenceEngine,inference_complete,0,137,NaN,NaN,NaN,0,18.745,31.05,0,0,NaN,NaN,NaN,NaN,NaN,NaN,NaN,NaN,NaN,NaN,NaN,NaN,NaN
5168,5148,Logic,frame_complete,-3955190986414698435,137,7,0.887585,75,0,19,31.05,0,0,0,0,0,0.5,0.5,0,0,0,0,38.6,25.4545,46.8743,0
5181,5010,CameraCapture,frame_captured,0,138,7,0.138784,75,NaN,NaN,NaN,NaN,NaN,NaN,NaN,NaN,NaN,NaN,NaN,NaN,NaN,NaN,NaN,NaN,NaN,NaN
5183,5012,ImageProcessor_TPU,frame_processed,0,138,7,0.699191,75,0,NaN,NaN,NaN,NaN,NaN,NaN,NaN,NaN,NaN,NaN,NaN,NaN,NaN,NaN,NaN,NaN,NaN
5190,5018,ImageProcessor_Viz,frame_processed,0,138,7,0.347722,NaN,7,NaN,NaN,NaN,NaN,NaN,NaN,NaN,NaN,NaN,NaN,NaN,NaN,NaN,NaN,NaN,NaN,NaN
5201,5030,InferenceEngine,inference_complete,0,138,NaN,NaN,NaN,0,18.318,31.05,0,0,NaN,NaN,NaN,NaN,NaN,NaN,NaN,NaN,NaN,NaN,NaN,NaN,NaN
5201,5181,Logic,frame_complete,-3955190986414698435,138,7,0.699191,75,0,18,31.05,0,0,0,0,0,0.5,0.5,0,0,0,0,38.6,25.4545,46.8743,0
5214,5043,CameraCapture,frame_captured,0,139,7,0.232279,75,NaN,NaN,NaN,NaN,NaN,NaN,NaN,NaN,NaN,NaN,NaN,NaN,NaN,NaN,NaN,NaN,NaN,NaN
5216,5045,ImageProcessor_TPU,frame_processed,0,139,7,1.79819,75,0,NaN,NaN,NaN,NaN,NaN,NaN,NaN,NaN,NaN,NaN,NaN,NaN,NaN,NaN,NaN,NaN,NaN
5222,5051,ImageProcessor_Viz,frame_processed,0,139,7,0.357815,NaN,8,NaN,NaN,NaN,NaN,NaN,NaN,NaN,NaN,NaN,NaN,NaN,NaN,NaN,NaN,NaN,NaN,NaN
5235,5064,InferenceEngine,inference_complete,0,139,NaN,NaN,NaN,0,18.701,31.05,0,0,NaN,NaN,NaN,NaN,NaN,NaN,NaN,NaN,NaN,NaN,NaN,NaN,NaN
5235,5214,Logic,frame_complete,-3955190986414698435,139,7,1.79819,75,0,19,31.05,0,0,0,0,0,0.5,0.5,0,0,0,0,38.6,25.4545,46.8743,0
5248,5077,CameraCapture,frame_captured,0,140,7,0.142571,75,NaN,NaN,NaN,NaN,NaN,NaN,NaN,NaN,NaN,NaN,NaN,NaN,NaN,NaN,NaN,NaN,NaN,NaN
5250,5078,ImageProcessor_TPU,frame_processed,0,140,7,1.11431,75,0,NaN,NaN,NaN,NaN,NaN,NaN,NaN,NaN,NaN,NaN,NaN,NaN,NaN,NaN,NaN,NaN,NaN
5255,5084,ImageProcessor_Viz,frame_processed,0,140,7,0.331537,NaN,7,NaN,NaN,NaN,NaN,NaN,NaN,NaN,NaN,NaN,NaN,NaN,NaN,NaN,NaN,NaN,NaN,NaN
5268,5097,InferenceEngine,inference_complete,0,140,NaN,NaN,NaN,0,18.676,31.05,0,0,NaN,NaN,NaN,NaN,NaN,NaN,NaN,NaN,NaN,NaN,NaN,NaN,NaN
5269,5248,Logic,frame_complete,-3955190986414698435,140,7,1.11431,75,0,19,31.05,0,0,0,0,0,0.5,0.5,0,0,0,0,38.6,25.4545,46.8743,0
5282,5111,CameraCapture,frame_captured,0,141,7,0.232085,75,NaN,NaN,NaN,NaN,NaN,NaN,NaN,NaN,NaN,NaN,NaN,NaN,NaN,NaN,NaN,NaN,NaN,NaN
5283,5111,ImageProcessor_TPU,frame_processed,0,141,7,0.839141,75,0,NaN,NaN,NaN,NaN,NaN,NaN,NaN,NaN,NaN,NaN,NaN,NaN,NaN,NaN,NaN,NaN,NaN
5289,5118,ImageProcessor_Viz,frame_processed,0,141,7,0.347241,NaN,7,NaN,NaN,NaN,NaN,NaN,NaN,NaN,NaN,NaN,NaN,NaN,NaN,NaN,NaN,NaN,NaN,NaN
5302,5130,InferenceEngine,inference_complete,0,141,NaN,NaN,NaN,0,18.672,31.05,0,0,NaN,NaN,NaN,NaN,NaN,NaN,NaN,NaN,NaN,NaN,NaN,NaN,NaN
5302,5282,Logic,frame_complete,-3955190986414698435,141,7,0.839141,75,0,18,31.05,0,0,0,0,0,0.5,0.5,0,0,0,0,38.6,25.4545,46.8743,0
5315,5144,CameraCapture,frame_captured,0,142,7,0.152896,75,NaN,NaN,NaN,NaN,NaN,NaN,NaN,NaN,NaN,NaN,NaN,NaN,NaN,NaN,NaN,NaN,NaN,NaN
5316,5145,ImageProcessor_TPU,frame_processed,0,142,7,1.08993,75,0,NaN,NaN,NaN,NaN,NaN,NaN,NaN,NaN,NaN,NaN,NaN,NaN,NaN,NaN,NaN,NaN,NaN
5322,5151,ImageProcessor_Viz,frame_processed,0,142,7,0.339667,NaN,7,NaN,NaN,NaN,NaN,NaN,NaN,NaN,NaN,NaN,NaN,NaN,NaN,NaN,NaN,NaN,NaN,NaN
5336,5164,InferenceEngine,inference_complete,0,142,NaN,NaN,NaN,0,19.023,31.05,0,0,NaN,NaN,NaN,NaN,NaN,NaN,NaN,NaN,NaN,NaN,NaN,NaN,NaN
5336,5315,Logic,frame_complete,-3955190986414698435,142,7,1.08993,75,0,19,31.05,0,0,0,0,0,0.5,0.5,0,0,0,0,38.6,25.4545,46.8743,0
5347,5176,CameraCapture,frame_captured,0,143,7,0.138521,75,NaN,NaN,NaN,NaN,NaN,NaN,NaN,NaN,NaN,NaN,NaN,NaN,NaN,NaN,NaN,NaN,NaN,NaN
5349,5177,ImageProcessor_TPU,frame_processed,0,143,7,1.07471,75,0,NaN,NaN,NaN,NaN,NaN,NaN,NaN,NaN,NaN,NaN,NaN,NaN,NaN,NaN,NaN,NaN,NaN
5355,5183,ImageProcessor_Viz,frame_processed,0,143,7,0.328408,NaN,7,NaN,NaN,NaN,NaN,NaN,NaN,NaN,NaN,NaN,NaN,NaN,NaN,NaN,NaN,NaN,NaN,NaN
5367,5196,InferenceEngine,inference_complete,0,143,NaN,NaN,NaN,0,18.506,31.05,0,0,NaN,NaN,NaN,NaN,NaN,NaN,NaN,NaN,NaN,NaN,NaN,NaN,NaN
5367,5347,Logic,frame_complete,-3955190986414698435,143,7,1.07471,75,0,18,31.05,0,0,0,0,0,0.5,0.5,0,0,0,0,38.6,25.4545,46.8743,0
5381,5210,CameraCapture,frame_captured,0,144,7,0.139591,75,NaN,NaN,NaN,NaN,NaN,NaN,NaN,NaN,NaN,NaN,NaN,NaN,NaN,NaN,NaN,NaN,NaN,NaN
5382,5211,ImageProcessor_TPU,frame_processed,0,144,7,0.821813,75,0,NaN,NaN,NaN,NaN,NaN,NaN,NaN,NaN,NaN,NaN,NaN,NaN,NaN,NaN,NaN,NaN,NaN
5389,5218,ImageProcessor_Viz,frame_processed,0,144,7,0.336038,NaN,8,NaN,NaN,NaN,NaN,NaN,NaN,NaN,NaN,NaN,NaN,NaN,NaN,NaN,NaN,NaN,NaN,NaN
5401,5230,InferenceEngine,inference_complete,0,144,NaN,NaN,NaN,0,18.454,31.05,0,0,NaN,NaN,NaN,NaN,NaN,NaN,NaN,NaN,NaN,NaN,NaN,NaN,NaN
5401,5381,Logic,frame_complete,-3955190986414698435,144,7,0.821813,75,0,19,31.05,0,0,0,0,0,0.5,0.5,0,0,0,0,38.6,25.4545,46.8743,0
5415,5244,CameraCapture,frame_captured,0,145,7,0.150383,75,NaN,NaN,NaN,NaN,NaN,NaN,NaN,NaN,NaN,NaN,NaN,NaN,NaN,NaN,NaN,NaN,NaN,NaN
5416,5245,ImageProcessor_TPU,frame_processed,0,145,7,0.801549,75,1,NaN,NaN,NaN,NaN,NaN,NaN,NaN,NaN,NaN,NaN,NaN,NaN,NaN,NaN,NaN,NaN,NaN
5423,5252,ImageProcessor_Viz,frame_processed,0,145,7,0.379463,NaN,8,NaN,NaN,NaN,NaN,NaN,NaN,NaN,NaN,NaN,NaN,NaN,NaN,NaN,NaN,NaN,NaN,NaN
5425,5254,SystemMonitor,system_stats,0,NaN,NaN,NaN,NaN,NaN,NaN,NaN,NaN,NaN,NaN,NaN,NaN,NaN,NaN,NaN,NaN,NaN,NaN,43,25.813,48.5135,0
5436,5265,InferenceEngine,inference_complete,0,145,NaN,NaN,NaN,1,20.281,31.05,0,0,NaN,NaN,NaN,NaN,NaN,NaN,NaN,NaN,NaN,NaN,NaN,NaN,NaN
5436,5415,Logic,frame_complete,-3955190986414698435,145,7,0.801549,75,1,20,31.05,0,0,0,0,0,0.5,0.5,0,0,0,0,43,25.813,48.5135,0
5448,5277,CameraCapture,frame_captured,0,146,7,0.228545,75,NaN,NaN,NaN,NaN,NaN,NaN,NaN,NaN,NaN,NaN,NaN,NaN,NaN,NaN,NaN,NaN,NaN,NaN
5449,5278,ImageProcessor_TPU,frame_processed,0,146,7,0.816878,75,0,NaN,NaN,NaN,NaN,NaN,NaN,NaN,NaN,NaN,NaN,NaN,NaN,NaN,NaN,NaN,NaN,NaN
5456,5285,ImageProcessor_Viz,frame_processed,0,146,7,0.332259,NaN,7,NaN,NaN,NaN,NaN,NaN,NaN,NaN,NaN,NaN,NaN,NaN,NaN,NaN,NaN,NaN,NaN,NaN
5468,5297,InferenceEngine,inference_complete,0,146,NaN,NaN,NaN,0,18.479,31.05,0,0,NaN,NaN,NaN,NaN,NaN,NaN,NaN,NaN,NaN,NaN,NaN,NaN,NaN
5468,5448,Logic,frame_complete,-3955190986414698435,146,7,0.816878,75,0,19,31.05,0,0,0,0,0,0.5,0.5,0,0,0,0,43,25.813,48.5135,0
5481,5309,CameraCapture,frame_captured,0,147,7,0.157225,75,NaN,NaN,NaN,NaN,NaN,NaN,NaN,NaN,NaN,NaN,NaN,NaN,NaN,NaN,NaN,NaN,NaN,NaN
5482,5310,ImageProcessor_TPU,frame_processed,0,147,7,0.721559,75,0,NaN,NaN,NaN,NaN,NaN,NaN,NaN,NaN,NaN,NaN,NaN,NaN,NaN,NaN,NaN,NaN,NaN
5488,5317,ImageProcessor_Viz,frame_processed,0,147,7,0.333019,NaN,7,NaN,NaN,NaN,NaN,NaN,NaN,NaN,NaN,NaN,NaN,NaN,NaN,NaN,NaN,NaN,NaN,NaN
5500,5329,InferenceEngine,inference_complete,0,147,NaN,NaN,NaN,0,18.336,31.05,0,0,NaN,NaN,NaN,NaN,NaN,NaN,NaN,NaN,NaN,NaN,NaN,NaN,NaN
5500,5480,Logic,frame_complete,-3955190986414698435,147,7,0.721559,75,0,19,31.05,0,0,0,0,0,0.5,0.5,0,0,0,0,43,25.813,48.5135,0
5516,5345,CameraCapture,frame_captured,0,148,7,0.248184,75,NaN,NaN,NaN,NaN,NaN,NaN,NaN,NaN,NaN,NaN,NaN,NaN,NaN,NaN,NaN,NaN,NaN,NaN
5517,5346,ImageProcessor_TPU,frame_processed,0,148,7,0.956888,75,0,NaN,NaN,NaN,NaN,NaN,NaN,NaN,NaN,NaN,NaN,NaN,NaN,NaN,NaN,NaN,NaN,NaN
5524,5353,ImageProcessor_Viz,frame_processed,0,148,7,0.342703,NaN,7,NaN,NaN,NaN,NaN,NaN,NaN,NaN,NaN,NaN,NaN,NaN,NaN,NaN,NaN,NaN,NaN,NaN
5537,5366,InferenceEngine,inference_complete,0,148,NaN,NaN,NaN,0,19.463,31.05,0,0,NaN,NaN,NaN,NaN,NaN,NaN,NaN,NaN,NaN,NaN,NaN,NaN,NaN
5537,5516,Logic,frame_complete,-3955190986414698435,148,7,0.956888,75,0,20,31.05,0,0,0,0,0,0.5,0.5,0,0,0,0,43,25.813,48.5135,0
5548,5377,CameraCapture,frame_captured,0,149,7,0.143772,75,NaN,NaN,NaN,NaN,NaN,NaN,NaN,NaN,NaN,NaN,NaN,NaN,NaN,NaN,NaN,NaN,NaN,NaN
5549,5378,ImageProcessor_TPU,frame_processed,0,149,7,0.776605,75,0,NaN,NaN,NaN,NaN,NaN,NaN,NaN,NaN,NaN,NaN,NaN,NaN,NaN,NaN,NaN,NaN,NaN
5559,5388,ImageProcessor_Viz,frame_processed,0,149,7,0.344204,NaN,11,NaN,NaN,NaN,NaN,NaN,NaN,NaN,NaN,NaN,NaN,NaN,NaN,NaN,NaN,NaN,NaN,NaN
5569,5397,InferenceEngine,inference_complete,0,149,NaN,NaN,NaN,0,19.196,31.05,0,0,NaN,NaN,NaN,NaN,NaN,NaN,NaN,NaN,NaN,NaN,NaN,NaN,NaN
5569,5548,Logic,frame_complete,-3955190986414698435,149,7,0.776605,75,0,19,31.05,0,0,0,0,0,0.5,0.5,0,0,0,0,43,25.813,48.5135,0
5582,5411,CameraCapture,frame_captured,0,150,7,0.140916,75,NaN,NaN,NaN,NaN,NaN,NaN,NaN,NaN,NaN,NaN,NaN,NaN,NaN,NaN,NaN,NaN,NaN,NaN
5583,5412,ImageProcessor_TPU,frame_processed,0,150,7,0.691046,75,0,NaN,NaN,NaN,NaN,NaN,NaN,NaN,NaN,NaN,NaN,NaN,NaN,NaN,NaN,NaN,NaN,NaN
5591,5419,ImageProcessor_Viz,frame_processed,0,150,7,0.333408,NaN,7,NaN,NaN,NaN,NaN,NaN,NaN,NaN,NaN,NaN,NaN,NaN,NaN,NaN,NaN,NaN,NaN,NaN
5602,5431,InferenceEngine,inference_complete,0,150,NaN,NaN,NaN,0,18.37,31.05,0,0,NaN,NaN,NaN,NaN,NaN,NaN,NaN,NaN,NaN,NaN,NaN,NaN,NaN
5602,5582,Logic,frame_complete,-3955190986414698435,150,7,0.691046,75,0,19,31.05,0,0,0,0,0,0.5,0.5,0,0,0,0,43,25.813,48.5135,0
5615,5444,CameraCapture,frame_captured,0,151,7,0.145318,75,NaN,NaN,NaN,NaN,NaN,NaN,NaN,NaN,NaN,NaN,NaN,NaN,NaN,NaN,NaN,NaN,NaN,NaN
5616,5445,ImageProcessor_TPU,frame_processed,0,151,7,0.724356,75,0,NaN,NaN,NaN,NaN,NaN,NaN,NaN,NaN,NaN,NaN,NaN,NaN,NaN,NaN,NaN,NaN,NaN
5623,5452,ImageProcessor_Viz,frame_processed,0,151,7,0.332611,NaN,8,NaN,NaN,NaN,NaN,NaN,NaN,NaN,NaN,NaN,NaN,NaN,NaN,NaN,NaN,NaN,NaN,NaN
5635,5463,InferenceEngine,inference_complete,0,151,NaN,NaN,NaN,0,18.45,31.05,0,0,NaN,NaN,NaN,NaN,NaN,NaN,NaN,NaN,NaN,NaN,NaN,NaN,NaN
5635,5615,Logic,frame_complete,-3955190986414698435,151,7,0.724356,75,0,18,31.05,0,0,0,0,0,0.5,0.5,0,0,0,0,43,25.813,48.5135,0
5649,5478,CameraCapture,frame_captured,0,152,7,0.24061,75,NaN,NaN,NaN,NaN,NaN,NaN,NaN,NaN,NaN,NaN,NaN,NaN,NaN,NaN,NaN,NaN,NaN,NaN
5651,5480,ImageProcessor_TPU,frame_processed,0,152,7,1.23437,75,1,NaN,NaN,NaN,NaN,NaN,NaN,NaN,NaN,NaN,NaN,NaN,NaN,NaN,NaN,NaN,NaN,NaN
5657,5485,ImageProcessor_Viz,frame_processed,0,152,7,0.342111,NaN,7,NaN,NaN,NaN,NaN,NaN,NaN,NaN,NaN,NaN,NaN,NaN,NaN,NaN,NaN,NaN,NaN,NaN
5671,5500,InferenceEngine,inference_complete,0,152,NaN,NaN,NaN,1,19.853,31.05,0,0,NaN,NaN,NaN,NaN,NaN,NaN,NaN,NaN,NaN,NaN,NaN,NaN,NaN
5672,5649,Logic,frame_complete,-3955190986414698435,152,7,1.23437,75,1,20,31.05,0,0,0,0,0,0.5,0.5,0,0,0,0,43,25.813,48.5135,0
5683,5511,CameraCapture,frame_captured,0,153,7,0.236569,75,NaN,NaN,NaN,NaN,NaN,NaN,NaN,NaN,NaN,NaN,NaN,NaN,NaN,NaN,NaN,NaN,NaN,NaN
5684,5513,ImageProcessor_TPU,frame_processed,0,153,7,0.907717,75,1,NaN,NaN,NaN,NaN,NaN,NaN,NaN,NaN,NaN,NaN,NaN,NaN,NaN,NaN,NaN,NaN,NaN
5690,5519,ImageProcessor_Viz,frame_processed,0,153,7,0.344075,NaN,7,NaN,NaN,NaN,NaN,NaN,NaN,NaN,NaN,NaN,NaN,NaN,NaN,NaN,NaN,NaN,NaN,NaN
5702,5531,InferenceEngine,inference_complete,0,153,NaN,NaN,NaN,1,18.414,31.05,0,0,NaN,NaN,NaN,NaN,NaN,NaN,NaN,NaN,NaN,NaN,NaN,NaN,NaN
5702,5682,Logic,frame_complete,-3955190986414698435,153,7,0.907717,75,1,18,31.05,0,0,0,0,0,0.5,0.5,0,0,0,0,43,25.813,48.5135,0
5716,5544,CameraCapture,frame_captured,0,154,7,0.147157,75,NaN,NaN,NaN,NaN,NaN,NaN,NaN,NaN,NaN,NaN,NaN,NaN,NaN,NaN,NaN,NaN,NaN,NaN
5717,5546,ImageProcessor_TPU,frame_processed,0,154,7,0.759805,75,1,NaN,NaN,NaN,NaN,NaN,NaN,NaN,NaN,NaN,NaN,NaN,NaN,NaN,NaN,NaN,NaN,NaN
5723,5552,ImageProcessor_Viz,frame_processed,0,154,7,0.340593,NaN,7,NaN,NaN,NaN,NaN,NaN,NaN,NaN,NaN,NaN,NaN,NaN,NaN,NaN,NaN,NaN,NaN,NaN
5735,5564,InferenceEngine,inference_complete,0,154,NaN,NaN,NaN,1,18.52,31.05,0,0,NaN,NaN,NaN,NaN,NaN,NaN,NaN,NaN,NaN,NaN,NaN,NaN,NaN
5736,5715,Logic,frame_complete,-3955190986414698435,154,7,0.759805,75,1,18,31.05,0,0,0,0,0,0.5,0.5,0,0,0,0,43,25.813,48.5135,0
5748,5577,CameraCapture,frame_captured,0,155,7,0.144041,75,NaN,NaN,NaN,NaN,NaN,NaN,NaN,NaN,NaN,NaN,NaN,NaN,NaN,NaN,NaN,NaN,NaN,NaN
5749,5578,ImageProcessor_TPU,frame_processed,0,155,7,0.832523,75,0,NaN,NaN,NaN,NaN,NaN,NaN,NaN,NaN,NaN,NaN,NaN,NaN,NaN,NaN,NaN,NaN,NaN
5756,5585,ImageProcessor_Viz,frame_processed,0,155,7,0.339259,NaN,8,NaN,NaN,NaN,NaN,NaN,NaN,NaN,NaN,NaN,NaN,NaN,NaN,NaN,NaN,NaN,NaN,NaN
5768,5597,InferenceEngine,inference_complete,0,155,NaN,NaN,NaN,0,18.649,31.05,0,0,NaN,NaN,NaN,NaN,NaN,NaN,NaN,NaN,NaN,NaN,NaN,NaN,NaN
5768,5748,Logic,frame_complete,-3955190986414698435,155,7,0.832523,75,0,19,31.05,0,0,0,0,0,0.5,0.5,0,0,0,0,43,25.813,48.5135,0
5782,5611,CameraCapture,frame_captured,0,156,7,0.143722,75,NaN,NaN,NaN,NaN,NaN,NaN,NaN,NaN,NaN,NaN,NaN,NaN,NaN,NaN,NaN,NaN,NaN,NaN
5783,5612,ImageProcessor_TPU,frame_processed,0,156,7,0.749463,75,0,NaN,NaN,NaN,NaN,NaN,NaN,NaN,NaN,NaN,NaN,NaN,NaN,NaN,NaN,NaN,NaN,NaN
5790,5619,ImageProcessor_Viz,frame_processed,0,156,7,0.332056,NaN,8,NaN,NaN,NaN,NaN,NaN,NaN,NaN,NaN,NaN,NaN,NaN,NaN,NaN,NaN,NaN,NaN,NaN
5802,5631,InferenceEngine,inference_complete,0,156,NaN,NaN,NaN,0,18.569,31.05,0,0,NaN,NaN,NaN,NaN,NaN,NaN,NaN,NaN,NaN,NaN,NaN,NaN,NaN
5802,5782,Logic,frame_complete,-3955190986414698435,156,7,0.749463,75,0,19,31.05,0,0,0,0,0,0.5,0.5,0,0,0,0,43,25.813,48.5135,0
5816,5644,CameraCapture,frame_captured,0,157,7,0.142532,75,NaN,NaN,NaN,NaN,NaN,NaN,NaN,NaN,NaN,NaN,NaN,NaN,NaN,NaN,NaN,NaN,NaN,NaN
5817,5646,ImageProcessor_TPU,frame_processed,0,157,7,1.33803,75,0,NaN,NaN,NaN,NaN,NaN,NaN,NaN,NaN,NaN,NaN,NaN,NaN,NaN,NaN,NaN,NaN,NaN
5823,5652,ImageProcessor_Viz,frame_processed,0,157,7,0.340796,NaN,7,NaN,NaN,NaN,NaN,NaN,NaN,NaN,NaN,NaN,NaN,NaN,NaN,NaN,NaN,NaN,NaN,NaN
5836,5665,InferenceEngine,inference_complete,0,157,NaN,NaN,NaN,0,18.703,31.05,0,0,NaN,NaN,NaN,NaN,NaN,NaN,NaN,NaN,NaN,NaN,NaN,NaN,NaN
5836,5815,Logic,frame_complete,-3955190986414698435,157,7,1.33803,75,0,19,31.05,0,0,0,0,0,0.5,0.5,0,0,0,0,43,25.813,48.5135,0
5848,5677,CameraCapture,frame_captured,0,158,7,0.227786,75,NaN,NaN,NaN,NaN,NaN,NaN,NaN,NaN,NaN,NaN,NaN,NaN,NaN,NaN,NaN,NaN,NaN,NaN
5850,5678,ImageProcessor_TPU,frame_processed,0,158,7,1.23338,75,0,NaN,NaN,NaN,NaN,NaN,NaN,NaN,NaN,NaN,NaN,NaN,NaN,NaN,NaN,NaN,NaN,NaN
5856,5685,ImageProcessor_Viz,frame_processed,0,158,7,0.346111,NaN,7,NaN,NaN,NaN,NaN,NaN,NaN,NaN,NaN,NaN,NaN,NaN,NaN,NaN,NaN,NaN,NaN,NaN
5868,5697,InferenceEngine,inference_complete,0,158,NaN,NaN,NaN,0,18.557,31.05,0,0,NaN,NaN,NaN,NaN,NaN,NaN,NaN,NaN,NaN,NaN,NaN,NaN,NaN
5868,5848,Logic,frame_complete,-3955190986414698435,158,7,1.23338,75,0,18,31.05,0,0,0,0,0,0.5,0.5,0,0,0,0,43,25.813,48.5135,0
5882,5710,CameraCapture,frame_captured,0,159,7,0.224411,75,NaN,NaN,NaN,NaN,NaN,NaN,NaN,NaN,NaN,NaN,NaN,NaN,NaN,NaN,NaN,NaN,NaN,NaN
5883,5712,ImageProcessor_TPU,frame_processed,0,159,7,0.821152,75,1,NaN,NaN,NaN,NaN,NaN,NaN,NaN,NaN,NaN,NaN,NaN,NaN,NaN,NaN,NaN,NaN,NaN
5889,5718,ImageProcessor_Viz,frame_processed,0,159,7,0.349666,NaN,7,NaN,NaN,NaN,NaN,NaN,NaN,NaN,NaN,NaN,NaN,NaN,NaN,NaN,NaN,NaN,NaN,NaN
5902,5731,InferenceEngine,inference_complete,0,159,NaN,NaN,NaN,1,19.036,31.05,0,0,NaN,NaN,NaN,NaN,NaN,NaN,NaN,NaN,NaN,NaN,NaN,NaN,NaN
5902,5881,Logic,frame_complete,-3955190986414698435,159,7,0.821152,75,1,19,31.05,0,0,0,0,0,0.5,0.5,0,0,0,0,43,25.813,48.5135,0
5915,5744,CameraCapture,frame_captured,0,160,7,0.192426,75,NaN,NaN,NaN,NaN,NaN,NaN,NaN,NaN,NaN,NaN,NaN,NaN,NaN,NaN,NaN,NaN,NaN,NaN
5917,5745,ImageProcessor_TPU,frame_processed,0,160,7,0.821889,75,0,NaN,NaN,NaN,NaN,NaN,NaN,NaN,NaN,NaN,NaN,NaN,NaN,NaN,NaN,NaN,NaN,NaN
5923,5752,ImageProcessor_Viz,frame_processed,0,160,7,0.346703,NaN,7,NaN,NaN,NaN,NaN,NaN,NaN,NaN,NaN,NaN,NaN,NaN,NaN,NaN,NaN,NaN,NaN,NaN
5935,5764,InferenceEngine,inference_complete,0,160,NaN,NaN,NaN,0,18.469,31.05,0.501955,12,NaN,NaN,NaN,NaN,NaN,NaN,NaN,NaN,NaN,NaN,NaN,NaN,NaN
5936,5915,Logic,frame_complete,-3955190986414698435,160,7,0.821889,75,0,18,31.05,0.501955,12,0,0,0,0.5,0.5,0,0,0,0,43,25.813,48.5135,0
5949,5778,CameraCapture,frame_captured,0,161,7,0.151773,75,NaN,NaN,NaN,NaN,NaN,NaN,NaN,NaN,NaN,NaN,NaN,NaN,NaN,NaN,NaN,NaN,NaN,NaN
5950,5779,ImageProcessor_TPU,frame_processed,0,161,7,0.726106,75,0,NaN,NaN,NaN,NaN,NaN,NaN,NaN,NaN,NaN,NaN,NaN,NaN,NaN,NaN,NaN,NaN,NaN
5957,5786,ImageProcessor_Viz,frame_processed,0,161,7,0.344167,NaN,8,NaN,NaN,NaN,NaN,NaN,NaN,NaN,NaN,NaN,NaN,NaN,NaN,NaN,NaN,NaN,NaN,NaN
5969,5798,InferenceEngine,inference_complete,0,161,NaN,NaN,NaN,0,18.321,31.05,0,0,NaN,NaN,NaN,NaN,NaN,NaN,NaN,NaN,NaN,NaN,NaN,NaN,NaN
5969,5949,Logic,frame_complete,-3955190986414698435,161,7,0.726106,75,0,19,31.05,0,0,0,0,0,0.5,0.5,0,0,0,0,43,25.813,48.5135,0
5982,5811,CameraCapture,frame_captured,0,162,7,0.141416,75,NaN,NaN,NaN,NaN,NaN,NaN,NaN,NaN,NaN,NaN,NaN,NaN,NaN,NaN,NaN,NaN,NaN,NaN
5983,5812,ImageProcessor_TPU,frame_processed,0,162,7,0.702787,75,0,NaN,NaN,NaN,NaN,NaN,NaN,NaN,NaN,NaN,NaN,NaN,NaN,NaN,NaN,NaN,NaN,NaN
5991,5820,ImageProcessor_Viz,frame_processed,0,162,7,0.342741,NaN,9,NaN,NaN,NaN,NaN,NaN,NaN,NaN,NaN,NaN,NaN,NaN,NaN,NaN,NaN,NaN,NaN,NaN
6001,5830,InferenceEngine,inference_complete,0,162,NaN,NaN,NaN,0,18.145,31.05,0,0,NaN,NaN,NaN,NaN,NaN,NaN,NaN,NaN,NaN,NaN,NaN,NaN,NaN
6002,5982,Logic,frame_complete,-3955190986414698435,162,7,0.702787,75,0,18,31.05,0,0,0,0,0,0.5,0.5,0,0,0,0,43,25.813,48.5135,0
6015,5844,CameraCapture,frame_captured,0,163,7,0.239782,75,NaN,NaN,NaN,NaN,NaN,NaN,NaN,NaN,NaN,NaN,NaN,NaN,NaN,NaN,NaN,NaN,NaN,NaN
6016,5845,ImageProcessor_TPU,frame_processed,0,163,7,0.858245,75,1,NaN,NaN,NaN,NaN,NaN,NaN,NaN,NaN,NaN,NaN,NaN,NaN,NaN,NaN,NaN,NaN,NaN
6023,5852,ImageProcessor_Viz,frame_processed,0,163,7,0.364871,NaN,8,NaN,NaN,NaN,NaN,NaN,NaN,NaN,NaN,NaN,NaN,NaN,NaN,NaN,NaN,NaN,NaN,NaN
6034,5863,InferenceEngine,inference_complete,0,163,NaN,NaN,NaN,1,18.315,31.05,0,0,NaN,NaN,NaN,NaN,NaN,NaN,NaN,NaN,NaN,NaN,NaN,NaN,NaN
6034,6015,Logic,frame_complete,-3955190986414698435,163,7,0.858245,75,1,18,31.05,0,0,0,0,0,0.5,0.5,0,0,0,0,43,25.813,48.5135,0
6049,5878,CameraCapture,frame_captured,0,164,7,0.149093,75,NaN,NaN,NaN,NaN,NaN,NaN,NaN,NaN,NaN,NaN,NaN,NaN,NaN,NaN,NaN,NaN,NaN,NaN
6050,5879,ImageProcessor_TPU,frame_processed,0,164,7,0.754593,75,1,NaN,NaN,NaN,NaN,NaN,NaN,NaN,NaN,NaN,NaN,NaN,NaN,NaN,NaN,NaN,NaN,NaN
6057,5885,ImageProcessor_Viz,frame_processed,0,164,7,0.330648,NaN,7,NaN,NaN,NaN,NaN,NaN,NaN,NaN,NaN,NaN,NaN,NaN,NaN,NaN,NaN,NaN,NaN,NaN
6068,5897,InferenceEngine,inference_complete,0,164,NaN,NaN,NaN,1,18.327,31.05,0,0,NaN,NaN,NaN,NaN,NaN,NaN,NaN,NaN,NaN,NaN,NaN,NaN,NaN
6068,6049,Logic,frame_complete,-3955190986414698435,164,7,0.754593,75,1,18,31.05,0,0,0,0,0,0.5,0.5,0,0,0,0,43,25.813,48.5135,0
6082,5911,CameraCapture,frame_captured,0,165,7,0.162107,75,NaN,NaN,NaN,NaN,NaN,NaN,NaN,NaN,NaN,NaN,NaN,NaN,NaN,NaN,NaN,NaN,NaN,NaN
6084,5912,ImageProcessor_TPU,frame_processed,0,165,7,0.807181,75,0,NaN,NaN,NaN,NaN,NaN,NaN,NaN,NaN,NaN,NaN,NaN,NaN,NaN,NaN,NaN,NaN,NaN
6090,5919,ImageProcessor_Viz,frame_processed,0,165,7,0.348166,NaN,8,NaN,NaN,NaN,NaN,NaN,NaN,NaN,NaN,NaN,NaN,NaN,NaN,NaN,NaN,NaN,NaN,NaN
6102,5931,InferenceEngine,inference_complete,0,165,NaN,NaN,NaN,0,18.407,31.05,0,0,NaN,NaN,NaN,NaN,NaN,NaN,NaN,NaN,NaN,NaN,NaN,NaN,NaN
6102,6082,Logic,frame_complete,-3955190986414698435,165,7,0.807181,75,0,19,31.05,0,0,0,0,0,0.5,0.5,0,0,0,0,43,25.813,48.5135,0
6115,5944,CameraCapture,frame_captured,0,166,7,0.144176,75,NaN,NaN,NaN,NaN,NaN,NaN,NaN,NaN,NaN,NaN,NaN,NaN,NaN,NaN,NaN,NaN,NaN,NaN
6117,5946,ImageProcessor_TPU,frame_processed,0,166,7,1.04392,75,1,NaN,NaN,NaN,NaN,NaN,NaN,NaN,NaN,NaN,NaN,NaN,NaN,NaN,NaN,NaN,NaN,NaN
6123,5952,ImageProcessor_Viz,frame_processed,0,166,7,0.353834,NaN,7,NaN,NaN,NaN,NaN,NaN,NaN,NaN,NaN,NaN,NaN,NaN,NaN,NaN,NaN,NaN,NaN,NaN
6136,5964,InferenceEngine,inference_complete,0,166,NaN,NaN,NaN,1,18.374,31.05,0,0,NaN,NaN,NaN,NaN,NaN,NaN,NaN,NaN,NaN,NaN,NaN,NaN,NaN
6136,6115,Logic,frame_complete,-3955190986414698435,166,7,1.04392,75,1,18,31.05,0,0,0,0,0,0.5,0.5,0,0,0,0,43,25.813,48.5135,0
6148,5977,CameraCapture,frame_captured,0,167,7,0.138282,75,NaN,NaN,NaN,NaN,NaN,NaN,NaN,NaN,NaN,NaN,NaN,NaN,NaN,NaN,NaN,NaN,NaN,NaN
6149,5978,ImageProcessor_TPU,frame_processed,0,167,7,0.757486,75,0,NaN,NaN,NaN,NaN,NaN,NaN,NaN,NaN,NaN,NaN,NaN,NaN,NaN,NaN,NaN,NaN,NaN
6156,5985,ImageProcessor_Viz,frame_processed,0,167,7,0.333834,NaN,8,NaN,NaN,NaN,NaN,NaN,NaN,NaN,NaN,NaN,NaN,NaN,NaN,NaN,NaN,NaN,NaN,NaN
6168,5997,InferenceEngine,inference_complete,0,167,NaN,NaN,NaN,0,18.329,31.05,0,0,NaN,NaN,NaN,NaN,NaN,NaN,NaN,NaN,NaN,NaN,NaN,NaN,NaN
6168,6148,Logic,frame_complete,-3955190986414698435,167,7,0.757486,75,0,18,31.05,0,0,0,0,0,0.5,0.5,0,0,0,0,43,25.813,48.5135,0
6182,6011,CameraCapture,frame_captured,0,168,7,0.140389,75,NaN,NaN,NaN,NaN,NaN,NaN,NaN,NaN,NaN,NaN,NaN,NaN,NaN,NaN,NaN,NaN,NaN,NaN
6183,6012,ImageProcessor_TPU,frame_processed,0,168,7,0.765389,75,1,NaN,NaN,NaN,NaN,NaN,NaN,NaN,NaN,NaN,NaN,NaN,NaN,NaN,NaN,NaN,NaN,NaN
6190,6018,ImageProcessor_Viz,frame_processed,0,168,7,0.343482,NaN,7,NaN,NaN,NaN,NaN,NaN,NaN,NaN,NaN,NaN,NaN,NaN,NaN,NaN,NaN,NaN,NaN,NaN
6202,6030,InferenceEngine,inference_complete,0,168,NaN,NaN,NaN,1,18.412,31.05,0,0,NaN,NaN,NaN,NaN,NaN,NaN,NaN,NaN,NaN,NaN,NaN,NaN,NaN
6202,6182,Logic,frame_complete,-3955190986414698435,168,7,0.765389,75,1,18,31.05,0,0,0,0,0,0.5,0.5,0,0,0,0,43,25.813,48.5135,0
6215,6044,CameraCapture,frame_captured,0,169,7,0.152848,75,NaN,NaN,NaN,NaN,NaN,NaN,NaN,NaN,NaN,NaN,NaN,NaN,NaN,NaN,NaN,NaN,NaN,NaN
6216,6045,ImageProcessor_TPU,frame_processed,0,169,7,0.736644,75,0,NaN,NaN,NaN,NaN,NaN,NaN,NaN,NaN,NaN,NaN,NaN,NaN,NaN,NaN,NaN,NaN,NaN
6223,6052,ImageProcessor_Viz,frame_processed,0,169,7,0.345833,NaN,7,NaN,NaN,NaN,NaN,NaN,NaN,NaN,NaN,NaN,NaN,NaN,NaN,NaN,NaN,NaN,NaN,NaN
6235,6064,InferenceEngine,inference_complete,0,169,NaN,NaN,NaN,0,18.516,31.05,0,0,NaN,NaN,NaN,NaN,NaN,NaN,NaN,NaN,NaN,NaN,NaN,NaN,NaN
6235,6215,Logic,frame_complete,-3955190986414698435,169,7,0.736644,75,0,19,31.05,0,0,0,0,0,0.5,0.5,0,0,0,0,43,25.813,48.5135,0
6249,6078,CameraCapture,frame_captured,0,170,7,0.159306,75,NaN,NaN,NaN,NaN,NaN,NaN,NaN,NaN,NaN,NaN,NaN,NaN,NaN,NaN,NaN,NaN,NaN,NaN
6250,6079,ImageProcessor_TPU,frame_processed,0,170,7,0.763288,75,1,NaN,NaN,NaN,NaN,NaN,NaN,NaN,NaN,NaN,NaN,NaN,NaN,NaN,NaN,NaN,NaN,NaN
6256,6085,ImageProcessor_Viz,frame_processed,0,170,7,0.328537,NaN,7,NaN,NaN,NaN,NaN,NaN,NaN,NaN,NaN,NaN,NaN,NaN,NaN,NaN,NaN,NaN,NaN,NaN
6269,6097,InferenceEngine,inference_complete,0,170,NaN,NaN,NaN,1,18.489,31.05,0,0,NaN,NaN,NaN,NaN,NaN,NaN,NaN,NaN,NaN,NaN,NaN,NaN,NaN
6269,6249,Logic,frame_complete,-3955190986414698435,170,7,0.763288,75,1,18,31.05,0,0,0,0,0,0.5,0.5,0,0,0,0,43,25.813,48.5135,0
6280,6109,CameraCapture,frame_captured,0,171,7,0.158264,75,NaN,NaN,NaN,NaN,NaN,NaN,NaN,NaN,NaN,NaN,NaN,NaN,NaN,NaN,NaN,NaN,NaN,NaN
6281,6110,ImageProcessor_TPU,frame_processed,0,171,7,0.774875,75,0,NaN,NaN,NaN,NaN,NaN,NaN,NaN,NaN,NaN,NaN,NaN,NaN,NaN,NaN,NaN,NaN,NaN
6288,6117,ImageProcessor_Viz,frame_processed,0,171,7,0.338519,NaN,7,NaN,NaN,NaN,NaN,NaN,NaN,NaN,NaN,NaN,NaN,NaN,NaN,NaN,NaN,NaN,NaN,NaN
6300,6129,InferenceEngine,inference_complete,0,171,NaN,NaN,NaN,0,18.409,31.05,0,0,NaN,NaN,NaN,NaN,NaN,NaN,NaN,NaN,NaN,NaN,NaN,NaN,NaN
6300,6280,Logic,frame_complete,-3955190986414698435,171,7,0.774875,75,0,19,31.05,0,0,0,0,0,0.5,0.5,0,0,0,0,43,25.813,48.5135,0
6315,6144,CameraCapture,frame_captured,0,172,7,0.25276,75,NaN,NaN,NaN,NaN,NaN,NaN,NaN,NaN,NaN,NaN,NaN,NaN,NaN,NaN,NaN,NaN,NaN,NaN
6317,6146,ImageProcessor_TPU,frame_processed,0,172,7,1.23743,75,1,NaN,NaN,NaN,NaN,NaN,NaN,NaN,NaN,NaN,NaN,NaN,NaN,NaN,NaN,NaN,NaN,NaN
6323,6152,ImageProcessor_Viz,frame_processed,0,172,7,0.341907,NaN,7,NaN,NaN,NaN,NaN,NaN,NaN,NaN,NaN,NaN,NaN,NaN,NaN,NaN,NaN,NaN,NaN,NaN
6336,6164,InferenceEngine,inference_complete,0,172,NaN,NaN,NaN,1,18.418,31.05,0,0,NaN,NaN,NaN,NaN,NaN,NaN,NaN,NaN,NaN,NaN,NaN,NaN,NaN
6336,6315,Logic,frame_complete,-3955190986414698435,172,7,1.23743,75,1,18,31.05,0,0,0,0,0,0.5,0.5,0,0,0,0,43,25.813,48.5135,0
6349,6177,CameraCapture,frame_captured,0,173,7,0.148959,75,NaN,NaN,NaN,NaN,NaN,NaN,NaN,NaN,NaN,NaN,NaN,NaN,NaN,NaN,NaN,NaN,NaN,NaN
6350,6179,ImageProcessor_TPU,frame_processed,0,173,7,1.07424,75,1,NaN,NaN,NaN,NaN,NaN,NaN,NaN,NaN,NaN,NaN,NaN,NaN,NaN,NaN,NaN,NaN,NaN
6356,6185,ImageProcessor_Viz,frame_processed,0,173,7,0.344797,NaN,7,NaN,NaN,NaN,NaN,NaN,NaN,NaN,NaN,NaN,NaN,NaN,NaN,NaN,NaN,NaN,NaN,NaN
6369,6198,InferenceEngine,inference_complete,0,173,NaN,NaN,NaN,1,18.583,31.05,0,0,NaN,NaN,NaN,NaN,NaN,NaN,NaN,NaN,NaN,NaN,NaN,NaN,NaN
6369,6348,Logic,frame_complete,-3955190986414698435,173,7,1.07424,75,1,19,31.05,0,0,0,0,0,0.5,0.5,0,0,0,0,43,25.813,48.5135,0
6382,6211,CameraCapture,frame_captured,0,174,7,0.233769,75,NaN,NaN,NaN,NaN,NaN,NaN,NaN,NaN,NaN,NaN,NaN,NaN,NaN,NaN,NaN,NaN,NaN,NaN
6383,6212,ImageProcessor_TPU,frame_processed,0,174,7,1.14632,75,0,NaN,NaN,NaN,NaN,NaN,NaN,NaN,NaN,NaN,NaN,NaN,NaN,NaN,NaN,NaN,NaN,NaN
6390,6218,ImageProcessor_Viz,frame_processed,0,174,7,0.343926,NaN,7,NaN,NaN,NaN,NaN,NaN,NaN,NaN,NaN,NaN,NaN,NaN,NaN,NaN,NaN,NaN,NaN,NaN
6402,6231,InferenceEngine,inference_complete,0,174,NaN,NaN,NaN,0,18.625,31.05,0,0,NaN,NaN,NaN,NaN,NaN,NaN,NaN,NaN,NaN,NaN,NaN,NaN,NaN
6402,6382,Logic,frame_complete,-3955190986414698435,174,7,1.14632,75,0,19,31.05,0,0,0,0,0,0.5,0.5,0,0,0,0,43,25.813,48.5135,0
6415,6244,CameraCapture,frame_captured,0,175,7,0.173376,75,NaN,NaN,NaN,NaN,NaN,NaN,NaN,NaN,NaN,NaN,NaN,NaN,NaN,NaN,NaN,NaN,NaN,NaN
6416,6245,ImageProcessor_TPU,frame_processed,0,175,7,1.10367,75,0,NaN,NaN,NaN,NaN,NaN,NaN,NaN,NaN,NaN,NaN,NaN,NaN,NaN,NaN,NaN,NaN,NaN
6422,6251,ImageProcessor_Viz,frame_processed,0,175,7,0.333908,NaN,7,NaN,NaN,NaN,NaN,NaN,NaN,NaN,NaN,NaN,NaN,NaN,NaN,NaN,NaN,NaN,NaN,NaN
6436,6264,InferenceEngine,inference_complete,0,175,NaN,NaN,NaN,0,18.992,31.05,0,0,NaN,NaN,NaN,NaN,NaN,NaN,NaN,NaN,NaN,NaN,NaN,NaN,NaN
6436,6415,Logic,frame_complete,-3955190986414698435,175,7,1.10367,75,0,19,31.05,0,0,0,0,0,0.5,0.5,0,0,0,0,43,25.813,48.5135,0
6449,6278,CameraCapture,frame_captured,0,176,7,0.171093,75,NaN,NaN,NaN,NaN,NaN,NaN,NaN,NaN,NaN,NaN,NaN,NaN,NaN,NaN,NaN,NaN,NaN,NaN
6450,6278,ImageProcessor_TPU,frame_processed,0,176,7,0.737149,75,0,NaN,NaN,NaN,NaN,NaN,NaN,NaN,NaN,NaN,NaN,NaN,NaN,NaN,NaN,NaN,NaN,NaN
6457,6286,ImageProcessor_Viz,frame_processed,0,176,7,0.341889,NaN,8,NaN,NaN,NaN,NaN,NaN,NaN,NaN,NaN,NaN,NaN,NaN,NaN,NaN,NaN,NaN,NaN,NaN
6468,6297,InferenceEngine,inference_complete,0,176,NaN,NaN,NaN,0,18.527,31.05,0,0,NaN,NaN,NaN,NaN,NaN,NaN,NaN,NaN,NaN,NaN,NaN,NaN,NaN
6468,6449,Logic,frame_complete,-3955190986414698435,176,7,0.737149,75,0,18,31.05,0,0,0,0,0,0.5,0.5,0,0,0,0,43,25.813,48.5135,0
6482,6311,CameraCapture,frame_captured,0,177,7,0.245181,75,NaN,NaN,NaN,NaN,NaN,NaN,NaN,NaN,NaN,NaN,NaN,NaN,NaN,NaN,NaN,NaN,NaN,NaN
6483,6312,ImageProcessor_TPU,frame_processed,0,177,7,1.15057,75,0,NaN,NaN,NaN,NaN,NaN,NaN,NaN,NaN,NaN,NaN,NaN,NaN,NaN,NaN,NaN,NaN,NaN
6489,6318,ImageProcessor_Viz,frame_processed,0,177,7,0.352982,NaN,7,NaN,NaN,NaN,NaN,NaN,NaN,NaN,NaN,NaN,NaN,NaN,NaN,NaN,NaN,NaN,NaN,NaN
6502,6331,InferenceEngine,inference_complete,0,177,NaN,NaN,NaN,0,18.436,31.05,0,0,NaN,NaN,NaN,NaN,NaN,NaN,NaN,NaN,NaN,NaN,NaN,NaN,NaN
6502,6482,Logic,frame_complete,-3955190986414698435,177,7,1.15057,75,0,19,31.05,0,0,0,0,0,0.5,0.5,0,0,0,0,43,25.813,48.5135,0
6515,6344,CameraCapture,frame_captured,0,178,7,0.170862,75,NaN,NaN,NaN,NaN,NaN,NaN,NaN,NaN,NaN,NaN,NaN,NaN,NaN,NaN,NaN,NaN,NaN,NaN
6516,6345,ImageProcessor_TPU,frame_processed,0,178,7,0.788473,75,0,NaN,NaN,NaN,NaN,NaN,NaN,NaN,NaN,NaN,NaN,NaN,NaN,NaN,NaN,NaN,NaN,NaN
6523,6352,ImageProcessor_Viz,frame_processed,0,178,7,0.334593,NaN,8,NaN,NaN,NaN,NaN,NaN,NaN,NaN,NaN,NaN,NaN,NaN,NaN,NaN,NaN,NaN,NaN,NaN
6535,6364,InferenceEngine,inference_complete,0,178,NaN,NaN,NaN,0,18.638,31.05,0.501955,13,NaN,NaN,NaN,NaN,NaN,NaN,NaN,NaN,NaN,NaN,NaN,NaN,NaN
6536,6515,Logic,frame_complete,-3955190986414698435,178,7,0.788473,75,0,19,31.05,0.501955,13,0,0,0,0.5,0.5,0,0,0,0,43,25.813,48.5135,0
6548,6377,CameraCapture,frame_captured,0,179,7,0.150283,75,NaN,NaN,NaN,NaN,NaN,NaN,NaN,NaN,NaN,NaN,NaN,NaN,NaN,NaN,NaN,NaN,NaN,NaN
6549,6378,ImageProcessor_TPU,frame_processed,0,179,7,0.795968,75,0,NaN,NaN,NaN,NaN,NaN,NaN,NaN,NaN,NaN,NaN,NaN,NaN,NaN,NaN,NaN,NaN,NaN
6558,6387,ImageProcessor_Viz,frame_processed,0,179,7,0.332741,NaN,10,NaN,NaN,NaN,NaN,NaN,NaN,NaN,NaN,NaN,NaN,NaN,NaN,NaN,NaN,NaN,NaN,NaN
6568,6397,InferenceEngine,inference_complete,0,179,NaN,NaN,NaN,0,18.968,31.05,0,0,NaN,NaN,NaN,NaN,NaN,NaN,NaN,NaN,NaN,NaN,NaN,NaN,NaN
6568,6548,Logic,frame_complete,-3955190986414698435,179,7,0.795968,75,0,19,31.05,0,0,0,0,0,0.5,0.5,0,0,0,0,43,25.813,48.5135,0
6581,6410,CameraCapture,frame_captured,0,180,7,0.150833,75,NaN,NaN,NaN,NaN,NaN,NaN,NaN,NaN,NaN,NaN,NaN,NaN,NaN,NaN,NaN,NaN,NaN,NaN
6582,6411,ImageProcessor_TPU,frame_processed,0,180,7,1.03156,75,0,NaN,NaN,NaN,NaN,NaN,NaN,NaN,NaN,NaN,NaN,NaN,NaN,NaN,NaN,NaN,NaN,NaN
6588,6417,ImageProcessor_Viz,frame_processed,0,180,7,0.337352,NaN,7,NaN,NaN,NaN,NaN,NaN,NaN,NaN,NaN,NaN,NaN,NaN,NaN,NaN,NaN,NaN,NaN,NaN
6602,6430,InferenceEngine,inference_complete,0,180,NaN,NaN,NaN,0,19.107,31.05,0,0,NaN,NaN,NaN,NaN,NaN,NaN,NaN,NaN,NaN,NaN,NaN,NaN,NaN
6602,6581,Logic,frame_complete,-3955190986414698435,180,7,1.03156,75,0,19,31.05,0,0,0,0,0,0.5,0.5,0,0,0,0,43,25.813,48.5135,0
6615,6444,CameraCapture,frame_captured,0,181,7,0.145903,75,NaN,NaN,NaN,NaN,NaN,NaN,NaN,NaN,NaN,NaN,NaN,NaN,NaN,NaN,NaN,NaN,NaN,NaN
6616,6445,ImageProcessor_TPU,frame_processed,0,181,7,0.708607,75,0,NaN,NaN,NaN,NaN,NaN,NaN,NaN,NaN,NaN,NaN,NaN,NaN,NaN,NaN,NaN,NaN,NaN
6624,6452,ImageProcessor_Viz,frame_processed,0,181,7,0.346814,NaN,7,NaN,NaN,NaN,NaN,NaN,NaN,NaN,NaN,NaN,NaN,NaN,NaN,NaN,NaN,NaN,NaN,NaN
6635,6464,InferenceEngine,inference_complete,0,181,NaN,NaN,NaN,0,18.673,31.05,0.647051,13,NaN,NaN,NaN,NaN,NaN,NaN,NaN,NaN,NaN,NaN,NaN,NaN,NaN
6635,6615,Logic,frame_complete,-3955190986414698435,181,7,0.708607,75,0,19,31.05,0.647051,13,0,0,0,0.5,0.5,0,0,0,0,43,25.813,48.5135,0
6648,6476,CameraCapture,frame_captured,0,182,7,0.146509,75,NaN,NaN,NaN,NaN,NaN,NaN,NaN,NaN,NaN,NaN,NaN,NaN,NaN,NaN,NaN,NaN,NaN,NaN
6649,6477,ImageProcessor_TPU,frame_processed,0,182,7,0.744694,75,0,NaN,NaN,NaN,NaN,NaN,NaN,NaN,NaN,NaN,NaN,NaN,NaN,NaN,NaN,NaN,NaN,NaN
6656,6485,ImageProcessor_Viz,frame_processed,0,182,7,0.331111,NaN,8,NaN,NaN,NaN,NaN,NaN,NaN,NaN,NaN,NaN,NaN,NaN,NaN,NaN,NaN,NaN,NaN,NaN
6667,6496,InferenceEngine,inference_complete,0,182,NaN,NaN,NaN,0,18.425,31.05,0,0,NaN,NaN,NaN,NaN,NaN,NaN,NaN,NaN,NaN,NaN,NaN,NaN,NaN
6667,6647,Logic,frame_complete,-3955190986414698435,182,7,0.744694,75,0,19,31.05,0,0,0,0,0,0.5,0.5,0,0,0,0,43,25.813,48.5135,0
6681,6510,CameraCapture,frame_captured,0,183,7,0.149115,75,NaN,NaN,NaN,NaN,NaN,NaN,NaN,NaN,NaN,NaN,NaN,NaN,NaN,NaN,NaN,NaN,NaN,NaN
6682,6511,ImageProcessor_TPU,frame_processed,0,183,7,0.72119,75,0,NaN,NaN,NaN,NaN,NaN,NaN,NaN,NaN,NaN,NaN,NaN,NaN,NaN,NaN,NaN,NaN,NaN
6689,6518,ImageProcessor_Viz,frame_processed,0,183,7,0.331593,NaN,8,NaN,NaN,NaN,NaN,NaN,NaN,NaN,NaN,NaN,NaN,NaN,NaN,NaN,NaN,NaN,NaN,NaN
6701,6530,InferenceEngine,inference_complete,0,183,NaN,NaN,NaN,0,18.501,31.05,0,0,NaN,NaN,NaN,NaN,NaN,NaN,NaN,NaN,NaN,NaN,NaN,NaN,NaN
6701,6681,Logic,frame_complete,-3955190986414698435,183,7,0.72119,75,0,19,31.05,0,0,0,0,0,0.5,0.5,0,0,0,0,43,25.813,48.5135,0
6714,6543,CameraCapture,frame_captured,0,184,7,0.143944,75,NaN,NaN,NaN,NaN,NaN,NaN,NaN,NaN,NaN,NaN,NaN,NaN,NaN,NaN,NaN,NaN,NaN,NaN
6715,6544,ImageProcessor_TPU,frame_processed,0,184,7,0.722463,75,0,NaN,NaN,NaN,NaN,NaN,NaN,NaN,NaN,NaN,NaN,NaN,NaN,NaN,NaN,NaN,NaN,NaN
6722,6551,ImageProcessor_Viz,frame_processed,0,184,7,0.333352,NaN,8,NaN,NaN,NaN,NaN,NaN,NaN,NaN,NaN,NaN,NaN,NaN,NaN,NaN,NaN,NaN,NaN,NaN
6734,6563,InferenceEngine,inference_complete,0,184,NaN,NaN,NaN,0,18.582,31.05,0,0,NaN,NaN,NaN,NaN,NaN,NaN,NaN,NaN,NaN,NaN,NaN,NaN,NaN
6734,6714,Logic,frame_complete,-3955190986414698435,184,7,0.722463,75,0,19,31.05,0,0,0,0,0,0.5,0.5,0,0,0,0,43,25.813,48.5135,0
6748,6576,CameraCapture,frame_captured,0,185,7,0.234791,75,NaN,NaN,NaN,NaN,NaN,NaN,NaN,NaN,NaN,NaN,NaN,NaN,NaN,NaN,NaN,NaN,NaN,NaN
6749,6578,ImageProcessor_TPU,frame_processed,0,185,7,1.22512,75,0,NaN,NaN,NaN,NaN,NaN,NaN,NaN,NaN,NaN,NaN,NaN,NaN,NaN,NaN,NaN,NaN,NaN
6755,6584,ImageProcessor_Viz,frame_processed,0,185,7,0.342889,NaN,7,NaN,NaN,NaN,NaN,NaN,NaN,NaN,NaN,NaN,NaN,NaN,NaN,NaN,NaN,NaN,NaN,NaN
6768,6597,InferenceEngine,inference_complete,0,185,NaN,NaN,NaN,0,18.428,31.05,0,0,NaN,NaN,NaN,NaN,NaN,NaN,NaN,NaN,NaN,NaN,NaN,NaN,NaN
6768,6747,Logic,frame_complete,-3955190986414698435,185,7,1.22512,75,0,18,31.05,0,0,0,0,0,0.5,0.5,0,0,0,0,43,25.813,48.5135,0
6781,6610,CameraCapture,frame_captured,0,186,7,0.158027,75,NaN,NaN,NaN,NaN,NaN,NaN,NaN,NaN,NaN,NaN,NaN,NaN,NaN,NaN,NaN,NaN,NaN,NaN
6782,6611,ImageProcessor_TPU,frame_processed,0,186,7,0.885768,75,1,NaN,NaN,NaN,NaN,NaN,NaN,NaN,NaN,NaN,NaN,NaN,NaN,NaN,NaN,NaN,NaN,NaN
6789,6617,ImageProcessor_Viz,frame_processed,0,186,7,0.457796,NaN,7,NaN,NaN,NaN,NaN,NaN,NaN,NaN,NaN,NaN,NaN,NaN,NaN,NaN,NaN,NaN,NaN,NaN
6801,6630,InferenceEngine,inference_complete,0,186,NaN,NaN,NaN,1,18.699,31.05,0,0,NaN,NaN,NaN,NaN,NaN,NaN,NaN,NaN,NaN,NaN,NaN,NaN,NaN
6801,6781,Logic,frame_complete,-3955190986414698435,186,7,0.885768,75,1,19,31.05,0,0,0,0,0,0.5,0.5,0,0,0,0,43,25.813,48.5135,0
6815,6643,CameraCapture,frame_captured,0,187,7,0.241208,75,NaN,NaN,NaN,NaN,NaN,NaN,NaN,NaN,NaN,NaN,NaN,NaN,NaN,NaN,NaN,NaN,NaN,NaN
6815,6644,ImageProcessor_TPU,frame_processed,0,187,7,0.850541,75,0,NaN,NaN,NaN,NaN,NaN,NaN,NaN,NaN,NaN,NaN,NaN,NaN,NaN,NaN,NaN,NaN,NaN
6822,6651,ImageProcessor_Viz,frame_processed,0,187,7,0.366093,NaN,7,NaN,NaN,NaN,NaN,NaN,NaN,NaN,NaN,NaN,NaN,NaN,NaN,NaN,NaN,NaN,NaN,NaN
6834,6663,InferenceEngine,inference_complete,0,187,NaN,NaN,NaN,0,18.42,31.05,0,0,NaN,NaN,NaN,NaN,NaN,NaN,NaN,NaN,NaN,NaN,NaN,NaN,NaN
6834,6814,Logic,frame_complete,-3955190986414698435,187,7,0.850541,75,0,18,31.05,0,0,0,0,0,0.5,0.5,0,0,0,0,43,25.813,48.5135,0
6848,6677,CameraCapture,frame_captured,0,188,7,0.145685,75,NaN,NaN,NaN,NaN,NaN,NaN,NaN,NaN,NaN,NaN,NaN,NaN,NaN,NaN,NaN,NaN,NaN,NaN
6850,6678,ImageProcessor_TPU,frame_processed,0,188,7,0.751185,75,0,NaN,NaN,NaN,NaN,NaN,NaN,NaN,NaN,NaN,NaN,NaN,NaN,NaN,NaN,NaN,NaN,NaN
6857,6685,ImageProcessor_Viz,frame_processed,0,188,7,0.337722,NaN,7,NaN,NaN,NaN,NaN,NaN,NaN,NaN,NaN,NaN,NaN,NaN,NaN,NaN,NaN,NaN,NaN,NaN
6868,6697,InferenceEngine,inference_complete,0,188,NaN,NaN,NaN,0,18.47,31.05,0,0,NaN,NaN,NaN,NaN,NaN,NaN,NaN,NaN,NaN,NaN,NaN,NaN,NaN
6868,6848,Logic,frame_complete,-3955190986414698435,188,7,0.751185,75,0,19,31.05,0,0,0,0,0,0.5,0.5,0,0,0,0,43,25.813,48.5135,0
6881,6710,CameraCapture,frame_captured,0,189,7,0.157754,75,NaN,NaN,NaN,NaN,NaN,NaN,NaN,NaN,NaN,NaN,NaN,NaN,NaN,NaN,NaN,NaN,NaN,NaN
6882,6711,ImageProcessor_TPU,frame_processed,0,189,7,0.741069,75,0,NaN,NaN,NaN,NaN,NaN,NaN,NaN,NaN,NaN,NaN,NaN,NaN,NaN,NaN,NaN,NaN,NaN
6889,6718,ImageProcessor_Viz,frame_processed,0,189,7,0.34137,NaN,8,NaN,NaN,NaN,NaN,NaN,NaN,NaN,NaN,NaN,NaN,NaN,NaN,NaN,NaN,NaN,NaN,NaN
6901,6730,InferenceEngine,inference_complete,0,189,NaN,NaN,NaN,0,18.772,31.05,0,0,NaN,NaN,NaN,NaN,NaN,NaN,NaN,NaN,NaN,NaN,NaN,NaN,NaN
6901,6881,Logic,frame_complete,-3955190986414698435,189,7,0.741069,75,0,19,31.05,0,0,0,0,0,0.5,0.5,0,0,0,0,43,25.813,48.5135,0
6915,6744,CameraCapture,frame_captured,0,190,7,0.141916,75,NaN,NaN,NaN,NaN,NaN,NaN,NaN,NaN,NaN,NaN,NaN,NaN,NaN,NaN,NaN,NaN,NaN,NaN
6916,6745,ImageProcessor_TPU,frame_processed,0,190,7,0.766175,75,0,NaN,NaN,NaN,NaN,NaN,NaN,NaN,NaN,NaN,NaN,NaN,NaN,NaN,NaN,NaN,NaN,NaN
6923,6751,ImageProcessor_Viz,frame_processed,0,190,7,0.338055,NaN,7,NaN,NaN,NaN,NaN,NaN,NaN,NaN,NaN,NaN,NaN,NaN,NaN,NaN,NaN,NaN,NaN,NaN
6935,6764,InferenceEngine,inference_complete,0,190,NaN,NaN,NaN,0,19.124,31.05,0,0,NaN,NaN,NaN,NaN,NaN,NaN,NaN,NaN,NaN,NaN,NaN,NaN,NaN
6936,6915,Logic,frame_complete,-3955190986414698435,190,7,0.766175,75,0,19,31.05,0,0,0,0,0,0.5,0.5,0,0,0,0,43,25.813,48.5135,0
6948,6776,CameraCapture,frame_captured,0,191,7,0.142244,75,NaN,NaN,NaN,NaN,NaN,NaN,NaN,NaN,NaN,NaN,NaN,NaN,NaN,NaN,NaN,NaN,NaN,NaN
6949,6778,ImageProcessor_TPU,frame_processed,0,191,7,0.722337,75,1,NaN,NaN,NaN,NaN,NaN,NaN,NaN,NaN,NaN,NaN,NaN,NaN,NaN,NaN,NaN,NaN,NaN
6955,6784,ImageProcessor_Viz,frame_processed,0,191,7,0.332111,NaN,7,NaN,NaN,NaN,NaN,NaN,NaN,NaN,NaN,NaN,NaN,NaN,NaN,NaN,NaN,NaN,NaN,NaN
6968,6796,InferenceEngine,inference_complete,0,191,NaN,NaN,NaN,1,18.694,31.05,0,0,NaN,NaN,NaN,NaN,NaN,NaN,NaN,NaN,NaN,NaN,NaN,NaN,NaN
6968,6947,Logic,frame_complete,-3955190986414698435,191,7,0.722337,75,1,18,31.05,0,0,0,0,0,0.5,0.5,0,0,0,0,43,25.813,48.5135,0
6982,6810,CameraCapture,frame_captured,0,192,7,0.229814,75,NaN,NaN,NaN,NaN,NaN,NaN,NaN,NaN,NaN,NaN,NaN,NaN,NaN,NaN,NaN,NaN,NaN,NaN
6983,6812,ImageProcessor_TPU,frame_processed,0,192,7,1.28767,75,0,NaN,NaN,NaN,NaN,NaN,NaN,NaN,NaN,NaN,NaN,NaN,NaN,NaN,NaN,NaN,NaN,NaN
6989,6818,ImageProcessor_Viz,frame_processed,0,192,7,0.462964,NaN,7,NaN,NaN,NaN,NaN,NaN,NaN,NaN,NaN,NaN,NaN,NaN,NaN,NaN,NaN,NaN,NaN,NaN
7005,6833,InferenceEngine,inference_complete,0,192,NaN,NaN,NaN,0,20.934,31.05,0,0,NaN,NaN,NaN,NaN,NaN,NaN,NaN,NaN,NaN,NaN,NaN,NaN,NaN
7005,6981,Logic,frame_complete,-3955190986414698435,192,7,1.28767,75,0,21,31.05,0,0,0,0,0,0.5,0.5,0,0,0,0,43,25.813,48.5135,0
7014,6843,CameraCapture,frame_captured,0,193,7,0.149568,75,NaN,NaN,NaN,NaN,NaN,NaN,NaN,NaN,NaN,NaN,NaN,NaN,NaN,NaN,NaN,NaN,NaN,NaN
7015,6844,ImageProcessor_TPU,frame_processed,0,193,7,0.759883,75,0,NaN,NaN,NaN,NaN,NaN,NaN,NaN,NaN,NaN,NaN,NaN,NaN,NaN,NaN,NaN,NaN,NaN
7022,6850,ImageProcessor_Viz,frame_processed,0,193,7,0.332871,NaN,7,NaN,NaN,NaN,NaN,NaN,NaN,NaN,NaN,NaN,NaN,NaN,NaN,NaN,NaN,NaN,NaN,NaN
7035,6864,InferenceEngine,inference_complete,0,193,NaN,NaN,NaN,0,19.878,31.05,0,0,NaN,NaN,NaN,NaN,NaN,NaN,NaN,NaN,NaN,NaN,NaN,NaN,NaN
7035,7014,Logic,frame_complete,-3955190986414698435,193,7,0.759883,75,0,20,31.05,0,0,0,0,0,0.5,0.5,0,0,0,0,43,25.813,48.5135,0
7048,6877,CameraCapture,frame_captured,0,194,7,0.240638,75,NaN,NaN,NaN,NaN,NaN,NaN,NaN,NaN,NaN,NaN,NaN,NaN,NaN,NaN,NaN,NaN,NaN,NaN
7050,6879,ImageProcessor_TPU,frame_processed,0,194,7,1.1329,75,1,NaN,NaN,NaN,NaN,NaN,NaN,NaN,NaN,NaN,NaN,NaN,NaN,NaN,NaN,NaN,NaN,NaN
7056,6885,ImageProcessor_Viz,frame_processed,0,194,7,0.349185,NaN,7,NaN,NaN,NaN,NaN,NaN,NaN,NaN,NaN,NaN,NaN,NaN,NaN,NaN,NaN,NaN,NaN,NaN
7069,6898,InferenceEngine,inference_complete,0,194,NaN,NaN,NaN,1,18.627,31.05,0,0,NaN,NaN,NaN,NaN,NaN,NaN,NaN,NaN,NaN,NaN,NaN,NaN,NaN
7069,7048,Logic,frame_complete,-3955190986414698435,194,7,1.1329,75,1,18,31.05,0,0,0,0,0,0.5,0.5,0,0,0,0,43,25.813,48.5135,0
7081,6910,CameraCapture,frame_captured,0,195,7,0.140411,75,NaN,NaN,NaN,NaN,NaN,NaN,NaN,NaN,NaN,NaN,NaN,NaN,NaN,NaN,NaN,NaN,NaN,NaN
7082,6911,ImageProcessor_TPU,frame_processed,0,195,7,0.695003,75,1,NaN,NaN,NaN,NaN,NaN,NaN,NaN,NaN,NaN,NaN,NaN,NaN,NaN,NaN,NaN,NaN,NaN
7089,6918,ImageProcessor_Viz,frame_processed,0,195,7,0.337018,NaN,8,NaN,NaN,NaN,NaN,NaN,NaN,NaN,NaN,NaN,NaN,NaN,NaN,NaN,NaN,NaN,NaN,NaN
7101,6929,InferenceEngine,inference_complete,0,195,NaN,NaN,NaN,1,18.57,31.05,0,0,NaN,NaN,NaN,NaN,NaN,NaN,NaN,NaN,NaN,NaN,NaN,NaN,NaN
7101,7081,Logic,frame_complete,-3955190986414698435,195,7,0.695003,75,1,18,31.05,0,0,0,0,0,0.5,0.5,0,0,0,0,43,25.813,48.5135,0
7115,6944,CameraCapture,frame_captured,0,196,7,0.14048,75,NaN,NaN,NaN,NaN,NaN,NaN,NaN,NaN,NaN,NaN,NaN,NaN,NaN,NaN,NaN,NaN,NaN,NaN
7116,6945,ImageProcessor_TPU,frame_processed,0,196,7,0.750073,75,1,NaN,NaN,NaN,NaN,NaN,NaN,NaN,NaN,NaN,NaN,NaN,NaN,NaN,NaN,NaN,NaN,NaN
7123,6951,ImageProcessor_Viz,frame_processed,0,196,7,0.332778,NaN,7,NaN,NaN,NaN,NaN,NaN,NaN,NaN,NaN,NaN,NaN,NaN,NaN,NaN,NaN,NaN,NaN,NaN
7135,6964,InferenceEngine,inference_complete,0,196,NaN,NaN,NaN,1,18.955,31.05,0,0,NaN,NaN,NaN,NaN,NaN,NaN,NaN,NaN,NaN,NaN,NaN,NaN,NaN
7135,7115,Logic,frame_complete,-3955190986414698435,196,7,0.750073,75,1,19,31.05,0,0,0,0,0,0.5,0.5,0,0,0,0,43,25.813,48.5135,0
7147,6976,CameraCapture,frame_captured,0,197,7,0.152105,75,NaN,NaN,NaN,NaN,NaN,NaN,NaN,NaN,NaN,NaN,NaN,NaN,NaN,NaN,NaN,NaN,NaN,NaN
7149,6978,ImageProcessor_TPU,frame_processed,0,197,7,1.08109,75,1,NaN,NaN,NaN,NaN,NaN,NaN,NaN,NaN,NaN,NaN,NaN,NaN,NaN,NaN,NaN,NaN,NaN
7155,6983,ImageProcessor_Viz,frame_processed,0,197,7,0.332,NaN,7,NaN,NaN,NaN,NaN,NaN,NaN,NaN,NaN,NaN,NaN,NaN,NaN,NaN,NaN,NaN,NaN,NaN
7168,6996,InferenceEngine,inference_complete,0,197,NaN,NaN,NaN,1,18.603,31.05,0,0,NaN,NaN,NaN,NaN,NaN,NaN,NaN,NaN,NaN,NaN,NaN,NaN,NaN
7168,7147,Logic,frame_complete,-3955190986414698435,197,7,1.08109,75,1,18,31.05,0,0,0,0,0,0.5,0.5,0,0,0,0,43,25.813,48.5135,0
7182,7010,CameraCapture,frame_captured,0,198,7,0.150545,75,NaN,NaN,NaN,NaN,NaN,NaN,NaN,NaN,NaN,NaN,NaN,NaN,NaN,NaN,NaN,NaN,NaN,NaN
7183,7012,ImageProcessor_TPU,frame_processed,0,198,7,1.02627,75,1,NaN,NaN,NaN,NaN,NaN,NaN,NaN,NaN,NaN,NaN,NaN,NaN,NaN,NaN,NaN,NaN,NaN
7189,7018,ImageProcessor_Viz,frame_processed,0,198,7,0.330352,NaN,7,NaN,NaN,NaN,NaN,NaN,NaN,NaN,NaN,NaN,NaN,NaN,NaN,NaN,NaN,NaN,NaN,NaN
7203,7031,InferenceEngine,inference_complete,0,198,NaN,NaN,NaN,1,19.321,31.05,0,0,NaN,NaN,NaN,NaN,NaN,NaN,NaN,NaN,NaN,NaN,NaN,NaN,NaN
7203,7181,Logic,frame_complete,-3955190986414698435,198,7,1.02627,75,1,19,31.05,0,0,0,0,0,0.5,0.5,0,0,0,0,43,25.813,48.5135,0
7214,7043,CameraCapture,frame_captured,0,199,7,0.141151,75,NaN,NaN,NaN,NaN,NaN,NaN,NaN,NaN,NaN,NaN,NaN,NaN,NaN,NaN,NaN,NaN,NaN,NaN
7215,7044,ImageProcessor_TPU,frame_processed,0,199,7,0.848318,75,0,NaN,NaN,NaN,NaN,NaN,NaN,NaN,NaN,NaN,NaN,NaN,NaN,NaN,NaN,NaN,NaN,NaN
7222,7050,ImageProcessor_Viz,frame_processed,0,199,7,0.336278,NaN,7,NaN,NaN,NaN,NaN,NaN,NaN,NaN,NaN,NaN,NaN,NaN,NaN,NaN,NaN,NaN,NaN,NaN
7235,7063,InferenceEngine,inference_complete,0,199,NaN,NaN,NaN,0,18.75,31.3,0,0,NaN,NaN,NaN,NaN,NaN,NaN,NaN,NaN,NaN,NaN,NaN,NaN,NaN
7235,7214,Logic,frame_complete,-3955190986414698435,199,7,0.848318,75,0,19,31.3,0,0,0,0,0,0.5,0.5,0,0,0,0,43,25.813,48.5135,0
7247,7076,CameraCapture,frame_captured,0,200,7,0.149109,75,NaN,NaN,NaN,NaN,NaN,NaN,NaN,NaN,NaN,NaN,NaN,NaN,NaN,NaN,NaN,NaN,NaN,NaN
7248,7077,ImageProcessor_TPU,frame_processed,0,200,7,0.772406,75,0,NaN,NaN,NaN,NaN,NaN,NaN,NaN,NaN,NaN,NaN,NaN,NaN,NaN,NaN,NaN,NaN,NaN
7255,7084,ImageProcessor_Viz,frame_processed,0,200,7,0.333556,NaN,7,NaN,NaN,NaN,NaN,NaN,NaN,NaN,NaN,NaN,NaN,NaN,NaN,NaN,NaN,NaN,NaN,NaN
7267,7096,InferenceEngine,inference_complete,0,200,NaN,NaN,NaN,0,18.706,31.3,0,0,NaN,NaN,NaN,NaN,NaN,NaN,NaN,NaN,NaN,NaN,NaN,NaN,NaN
7267,7247,Logic,frame_complete,-3955190986414698435,200,7,0.772406,75,0,19,31.3,0,0,0,0,0,0.5,0.5,0,0,0,0,43,25.813,48.5135,0
7281,7109,CameraCapture,frame_captured,0,201,7,0.152901,75,NaN,NaN,NaN,NaN,NaN,NaN,NaN,NaN,NaN,NaN,NaN,NaN,NaN,NaN,NaN,NaN,NaN,NaN
7282,7110,ImageProcessor_TPU,frame_processed,0,201,7,0.743475,75,0,NaN,NaN,NaN,NaN,NaN,NaN,NaN,NaN,NaN,NaN,NaN,NaN,NaN,NaN,NaN,NaN,NaN
7290,7118,ImageProcessor_Viz,frame_processed,0,201,7,0.35226,NaN,8,NaN,NaN,NaN,NaN,NaN,NaN,NaN,NaN,NaN,NaN,NaN,NaN,NaN,NaN,NaN,NaN,NaN
7302,7130,InferenceEngine,inference_complete,0,201,NaN,NaN,NaN,0,19.405,31.3,0,0,NaN,NaN,NaN,NaN,NaN,NaN,NaN,NaN,NaN,NaN,NaN,NaN,NaN
7302,7280,Logic,frame_complete,-3955190986414698435,201,7,0.743475,75,0,19,31.3,0,0,0,0,0,0.5,0.5,0,0,0,0,43,25.813,48.5135,0
7315,7144,CameraCapture,frame_captured,0,202,7,0.229785,75,NaN,NaN,NaN,NaN,NaN,NaN,NaN,NaN,NaN,NaN,NaN,NaN,NaN,NaN,NaN,NaN,NaN,NaN
7317,7146,ImageProcessor_TPU,frame_processed,0,202,7,1.7913,75,1,NaN,NaN,NaN,NaN,NaN,NaN,NaN,NaN,NaN,NaN,NaN,NaN,NaN,NaN,NaN,NaN,NaN
7323,7151,ImageProcessor_Viz,frame_processed,0,202,7,0.350185,NaN,7,NaN,NaN,NaN,NaN,NaN,NaN,NaN,NaN,NaN,NaN,NaN,NaN,NaN,NaN,NaN,NaN,NaN
7336,7165,InferenceEngine,inference_complete,0,202,NaN,NaN,NaN,1,18.688,31.3,0,0,NaN,NaN,NaN,NaN,NaN,NaN,NaN,NaN,NaN,NaN,NaN,NaN,NaN
7336,7315,Logic,frame_complete,-3955190986414698435,202,7,1.7913,75,1,19,31.3,0,0,0,0,0,0.5,0.5,0,0,0,0,43,25.813,48.5135,0
7347,7175,CameraCapture,frame_captured,0,203,7,0.156558,75,NaN,NaN,NaN,NaN,NaN,NaN,NaN,NaN,NaN,NaN,NaN,NaN,NaN,NaN,NaN,NaN,NaN,NaN
7348,7177,ImageProcessor_TPU,frame_processed,0,203,7,0.835002,75,1,NaN,NaN,NaN,NaN,NaN,NaN,NaN,NaN,NaN,NaN,NaN,NaN,NaN,NaN,NaN,NaN,NaN
7354,7183,ImageProcessor_Viz,frame_processed,0,203,7,0.321778,NaN,7,NaN,NaN,NaN,NaN,NaN,NaN,NaN,NaN,NaN,NaN,NaN,NaN,NaN,NaN,NaN,NaN,NaN
7367,7196,InferenceEngine,inference_complete,0,203,NaN,NaN,NaN,1,18.908,31.3,0,0,NaN,NaN,NaN,NaN,NaN,NaN,NaN,NaN,NaN,NaN,NaN,NaN,NaN
7367,7346,Logic,frame_complete,-3955190986414698435,203,7,0.835002,75,1,19,31.3,0,0,0,0,0,0.5,0.5,0,0,0,0,43,25.813,48.5135,0
7381,7210,CameraCapture,frame_captured,0,204,7,0.139887,75,NaN,NaN,NaN,NaN,NaN,NaN,NaN,NaN,NaN,NaN,NaN,NaN,NaN,NaN,NaN,NaN,NaN,NaN
7383,7212,ImageProcessor_TPU,frame_processed,0,204,7,0.709535,75,1,NaN,NaN,NaN,NaN,NaN,NaN,NaN,NaN,NaN,NaN,NaN,NaN,NaN,NaN,NaN,NaN,NaN
7390,7218,ImageProcessor_Viz,frame_processed,0,204,7,0.352834,NaN,7,NaN,NaN,NaN,NaN,NaN,NaN,NaN,NaN,NaN,NaN,NaN,NaN,NaN,NaN,NaN,NaN,NaN
7401,7230,InferenceEngine,inference_complete,0,204,NaN,NaN,NaN,1,18.57,31.3,0,0,NaN,NaN,NaN,NaN,NaN,NaN,NaN,NaN,NaN,NaN,NaN,NaN,NaN
7402,7381,Logic,frame_complete,-3955190986414698435,204,7,0.709535,75,1,18,31.3,0,0,0,0,0,0.5,0.5,0,0,0,0,43,25.813,48.5135,0
7414,7243,CameraCapture,frame_captured,0,205,7,0.227956,75,NaN,NaN,NaN,NaN,NaN,NaN,NaN,NaN,NaN,NaN,NaN,NaN,NaN,NaN,NaN,NaN,NaN,NaN
7415,7244,ImageProcessor_TPU,frame_processed,0,205,7,0.985604,75,1,NaN,NaN,NaN,NaN,NaN,NaN,NaN,NaN,NaN,NaN,NaN,NaN,NaN,NaN,NaN,NaN,NaN
7422,7250,ImageProcessor_Viz,frame_processed,0,205,7,0.364093,NaN,7,NaN,NaN,NaN,NaN,NaN,NaN,NaN,NaN,NaN,NaN,NaN,NaN,NaN,NaN,NaN,NaN,NaN
7434,7263,InferenceEngine,inference_complete,0,205,NaN,NaN,NaN,1,18.703,31.3,0,0,NaN,NaN,NaN,NaN,NaN,NaN,NaN,NaN,NaN,NaN,NaN,NaN,NaN
7434,7414,Logic,frame_complete,-3955190986414698435,205,7,0.985604,75,1,19,31.3,0,0,0,0,0,0.5,0.5,0,0,0,0,43,25.813,48.5135,0
7447,7276,CameraCapture,frame_captured,0,206,7,0.241044,75,NaN,NaN,NaN,NaN,NaN,NaN,NaN,NaN,NaN,NaN,NaN,NaN,NaN,NaN,NaN,NaN,NaN,NaN
7449,7278,ImageProcessor_TPU,frame_processed,0,206,7,1.19756,75,0,NaN,NaN,NaN,NaN,NaN,NaN,NaN,NaN,NaN,NaN,NaN,NaN,NaN,NaN,NaN,NaN,NaN
7455,7284,ImageProcessor_Viz,frame_processed,0,206,7,0.347333,NaN,7,NaN,NaN,NaN,NaN,NaN,NaN,NaN,NaN,NaN,NaN,NaN,NaN,NaN,NaN,NaN,NaN,NaN
7468,7297,InferenceEngine,inference_complete,0,206,NaN,NaN,NaN,0,18.884,31.3,0,0,NaN,NaN,NaN,NaN,NaN,NaN,NaN,NaN,NaN,NaN,NaN,NaN,NaN
7468,7447,Logic,frame_complete,-3955190986414698435,206,7,1.19756,75,0,19,31.3,0,0,0,0,0,0.5,0.5,0,0,0,0,43,25.813,48.5135,0
7480,7309,CameraCapture,frame_captured,0,207,7,0.144446,75,NaN,NaN,NaN,NaN,NaN,NaN,NaN,NaN,NaN,NaN,NaN,NaN,NaN,NaN,NaN,NaN,NaN,NaN
7481,7310,ImageProcessor_TPU,frame_processed,0,207,7,0.759076,75,1,NaN,NaN,NaN,NaN,NaN,NaN,NaN,NaN,NaN,NaN,NaN,NaN,NaN,NaN,NaN,NaN,NaN
7487,7316,ImageProcessor_Viz,frame_processed,0,207,7,0.347241,NaN,7,NaN,NaN,NaN,NaN,NaN,NaN,NaN,NaN,NaN,NaN,NaN,NaN,NaN,NaN,NaN,NaN,NaN
7500,7329,InferenceEngine,inference_complete,0,207,NaN,NaN,NaN,1,18.76,31.3,0,0,NaN,NaN,NaN,NaN,NaN,NaN,NaN,NaN,NaN,NaN,NaN,NaN,NaN
7500,7480,Logic,frame_complete,-3955190986414698435,207,7,0.759076,75,1,19,31.3,0,0,0,0,0,0.5,0.5,0,0,0,0,43,25.813,48.5135,0
7514,7343,CameraCapture,frame_captured,0,208,7,0.228071,75,NaN,NaN,NaN,NaN,NaN,NaN,NaN,NaN,NaN,NaN,NaN,NaN,NaN,NaN,NaN,NaN,NaN,NaN
7515,7344,ImageProcessor_TPU,frame_processed,0,208,7,1.11668,75,0,NaN,NaN,NaN,NaN,NaN,NaN,NaN,NaN,NaN,NaN,NaN,NaN,NaN,NaN,NaN,NaN,NaN
7521,7350,ImageProcessor_Viz,frame_processed,0,208,7,0.340649,NaN,7,NaN,NaN,NaN,NaN,NaN,NaN,NaN,NaN,NaN,NaN,NaN,NaN,NaN,NaN,NaN,NaN,NaN
7534,7363,InferenceEngine,inference_complete,0,208,NaN,NaN,NaN,0,18.746,31.3,0,0,NaN,NaN,NaN,NaN,NaN,NaN,NaN,NaN,NaN,NaN,NaN,NaN,NaN
7534,7514,Logic,frame_complete,-3955190986414698435,208,7,1.11668,75,0,19,31.3,0,0,0,0,0,0.5,0.5,0,0,0,0,43,25.813,48.5135,0
7547,7376,CameraCapture,frame_captured,0,209,7,0.21627,75,NaN,NaN,NaN,NaN,NaN,NaN,NaN,NaN,NaN,NaN,NaN,NaN,NaN,NaN,NaN,NaN,NaN,NaN
7548,7377,ImageProcessor_TPU,frame_processed,0,209,7,0.767122,75,0,NaN,NaN,NaN,NaN,NaN,NaN,NaN,NaN,NaN,NaN,NaN,NaN,NaN,NaN,NaN,NaN,NaN
7558,7387,ImageProcessor_Viz,frame_processed,0,209,7,0.333074,NaN,10,NaN,NaN,NaN,NaN,NaN,NaN,NaN,NaN,NaN,NaN,NaN,NaN,NaN,NaN,NaN,NaN,NaN
7568,7397,InferenceEngine,inference_complete,0,209,NaN,NaN,NaN,0,19.115,31.3,0,0,NaN,NaN,NaN,NaN,NaN,NaN,NaN,NaN,NaN,NaN,NaN,NaN,NaN
7568,7547,Logic,frame_complete,-3955190986414698435,209,7,0.767122,75,0,20,31.3,0,0,0,0,0,0.5,0.5,0,0,0,0,43,25.813,48.5135,0
7581,7410,CameraCapture,frame_captured,0,210,7,0.140432,75,NaN,NaN,NaN,NaN,NaN,NaN,NaN,NaN,NaN,NaN,NaN,NaN,NaN,NaN,NaN,NaN,NaN,NaN
7582,7411,ImageProcessor_TPU,frame_processed,0,210,7,0.753562,75,0,NaN,NaN,NaN,NaN,NaN,NaN,NaN,NaN,NaN,NaN,NaN,NaN,NaN,NaN,NaN,NaN,NaN
7589,7418,ImageProcessor_Viz,frame_processed,0,210,7,0.337389,NaN,7,NaN,NaN,NaN,NaN,NaN,NaN,NaN,NaN,NaN,NaN,NaN,NaN,NaN,NaN,NaN,NaN,NaN
7601,7430,InferenceEngine,inference_complete,0,210,NaN,NaN,NaN,0,18.47,31.3,0,0,NaN,NaN,NaN,NaN,NaN,NaN,NaN,NaN,NaN,NaN,NaN,NaN,NaN
7601,7581,Logic,frame_complete,-3955190986414698435,210,7,0.753562,75,0,19,31.3,0,0,0,0,0,0.5,0.5,0,0,0,0,43,25.813,48.5135,0
7613,7442,CameraCapture,frame_captured,0,211,7,0.243112,75,NaN,NaN,NaN,NaN,NaN,NaN,NaN,NaN,NaN,NaN,NaN,NaN,NaN,NaN,NaN,NaN,NaN,NaN
7615,7444,ImageProcessor_TPU,frame_processed,0,211,7,1.23189,75,1,NaN,NaN,NaN,NaN,NaN,NaN,NaN,NaN,NaN,NaN,NaN,NaN,NaN,NaN,NaN,NaN,NaN
7621,7449,ImageProcessor_Viz,frame_processed,0,211,7,0.348222,NaN,7,NaN,NaN,NaN,NaN,NaN,NaN,NaN,NaN,NaN,NaN,NaN,NaN,NaN,NaN,NaN,NaN,NaN
7634,7463,InferenceEngine,inference_complete,0,211,NaN,NaN,NaN,1,18.588,31.3,0,0,NaN,NaN,NaN,NaN,NaN,NaN,NaN,NaN,NaN,NaN,NaN,NaN,NaN
7634,7613,Logic,frame_complete,-3955190986414698435,211,7,1.23189,75,1,19,31.3,0,0,0,0,0,0.5,0.5,0,0,0,0,43,25.813,48.5135,0
7647,7476,CameraCapture,frame_captured,0,212,7,0.242218,75,NaN,NaN,NaN,NaN,NaN,NaN,NaN,NaN,NaN,NaN,NaN,NaN,NaN,NaN,NaN,NaN,NaN,NaN
7649,7478,ImageProcessor_TPU,frame_processed,0,212,7,1.40814,75,1,NaN,NaN,NaN,NaN,NaN,NaN,NaN,NaN,NaN,NaN,NaN,NaN,NaN,NaN,NaN,NaN,NaN
7655,7483,ImageProcessor_Viz,frame_processed,0,212,7,0.340908,NaN,7,NaN,NaN,NaN,NaN,NaN,NaN,NaN,NaN,NaN,NaN,NaN,NaN,NaN,NaN,NaN,NaN,NaN
7668,7497,InferenceEngine,inference_complete,0,212,NaN,NaN,NaN,1,18.742,31.3,0,0,NaN,NaN,NaN,NaN,NaN,NaN,NaN,NaN,NaN,NaN,NaN,NaN,NaN
7668,7647,Logic,frame_complete,-3955190986414698435,212,7,1.40814,75,1,19,31.3,0,0,0,0,0,0.5,0.5,0,0,0,0,43,25.813,48.5135,0
7681,7509,CameraCapture,frame_captured,0,213,7,0.235269,75,NaN,NaN,NaN,NaN,NaN,NaN,NaN,NaN,NaN,NaN,NaN,NaN,NaN,NaN,NaN,NaN,NaN,NaN
7682,7510,ImageProcessor_TPU,frame_processed,0,213,7,0.885473,75,0,NaN,NaN,NaN,NaN,NaN,NaN,NaN,NaN,NaN,NaN,NaN,NaN,NaN,NaN,NaN,NaN,NaN
7688,7517,ImageProcessor_Viz,frame_processed,0,213,7,0.350148,NaN,7,NaN,NaN,NaN,NaN,NaN,NaN,NaN,NaN,NaN,NaN,NaN,NaN,NaN,NaN,NaN,NaN,NaN
7700,7529,InferenceEngine,inference_complete,0,213,NaN,NaN,NaN,0,18.497,31.3,0,0,NaN,NaN,NaN,NaN,NaN,NaN,NaN,NaN,NaN,NaN,NaN,NaN,NaN
7701,7680,Logic,frame_complete,-3955190986414698435,213,7,0.885473,75,0,18,31.3,0,0,0,0,0,0.5,0.5,0,0,0,0,43,25.813,48.5135,0
7714,7542,CameraCapture,frame_captured,0,214,7,0.139893,75,NaN,NaN,NaN,NaN,NaN,NaN,NaN,NaN,NaN,NaN,NaN,NaN,NaN,NaN,NaN,NaN,NaN,NaN
7715,7543,ImageProcessor_TPU,frame_processed,0,214,7,0.699301,75,0,NaN,NaN,NaN,NaN,NaN,NaN,NaN,NaN,NaN,NaN,NaN,NaN,NaN,NaN,NaN,NaN,NaN
7722,7551,ImageProcessor_Viz,frame_processed,0,214,7,0.334129,NaN,8,NaN,NaN,NaN,NaN,NaN,NaN,NaN,NaN,NaN,NaN,NaN,NaN,NaN,NaN,NaN,NaN,NaN
7735,7563,InferenceEngine,inference_complete,0,214,NaN,NaN,NaN,0,19.647,31.3,0,0,NaN,NaN,NaN,NaN,NaN,NaN,NaN,NaN,NaN,NaN,NaN,NaN,NaN
7735,7713,Logic,frame_complete,-3955190986414698435,214,7,0.699301,75,0,19,31.3,0,0,0,0,0,0.5,0.5,0,0,0,0,43,25.813,48.5135,0
7746,7575,CameraCapture,frame_captured,0,215,7,0.149666,75,NaN,NaN,NaN,NaN,NaN,NaN,NaN,NaN,NaN,NaN,NaN,NaN,NaN,NaN,NaN,NaN,NaN,NaN
7747,7576,ImageProcessor_TPU,frame_processed,0,215,7,0.745592,75,0,NaN,NaN,NaN,NaN,NaN,NaN,NaN,NaN,NaN,NaN,NaN,NaN,NaN,NaN,NaN,NaN,NaN
7754,7583,ImageProcessor_Viz,frame_processed,0,215,7,0.334075,NaN,8,NaN,NaN,NaN,NaN,NaN,NaN,NaN,NaN,NaN,NaN,NaN,NaN,NaN,NaN,NaN,NaN,NaN
7769,7597,InferenceEngine,inference_complete,0,215,NaN,NaN,NaN,0,19.855,31.3,0,0,NaN,NaN,NaN,NaN,NaN,NaN,NaN,NaN,NaN,NaN,NaN,NaN,NaN
7769,7746,Logic,frame_complete,-3955190986414698435,215,7,0.745592,75,0,19,31.3,0,0,0,0,0,0.5,0.5,0,0,0,0,43,25.813,48.5135,0
7781,7610,CameraCapture,frame_captured,0,216,7,0.149977,75,NaN,NaN,NaN,NaN,NaN,NaN,NaN,NaN,NaN,NaN,NaN,NaN,NaN,NaN,NaN,NaN,NaN,NaN
7783,7611,ImageProcessor_TPU,frame_processed,0,216,7,1.08705,75,0,NaN,NaN,NaN,NaN,NaN,NaN,NaN,NaN,NaN,NaN,NaN,NaN,NaN,NaN,NaN,NaN,NaN
7789,7618,ImageProcessor_Viz,frame_processed,0,216,7,0.341593,NaN,8,NaN,NaN,NaN,NaN,NaN,NaN,NaN,NaN,NaN,NaN,NaN,NaN,NaN,NaN,NaN,NaN,NaN
7802,7630,InferenceEngine,inference_complete,0,216,NaN,NaN,NaN,0,18.639,31.3,0,0,NaN,NaN,NaN,NaN,NaN,NaN,NaN,NaN,NaN,NaN,NaN,NaN,NaN
7802,7781,Logic,frame_complete,-3955190986414698435,216,7,1.08705,75,0,18,31.3,0,0,0,0,0,0.5,0.5,0,0,0,0,43,25.813,48.5135,0
7814,7642,CameraCapture,frame_captured,0,217,7,0.178101,75,NaN,NaN,NaN,NaN,NaN,NaN,NaN,NaN,NaN,NaN,NaN,NaN,NaN,NaN,NaN,NaN,NaN,NaN
7815,7644,ImageProcessor_TPU,frame_processed,0,217,7,0.819083,75,1,NaN,NaN,NaN,NaN,NaN,NaN,NaN,NaN,NaN,NaN,NaN,NaN,NaN,NaN,NaN,NaN,NaN
7821,7650,ImageProcessor_Viz,frame_processed,0,217,7,0.355407,NaN,7,NaN,NaN,NaN,NaN,NaN,NaN,NaN,NaN,NaN,NaN,NaN,NaN,NaN,NaN,NaN,NaN,NaN
7835,7664,InferenceEngine,inference_complete,0,217,NaN,NaN,NaN,1,19.826,31.3,0,0,NaN,NaN,NaN,NaN,NaN,NaN,NaN,NaN,NaN,NaN,NaN,NaN,NaN
7835,7813,Logic,frame_complete,-3955190986414698435,217,7,0.819083,75,1,20,31.3,0,0,0,0,0,0.5,0.5,0,0,0,0,43,25.813,48.5135,0
7847,7676,CameraCapture,frame_captured,0,218,7,0.140559,75,NaN,NaN,NaN,NaN,NaN,NaN,NaN,NaN,NaN,NaN,NaN,NaN,NaN,NaN,NaN,NaN,NaN,NaN
7849,7677,ImageProcessor_TPU,frame_processed,0,218,7,1.07912,75,0,NaN,NaN,NaN,NaN,NaN,NaN,NaN,NaN,NaN,NaN,NaN,NaN,NaN,NaN,NaN,NaN,NaN
7854,7683,ImageProcessor_Viz,frame_processed,0,218,7,0.340982,NaN,7,NaN,NaN,NaN,NaN,NaN,NaN,NaN,NaN,NaN,NaN,NaN,NaN,NaN,NaN,NaN,NaN,NaN
7868,7697,InferenceEngine,inference_complete,0,218,NaN,NaN,NaN,0,19.712,31.3,0,0,NaN,NaN,NaN,NaN,NaN,NaN,NaN,NaN,NaN,NaN,NaN,NaN,NaN
7869,7847,Logic,frame_complete,-3955190986414698435,218,7,1.07912,75,0,20,31.3,0,0,0,0,0,0.5,0.5,0,0,0,0,43,25.813,48.5135,0
7880,7708,CameraCapture,frame_captured,0,219,7,0.143035,75,NaN,NaN,NaN,NaN,NaN,NaN,NaN,NaN,NaN,NaN,NaN,NaN,NaN,NaN,NaN,NaN,NaN,NaN
7880,7709,ImageProcessor_TPU,frame_processed,0,219,7,0.742369,75,0,NaN,NaN,NaN,NaN,NaN,NaN,NaN,NaN,NaN,NaN,NaN,NaN,NaN,NaN,NaN,NaN,NaN
7888,7717,ImageProcessor_Viz,frame_processed,0,219,7,0.368093,NaN,7,NaN,NaN,NaN,NaN,NaN,NaN,NaN,NaN,NaN,NaN,NaN,NaN,NaN,NaN,NaN,NaN,NaN
7899,7728,InferenceEngine,inference_complete,0,219,NaN,NaN,NaN,0,18.446,31.3,0,0,NaN,NaN,NaN,NaN,NaN,NaN,NaN,NaN,NaN,NaN,NaN,NaN,NaN
7899,7879,Logic,frame_complete,-3955190986414698435,219,7,0.742369,75,0,18,31.3,0,0,0,0,0,0.5,0.5,0,0,0,0,43,25.813,48.5135,0
7913,7742,CameraCapture,frame_captured,0,220,7,0.177772,75,NaN,NaN,NaN,NaN,NaN,NaN,NaN,NaN,NaN,NaN,NaN,NaN,NaN,NaN,NaN,NaN,NaN,NaN
7915,7744,ImageProcessor_TPU,frame_processed,0,220,7,0.77092,75,1,NaN,NaN,NaN,NaN,NaN,NaN,NaN,NaN,NaN,NaN,NaN,NaN,NaN,NaN,NaN,NaN,NaN
7922,7751,ImageProcessor_Viz,frame_processed,0,220,7,0.357964,NaN,8,NaN,NaN,NaN,NaN,NaN,NaN,NaN,NaN,NaN,NaN,NaN,NaN,NaN,NaN,NaN,NaN,NaN
7934,7763,InferenceEngine,inference_complete,0,220,NaN,NaN,NaN,1,18.698,31.3,0,0,NaN,NaN,NaN,NaN,NaN,NaN,NaN,NaN,NaN,NaN,NaN,NaN,NaN
7934,7913,Logic,frame_complete,-3955190986414698435,220,7,0.77092,75,1,19,31.3,0,0,0,0,0,0.5,0.5,0,0,0,0,43,25.813,48.5135,0
7947,7776,CameraCapture,frame_captured,0,221,7,0.142063,75,NaN,NaN,NaN,NaN,NaN,NaN,NaN,NaN,NaN,NaN,NaN,NaN,NaN,NaN,NaN,NaN,NaN,NaN
7948,7777,ImageProcessor_TPU,frame_processed,0,221,7,0.769545,75,1,NaN,NaN,NaN,NaN,NaN,NaN,NaN,NaN,NaN,NaN,NaN,NaN,NaN,NaN,NaN,NaN,NaN
7954,7783,ImageProcessor_Viz,frame_processed,0,221,7,0.339407,NaN,7,NaN,NaN,NaN,NaN,NaN,NaN,NaN,NaN,NaN,NaN,NaN,NaN,NaN,NaN,NaN,NaN,NaN
7967,7795,InferenceEngine,inference_complete,0,221,NaN,NaN,NaN,1,18.571,31.3,0,0,NaN,NaN,NaN,NaN,NaN,NaN,NaN,NaN,NaN,NaN,NaN,NaN,NaN
7967,7947,Logic,frame_complete,-3955190986414698435,221,7,0.769545,75,1,18,31.3,0,0,0,0,0,0.5,0.5,0,0,0,0,43,25.813,48.5135,0
7980,7809,CameraCapture,frame_captured,0,222,7,0.140465,75,NaN,NaN,NaN,NaN,NaN,NaN,NaN,NaN,NaN,NaN,NaN,NaN,NaN,NaN,NaN,NaN,NaN,NaN
7981,7810,ImageProcessor_TPU,frame_processed,0,222,7,0.737429,75,0,NaN,NaN,NaN,NaN,NaN,NaN,NaN,NaN,NaN,NaN,NaN,NaN,NaN,NaN,NaN,NaN,NaN
7989,7818,ImageProcessor_Viz,frame_processed,0,222,7,0.350204,NaN,9,NaN,NaN,NaN,NaN,NaN,NaN,NaN,NaN,NaN,NaN,NaN,NaN,NaN,NaN,NaN,NaN,NaN
8000,7829,InferenceEngine,inference_complete,0,222,NaN,NaN,NaN,0,18.721,31.3,0,0,NaN,NaN,NaN,NaN,NaN,NaN,NaN,NaN,NaN,NaN,NaN,NaN,NaN
8001,7980,Logic,frame_complete,-3955190986414698435,222,7,0.737429,75,0,19,31.3,0,0,0,0,0,0.5,0.5,0,0,0,0,43,25.813,48.5135,0
8014,7843,CameraCapture,frame_captured,0,223,7,0.139479,75,NaN,NaN,NaN,NaN,NaN,NaN,NaN,NaN,NaN,NaN,NaN,NaN,NaN,NaN,NaN,NaN,NaN,NaN
8015,7844,ImageProcessor_TPU,frame_processed,0,223,7,0.697831,75,1,NaN,NaN,NaN,NaN,NaN,NaN,NaN,NaN,NaN,NaN,NaN,NaN,NaN,NaN,NaN,NaN,NaN
8022,7851,ImageProcessor_Viz,frame_processed,0,223,7,0.341019,NaN,8,NaN,NaN,NaN,NaN,NaN,NaN,NaN,NaN,NaN,NaN,NaN,NaN,NaN,NaN,NaN,NaN,NaN
8034,7863,InferenceEngine,inference_complete,0,223,NaN,NaN,NaN,1,18.481,31.3,0,0,NaN,NaN,NaN,NaN,NaN,NaN,NaN,NaN,NaN,NaN,NaN,NaN,NaN
8034,8014,Logic,frame_complete,-3955190986414698435,223,7,0.697831,75,1,19,31.3,0,0,0,0,0,0.5,0.5,0,0,0,0,43,25.813,48.5135,0
8047,7876,CameraCapture,frame_captured,0,224,7,0.141308,75,NaN,NaN,NaN,NaN,NaN,NaN,NaN,NaN,NaN,NaN,NaN,NaN,NaN,NaN,NaN,NaN,NaN,NaN
8048,7877,ImageProcessor_TPU,frame_processed,0,224,7,0.757289,75,1,NaN,NaN,NaN,NaN,NaN,NaN,NaN,NaN,NaN,NaN,NaN,NaN,NaN,NaN,NaN,NaN,NaN
8055,7883,ImageProcessor_Viz,frame_processed,0,224,7,0.335111,NaN,7,NaN,NaN,NaN,NaN,NaN,NaN,NaN,NaN,NaN,NaN,NaN,NaN,NaN,NaN,NaN,NaN,NaN
8067,7895,InferenceEngine,inference_complete,0,224,NaN,NaN,NaN,1,18.555,31.3,0,0,NaN,NaN,NaN,NaN,NaN,NaN,NaN,NaN,NaN,NaN,NaN,NaN,NaN
8067,8047,Logic,frame_complete,-3955190986414698435,224,7,0.757289,75,1,18,31.3,0,0,0,0,0,0.5,0.5,0,0,0,0,43,25.813,48.5135,0
8080,7909,CameraCapture,frame_captured,0,225,7,0.143451,75,NaN,NaN,NaN,NaN,NaN,NaN,NaN,NaN,NaN,NaN,NaN,NaN,NaN,NaN,NaN,NaN,NaN,NaN
8081,7910,ImageProcessor_TPU,frame_processed,0,225,7,0.718192,75,0,NaN,NaN,NaN,NaN,NaN,NaN,NaN,NaN,NaN,NaN,NaN,NaN,NaN,NaN,NaN,NaN,NaN
8088,7917,ImageProcessor_Viz,frame_processed,0,225,7,0.331519,NaN,7,NaN,NaN,NaN,NaN,NaN,NaN,NaN,NaN,NaN,NaN,NaN,NaN,NaN,NaN,NaN,NaN,NaN
8100,7929,InferenceEngine,inference_complete,0,225,NaN,NaN,NaN,0,18.604,31.3,0,0,NaN,NaN,NaN,NaN,NaN,NaN,NaN,NaN,NaN,NaN,NaN,NaN,NaN
8100,8080,Logic,frame_complete,-3955190986414698435,225,7,0.718192,75,0,19,31.3,0,0,0,0,0,0.5,0.5,0,0,0,0,43,25.813,48.5135,0
8113,7942,CameraCapture,frame_captured,0,226,7,0.169224,75,NaN,NaN,NaN,NaN,NaN,NaN,NaN,NaN,NaN,NaN,NaN,NaN,NaN,NaN,NaN,NaN,NaN,NaN
8115,7944,ImageProcessor_TPU,frame_processed,0,226,7,1.01198,75,1,NaN,NaN,NaN,NaN,NaN,NaN,NaN,NaN,NaN,NaN,NaN,NaN,NaN,NaN,NaN,NaN,NaN
8121,7950,ImageProcessor_Viz,frame_processed,0,226,7,0.333111,NaN,7,NaN,NaN,NaN,NaN,NaN,NaN,NaN,NaN,NaN,NaN,NaN,NaN,NaN,NaN,NaN,NaN,NaN
8134,7963,InferenceEngine,inference_complete,0,226,NaN,NaN,NaN,1,18.774,31.3,0,0,NaN,NaN,NaN,NaN,NaN,NaN,NaN,NaN,NaN,NaN,NaN,NaN,NaN
8134,8113,Logic,frame_complete,-3955190986414698435,226,7,1.01198,75,1,19,31.3,0,0,0,0,0,0.5,0.5,0,0,0,0,43,25.813,48.5135,0
8146,7975,CameraCapture,frame_captured,0,227,7,0.144552,75,NaN,NaN,NaN,NaN,NaN,NaN,NaN,NaN,NaN,NaN,NaN,NaN,NaN,NaN,NaN,NaN,NaN,NaN
8147,7976,ImageProcessor_TPU,frame_processed,0,227,7,0.843145,75,0,NaN,NaN,NaN,NaN,NaN,NaN,NaN,NaN,NaN,NaN,NaN,NaN,NaN,NaN,NaN,NaN,NaN
8154,7982,ImageProcessor_Viz,frame_processed,0,227,7,0.333555,NaN,7,NaN,NaN,NaN,NaN,NaN,NaN,NaN,NaN,NaN,NaN,NaN,NaN,NaN,NaN,NaN,NaN,NaN
8166,7995,InferenceEngine,inference_complete,0,227,NaN,NaN,NaN,0,18.756,31.3,0,0,NaN,NaN,NaN,NaN,NaN,NaN,NaN,NaN,NaN,NaN,NaN,NaN,NaN
8166,8146,Logic,frame_complete,-3955190986414698435,227,7,0.843145,75,0,19,31.3,0,0,0,0,0,0.5,0.5,0,0,0,0,43,25.813,48.5135,0
8180,8009,CameraCapture,frame_captured,0,228,7,0.156066,75,NaN,NaN,NaN,NaN,NaN,NaN,NaN,NaN,NaN,NaN,NaN,NaN,NaN,NaN,NaN,NaN,NaN,NaN
8182,8011,ImageProcessor_TPU,frame_processed,0,228,7,0.894992,75,1,NaN,NaN,NaN,NaN,NaN,NaN,NaN,NaN,NaN,NaN,NaN,NaN,NaN,NaN,NaN,NaN,NaN
8188,8017,ImageProcessor_Viz,frame_processed,0,228,7,0.445222,NaN,7,NaN,NaN,NaN,NaN,NaN,NaN,NaN,NaN,NaN,NaN,NaN,NaN,NaN,NaN,NaN,NaN,NaN
8200,8029,InferenceEngine,inference_complete,0,228,NaN,NaN,NaN,1,18.432,31.3,0,0,NaN,NaN,NaN,NaN,NaN,NaN,NaN,NaN,NaN,NaN,NaN,NaN,NaN
8201,8180,Logic,frame_complete,-3955190986414698435,228,7,0.894992,75,1,18,31.3,0,0,0,0,0,0.5,0.5,0,0,0,0,43,25.813,48.5135,0
8214,8043,CameraCapture,frame_captured,0,229,7,0.166635,75,NaN,NaN,NaN,NaN,NaN,NaN,NaN,NaN,NaN,NaN,NaN,NaN,NaN,NaN,NaN,NaN,NaN,NaN
8215,8044,ImageProcessor_TPU,frame_processed,0,229,7,0.886413,75,0,NaN,NaN,NaN,NaN,NaN,NaN,NaN,NaN,NaN,NaN,NaN,NaN,NaN,NaN,NaN,NaN,NaN
8222,8051,ImageProcessor_Viz,frame_processed,0,229,7,0.431407,NaN,8,NaN,NaN,NaN,NaN,NaN,NaN,NaN,NaN,NaN,NaN,NaN,NaN,NaN,NaN,NaN,NaN,NaN
8236,8065,InferenceEngine,inference_complete,0,229,NaN,NaN,NaN,0,20.073,31.3,0,0,NaN,NaN,NaN,NaN,NaN,NaN,NaN,NaN,NaN,NaN,NaN,NaN,NaN
8236,8214,Logic,frame_complete,-3955190986414698435,229,7,0.886413,75,0,20,31.3,0,0,0,0,0,0.5,0.5,0,0,0,0,43,25.813,48.5135,0
8247,8076,CameraCapture,frame_captured,0,230,7,0.149075,75,NaN,NaN,NaN,NaN,NaN,NaN,NaN,NaN,NaN,NaN,NaN,NaN,NaN,NaN,NaN,NaN,NaN,NaN
8248,8077,ImageProcessor_TPU,frame_processed,0,230,7,0.765631,75,0,NaN,NaN,NaN,NaN,NaN,NaN,NaN,NaN,NaN,NaN,NaN,NaN,NaN,NaN,NaN,NaN,NaN
8255,8084,ImageProcessor_Viz,frame_processed,0,230,7,0.332167,NaN,7,NaN,NaN,NaN,NaN,NaN,NaN,NaN,NaN,NaN,NaN,NaN,NaN,NaN,NaN,NaN,NaN,NaN
8268,8097,InferenceEngine,inference_complete,0,230,NaN,NaN,NaN,0,19.699,31.3,0,0,NaN,NaN,NaN,NaN,NaN,NaN,NaN,NaN,NaN,NaN,NaN,NaN,NaN
8268,8247,Logic,frame_complete,-3955190986414698435,230,7,0.765631,75,0,20,31.3,0,0,0,0,0,0.5,0.5,0,0,0,0,43,25.813,48.5135,0
8280,8109,CameraCapture,frame_captured,0,231,7,0.146181,75,NaN,NaN,NaN,NaN,NaN,NaN,NaN,NaN,NaN,NaN,NaN,NaN,NaN,NaN,NaN,NaN,NaN,NaN
8282,8110,ImageProcessor_TPU,frame_processed,0,231,7,0.78494,75,0,NaN,NaN,NaN,NaN,NaN,NaN,NaN,NaN,NaN,NaN,NaN,NaN,NaN,NaN,NaN,NaN,NaN
8288,8117,ImageProcessor_Viz,frame_processed,0,231,7,0.346722,NaN,7,NaN,NaN,NaN,NaN,NaN,NaN,NaN,NaN,NaN,NaN,NaN,NaN,NaN,NaN,NaN,NaN,NaN
8300,8129,InferenceEngine,inference_complete,0,231,NaN,NaN,NaN,0,18.716,31.3,0,0,NaN,NaN,NaN,NaN,NaN,NaN,NaN,NaN,NaN,NaN,NaN,NaN,NaN
8301,8280,Logic,frame_complete,-3955190986414698435,231,7,0.78494,75,0,18,31.3,0,0,0,0,0,0.5,0.5,0,0,0,0,43,25.813,48.5135,0
8313,8142,CameraCapture,frame_captured,0,232,7,0.140194,75,NaN,NaN,NaN,NaN,NaN,NaN,NaN,NaN,NaN,NaN,NaN,NaN,NaN,NaN,NaN,NaN,NaN,NaN
8315,8144,ImageProcessor_TPU,frame_processed,0,232,7,1.09682,75,1,NaN,NaN,NaN,NaN,NaN,NaN,NaN,NaN,NaN,NaN,NaN,NaN,NaN,NaN,NaN,NaN,NaN
8321,8149,ImageProcessor_Viz,frame_processed,0,232,7,0.345667,NaN,7,NaN,NaN,NaN,NaN,NaN,NaN,NaN,NaN,NaN,NaN,NaN,NaN,NaN,NaN,NaN,NaN,NaN
8334,8163,InferenceEngine,inference_complete,0,232,NaN,NaN,NaN,1,18.707,31.3,0,0,NaN,NaN,NaN,NaN,NaN,NaN,NaN,NaN,NaN,NaN,NaN,NaN,NaN
8334,8313,Logic,frame_complete,-3955190986414698435,232,7,1.09682,75,1,18,31.3,0,0,0,0,0,0.5,0.5,0,0,0,0,43,25.813,48.5135,0
8347,8175,CameraCapture,frame_captured,0,233,7,0.142134,75,NaN,NaN,NaN,NaN,NaN,NaN,NaN,NaN,NaN,NaN,NaN,NaN,NaN,NaN,NaN,NaN,NaN,NaN
8348,8177,ImageProcessor_TPU,frame_processed,0,233,7,1.05393,75,1,NaN,NaN,NaN,NaN,NaN,NaN,NaN,NaN,NaN,NaN,NaN,NaN,NaN,NaN,NaN,NaN,NaN
8354,8183,ImageProcessor_Viz,frame_processed,0,233,7,0.326871,NaN,7,NaN,NaN,NaN,NaN,NaN,NaN,NaN,NaN,NaN,NaN,NaN,NaN,NaN,NaN,NaN,NaN,NaN
8367,8196,InferenceEngine,inference_complete,0,233,NaN,NaN,NaN,1,18.501,31.3,0,0,NaN,NaN,NaN,NaN,NaN,NaN,NaN,NaN,NaN,NaN,NaN,NaN,NaN
8367,8346,Logic,frame_complete,-3955190986414698435,233,7,1.05393,75,1,19,31.3,0,0,0,0,0,0.5,0.5,0,0,0,0,43,25.813,48.5135,0
8380,8209,CameraCapture,frame_captured,0,234,7,0.141222,75,NaN,NaN,NaN,NaN,NaN,NaN,NaN,NaN,NaN,NaN,NaN,NaN,NaN,NaN,NaN,NaN,NaN,NaN
8381,8210,ImageProcessor_TPU,frame_processed,0,234,7,0.708055,75,1,NaN,NaN,NaN,NaN,NaN,NaN,NaN,NaN,NaN,NaN,NaN,NaN,NaN,NaN,NaN,NaN,NaN
8388,8217,ImageProcessor_Viz,frame_processed,0,234,7,0.349908,NaN,8,NaN,NaN,NaN,NaN,NaN,NaN,NaN,NaN,NaN,NaN,NaN,NaN,NaN,NaN,NaN,NaN,NaN
8400,8229,InferenceEngine,inference_complete,0,234,NaN,NaN,NaN,1,19.187,31.3,0,0,NaN,NaN,NaN,NaN,NaN,NaN,NaN,NaN,NaN,NaN,NaN,NaN,NaN
8400,8380,Logic,frame_complete,-3955190986414698435,234,7,0.708055,75,1,19,31.3,0,0,0,0,0,0.5,0.5,0,0,0,0,43,25.813,48.5135,0
8413,8241,CameraCapture,frame_captured,0,235,7,0.139031,75,NaN,NaN,NaN,NaN,NaN,NaN,NaN,NaN,NaN,NaN,NaN,NaN,NaN,NaN,NaN,NaN,NaN,NaN
8414,8243,ImageProcessor_TPU,frame_processed,0,235,7,0.72318,75,1,NaN,NaN,NaN,NaN,NaN,NaN,NaN,NaN,NaN,NaN,NaN,NaN,NaN,NaN,NaN,NaN,NaN
8421,8250,ImageProcessor_Viz,frame_processed,0,235,7,0.370944,NaN,8,NaN,NaN,NaN,NaN,NaN,NaN,NaN,NaN,NaN,NaN,NaN,NaN,NaN,NaN,NaN,NaN,NaN
8433,8262,InferenceEngine,inference_complete,0,235,NaN,NaN,NaN,1,18.884,31.3,0,0,NaN,NaN,NaN,NaN,NaN,NaN,NaN,NaN,NaN,NaN,NaN,NaN,NaN
8433,8412,Logic,frame_complete,-3955190986414698435,235,7,0.72318,75,1,19,31.3,0,0,0,0,0,0.5,0.5,0,0,0,0,43,25.813,48.5135,0
8447,8275,CameraCapture,frame_captured,0,236,7,0.138138,75,NaN,NaN,NaN,NaN,NaN,NaN,NaN,NaN,NaN,NaN,NaN,NaN,NaN,NaN,NaN,NaN,NaN,NaN
8448,8276,ImageProcessor_TPU,frame_processed,0,236,7,0.760268,75,0,NaN,NaN,NaN,NaN,NaN,NaN,NaN,NaN,NaN,NaN,NaN,NaN,NaN,NaN,NaN,NaN,NaN
8454,8283,ImageProcessor_Viz,frame_processed,0,236,7,0.328629,NaN,7,NaN,NaN,NaN,NaN,NaN,NaN,NaN,NaN,NaN,NaN,NaN,NaN,NaN,NaN,NaN,NaN,NaN
8466,8295,InferenceEngine,inference_complete,0,236,NaN,NaN,NaN,0,18.527,31.3,0,0,NaN,NaN,NaN,NaN,NaN,NaN,NaN,NaN,NaN,NaN,NaN,NaN,NaN
8467,8446,Logic,frame_complete,-3955190986414698435,236,7,0.760268,75,0,18,31.3,0,0,0,0,0,0.5,0.5,0,0,0,0,43,25.813,48.5135,0
8480,8309,CameraCapture,frame_captured,0,237,7,0.24154,75,NaN,NaN,NaN,NaN,NaN,NaN,NaN,NaN,NaN,NaN,NaN,NaN,NaN,NaN,NaN,NaN,NaN,NaN
8481,8310,ImageProcessor_TPU,frame_processed,0,237,7,0.852411,75,0,NaN,NaN,NaN,NaN,NaN,NaN,NaN,NaN,NaN,NaN,NaN,NaN,NaN,NaN,NaN,NaN,NaN
8488,8317,ImageProcessor_Viz,frame_processed,0,237,7,0.353723,NaN,8,NaN,NaN,NaN,NaN,NaN,NaN,NaN,NaN,NaN,NaN,NaN,NaN,NaN,NaN,NaN,NaN,NaN
8500,8329,InferenceEngine,inference_complete,0,237,NaN,NaN,NaN,0,18.758,31.3,0,0,NaN,NaN,NaN,NaN,NaN,NaN,NaN,NaN,NaN,NaN,NaN,NaN,NaN
8501,8480,Logic,frame_complete,-3955190986414698435,237,7,0.852411,75,0,19,31.3,0,0,0,0,0,0.5,0.5,0,0,0,0,43,25.813,48.5135,0
8513,8342,CameraCapture,frame_captured,0,238,7,0.229424,75,NaN,NaN,NaN,NaN,NaN,NaN,NaN,NaN,NaN,NaN,NaN,NaN,NaN,NaN,NaN,NaN,NaN,NaN
8515,8344,ImageProcessor_TPU,frame_processed,0,238,7,1.20383,75,1,NaN,NaN,NaN,NaN,NaN,NaN,NaN,NaN,NaN,NaN,NaN,NaN,NaN,NaN,NaN,NaN,NaN
8521,8350,ImageProcessor_Viz,frame_processed,0,238,7,0.358778,NaN,7,NaN,NaN,NaN,NaN,NaN,NaN,NaN,NaN,NaN,NaN,NaN,NaN,NaN,NaN,NaN,NaN,NaN
8534,8363,InferenceEngine,inference_complete,0,238,NaN,NaN,NaN,1,18.679,31.3,0,0,NaN,NaN,NaN,NaN,NaN,NaN,NaN,NaN,NaN,NaN,NaN,NaN,NaN
8534,8513,Logic,frame_complete,-3955190986414698435,238,7,1.20383,75,1,19,31.3,0,0,0,0,0,0.5,0.5,0,0,0,0,43,25.813,48.5135,0
8546,8375,CameraCapture,frame_captured,0,239,7,0.151437,75,NaN,NaN,NaN,NaN,NaN,NaN,NaN,NaN,NaN,NaN,NaN,NaN,NaN,NaN,NaN,NaN,NaN,NaN
8547,8376,ImageProcessor_TPU,frame_processed,0,239,7,0.804715,75,0,NaN,NaN,NaN,NaN,NaN,NaN,NaN,NaN,NaN,NaN,NaN,NaN,NaN,NaN,NaN,NaN,NaN
8556,8385,ImageProcessor_Viz,frame_processed,0,239,7,0.332944,NaN,10,NaN,NaN,NaN,NaN,NaN,NaN,NaN,NaN,NaN,NaN,NaN,NaN,NaN,NaN,NaN,NaN,NaN
8566,8395,InferenceEngine,inference_complete,0,239,NaN,NaN,NaN,0,19.125,31.3,0,0,NaN,NaN,NaN,NaN,NaN,NaN,NaN,NaN,NaN,NaN,NaN,NaN,NaN
8567,8546,Logic,frame_complete,-3955190986414698435,239,7,0.804715,75,0,19,31.3,0,0,0,0,0,0.5,0.5,0,0,0,0,43,25.813,48.5135,0
8580,8409,CameraCapture,frame_captured,0,240,7,0.138525,75,NaN,NaN,NaN,NaN,NaN,NaN,NaN,NaN,NaN,NaN,NaN,NaN,NaN,NaN,NaN,NaN,NaN,NaN
8581,8410,ImageProcessor_TPU,frame_processed,0,240,7,0.689488,75,1,NaN,NaN,NaN,NaN,NaN,NaN,NaN,NaN,NaN,NaN,NaN,NaN,NaN,NaN,NaN,NaN,NaN
8588,8417,ImageProcessor_Viz,frame_processed,0,240,7,0.334796,NaN,8,NaN,NaN,NaN,NaN,NaN,NaN,NaN,NaN,NaN,NaN,NaN,NaN,NaN,NaN,NaN,NaN,NaN
8600,8429,InferenceEngine,inference_complete,0,240,NaN,NaN,NaN,1,18.677,31.3,0,0,NaN,NaN,NaN,NaN,NaN,NaN,NaN,NaN,NaN,NaN,NaN,NaN,NaN
8600,8580,Logic,frame_complete,-3955190986414698435,240,7,0.689488,75,1,19,31.3,0,0,0,0,0,0.5,0.5,0,0,0,0,43,25.813,48.5135,0
8613,8442,CameraCapture,frame_captured,0,241,7,0.140224,75,NaN,NaN,NaN,NaN,NaN,NaN,NaN,NaN,NaN,NaN,NaN,NaN,NaN,NaN,NaN,NaN,NaN,NaN
8615,8443,ImageProcessor_TPU,frame_processed,0,241,7,0.685261,75,0,NaN,NaN,NaN,NaN,NaN,NaN,NaN,NaN,NaN,NaN,NaN,NaN,NaN,NaN,NaN,NaN,NaN
8621,8450,ImageProcessor_Viz,frame_processed,0,241,7,0.333518,NaN,7,NaN,NaN,NaN,NaN,NaN,NaN,NaN,NaN,NaN,NaN,NaN,NaN,NaN,NaN,NaN,NaN,NaN
8633,8462,InferenceEngine,inference_complete,0,241,NaN,NaN,NaN,0,18.657,31.3,0,0,NaN,NaN,NaN,NaN,NaN,NaN,NaN,NaN,NaN,NaN,NaN,NaN,NaN
8634,8613,Logic,frame_complete,-3955190986414698435,241,7,0.685261,75,0,19,31.3,0,0,0,0,0,0.5,0.5,0,0,0,0,43,25.813,48.5135,0
8647,8476,CameraCapture,frame_captured,0,242,7,0.22533,75,NaN,NaN,NaN,NaN,NaN,NaN,NaN,NaN,NaN,NaN,NaN,NaN,NaN,NaN,NaN,NaN,NaN,NaN
8648,8476,ImageProcessor_TPU,frame_processed,0,242,7,0.7762,75,0,NaN,NaN,NaN,NaN,NaN,NaN,NaN,NaN,NaN,NaN,NaN,NaN,NaN,NaN,NaN,NaN,NaN
8655,8484,ImageProcessor_Viz,frame_processed,0,242,7,0.331334,NaN,8,NaN,NaN,NaN,NaN,NaN,NaN,NaN,NaN,NaN,NaN,NaN,NaN,NaN,NaN,NaN,NaN,NaN
8667,8495,InferenceEngine,inference_complete,0,242,NaN,NaN,NaN,0,18.59,31.3,0,0,NaN,NaN,NaN,NaN,NaN,NaN,NaN,NaN,NaN,NaN,NaN,NaN,NaN
8667,8647,Logic,frame_complete,-3955190986414698435,242,7,0.7762,75,0,18,31.3,0,0,0,0,0,0.5,0.5,0,0,0,0,43,25.813,48.5135,0
8679,8508,CameraCapture,frame_captured,0,243,7,0.236806,75,NaN,NaN,NaN,NaN,NaN,NaN,NaN,NaN,NaN,NaN,NaN,NaN,NaN,NaN,NaN,NaN,NaN,NaN
8680,8509,ImageProcessor_TPU,frame_processed,0,243,7,0.904177,75,0,NaN,NaN,NaN,NaN,NaN,NaN,NaN,NaN,NaN,NaN,NaN,NaN,NaN,NaN,NaN,NaN,NaN
8687,8516,ImageProcessor_Viz,frame_processed,0,243,7,0.343944,NaN,7,NaN,NaN,NaN,NaN,NaN,NaN,NaN,NaN,NaN,NaN,NaN,NaN,NaN,NaN,NaN,NaN,NaN
8699,8528,InferenceEngine,inference_complete,0,243,NaN,NaN,NaN,0,18.614,31.3,0,0,NaN,NaN,NaN,NaN,NaN,NaN,NaN,NaN,NaN,NaN,NaN,NaN,NaN
8699,8679,Logic,frame_complete,-3955190986414698435,243,7,0.904177,75,0,19,31.3,0,0,0,0,0,0.5,0.5,0,0,0,0,43,25.813,48.5135,0
8713,8542,CameraCapture,frame_captured,0,244,7,0.240838,75,NaN,NaN,NaN,NaN,NaN,NaN,NaN,NaN,NaN,NaN,NaN,NaN,NaN,NaN,NaN,NaN,NaN,NaN
8715,8543,ImageProcessor_TPU,frame_processed,0,244,7,0.877042,75,0,NaN,NaN,NaN,NaN,NaN,NaN,NaN,NaN,NaN,NaN,NaN,NaN,NaN,NaN,NaN,NaN,NaN
8721,8550,ImageProcessor_Viz,frame_processed,0,244,7,0.3415,NaN,8,NaN,NaN,NaN,NaN,NaN,NaN,NaN,NaN,NaN,NaN,NaN,NaN,NaN,NaN,NaN,NaN,NaN
8733,8562,InferenceEngine,inference_complete,0,244,NaN,NaN,NaN,0,18.643,31.3,0,0,NaN,NaN,NaN,NaN,NaN,NaN,NaN,NaN,NaN,NaN,NaN,NaN,NaN
8733,8713,Logic,frame_complete,-3955190986414698435,244,7,0.877042,75,0,19,31.3,0,0,0,0,0,0.5,0.5,0,0,0,0,43,25.813,48.5135,0
8747,8575,CameraCapture,frame_captured,0,245,7,0.147018,75,NaN,NaN,NaN,NaN,NaN,NaN,NaN,NaN,NaN,NaN,NaN,NaN,NaN,NaN,NaN,NaN,NaN,NaN
8747,8576,ImageProcessor_TPU,frame_processed,0,245,7,0.732889,75,0,NaN,NaN,NaN,NaN,NaN,NaN,NaN,NaN,NaN,NaN,NaN,NaN,NaN,NaN,NaN,NaN,NaN
8755,8584,ImageProcessor_Viz,frame_processed,0,245,7,0.326648,NaN,7,NaN,NaN,NaN,NaN,NaN,NaN,NaN,NaN,NaN,NaN,NaN,NaN,NaN,NaN,NaN,NaN,NaN
8766,8595,InferenceEngine,inference_complete,0,245,NaN,NaN,NaN,0,18.571,31.3,0,0,NaN,NaN,NaN,NaN,NaN,NaN,NaN,NaN,NaN,NaN,NaN,NaN,NaN
8766,8746,Logic,frame_complete,-3955190986414698435,245,7,0.732889,75,0,19,31.3,0,0,0,0,0,0.5,0.5,0,0,0,0,43,25.813,48.5135,0
8780,8609,CameraCapture,frame_captured,0,246,7,0.236699,75,NaN,NaN,NaN,NaN,NaN,NaN,NaN,NaN,NaN,NaN,NaN,NaN,NaN,NaN,NaN,NaN,NaN,NaN
8782,8610,ImageProcessor_TPU,frame_processed,0,246,7,1.14057,75,0,NaN,NaN,NaN,NaN,NaN,NaN,NaN,NaN,NaN,NaN,NaN,NaN,NaN,NaN,NaN,NaN,NaN
8787,8616,ImageProcessor_Viz,frame_processed,0,246,7,0.344241,NaN,7,NaN,NaN,NaN,NaN,NaN,NaN,NaN,NaN,NaN,NaN,NaN,NaN,NaN,NaN,NaN,NaN,NaN
8800,8629,InferenceEngine,inference_complete,0,246,NaN,NaN,NaN,0,18.7,31.3,0,0,NaN,NaN,NaN,NaN,NaN,NaN,NaN,NaN,NaN,NaN,NaN,NaN,NaN
8801,8780,Logic,frame_complete,-3955190986414698435,246,7,1.14057,75,0,19,31.3,0,0,0,0,0,0.5,0.5,0,0,0,0,43,25.813,48.5135,0
8812,8641,CameraCapture,frame_captured,0,247,7,0.141564,75,NaN,NaN,NaN,NaN,NaN,NaN,NaN,NaN,NaN,NaN,NaN,NaN,NaN,NaN,NaN,NaN,NaN,NaN
8814,8643,ImageProcessor_TPU,frame_processed,0,247,7,0.981212,75,1,NaN,NaN,NaN,NaN,NaN,NaN,NaN,NaN,NaN,NaN,NaN,NaN,NaN,NaN,NaN,NaN,NaN
8820,8649,ImageProcessor_Viz,frame_processed,0,247,7,0.337445,NaN,7,NaN,NaN,NaN,NaN,NaN,NaN,NaN,NaN,NaN,NaN,NaN,NaN,NaN,NaN,NaN,NaN,NaN
8833,8662,InferenceEngine,inference_complete,0,247,NaN,NaN,NaN,1,18.861,31.3,0,0,NaN,NaN,NaN,NaN,NaN,NaN,NaN,NaN,NaN,NaN,NaN,NaN,NaN
8833,8812,Logic,frame_complete,-3955190986414698435,247,7,0.981212,75,1,19,31.3,0,0,0,0,0,0.5,0.5,0,0,0,0,43,25.813,48.5135,0
8847,8675,CameraCapture,frame_captured,0,248,7,0.141781,75,NaN,NaN,NaN,NaN,NaN,NaN,NaN,NaN,NaN,NaN,NaN,NaN,NaN,NaN,NaN,NaN,NaN,NaN
8848,8677,ImageProcessor_TPU,frame_processed,0,248,7,0.845263,75,1,NaN,NaN,NaN,NaN,NaN,NaN,NaN,NaN,NaN,NaN,NaN,NaN,NaN,NaN,NaN,NaN,NaN
8854,8683,ImageProcessor_Viz,frame_processed,0,248,7,0.345222,NaN,7,NaN,NaN,NaN,NaN,NaN,NaN,NaN,NaN,NaN,NaN,NaN,NaN,NaN,NaN,NaN,NaN,NaN
8867,8696,InferenceEngine,inference_complete,0,248,NaN,NaN,NaN,1,18.874,31.3,0,0,NaN,NaN,NaN,NaN,NaN,NaN,NaN,NaN,NaN,NaN,NaN,NaN,NaN
8867,8846,Logic,frame_complete,-3955190986414698435,248,7,0.845263,75,1,19,31.3,0,0,0,0,0,0.5,0.5,0,0,0,0,43,25.813,48.5135,0
8881,8710,CameraCapture,frame_captured,0,249,7,0.255017,75,NaN,NaN,NaN,NaN,NaN,NaN,NaN,NaN,NaN,NaN,NaN,NaN,NaN,NaN,NaN,NaN,NaN,NaN
8882,8711,ImageProcessor_TPU,frame_processed,0,249,7,0.91424,75,0,NaN,NaN,NaN,NaN,NaN,NaN,NaN,NaN,NaN,NaN,NaN,NaN,NaN,NaN,NaN,NaN,NaN
8889,8718,ImageProcessor_Viz,frame_processed,0,249,7,0.365889,NaN,8,NaN,NaN,NaN,NaN,NaN,NaN,NaN,NaN,NaN,NaN,NaN,NaN,NaN,NaN,NaN,NaN,NaN
8901,8730,InferenceEngine,inference_complete,0,249,NaN,NaN,NaN,0,18.8,31.3,0,0,NaN,NaN,NaN,NaN,NaN,NaN,NaN,NaN,NaN,NaN,NaN,NaN,NaN
8901,8881,Logic,frame_complete,-3955190986414698435,249,7,0.91424,75,0,19,31.3,0,0,0,0,0,0.5,0.5,0,0,0,0,43,25.813,48.5135,0
8913,8742,CameraCapture,frame_captured,0,250,7,0.225938,75,NaN,NaN,NaN,NaN,NaN,NaN,NaN,NaN,NaN,NaN,NaN,NaN,NaN,NaN,NaN,NaN,NaN,NaN
8914,8743,ImageProcessor_TPU,frame_processed,0,250,7,0.888697,75,0,NaN,NaN,NaN,NaN,NaN,NaN,NaN,NaN,NaN,NaN,NaN,NaN,NaN,NaN,NaN,NaN,NaN
8921,8750,ImageProcessor_Viz,frame_processed,0,250,7,0.345426,NaN,8,NaN,NaN,NaN,NaN,NaN,NaN,NaN,NaN,NaN,NaN,NaN,NaN,NaN,NaN,NaN,NaN,NaN
8933,8762,InferenceEngine,inference_complete,0,250,NaN,NaN,NaN,0,18.64,31.3,0,0,NaN,NaN,NaN,NaN,NaN,NaN,NaN,NaN,NaN,NaN,NaN,NaN,NaN
8933,8913,Logic,frame_complete,-3955190986414698435,250,7,0.888697,75,0,19,31.3,0,0,0,0,0,0.5,0.5,0,0,0,0,43,25.813,48.5135,0
8946,8775,CameraCapture,frame_captured,0,251,7,0.151117,75,NaN,NaN,NaN,NaN,NaN,NaN,NaN,NaN,NaN,NaN,NaN,NaN,NaN,NaN,NaN,NaN,NaN,NaN
8947,8776,ImageProcessor_TPU,frame_processed,0,251,7,0.777099,75,1,NaN,NaN,NaN,NaN,NaN,NaN,NaN,NaN,NaN,NaN,NaN,NaN,NaN,NaN,NaN,NaN,NaN
8953,8782,ImageProcessor_Viz,frame_processed,0,251,7,0.329759,NaN,7,NaN,NaN,NaN,NaN,NaN,NaN,NaN,NaN,NaN,NaN,NaN,NaN,NaN,NaN,NaN,NaN,NaN
8966,8795,InferenceEngine,inference_complete,0,251,NaN,NaN,NaN,1,18.76,31.3,0,0,NaN,NaN,NaN,NaN,NaN,NaN,NaN,NaN,NaN,NaN,NaN,NaN,NaN
8966,8946,Logic,frame_complete,-3955190986414698435,251,7,0.777099,75,1,19,31.3,0,0,0,0,0,0.5,0.5,0,0,0,0,43,25.813,48.5135,0
8980,8808,CameraCapture,frame_captured,0,252,7,0.140483,75,NaN,NaN,NaN,NaN,NaN,NaN,NaN,NaN,NaN,NaN,NaN,NaN,NaN,NaN,NaN,NaN,NaN,NaN
8981,8809,ImageProcessor_TPU,frame_processed,0,252,7,0.70765,75,0,NaN,NaN,NaN,NaN,NaN,NaN,NaN,NaN,NaN,NaN,NaN,NaN,NaN,NaN,NaN,NaN,NaN
8988,8817,ImageProcessor_Viz,frame_processed,0,252,7,0.344964,NaN,8,NaN,NaN,NaN,NaN,NaN,NaN,NaN,NaN,NaN,NaN,NaN,NaN,NaN,NaN,NaN,NaN,NaN
8999,8828,InferenceEngine,inference_complete,0,252,NaN,NaN,NaN,0,18.58,31.3,0,0,NaN,NaN,NaN,NaN,NaN,NaN,NaN,NaN,NaN,NaN,NaN,NaN,NaN
8999,8979,Logic,frame_complete,-3955190986414698435,252,7,0.70765,75,0,19,31.3,0,0,0,0,0,0.5,0.5,0,0,0,0,43,25.813,48.5135,0
9013,8842,CameraCapture,frame_captured,0,253,7,0.144256,75,NaN,NaN,NaN,NaN,NaN,NaN,NaN,NaN,NaN,NaN,NaN,NaN,NaN,NaN,NaN,NaN,NaN,NaN
9014,8843,ImageProcessor_TPU,frame_processed,0,253,7,0.746367,75,0,NaN,NaN,NaN,NaN,NaN,NaN,NaN,NaN,NaN,NaN,NaN,NaN,NaN,NaN,NaN,NaN,NaN
9021,8850,ImageProcessor_Viz,frame_processed,0,253,7,0.338556,NaN,8,NaN,NaN,NaN,NaN,NaN,NaN,NaN,NaN,NaN,NaN,NaN,NaN,NaN,NaN,NaN,NaN,NaN
9035,8864,InferenceEngine,inference_complete,0,253,NaN,NaN,NaN,0,20.68,31.3,0,0,NaN,NaN,NaN,NaN,NaN,NaN,NaN,NaN,NaN,NaN,NaN,NaN,NaN
9035,9013,Logic,frame_complete,-3955190986414698435,253,7,0.746367,75,0,21,31.3,0,0,0,0,0,0.5,0.5,0,0,0,0,43,25.813,48.5135,0
9046,8875,CameraCapture,frame_captured,0,254,7,0.143232,75,NaN,NaN,NaN,NaN,NaN,NaN,NaN,NaN,NaN,NaN,NaN,NaN,NaN,NaN,NaN,NaN,NaN,NaN
9048,8877,ImageProcessor_TPU,frame_processed,0,254,7,1.25992,75,1,NaN,NaN,NaN,NaN,NaN,NaN,NaN,NaN,NaN,NaN,NaN,NaN,NaN,NaN,NaN,NaN,NaN
9054,8883,ImageProcessor_Viz,frame_processed,0,254,7,0.340556,NaN,7,NaN,NaN,NaN,NaN,NaN,NaN,NaN,NaN,NaN,NaN,NaN,NaN,NaN,NaN,NaN,NaN,NaN
9068,8897,InferenceEngine,inference_complete,0,254,NaN,NaN,NaN,1,19.481,31.3,0,0,NaN,NaN,NaN,NaN,NaN,NaN,NaN,NaN,NaN,NaN,NaN,NaN,NaN
9068,9046,Logic,frame_complete,-3955190986414698435,254,7,1.25992,75,1,20,31.3,0,0,0,0,0,0.5,0.5,0,0,0,0,43,25.813,48.5135,0
9079,8908,CameraCapture,frame_captured,0,255,7,0.152894,75,NaN,NaN,NaN,NaN,NaN,NaN,NaN,NaN,NaN,NaN,NaN,NaN,NaN,NaN,NaN,NaN,NaN,NaN
9080,8909,ImageProcessor_TPU,frame_processed,0,255,7,1.04276,75,0,NaN,NaN,NaN,NaN,NaN,NaN,NaN,NaN,NaN,NaN,NaN,NaN,NaN,NaN,NaN,NaN,NaN
9086,8915,ImageProcessor_Viz,frame_processed,0,255,7,0.354722,NaN,7,NaN,NaN,NaN,NaN,NaN,NaN,NaN,NaN,NaN,NaN,NaN,NaN,NaN,NaN,NaN,NaN,NaN
9100,8928,InferenceEngine,inference_complete,0,255,NaN,NaN,NaN,0,19.063,31.3,0,0,NaN,NaN,NaN,NaN,NaN,NaN,NaN,NaN,NaN,NaN,NaN,NaN,NaN
9100,9079,Logic,frame_complete,-3955190986414698435,255,7,1.04276,75,0,19,31.3,0,0,0,0,0,0.5,0.5,0,0,0,0,43,25.813,48.5135,0
9113,8942,CameraCapture,frame_captured,0,256,7,0.141463,75,NaN,NaN,NaN,NaN,NaN,NaN,NaN,NaN,NaN,NaN,NaN,NaN,NaN,NaN,NaN,NaN,NaN,NaN
9114,8943,ImageProcessor_TPU,frame_processed,0,256,7,0.723704,75,0,NaN,NaN,NaN,NaN,NaN,NaN,NaN,NaN,NaN,NaN,NaN,NaN,NaN,NaN,NaN,NaN,NaN
9121,8950,ImageProcessor_Viz,frame_processed,0,256,7,0.358555,NaN,8,NaN,NaN,NaN,NaN,NaN,NaN,NaN,NaN,NaN,NaN,NaN,NaN,NaN,NaN,NaN,NaN,NaN
9133,8962,InferenceEngine,inference_complete,0,256,NaN,NaN,NaN,0,18.727,31.3,0,0,NaN,NaN,NaN,NaN,NaN,NaN,NaN,NaN,NaN,NaN,NaN,NaN,NaN
9133,9113,Logic,frame_complete,-3955190986414698435,256,7,0.723704,75,0,19,31.3,0,0,0,0,0,0.5,0.5,0,0,0,0,43,25.813,48.5135,0
9146,8975,CameraCapture,frame_captured,0,257,7,0.233236,75,NaN,NaN,NaN,NaN,NaN,NaN,NaN,NaN,NaN,NaN,NaN,NaN,NaN,NaN,NaN,NaN,NaN,NaN
9148,8976,ImageProcessor_TPU,frame_processed,0,257,7,0.832662,75,0,NaN,NaN,NaN,NaN,NaN,NaN,NaN,NaN,NaN,NaN,NaN,NaN,NaN,NaN,NaN,NaN,NaN
9154,8983,ImageProcessor_Viz,frame_processed,0,257,7,0.345907,NaN,7,NaN,NaN,NaN,NaN,NaN,NaN,NaN,NaN,NaN,NaN,NaN,NaN,NaN,NaN,NaN,NaN,NaN
9166,8995,InferenceEngine,inference_complete,0,257,NaN,NaN,NaN,0,18.739,31.3,0,0,NaN,NaN,NaN,NaN,NaN,NaN,NaN,NaN,NaN,NaN,NaN,NaN,NaN
9167,9146,Logic,frame_complete,-3955190986414698435,257,7,0.832662,75,0,19,31.3,0,0,0,0,0,0.5,0.5,0,0,0,0,43,25.813,48.5135,0
9180,9009,CameraCapture,frame_captured,0,258,7,0.23212,75,NaN,NaN,NaN,NaN,NaN,NaN,NaN,NaN,NaN,NaN,NaN,NaN,NaN,NaN,NaN,NaN,NaN,NaN
9181,9010,ImageProcessor_TPU,frame_processed,0,258,7,1.14771,75,0,NaN,NaN,NaN,NaN,NaN,NaN,NaN,NaN,NaN,NaN,NaN,NaN,NaN,NaN,NaN,NaN,NaN
9187,9016,ImageProcessor_Viz,frame_processed,0,258,7,0.355037,NaN,7,NaN,NaN,NaN,NaN,NaN,NaN,NaN,NaN,NaN,NaN,NaN,NaN,NaN,NaN,NaN,NaN,NaN
9200,9029,InferenceEngine,inference_complete,0,258,NaN,NaN,NaN,0,18.711,31.3,0,0,NaN,NaN,NaN,NaN,NaN,NaN,NaN,NaN,NaN,NaN,NaN,NaN,NaN
9200,9180,Logic,frame_complete,-3955190986414698435,258,7,1.14771,75,0,19,31.3,0,0,0,0,0,0.5,0.5,0,0,0,0,43,25.813,48.5135,0
9212,9041,CameraCapture,frame_captured,0,259,7,0.150244,75,NaN,NaN,NaN,NaN,NaN,NaN,NaN,NaN,NaN,NaN,NaN,NaN,NaN,NaN,NaN,NaN,NaN,NaN
9214,9042,ImageProcessor_TPU,frame_processed,0,259,7,0.737596,75,0,NaN,NaN,NaN,NaN,NaN,NaN,NaN,NaN,NaN,NaN,NaN,NaN,NaN,NaN,NaN,NaN,NaN
9221,9049,ImageProcessor_Viz,frame_processed,0,259,7,0.369,NaN,7,NaN,NaN,NaN,NaN,NaN,NaN,NaN,NaN,NaN,NaN,NaN,NaN,NaN,NaN,NaN,NaN,NaN
9233,9062,InferenceEngine,inference_complete,0,259,NaN,NaN,NaN,0,19.105,31.3,0,0,NaN,NaN,NaN,NaN,NaN,NaN,NaN,NaN,NaN,NaN,NaN,NaN,NaN
9233,9212,Logic,frame_complete,-3955190986414698435,259,7,0.737596,75,0,19,31.3,0,0,0,0,0,0.5,0.5,0,0,0,0,43,25.813,48.5135,0
9246,9075,CameraCapture,frame_captured,0,260,7,0.166887,75,NaN,NaN,NaN,NaN,NaN,NaN,NaN,NaN,NaN,NaN,NaN,NaN,NaN,NaN,NaN,NaN,NaN,NaN
9247,9076,ImageProcessor_TPU,frame_processed,0,260,7,0.782406,75,0,NaN,NaN,NaN,NaN,NaN,NaN,NaN,NaN,NaN,NaN,NaN,NaN,NaN,NaN,NaN,NaN,NaN
9254,9083,ImageProcessor_Viz,frame_processed,0,260,7,0.331297,NaN,8,NaN,NaN,NaN,NaN,NaN,NaN,NaN,NaN,NaN,NaN,NaN,NaN,NaN,NaN,NaN,NaN,NaN
9266,9095,InferenceEngine,inference_complete,0,260,NaN,NaN,NaN,0,18.732,31.3,0,0,NaN,NaN,NaN,NaN,NaN,NaN,NaN,NaN,NaN,NaN,NaN,NaN,NaN
9266,9246,Logic,frame_complete,-3955190986414698435,260,7,0.782406,75,0,19,31.3,0,0,0,0,0,0.5,0.5,0,0,0,0,43,25.813,48.5135,0
9281,9110,CameraCapture,frame_captured,0,261,7,0.248235,75,NaN,NaN,NaN,NaN,NaN,NaN,NaN,NaN,NaN,NaN,NaN,NaN,NaN,NaN,NaN,NaN,NaN,NaN
9282,9111,ImageProcessor_TPU,frame_processed,0,261,7,0.885938,75,0,NaN,NaN,NaN,NaN,NaN,NaN,NaN,NaN,NaN,NaN,NaN,NaN,NaN,NaN,NaN,NaN,NaN
9288,9117,ImageProcessor_Viz,frame_processed,0,261,7,0.358741,NaN,7,NaN,NaN,NaN,NaN,NaN,NaN,NaN,NaN,NaN,NaN,NaN,NaN,NaN,NaN,NaN,NaN,NaN
9301,9130,InferenceEngine,inference_complete,0,261,NaN,NaN,NaN,0,18.718,31.3,0,0,NaN,NaN,NaN,NaN,NaN,NaN,NaN,NaN,NaN,NaN,NaN,NaN,NaN
9301,9281,Logic,frame_complete,-3955190986414698435,261,7,0.885938,75,0,19,31.3,0,0,0,0,0,0.5,0.5,0,0,0,0,43,25.813,48.5135,0
9313,9142,CameraCapture,frame_captured,0,262,7,0.148451,75,NaN,NaN,NaN,NaN,NaN,NaN,NaN,NaN,NaN,NaN,NaN,NaN,NaN,NaN,NaN,NaN,NaN,NaN
9314,9143,ImageProcessor_TPU,frame_processed,0,262,7,0.783563,75,0,NaN,NaN,NaN,NaN,NaN,NaN,NaN,NaN,NaN,NaN,NaN,NaN,NaN,NaN,NaN,NaN,NaN
9321,9149,ImageProcessor_Viz,frame_processed,0,262,7,0.343278,NaN,7,NaN,NaN,NaN,NaN,NaN,NaN,NaN,NaN,NaN,NaN,NaN,NaN,NaN,NaN,NaN,NaN,NaN
9333,9162,InferenceEngine,inference_complete,0,262,NaN,NaN,NaN,0,18.617,31.3,0,0,NaN,NaN,NaN,NaN,NaN,NaN,NaN,NaN,NaN,NaN,NaN,NaN,NaN
9333,9313,Logic,frame_complete,-3955190986414698435,262,7,0.783563,75,0,19,31.3,0,0,0,0,0,0.5,0.5,0,0,0,0,43,25.813,48.5135,0
9346,9174,CameraCapture,frame_captured,0,263,7,0.138724,75,NaN,NaN,NaN,NaN,NaN,NaN,NaN,NaN,NaN,NaN,NaN,NaN,NaN,NaN,NaN,NaN,NaN,NaN
9347,9175,ImageProcessor_TPU,frame_processed,0,263,7,0.761335,75,0,NaN,NaN,NaN,NaN,NaN,NaN,NaN,NaN,NaN,NaN,NaN,NaN,NaN,NaN,NaN,NaN,NaN
9353,9182,ImageProcessor_Viz,frame_processed,0,263,7,0.340777,NaN,7,NaN,NaN,NaN,NaN,NaN,NaN,NaN,NaN,NaN,NaN,NaN,NaN,NaN,NaN,NaN,NaN,NaN
9366,9194,InferenceEngine,inference_complete,0,263,NaN,NaN,NaN,0,18.586,31.3,0.576463,13,NaN,NaN,NaN,NaN,NaN,NaN,NaN,NaN,NaN,NaN,NaN,NaN,NaN
9366,9345,Logic,frame_complete,-3955190986414698435,263,7,0.761335,75,0,18,31.3,0.576463,13,0,0,0,0.5,0.5,0,0,0,0,43,25.813,48.5135,0
9380,9208,CameraCapture,frame_captured,0,264,7,0.144274,75,NaN,NaN,NaN,NaN,NaN,NaN,NaN,NaN,NaN,NaN,NaN,NaN,NaN,NaN,NaN,NaN,NaN,NaN
9381,9209,ImageProcessor_TPU,frame_processed,0,264,7,0.759404,75,0,NaN,NaN,NaN,NaN,NaN,NaN,NaN,NaN,NaN,NaN,NaN,NaN,NaN,NaN,NaN,NaN,NaN
9387,9216,ImageProcessor_Viz,frame_processed,0,264,7,0.330148,NaN,7,NaN,NaN,NaN,NaN,NaN,NaN,NaN,NaN,NaN,NaN,NaN,NaN,NaN,NaN,NaN,NaN,NaN
9399,9228,InferenceEngine,inference_complete,0,264,NaN,NaN,NaN,0,18.633,31.3,0.745089,13,NaN,NaN,NaN,NaN,NaN,NaN,NaN,NaN,NaN,NaN,NaN,NaN,NaN
9400,9379,Logic,frame_complete,-3955190986414698435,264,7,0.759404,75,0,19,31.3,0.745089,13,0,0,0,0.5,0.5,0,0,0,0,43,25.813,48.5135,0
9414,9243,CameraCapture,frame_captured,0,265,7,0.144474,75,NaN,NaN,NaN,NaN,NaN,NaN,NaN,NaN,NaN,NaN,NaN,NaN,NaN,NaN,NaN,NaN,NaN,NaN
9415,9244,ImageProcessor_TPU,frame_processed,0,265,7,0.775196,75,1,NaN,NaN,NaN,NaN,NaN,NaN,NaN,NaN,NaN,NaN,NaN,NaN,NaN,NaN,NaN,NaN,NaN
9422,9250,ImageProcessor_Viz,frame_processed,0,265,7,0.336426,NaN,7,NaN,NaN,NaN,NaN,NaN,NaN,NaN,NaN,NaN,NaN,NaN,NaN,NaN,NaN,NaN,NaN,NaN
9434,9263,InferenceEngine,inference_complete,0,265,NaN,NaN,NaN,1,18.753,31.3,0.941165,13,NaN,NaN,NaN,NaN,NaN,NaN,NaN,NaN,NaN,NaN,NaN,NaN,NaN
9434,9414,Logic,frame_complete,-3955190986414698435,265,7,0.775196,75,1,19,31.3,0.941165,13,0,0,0,0.5,0.5,0,0,0,0,43,25.813,48.5135,0
9446,9275,CameraCapture,frame_captured,0,266,7,0.140949,75,NaN,NaN,NaN,NaN,NaN,NaN,NaN,NaN,NaN,NaN,NaN,NaN,NaN,NaN,NaN,NaN,NaN,NaN
9447,9276,ImageProcessor_TPU,frame_processed,0,266,7,0.776709,75,0,NaN,NaN,NaN,NaN,NaN,NaN,NaN,NaN,NaN,NaN,NaN,NaN,NaN,NaN,NaN,NaN,NaN
9454,9283,ImageProcessor_Viz,frame_processed,0,266,7,0.341481,NaN,8,NaN,NaN,NaN,NaN,NaN,NaN,NaN,NaN,NaN,NaN,NaN,NaN,NaN,NaN,NaN,NaN,NaN
9466,9295,InferenceEngine,inference_complete,0,266,NaN,NaN,NaN,0,18.611,31.3,0.98038,13,NaN,NaN,NaN,NaN,NaN,NaN,NaN,NaN,NaN,NaN,NaN,NaN,NaN
9467,9446,Logic,frame_complete,-3955190986414698435,266,7,0.776709,75,0,19,31.3,0.98038,13,0,0,0,0.5,0.5,0,0,0,0,43,25.813,48.5135,0
9479,9308,CameraCapture,frame_captured,0,267,7,0.14024,75,NaN,NaN,NaN,NaN,NaN,NaN,NaN,NaN,NaN,NaN,NaN,NaN,NaN,NaN,NaN,NaN,NaN,NaN
9480,9309,ImageProcessor_TPU,frame_processed,0,267,7,0.730926,75,1,NaN,NaN,NaN,NaN,NaN,NaN,NaN,NaN,NaN,NaN,NaN,NaN,NaN,NaN,NaN,NaN,NaN
9487,9315,ImageProcessor_Viz,frame_processed,0,267,7,0.347926,NaN,7,NaN,NaN,NaN,NaN,NaN,NaN,NaN,NaN,NaN,NaN,NaN,NaN,NaN,NaN,NaN,NaN,NaN
9499,9328,InferenceEngine,inference_complete,0,267,NaN,NaN,NaN,1,18.675,31.3,0.976458,13,NaN,NaN,NaN,NaN,NaN,NaN,NaN,NaN,NaN,NaN,NaN,NaN,NaN
9499,9479,Logic,frame_complete,-3955190986414698435,267,7,0.730926,75,1,19,31.3,0.976458,13,0,0,0,0.5,0.5,0,0,0,0,43,25.813,48.5135,0
9513,9342,CameraCapture,frame_captured,0,268,7,0.146106,75,NaN,NaN,NaN,NaN,NaN,NaN,NaN,NaN,NaN,NaN,NaN,NaN,NaN,NaN,NaN,NaN,NaN,NaN
9514,9343,ImageProcessor_TPU,frame_processed,0,268,7,0.774847,75,1,NaN,NaN,NaN,NaN,NaN,NaN,NaN,NaN,NaN,NaN,NaN,NaN,NaN,NaN,NaN,NaN,NaN
9520,9349,ImageProcessor_Viz,frame_processed,0,268,7,0.334592,NaN,7,NaN,NaN,NaN,NaN,NaN,NaN,NaN,NaN,NaN,NaN,NaN,NaN,NaN,NaN,NaN,NaN,NaN
9533,9362,InferenceEngine,inference_complete,0,268,NaN,NaN,NaN,1,18.641,31.3,0.996066,13,NaN,NaN,NaN,NaN,NaN,NaN,NaN,NaN,NaN,NaN,NaN,NaN,NaN
9533,9513,Logic,frame_complete,-3955190986414698435,268,7,0.774847,75,1,19,31.3,0.996066,13,0,0,0,0.5,0.5,0,0,0,0,43,25.813,48.5135,0
9547,9376,CameraCapture,frame_captured,0,269,7,0.141379,75,NaN,NaN,NaN,NaN,NaN,NaN,NaN,NaN,NaN,NaN,NaN,NaN,NaN,NaN,NaN,NaN,NaN,NaN
9548,9377,ImageProcessor_TPU,frame_processed,0,269,7,0.736101,75,0,NaN,NaN,NaN,NaN,NaN,NaN,NaN,NaN,NaN,NaN,NaN,NaN,NaN,NaN,NaN,NaN,NaN
9558,9387,ImageProcessor_Viz,frame_processed,0,269,7,0.336018,NaN,11,NaN,NaN,NaN,NaN,NaN,NaN,NaN,NaN,NaN,NaN,NaN,NaN,NaN,NaN,NaN,NaN,NaN
9568,9396,InferenceEngine,inference_complete,0,269,NaN,NaN,NaN,0,18.747,31.3,0.996066,13,NaN,NaN,NaN,NaN,NaN,NaN,NaN,NaN,NaN,NaN,NaN,NaN,NaN
9568,9547,Logic,frame_complete,-3955190986414698435,269,7,0.736101,75,0,19,31.3,0.996066,13,0,0,0,0.5,0.5,0,0,0,0,43,25.813,48.5135,0
9579,9408,CameraCapture,frame_captured,0,270,7,0.137188,75,NaN,NaN,NaN,NaN,NaN,NaN,NaN,NaN,NaN,NaN,NaN,NaN,NaN,NaN,NaN,NaN,NaN,NaN
9581,9410,ImageProcessor_TPU,frame_processed,0,270,7,1.08497,75,1,NaN,NaN,NaN,NaN,NaN,NaN,NaN,NaN,NaN,NaN,NaN,NaN,NaN,NaN,NaN,NaN,NaN
9587,9416,ImageProcessor_Viz,frame_processed,0,270,7,0.347334,NaN,7,NaN,NaN,NaN,NaN,NaN,NaN,NaN,NaN,NaN,NaN,NaN,NaN,NaN,NaN,NaN,NaN,NaN
9600,9429,InferenceEngine,inference_complete,0,270,NaN,NaN,NaN,1,18.887,31.3,0.996066,13,NaN,NaN,NaN,NaN,NaN,NaN,NaN,NaN,NaN,NaN,NaN,NaN,NaN
9600,9579,Logic,frame_complete,-3955190986414698435,270,7,1.08497,75,1,19,31.3,0.996066,13,0,0,0,0.5,0.5,0,0,0,0,43,25.813,48.5135,0
9613,9442,CameraCapture,frame_captured,0,271,7,0.157072,75,NaN,NaN,NaN,NaN,NaN,NaN,NaN,NaN,NaN,NaN,NaN,NaN,NaN,NaN,NaN,NaN,NaN,NaN
9614,9443,ImageProcessor_TPU,frame_processed,0,271,7,0.852646,75,0,NaN,NaN,NaN,NaN,NaN,NaN,NaN,NaN,NaN,NaN,NaN,NaN,NaN,NaN,NaN,NaN,NaN
9621,9450,ImageProcessor_Viz,frame_processed,0,271,7,0.330426,NaN,8,NaN,NaN,NaN,NaN,NaN,NaN,NaN,NaN,NaN,NaN,NaN,NaN,NaN,NaN,NaN,NaN,NaN
9633,9462,InferenceEngine,inference_complete,0,271,NaN,NaN,NaN,0,18.639,31.3,0.996066,13,NaN,NaN,NaN,NaN,NaN,NaN,NaN,NaN,NaN,NaN,NaN,NaN,NaN
9633,9613,Logic,frame_complete,-3955190986414698435,271,7,0.852646,75,0,19,31.3,0.996066,13,0,0,0,0.5,0.5,0,0,0,0,43,25.813,48.5135,0
9647,9476,CameraCapture,frame_captured,0,272,7,0.231808,75,NaN,NaN,NaN,NaN,NaN,NaN,NaN,NaN,NaN,NaN,NaN,NaN,NaN,NaN,NaN,NaN,NaN,NaN
9648,9477,ImageProcessor_TPU,frame_processed,0,272,7,1.13546,75,0,NaN,NaN,NaN,NaN,NaN,NaN,NaN,NaN,NaN,NaN,NaN,NaN,NaN,NaN,NaN,NaN,NaN
9655,9483,ImageProcessor_Viz,frame_processed,0,272,7,0.343722,NaN,7,NaN,NaN,NaN,NaN,NaN,NaN,NaN,NaN,NaN,NaN,NaN,NaN,NaN,NaN,NaN,NaN,NaN
9668,9496,InferenceEngine,inference_complete,0,272,NaN,NaN,NaN,0,18.707,31.3,0.996066,13,NaN,NaN,NaN,NaN,NaN,NaN,NaN,NaN,NaN,NaN,NaN,NaN,NaN
9668,9647,Logic,frame_complete,-3955190986414698435,272,7,1.13546,75,0,19,31.3,0.996066,13,0,0,0,0.5,0.5,0,0,0,0,43,25.813,48.5135,0
9680,9508,CameraCapture,frame_captured,0,273,7,0.169635,75,NaN,NaN,NaN,NaN,NaN,NaN,NaN,NaN,NaN,NaN,NaN,NaN,NaN,NaN,NaN,NaN,NaN,NaN
9681,9510,ImageProcessor_TPU,frame_processed,0,273,7,0.871932,75,1,NaN,NaN,NaN,NaN,NaN,NaN,NaN,NaN,NaN,NaN,NaN,NaN,NaN,NaN,NaN,NaN,NaN
9688,9516,ImageProcessor_Viz,frame_processed,0,273,7,0.441833,NaN,7,NaN,NaN,NaN,NaN,NaN,NaN,NaN,NaN,NaN,NaN,NaN,NaN,NaN,NaN,NaN,NaN,NaN
9700,9529,InferenceEngine,inference_complete,0,273,NaN,NaN,NaN,1,18.778,31.3,0.996066,13,NaN,NaN,NaN,NaN,NaN,NaN,NaN,NaN,NaN,NaN,NaN,NaN,NaN
9700,9679,Logic,frame_complete,-3955190986414698435,273,7,0.871932,75,1,18,31.3,0.996066,13,0,0,0,0.5,0.5,0,0,0,0,43,25.813,48.5135,0
9714,9543,CameraCapture,frame_captured,0,274,7,0.154556,75,NaN,NaN,NaN,NaN,NaN,NaN,NaN,NaN,NaN,NaN,NaN,NaN,NaN,NaN,NaN,NaN,NaN,NaN
9715,9544,ImageProcessor_TPU,frame_processed,0,274,7,0.821797,75,1,NaN,NaN,NaN,NaN,NaN,NaN,NaN,NaN,NaN,NaN,NaN,NaN,NaN,NaN,NaN,NaN,NaN
9722,9550,ImageProcessor_Viz,frame_processed,0,274,7,0.354519,NaN,7,NaN,NaN,NaN,NaN,NaN,NaN,NaN,NaN,NaN,NaN,NaN,NaN,NaN,NaN,NaN,NaN,NaN
9734,9563,InferenceEngine,inference_complete,0,274,NaN,NaN,NaN,1,18.645,31.3,0.996066,13,NaN,NaN,NaN,NaN,NaN,NaN,NaN,NaN,NaN,NaN,NaN,NaN,NaN
9735,9714,Logic,frame_complete,-3955190986414698435,274,7,0.821797,75,1,19,31.3,0.996066,13,0,0,0,0.5,0.5,0,0,0,0,43,25.813,48.5135,0
9745,9574,CameraCapture,frame_captured,0,275,7,0.223384,75,NaN,NaN,NaN,NaN,NaN,NaN,NaN,NaN,NaN,NaN,NaN,NaN,NaN,NaN,NaN,NaN,NaN,NaN
9747,9575,ImageProcessor_TPU,frame_processed,0,275,7,0.874773,75,0,NaN,NaN,NaN,NaN,NaN,NaN,NaN,NaN,NaN,NaN,NaN,NaN,NaN,NaN,NaN,NaN,NaN
9753,9582,ImageProcessor_Viz,frame_processed,0,275,7,0.349723,NaN,7,NaN,NaN,NaN,NaN,NaN,NaN,NaN,NaN,NaN,NaN,NaN,NaN,NaN,NaN,NaN,NaN,NaN
9765,9594,InferenceEngine,inference_complete,0,275,NaN,NaN,NaN,0,18.362,31.3,0.996066,13,NaN,NaN,NaN,NaN,NaN,NaN,NaN,NaN,NaN,NaN,NaN,NaN,NaN
9766,9745,Logic,frame_complete,-3955190986414698435,275,7,0.874773,75,0,18,31.3,0.996066,13,0,0,0,0.5,0.5,0,0,0,0,43,25.813,48.5135,0
9780,9609,CameraCapture,frame_captured,0,276,7,0.229657,75,NaN,NaN,NaN,NaN,NaN,NaN,NaN,NaN,NaN,NaN,NaN,NaN,NaN,NaN,NaN,NaN,NaN,NaN
9782,9611,ImageProcessor_TPU,frame_processed,0,276,7,1.18007,75,1,NaN,NaN,NaN,NaN,NaN,NaN,NaN,NaN,NaN,NaN,NaN,NaN,NaN,NaN,NaN,NaN,NaN
9788,9617,ImageProcessor_Viz,frame_processed,0,276,7,0.354352,NaN,7,NaN,NaN,NaN,NaN,NaN,NaN,NaN,NaN,NaN,NaN,NaN,NaN,NaN,NaN,NaN,NaN,NaN
9801,9630,InferenceEngine,inference_complete,0,276,NaN,NaN,NaN,1,18.6,31.3,0.996066,13,NaN,NaN,NaN,NaN,NaN,NaN,NaN,NaN,NaN,NaN,NaN,NaN,NaN
9801,9780,Logic,frame_complete,-3955190986414698435,276,7,1.18007,75,1,18,31.3,0.996066,13,0,0,0,0.5,0.5,0,0,0,0,43,25.813,48.5135,0
9814,9643,CameraCapture,frame_captured,0,277,7,0.160782,75,NaN,NaN,NaN,NaN,NaN,NaN,NaN,NaN,NaN,NaN,NaN,NaN,NaN,NaN,NaN,NaN,NaN,NaN
9815,9644,ImageProcessor_TPU,frame_processed,0,277,7,0.781782,75,1,NaN,NaN,NaN,NaN,NaN,NaN,NaN,NaN,NaN,NaN,NaN,NaN,NaN,NaN,NaN,NaN,NaN
9821,9650,ImageProcessor_Viz,frame_processed,0,277,7,0.327815,NaN,7,NaN,NaN,NaN,NaN,NaN,NaN,NaN,NaN,NaN,NaN,NaN,NaN,NaN,NaN,NaN,NaN,NaN
9834,9663,InferenceEngine,inference_complete,0,277,NaN,NaN,NaN,1,18.724,31.3,0.996066,13,NaN,NaN,NaN,NaN,NaN,NaN,NaN,NaN,NaN,NaN,NaN,NaN,NaN
9834,9814,Logic,frame_complete,-3955190986414698435,277,7,0.781782,75,1,19,31.3,0.996066,13,0,0,0,0.5,0.5,0,0,0,0,43,25.813,48.5135,0
9846,9675,CameraCapture,frame_captured,0,278,7,0.230739,75,NaN,NaN,NaN,NaN,NaN,NaN,NaN,NaN,NaN,NaN,NaN,NaN,NaN,NaN,NaN,NaN,NaN,NaN
9847,9676,ImageProcessor_TPU,frame_processed,0,278,7,0.886369,75,0,NaN,NaN,NaN,NaN,NaN,NaN,NaN,NaN,NaN,NaN,NaN,NaN,NaN,NaN,NaN,NaN,NaN
9854,9683,ImageProcessor_Viz,frame_processed,0,278,7,0.355222,NaN,8,NaN,NaN,NaN,NaN,NaN,NaN,NaN,NaN,NaN,NaN,NaN,NaN,NaN,NaN,NaN,NaN,NaN
9866,9695,InferenceEngine,inference_complete,0,278,NaN,NaN,NaN,0,18.645,31.3,0.996066,13,NaN,NaN,NaN,NaN,NaN,NaN,NaN,NaN,NaN,NaN,NaN,NaN,NaN
9866,9846,Logic,frame_complete,-3955190986414698435,278,7,0.886369,75,0,19,31.3,0.996066,13,0,0,0,0.5,0.5,0,0,0,0,43,25.813,48.5135,0
9879,9708,CameraCapture,frame_captured,0,279,7,0.235345,75,NaN,NaN,NaN,NaN,NaN,NaN,NaN,NaN,NaN,NaN,NaN,NaN,NaN,NaN,NaN,NaN,NaN,NaN
9880,9709,ImageProcessor_TPU,frame_processed,0,279,7,0.891993,75,1,NaN,NaN,NaN,NaN,NaN,NaN,NaN,NaN,NaN,NaN,NaN,NaN,NaN,NaN,NaN,NaN,NaN
9887,9715,ImageProcessor_Viz,frame_processed,0,279,7,0.349482,NaN,7,NaN,NaN,NaN,NaN,NaN,NaN,NaN,NaN,NaN,NaN,NaN,NaN,NaN,NaN,NaN,NaN,NaN
9899,9728,InferenceEngine,inference_complete,0,279,NaN,NaN,NaN,1,18.75,31.3,0.996066,13,NaN,NaN,NaN,NaN,NaN,NaN,NaN,NaN,NaN,NaN,NaN,NaN,NaN
9899,9879,Logic,frame_complete,-3955190986414698435,279,7,0.891993,75,1,19,31.3,0.996066,13,0,0,0,0.5,0.5,0,0,0,0,43,25.813,48.5135,0
9914,9742,CameraCapture,frame_captured,0,280,7,0.221081,75,NaN,NaN,NaN,NaN,NaN,NaN,NaN,NaN,NaN,NaN,NaN,NaN,NaN,NaN,NaN,NaN,NaN,NaN
9915,9744,ImageProcessor_TPU,frame_processed,0,280,7,0.832785,75,1,NaN,NaN,NaN,NaN,NaN,NaN,NaN,NaN,NaN,NaN,NaN,NaN,NaN,NaN,NaN,NaN,NaN
9921,9750,ImageProcessor_Viz,frame_processed,0,280,7,0.341297,NaN,7,NaN,NaN,NaN,NaN,NaN,NaN,NaN,NaN,NaN,NaN,NaN,NaN,NaN,NaN,NaN,NaN,NaN
9934,9763,InferenceEngine,inference_complete,0,280,NaN,NaN,NaN,1,18.726,31.3,0.996066,13,NaN,NaN,NaN,NaN,NaN,NaN,NaN,NaN,NaN,NaN,NaN,NaN,NaN
9934,9913,Logic,frame_complete,-3955190986414698435,280,7,0.832785,75,1,18,31.3,0.996066,13,0,0,0,0.5,0.5,0,0,0,0,43,25.813,48.5135,0
9947,9776,CameraCapture,frame_captured,0,281,7,0.145168,75,NaN,NaN,NaN,NaN,NaN,NaN,NaN,NaN,NaN,NaN,NaN,NaN,NaN,NaN,NaN,NaN,NaN,NaN
9948,9777,ImageProcessor_TPU,frame_processed,0,281,7,0.73715,75,0,NaN,NaN,NaN,NaN,NaN,NaN,NaN,NaN,NaN,NaN,NaN,NaN,NaN,NaN,NaN,NaN,NaN
9955,9784,ImageProcessor_Viz,frame_processed,0,281,7,0.327537,NaN,8,NaN,NaN,NaN,NaN,NaN,NaN,NaN,NaN,NaN,NaN,NaN,NaN,NaN,NaN,NaN,NaN,NaN
9967,9796,InferenceEngine,inference_complete,0,281,NaN,NaN,NaN,0,18.629,31.3,0.996066,13,NaN,NaN,NaN,NaN,NaN,NaN,NaN,NaN,NaN,NaN,NaN,NaN,NaN
9967,9947,Logic,frame_complete,-3955190986414698435,281,7,0.73715,75,0,19,31.3,0.996066,13,0,0,0,0.5,0.5,0,0,0,0,43,25.813,48.5135,0
9980,9809,CameraCapture,frame_captured,0,282,7,0.143219,75,NaN,NaN,NaN,NaN,NaN,NaN,NaN,NaN,NaN,NaN,NaN,NaN,NaN,NaN,NaN,NaN,NaN,NaN
9981,9810,ImageProcessor_TPU,frame_processed,0,282,7,0.750626,75,0,NaN,NaN,NaN,NaN,NaN,NaN,NaN,NaN,NaN,NaN,NaN,NaN,NaN,NaN,NaN,NaN,NaN
9988,9817,ImageProcessor_Viz,frame_processed,0,282,7,0.335352,NaN,8,NaN,NaN,NaN,NaN,NaN,NaN,NaN,NaN,NaN,NaN,NaN,NaN,NaN,NaN,NaN,NaN,NaN
10000,9829,InferenceEngine,inference_complete,0,282,NaN,NaN,NaN,0,18.688,31.3,0.996066,13,NaN,NaN,NaN,NaN,NaN,NaN,NaN,NaN,NaN,NaN,NaN,NaN,NaN
10001,9980,Logic,frame_complete,-3955190986414698435,282,7,0.750626,75,0,19,31.3,0.996066,13,0,0,0,0.5,0.5,0,0,0,0,43,25.813,48.5135,0
10012,9841,CameraCapture,frame_captured,0,283,7,0.14025,75,NaN,NaN,NaN,NaN,NaN,NaN,NaN,NaN,NaN,NaN,NaN,NaN,NaN,NaN,NaN,NaN,NaN,NaN
10013,9842,ImageProcessor_TPU,frame_processed,0,283,7,0.69488,75,1,NaN,NaN,NaN,NaN,NaN,NaN,NaN,NaN,NaN,NaN,NaN,NaN,NaN,NaN,NaN,NaN,NaN
10020,9849,ImageProcessor_Viz,frame_processed,0,283,7,0.340685,NaN,8,NaN,NaN,NaN,NaN,NaN,NaN,NaN,NaN,NaN,NaN,NaN,NaN,NaN,NaN,NaN,NaN,NaN
10032,9861,InferenceEngine,inference_complete,0,283,NaN,NaN,NaN,1,18.607,31.3,0.996066,13,NaN,NaN,NaN,NaN,NaN,NaN,NaN,NaN,NaN,NaN,NaN,NaN,NaN
10032,10012,Logic,frame_complete,-3955190986414698435,283,7,0.69488,75,1,18,31.3,0.996066,13,0,0,0,0.5,0.5,0,0,0,0,43,25.813,48.5135,0
10047,9876,CameraCapture,frame_captured,0,284,7,0.140486,75,NaN,NaN,NaN,NaN,NaN,NaN,NaN,NaN,NaN,NaN,NaN,NaN,NaN,NaN,NaN,NaN,NaN,NaN
10048,9877,ImageProcessor_TPU,frame_processed,0,284,7,0.69182,75,1,NaN,NaN,NaN,NaN,NaN,NaN,NaN,NaN,NaN,NaN,NaN,NaN,NaN,NaN,NaN,NaN,NaN
10056,9885,ImageProcessor_Viz,frame_processed,0,284,7,0.336481,NaN,9,NaN,NaN,NaN,NaN,NaN,NaN,NaN,NaN,NaN,NaN,NaN,NaN,NaN,NaN,NaN,NaN,NaN
10071,9900,InferenceEngine,inference_complete,0,284,NaN,NaN,NaN,1,22.683,31.3,0.996066,13,NaN,NaN,NaN,NaN,NaN,NaN,NaN,NaN,NaN,NaN,NaN,NaN,NaN
10071,10047,Logic,frame_complete,-3955190986414698435,284,7,0.69182,75,1,22,31.3,0.996066,13,0,0,0,0.5,0.5,0,0,0,0,43,25.813,48.5135,0
10081,9910,CameraCapture,frame_captured,0,285,7,0.305852,75,NaN,NaN,NaN,NaN,NaN,NaN,NaN,NaN,NaN,NaN,NaN,NaN,NaN,NaN,NaN,NaN,NaN,NaN
10083,9912,ImageProcessor_TPU,frame_processed,0,285,7,1.48704,75,1,NaN,NaN,NaN,NaN,NaN,NaN,NaN,NaN,NaN,NaN,NaN,NaN,NaN,NaN,NaN,NaN,NaN
10090,9919,ImageProcessor_Viz,frame_processed,0,285,7,0.396315,NaN,9,NaN,NaN,NaN,NaN,NaN,NaN,NaN,NaN,NaN,NaN,NaN,NaN,NaN,NaN,NaN,NaN,NaN
10106,9935,InferenceEngine,inference_complete,0,285,NaN,NaN,NaN,1,22.695,31.3,0.996066,13,NaN,NaN,NaN,NaN,NaN,NaN,NaN,NaN,NaN,NaN,NaN,NaN,NaN
10106,10081,Logic,frame_complete,-3955190986414698435,285,7,1.48704,75,1,23,31.3,0.996066,13,0,0,0,0.5,0.5,0,0,0,0,43,25.813,48.5135,0
10113,9942,CameraCapture,frame_captured,0,286,7,0.175957,75,NaN,NaN,NaN,NaN,NaN,NaN,NaN,NaN,NaN,NaN,NaN,NaN,NaN,NaN,NaN,NaN,NaN,NaN
10115,9944,ImageProcessor_TPU,frame_processed,0,286,7,1.4392,75,1,NaN,NaN,NaN,NaN,NaN,NaN,NaN,NaN,NaN,NaN,NaN,NaN,NaN,NaN,NaN,NaN,NaN
10123,9952,ImageProcessor_Viz,frame_processed,0,286,7,0.375389,NaN,9,NaN,NaN,NaN,NaN,NaN,NaN,NaN,NaN,NaN,NaN,NaN,NaN,NaN,NaN,NaN,NaN,NaN
10138,9967,InferenceEngine,inference_complete,0,286,NaN,NaN,NaN,1,22.759,31.3,0.996066,13,NaN,NaN,NaN,NaN,NaN,NaN,NaN,NaN,NaN,NaN,NaN,NaN,NaN
10138,10113,Logic,frame_complete,-3955190986414698435,286,7,1.4392,75,1,23,31.3,0.996066,13,0,0,0,0.5,0.5,0,0,0,0,43,25.813,48.5135,0
10147,9976,CameraCapture,frame_captured,0,287,7,0.176119,75,NaN,NaN,NaN,NaN,NaN,NaN,NaN,NaN,NaN,NaN,NaN,NaN,NaN,NaN,NaN,NaN,NaN,NaN
10148,9977,ImageProcessor_TPU,frame_processed,0,287,7,0.812897,75,0,NaN,NaN,NaN,NaN,NaN,NaN,NaN,NaN,NaN,NaN,NaN,NaN,NaN,NaN,NaN,NaN,NaN
10156,9985,ImageProcessor_Viz,frame_processed,0,287,7,0.373611,NaN,9,NaN,NaN,NaN,NaN,NaN,NaN,NaN,NaN,NaN,NaN,NaN,NaN,NaN,NaN,NaN,NaN,NaN
10167,9996,InferenceEngine,inference_complete,0,287,NaN,NaN,NaN,0,18.599,31.3,0.996066,13,NaN,NaN,NaN,NaN,NaN,NaN,NaN,NaN,NaN,NaN,NaN,NaN,NaN
10168,10147,Logic,frame_complete,-3955190986414698435,287,7,0.812897,75,0,19,31.3,0.996066,13,0,0,0,0.5,0.5,0,0,0,0,43,25.813,48.5135,0
10179,10008,CameraCapture,frame_captured,0,288,7,0.140057,75,NaN,NaN,NaN,NaN,NaN,NaN,NaN,NaN,NaN,NaN,NaN,NaN,NaN,NaN,NaN,NaN,NaN,NaN
10180,10009,ImageProcessor_TPU,frame_processed,0,288,7,0.747891,75,0,NaN,NaN,NaN,NaN,NaN,NaN,NaN,NaN,NaN,NaN,NaN,NaN,NaN,NaN,NaN,NaN,NaN
10187,10016,ImageProcessor_Viz,frame_processed,0,288,7,0.330852,NaN,8,NaN,NaN,NaN,NaN,NaN,NaN,NaN,NaN,NaN,NaN,NaN,NaN,NaN,NaN,NaN,NaN,NaN
10199,10028,InferenceEngine,inference_complete,0,288,NaN,NaN,NaN,0,18.73,31.3,0.996066,13,NaN,NaN,NaN,NaN,NaN,NaN,NaN,NaN,NaN,NaN,NaN,NaN,NaN
10200,10179,Logic,frame_complete,-3955190986414698435,288,7,0.747891,75,0,19,31.3,0.996066,13,0,0,0,0.5,0.5,0,0,0,0,43,25.813,48.5135,0
10214,10042,CameraCapture,frame_captured,0,289,7,0.14696,75,NaN,NaN,NaN,NaN,NaN,NaN,NaN,NaN,NaN,NaN,NaN,NaN,NaN,NaN,NaN,NaN,NaN,NaN
10215,10043,ImageProcessor_TPU,frame_processed,0,289,7,0.76196,75,0,NaN,NaN,NaN,NaN,NaN,NaN,NaN,NaN,NaN,NaN,NaN,NaN,NaN,NaN,NaN,NaN,NaN
10222,10051,ImageProcessor_Viz,frame_processed,0,289,7,0.334686,NaN,8,NaN,NaN,NaN,NaN,NaN,NaN,NaN,NaN,NaN,NaN,NaN,NaN,NaN,NaN,NaN,NaN,NaN
10234,10063,InferenceEngine,inference_complete,0,289,NaN,NaN,NaN,0,18.92,31.3,0.996066,13,NaN,NaN,NaN,NaN,NaN,NaN,NaN,NaN,NaN,NaN,NaN,NaN,NaN
10234,10213,Logic,frame_complete,-3955190986414698435,289,7,0.76196,75,0,19,31.3,0.996066,13,0,0,0,0.5,0.5,0,0,0,0,43,25.813,48.5135,0
10246,10075,CameraCapture,frame_captured,0,290,7,0.242343,75,NaN,NaN,NaN,NaN,NaN,NaN,NaN,NaN,NaN,NaN,NaN,NaN,NaN,NaN,NaN,NaN,NaN,NaN
10249,10078,ImageProcessor_TPU,frame_processed,0,290,7,3.09085,75,0,NaN,NaN,NaN,NaN,NaN,NaN,NaN,NaN,NaN,NaN,NaN,NaN,NaN,NaN,NaN,NaN,NaN
10254,10083,ImageProcessor_Viz,frame_processed,0,290,7,0.341723,NaN,8,NaN,NaN,NaN,NaN,NaN,NaN,NaN,NaN,NaN,NaN,NaN,NaN,NaN,NaN,NaN,NaN,NaN
10268,10097,InferenceEngine,inference_complete,0,290,NaN,NaN,NaN,0,18.579,31.3,0.996066,13,NaN,NaN,NaN,NaN,NaN,NaN,NaN,NaN,NaN,NaN,NaN,NaN,NaN
10268,10246,Logic,frame_complete,-3955190986414698435,290,7,3.09085,75,0,19,31.3,0.996066,13,0,0,0,0.5,0.5,0,0,0,0,43,25.813,48.5135,0
10280,10108,CameraCapture,frame_captured,0,291,7,0.145672,75,NaN,NaN,NaN,NaN,NaN,NaN,NaN,NaN,NaN,NaN,NaN,NaN,NaN,NaN,NaN,NaN,NaN,NaN
10281,10109,ImageProcessor_TPU,frame_processed,0,291,7,0.753413,75,0,NaN,NaN,NaN,NaN,NaN,NaN,NaN,NaN,NaN,NaN,NaN,NaN,NaN,NaN,NaN,NaN,NaN
10288,10116,ImageProcessor_Viz,frame_processed,0,291,7,0.33013,NaN,7,NaN,NaN,NaN,NaN,NaN,NaN,NaN,NaN,NaN,NaN,NaN,NaN,NaN,NaN,NaN,NaN,NaN
10300,10128,InferenceEngine,inference_complete,0,291,NaN,NaN,NaN,0,18.773,31.3,0.996066,13,NaN,NaN,NaN,NaN,NaN,NaN,NaN,NaN,NaN,NaN,NaN,NaN,NaN
10300,10279,Logic,frame_complete,-3955190986414698435,291,7,0.753413,75,0,19,31.3,0.996066,13,0,0,0,0.5,0.5,0,0,0,0,43,25.813,48.5135,0
10313,10142,CameraCapture,frame_captured,0,292,7,0.138907,75,NaN,NaN,NaN,NaN,NaN,NaN,NaN,NaN,NaN,NaN,NaN,NaN,NaN,NaN,NaN,NaN,NaN,NaN
10314,10143,ImageProcessor_TPU,frame_processed,0,292,7,0.739167,75,0,NaN,NaN,NaN,NaN,NaN,NaN,NaN,NaN,NaN,NaN,NaN,NaN,NaN,NaN,NaN,NaN,NaN
10321,10150,ImageProcessor_Viz,frame_processed,0,292,7,0.327315,NaN,7,NaN,NaN,NaN,NaN,NaN,NaN,NaN,NaN,NaN,NaN,NaN,NaN,NaN,NaN,NaN,NaN,NaN
10334,10162,InferenceEngine,inference_complete,0,292,NaN,NaN,NaN,0,18.856,31.3,0.996066,13,NaN,NaN,NaN,NaN,NaN,NaN,NaN,NaN,NaN,NaN,NaN,NaN,NaN
10334,10313,Logic,frame_complete,-3955190986414698435,292,7,0.739167,75,0,19,31.3,0.996066,13,0,0,0,0.5,0.5,0,0,0,0,43,25.813,48.5135,0
10347,10176,CameraCapture,frame_captured,0,293,7,0.144384,75,NaN,NaN,NaN,NaN,NaN,NaN,NaN,NaN,NaN,NaN,NaN,NaN,NaN,NaN,NaN,NaN,NaN,NaN
10348,10177,ImageProcessor_TPU,frame_processed,0,293,7,0.759754,75,1,NaN,NaN,NaN,NaN,NaN,NaN,NaN,NaN,NaN,NaN,NaN,NaN,NaN,NaN,NaN,NaN,NaN
10354,10183,ImageProcessor_Viz,frame_processed,0,293,7,0.329167,NaN,7,NaN,NaN,NaN,NaN,NaN,NaN,NaN,NaN,NaN,NaN,NaN,NaN,NaN,NaN,NaN,NaN,NaN
10367,10196,InferenceEngine,inference_complete,0,293,NaN,NaN,NaN,1,18.732,31.3,0.996066,13,NaN,NaN,NaN,NaN,NaN,NaN,NaN,NaN,NaN,NaN,NaN,NaN,NaN
10367,10347,Logic,frame_complete,-3955190986414698435,293,7,0.759754,75,1,19,31.3,0.996066,13,0,0,0,0.5,0.5,0,0,0,0,43,25.813,48.5135,0
10380,10209,CameraCapture,frame_captured,0,294,7,0.150582,75,NaN,NaN,NaN,NaN,NaN,NaN,NaN,NaN,NaN,NaN,NaN,NaN,NaN,NaN,NaN,NaN,NaN,NaN
10381,10210,ImageProcessor_TPU,frame_processed,0,294,7,1.14831,75,0,NaN,NaN,NaN,NaN,NaN,NaN,NaN,NaN,NaN,NaN,NaN,NaN,NaN,NaN,NaN,NaN,NaN
10388,10216,ImageProcessor_Viz,frame_processed,0,294,7,0.345204,NaN,7,NaN,NaN,NaN,NaN,NaN,NaN,NaN,NaN,NaN,NaN,NaN,NaN,NaN,NaN,NaN,NaN,NaN
10401,10229,InferenceEngine,inference_complete,0,294,NaN,NaN,NaN,0,18.727,31.3,0.996066,13,NaN,NaN,NaN,NaN,NaN,NaN,NaN,NaN,NaN,NaN,NaN,NaN,NaN
10401,10380,Logic,frame_complete,-3955190986414698435,294,7,1.14831,75,0,19,31.3,0.996066,13,0,0,0,0.5,0.5,0,0,0,0,43,25.813,48.5135,0
10412,10241,CameraCapture,frame_captured,0,295,7,0.232169,75,NaN,NaN,NaN,NaN,NaN,NaN,NaN,NaN,NaN,NaN,NaN,NaN,NaN,NaN,NaN,NaN,NaN,NaN
10413,10242,ImageProcessor_TPU,frame_processed,0,295,7,0.842428,75,0,NaN,NaN,NaN,NaN,NaN,NaN,NaN,NaN,NaN,NaN,NaN,NaN,NaN,NaN,NaN,NaN,NaN
10420,10248,ImageProcessor_Viz,frame_processed,0,295,7,0.3625,NaN,7,NaN,NaN,NaN,NaN,NaN,NaN,NaN,NaN,NaN,NaN,NaN,NaN,NaN,NaN,NaN,NaN,NaN
10425,10254,SystemMonitor,system_stats,0,NaN,NaN,NaN,NaN,NaN,NaN,NaN,NaN,NaN,NaN,NaN,NaN,NaN,NaN,NaN,NaN,NaN,NaN,43,25.7769,48.5133,0
10432,10261,InferenceEngine,inference_complete,0,295,NaN,NaN,NaN,0,19.013,31.3,0.996066,13,NaN,NaN,NaN,NaN,NaN,NaN,NaN,NaN,NaN,NaN,NaN,NaN,NaN
10433,10412,Logic,frame_complete,-3955190986414698435,295,7,0.842428,75,0,19,31.3,0.996066,13,0,0,0,0.5,0.5,0,0,0,0,43,25.7769,48.5133,0
10447,10276,CameraCapture,frame_captured,0,296,7,0.140368,75,NaN,NaN,NaN,NaN,NaN,NaN,NaN,NaN,NaN,NaN,NaN,NaN,NaN,NaN,NaN,NaN,NaN,NaN
10448,10277,ImageProcessor_TPU,frame_processed,0,296,7,0.998516,75,1,NaN,NaN,NaN,NaN,NaN,NaN,NaN,NaN,NaN,NaN,NaN,NaN,NaN,NaN,NaN,NaN,NaN
10454,10283,ImageProcessor_Viz,frame_processed,0,296,7,0.334223,NaN,7,NaN,NaN,NaN,NaN,NaN,NaN,NaN,NaN,NaN,NaN,NaN,NaN,NaN,NaN,NaN,NaN,NaN
10467,10296,InferenceEngine,inference_complete,0,296,NaN,NaN,NaN,1,18.764,31.3,0.996066,13,NaN,NaN,NaN,NaN,NaN,NaN,NaN,NaN,NaN,NaN,NaN,NaN,NaN
10468,10447,Logic,frame_complete,-3955190986414698435,296,7,0.998516,75,1,19,31.3,0.996066,13,0,0,0,0.5,0.5,0,0,0,0,43,25.7769,48.5133,0
10479,10308,CameraCapture,frame_captured,0,297,7,0.155399,75,NaN,NaN,NaN,NaN,NaN,NaN,NaN,NaN,NaN,NaN,NaN,NaN,NaN,NaN,NaN,NaN,NaN,NaN
10481,10309,ImageProcessor_TPU,frame_processed,0,297,7,0.756529,75,0,NaN,NaN,NaN,NaN,NaN,NaN,NaN,NaN,NaN,NaN,NaN,NaN,NaN,NaN,NaN,NaN,NaN
10487,10316,ImageProcessor_Viz,frame_processed,0,297,7,0.352093,NaN,8,NaN,NaN,NaN,NaN,NaN,NaN,NaN,NaN,NaN,NaN,NaN,NaN,NaN,NaN,NaN,NaN,NaN
10500,10329,InferenceEngine,inference_complete,0,297,NaN,NaN,NaN,0,18.829,31.3,0.996066,13,NaN,NaN,NaN,NaN,NaN,NaN,NaN,NaN,NaN,NaN,NaN,NaN,NaN
10500,10479,Logic,frame_complete,-3955190986414698435,297,7,0.756529,75,0,18,31.3,0.996066,13,0,0,0,0.5,0.5,0,0,0,0,43,25.7769,48.5133,0
10513,10342,CameraCapture,frame_captured,0,298,7,0.143246,75,NaN,NaN,NaN,NaN,NaN,NaN,NaN,NaN,NaN,NaN,NaN,NaN,NaN,NaN,NaN,NaN,NaN,NaN
10515,10344,ImageProcessor_TPU,frame_processed,0,298,7,1.10651,75,1,NaN,NaN,NaN,NaN,NaN,NaN,NaN,NaN,NaN,NaN,NaN,NaN,NaN,NaN,NaN,NaN,NaN
10521,10350,ImageProcessor_Viz,frame_processed,0,298,7,0.357426,NaN,7,NaN,NaN,NaN,NaN,NaN,NaN,NaN,NaN,NaN,NaN,NaN,NaN,NaN,NaN,NaN,NaN,NaN
10534,10363,InferenceEngine,inference_complete,0,298,NaN,NaN,NaN,1,18.901,31.3,0.996066,13,NaN,NaN,NaN,NaN,NaN,NaN,NaN,NaN,NaN,NaN,NaN,NaN,NaN
10534,10513,Logic,frame_complete,-3955190986414698435,298,7,1.10651,75,1,19,31.3,0.996066,13,0,0,0,0.5,0.5,0,0,0,0,43,25.7769,48.5133,0
10546,10375,CameraCapture,frame_captured,0,299,7,0.160926,75,NaN,NaN,NaN,NaN,NaN,NaN,NaN,NaN,NaN,NaN,NaN,NaN,NaN,NaN,NaN,NaN,NaN,NaN
10548,10377,ImageProcessor_TPU,frame_processed,0,299,7,1.41287,75,1,NaN,NaN,NaN,NaN,NaN,NaN,NaN,NaN,NaN,NaN,NaN,NaN,NaN,NaN,NaN,NaN,NaN
10558,10387,ImageProcessor_Viz,frame_processed,0,299,7,0.434334,NaN,11,NaN,NaN,NaN,NaN,NaN,NaN,NaN,NaN,NaN,NaN,NaN,NaN,NaN,NaN,NaN,NaN,NaN
10567,10396,InferenceEngine,inference_complete,0,299,NaN,NaN,NaN,1,18.65,31.05,0.996066,13,NaN,NaN,NaN,NaN,NaN,NaN,NaN,NaN,NaN,NaN,NaN,NaN,NaN
10567,10546,Logic,frame_complete,-3955190986414698435,299,7,1.41287,75,1,18,31.05,0.996066,13,0,0,0,0.5,0.5,0,0,0,0,43,25.7769,48.5133,0
10580,10409,CameraCapture,frame_captured,0,300,7,0.143069,75,NaN,NaN,NaN,NaN,NaN,NaN,NaN,NaN,NaN,NaN,NaN,NaN,NaN,NaN,NaN,NaN,NaN,NaN
10581,10410,ImageProcessor_TPU,frame_processed,0,300,7,1.03236,75,0,NaN,NaN,NaN,NaN,NaN,NaN,NaN,NaN,NaN,NaN,NaN,NaN,NaN,NaN,NaN,NaN,NaN
10588,10416,ImageProcessor_Viz,frame_processed,0,300,7,0.339871,NaN,7,NaN,NaN,NaN,NaN,NaN,NaN,NaN,NaN,NaN,NaN,NaN,NaN,NaN,NaN,NaN,NaN,NaN
10601,10430,InferenceEngine,inference_complete,0,300,NaN,NaN,NaN,0,18.956,31.05,0.996066,13,NaN,NaN,NaN,NaN,NaN,NaN,NaN,NaN,NaN,NaN,NaN,NaN,NaN
10601,10580,Logic,frame_complete,-3955190986414698435,300,7,1.03236,75,0,19,31.05,0.996066,13,0,0,0,0.5,0.5,0,0,0,0,43,25.7769,48.5133,0
10613,10442,CameraCapture,frame_captured,0,301,7,0.144786,75,NaN,NaN,NaN,NaN,NaN,NaN,NaN,NaN,NaN,NaN,NaN,NaN,NaN,NaN,NaN,NaN,NaN,NaN
10615,10443,ImageProcessor_TPU,frame_processed,0,301,7,0.762175,75,0,NaN,NaN,NaN,NaN,NaN,NaN,NaN,NaN,NaN,NaN,NaN,NaN,NaN,NaN,NaN,NaN,NaN
10621,10450,ImageProcessor_Viz,frame_processed,0,301,7,0.332852,NaN,7,NaN,NaN,NaN,NaN,NaN,NaN,NaN,NaN,NaN,NaN,NaN,NaN,NaN,NaN,NaN,NaN,NaN
10634,10462,InferenceEngine,inference_complete,0,301,NaN,NaN,NaN,0,18.784,31.05,0.996066,13,NaN,NaN,NaN,NaN,NaN,NaN,NaN,NaN,NaN,NaN,NaN,NaN,NaN
10634,10613,Logic,frame_complete,-3955190986414698435,301,7,0.762175,75,0,18,31.05,0.996066,13,0,0,0,0.5,0.5,0,0,0,0,43,25.7769,48.5133,0
10647,10476,CameraCapture,frame_captured,0,302,7,0.155817,75,NaN,NaN,NaN,NaN,NaN,NaN,NaN,NaN,NaN,NaN,NaN,NaN,NaN,NaN,NaN,NaN,NaN,NaN
10648,10477,ImageProcessor_TPU,frame_processed,0,302,7,1.01404,75,0,NaN,NaN,NaN,NaN,NaN,NaN,NaN,NaN,NaN,NaN,NaN,NaN,NaN,NaN,NaN,NaN,NaN
10654,10483,ImageProcessor_Viz,frame_processed,0,302,7,0.329186,NaN,7,NaN,NaN,NaN,NaN,NaN,NaN,NaN,NaN,NaN,NaN,NaN,NaN,NaN,NaN,NaN,NaN,NaN
10667,10496,InferenceEngine,inference_complete,0,302,NaN,NaN,NaN,0,18.862,31.05,0.996066,13,NaN,NaN,NaN,NaN,NaN,NaN,NaN,NaN,NaN,NaN,NaN,NaN,NaN
10668,10647,Logic,frame_complete,-3955190986414698435,302,7,1.01404,75,0,19,31.05,0.996066,13,0,0,0,0.5,0.5,0,0,0,0,43,25.7769,48.5133,0
10679,10508,CameraCapture,frame_captured,0,303,7,0.156664,75,NaN,NaN,NaN,NaN,NaN,NaN,NaN,NaN,NaN,NaN,NaN,NaN,NaN,NaN,NaN,NaN,NaN,NaN
10681,10509,ImageProcessor_TPU,frame_processed,0,303,7,0.772516,75,0,NaN,NaN,NaN,NaN,NaN,NaN,NaN,NaN,NaN,NaN,NaN,NaN,NaN,NaN,NaN,NaN,NaN
10687,10516,ImageProcessor_Viz,frame_processed,0,303,7,0.326649,NaN,7,NaN,NaN,NaN,NaN,NaN,NaN,NaN,NaN,NaN,NaN,NaN,NaN,NaN,NaN,NaN,NaN,NaN
10700,10528,InferenceEngine,inference_complete,0,303,NaN,NaN,NaN,0,18.739,31.05,0.996066,13,NaN,NaN,NaN,NaN,NaN,NaN,NaN,NaN,NaN,NaN,NaN,NaN,NaN
10700,10679,Logic,frame_complete,-3955190986414698435,303,7,0.772516,75,0,18,31.05,0.996066,13,0,0,0,0.5,0.5,0,0,0,0,43,25.7769,48.5133,0
10713,10542,CameraCapture,frame_captured,0,304,7,0.145899,75,NaN,NaN,NaN,NaN,NaN,NaN,NaN,NaN,NaN,NaN,NaN,NaN,NaN,NaN,NaN,NaN,NaN,NaN
10714,10543,ImageProcessor_TPU,frame_processed,0,304,7,0.759362,75,0,NaN,NaN,NaN,NaN,NaN,NaN,NaN,NaN,NaN,NaN,NaN,NaN,NaN,NaN,NaN,NaN,NaN
10721,10550,ImageProcessor_Viz,frame_processed,0,304,7,0.332518,NaN,8,NaN,NaN,NaN,NaN,NaN,NaN,NaN,NaN,NaN,NaN,NaN,NaN,NaN,NaN,NaN,NaN,NaN
10734,10562,InferenceEngine,inference_complete,0,304,NaN,NaN,NaN,0,18.838,31.05,0.996066,13,NaN,NaN,NaN,NaN,NaN,NaN,NaN,NaN,NaN,NaN,NaN,NaN,NaN
10734,10713,Logic,frame_complete,-3955190986414698435,304,7,0.759362,75,0,19,31.05,0.996066,13,0,0,0,0.5,0.5,0,0,0,0,43,25.7769,48.5133,0
10747,10575,CameraCapture,frame_captured,0,305,7,0.149005,75,NaN,NaN,NaN,NaN,NaN,NaN,NaN,NaN,NaN,NaN,NaN,NaN,NaN,NaN,NaN,NaN,NaN,NaN
10748,10577,ImageProcessor_TPU,frame_processed,0,305,7,0.756005,75,1,NaN,NaN,NaN,NaN,NaN,NaN,NaN,NaN,NaN,NaN,NaN,NaN,NaN,NaN,NaN,NaN,NaN
10754,10583,ImageProcessor_Viz,frame_processed,0,305,7,0.328741,NaN,7,NaN,NaN,NaN,NaN,NaN,NaN,NaN,NaN,NaN,NaN,NaN,NaN,NaN,NaN,NaN,NaN,NaN
10767,10596,InferenceEngine,inference_complete,0,305,NaN,NaN,NaN,1,18.847,31.05,0.996066,13,NaN,NaN,NaN,NaN,NaN,NaN,NaN,NaN,NaN,NaN,NaN,NaN,NaN
10767,10746,Logic,frame_complete,-3955190986414698435,305,7,0.756005,75,1,19,31.05,0.996066,13,0,0,0,0.5,0.5,0,0,0,0,43,25.7769,48.5133,0
10780,10609,CameraCapture,frame_captured,0,306,7,0.149722,75,NaN,NaN,NaN,NaN,NaN,NaN,NaN,NaN,NaN,NaN,NaN,NaN,NaN,NaN,NaN,NaN,NaN,NaN
10781,10610,ImageProcessor_TPU,frame_processed,0,306,7,0.754629,75,0,NaN,NaN,NaN,NaN,NaN,NaN,NaN,NaN,NaN,NaN,NaN,NaN,NaN,NaN,NaN,NaN,NaN
10788,10617,ImageProcessor_Viz,frame_processed,0,306,7,0.329815,NaN,8,NaN,NaN,NaN,NaN,NaN,NaN,NaN,NaN,NaN,NaN,NaN,NaN,NaN,NaN,NaN,NaN,NaN
10800,10629,InferenceEngine,inference_complete,0,306,NaN,NaN,NaN,0,18.716,31.05,0.996066,13,NaN,NaN,NaN,NaN,NaN,NaN,NaN,NaN,NaN,NaN,NaN,NaN,NaN
10800,10780,Logic,frame_complete,-3955190986414698435,306,7,0.754629,75,0,19,31.05,0.996066,13,0,0,0,0.5,0.5,0,0,0,0,43,25.7769,48.5133,0
10813,10641,CameraCapture,frame_captured,0,307,7,0.148068,75,NaN,NaN,NaN,NaN,NaN,NaN,NaN,NaN,NaN,NaN,NaN,NaN,NaN,NaN,NaN,NaN,NaN,NaN
10814,10643,ImageProcessor_TPU,frame_processed,0,307,7,0.726716,75,1,NaN,NaN,NaN,NaN,NaN,NaN,NaN,NaN,NaN,NaN,NaN,NaN,NaN,NaN,NaN,NaN,NaN
10821,10650,ImageProcessor_Viz,frame_processed,0,307,7,0.336093,NaN,8,NaN,NaN,NaN,NaN,NaN,NaN,NaN,NaN,NaN,NaN,NaN,NaN,NaN,NaN,NaN,NaN,NaN
10833,10662,InferenceEngine,inference_complete,0,307,NaN,NaN,NaN,1,18.826,31.05,0.996066,13,NaN,NaN,NaN,NaN,NaN,NaN,NaN,NaN,NaN,NaN,NaN,NaN,NaN
10833,10812,Logic,frame_complete,-3955190986414698435,307,7,0.726716,75,1,19,31.05,0.996066,13,0,0,0,0.5,0.5,0,0,0,0,43,25.7769,48.5133,0
10847,10676,CameraCapture,frame_captured,0,308,7,0.241211,75,NaN,NaN,NaN,NaN,NaN,NaN,NaN,NaN,NaN,NaN,NaN,NaN,NaN,NaN,NaN,NaN,NaN,NaN
10848,10677,ImageProcessor_TPU,frame_processed,0,308,7,0.829304,75,1,NaN,NaN,NaN,NaN,NaN,NaN,NaN,NaN,NaN,NaN,NaN,NaN,NaN,NaN,NaN,NaN,NaN
10855,10684,ImageProcessor_Viz,frame_processed,0,308,7,0.33213,NaN,8,NaN,NaN,NaN,NaN,NaN,NaN,NaN,NaN,NaN,NaN,NaN,NaN,NaN,NaN,NaN,NaN,NaN
10867,10696,InferenceEngine,inference_complete,0,308,NaN,NaN,NaN,1,18.617,31.05,0.996066,13,NaN,NaN,NaN,NaN,NaN,NaN,NaN,NaN,NaN,NaN,NaN,NaN,NaN
10867,10847,Logic,frame_complete,-3955190986414698435,308,7,0.829304,75,1,18,31.05,0.996066,13,0,0,0,0.5,0.5,0,0,0,0,43,25.7769,48.5133,0
10880,10709,CameraCapture,frame_captured,0,309,7,0.143447,75,NaN,NaN,NaN,NaN,NaN,NaN,NaN,NaN,NaN,NaN,NaN,NaN,NaN,NaN,NaN,NaN,NaN,NaN
10881,10710,ImageProcessor_TPU,frame_processed,0,309,7,0.702521,75,0,NaN,NaN,NaN,NaN,NaN,NaN,NaN,NaN,NaN,NaN,NaN,NaN,NaN,NaN,NaN,NaN,NaN
10888,10717,ImageProcessor_Viz,frame_processed,0,309,7,0.340723,NaN,8,NaN,NaN,NaN,NaN,NaN,NaN,NaN,NaN,NaN,NaN,NaN,NaN,NaN,NaN,NaN,NaN,NaN
10900,10729,InferenceEngine,inference_complete,0,309,NaN,NaN,NaN,0,18.735,31.05,0.996066,13,NaN,NaN,NaN,NaN,NaN,NaN,NaN,NaN,NaN,NaN,NaN,NaN,NaN
10900,10880,Logic,frame_complete,-3955190986414698435,309,7,0.702521,75,0,19,31.05,0.996066,13,0,0,0,0.5,0.5,0,0,0,0,43,25.7769,48.5133,0
10913,10742,CameraCapture,frame_captured,0,310,7,0.14096,75,NaN,NaN,NaN,NaN,NaN,NaN,NaN,NaN,NaN,NaN,NaN,NaN,NaN,NaN,NaN,NaN,NaN,NaN
10915,10744,ImageProcessor_TPU,frame_processed,0,310,7,0.774219,75,1,NaN,NaN,NaN,NaN,NaN,NaN,NaN,NaN,NaN,NaN,NaN,NaN,NaN,NaN,NaN,NaN,NaN
10921,10750,ImageProcessor_Viz,frame_processed,0,310,7,0.349889,NaN,8,NaN,NaN,NaN,NaN,NaN,NaN,NaN,NaN,NaN,NaN,NaN,NaN,NaN,NaN,NaN,NaN,NaN
10934,10763,InferenceEngine,inference_complete,0,310,NaN,NaN,NaN,1,18.627,31.05,0.996066,13,NaN,NaN,NaN,NaN,NaN,NaN,NaN,NaN,NaN,NaN,NaN,NaN,NaN
10934,10913,Logic,frame_complete,-3955190986414698435,310,7,0.774219,75,1,19,31.05,0.996066,13,0,0,0,0.5,0.5,0,0,0,0,43,25.7769,48.5133,0
10947,10775,CameraCapture,frame_captured,0,311,7,0.150547,75,NaN,NaN,NaN,NaN,NaN,NaN,NaN,NaN,NaN,NaN,NaN,NaN,NaN,NaN,NaN,NaN,NaN,NaN
10948,10777,ImageProcessor_TPU,frame_processed,0,311,7,1.27055,75,1,NaN,NaN,NaN,NaN,NaN,NaN,NaN,NaN,NaN,NaN,NaN,NaN,NaN,NaN,NaN,NaN,NaN
10955,10784,ImageProcessor_Viz,frame_processed,0,311,7,0.457223,NaN,8,NaN,NaN,NaN,NaN,NaN,NaN,NaN,NaN,NaN,NaN,NaN,NaN,NaN,NaN,NaN,NaN,NaN
10967,10795,InferenceEngine,inference_complete,0,311,NaN,NaN,NaN,1,18.486,31.05,0.996066,13,NaN,NaN,NaN,NaN,NaN,NaN,NaN,NaN,NaN,NaN,NaN,NaN,NaN
10967,10946,Logic,frame_complete,-3955190986414698435,311,7,1.27055,75,1,18,31.05,0.996066,13,0,0,0,0.5,0.5,0,0,0,0,43,25.7769,48.5133,0
10980,10809,CameraCapture,frame_captured,0,312,7,0.141856,75,NaN,NaN,NaN,NaN,NaN,NaN,NaN,NaN,NaN,NaN,NaN,NaN,NaN,NaN,NaN,NaN,NaN,NaN
10981,10810,ImageProcessor_TPU,frame_processed,0,312,7,1.14364,75,0,NaN,NaN,NaN,NaN,NaN,NaN,NaN,NaN,NaN,NaN,NaN,NaN,NaN,NaN,NaN,NaN,NaN
10989,10817,ImageProcessor_Viz,frame_processed,0,312,7,0.345667,NaN,8,NaN,NaN,NaN,NaN,NaN,NaN,NaN,NaN,NaN,NaN,NaN,NaN,NaN,NaN,NaN,NaN,NaN
11000,10829,InferenceEngine,inference_complete,0,312,NaN,NaN,NaN,0,18.752,31.05,0.996066,13,NaN,NaN,NaN,NaN,NaN,NaN,NaN,NaN,NaN,NaN,NaN,NaN,NaN
11001,10980,Logic,frame_complete,-3955190986414698435,312,7,1.14364,75,0,19,31.05,0.996066,13,0,0,0,0.5,0.5,0,0,0,0,43,25.7769,48.5133,0
11013,10842,CameraCapture,frame_captured,0,313,7,0.231092,75,NaN,NaN,NaN,NaN,NaN,NaN,NaN,NaN,NaN,NaN,NaN,NaN,NaN,NaN,NaN,NaN,NaN,NaN
11015,10843,ImageProcessor_TPU,frame_processed,0,313,7,1.14835,75,0,NaN,NaN,NaN,NaN,NaN,NaN,NaN,NaN,NaN,NaN,NaN,NaN,NaN,NaN,NaN,NaN,NaN
11022,10850,ImageProcessor_Viz,frame_processed,0,313,7,0.360797,NaN,8,NaN,NaN,NaN,NaN,NaN,NaN,NaN,NaN,NaN,NaN,NaN,NaN,NaN,NaN,NaN,NaN,NaN
11034,10862,InferenceEngine,inference_complete,0,313,NaN,NaN,NaN,0,18.693,31.05,0.996066,13,NaN,NaN,NaN,NaN,NaN,NaN,NaN,NaN,NaN,NaN,NaN,NaN,NaN
11034,11013,Logic,frame_complete,-3955190986414698435,313,7,1.14835,75,0,19,31.05,0.996066,13,0,0,0,0.5,0.5,0,0,0,0,43,25.7769,48.5133,0
11047,10875,CameraCapture,frame_captured,0,314,7,0.142994,75,NaN,NaN,NaN,NaN,NaN,NaN,NaN,NaN,NaN,NaN,NaN,NaN,NaN,NaN,NaN,NaN,NaN,NaN
11048,10876,ImageProcessor_TPU,frame_processed,0,314,7,0.857827,75,0,NaN,NaN,NaN,NaN,NaN,NaN,NaN,NaN,NaN,NaN,NaN,NaN,NaN,NaN,NaN,NaN,NaN
11054,10883,ImageProcessor_Viz,frame_processed,0,314,7,0.343463,NaN,7,NaN,NaN,NaN,NaN,NaN,NaN,NaN,NaN,NaN,NaN,NaN,NaN,NaN,NaN,NaN,NaN,NaN
11067,10896,InferenceEngine,inference_complete,0,314,NaN,NaN,NaN,0,18.853,31.05,0.996066,13,NaN,NaN,NaN,NaN,NaN,NaN,NaN,NaN,NaN,NaN,NaN,NaN,NaN
11067,11046,Logic,frame_complete,-3955190986414698435,314,7,0.857827,75,0,18,31.05,0.996066,13,0,0,0,0.5,0.5,0,0,0,0,43,25.7769,48.5133,0
11079,10908,CameraCapture,frame_captured,0,315,7,0.141118,75,NaN,NaN,NaN,NaN,NaN,NaN,NaN,NaN,NaN,NaN,NaN,NaN,NaN,NaN,NaN,NaN,NaN,NaN
11080,10909,ImageProcessor_TPU,frame_processed,0,315,7,0.702211,75,0,NaN,NaN,NaN,NaN,NaN,NaN,NaN,NaN,NaN,NaN,NaN,NaN,NaN,NaN,NaN,NaN,NaN
11087,10916,ImageProcessor_Viz,frame_processed,0,315,7,0.339482,NaN,7,NaN,NaN,NaN,NaN,NaN,NaN,NaN,NaN,NaN,NaN,NaN,NaN,NaN,NaN,NaN,NaN,NaN
11099,10928,InferenceEngine,inference_complete,0,315,NaN,NaN,NaN,0,18.832,31.05,0.996066,13,NaN,NaN,NaN,NaN,NaN,NaN,NaN,NaN,NaN,NaN,NaN,NaN,NaN
11099,11079,Logic,frame_complete,-3955190986414698435,315,7,0.702211,75,0,19,31.05,0.996066,13,0,0,0,0.5,0.5,0,0,0,0,43,25.7769,48.5133,0
11113,10942,CameraCapture,frame_captured,0,316,7,0.14352,75,NaN,NaN,NaN,NaN,NaN,NaN,NaN,NaN,NaN,NaN,NaN,NaN,NaN,NaN,NaN,NaN,NaN,NaN
11114,10943,ImageProcessor_TPU,frame_processed,0,316,7,0.70315,75,1,NaN,NaN,NaN,NaN,NaN,NaN,NaN,NaN,NaN,NaN,NaN,NaN,NaN,NaN,NaN,NaN,NaN
11121,10950,ImageProcessor_Viz,frame_processed,0,316,7,0.34363,NaN,7,NaN,NaN,NaN,NaN,NaN,NaN,NaN,NaN,NaN,NaN,NaN,NaN,NaN,NaN,NaN,NaN,NaN
11133,10962,InferenceEngine,inference_complete,0,316,NaN,NaN,NaN,1,18.666,31.05,0.996066,13,NaN,NaN,NaN,NaN,NaN,NaN,NaN,NaN,NaN,NaN,NaN,NaN,NaN
11133,11113,Logic,frame_complete,-3955190986414698435,316,7,0.70315,75,1,18,31.05,0.996066,13,0,0,0,0.5,0.5,0,0,0,0,43,25.7769,48.5133,0
11145,10974,CameraCapture,frame_captured,0,317,7,0.13957,75,NaN,NaN,NaN,NaN,NaN,NaN,NaN,NaN,NaN,NaN,NaN,NaN,NaN,NaN,NaN,NaN,NaN,NaN
11147,10976,ImageProcessor_TPU,frame_processed,0,317,7,1.01513,75,1,NaN,NaN,NaN,NaN,NaN,NaN,NaN,NaN,NaN,NaN,NaN,NaN,NaN,NaN,NaN,NaN,NaN
11153,10982,ImageProcessor_Viz,frame_processed,0,317,7,0.344556,NaN,7,NaN,NaN,NaN,NaN,NaN,NaN,NaN,NaN,NaN,NaN,NaN,NaN,NaN,NaN,NaN,NaN,NaN
11166,10995,InferenceEngine,inference_complete,0,317,NaN,NaN,NaN,1,18.953,31.05,0.996066,13,NaN,NaN,NaN,NaN,NaN,NaN,NaN,NaN,NaN,NaN,NaN,NaN,NaN
11167,11145,Logic,frame_complete,-3955190986414698435,317,7,1.01513,75,1,19,31.05,0.996066,13,0,0,0,0.5,0.5,0,0,0,0,43,25.7769,48.5133,0
11180,11009,CameraCapture,frame_captured,0,318,7,0.152287,75,NaN,NaN,NaN,NaN,NaN,NaN,NaN,NaN,NaN,NaN,NaN,NaN,NaN,NaN,NaN,NaN,NaN,NaN
11181,11010,ImageProcessor_TPU,frame_processed,0,318,7,0.700436,75,1,NaN,NaN,NaN,NaN,NaN,NaN,NaN,NaN,NaN,NaN,NaN,NaN,NaN,NaN,NaN,NaN,NaN
11188,11017,ImageProcessor_Viz,frame_processed,0,318,7,0.334833,NaN,8,NaN,NaN,NaN,NaN,NaN,NaN,NaN,NaN,NaN,NaN,NaN,NaN,NaN,NaN,NaN,NaN,NaN
11200,11029,InferenceEngine,inference_complete,0,318,NaN,NaN,NaN,1,18.798,31.05,0.996066,13,NaN,NaN,NaN,NaN,NaN,NaN,NaN,NaN,NaN,NaN,NaN,NaN,NaN
11200,11180,Logic,frame_complete,-3955190986414698435,318,7,0.700436,75,1,19,31.05,0.996066,13,0,0,0,0.5,0.5,0,0,0,0,43,25.7769,48.5133,0
11213,11041,CameraCapture,frame_captured,0,319,7,0.229615,75,NaN,NaN,NaN,NaN,NaN,NaN,NaN,NaN,NaN,NaN,NaN,NaN,NaN,NaN,NaN,NaN,NaN,NaN
11213,11042,ImageProcessor_TPU,frame_processed,0,319,7,0.805467,75,0,NaN,NaN,NaN,NaN,NaN,NaN,NaN,NaN,NaN,NaN,NaN,NaN,NaN,NaN,NaN,NaN,NaN
11221,11049,ImageProcessor_Viz,frame_processed,0,319,7,0.346611,NaN,7,NaN,NaN,NaN,NaN,NaN,NaN,NaN,NaN,NaN,NaN,NaN,NaN,NaN,NaN,NaN,NaN,NaN
11232,11061,InferenceEngine,inference_complete,0,319,NaN,NaN,NaN,0,18.587,31.05,0.996066,13,NaN,NaN,NaN,NaN,NaN,NaN,NaN,NaN,NaN,NaN,NaN,NaN,NaN
11233,11212,Logic,frame_complete,-3955190986414698435,319,7,0.805467,75,0,19,31.05,0.996066,13,0,0,0,0.5,0.5,0,0,0,0,43,25.7769,48.5133,0
11246,11074,CameraCapture,frame_captured,0,320,7,0.232461,75,NaN,NaN,NaN,NaN,NaN,NaN,NaN,NaN,NaN,NaN,NaN,NaN,NaN,NaN,NaN,NaN,NaN,NaN
11247,11076,ImageProcessor_TPU,frame_processed,0,320,7,1.27789,75,1,NaN,NaN,NaN,NaN,NaN,NaN,NaN,NaN,NaN,NaN,NaN,NaN,NaN,NaN,NaN,NaN,NaN
11253,11082,ImageProcessor_Viz,frame_processed,0,320,7,0.361741,NaN,7,NaN,NaN,NaN,NaN,NaN,NaN,NaN,NaN,NaN,NaN,NaN,NaN,NaN,NaN,NaN,NaN,NaN
11266,11095,InferenceEngine,inference_complete,0,320,NaN,NaN,NaN,1,18.615,31.05,0.996066,13,NaN,NaN,NaN,NaN,NaN,NaN,NaN,NaN,NaN,NaN,NaN,NaN,NaN
11266,11245,Logic,frame_complete,-3955190986414698435,320,7,1.27789,75,1,19,31.05,0.996066,13,0,0,0,0.5,0.5,0,0,0,0,43,25.7769,48.5133,0
11280,11109,CameraCapture,frame_captured,0,321,7,0.233586,75,NaN,NaN,NaN,NaN,NaN,NaN,NaN,NaN,NaN,NaN,NaN,NaN,NaN,NaN,NaN,NaN,NaN,NaN
11282,11111,ImageProcessor_TPU,frame_processed,0,321,7,1.23051,75,0,NaN,NaN,NaN,NaN,NaN,NaN,NaN,NaN,NaN,NaN,NaN,NaN,NaN,NaN,NaN,NaN,NaN
11288,11117,ImageProcessor_Viz,frame_processed,0,321,7,0.345741,NaN,8,NaN,NaN,NaN,NaN,NaN,NaN,NaN,NaN,NaN,NaN,NaN,NaN,NaN,NaN,NaN,NaN,NaN
11301,11130,InferenceEngine,inference_complete,0,321,NaN,NaN,NaN,0,18.75,31.05,0.996066,13,NaN,NaN,NaN,NaN,NaN,NaN,NaN,NaN,NaN,NaN,NaN,NaN,NaN
11301,11280,Logic,frame_complete,-3955190986414698435,321,7,1.23051,75,0,18,31.05,0.996066,13,0,0,0,0.5,0.5,0,0,0,0,43,25.7769,48.5133,0
11312,11141,CameraCapture,frame_captured,0,322,7,0.140191,75,NaN,NaN,NaN,NaN,NaN,NaN,NaN,NaN,NaN,NaN,NaN,NaN,NaN,NaN,NaN,NaN,NaN,NaN
11313,11142,ImageProcessor_TPU,frame_processed,0,322,7,0.763117,75,0,NaN,NaN,NaN,NaN,NaN,NaN,NaN,NaN,NaN,NaN,NaN,NaN,NaN,NaN,NaN,NaN,NaN
11320,11149,ImageProcessor_Viz,frame_processed,0,322,7,0.327241,NaN,8,NaN,NaN,NaN,NaN,NaN,NaN,NaN,NaN,NaN,NaN,NaN,NaN,NaN,NaN,NaN,NaN,NaN
11333,11161,InferenceEngine,inference_complete,0,322,NaN,NaN,NaN,0,19.129,31.05,0.996066,13,NaN,NaN,NaN,NaN,NaN,NaN,NaN,NaN,NaN,NaN,NaN,NaN,NaN
11333,11312,Logic,frame_complete,-3955190986414698435,322,7,0.763117,75,0,19,31.05,0.996066,13,0,0,0,0.5,0.5,0,0,0,0,43,25.7769,48.5133,0
11345,11173,CameraCapture,frame_captured,0,323,7,0.140426,75,NaN,NaN,NaN,NaN,NaN,NaN,NaN,NaN,NaN,NaN,NaN,NaN,NaN,NaN,NaN,NaN,NaN,NaN
11345,11174,ImageProcessor_TPU,frame_processed,0,323,7,0.690501,75,0,NaN,NaN,NaN,NaN,NaN,NaN,NaN,NaN,NaN,NaN,NaN,NaN,NaN,NaN,NaN,NaN,NaN
11353,11182,ImageProcessor_Viz,frame_processed,0,323,7,0.340019,NaN,8,NaN,NaN,NaN,NaN,NaN,NaN,NaN,NaN,NaN,NaN,NaN,NaN,NaN,NaN,NaN,NaN,NaN
11364,11193,InferenceEngine,inference_complete,0,323,NaN,NaN,NaN,0,18.695,31.05,0.996066,13,NaN,NaN,NaN,NaN,NaN,NaN,NaN,NaN,NaN,NaN,NaN,NaN,NaN
11365,11344,Logic,frame_complete,-3955190986414698435,323,7,0.690501,75,0,19,31.05,0.996066,13,0,0,0,0.5,0.5,0,0,0,0,43,25.7769,48.5133,0
11379,11208,CameraCapture,frame_captured,0,324,7,0.226292,75,NaN,NaN,NaN,NaN,NaN,NaN,NaN,NaN,NaN,NaN,NaN,NaN,NaN,NaN,NaN,NaN,NaN,NaN
11380,11209,ImageProcessor_TPU,frame_processed,0,324,7,1.13379,75,0,NaN,NaN,NaN,NaN,NaN,NaN,NaN,NaN,NaN,NaN,NaN,NaN,NaN,NaN,NaN,NaN,NaN
11386,11215,ImageProcessor_Viz,frame_processed,0,324,7,0.369667,NaN,7,NaN,NaN,NaN,NaN,NaN,NaN,NaN,NaN,NaN,NaN,NaN,NaN,NaN,NaN,NaN,NaN,NaN
11399,11228,InferenceEngine,inference_complete,0,324,NaN,NaN,NaN,0,18.776,31.05,0.996066,13,NaN,NaN,NaN,NaN,NaN,NaN,NaN,NaN,NaN,NaN,NaN,NaN,NaN
11400,11379,Logic,frame_complete,-3955190986414698435,324,7,1.13379,75,0,19,31.05,0.996066,13,0,0,0,0.5,0.5,0,0,0,0,43,25.7769,48.5133,0
11412,11241,CameraCapture,frame_captured,0,325,7,0.238212,75,NaN,NaN,NaN,NaN,NaN,NaN,NaN,NaN,NaN,NaN,NaN,NaN,NaN,NaN,NaN,NaN,NaN,NaN
11414,11242,ImageProcessor_TPU,frame_processed,0,325,7,1.13203,75,0,NaN,NaN,NaN,NaN,NaN,NaN,NaN,NaN,NaN,NaN,NaN,NaN,NaN,NaN,NaN,NaN,NaN
11420,11248,ImageProcessor_Viz,frame_processed,0,325,7,0.341148,NaN,7,NaN,NaN,NaN,NaN,NaN,NaN,NaN,NaN,NaN,NaN,NaN,NaN,NaN,NaN,NaN,NaN,NaN
11433,11261,InferenceEngine,inference_complete,0,325,NaN,NaN,NaN,0,18.805,31.05,0.996066,13,NaN,NaN,NaN,NaN,NaN,NaN,NaN,NaN,NaN,NaN,NaN,NaN,NaN
11433,11412,Logic,frame_complete,-3955190986414698435,325,7,1.13203,75,0,19,31.05,0.996066,13,0,0,0,0.5,0.5,0,0,0,0,43,25.7769,48.5133,0
11446,11275,CameraCapture,frame_captured,0,326,7,0.206318,75,NaN,NaN,NaN,NaN,NaN,NaN,NaN,NaN,NaN,NaN,NaN,NaN,NaN,NaN,NaN,NaN,NaN,NaN
11448,11277,ImageProcessor_TPU,frame_processed,0,326,7,0.91117,75,1,NaN,NaN,NaN,NaN,NaN,NaN,NaN,NaN,NaN,NaN,NaN,NaN,NaN,NaN,NaN,NaN,NaN
11454,11283,ImageProcessor_Viz,frame_processed,0,326,7,0.335537,NaN,7,NaN,NaN,NaN,NaN,NaN,NaN,NaN,NaN,NaN,NaN,NaN,NaN,NaN,NaN,NaN,NaN,NaN
11467,11296,InferenceEngine,inference_complete,0,326,NaN,NaN,NaN,1,18.687,31.05,0.996066,13,NaN,NaN,NaN,NaN,NaN,NaN,NaN,NaN,NaN,NaN,NaN,NaN,NaN
11467,11446,Logic,frame_complete,-3955190986414698435,326,7,0.91117,75,1,18,31.05,0.996066,13,0,0,0,0.5,0.5,0,0,0,0,43,25.7769,48.5133,0
11478,11307,CameraCapture,frame_captured,0,327,7,0.14672,75,NaN,NaN,NaN,NaN,NaN,NaN,NaN,NaN,NaN,NaN,NaN,NaN,NaN,NaN,NaN,NaN,NaN,NaN
11479,11308,ImageProcessor_TPU,frame_processed,0,327,7,0.710849,75,1,NaN,NaN,NaN,NaN,NaN,NaN,NaN,NaN,NaN,NaN,NaN,NaN,NaN,NaN,NaN,NaN,NaN
11486,11315,ImageProcessor_Viz,frame_processed,0,327,7,0.349371,NaN,8,NaN,NaN,NaN,NaN,NaN,NaN,NaN,NaN,NaN,NaN,NaN,NaN,NaN,NaN,NaN,NaN,NaN
11498,11327,InferenceEngine,inference_complete,0,327,NaN,NaN,NaN,1,18.84,31.05,0.996066,13,NaN,NaN,NaN,NaN,NaN,NaN,NaN,NaN,NaN,NaN,NaN,NaN,NaN
11498,11478,Logic,frame_complete,-3955190986414698435,327,7,0.710849,75,1,19,31.05,0.996066,13,0,0,0,0.5,0.5,0,0,0,0,43,25.7769,48.5133,0
11512,11341,CameraCapture,frame_captured,0,328,7,0.139214,75,NaN,NaN,NaN,NaN,NaN,NaN,NaN,NaN,NaN,NaN,NaN,NaN,NaN,NaN,NaN,NaN,NaN,NaN
11513,11342,ImageProcessor_TPU,frame_processed,0,328,7,0.765085,75,1,NaN,NaN,NaN,NaN,NaN,NaN,NaN,NaN,NaN,NaN,NaN,NaN,NaN,NaN,NaN,NaN,NaN
11520,11348,ImageProcessor_Viz,frame_processed,0,328,7,0.345334,NaN,7,NaN,NaN,NaN,NaN,NaN,NaN,NaN,NaN,NaN,NaN,NaN,NaN,NaN,NaN,NaN,NaN,NaN
11532,11361,InferenceEngine,inference_complete,0,328,NaN,NaN,NaN,1,18.914,31.05,0.996066,13,NaN,NaN,NaN,NaN,NaN,NaN,NaN,NaN,NaN,NaN,NaN,NaN,NaN
11532,11512,Logic,frame_complete,-3955190986414698435,328,7,0.765085,75,1,19,31.05,0.996066,13,0,0,0,0.5,0.5,0,0,0,0,43,25.7769,48.5133,0
11545,11374,CameraCapture,frame_captured,0,329,7,0.148838,75,NaN,NaN,NaN,NaN,NaN,NaN,NaN,NaN,NaN,NaN,NaN,NaN,NaN,NaN,NaN,NaN,NaN,NaN
11546,11375,ImageProcessor_TPU,frame_processed,0,329,7,0.721487,75,0,NaN,NaN,NaN,NaN,NaN,NaN,NaN,NaN,NaN,NaN,NaN,NaN,NaN,NaN,NaN,NaN,NaN
11556,11385,ImageProcessor_Viz,frame_processed,0,329,7,0.327797,NaN,11,NaN,NaN,NaN,NaN,NaN,NaN,NaN,NaN,NaN,NaN,NaN,NaN,NaN,NaN,NaN,NaN,NaN
11565,11394,InferenceEngine,inference_complete,0,329,NaN,NaN,NaN,0,18.645,31.05,0.996066,13,NaN,NaN,NaN,NaN,NaN,NaN,NaN,NaN,NaN,NaN,NaN,NaN,NaN
11565,11545,Logic,frame_complete,-3955190986414698435,329,7,0.721487,75,0,19,31.05,0.996066,13,0,0,0,0.5,0.5,0,0,0,0,43,25.7769,48.5133,0
11580,11408,CameraCapture,frame_captured,0,330,7,0.141963,75,NaN,NaN,NaN,NaN,NaN,NaN,NaN,NaN,NaN,NaN,NaN,NaN,NaN,NaN,NaN,NaN,NaN,NaN
11581,11410,ImageProcessor_TPU,frame_processed,0,330,7,1.08019,75,1,NaN,NaN,NaN,NaN,NaN,NaN,NaN,NaN,NaN,NaN,NaN,NaN,NaN,NaN,NaN,NaN,NaN
11587,11416,ImageProcessor_Viz,frame_processed,0,330,7,0.340556,NaN,7,NaN,NaN,NaN,NaN,NaN,NaN,NaN,NaN,NaN,NaN,NaN,NaN,NaN,NaN,NaN,NaN,NaN
11600,11429,InferenceEngine,inference_complete,0,330,NaN,NaN,NaN,1,18.833,31.05,0.996066,13,NaN,NaN,NaN,NaN,NaN,NaN,NaN,NaN,NaN,NaN,NaN,NaN,NaN
11600,11579,Logic,frame_complete,-3955190986414698435,330,7,1.08019,75,1,19,31.05,0.996066,13,0,0,0,0.5,0.5,0,0,0,0,43,25.7769,48.5133,0
11611,11440,CameraCapture,frame_captured,0,331,7,0.149642,75,NaN,NaN,NaN,NaN,NaN,NaN,NaN,NaN,NaN,NaN,NaN,NaN,NaN,NaN,NaN,NaN,NaN,NaN
11612,11441,ImageProcessor_TPU,frame_processed,0,331,7,0.779031,75,0,NaN,NaN,NaN,NaN,NaN,NaN,NaN,NaN,NaN,NaN,NaN,NaN,NaN,NaN,NaN,NaN,NaN
11619,11448,ImageProcessor_Viz,frame_processed,0,331,7,0.352926,NaN,8,NaN,NaN,NaN,NaN,NaN,NaN,NaN,NaN,NaN,NaN,NaN,NaN,NaN,NaN,NaN,NaN,NaN
11631,11460,InferenceEngine,inference_complete,0,331,NaN,NaN,NaN,0,18.74,31.05,0.996066,13,NaN,NaN,NaN,NaN,NaN,NaN,NaN,NaN,NaN,NaN,NaN,NaN,NaN
11632,11611,Logic,frame_complete,-3955190986414698435,331,7,0.779031,75,0,19,31.05,0.996066,13,0,0,0,0.5,0.5,0,0,0,0,43,25.7769,48.5133,0
11645,11474,CameraCapture,frame_captured,0,332,7,0.166285,75,NaN,NaN,NaN,NaN,NaN,NaN,NaN,NaN,NaN,NaN,NaN,NaN,NaN,NaN,NaN,NaN,NaN,NaN
11647,11476,ImageProcessor_TPU,frame_processed,0,332,7,1.07695,75,0,NaN,NaN,NaN,NaN,NaN,NaN,NaN,NaN,NaN,NaN,NaN,NaN,NaN,NaN,NaN,NaN,NaN
11653,11482,ImageProcessor_Viz,frame_processed,0,332,7,0.33987,NaN,8,NaN,NaN,NaN,NaN,NaN,NaN,NaN,NaN,NaN,NaN,NaN,NaN,NaN,NaN,NaN,NaN,NaN
11666,11494,InferenceEngine,inference_complete,0,332,NaN,NaN,NaN,0,18.647,31.05,0.996066,13,NaN,NaN,NaN,NaN,NaN,NaN,NaN,NaN,NaN,NaN,NaN,NaN,NaN
11666,11645,Logic,frame_complete,-3955190986414698435,332,7,1.07695,75,0,18,31.05,0.996066,13,0,0,0,0.5,0.5,0,0,0,0,43,25.7769,48.5133,0
11680,11508,CameraCapture,frame_captured,0,333,7,0.142613,75,NaN,NaN,NaN,NaN,NaN,NaN,NaN,NaN,NaN,NaN,NaN,NaN,NaN,NaN,NaN,NaN,NaN,NaN
11681,11509,ImageProcessor_TPU,frame_processed,0,333,7,0.765206,75,0,NaN,NaN,NaN,NaN,NaN,NaN,NaN,NaN,NaN,NaN,NaN,NaN,NaN,NaN,NaN,NaN,NaN
11688,11516,ImageProcessor_Viz,frame_processed,0,333,7,0.342741,NaN,7,NaN,NaN,NaN,NaN,NaN,NaN,NaN,NaN,NaN,NaN,NaN,NaN,NaN,NaN,NaN,NaN,NaN
11701,11530,InferenceEngine,inference_complete,0,333,NaN,NaN,NaN,0,19.847,31.05,0.996066,13,NaN,NaN,NaN,NaN,NaN,NaN,NaN,NaN,NaN,NaN,NaN,NaN,NaN
11701,11679,Logic,frame_complete,-3955190986414698435,333,7,0.765206,75,0,19,31.05,0.996066,13,0,0,0,0.5,0.5,0,0,0,0,43,25.7769,48.5133,0
11713,11542,CameraCapture,frame_captured,0,334,7,0.143478,75,NaN,NaN,NaN,NaN,NaN,NaN,NaN,NaN,NaN,NaN,NaN,NaN,NaN,NaN,NaN,NaN,NaN,NaN
11714,11543,ImageProcessor_TPU,frame_processed,0,334,7,0.864608,75,1,NaN,NaN,NaN,NaN,NaN,NaN,NaN,NaN,NaN,NaN,NaN,NaN,NaN,NaN,NaN,NaN,NaN
11721,11550,ImageProcessor_Viz,frame_processed,0,334,7,0.332852,NaN,8,NaN,NaN,NaN,NaN,NaN,NaN,NaN,NaN,NaN,NaN,NaN,NaN,NaN,NaN,NaN,NaN,NaN
11733,11562,InferenceEngine,inference_complete,0,334,NaN,NaN,NaN,1,18.772,31.05,0.996066,13,NaN,NaN,NaN,NaN,NaN,NaN,NaN,NaN,NaN,NaN,NaN,NaN,NaN
11733,11713,Logic,frame_complete,-3955190986414698435,334,7,0.864608,75,1,19,31.05,0.996066,13,0,0,0,0.5,0.5,0,0,0,0,43,25.7769,48.5133,0
11744,11573,CameraCapture,frame_captured,0,335,7,0.138601,75,NaN,NaN,NaN,NaN,NaN,NaN,NaN,NaN,NaN,NaN,NaN,NaN,NaN,NaN,NaN,NaN,NaN,NaN
11745,11574,ImageProcessor_TPU,frame_processed,0,335,7,0.714602,75,0,NaN,NaN,NaN,NaN,NaN,NaN,NaN,NaN,NaN,NaN,NaN,NaN,NaN,NaN,NaN,NaN,NaN
11754,11582,ImageProcessor_Viz,frame_processed,0,335,7,0.339852,NaN,8,NaN,NaN,NaN,NaN,NaN,NaN,NaN,NaN,NaN,NaN,NaN,NaN,NaN,NaN,NaN,NaN,NaN
11765,11594,InferenceEngine,inference_complete,0,335,NaN,NaN,NaN,0,19.626,31.05,0.996066,13,NaN,NaN,NaN,NaN,NaN,NaN,NaN,NaN,NaN,NaN,NaN,NaN,NaN
11766,11744,Logic,frame_complete,-3955190986414698435,335,7,0.714602,75,0,20,31.05,0.996066,13,0,0,0,0.5,0.5,0,0,0,0,43,25.7769,48.5133,0
11778,11607,CameraCapture,frame_captured,0,336,7,0.15693,75,NaN,NaN,NaN,NaN,NaN,NaN,NaN,NaN,NaN,NaN,NaN,NaN,NaN,NaN,NaN,NaN,NaN,NaN
11780,11609,ImageProcessor_TPU,frame_processed,0,336,7,0.707633,75,1,NaN,NaN,NaN,NaN,NaN,NaN,NaN,NaN,NaN,NaN,NaN,NaN,NaN,NaN,NaN,NaN,NaN
11787,11616,ImageProcessor_Viz,frame_processed,0,336,7,0.332148,NaN,8,NaN,NaN,NaN,NaN,NaN,NaN,NaN,NaN,NaN,NaN,NaN,NaN,NaN,NaN,NaN,NaN,NaN
11799,11628,InferenceEngine,inference_complete,0,336,NaN,NaN,NaN,1,18.942,31.05,0.996066,13,NaN,NaN,NaN,NaN,NaN,NaN,NaN,NaN,NaN,NaN,NaN,NaN,NaN
11799,11778,Logic,frame_complete,-3955190986414698435,336,7,0.707633,75,1,19,31.05,0.996066,13,0,0,0,0.5,0.5,0,0,0,0,43,25.7769,48.5133,0
11812,11641,CameraCapture,frame_captured,0,337,7,0.140461,75,NaN,NaN,NaN,NaN,NaN,NaN,NaN,NaN,NaN,NaN,NaN,NaN,NaN,NaN,NaN,NaN,NaN,NaN
11813,11642,ImageProcessor_TPU,frame_processed,0,337,7,0.748869,75,1,NaN,NaN,NaN,NaN,NaN,NaN,NaN,NaN,NaN,NaN,NaN,NaN,NaN,NaN,NaN,NaN,NaN
11819,11648,ImageProcessor_Viz,frame_processed,0,337,7,0.3375,NaN,7,NaN,NaN,NaN,NaN,NaN,NaN,NaN,NaN,NaN,NaN,NaN,NaN,NaN,NaN,NaN,NaN,NaN
11832,11661,InferenceEngine,inference_complete,0,337,NaN,NaN,NaN,1,18.787,31.05,0.996066,13,NaN,NaN,NaN,NaN,NaN,NaN,NaN,NaN,NaN,NaN,NaN,NaN,NaN
11832,11812,Logic,frame_complete,-3955190986414698435,337,7,0.748869,75,1,19,31.05,0.996066,13,0,0,0,0.5,0.5,0,0,0,0,43,25.7769,48.5133,0
11845,11674,CameraCapture,frame_captured,0,338,7,0.142844,75,NaN,NaN,NaN,NaN,NaN,NaN,NaN,NaN,NaN,NaN,NaN,NaN,NaN,NaN,NaN,NaN,NaN,NaN
11846,11675,ImageProcessor_TPU,frame_processed,0,338,7,0.74253,75,0,NaN,NaN,NaN,NaN,NaN,NaN,NaN,NaN,NaN,NaN,NaN,NaN,NaN,NaN,NaN,NaN,NaN
11853,11682,ImageProcessor_Viz,frame_processed,0,338,7,0.330537,NaN,8,NaN,NaN,NaN,NaN,NaN,NaN,NaN,NaN,NaN,NaN,NaN,NaN,NaN,NaN,NaN,NaN,NaN
11865,11694,InferenceEngine,inference_complete,0,338,NaN,NaN,NaN,0,18.741,31.05,0.996066,13,NaN,NaN,NaN,NaN,NaN,NaN,NaN,NaN,NaN,NaN,NaN,NaN,NaN
11865,11845,Logic,frame_complete,-3955190986414698435,338,7,0.74253,75,0,19,31.05,0.996066,13,0,0,0,0.5,0.5,0,0,0,0,43,25.7769,48.5133,0
11878,11707,CameraCapture,frame_captured,0,339,7,0.147061,75,NaN,NaN,NaN,NaN,NaN,NaN,NaN,NaN,NaN,NaN,NaN,NaN,NaN,NaN,NaN,NaN,NaN,NaN
11879,11708,ImageProcessor_TPU,frame_processed,0,339,7,0.75408,75,1,NaN,NaN,NaN,NaN,NaN,NaN,NaN,NaN,NaN,NaN,NaN,NaN,NaN,NaN,NaN,NaN,NaN
11885,11714,ImageProcessor_Viz,frame_processed,0,339,7,0.329815,NaN,7,NaN,NaN,NaN,NaN,NaN,NaN,NaN,NaN,NaN,NaN,NaN,NaN,NaN,NaN,NaN,NaN,NaN
11899,11728,InferenceEngine,inference_complete,0,339,NaN,NaN,NaN,1,19.536,31.05,0.996066,13,NaN,NaN,NaN,NaN,NaN,NaN,NaN,NaN,NaN,NaN,NaN,NaN,NaN
11899,11878,Logic,frame_complete,-3955190986414698435,339,7,0.75408,75,1,20,31.05,0.996066,13,0,0,0,0.5,0.5,0,0,0,0,43,25.7769,48.5133,0
11912,11741,CameraCapture,frame_captured,0,340,7,0.140241,75,NaN,NaN,NaN,NaN,NaN,NaN,NaN,NaN,NaN,NaN,NaN,NaN,NaN,NaN,NaN,NaN,NaN,NaN
11913,11742,ImageProcessor_TPU,frame_processed,0,340,7,0.758426,75,1,NaN,NaN,NaN,NaN,NaN,NaN,NaN,NaN,NaN,NaN,NaN,NaN,NaN,NaN,NaN,NaN,NaN
11919,11748,ImageProcessor_Viz,frame_processed,0,340,7,0.329944,NaN,7,NaN,NaN,NaN,NaN,NaN,NaN,NaN,NaN,NaN,NaN,NaN,NaN,NaN,NaN,NaN,NaN,NaN
11932,11761,InferenceEngine,inference_complete,0,340,NaN,NaN,NaN,1,18.709,31.05,0.996066,13,NaN,NaN,NaN,NaN,NaN,NaN,NaN,NaN,NaN,NaN,NaN,NaN,NaN
11932,11912,Logic,frame_complete,-3955190986414698435,340,7,0.758426,75,1,19,31.05,0.996066,13,0,0,0,0.5,0.5,0,0,0,0,43,25.7769,48.5133,0
11945,11774,CameraCapture,frame_captured,0,341,7,0.244865,75,NaN,NaN,NaN,NaN,NaN,NaN,NaN,NaN,NaN,NaN,NaN,NaN,NaN,NaN,NaN,NaN,NaN,NaN
11946,11775,ImageProcessor_TPU,frame_processed,0,341,7,0.915495,75,0,NaN,NaN,NaN,NaN,NaN,NaN,NaN,NaN,NaN,NaN,NaN,NaN,NaN,NaN,NaN,NaN,NaN
11953,11782,ImageProcessor_Viz,frame_processed,0,341,7,0.349444,NaN,8,NaN,NaN,NaN,NaN,NaN,NaN,NaN,NaN,NaN,NaN,NaN,NaN,NaN,NaN,NaN,NaN,NaN
11965,11794,InferenceEngine,inference_complete,0,341,NaN,NaN,NaN,0,18.72,31.05,0.996066,13,NaN,NaN,NaN,NaN,NaN,NaN,NaN,NaN,NaN,NaN,NaN,NaN,NaN
11965,11945,Logic,frame_complete,-3955190986414698435,341,7,0.915495,75,0,19,31.05,0.996066,13,0,0,0,0.5,0.5,0,0,0,0,43,25.7769,48.5133,0
11979,11808,CameraCapture,frame_captured,0,342,7,0.141563,75,NaN,NaN,NaN,NaN,NaN,NaN,NaN,NaN,NaN,NaN,NaN,NaN,NaN,NaN,NaN,NaN,NaN,NaN
11981,11809,ImageProcessor_TPU,frame_processed,0,342,7,0.77723,75,0,NaN,NaN,NaN,NaN,NaN,NaN,NaN,NaN,NaN,NaN,NaN,NaN,NaN,NaN,NaN,NaN,NaN
11987,11816,ImageProcessor_Viz,frame_processed,0,342,7,0.349518,NaN,8,NaN,NaN,NaN,NaN,NaN,NaN,NaN,NaN,NaN,NaN,NaN,NaN,NaN,NaN,NaN,NaN,NaN
12000,11828,InferenceEngine,inference_complete,0,342,NaN,NaN,NaN,0,18.774,31.05,0.996066,13,NaN,NaN,NaN,NaN,NaN,NaN,NaN,NaN,NaN,NaN,NaN,NaN,NaN
12000,11979,Logic,frame_complete,-3955190986414698435,342,7,0.77723,75,0,18,31.05,0.996066,13,0,0,0,0.5,0.5,0,0,0,0,43,25.7769,48.5133,0
12011,11840,CameraCapture,frame_captured,0,343,7,0.149335,75,NaN,NaN,NaN,NaN,NaN,NaN,NaN,NaN,NaN,NaN,NaN,NaN,NaN,NaN,NaN,NaN,NaN,NaN
12012,11841,ImageProcessor_TPU,frame_processed,0,343,7,0.782632,75,0,NaN,NaN,NaN,NaN,NaN,NaN,NaN,NaN,NaN,NaN,NaN,NaN,NaN,NaN,NaN,NaN,NaN
12019,11848,ImageProcessor_Viz,frame_processed,0,343,7,0.345111,NaN,8,NaN,NaN,NaN,NaN,NaN,NaN,NaN,NaN,NaN,NaN,NaN,NaN,NaN,NaN,NaN,NaN,NaN
12032,11861,InferenceEngine,inference_complete,0,343,NaN,NaN,NaN,0,19.546,31.05,0.996066,13,NaN,NaN,NaN,NaN,NaN,NaN,NaN,NaN,NaN,NaN,NaN,NaN,NaN
12032,12011,Logic,frame_complete,-3955190986414698435,343,7,0.782632,75,0,20,31.05,0.996066,13,0,0,0,0.5,0.5,0,0,0,0,43,25.7769,48.5133,0
12046,11875,CameraCapture,frame_captured,0,344,7,0.142738,75,NaN,NaN,NaN,NaN,NaN,NaN,NaN,NaN,NaN,NaN,NaN,NaN,NaN,NaN,NaN,NaN,NaN,NaN
12047,11876,ImageProcessor_TPU,frame_processed,0,344,7,0.846886,75,0,NaN,NaN,NaN,NaN,NaN,NaN,NaN,NaN,NaN,NaN,NaN,NaN,NaN,NaN,NaN,NaN,NaN
12054,11882,ImageProcessor_Viz,frame_processed,0,344,7,0.341482,NaN,7,NaN,NaN,NaN,NaN,NaN,NaN,NaN,NaN,NaN,NaN,NaN,NaN,NaN,NaN,NaN,NaN,NaN
12066,11895,InferenceEngine,inference_complete,0,344,NaN,NaN,NaN,0,19.013,31.05,0.996066,13,NaN,NaN,NaN,NaN,NaN,NaN,NaN,NaN,NaN,NaN,NaN,NaN,NaN
12067,12046,Logic,frame_complete,-3955190986414698435,344,7,0.846886,75,0,19,31.05,0.996066,13,0,0,0,0.5,0.5,0,0,0,0,43,25.7769,48.5133,0
12078,11907,CameraCapture,frame_captured,0,345,7,0.145084,75,NaN,NaN,NaN,NaN,NaN,NaN,NaN,NaN,NaN,NaN,NaN,NaN,NaN,NaN,NaN,NaN,NaN,NaN
12080,11909,ImageProcessor_TPU,frame_processed,0,345,7,0.725065,75,1,NaN,NaN,NaN,NaN,NaN,NaN,NaN,NaN,NaN,NaN,NaN,NaN,NaN,NaN,NaN,NaN,NaN
12087,11916,ImageProcessor_Viz,frame_processed,0,345,7,0.348907,NaN,8,NaN,NaN,NaN,NaN,NaN,NaN,NaN,NaN,NaN,NaN,NaN,NaN,NaN,NaN,NaN,NaN,NaN
12099,11928,InferenceEngine,inference_complete,0,345,NaN,NaN,NaN,1,18.819,31.05,0.996066,13,NaN,NaN,NaN,NaN,NaN,NaN,NaN,NaN,NaN,NaN,NaN,NaN,NaN
12099,12078,Logic,frame_complete,-3955190986414698435,345,7,0.725065,75,1,19,31.05,0.996066,13,0,0,0,0.5,0.5,0,0,0,0,43,25.7769,48.5133,0
12112,11941,CameraCapture,frame_captured,0,346,7,0.237689,75,NaN,NaN,NaN,NaN,NaN,NaN,NaN,NaN,NaN,NaN,NaN,NaN,NaN,NaN,NaN,NaN,NaN,NaN
12113,11942,ImageProcessor_TPU,frame_processed,0,346,7,0.998393,75,1,NaN,NaN,NaN,NaN,NaN,NaN,NaN,NaN,NaN,NaN,NaN,NaN,NaN,NaN,NaN,NaN,NaN
12120,11948,ImageProcessor_Viz,frame_processed,0,346,7,0.358389,NaN,7,NaN,NaN,NaN,NaN,NaN,NaN,NaN,NaN,NaN,NaN,NaN,NaN,NaN,NaN,NaN,NaN,NaN
12132,11961,InferenceEngine,inference_complete,0,346,NaN,NaN,NaN,1,18.882,31.05,0.996066,13,NaN,NaN,NaN,NaN,NaN,NaN,NaN,NaN,NaN,NaN,NaN,NaN,NaN
12132,12112,Logic,frame_complete,-3955190986414698435,346,7,0.998393,75,1,19,31.05,0.996066,13,0,0,0,0.5,0.5,0,0,0,0,43,25.7769,48.5133,0
12144,11973,CameraCapture,frame_captured,0,347,7,0.244665,75,NaN,NaN,NaN,NaN,NaN,NaN,NaN,NaN,NaN,NaN,NaN,NaN,NaN,NaN,NaN,NaN,NaN,NaN
12146,11975,ImageProcessor_TPU,frame_processed,0,347,7,1.1187,75,1,NaN,NaN,NaN,NaN,NaN,NaN,NaN,NaN,NaN,NaN,NaN,NaN,NaN,NaN,NaN,NaN,NaN
12152,11981,ImageProcessor_Viz,frame_processed,0,347,7,0.359852,NaN,7,NaN,NaN,NaN,NaN,NaN,NaN,NaN,NaN,NaN,NaN,NaN,NaN,NaN,NaN,NaN,NaN,NaN
12165,11994,InferenceEngine,inference_complete,0,347,NaN,NaN,NaN,1,18.894,31.05,0.996066,13,NaN,NaN,NaN,NaN,NaN,NaN,NaN,NaN,NaN,NaN,NaN,NaN,NaN
12165,12144,Logic,frame_complete,-3955190986414698435,347,7,1.1187,75,1,19,31.05,0.996066,13,0,0,0,0.5,0.5,0,0,0,0,43,25.7769,48.5133,0
12178,12007,CameraCapture,frame_captured,0,348,7,0.234178,75,NaN,NaN,NaN,NaN,NaN,NaN,NaN,NaN,NaN,NaN,NaN,NaN,NaN,NaN,NaN,NaN,NaN,NaN
12180,12009,ImageProcessor_TPU,frame_processed,0,348,7,1.16142,75,1,NaN,NaN,NaN,NaN,NaN,NaN,NaN,NaN,NaN,NaN,NaN,NaN,NaN,NaN,NaN,NaN,NaN
12186,12015,ImageProcessor_Viz,frame_processed,0,348,7,0.350241,NaN,7,NaN,NaN,NaN,NaN,NaN,NaN,NaN,NaN,NaN,NaN,NaN,NaN,NaN,NaN,NaN,NaN,NaN
12199,12028,InferenceEngine,inference_complete,0,348,NaN,NaN,NaN,1,18.773,31.05,0.996066,13,NaN,NaN,NaN,NaN,NaN,NaN,NaN,NaN,NaN,NaN,NaN,NaN,NaN
12199,12178,Logic,frame_complete,-3955190986414698435,348,7,1.16142,75,1,18,31.05,0.996066,13,0,0,0,0.5,0.5,0,0,0,0,43,25.7769,48.5133,0
12212,12040,CameraCapture,frame_captured,0,349,7,0.140543,75,NaN,NaN,NaN,NaN,NaN,NaN,NaN,NaN,NaN,NaN,NaN,NaN,NaN,NaN,NaN,NaN,NaN,NaN
12213,12042,ImageProcessor_TPU,frame_processed,0,349,7,0.776432,75,1,NaN,NaN,NaN,NaN,NaN,NaN,NaN,NaN,NaN,NaN,NaN,NaN,NaN,NaN,NaN,NaN,NaN
12219,12048,ImageProcessor_Viz,frame_processed,0,349,7,0.344037,NaN,7,NaN,NaN,NaN,NaN,NaN,NaN,NaN,NaN,NaN,NaN,NaN,NaN,NaN,NaN,NaN,NaN,NaN
12232,12061,InferenceEngine,inference_complete,0,349,NaN,NaN,NaN,1,18.835,31.05,0.996066,13,NaN,NaN,NaN,NaN,NaN,NaN,NaN,NaN,NaN,NaN,NaN,NaN,NaN
12232,12211,Logic,frame_complete,-3955190986414698435,349,7,0.776432,75,1,19,31.05,0.996066,13,0,0,0,0.5,0.5,0,0,0,0,43,25.7769,48.5133,0
12245,12074,CameraCapture,frame_captured,0,350,7,0.138019,75,NaN,NaN,NaN,NaN,NaN,NaN,NaN,NaN,NaN,NaN,NaN,NaN,NaN,NaN,NaN,NaN,NaN,NaN
12246,12075,ImageProcessor_TPU,frame_processed,0,350,7,0.763945,75,0,NaN,NaN,NaN,NaN,NaN,NaN,NaN,NaN,NaN,NaN,NaN,NaN,NaN,NaN,NaN,NaN,NaN
12253,12082,ImageProcessor_Viz,frame_processed,0,350,7,0.333759,NaN,8,NaN,NaN,NaN,NaN,NaN,NaN,NaN,NaN,NaN,NaN,NaN,NaN,NaN,NaN,NaN,NaN,NaN
12265,12094,InferenceEngine,inference_complete,0,350,NaN,NaN,NaN,0,18.586,31.05,0.996066,13,NaN,NaN,NaN,NaN,NaN,NaN,NaN,NaN,NaN,NaN,NaN,NaN,NaN
12265,12245,Logic,frame_complete,-3955190986414698435,350,7,0.763945,75,0,19,31.05,0.996066,13,0,0,0,0.5,0.5,0,0,0,0,43,25.7769,48.5133,0
12278,12106,CameraCapture,frame_captured,0,351,7,0.234847,75,NaN,NaN,NaN,NaN,NaN,NaN,NaN,NaN,NaN,NaN,NaN,NaN,NaN,NaN,NaN,NaN,NaN,NaN
12279,12108,ImageProcessor_TPU,frame_processed,0,351,7,1.23857,75,1,NaN,NaN,NaN,NaN,NaN,NaN,NaN,NaN,NaN,NaN,NaN,NaN,NaN,NaN,NaN,NaN,NaN
12286,12114,ImageProcessor_Viz,frame_processed,0,351,7,0.354445,NaN,7,NaN,NaN,NaN,NaN,NaN,NaN,NaN,NaN,NaN,NaN,NaN,NaN,NaN,NaN,NaN,NaN,NaN
12298,12127,InferenceEngine,inference_complete,0,351,NaN,NaN,NaN,1,18.83,31.05,0.996066,13,NaN,NaN,NaN,NaN,NaN,NaN,NaN,NaN,NaN,NaN,NaN,NaN,NaN
12298,12277,Logic,frame_complete,-3955190986414698435,351,7,1.23857,75,1,19,31.05,0.996066,13,0,0,0,0.5,0.5,0,0,0,0,43,25.7769,48.5133,0
12312,12140,CameraCapture,frame_captured,0,352,7,0.159045,75,NaN,NaN,NaN,NaN,NaN,NaN,NaN,NaN,NaN,NaN,NaN,NaN,NaN,NaN,NaN,NaN,NaN,NaN
12313,12141,ImageProcessor_TPU,frame_processed,0,352,7,0.780101,75,0,NaN,NaN,NaN,NaN,NaN,NaN,NaN,NaN,NaN,NaN,NaN,NaN,NaN,NaN,NaN,NaN,NaN
12320,12148,ImageProcessor_Viz,frame_processed,0,352,7,0.340074,NaN,7,NaN,NaN,NaN,NaN,NaN,NaN,NaN,NaN,NaN,NaN,NaN,NaN,NaN,NaN,NaN,NaN,NaN
12332,12160,InferenceEngine,inference_complete,0,352,NaN,NaN,NaN,0,18.681,31.05,0.996066,13,NaN,NaN,NaN,NaN,NaN,NaN,NaN,NaN,NaN,NaN,NaN,NaN,NaN
12332,12311,Logic,frame_complete,-3955190986414698435,352,7,0.780101,75,0,18,31.05,0.996066,13,0,0,0,0.5,0.5,0,0,0,0,43,25.7769,48.5133,0
12345,12174,CameraCapture,frame_captured,0,353,7,0.156392,75,NaN,NaN,NaN,NaN,NaN,NaN,NaN,NaN,NaN,NaN,NaN,NaN,NaN,NaN,NaN,NaN,NaN,NaN
12346,12175,ImageProcessor_TPU,frame_processed,0,353,7,0.778281,75,0,NaN,NaN,NaN,NaN,NaN,NaN,NaN,NaN,NaN,NaN,NaN,NaN,NaN,NaN,NaN,NaN,NaN
12353,12182,ImageProcessor_Viz,frame_processed,0,353,7,0.324204,NaN,8,NaN,NaN,NaN,NaN,NaN,NaN,NaN,NaN,NaN,NaN,NaN,NaN,NaN,NaN,NaN,NaN,NaN
12366,12194,InferenceEngine,inference_complete,0,353,NaN,NaN,NaN,0,18.818,31.05,0.996066,13,NaN,NaN,NaN,NaN,NaN,NaN,NaN,NaN,NaN,NaN,NaN,NaN,NaN
12366,12345,Logic,frame_complete,-3955190986414698435,353,7,0.778281,75,0,19,31.05,0.996066,13,0,0,0,0.5,0.5,0,0,0,0,43,25.7769,48.5133,0
12378,12207,CameraCapture,frame_captured,0,354,7,0.14309,75,NaN,NaN,NaN,NaN,NaN,NaN,NaN,NaN,NaN,NaN,NaN,NaN,NaN,NaN,NaN,NaN,NaN,NaN
12380,12208,ImageProcessor_TPU,frame_processed,0,354,7,0.775645,75,0,NaN,NaN,NaN,NaN,NaN,NaN,NaN,NaN,NaN,NaN,NaN,NaN,NaN,NaN,NaN,NaN,NaN
12386,12215,ImageProcessor_Viz,frame_processed,0,354,7,0.353852,NaN,7,NaN,NaN,NaN,NaN,NaN,NaN,NaN,NaN,NaN,NaN,NaN,NaN,NaN,NaN,NaN,NaN,NaN
12399,12227,InferenceEngine,inference_complete,0,354,NaN,NaN,NaN,0,18.616,31.05,0.996066,13,NaN,NaN,NaN,NaN,NaN,NaN,NaN,NaN,NaN,NaN,NaN,NaN,NaN
12399,12378,Logic,frame_complete,-3955190986414698435,354,7,0.775645,75,0,18,31.05,0.996066,13,0,0,0,0.5,0.5,0,0,0,0,43,25.7769,48.5133,0
12411,12240,CameraCapture,frame_captured,0,355,7,0.146399,75,NaN,NaN,NaN,NaN,NaN,NaN,NaN,NaN,NaN,NaN,NaN,NaN,NaN,NaN,NaN,NaN,NaN,NaN
12412,12241,ImageProcessor_TPU,frame_processed,0,355,7,0.767158,75,1,NaN,NaN,NaN,NaN,NaN,NaN,NaN,NaN,NaN,NaN,NaN,NaN,NaN,NaN,NaN,NaN,NaN
12419,12248,ImageProcessor_Viz,frame_processed,0,355,7,0.344519,NaN,7,NaN,NaN,NaN,NaN,NaN,NaN,NaN,NaN,NaN,NaN,NaN,NaN,NaN,NaN,NaN,NaN,NaN
12431,12260,InferenceEngine,inference_complete,0,355,NaN,NaN,NaN,1,18.655,31.05,0.996066,13,NaN,NaN,NaN,NaN,NaN,NaN,NaN,NaN,NaN,NaN,NaN,NaN,NaN
12431,12411,Logic,frame_complete,-3955190986414698435,355,7,0.767158,75,1,19,31.05,0.996066,13,0,0,0,0.5,0.5,0,0,0,0,43,25.7769,48.5133,0
12445,12274,CameraCapture,frame_captured,0,356,7,0.139875,75,NaN,NaN,NaN,NaN,NaN,NaN,NaN,NaN,NaN,NaN,NaN,NaN,NaN,NaN,NaN,NaN,NaN,NaN
12446,12275,ImageProcessor_TPU,frame_processed,0,356,7,0.765764,75,1,NaN,NaN,NaN,NaN,NaN,NaN,NaN,NaN,NaN,NaN,NaN,NaN,NaN,NaN,NaN,NaN,NaN
12453,12281,ImageProcessor_Viz,frame_processed,0,356,7,0.338333,NaN,7,NaN,NaN,NaN,NaN,NaN,NaN,NaN,NaN,NaN,NaN,NaN,NaN,NaN,NaN,NaN,NaN,NaN
12465,12294,InferenceEngine,inference_complete,0,356,NaN,NaN,NaN,1,18.635,31.05,0.996066,13,NaN,NaN,NaN,NaN,NaN,NaN,NaN,NaN,NaN,NaN,NaN,NaN,NaN
12465,12445,Logic,frame_complete,-3955190986414698435,356,7,0.765764,75,1,19,31.05,0.996066,13,0,0,0,0.5,0.5,0,0,0,0,43,25.7769,48.5133,0
12478,12307,CameraCapture,frame_captured,0,357,7,0.145499,75,NaN,NaN,NaN,NaN,NaN,NaN,NaN,NaN,NaN,NaN,NaN,NaN,NaN,NaN,NaN,NaN,NaN,NaN
12479,12308,ImageProcessor_TPU,frame_processed,0,357,7,0.709962,75,0,NaN,NaN,NaN,NaN,NaN,NaN,NaN,NaN,NaN,NaN,NaN,NaN,NaN,NaN,NaN,NaN,NaN
12486,12315,ImageProcessor_Viz,frame_processed,0,357,7,0.349019,NaN,7,NaN,NaN,NaN,NaN,NaN,NaN,NaN,NaN,NaN,NaN,NaN,NaN,NaN,NaN,NaN,NaN,NaN
12498,12327,InferenceEngine,inference_complete,0,357,NaN,NaN,NaN,0,18.725,31.05,0.996066,13,NaN,NaN,NaN,NaN,NaN,NaN,NaN,NaN,NaN,NaN,NaN,NaN,NaN
12498,12478,Logic,frame_complete,-3955190986414698435,357,7,0.709962,75,0,19,31.05,0.996066,13,0,0,0,0.5,0.5,0,0,0,0,43,25.7769,48.5133,0
12511,12340,CameraCapture,frame_captured,0,358,7,0.143789,75,NaN,NaN,NaN,NaN,NaN,NaN,NaN,NaN,NaN,NaN,NaN,NaN,NaN,NaN,NaN,NaN,NaN,NaN
12512,12341,ImageProcessor_TPU,frame_processed,0,358,7,0.737623,75,0,NaN,NaN,NaN,NaN,NaN,NaN,NaN,NaN,NaN,NaN,NaN,NaN,NaN,NaN,NaN,NaN,NaN
12519,12348,ImageProcessor_Viz,frame_processed,0,358,7,0.336704,NaN,7,NaN,NaN,NaN,NaN,NaN,NaN,NaN,NaN,NaN,NaN,NaN,NaN,NaN,NaN,NaN,NaN,NaN
12531,12360,InferenceEngine,inference_complete,0,358,NaN,NaN,NaN,0,18.761,31.05,0.996066,13,NaN,NaN,NaN,NaN,NaN,NaN,NaN,NaN,NaN,NaN,NaN,NaN,NaN
12532,12511,Logic,frame_complete,-3955190986414698435,358,7,0.737623,75,0,19,31.05,0.996066,13,0,0,0,0.5,0.5,0,0,0,0,43,25.7769,48.5133,0
12545,12374,CameraCapture,frame_captured,0,359,7,0.170358,75,NaN,NaN,NaN,NaN,NaN,NaN,NaN,NaN,NaN,NaN,NaN,NaN,NaN,NaN,NaN,NaN,NaN,NaN
12548,12376,ImageProcessor_TPU,frame_processed,0,359,7,1.65908,75,0,NaN,NaN,NaN,NaN,NaN,NaN,NaN,NaN,NaN,NaN,NaN,NaN,NaN,NaN,NaN,NaN,NaN
12558,12386,ImageProcessor_Viz,frame_processed,0,359,7,0.430963,NaN,12,NaN,NaN,NaN,NaN,NaN,NaN,NaN,NaN,NaN,NaN,NaN,NaN,NaN,NaN,NaN,NaN,NaN
12567,12395,InferenceEngine,inference_complete,0,359,NaN,NaN,NaN,0,18.651,31.05,0.996066,13,NaN,NaN,NaN,NaN,NaN,NaN,NaN,NaN,NaN,NaN,NaN,NaN,NaN
12567,12545,Logic,frame_complete,-3955190986414698435,359,7,1.65908,75,0,18,31.05,0.996066,13,0,0,0,0.5,0.5,0,0,0,0,43,25.7769,48.5133,0
12578,12407,CameraCapture,frame_captured,0,360,7,0.240611,75,NaN,NaN,NaN,NaN,NaN,NaN,NaN,NaN,NaN,NaN,NaN,NaN,NaN,NaN,NaN,NaN,NaN,NaN
12580,12409,ImageProcessor_TPU,frame_processed,0,360,7,1.22715,75,1,NaN,NaN,NaN,NaN,NaN,NaN,NaN,NaN,NaN,NaN,NaN,NaN,NaN,NaN,NaN,NaN,NaN
12586,12415,ImageProcessor_Viz,frame_processed,0,360,7,0.345518,NaN,8,NaN,NaN,NaN,NaN,NaN,NaN,NaN,NaN,NaN,NaN,NaN,NaN,NaN,NaN,NaN,NaN,NaN
12599,12428,InferenceEngine,inference_complete,0,360,NaN,NaN,NaN,1,18.811,31.05,0.996066,13,NaN,NaN,NaN,NaN,NaN,NaN,NaN,NaN,NaN,NaN,NaN,NaN,NaN
12600,12578,Logic,frame_complete,-3955190986414698435,360,7,1.22715,75,1,19,31.05,0.996066,13,0,0,0,0.5,0.5,0,0,0,0,43,25.7769,48.5133,0
12612,12441,CameraCapture,frame_captured,0,361,7,0.140736,75,NaN,NaN,NaN,NaN,NaN,NaN,NaN,NaN,NaN,NaN,NaN,NaN,NaN,NaN,NaN,NaN,NaN,NaN
12614,12442,ImageProcessor_TPU,frame_processed,0,361,7,0.770625,75,0,NaN,NaN,NaN,NaN,NaN,NaN,NaN,NaN,NaN,NaN,NaN,NaN,NaN,NaN,NaN,NaN,NaN
12621,12450,ImageProcessor_Viz,frame_processed,0,361,7,0.352834,NaN,8,NaN,NaN,NaN,NaN,NaN,NaN,NaN,NaN,NaN,NaN,NaN,NaN,NaN,NaN,NaN,NaN,NaN
12634,12463,InferenceEngine,inference_complete,0,361,NaN,NaN,NaN,0,19.908,31.05,0.996066,13,NaN,NaN,NaN,NaN,NaN,NaN,NaN,NaN,NaN,NaN,NaN,NaN,NaN
12634,12612,Logic,frame_complete,-3955190986414698435,361,7,0.770625,75,0,19,31.05,0.996066,13,0,0,0,0.5,0.5,0,0,0,0,43,25.7769,48.5133,0
12646,12475,CameraCapture,frame_captured,0,362,7,0.142119,75,NaN,NaN,NaN,NaN,NaN,NaN,NaN,NaN,NaN,NaN,NaN,NaN,NaN,NaN,NaN,NaN,NaN,NaN
12647,12476,ImageProcessor_TPU,frame_processed,0,362,7,0.847712,75,1,NaN,NaN,NaN,NaN,NaN,NaN,NaN,NaN,NaN,NaN,NaN,NaN,NaN,NaN,NaN,NaN,NaN
12653,12482,ImageProcessor_Viz,frame_processed,0,362,7,0.330833,NaN,7,NaN,NaN,NaN,NaN,NaN,NaN,NaN,NaN,NaN,NaN,NaN,NaN,NaN,NaN,NaN,NaN,NaN
12666,12495,InferenceEngine,inference_complete,0,362,NaN,NaN,NaN,1,18.991,31.05,0.996066,13,NaN,NaN,NaN,NaN,NaN,NaN,NaN,NaN,NaN,NaN,NaN,NaN,NaN
12667,12646,Logic,frame_complete,-3955190986414698435,362,7,0.847712,75,1,19,31.05,0.996066,13,0,0,0,0.5,0.5,0,0,0,0,43,25.7769,48.5133,0
12678,12507,CameraCapture,frame_captured,0,363,7,0.145706,75,NaN,NaN,NaN,NaN,NaN,NaN,NaN,NaN,NaN,NaN,NaN,NaN,NaN,NaN,NaN,NaN,NaN,NaN
12680,12508,ImageProcessor_TPU,frame_processed,0,363,7,0.747502,75,0,NaN,NaN,NaN,NaN,NaN,NaN,NaN,NaN,NaN,NaN,NaN,NaN,NaN,NaN,NaN,NaN,NaN
12686,12515,ImageProcessor_Viz,frame_processed,0,363,7,0.323,NaN,7,NaN,NaN,NaN,NaN,NaN,NaN,NaN,NaN,NaN,NaN,NaN,NaN,NaN,NaN,NaN,NaN,NaN
12699,12527,InferenceEngine,inference_complete,0,363,NaN,NaN,NaN,0,18.691,31.05,0.984302,13,NaN,NaN,NaN,NaN,NaN,NaN,NaN,NaN,NaN,NaN,NaN,NaN,NaN
12699,12678,Logic,frame_complete,-3955190986414698435,363,7,0.747502,75,0,18,31.05,0.984302,13,0,0,0,0.5,0.5,0,0,0,0,43,25.7769,48.5133,0
12711,12540,CameraCapture,frame_captured,0,364,7,0.231163,75,NaN,NaN,NaN,NaN,NaN,NaN,NaN,NaN,NaN,NaN,NaN,NaN,NaN,NaN,NaN,NaN,NaN,NaN
12713,12542,ImageProcessor_TPU,frame_processed,0,364,7,1.18083,75,1,NaN,NaN,NaN,NaN,NaN,NaN,NaN,NaN,NaN,NaN,NaN,NaN,NaN,NaN,NaN,NaN,NaN
12719,12548,ImageProcessor_Viz,frame_processed,0,364,7,0.354185,NaN,7,NaN,NaN,NaN,NaN,NaN,NaN,NaN,NaN,NaN,NaN,NaN,NaN,NaN,NaN,NaN,NaN,NaN
12732,12560,InferenceEngine,inference_complete,0,364,NaN,NaN,NaN,1,18.617,31.05,0,0,NaN,NaN,NaN,NaN,NaN,NaN,NaN,NaN,NaN,NaN,NaN,NaN,NaN
12732,12711,Logic,frame_complete,-3955190986414698435,364,7,1.18083,75,1,18,31.05,0,0,0,0,0,0.5,0.5,0,0,0,0,43,25.7769,48.5133,0
12746,12575,CameraCapture,frame_captured,0,365,7,0.149398,75,NaN,NaN,NaN,NaN,NaN,NaN,NaN,NaN,NaN,NaN,NaN,NaN,NaN,NaN,NaN,NaN,NaN,NaN
12747,12576,ImageProcessor_TPU,frame_processed,0,365,7,0.846269,75,1,NaN,NaN,NaN,NaN,NaN,NaN,NaN,NaN,NaN,NaN,NaN,NaN,NaN,NaN,NaN,NaN,NaN
12753,12582,ImageProcessor_Viz,frame_processed,0,365,7,0.33687,NaN,7,NaN,NaN,NaN,NaN,NaN,NaN,NaN,NaN,NaN,NaN,NaN,NaN,NaN,NaN,NaN,NaN,NaN
12766,12595,InferenceEngine,inference_complete,0,365,NaN,NaN,NaN,1,18.952,31.05,0,0,NaN,NaN,NaN,NaN,NaN,NaN,NaN,NaN,NaN,NaN,NaN,NaN,NaN
12766,12746,Logic,frame_complete,-3955190986414698435,365,7,0.846269,75,1,19,31.05,0,0,0,0,0,0.5,0.5,0,0,0,0,43,25.7769,48.5133,0
12778,12607,CameraCapture,frame_captured,0,366,7,0.141707,75,NaN,NaN,NaN,NaN,NaN,NaN,NaN,NaN,NaN,NaN,NaN,NaN,NaN,NaN,NaN,NaN,NaN,NaN
12779,12608,ImageProcessor_TPU,frame_processed,0,366,7,0.752726,75,0,NaN,NaN,NaN,NaN,NaN,NaN,NaN,NaN,NaN,NaN,NaN,NaN,NaN,NaN,NaN,NaN,NaN
12786,12614,ImageProcessor_Viz,frame_processed,0,366,7,0.330648,NaN,7,NaN,NaN,NaN,NaN,NaN,NaN,NaN,NaN,NaN,NaN,NaN,NaN,NaN,NaN,NaN,NaN,NaN
12798,12627,InferenceEngine,inference_complete,0,366,NaN,NaN,NaN,0,18.598,31.05,0,0,NaN,NaN,NaN,NaN,NaN,NaN,NaN,NaN,NaN,NaN,NaN,NaN,NaN
12798,12778,Logic,frame_complete,-3955190986414698435,366,7,0.752726,75,0,19,31.05,0,0,0,0,0,0.5,0.5,0,0,0,0,43,25.7769,48.5133,0
12812,12641,CameraCapture,frame_captured,0,367,7,0.140405,75,NaN,NaN,NaN,NaN,NaN,NaN,NaN,NaN,NaN,NaN,NaN,NaN,NaN,NaN,NaN,NaN,NaN,NaN
12813,12642,ImageProcessor_TPU,frame_processed,0,367,7,0.725998,75,1,NaN,NaN,NaN,NaN,NaN,NaN,NaN,NaN,NaN,NaN,NaN,NaN,NaN,NaN,NaN,NaN,NaN
12819,12648,ImageProcessor_Viz,frame_processed,0,367,7,0.334315,NaN,7,NaN,NaN,NaN,NaN,NaN,NaN,NaN,NaN,NaN,NaN,NaN,NaN,NaN,NaN,NaN,NaN,NaN
12832,12660,InferenceEngine,inference_complete,0,367,NaN,NaN,NaN,1,18.506,31.05,0,0,NaN,NaN,NaN,NaN,NaN,NaN,NaN,NaN,NaN,NaN,NaN,NaN,NaN
12832,12812,Logic,frame_complete,-3955190986414698435,367,7,0.725998,75,1,18,31.05,0,0,0,0,0,0.5,0.5,0,0,0,0,43,25.7769,48.5133,0
12845,12674,CameraCapture,frame_captured,0,368,7,0.151659,75,NaN,NaN,NaN,NaN,NaN,NaN,NaN,NaN,NaN,NaN,NaN,NaN,NaN,NaN,NaN,NaN,NaN,NaN
12846,12675,ImageProcessor_TPU,frame_processed,0,368,7,1.01112,75,1,NaN,NaN,NaN,NaN,NaN,NaN,NaN,NaN,NaN,NaN,NaN,NaN,NaN,NaN,NaN,NaN,NaN
12852,12681,ImageProcessor_Viz,frame_processed,0,368,7,0.326519,NaN,7,NaN,NaN,NaN,NaN,NaN,NaN,NaN,NaN,NaN,NaN,NaN,NaN,NaN,NaN,NaN,NaN,NaN
12865,12694,InferenceEngine,inference_complete,0,368,NaN,NaN,NaN,1,18.427,31.05,0,0,NaN,NaN,NaN,NaN,NaN,NaN,NaN,NaN,NaN,NaN,NaN,NaN,NaN
12865,12845,Logic,frame_complete,-3955190986414698435,368,7,1.01112,75,1,18,31.05,0,0,0,0,0,0.5,0.5,0,0,0,0,43,25.7769,48.5133,0
12878,12707,CameraCapture,frame_captured,0,369,7,0.150431,75,NaN,NaN,NaN,NaN,NaN,NaN,NaN,NaN,NaN,NaN,NaN,NaN,NaN,NaN,NaN,NaN,NaN,NaN
12880,12708,ImageProcessor_TPU,frame_processed,0,369,7,0.717135,75,0,NaN,NaN,NaN,NaN,NaN,NaN,NaN,NaN,NaN,NaN,NaN,NaN,NaN,NaN,NaN,NaN,NaN
12886,12715,ImageProcessor_Viz,frame_processed,0,369,7,0.349,NaN,7,NaN,NaN,NaN,NaN,NaN,NaN,NaN,NaN,NaN,NaN,NaN,NaN,NaN,NaN,NaN,NaN,NaN
12898,12727,InferenceEngine,inference_complete,0,369,NaN,NaN,NaN,0,18.666,31.05,0,0,NaN,NaN,NaN,NaN,NaN,NaN,NaN,NaN,NaN,NaN,NaN,NaN,NaN
12898,12878,Logic,frame_complete,-3955190986414698435,369,7,0.717135,75,0,19,31.05,0,0,0,0,0,0.5,0.5,0,0,0,0,43,25.7769,48.5133,0
12912,12741,CameraCapture,frame_captured,0,370,7,0.237574,75,NaN,NaN,NaN,NaN,NaN,NaN,NaN,NaN,NaN,NaN,NaN,NaN,NaN,NaN,NaN,NaN,NaN,NaN
12914,12743,ImageProcessor_TPU,frame_processed,0,370,7,1.12887,75,1,NaN,NaN,NaN,NaN,NaN,NaN,NaN,NaN,NaN,NaN,NaN,NaN,NaN,NaN,NaN,NaN,NaN
12920,12749,ImageProcessor_Viz,frame_processed,0,370,7,0.352278,NaN,7,NaN,NaN,NaN,NaN,NaN,NaN,NaN,NaN,NaN,NaN,NaN,NaN,NaN,NaN,NaN,NaN,NaN
12933,12762,InferenceEngine,inference_complete,0,370,NaN,NaN,NaN,1,18.444,31.05,0,0,NaN,NaN,NaN,NaN,NaN,NaN,NaN,NaN,NaN,NaN,NaN,NaN,NaN
12933,12912,Logic,frame_complete,-3955190986414698435,370,7,1.12887,75,1,18,31.05,0,0,0,0,0,0.5,0.5,0,0,0,0,43,25.7769,48.5133,0
12945,12774,CameraCapture,frame_captured,0,371,7,0.149827,75,NaN,NaN,NaN,NaN,NaN,NaN,NaN,NaN,NaN,NaN,NaN,NaN,NaN,NaN,NaN,NaN,NaN,NaN
12946,12775,ImageProcessor_TPU,frame_processed,0,371,7,0.912086,75,0,NaN,NaN,NaN,NaN,NaN,NaN,NaN,NaN,NaN,NaN,NaN,NaN,NaN,NaN,NaN,NaN,NaN
12953,12782,ImageProcessor_Viz,frame_processed,0,371,7,0.330537,NaN,8,NaN,NaN,NaN,NaN,NaN,NaN,NaN,NaN,NaN,NaN,NaN,NaN,NaN,NaN,NaN,NaN,NaN
12965,12794,InferenceEngine,inference_complete,0,371,NaN,NaN,NaN,0,18.533,31.05,0,0,NaN,NaN,NaN,NaN,NaN,NaN,NaN,NaN,NaN,NaN,NaN,NaN,NaN
12965,12945,Logic,frame_complete,-3955190986414698435,371,7,0.912086,75,0,19,31.05,0,0,0,0,0,0.5,0.5,0,0,0,0,43,25.7769,48.5133,0
12979,12808,CameraCapture,frame_captured,0,372,7,0.154488,75,NaN,NaN,NaN,NaN,NaN,NaN,NaN,NaN,NaN,NaN,NaN,NaN,NaN,NaN,NaN,NaN,NaN,NaN
12980,12809,ImageProcessor_TPU,frame_processed,0,372,7,0.780692,75,1,NaN,NaN,NaN,NaN,NaN,NaN,NaN,NaN,NaN,NaN,NaN,NaN,NaN,NaN,NaN,NaN,NaN
12987,12815,ImageProcessor_Viz,frame_processed,0,372,7,0.344722,NaN,7,NaN,NaN,NaN,NaN,NaN,NaN,NaN,NaN,NaN,NaN,NaN,NaN,NaN,NaN,NaN,NaN,NaN
12999,12827,InferenceEngine,inference_complete,0,372,NaN,NaN,NaN,1,18.373,31.05,0,0,NaN,NaN,NaN,NaN,NaN,NaN,NaN,NaN,NaN,NaN,NaN,NaN,NaN
12999,12979,Logic,frame_complete,-3955190986414698435,372,7,0.780692,75,1,18,31.05,0,0,0,0,0,0.5,0.5,0,0,0,0,43,25.7769,48.5133,0
13012,12841,CameraCapture,frame_captured,0,373,7,0.152631,75,NaN,NaN,NaN,NaN,NaN,NaN,NaN,NaN,NaN,NaN,NaN,NaN,NaN,NaN,NaN,NaN,NaN,NaN
13013,12842,ImageProcessor_TPU,frame_processed,0,373,7,0.790983,75,0,NaN,NaN,NaN,NaN,NaN,NaN,NaN,NaN,NaN,NaN,NaN,NaN,NaN,NaN,NaN,NaN,NaN
13020,12849,ImageProcessor_Viz,frame_processed,0,373,7,0.346833,NaN,8,NaN,NaN,NaN,NaN,NaN,NaN,NaN,NaN,NaN,NaN,NaN,NaN,NaN,NaN,NaN,NaN,NaN
13032,12861,InferenceEngine,inference_complete,0,373,NaN,NaN,NaN,0,18.268,31.05,0,0,NaN,NaN,NaN,NaN,NaN,NaN,NaN,NaN,NaN,NaN,NaN,NaN,NaN
13032,13012,Logic,frame_complete,-3955190986414698435,373,7,0.790983,75,0,19,31.05,0,0,0,0,0,0.5,0.5,0,0,0,0,43,25.7769,48.5133,0
13046,12875,CameraCapture,frame_captured,0,374,7,0.145107,75,NaN,NaN,NaN,NaN,NaN,NaN,NaN,NaN,NaN,NaN,NaN,NaN,NaN,NaN,NaN,NaN,NaN,NaN
13047,12876,ImageProcessor_TPU,frame_processed,0,374,7,0.758459,75,1,NaN,NaN,NaN,NaN,NaN,NaN,NaN,NaN,NaN,NaN,NaN,NaN,NaN,NaN,NaN,NaN,NaN
13053,12882,ImageProcessor_Viz,frame_processed,0,374,7,0.331852,NaN,7,NaN,NaN,NaN,NaN,NaN,NaN,NaN,NaN,NaN,NaN,NaN,NaN,NaN,NaN,NaN,NaN,NaN
13065,12894,InferenceEngine,inference_complete,0,374,NaN,NaN,NaN,1,18.24,31.05,0,0,NaN,NaN,NaN,NaN,NaN,NaN,NaN,NaN,NaN,NaN,NaN,NaN,NaN
13066,13046,Logic,frame_complete,-3955190986414698435,374,7,0.758459,75,1,18,31.05,0,0,0,0,0,0.5,0.5,0,0,0,0,43,25.7769,48.5133,0
13078,12907,CameraCapture,frame_captured,0,375,7,0.240434,75,NaN,NaN,NaN,NaN,NaN,NaN,NaN,NaN,NaN,NaN,NaN,NaN,NaN,NaN,NaN,NaN,NaN,NaN
13079,12908,ImageProcessor_TPU,frame_processed,0,375,7,0.884193,75,0,NaN,NaN,NaN,NaN,NaN,NaN,NaN,NaN,NaN,NaN,NaN,NaN,NaN,NaN,NaN,NaN,NaN
13086,12915,ImageProcessor_Viz,frame_processed,0,375,7,0.341648,NaN,7,NaN,NaN,NaN,NaN,NaN,NaN,NaN,NaN,NaN,NaN,NaN,NaN,NaN,NaN,NaN,NaN,NaN
13098,12927,InferenceEngine,inference_complete,0,375,NaN,NaN,NaN,0,18.33,31.05,0,0,NaN,NaN,NaN,NaN,NaN,NaN,NaN,NaN,NaN,NaN,NaN,NaN,NaN
13098,13078,Logic,frame_complete,-3955190986414698435,375,7,0.884193,75,0,19,31.05,0,0,0,0,0,0.5,0.5,0,0,0,0,43,25.7769,48.5133,0
13112,12941,CameraCapture,frame_captured,0,376,7,0.208095,75,NaN,NaN,NaN,NaN,NaN,NaN,NaN,NaN,NaN,NaN,NaN,NaN,NaN,NaN,NaN,NaN,NaN,NaN
13113,12942,ImageProcessor_TPU,frame_processed,0,376,7,0.848466,75,0,NaN,NaN,NaN,NaN,NaN,NaN,NaN,NaN,NaN,NaN,NaN,NaN,NaN,NaN,NaN,NaN,NaN
13120,12949,ImageProcessor_Viz,frame_processed,0,376,7,0.340464,NaN,8,NaN,NaN,NaN,NaN,NaN,NaN,NaN,NaN,NaN,NaN,NaN,NaN,NaN,NaN,NaN,NaN,NaN
13132,12961,InferenceEngine,inference_complete,0,376,NaN,NaN,NaN,0,18.408,31.05,0,0,NaN,NaN,NaN,NaN,NaN,NaN,NaN,NaN,NaN,NaN,NaN,NaN,NaN
13132,13112,Logic,frame_complete,-3955190986414698435,376,7,0.848466,75,0,19,31.05,0,0,0,0,0,0.5,0.5,0,0,0,0,43,25.7769,48.5133,0
13146,12975,CameraCapture,frame_captured,0,377,7,0.236238,75,NaN,NaN,NaN,NaN,NaN,NaN,NaN,NaN,NaN,NaN,NaN,NaN,NaN,NaN,NaN,NaN,NaN,NaN
13147,12976,ImageProcessor_TPU,frame_processed,0,377,7,0.899497,75,1,NaN,NaN,NaN,NaN,NaN,NaN,NaN,NaN,NaN,NaN,NaN,NaN,NaN,NaN,NaN,NaN,NaN
13153,12982,ImageProcessor_Viz,frame_processed,0,377,7,0.343408,NaN,7,NaN,NaN,NaN,NaN,NaN,NaN,NaN,NaN,NaN,NaN,NaN,NaN,NaN,NaN,NaN,NaN,NaN
13166,12994,InferenceEngine,inference_complete,0,377,NaN,NaN,NaN,1,18.514,31.05,0,0,NaN,NaN,NaN,NaN,NaN,NaN,NaN,NaN,NaN,NaN,NaN,NaN,NaN
13166,13146,Logic,frame_complete,-3955190986414698435,377,7,0.899497,75,1,18,31.05,0,0,0,0,0,0.5,0.5,0,0,0,0,43,25.7769,48.5133,0
13179,13008,CameraCapture,frame_captured,0,378,7,0.150936,75,NaN,NaN,NaN,NaN,NaN,NaN,NaN,NaN,NaN,NaN,NaN,NaN,NaN,NaN,NaN,NaN,NaN,NaN
13180,13009,ImageProcessor_TPU,frame_processed,0,378,7,0.770103,75,0,NaN,NaN,NaN,NaN,NaN,NaN,NaN,NaN,NaN,NaN,NaN,NaN,NaN,NaN,NaN,NaN,NaN
13186,13015,ImageProcessor_Viz,frame_processed,0,378,7,0.331778,NaN,7,NaN,NaN,NaN,NaN,NaN,NaN,NaN,NaN,NaN,NaN,NaN,NaN,NaN,NaN,NaN,NaN,NaN
13198,13027,InferenceEngine,inference_complete,0,378,NaN,NaN,NaN,0,18.07,31.05,0,0,NaN,NaN,NaN,NaN,NaN,NaN,NaN,NaN,NaN,NaN,NaN,NaN,NaN
13199,13179,Logic,frame_complete,-3955190986414698435,378,7,0.770103,75,0,18,31.05,0,0,0,0,0,0.5,0.5,0,0,0,0,43,25.7769,48.5133,0
13212,13040,CameraCapture,frame_captured,0,379,7,0.229837,75,NaN,NaN,NaN,NaN,NaN,NaN,NaN,NaN,NaN,NaN,NaN,NaN,NaN,NaN,NaN,NaN,NaN,NaN
13213,13042,ImageProcessor_TPU,frame_processed,0,379,7,1.23945,75,1,NaN,NaN,NaN,NaN,NaN,NaN,NaN,NaN,NaN,NaN,NaN,NaN,NaN,NaN,NaN,NaN,NaN
13219,13048,ImageProcessor_Viz,frame_processed,0,379,7,0.34663,NaN,7,NaN,NaN,NaN,NaN,NaN,NaN,NaN,NaN,NaN,NaN,NaN,NaN,NaN,NaN,NaN,NaN,NaN
13231,13060,InferenceEngine,inference_complete,0,379,NaN,NaN,NaN,1,18.054,31.05,0.537248,13,NaN,NaN,NaN,NaN,NaN,NaN,NaN,NaN,NaN,NaN,NaN,NaN,NaN
13232,13211,Logic,frame_complete,-3955190986414698435,379,7,1.23945,75,1,18,31.05,0.537248,13,0,0,0,0.5,0.5,0,0,0,0,43,25.7769,48.5133,0
13246,13075,CameraCapture,frame_captured,0,380,7,0.158073,75,NaN,NaN,NaN,NaN,NaN,NaN,NaN,NaN,NaN,NaN,NaN,NaN,NaN,NaN,NaN,NaN,NaN,NaN
13247,13076,ImageProcessor_TPU,frame_processed,0,380,7,0.733962,75,1,NaN,NaN,NaN,NaN,NaN,NaN,NaN,NaN,NaN,NaN,NaN,NaN,NaN,NaN,NaN,NaN,NaN
13254,13083,ImageProcessor_Viz,frame_processed,0,380,7,0.332945,NaN,8,NaN,NaN,NaN,NaN,NaN,NaN,NaN,NaN,NaN,NaN,NaN,NaN,NaN,NaN,NaN,NaN,NaN
13265,13094,InferenceEngine,inference_complete,0,380,NaN,NaN,NaN,1,17.94,31.05,0.501955,13,NaN,NaN,NaN,NaN,NaN,NaN,NaN,NaN,NaN,NaN,NaN,NaN,NaN
13265,13246,Logic,frame_complete,-3955190986414698435,380,7,0.733962,75,1,18,31.05,0.501955,13,0,0,0,0.5,0.5,0,0,0,0,43,25.7769,48.5133,0
13279,13108,CameraCapture,frame_captured,0,381,7,0.156493,75,NaN,NaN,NaN,NaN,NaN,NaN,NaN,NaN,NaN,NaN,NaN,NaN,NaN,NaN,NaN,NaN,NaN,NaN
13280,13109,ImageProcessor_TPU,frame_processed,0,381,7,0.783771,75,1,NaN,NaN,NaN,NaN,NaN,NaN,NaN,NaN,NaN,NaN,NaN,NaN,NaN,NaN,NaN,NaN,NaN
13287,13115,ImageProcessor_Viz,frame_processed,0,381,7,0.338778,NaN,7,NaN,NaN,NaN,NaN,NaN,NaN,NaN,NaN,NaN,NaN,NaN,NaN,NaN,NaN,NaN,NaN,NaN
13300,13128,InferenceEngine,inference_complete,0,381,NaN,NaN,NaN,1,19.223,31.05,0.501955,13,NaN,NaN,NaN,NaN,NaN,NaN,NaN,NaN,NaN,NaN,NaN,NaN,NaN
13300,13279,Logic,frame_complete,-3955190986414698435,381,7,0.783771,75,1,19,31.05,0.501955,13,0,0,0,0.5,0.5,0,0,0,0,43,25.7769,48.5133,0
13312,13141,CameraCapture,frame_captured,0,382,7,0.146098,75,NaN,NaN,NaN,NaN,NaN,NaN,NaN,NaN,NaN,NaN,NaN,NaN,NaN,NaN,NaN,NaN,NaN,NaN
13313,13142,ImageProcessor_TPU,frame_processed,0,382,7,0.764895,75,0,NaN,NaN,NaN,NaN,NaN,NaN,NaN,NaN,NaN,NaN,NaN,NaN,NaN,NaN,NaN,NaN,NaN
13320,13149,ImageProcessor_Viz,frame_processed,0,382,7,0.333741,NaN,8,NaN,NaN,NaN,NaN,NaN,NaN,NaN,NaN,NaN,NaN,NaN,NaN,NaN,NaN,NaN,NaN,NaN
13331,13160,InferenceEngine,inference_complete,0,382,NaN,NaN,NaN,0,17.866,31.05,0.537248,13,NaN,NaN,NaN,NaN,NaN,NaN,NaN,NaN,NaN,NaN,NaN,NaN,NaN
13332,13312,Logic,frame_complete,-3955190986414698435,382,7,0.764895,75,0,18,31.05,0.537248,13,0,0,0,0.5,0.5,0,0,0,0,43,25.7769,48.5133,0
13345,13174,CameraCapture,frame_captured,0,383,7,0.161852,75,NaN,NaN,NaN,NaN,NaN,NaN,NaN,NaN,NaN,NaN,NaN,NaN,NaN,NaN,NaN,NaN,NaN,NaN
13346,13174,ImageProcessor_TPU,frame_processed,0,383,7,0.732278,75,0,NaN,NaN,NaN,NaN,NaN,NaN,NaN,NaN,NaN,NaN,NaN,NaN,NaN,NaN,NaN,NaN,NaN
13353,13182,ImageProcessor_Viz,frame_processed,0,383,7,0.332093,NaN,8,NaN,NaN,NaN,NaN,NaN,NaN,NaN,NaN,NaN,NaN,NaN,NaN,NaN,NaN,NaN,NaN,NaN
13364,13193,InferenceEngine,inference_complete,0,383,NaN,NaN,NaN,0,18.044,31.05,0,0,NaN,NaN,NaN,NaN,NaN,NaN,NaN,NaN,NaN,NaN,NaN,NaN,NaN
13364,13345,Logic,frame_complete,-3955190986414698435,383,7,0.732278,75,0,18,31.05,0,0,0,0,0,0.5,0.5,0,0,0,0,43,25.7769,48.5133,0
13379,13208,CameraCapture,frame_captured,0,384,7,0.143031,75,NaN,NaN,NaN,NaN,NaN,NaN,NaN,NaN,NaN,NaN,NaN,NaN,NaN,NaN,NaN,NaN,NaN,NaN
13380,13209,ImageProcessor_TPU,frame_processed,0,384,7,0.750476,75,1,NaN,NaN,NaN,NaN,NaN,NaN,NaN,NaN,NaN,NaN,NaN,NaN,NaN,NaN,NaN,NaN,NaN
13386,13215,ImageProcessor_Viz,frame_processed,0,384,7,0.332445,NaN,7,NaN,NaN,NaN,NaN,NaN,NaN,NaN,NaN,NaN,NaN,NaN,NaN,NaN,NaN,NaN,NaN,NaN
13398,13227,InferenceEngine,inference_complete,0,384,NaN,NaN,NaN,1,17.944,31.05,0,0,NaN,NaN,NaN,NaN,NaN,NaN,NaN,NaN,NaN,NaN,NaN,NaN,NaN
13398,13379,Logic,frame_complete,-3955190986414698435,384,7,0.750476,75,1,18,31.05,0,0,0,0,0,0.5,0.5,0,0,0,0,43,25.7769,48.5133,0
13412,13241,CameraCapture,frame_captured,0,385,7,0.140359,75,NaN,NaN,NaN,NaN,NaN,NaN,NaN,NaN,NaN,NaN,NaN,NaN,NaN,NaN,NaN,NaN,NaN,NaN
13413,13242,ImageProcessor_TPU,frame_processed,0,385,7,0.72547,75,0,NaN,NaN,NaN,NaN,NaN,NaN,NaN,NaN,NaN,NaN,NaN,NaN,NaN,NaN,NaN,NaN,NaN
13420,13249,ImageProcessor_Viz,frame_processed,0,385,7,0.33726,NaN,8,NaN,NaN,NaN,NaN,NaN,NaN,NaN,NaN,NaN,NaN,NaN,NaN,NaN,NaN,NaN,NaN,NaN
13432,13260,InferenceEngine,inference_complete,0,385,NaN,NaN,NaN,0,18.181,31.05,0,0,NaN,NaN,NaN,NaN,NaN,NaN,NaN,NaN,NaN,NaN,NaN,NaN,NaN
13432,13412,Logic,frame_complete,-3955190986414698435,385,7,0.72547,75,0,18,31.05,0,0,0,0,0,0.5,0.5,0,0,0,0,43,25.7769,48.5133,0
13445,13274,CameraCapture,frame_captured,0,386,7,0.14089,75,NaN,NaN,NaN,NaN,NaN,NaN,NaN,NaN,NaN,NaN,NaN,NaN,NaN,NaN,NaN,NaN,NaN,NaN
13447,13275,ImageProcessor_TPU,frame_processed,0,386,7,0.802205,75,0,NaN,NaN,NaN,NaN,NaN,NaN,NaN,NaN,NaN,NaN,NaN,NaN,NaN,NaN,NaN,NaN,NaN
13453,13282,ImageProcessor_Viz,frame_processed,0,386,7,0.329851,NaN,7,NaN,NaN,NaN,NaN,NaN,NaN,NaN,NaN,NaN,NaN,NaN,NaN,NaN,NaN,NaN,NaN,NaN
13465,13294,InferenceEngine,inference_complete,0,386,NaN,NaN,NaN,0,18.283,31.05,0,0,NaN,NaN,NaN,NaN,NaN,NaN,NaN,NaN,NaN,NaN,NaN,NaN,NaN
13465,13445,Logic,frame_complete,-3955190986414698435,386,7,0.802205,75,0,18,31.05,0,0,0,0,0,0.5,0.5,0,0,0,0,43,25.7769,48.5133,0
13478,13307,CameraCapture,frame_captured,0,387,7,0.201755,75,NaN,NaN,NaN,NaN,NaN,NaN,NaN,NaN,NaN,NaN,NaN,NaN,NaN,NaN,NaN,NaN,NaN,NaN
13479,13308,ImageProcessor_TPU,frame_processed,0,387,7,0.779144,75,0,NaN,NaN,NaN,NaN,NaN,NaN,NaN,NaN,NaN,NaN,NaN,NaN,NaN,NaN,NaN,NaN,NaN
13486,13315,ImageProcessor_Viz,frame_processed,0,387,7,0.330296,NaN,8,NaN,NaN,NaN,NaN,NaN,NaN,NaN,NaN,NaN,NaN,NaN,NaN,NaN,NaN,NaN,NaN,NaN
13498,13327,InferenceEngine,inference_complete,0,387,NaN,NaN,NaN,0,18.56,31.05,0,0,NaN,NaN,NaN,NaN,NaN,NaN,NaN,NaN,NaN,NaN,NaN,NaN,NaN
13498,13478,Logic,frame_complete,-3955190986414698435,387,7,0.779144,75,0,19,31.05,0,0,0,0,0,0.5,0.5,0,0,0,0,43,25.7769,48.5133,0
13512,13341,CameraCapture,frame_captured,0,388,7,0.146082,75,NaN,NaN,NaN,NaN,NaN,NaN,NaN,NaN,NaN,NaN,NaN,NaN,NaN,NaN,NaN,NaN,NaN,NaN
13513,13342,ImageProcessor_TPU,frame_processed,0,388,7,0.773157,75,0,NaN,NaN,NaN,NaN,NaN,NaN,NaN,NaN,NaN,NaN,NaN,NaN,NaN,NaN,NaN,NaN,NaN
13520,13349,ImageProcessor_Viz,frame_processed,0,388,7,0.341148,NaN,8,NaN,NaN,NaN,NaN,NaN,NaN,NaN,NaN,NaN,NaN,NaN,NaN,NaN,NaN,NaN,NaN,NaN
13533,13362,InferenceEngine,inference_complete,0,388,NaN,NaN,NaN,0,19.519,31.05,0,0,NaN,NaN,NaN,NaN,NaN,NaN,NaN,NaN,NaN,NaN,NaN,NaN,NaN
13533,13512,Logic,frame_complete,-3955190986414698435,388,7,0.773157,75,0,20,31.05,0,0,0,0,0,0.5,0.5,0,0,0,0,43,25.7769,48.5133,0
13546,13374,CameraCapture,frame_captured,0,389,7,0.242002,75,NaN,NaN,NaN,NaN,NaN,NaN,NaN,NaN,NaN,NaN,NaN,NaN,NaN,NaN,NaN,NaN,NaN,NaN
13547,13375,ImageProcessor_TPU,frame_processed,0,389,7,0.85528,75,0,NaN,NaN,NaN,NaN,NaN,NaN,NaN,NaN,NaN,NaN,NaN,NaN,NaN,NaN,NaN,NaN,NaN
13556,13385,ImageProcessor_Viz,frame_processed,0,389,7,0.337075,NaN,10,NaN,NaN,NaN,NaN,NaN,NaN,NaN,NaN,NaN,NaN,NaN,NaN,NaN,NaN,NaN,NaN,NaN
13566,13395,InferenceEngine,inference_complete,0,389,NaN,NaN,NaN,0,19.125,31.05,0.996066,13,NaN,NaN,NaN,NaN,NaN,NaN,NaN,NaN,NaN,NaN,NaN,NaN,NaN
13567,13545,Logic,frame_complete,-3955190986414698435,389,7,0.85528,75,0,19,31.05,0.996066,13,0,0,0,0.5,0.5,0,0,0,0,43,25.7769,48.5133,0
13579,13407,CameraCapture,frame_captured,0,390,7,0.143367,75,NaN,NaN,NaN,NaN,NaN,NaN,NaN,NaN,NaN,NaN,NaN,NaN,NaN,NaN,NaN,NaN,NaN,NaN
13580,13409,ImageProcessor_TPU,frame_processed,0,390,7,0.861775,75,1,NaN,NaN,NaN,NaN,NaN,NaN,NaN,NaN,NaN,NaN,NaN,NaN,NaN,NaN,NaN,NaN,NaN
13586,13415,ImageProcessor_Viz,frame_processed,0,390,7,0.349074,NaN,7,NaN,NaN,NaN,NaN,NaN,NaN,NaN,NaN,NaN,NaN,NaN,NaN,NaN,NaN,NaN,NaN,NaN
13599,13428,InferenceEngine,inference_complete,0,390,NaN,NaN,NaN,1,19.199,31.05,0.996066,13,NaN,NaN,NaN,NaN,NaN,NaN,NaN,NaN,NaN,NaN,NaN,NaN,NaN
13600,13578,Logic,frame_complete,-3955190986414698435,390,7,0.861775,75,1,19,31.05,0.996066,13,1.63485,0.237914,-0.379311,0.5,0.5,33.652,0,0,0,43,25.7769,48.5133,0
13611,13440,CameraCapture,frame_captured,0,391,7,0.143879,75,NaN,NaN,NaN,NaN,NaN,NaN,NaN,NaN,NaN,NaN,NaN,NaN,NaN,NaN,NaN,NaN,NaN,NaN
13613,13441,ImageProcessor_TPU,frame_processed,0,391,7,0.858991,75,0,NaN,NaN,NaN,NaN,NaN,NaN,NaN,NaN,NaN,NaN,NaN,NaN,NaN,NaN,NaN,NaN,NaN
13619,13448,ImageProcessor_Viz,frame_processed,0,391,7,0.348408,NaN,8,NaN,NaN,NaN,NaN,NaN,NaN,NaN,NaN,NaN,NaN,NaN,NaN,NaN,NaN,NaN,NaN,NaN
13632,13461,InferenceEngine,inference_complete,0,391,NaN,NaN,NaN,0,19.092,31.05,0.996066,13,NaN,NaN,NaN,NaN,NaN,NaN,NaN,NaN,NaN,NaN,NaN,NaN,NaN
13634,13611,Logic,frame_complete,-3955190986414698435,391,7,0.858991,75,0,19,31.05,0.996066,13,1.63485,-0.0104929,-0.000197977,0.571668,0.450223,33.17,0,0,0,43,25.7769,48.5133,0
13645,13474,CameraCapture,frame_captured,0,392,7,0.160318,75,NaN,NaN,NaN,NaN,NaN,NaN,NaN,NaN,NaN,NaN,NaN,NaN,NaN,NaN,NaN,NaN,NaN,NaN
13646,13475,ImageProcessor_TPU,frame_processed,0,392,7,0.798874,75,0,NaN,NaN,NaN,NaN,NaN,NaN,NaN,NaN,NaN,NaN,NaN,NaN,NaN,NaN,NaN,NaN,NaN
13653,13482,ImageProcessor_Viz,frame_processed,0,392,7,0.340926,NaN,7,NaN,NaN,NaN,NaN,NaN,NaN,NaN,NaN,NaN,NaN,NaN,NaN,NaN,NaN,NaN,NaN,NaN
13665,13494,InferenceEngine,inference_complete,0,392,NaN,NaN,NaN,0,18.683,31.05,0.996066,13,NaN,NaN,NaN,NaN,NaN,NaN,NaN,NaN,NaN,NaN,NaN,NaN,NaN
13666,13645,Logic,frame_complete,-3955190986414698435,392,7,0.798874,75,0,19,31.05,0.996066,13,1.63485,-0.00903453,0.000268698,0.572619,0.452279,31.601,0,0,0,43,25.7769,48.5133,0
13679,13508,CameraCapture,frame_captured,0,393,7,0.169201,75,NaN,NaN,NaN,NaN,NaN,NaN,NaN,NaN,NaN,NaN,NaN,NaN,NaN,NaN,NaN,NaN,NaN,NaN
13680,13509,ImageProcessor_TPU,frame_processed,0,393,7,0.856091,75,0,NaN,NaN,NaN,NaN,NaN,NaN,NaN,NaN,NaN,NaN,NaN,NaN,NaN,NaN,NaN,NaN,NaN
13687,13515,ImageProcessor_Viz,frame_processed,0,393,7,0.420852,NaN,7,NaN,NaN,NaN,NaN,NaN,NaN,NaN,NaN,NaN,NaN,NaN,NaN,NaN,NaN,NaN,NaN,NaN
13700,13529,InferenceEngine,inference_complete,0,393,NaN,NaN,NaN,0,19,31.05,0.996066,13,NaN,NaN,NaN,NaN,NaN,NaN,NaN,NaN,NaN,NaN,NaN,NaN,NaN
13700,13679,Logic,frame_complete,-3955190986414698435,393,7,0.856091,75,0,19,31.05,0.996066,13,1.63485,-0.00983769,-0.000294983,0.57165,0.452126,34.383,0,0,0,43,25.7769,48.5133,0
13712,13541,CameraCapture,frame_captured,0,394,7,0.153195,75,NaN,NaN,NaN,NaN,NaN,NaN,NaN,NaN,NaN,NaN,NaN,NaN,NaN,NaN,NaN,NaN,NaN,NaN
13713,13542,ImageProcessor_TPU,frame_processed,0,394,7,0.747048,75,1,NaN,NaN,NaN,NaN,NaN,NaN,NaN,NaN,NaN,NaN,NaN,NaN,NaN,NaN,NaN,NaN,NaN
13720,13549,ImageProcessor_Viz,frame_processed,0,394,7,0.336463,NaN,8,NaN,NaN,NaN,NaN,NaN,NaN,NaN,NaN,NaN,NaN,NaN,NaN,NaN,NaN,NaN,NaN,NaN
13732,13561,InferenceEngine,inference_complete,0,394,NaN,NaN,NaN,1,18.686,31.05,0.996066,13,NaN,NaN,NaN,NaN,NaN,NaN,NaN,NaN,NaN,NaN,NaN,NaN,NaN
13732,13712,Logic,frame_complete,-3955190986414698435,394,7,0.747048,75,1,19,31.05,0.996066,13,1.63485,-0.0103832,0.000313997,0.572627,0.450244,32.218,0,0,0,43,25.7769,48.5133,0
13745,13574,CameraCapture,frame_captured,0,395,7,0.151375,75,NaN,NaN,NaN,NaN,NaN,NaN,NaN,NaN,NaN,NaN,NaN,NaN,NaN,NaN,NaN,NaN,NaN,NaN
13746,13575,ImageProcessor_TPU,frame_processed,0,395,7,0.731727,75,1,NaN,NaN,NaN,NaN,NaN,NaN,NaN,NaN,NaN,NaN,NaN,NaN,NaN,NaN,NaN,NaN,NaN
13753,13582,ImageProcessor_Viz,frame_processed,0,395,7,0.335667,NaN,7,NaN,NaN,NaN,NaN,NaN,NaN,NaN,NaN,NaN,NaN,NaN,NaN,NaN,NaN,NaN,NaN,NaN
13765,13594,InferenceEngine,inference_complete,0,395,NaN,NaN,NaN,1,18.645,31.05,0.996066,13,NaN,NaN,NaN,NaN,NaN,NaN,NaN,NaN,NaN,NaN,NaN,NaN,NaN
13765,13745,Logic,frame_complete,-3955190986414698435,395,7,0.731727,75,1,18,31.05,0.996066,13,1.63485,-0.00994344,-0.000127882,0.572546,0.450328,32.818,0,0,0,43,25.7769,48.5133,0
13779,13607,CameraCapture,frame_captured,0,396,7,0.230425,75,NaN,NaN,NaN,NaN,NaN,NaN,NaN,NaN,NaN,NaN,NaN,NaN,NaN,NaN,NaN,NaN,NaN,NaN
13780,13609,ImageProcessor_TPU,frame_processed,0,396,7,1.2177,75,0,NaN,NaN,NaN,NaN,NaN,NaN,NaN,NaN,NaN,NaN,NaN,NaN,NaN,NaN,NaN,NaN,NaN
13786,13615,ImageProcessor_Viz,frame_processed,0,396,7,0.343444,NaN,7,NaN,NaN,NaN,NaN,NaN,NaN,NaN,NaN,NaN,NaN,NaN,NaN,NaN,NaN,NaN,NaN,NaN
13799,13628,InferenceEngine,inference_complete,0,396,NaN,NaN,NaN,0,18.715,31.05,0.996066,13,NaN,NaN,NaN,NaN,NaN,NaN,NaN,NaN,NaN,NaN,NaN,NaN,NaN
13800,13778,Logic,frame_complete,-3955190986414698435,396,7,1.2177,75,0,19,31.05,0.996066,13,1.63485,-0.0092757,-0.00012961,0.571681,0.452233,34.59,0,0,0,43,25.7769,48.5133,0
13812,13641,CameraCapture,frame_captured,0,397,7,0.241456,75,NaN,NaN,NaN,NaN,NaN,NaN,NaN,NaN,NaN,NaN,NaN,NaN,NaN,NaN,NaN,NaN,NaN,NaN
13813,13642,ImageProcessor_TPU,frame_processed,0,397,7,1.1574,75,0,NaN,NaN,NaN,NaN,NaN,NaN,NaN,NaN,NaN,NaN,NaN,NaN,NaN,NaN,NaN,NaN,NaN
13820,13648,ImageProcessor_Viz,frame_processed,0,397,7,0.345445,NaN,7,NaN,NaN,NaN,NaN,NaN,NaN,NaN,NaN,NaN,NaN,NaN,NaN,NaN,NaN,NaN,NaN,NaN
13832,13661,InferenceEngine,inference_complete,0,397,NaN,NaN,NaN,0,18.79,31.05,0.996066,13,NaN,NaN,NaN,NaN,NaN,NaN,NaN,NaN,NaN,NaN,NaN,NaN,NaN
13833,13812,Logic,frame_complete,-3955190986414698435,397,7,1.1574,75,0,19,31.05,0.996066,13,1.63485,-0.00972098,0.000626147,0.57441,0.452148,32.838,0,0,0,43,25.7769,48.5133,0
13845,13674,CameraCapture,frame_captured,0,398,7,0.144506,75,NaN,NaN,NaN,NaN,NaN,NaN,NaN,NaN,NaN,NaN,NaN,NaN,NaN,NaN,NaN,NaN,NaN,NaN
13847,13676,ImageProcessor_TPU,frame_processed,0,398,7,1.06399,75,1,NaN,NaN,NaN,NaN,NaN,NaN,NaN,NaN,NaN,NaN,NaN,NaN,NaN,NaN,NaN,NaN,NaN
13853,13682,ImageProcessor_Viz,frame_processed,0,398,7,0.329685,NaN,7,NaN,NaN,NaN,NaN,NaN,NaN,NaN,NaN,NaN,NaN,NaN,NaN,NaN,NaN,NaN,NaN,NaN
13866,13695,InferenceEngine,inference_complete,0,398,NaN,NaN,NaN,1,18.636,31.05,0.996066,13,NaN,NaN,NaN,NaN,NaN,NaN,NaN,NaN,NaN,NaN,NaN,NaN,NaN
13866,13845,Logic,frame_complete,-3955190986414698435,398,7,1.06399,75,1,19,31.05,0.996066,13,1.63485,-0.00955178,-0.000818551,0.571553,0.452181,33.333,0,0,0,43,25.7769,48.5133,0
13878,13707,CameraCapture,frame_captured,0,399,7,0.156629,75,NaN,NaN,NaN,NaN,NaN,NaN,NaN,NaN,NaN,NaN,NaN,NaN,NaN,NaN,NaN,NaN,NaN,NaN
13879,13708,ImageProcessor_TPU,frame_processed,0,399,7,0.721389,75,1,NaN,NaN,NaN,NaN,NaN,NaN,NaN,NaN,NaN,NaN,NaN,NaN,NaN,NaN,NaN,NaN,NaN
13886,13715,ImageProcessor_Viz,frame_processed,0,399,7,0.329796,NaN,8,NaN,NaN,NaN,NaN,NaN,NaN,NaN,NaN,NaN,NaN,NaN,NaN,NaN,NaN,NaN,NaN,NaN
13898,13727,InferenceEngine,inference_complete,0,399,NaN,NaN,NaN,1,18.63,32.05,0.996066,13,NaN,NaN,NaN,NaN,NaN,NaN,NaN,NaN,NaN,NaN,NaN,NaN,NaN
13898,13878,Logic,frame_complete,-3955190986414698435,399,7,0.721389,75,1,18,32.05,0.996066,13,1.63485,-0.00961465,0.000725627,0.573566,0.452169,31.961,0,0,0,43,25.7769,48.5133,0
13912,13741,CameraCapture,frame_captured,0,400,7,0.14179,75,NaN,NaN,NaN,NaN,NaN,NaN,NaN,NaN,NaN,NaN,NaN,NaN,NaN,NaN,NaN,NaN,NaN,NaN
13914,13742,ImageProcessor_TPU,frame_processed,0,400,7,1.07846,75,0,NaN,NaN,NaN,NaN,NaN,NaN,NaN,NaN,NaN,NaN,NaN,NaN,NaN,NaN,NaN,NaN,NaN
13920,13748,ImageProcessor_Viz,frame_processed,0,400,7,0.335426,NaN,7,NaN,NaN,NaN,NaN,NaN,NaN,NaN,NaN,NaN,NaN,NaN,NaN,NaN,NaN,NaN,NaN,NaN
13933,13762,InferenceEngine,inference_complete,0,400,NaN,NaN,NaN,0,18.969,32.05,0.996066,13,NaN,NaN,NaN,NaN,NaN,NaN,NaN,NaN,NaN,NaN,NaN,NaN,NaN
13933,13912,Logic,frame_complete,-3955190986414698435,400,7,1.07846,75,0,19,32.05,0.996066,13,1.63485,-0.009591,-0.000474989,0.572481,0.452173,34.888,0,0,0,43,25.7769,48.5133,0
13945,13774,CameraCapture,frame_captured,0,401,7,0.141618,75,NaN,NaN,NaN,NaN,NaN,NaN,NaN,NaN,NaN,NaN,NaN,NaN,NaN,NaN,NaN,NaN,NaN,NaN
13947,13775,ImageProcessor_TPU,frame_processed,0,401,7,0.974303,75,0,NaN,NaN,NaN,NaN,NaN,NaN,NaN,NaN,NaN,NaN,NaN,NaN,NaN,NaN,NaN,NaN,NaN
13954,13782,ImageProcessor_Viz,frame_processed,0,401,7,0.333204,NaN,8,NaN,NaN,NaN,NaN,NaN,NaN,NaN,NaN,NaN,NaN,NaN,NaN,NaN,NaN,NaN,NaN,NaN
13966,13794,InferenceEngine,inference_complete,0,401,NaN,NaN,NaN,0,18.806,32.05,0.996066,13,NaN,NaN,NaN,NaN,NaN,NaN,NaN,NaN,NaN,NaN,NaN,NaN,NaN
13966,13945,Logic,frame_complete,-3955190986414698435,401,7,0.974303,75,0,19,32.05,0.996066,13,1.63485,-0.00960277,0.000193238,0.572605,0.452171,32.824,0,0,0,43,25.7769,48.5133,0
13978,13807,CameraCapture,frame_captured,0,402,7,0.145334,75,NaN,NaN,NaN,NaN,NaN,NaN,NaN,NaN,NaN,NaN,NaN,NaN,NaN,NaN,NaN,NaN,NaN,NaN
13980,13808,ImageProcessor_TPU,frame_processed,0,402,7,0.758131,75,0,NaN,NaN,NaN,NaN,NaN,NaN,NaN,NaN,NaN,NaN,NaN,NaN,NaN,NaN,NaN,NaN,NaN
13987,13815,ImageProcessor_Viz,frame_processed,0,402,7,0.328315,NaN,7,NaN,NaN,NaN,NaN,NaN,NaN,NaN,NaN,NaN,NaN,NaN,NaN,NaN,NaN,NaN,NaN,NaN
13999,13827,InferenceEngine,inference_complete,0,402,NaN,NaN,NaN,0,18.635,32.05,0.996066,13,NaN,NaN,NaN,NaN,NaN,NaN,NaN,NaN,NaN,NaN,NaN,NaN,NaN
14000,13978,Logic,frame_complete,-3955190986414698435,402,7,0.758131,75,0,18,32.05,0.996066,13,1.63485,-0.00959189,0.00011149,0.573453,0.452173,33.724,0,0,0,43,25.7769,48.5133,0
14011,13840,CameraCapture,frame_captured,0,403,7,0.143865,75,NaN,NaN,NaN,NaN,NaN,NaN,NaN,NaN,NaN,NaN,NaN,NaN,NaN,NaN,NaN,NaN,NaN,NaN
14012,13841,ImageProcessor_TPU,frame_processed,0,403,7,1.05429,75,0,NaN,NaN,NaN,NaN,NaN,NaN,NaN,NaN,NaN,NaN,NaN,NaN,NaN,NaN,NaN,NaN,NaN
14019,13848,ImageProcessor_Viz,frame_processed,0,403,7,0.326426,NaN,8,NaN,NaN,NaN,NaN,NaN,NaN,NaN,NaN,NaN,NaN,NaN,NaN,NaN,NaN,NaN,NaN,NaN
14031,13860,InferenceEngine,inference_complete,0,403,NaN,NaN,NaN,0,18.712,32.05,0.996066,13,NaN,NaN,NaN,NaN,NaN,NaN,NaN,NaN,NaN,NaN,NaN,NaN,NaN
14033,14011,Logic,frame_complete,-3955190986414698435,403,7,1.05429,75,0,19,32.05,0.996066,13,1.63485,-0.00960627,-0.000427485,0.571626,0.45217,32.219,0,0,0,43,25.7769,48.5133,0
14045,13874,CameraCapture,frame_captured,0,404,7,0.144748,75,NaN,NaN,NaN,NaN,NaN,NaN,NaN,NaN,NaN,NaN,NaN,NaN,NaN,NaN,NaN,NaN,NaN,NaN
14047,13875,ImageProcessor_TPU,frame_processed,0,404,7,1.05571,75,0,NaN,NaN,NaN,NaN,NaN,NaN,NaN,NaN,NaN,NaN,NaN,NaN,NaN,NaN,NaN,NaN,NaN
14053,13882,ImageProcessor_Viz,frame_processed,0,404,7,0.336259,NaN,8,NaN,NaN,NaN,NaN,NaN,NaN,NaN,NaN,NaN,NaN,NaN,NaN,NaN,NaN,NaN,NaN,NaN
14066,13895,InferenceEngine,inference_complete,0,404,NaN,NaN,NaN,0,18.958,32.05,0.996066,13,NaN,NaN,NaN,NaN,NaN,NaN,NaN,NaN,NaN,NaN,NaN,NaN,NaN
14066,14045,Logic,frame_complete,-3955190986414698435,404,7,1.05571,75,0,19,32.05,0.996066,13,1.63485,-0.010454,0.000356615,0.572635,0.450231,33.581,0,0,0,43,25.7769,48.5133,0
14079,13907,CameraCapture,frame_captured,0,405,7,0.145465,75,NaN,NaN,NaN,NaN,NaN,NaN,NaN,NaN,NaN,NaN,NaN,NaN,NaN,NaN,NaN,NaN,NaN,NaN
14080,13909,ImageProcessor_TPU,frame_processed,0,405,7,0.79778,75,1,NaN,NaN,NaN,NaN,NaN,NaN,NaN,NaN,NaN,NaN,NaN,NaN,NaN,NaN,NaN,NaN,NaN
14086,13915,ImageProcessor_Viz,frame_processed,0,405,7,0.353315,NaN,7,NaN,NaN,NaN,NaN,NaN,NaN,NaN,NaN,NaN,NaN,NaN,NaN,NaN,NaN,NaN,NaN,NaN
14099,13928,InferenceEngine,inference_complete,0,405,NaN,NaN,NaN,1,19.252,32.05,0.996066,13,NaN,NaN,NaN,NaN,NaN,NaN,NaN,NaN,NaN,NaN,NaN,NaN,NaN
14100,14078,Logic,frame_complete,-3955190986414698435,405,7,0.79778,75,1,19,32.05,0.996066,13,1.63485,-0.00905436,-0.000333101,0.571643,0.452275,33.397,0,0,0,43,25.7769,48.5133,0
14112,13941,CameraCapture,frame_captured,0,406,7,0.145403,75,NaN,NaN,NaN,NaN,NaN,NaN,NaN,NaN,NaN,NaN,NaN,NaN,NaN,NaN,NaN,NaN,NaN,NaN
14113,13942,ImageProcessor_TPU,frame_processed,0,406,7,0.748552,75,0,NaN,NaN,NaN,NaN,NaN,NaN,NaN,NaN,NaN,NaN,NaN,NaN,NaN,NaN,NaN,NaN,NaN
14120,13949,ImageProcessor_Viz,frame_processed,0,406,7,0.349426,NaN,8,NaN,NaN,NaN,NaN,NaN,NaN,NaN,NaN,NaN,NaN,NaN,NaN,NaN,NaN,NaN,NaN,NaN
14132,13961,InferenceEngine,inference_complete,0,406,NaN,NaN,NaN,0,19.136,32.05,0.996066,13,NaN,NaN,NaN,NaN,NaN,NaN,NaN,NaN,NaN,NaN,NaN,NaN,NaN
14133,14112,Logic,frame_complete,-3955190986414698435,406,7,0.748552,75,0,19,32.05,0.996066,13,1.63485,-0.00981794,0.000516832,0.573528,0.45213,33.118,0,0,0,43,25.7769,48.5133,0
14144,13973,CameraCapture,frame_captured,0,407,7,0.137657,75,NaN,NaN,NaN,NaN,NaN,NaN,NaN,NaN,NaN,NaN,NaN,NaN,NaN,NaN,NaN,NaN,NaN,NaN
14146,13974,ImageProcessor_TPU,frame_processed,0,407,7,0.864157,75,0,NaN,NaN,NaN,NaN,NaN,NaN,NaN,NaN,NaN,NaN,NaN,NaN,NaN,NaN,NaN,NaN,NaN
14152,13981,ImageProcessor_Viz,frame_processed,0,407,7,0.345241,NaN,7,NaN,NaN,NaN,NaN,NaN,NaN,NaN,NaN,NaN,NaN,NaN,NaN,NaN,NaN,NaN,NaN,NaN
14165,13994,InferenceEngine,inference_complete,0,407,NaN,NaN,NaN,0,18.877,32.05,0.996066,13,NaN,NaN,NaN,NaN,NaN,NaN,NaN,NaN,NaN,NaN,NaN,NaN,NaN
14165,14144,Logic,frame_complete,-3955190986414698435,407,7,0.864157,75,0,18,32.05,0.996066,13,1.63485,-0.00950837,-0.000405133,0.572494,0.452189,32.156,0,0,0,43,25.7769,48.5133,0
14178,14007,CameraCapture,frame_captured,0,408,7,0.139207,75,NaN,NaN,NaN,NaN,NaN,NaN,NaN,NaN,NaN,NaN,NaN,NaN,NaN,NaN,NaN,NaN,NaN,NaN
14180,14009,ImageProcessor_TPU,frame_processed,0,408,7,0.764966,75,1,NaN,NaN,NaN,NaN,NaN,NaN,NaN,NaN,NaN,NaN,NaN,NaN,NaN,NaN,NaN,NaN,NaN
14186,14015,ImageProcessor_Viz,frame_processed,0,408,7,0.343926,NaN,7,NaN,NaN,NaN,NaN,NaN,NaN,NaN,NaN,NaN,NaN,NaN,NaN,NaN,NaN,NaN,NaN,NaN
14199,14028,InferenceEngine,inference_complete,0,408,NaN,NaN,NaN,1,18.855,32.05,0.996066,13,NaN,NaN,NaN,NaN,NaN,NaN,NaN,NaN,NaN,NaN,NaN,NaN,NaN
14199,14178,Logic,frame_complete,-3955190986414698435,408,7,0.764966,75,1,19,32.05,0.996066,13,1.63485,-0.00963625,0.00016427,0.5726,0.452165,34.084,0,0,0,43,25.7769,48.5133,0
14212,14041,CameraCapture,frame_captured,0,409,7,0.154275,75,NaN,NaN,NaN,NaN,NaN,NaN,NaN,NaN,NaN,NaN,NaN,NaN,NaN,NaN,NaN,NaN,NaN,NaN
14213,14042,ImageProcessor_TPU,frame_processed,0,409,7,1.08922,75,0,NaN,NaN,NaN,NaN,NaN,NaN,NaN,NaN,NaN,NaN,NaN,NaN,NaN,NaN,NaN,NaN,NaN
14219,14048,ImageProcessor_Viz,frame_processed,0,409,7,0.342852,NaN,7,NaN,NaN,NaN,NaN,NaN,NaN,NaN,NaN,NaN,NaN,NaN,NaN,NaN,NaN,NaN,NaN,NaN
14232,14061,InferenceEngine,inference_complete,0,409,NaN,NaN,NaN,0,18.632,32.05,0.996066,13,NaN,NaN,NaN,NaN,NaN,NaN,NaN,NaN,NaN,NaN,NaN,NaN,NaN
14233,14212,Logic,frame_complete,-3955190986414698435,409,7,1.08922,75,0,19,32.05,0.996066,13,1.63485,-0.00957218,0.000309199,0.574352,0.452177,33.453,0,0,0,43,25.7769,48.5133,0
14245,14074,CameraCapture,frame_captured,0,410,7,0.142288,75,NaN,NaN,NaN,NaN,NaN,NaN,NaN,NaN,NaN,NaN,NaN,NaN,NaN,NaN,NaN,NaN,NaN,NaN
14247,14076,ImageProcessor_TPU,frame_processed,0,410,7,1.07064,75,1,NaN,NaN,NaN,NaN,NaN,NaN,NaN,NaN,NaN,NaN,NaN,NaN,NaN,NaN,NaN,NaN,NaN
14253,14082,ImageProcessor_Viz,frame_processed,0,410,7,0.345796,NaN,8,NaN,NaN,NaN,NaN,NaN,NaN,NaN,NaN,NaN,NaN,NaN,NaN,NaN,NaN,NaN,NaN,NaN
14267,14096,InferenceEngine,inference_complete,0,410,NaN,NaN,NaN,1,19.785,32.05,0.996066,13,NaN,NaN,NaN,NaN,NaN,NaN,NaN,NaN,NaN,NaN,NaN,NaN,NaN
14268,14245,Logic,frame_complete,-3955190986414698435,410,7,1.07064,75,1,20,32.05,0.996066,13,1.63485,-0.00959392,-0.000125915,0.574272,0.452173,34.704,0,0,0,43,25.7769,48.5133,0
14278,14107,CameraCapture,frame_captured,0,411,7,0.140578,75,NaN,NaN,NaN,NaN,NaN,NaN,NaN,NaN,NaN,NaN,NaN,NaN,NaN,NaN,NaN,NaN,NaN,NaN
14279,14108,ImageProcessor_TPU,frame_processed,0,411,7,1.06626,75,0,NaN,NaN,NaN,NaN,NaN,NaN,NaN,NaN,NaN,NaN,NaN,NaN,NaN,NaN,NaN,NaN,NaN
14285,14114,ImageProcessor_Viz,frame_processed,0,411,7,0.345944,NaN,7,NaN,NaN,NaN,NaN,NaN,NaN,NaN,NaN,NaN,NaN,NaN,NaN,NaN,NaN,NaN,NaN,NaN
14299,14128,InferenceEngine,inference_complete,0,411,NaN,NaN,NaN,0,19.412,32.05,0.996066,13,NaN,NaN,NaN,NaN,NaN,NaN,NaN,NaN,NaN,NaN,NaN,NaN,NaN
14300,14278,Logic,frame_complete,-3955190986414698435,411,7,1.06626,75,0,20,32.05,0.996066,13,1.63485,-0.00958504,5.1707e-05,0.574304,0.452174,32.295,0,0,0,43,25.7769,48.5133,0
14312,14141,CameraCapture,frame_captured,0,412,7,0.154294,75,NaN,NaN,NaN,NaN,NaN,NaN,NaN,NaN,NaN,NaN,NaN,NaN,NaN,NaN,NaN,NaN,NaN,NaN
14313,14142,ImageProcessor_TPU,frame_processed,0,412,7,0.857239,75,1,NaN,NaN,NaN,NaN,NaN,NaN,NaN,NaN,NaN,NaN,NaN,NaN,NaN,NaN,NaN,NaN,NaN
14319,14148,ImageProcessor_Viz,frame_processed,0,412,7,0.333519,NaN,7,NaN,NaN,NaN,NaN,NaN,NaN,NaN,NaN,NaN,NaN,NaN,NaN,NaN,NaN,NaN,NaN,NaN
14332,14161,InferenceEngine,inference_complete,0,412,NaN,NaN,NaN,1,18.9,32.05,0.996066,13,NaN,NaN,NaN,NaN,NaN,NaN,NaN,NaN,NaN,NaN,NaN,NaN,NaN
14332,14311,Logic,frame_complete,-3955190986414698435,412,7,0.857239,75,1,19,32.05,0.996066,13,1.63485,-0.00871752,-2.10106e-05,0.574291,0.454121,32.39,0,0,0,43,25.7769,48.5133,0
14345,14174,CameraCapture,frame_captured,0,413,7,0.153863,75,NaN,NaN,NaN,NaN,NaN,NaN,NaN,NaN,NaN,NaN,NaN,NaN,NaN,NaN,NaN,NaN,NaN,NaN
14346,14175,ImageProcessor_TPU,frame_processed,0,413,7,0.777974,75,0,NaN,NaN,NaN,NaN,NaN,NaN,NaN,NaN,NaN,NaN,NaN,NaN,NaN,NaN,NaN,NaN,NaN
14353,14181,ImageProcessor_Viz,frame_processed,0,413,7,0.325723,NaN,7,NaN,NaN,NaN,NaN,NaN,NaN,NaN,NaN,NaN,NaN,NaN,NaN,NaN,NaN,NaN,NaN,NaN
14365,14194,InferenceEngine,inference_complete,0,413,NaN,NaN,NaN,0,18.688,32.05,0.996066,13,NaN,NaN,NaN,NaN,NaN,NaN,NaN,NaN,NaN,NaN,NaN,NaN,NaN
14366,14345,Logic,frame_complete,-3955190986414698435,413,7,0.777974,75,0,19,32.05,0.996066,13,1.63485,-0.0101503,8.61287e-06,0.574296,0.452067,33.455,0,0,0,43,25.7769,48.5133,0
14378,14207,CameraCapture,frame_captured,0,414,7,0.146746,75,NaN,NaN,NaN,NaN,NaN,NaN,NaN,NaN,NaN,NaN,NaN,NaN,NaN,NaN,NaN,NaN,NaN,NaN
14379,14208,ImageProcessor_TPU,frame_processed,0,414,7,0.841024,75,0,NaN,NaN,NaN,NaN,NaN,NaN,NaN,NaN,NaN,NaN,NaN,NaN,NaN,NaN,NaN,NaN,NaN
14386,14215,ImageProcessor_Viz,frame_processed,0,414,7,0.325148,NaN,7,NaN,NaN,NaN,NaN,NaN,NaN,NaN,NaN,NaN,NaN,NaN,NaN,NaN,NaN,NaN,NaN,NaN
14399,14228,InferenceEngine,inference_complete,0,414,NaN,NaN,NaN,0,19.113,32.05,0.996066,13,NaN,NaN,NaN,NaN,NaN,NaN,NaN,NaN,NaN,NaN,NaN,NaN,NaN
14399,14378,Logic,frame_complete,-3955190986414698435,414,7,0.841024,75,0,19,32.05,0.996066,13,1.63485,-0.00937054,-0.000377357,0.572499,0.452215,33.419,0,0,0,43,25.7769,48.5133,0
14411,14240,CameraCapture,frame_captured,0,415,7,0.146277,75,NaN,NaN,NaN,NaN,NaN,NaN,NaN,NaN,NaN,NaN,NaN,NaN,NaN,NaN,NaN,NaN,NaN,NaN
14412,14241,ImageProcessor_TPU,frame_processed,0,415,7,0.757536,75,0,NaN,NaN,NaN,NaN,NaN,NaN,NaN,NaN,NaN,NaN,NaN,NaN,NaN,NaN,NaN,NaN,NaN
14419,14247,ImageProcessor_Viz,frame_processed,0,415,7,0.332334,NaN,7,NaN,NaN,NaN,NaN,NaN,NaN,NaN,NaN,NaN,NaN,NaN,NaN,NaN,NaN,NaN,NaN,NaN
14431,14260,InferenceEngine,inference_complete,0,415,NaN,NaN,NaN,0,18.879,32.05,0.996066,13,NaN,NaN,NaN,NaN,NaN,NaN,NaN,NaN,NaN,NaN,NaN,NaN,NaN
14432,14411,Logic,frame_complete,-3955190986414698435,415,7,0.757536,75,0,19,32.05,0.996066,13,1.63485,-0.00968018,0.000541747,0.574395,0.452156,32.185,0,0,0,43,25.7769,48.5133,0
14445,14274,CameraCapture,frame_captured,0,416,7,0.146345,75,NaN,NaN,NaN,NaN,NaN,NaN,NaN,NaN,NaN,NaN,NaN,NaN,NaN,NaN,NaN,NaN,NaN,NaN
14446,14275,ImageProcessor_TPU,frame_processed,0,416,7,0.774845,75,0,NaN,NaN,NaN,NaN,NaN,NaN,NaN,NaN,NaN,NaN,NaN,NaN,NaN,NaN,NaN,NaN,NaN
14453,14282,ImageProcessor_Viz,frame_processed,0,416,7,0.332111,NaN,8,NaN,NaN,NaN,NaN,NaN,NaN,NaN,NaN,NaN,NaN,NaN,NaN,NaN,NaN,NaN,NaN,NaN
14466,14294,InferenceEngine,inference_complete,0,416,NaN,NaN,NaN,0,18.958,32.05,0.996066,13,NaN,NaN,NaN,NaN,NaN,NaN,NaN,NaN,NaN,NaN,NaN,NaN,NaN
14466,14445,Logic,frame_complete,-3955190986414698435,416,7,0.774845,75,0,19,32.05,0.996066,13,1.63485,-0.00955613,-0.000403732,0.573358,0.45218,34.322,0,0,0,43,25.7769,48.5133,0
14479,14308,CameraCapture,frame_captured,0,417,7,0.236728,75,NaN,NaN,NaN,NaN,NaN,NaN,NaN,NaN,NaN,NaN,NaN,NaN,NaN,NaN,NaN,NaN,NaN,NaN
14480,14309,ImageProcessor_TPU,frame_processed,0,417,7,1.15921,75,0,NaN,NaN,NaN,NaN,NaN,NaN,NaN,NaN,NaN,NaN,NaN,NaN,NaN,NaN,NaN,NaN,NaN
14486,14315,ImageProcessor_Viz,frame_processed,0,417,7,0.328592,NaN,7,NaN,NaN,NaN,NaN,NaN,NaN,NaN,NaN,NaN,NaN,NaN,NaN,NaN,NaN,NaN,NaN,NaN
14499,14328,InferenceEngine,inference_complete,0,417,NaN,NaN,NaN,0,18.979,32.05,0.996066,13,NaN,NaN,NaN,NaN,NaN,NaN,NaN,NaN,NaN,NaN,NaN,NaN,NaN
14500,14479,Logic,frame_complete,-3955190986414698435,417,7,1.15921,75,0,19,32.05,0.996066,13,1.63485,-0.00873448,0.000535786,0.575255,0.454118,33.904,0,0,0,43,25.7769,48.5133,0
14512,14341,CameraCapture,frame_captured,0,418,7,0.141648,75,NaN,NaN,NaN,NaN,NaN,NaN,NaN,NaN,NaN,NaN,NaN,NaN,NaN,NaN,NaN,NaN,NaN,NaN
14514,14342,ImageProcessor_TPU,frame_processed,0,418,7,1.07595,75,0,NaN,NaN,NaN,NaN,NaN,NaN,NaN,NaN,NaN,NaN,NaN,NaN,NaN,NaN,NaN,NaN,NaN
14520,14348,ImageProcessor_Viz,frame_processed,0,418,7,0.332351,NaN,7,NaN,NaN,NaN,NaN,NaN,NaN,NaN,NaN,NaN,NaN,NaN,NaN,NaN,NaN,NaN,NaN,NaN
14533,14362,InferenceEngine,inference_complete,0,418,NaN,NaN,NaN,0,18.872,32.05,0.996066,13,NaN,NaN,NaN,NaN,NaN,NaN,NaN,NaN,NaN,NaN,NaN,NaN,NaN
14533,14512,Logic,frame_complete,-3955190986414698435,418,7,1.07595,75,0,19,32.05,0.996066,13,1.63485,-0.00840828,0.000535786,0.576975,0.455371,32.995,0,0,0,43,25.7769,48.5133,0
14545,14373,CameraCapture,frame_captured,0,419,7,0.232364,75,NaN,NaN,NaN,NaN,NaN,NaN,NaN,NaN,NaN,NaN,NaN,NaN,NaN,NaN,NaN,NaN,NaN,NaN
14546,14374,ImageProcessor_TPU,frame_processed,0,419,7,0.841012,75,0,NaN,NaN,NaN,NaN,NaN,NaN,NaN,NaN,NaN,NaN,NaN,NaN,NaN,NaN,NaN,NaN,NaN
14555,14384,ImageProcessor_Viz,frame_processed,0,419,7,0.352889,NaN,10,NaN,NaN,NaN,NaN,NaN,NaN,NaN,NaN,NaN,NaN,NaN,NaN,NaN,NaN,NaN,NaN,NaN
14565,14394,InferenceEngine,inference_complete,0,419,NaN,NaN,NaN,0,18.854,32.05,0.996066,13,NaN,NaN,NaN,NaN,NaN,NaN,NaN,NaN,NaN,NaN,NaN,NaN,NaN
14565,14544,Logic,frame_complete,-3955190986414698435,419,7,0.841012,75,0,19,32.05,0.996066,13,1.63485,-0.010084,-0.000602871,0.573321,0.452079,32.022,0,0,0,43,25.7769,48.5133,0
14578,14407,CameraCapture,frame_captured,0,420,7,0.150506,75,NaN,NaN,NaN,NaN,NaN,NaN,NaN,NaN,NaN,NaN,NaN,NaN,NaN,NaN,NaN,NaN,NaN,NaN
14580,14409,ImageProcessor_TPU,frame_processed,0,420,7,1.09293,75,1,NaN,NaN,NaN,NaN,NaN,NaN,NaN,NaN,NaN,NaN,NaN,NaN,NaN,NaN,NaN,NaN,NaN
14586,14415,ImageProcessor_Viz,frame_processed,0,420,7,0.34976,NaN,8,NaN,NaN,NaN,NaN,NaN,NaN,NaN,NaN,NaN,NaN,NaN,NaN,NaN,NaN,NaN,NaN,NaN
14601,14430,InferenceEngine,inference_complete,0,420,NaN,NaN,NaN,1,20.4,32.05,0.996066,13,NaN,NaN,NaN,NaN,NaN,NaN,NaN,NaN,NaN,NaN,NaN,NaN,NaN
14601,14578,Logic,frame_complete,-3955190986414698435,420,7,1.09293,75,1,20,32.05,0.996066,13,1.63485,-0.00855473,0.000245303,0.573478,0.454152,35.959,0,0,0,43,25.7769,48.5133,0
14612,14440,CameraCapture,frame_captured,0,421,7,0.14363,75,NaN,NaN,NaN,NaN,NaN,NaN,NaN,NaN,NaN,NaN,NaN,NaN,NaN,NaN,NaN,NaN,NaN,NaN
14613,14442,ImageProcessor_TPU,frame_processed,0,421,7,1.0415,75,1,NaN,NaN,NaN,NaN,NaN,NaN,NaN,NaN,NaN,NaN,NaN,NaN,NaN,NaN,NaN,NaN,NaN
14619,14448,ImageProcessor_Viz,frame_processed,0,421,7,0.348889,NaN,7,NaN,NaN,NaN,NaN,NaN,NaN,NaN,NaN,NaN,NaN,NaN,NaN,NaN,NaN,NaN,NaN,NaN
14633,14462,InferenceEngine,inference_complete,0,421,NaN,NaN,NaN,1,19.344,32.05,0.996066,13,NaN,NaN,NaN,NaN,NaN,NaN,NaN,NaN,NaN,NaN,NaN,NaN,NaN
14633,14611,Logic,frame_complete,-3955190986414698435,421,7,1.0415,75,1,19,32.05,0.996066,13,1.63485,-0.00401758,0.000488937,0.576106,0.465774,31.858,0,0,0,43,25.7769,48.5133,0
14645,14474,CameraCapture,frame_captured,0,422,7,0.142272,75,NaN,NaN,NaN,NaN,NaN,NaN,NaN,NaN,NaN,NaN,NaN,NaN,NaN,NaN,NaN,NaN,NaN,NaN
14646,14475,ImageProcessor_TPU,frame_processed,0,422,7,0.984661,75,0,NaN,NaN,NaN,NaN,NaN,NaN,NaN,NaN,NaN,NaN,NaN,NaN,NaN,NaN,NaN,NaN,NaN
14652,14481,ImageProcessor_Viz,frame_processed,0,422,7,0.338667,NaN,7,NaN,NaN,NaN,NaN,NaN,NaN,NaN,NaN,NaN,NaN,NaN,NaN,NaN,NaN,NaN,NaN,NaN
14665,14494,InferenceEngine,inference_complete,0,422,NaN,NaN,NaN,0,18.783,32.05,0.996066,13,NaN,NaN,NaN,NaN,NaN,NaN,NaN,NaN,NaN,NaN,NaN,NaN,NaN
14666,14645,Logic,frame_complete,-3955190986414698435,422,7,0.984661,75,0,19,32.05,0.996066,13,1.63485,-0.00805667,-0.00019908,0.575979,0.463199,32.809,0,0,0,43,25.7769,48.5133,0
14678,14506,CameraCapture,frame_captured,0,423,7,0.149284,75,NaN,NaN,NaN,NaN,NaN,NaN,NaN,NaN,NaN,NaN,NaN,NaN,NaN,NaN,NaN,NaN,NaN,NaN
14679,14507,ImageProcessor_TPU,frame_processed,0,423,7,0.877748,75,0,NaN,NaN,NaN,NaN,NaN,NaN,NaN,NaN,NaN,NaN,NaN,NaN,NaN,NaN,NaN,NaN,NaN
14685,14514,ImageProcessor_Viz,frame_processed,0,423,7,0.354926,NaN,7,NaN,NaN,NaN,NaN,NaN,NaN,NaN,NaN,NaN,NaN,NaN,NaN,NaN,NaN,NaN,NaN,NaN
14698,14527,InferenceEngine,inference_complete,0,423,NaN,NaN,NaN,0,18.906,32.05,0.996066,13,NaN,NaN,NaN,NaN,NaN,NaN,NaN,NaN,NaN,NaN,NaN,NaN,NaN
14698,14677,Logic,frame_complete,-3955190986414698435,423,7,0.877748,75,0,18,32.05,0.996066,13,1.63485,-0.0115002,-0.000500619,0.57334,0.45181,32.421,0,0,0,43,25.7769,48.5133,0
14711,14540,CameraCapture,frame_captured,0,424,7,0.135612,75,NaN,NaN,NaN,NaN,NaN,NaN,NaN,NaN,NaN,NaN,NaN,NaN,NaN,NaN,NaN,NaN,NaN,NaN
14712,14541,ImageProcessor_TPU,frame_processed,0,424,7,0.727946,75,0,NaN,NaN,NaN,NaN,NaN,NaN,NaN,NaN,NaN,NaN,NaN,NaN,NaN,NaN,NaN,NaN,NaN
14720,14549,ImageProcessor_Viz,frame_processed,0,424,7,0.349223,NaN,8,NaN,NaN,NaN,NaN,NaN,NaN,NaN,NaN,NaN,NaN,NaN,NaN,NaN,NaN,NaN,NaN,NaN
14732,14560,InferenceEngine,inference_complete,0,424,NaN,NaN,NaN,0,18.839,32.05,0.996066,13,NaN,NaN,NaN,NaN,NaN,NaN,NaN,NaN,NaN,NaN,NaN,NaN,NaN
14732,14711,Logic,frame_complete,-3955190986414698435,424,7,0.727946,75,0,19,32.05,0.996066,13,1.63485,-0.00404325,0.000204891,0.57347,0.463071,33.544,0,0,0,43,25.7769,48.5133,0
14745,14574,CameraCapture,frame_captured,0,425,7,0.144736,75,NaN,NaN,NaN,NaN,NaN,NaN,NaN,NaN,NaN,NaN,NaN,NaN,NaN,NaN,NaN,NaN,NaN,NaN
14746,14575,ImageProcessor_TPU,frame_processed,0,425,7,0.762773,75,0,NaN,NaN,NaN,NaN,NaN,NaN,NaN,NaN,NaN,NaN,NaN,NaN,NaN,NaN,NaN,NaN,NaN
14753,14581,ImageProcessor_Viz,frame_processed,0,425,7,0.334889,NaN,7,NaN,NaN,NaN,NaN,NaN,NaN,NaN,NaN,NaN,NaN,NaN,NaN,NaN,NaN,NaN,NaN,NaN
14765,14594,InferenceEngine,inference_complete,0,425,NaN,NaN,NaN,0,18.89,32.05,0.996066,13,NaN,NaN,NaN,NaN,NaN,NaN,NaN,NaN,NaN,NaN,NaN,NaN,NaN
14766,14745,Logic,frame_complete,-3955190986414698435,425,7,0.762773,75,0,19,32.05,0.996066,13,1.63485,-0.00773992,0.000474662,0.576103,0.46326,33.55,0,0,0,43,25.7769,48.5133,0
14777,14606,CameraCapture,frame_captured,0,426,7,0.153415,75,NaN,NaN,NaN,NaN,NaN,NaN,NaN,NaN,NaN,NaN,NaN,NaN,NaN,NaN,NaN,NaN,NaN,NaN
14778,14607,ImageProcessor_TPU,frame_processed,0,426,7,0.773489,75,0,NaN,NaN,NaN,NaN,NaN,NaN,NaN,NaN,NaN,NaN,NaN,NaN,NaN,NaN,NaN,NaN,NaN
14785,14614,ImageProcessor_Viz,frame_processed,0,426,7,0.339889,NaN,8,NaN,NaN,NaN,NaN,NaN,NaN,NaN,NaN,NaN,NaN,NaN,NaN,NaN,NaN,NaN,NaN,NaN
14797,14626,InferenceEngine,inference_complete,0,426,NaN,NaN,NaN,0,18.693,32.05,0.996066,13,NaN,NaN,NaN,NaN,NaN,NaN,NaN,NaN,NaN,NaN,NaN,NaN,NaN
14798,14777,Logic,frame_complete,-3955190986414698435,426,7,0.773489,75,0,19,32.05,0.996066,13,1.63485,-0.00854491,0.000474662,0.577567,0.460029,31.968,0,0,0,43,25.7769,48.5133,0
14811,14640,CameraCapture,frame_captured,0,427,7,0.154131,75,NaN,NaN,NaN,NaN,NaN,NaN,NaN,NaN,NaN,NaN,NaN,NaN,NaN,NaN,NaN,NaN,NaN,NaN
14812,14641,ImageProcessor_TPU,frame_processed,0,427,7,0.770131,75,1,NaN,NaN,NaN,NaN,NaN,NaN,NaN,NaN,NaN,NaN,NaN,NaN,NaN,NaN,NaN,NaN,NaN
14818,14647,ImageProcessor_Viz,frame_processed,0,427,7,0.344204,NaN,7,NaN,NaN,NaN,NaN,NaN,NaN,NaN,NaN,NaN,NaN,NaN,NaN,NaN,NaN,NaN,NaN,NaN
14831,14660,InferenceEngine,inference_complete,0,427,NaN,NaN,NaN,1,18.777,32.05,0.996066,13,NaN,NaN,NaN,NaN,NaN,NaN,NaN,NaN,NaN,NaN,NaN,NaN,NaN
14832,14811,Logic,frame_complete,-3955190986414698435,427,7,0.770131,75,1,19,32.05,0.996066,13,1.63485,-0.00970237,-0.000451177,0.575073,0.453042,33.183,0,0,0,43,25.7769,48.5133,0
14845,14674,CameraCapture,frame_captured,0,428,7,0.158347,75,NaN,NaN,NaN,NaN,NaN,NaN,NaN,NaN,NaN,NaN,NaN,NaN,NaN,NaN,NaN,NaN,NaN,NaN
14846,14675,ImageProcessor_TPU,frame_processed,0,428,7,0.774792,75,1,NaN,NaN,NaN,NaN,NaN,NaN,NaN,NaN,NaN,NaN,NaN,NaN,NaN,NaN,NaN,NaN,NaN
14853,14681,ImageProcessor_Viz,frame_processed,0,428,7,0.330519,NaN,7,NaN,NaN,NaN,NaN,NaN,NaN,NaN,NaN,NaN,NaN,NaN,NaN,NaN,NaN,NaN,NaN,NaN
14865,14694,InferenceEngine,inference_complete,0,428,NaN,NaN,NaN,1,18.841,32.05,0.996066,13,NaN,NaN,NaN,NaN,NaN,NaN,NaN,NaN,NaN,NaN,NaN,NaN,NaN
14866,14845,Logic,frame_complete,-3955190986414698435,428,7,0.774792,75,1,19,32.05,0.996066,13,1.63485,-0.0036028,-1.60933e-06,0.574295,0.465853,34.081,0,0,0,43,25.7769,48.5133,0
14878,14706,CameraCapture,frame_captured,0,429,7,0.252619,75,NaN,NaN,NaN,NaN,NaN,NaN,NaN,NaN,NaN,NaN,NaN,NaN,NaN,NaN,NaN,NaN,NaN,NaN
14879,14707,ImageProcessor_TPU,frame_processed,0,429,7,0.857156,75,0,NaN,NaN,NaN,NaN,NaN,NaN,NaN,NaN,NaN,NaN,NaN,NaN,NaN,NaN,NaN,NaN,NaN
14886,14714,ImageProcessor_Viz,frame_processed,0,429,7,0.344667,NaN,7,NaN,NaN,NaN,NaN,NaN,NaN,NaN,NaN,NaN,NaN,NaN,NaN,NaN,NaN,NaN,NaN,NaN
14898,14727,InferenceEngine,inference_complete,0,429,NaN,NaN,NaN,0,18.969,32.05,0.996066,13,NaN,NaN,NaN,NaN,NaN,NaN,NaN,NaN,NaN,NaN,NaN,NaN,NaN
14899,14877,Logic,frame_complete,-3955190986414698435,429,7,0.857156,75,0,18,32.05,0.996066,13,1.65242,-0.0128088,0.000174552,0.574327,0.453367,32.885,0,0,0,43,25.7769,48.5133,0
14911,14740,CameraCapture,frame_captured,0,430,7,0.142558,75,NaN,NaN,NaN,NaN,NaN,NaN,NaN,NaN,NaN,NaN,NaN,NaN,NaN,NaN,NaN,NaN,NaN,NaN
14912,14741,ImageProcessor_TPU,frame_processed,0,430,7,0.733687,75,0,NaN,NaN,NaN,NaN,NaN,NaN,NaN,NaN,NaN,NaN,NaN,NaN,NaN,NaN,NaN,NaN,NaN
14919,14748,ImageProcessor_Viz,frame_processed,0,430,7,0.336741,NaN,7,NaN,NaN,NaN,NaN,NaN,NaN,NaN,NaN,NaN,NaN,NaN,NaN,NaN,NaN,NaN,NaN,NaN
14932,14760,InferenceEngine,inference_complete,0,430,NaN,NaN,NaN,0,18.879,32.05,0.996066,13,NaN,NaN,NaN,NaN,NaN,NaN,NaN,NaN,NaN,NaN,NaN,NaN,NaN
14932,14911,Logic,frame_complete,-3955190986414698435,430,7,0.733687,75,0,19,32.05,0.996066,13,1.67,-0.00820477,-9.66191e-05,0.573415,0.453361,33.3,0,0,0,43,25.7769,48.5133,0
14944,14773,CameraCapture,frame_captured,0,431,7,0.155885,75,NaN,NaN,NaN,NaN,NaN,NaN,NaN,NaN,NaN,NaN,NaN,NaN,NaN,NaN,NaN,NaN,NaN,NaN
14945,14774,ImageProcessor_TPU,frame_processed,0,431,7,0.776015,75,0,NaN,NaN,NaN,NaN,NaN,NaN,NaN,NaN,NaN,NaN,NaN,NaN,NaN,NaN,NaN,NaN,NaN
14952,14781,ImageProcessor_Viz,frame_processed,0,431,7,0.327778,NaN,8,NaN,NaN,NaN,NaN,NaN,NaN,NaN,NaN,NaN,NaN,NaN,NaN,NaN,NaN,NaN,NaN,NaN
14965,14793,InferenceEngine,inference_complete,0,431,NaN,NaN,NaN,0,18.923,32.05,0.996066,13,NaN,NaN,NaN,NaN,NaN,NaN,NaN,NaN,NaN,NaN,NaN,NaN,NaN
14965,14944,Logic,frame_complete,-3955190986414698435,431,7,0.776015,75,0,19,32.05,0.996066,13,1.67703,-0.00719826,-9.70364e-05,0.572822,0.457391,32.861,0,0,0,43,25.7769,48.5133,0
14977,14806,CameraCapture,frame_captured,0,432,7,0.149842,75,NaN,NaN,NaN,NaN,NaN,NaN,NaN,NaN,NaN,NaN,NaN,NaN,NaN,NaN,NaN,NaN,NaN,NaN
14978,14807,ImageProcessor_TPU,frame_processed,0,432,7,0.750453,75,0,NaN,NaN,NaN,NaN,NaN,NaN,NaN,NaN,NaN,NaN,NaN,NaN,NaN,NaN,NaN,NaN,NaN
14985,14813,ImageProcessor_Viz,frame_processed,0,432,7,0.328,NaN,7,NaN,NaN,NaN,NaN,NaN,NaN,NaN,NaN,NaN,NaN,NaN,NaN,NaN,NaN,NaN,NaN,NaN
14997,14826,InferenceEngine,inference_complete,0,432,NaN,NaN,NaN,0,18.831,32.05,0.996066,13,NaN,NaN,NaN,NaN,NaN,NaN,NaN,NaN,NaN,NaN,NaN,NaN,NaN
14998,14977,Logic,frame_complete,-3955190986414698435,432,7,0.750453,75,0,19,32.05,0.996066,13,1.69087,-0.00522581,-9.7841e-05,0.571667,0.465274,32.235,0,0,0,43,25.7769,48.5133,0
15011,14840,CameraCapture,frame_captured,0,433,7,0.139873,75,NaN,NaN,NaN,NaN,NaN,NaN,NaN,NaN,NaN,NaN,NaN,NaN,NaN,NaN,NaN,NaN,NaN,NaN
15012,14841,ImageProcessor_TPU,frame_processed,0,433,7,0.757114,75,0,NaN,NaN,NaN,NaN,NaN,NaN,NaN,NaN,NaN,NaN,NaN,NaN,NaN,NaN,NaN,NaN,NaN
15019,14848,ImageProcessor_Viz,frame_processed,0,433,7,0.334907,NaN,8,NaN,NaN,NaN,NaN,NaN,NaN,NaN,NaN,NaN,NaN,NaN,NaN,NaN,NaN,NaN,NaN,NaN
15032,14860,InferenceEngine,inference_complete,0,433,NaN,NaN,NaN,0,18.832,32.05,0.996066,13,NaN,NaN,NaN,NaN,NaN,NaN,NaN,NaN,NaN,NaN,NaN,NaN,NaN
15032,15011,Logic,frame_complete,-3955190986414698435,433,7,0.757114,75,0,19,32.05,0.996066,13,1.67,-0.0107468,0.000106126,0.573452,0.452887,34.218,0,0,0,43,25.7769,48.5133,0
15044,14873,CameraCapture,frame_captured,0,434,7,0.142589,75,NaN,NaN,NaN,NaN,NaN,NaN,NaN,NaN,NaN,NaN,NaN,NaN,NaN,NaN,NaN,NaN,NaN,NaN
15045,14874,ImageProcessor_TPU,frame_processed,0,434,7,0.704256,75,0,NaN,NaN,NaN,NaN,NaN,NaN,NaN,NaN,NaN,NaN,NaN,NaN,NaN,NaN,NaN,NaN,NaN
15052,14881,ImageProcessor_Viz,frame_processed,0,434,7,0.324648,NaN,8,NaN,NaN,NaN,NaN,NaN,NaN,NaN,NaN,NaN,NaN,NaN,NaN,NaN,NaN,NaN,NaN,NaN
15065,14894,InferenceEngine,inference_complete,0,434,NaN,NaN,NaN,0,19.505,32.05,0.996066,13,NaN,NaN,NaN,NaN,NaN,NaN,NaN,NaN,NaN,NaN,NaN,NaN,NaN
15065,15044,Logic,frame_complete,-3955190986414698435,434,7,0.704256,75,0,20,32.05,0.996066,13,1.66224,-0.0118528,0.000105619,0.574113,0.448408,33.28,0,0,0,43,25.7769,48.5133,0
15077,14906,CameraCapture,frame_captured,0,435,7,0.146157,75,NaN,NaN,NaN,NaN,NaN,NaN,NaN,NaN,NaN,NaN,NaN,NaN,NaN,NaN,NaN,NaN,NaN,NaN
15079,14907,ImageProcessor_TPU,frame_processed,0,435,7,0.749528,75,0,NaN,NaN,NaN,NaN,NaN,NaN,NaN,NaN,NaN,NaN,NaN,NaN,NaN,NaN,NaN,NaN,NaN
15085,14914,ImageProcessor_Viz,frame_processed,0,435,7,0.335797,NaN,8,NaN,NaN,NaN,NaN,NaN,NaN,NaN,NaN,NaN,NaN,NaN,NaN,NaN,NaN,NaN,NaN,NaN
15100,14929,InferenceEngine,inference_complete,0,435,NaN,NaN,NaN,0,21.451,32.05,0.996066,13,NaN,NaN,NaN,NaN,NaN,NaN,NaN,NaN,NaN,NaN,NaN,NaN,NaN
15101,15077,Logic,frame_complete,-3955190986414698435,435,7,0.749528,75,0,22,32.05,0.996066,13,1.64627,-0.0141363,0.000104606,0.575488,0.439138,35.494,0,0,0,43,25.7769,48.5133,0
15110,14939,CameraCapture,frame_captured,0,436,7,0.152762,75,NaN,NaN,NaN,NaN,NaN,NaN,NaN,NaN,NaN,NaN,NaN,NaN,NaN,NaN,NaN,NaN,NaN,NaN
15112,14940,ImageProcessor_TPU,frame_processed,0,436,7,1.11271,75,0,NaN,NaN,NaN,NaN,NaN,NaN,NaN,NaN,NaN,NaN,NaN,NaN,NaN,NaN,NaN,NaN,NaN
15118,14947,ImageProcessor_Viz,frame_processed,0,436,7,0.343982,NaN,8,NaN,NaN,NaN,NaN,NaN,NaN,NaN,NaN,NaN,NaN,NaN,NaN,NaN,NaN,NaN,NaN,NaN
15132,14961,InferenceEngine,inference_complete,0,436,NaN,NaN,NaN,0,20.222,32.05,0.996066,13,NaN,NaN,NaN,NaN,NaN,NaN,NaN,NaN,NaN,NaN,NaN,NaN,NaN
15133,15110,Logic,frame_complete,-3955190986414698435,436,7,1.11271,75,0,20,32.05,0.996066,13,1.62299,-0.0174847,0.000103146,0.577538,0.42548,31.614,0,0,0,43,25.7769,48.5133,0
15145,14974,CameraCapture,frame_captured,0,437,7,0.19372,75,NaN,NaN,NaN,NaN,NaN,NaN,NaN,NaN,NaN,NaN,NaN,NaN,NaN,NaN,NaN,NaN,NaN,NaN
15146,14975,ImageProcessor_TPU,frame_processed,0,437,7,1.04781,75,1,NaN,NaN,NaN,NaN,NaN,NaN,NaN,NaN,NaN,NaN,NaN,NaN,NaN,NaN,NaN,NaN,NaN
15152,14981,ImageProcessor_Viz,frame_processed,0,437,7,0.346129,NaN,7,NaN,NaN,NaN,NaN,NaN,NaN,NaN,NaN,NaN,NaN,NaN,NaN,NaN,NaN,NaN,NaN,NaN
15169,14998,InferenceEngine,inference_complete,0,437,NaN,NaN,NaN,1,22.72,32.05,0.996066,13,NaN,NaN,NaN,NaN,NaN,NaN,NaN,NaN,NaN,NaN,NaN,NaN,NaN
15169,15145,Logic,frame_complete,-3955190986414698435,437,7,1.04781,75,1,23,32.05,0.996066,13,1.59121,-0.0220591,0.000101119,0.580421,0.406673,36.781,0,0,0,43,25.7769,48.5133,0
15178,15006,CameraCapture,frame_captured,0,438,7,0.176899,75,NaN,NaN,NaN,NaN,NaN,NaN,NaN,NaN,NaN,NaN,NaN,NaN,NaN,NaN,NaN,NaN,NaN,NaN
15179,15008,ImageProcessor_TPU,frame_processed,0,438,7,0.856084,75,1,NaN,NaN,NaN,NaN,NaN,NaN,NaN,NaN,NaN,NaN,NaN,NaN,NaN,NaN,NaN,NaN,NaN
15187,15016,ImageProcessor_Viz,frame_processed,0,438,7,0.379537,NaN,9,NaN,NaN,NaN,NaN,NaN,NaN,NaN,NaN,NaN,NaN,NaN,NaN,NaN,NaN,NaN,NaN,NaN
15202,15031,InferenceEngine,inference_complete,0,438,NaN,NaN,NaN,1,22.681,32.05,0.996066,13,NaN,NaN,NaN,NaN,NaN,NaN,NaN,NaN,NaN,NaN,NaN,NaN,NaN
15203,15177,Logic,frame_complete,-3955190986414698435,438,7,0.856084,75,1,22,32.05,0.996066,13,1.55181,-0.0276803,9.86159e-05,0.584139,0.383268,33.275,0,0,0,43,25.7769,48.5133,0
15211,15040,CameraCapture,frame_captured,0,439,7,0.319467,75,NaN,NaN,NaN,NaN,NaN,NaN,NaN,NaN,NaN,NaN,NaN,NaN,NaN,NaN,NaN,NaN,NaN,NaN
15212,15041,ImageProcessor_TPU,frame_processed,0,439,7,1.05197,75,0,NaN,NaN,NaN,NaN,NaN,NaN,NaN,NaN,NaN,NaN,NaN,NaN,NaN,NaN,NaN,NaN,NaN
15221,15049,ImageProcessor_Viz,frame_processed,0,439,7,0.395204,NaN,9,NaN,NaN,NaN,NaN,NaN,NaN,NaN,NaN,NaN,NaN,NaN,NaN,NaN,NaN,NaN,NaN,NaN
15236,15065,InferenceEngine,inference_complete,0,439,NaN,NaN,NaN,0,24.018,32.05,0.996066,13,NaN,NaN,NaN,NaN,NaN,NaN,NaN,NaN,NaN,NaN,NaN,NaN,NaN
15237,15211,Logic,frame_complete,-3955190986414698435,439,7,1.05197,75,0,24,32.05,0.996066,13,0,0,0,0.5,0.5,0,0,0,0,43,25.7769,48.5133,0
15245,15074,CameraCapture,frame_captured,0,440,7,0.180109,75,NaN,NaN,NaN,NaN,NaN,NaN,NaN,NaN,NaN,NaN,NaN,NaN,NaN,NaN,NaN,NaN,NaN,NaN
15246,15075,ImageProcessor_TPU,frame_processed,0,440,7,0.812072,75,0,NaN,NaN,NaN,NaN,NaN,NaN,NaN,NaN,NaN,NaN,NaN,NaN,NaN,NaN,NaN,NaN,NaN
15255,15084,ImageProcessor_Viz,frame_processed,0,440,7,0.374963,NaN,9,NaN,NaN,NaN,NaN,NaN,NaN,NaN,NaN,NaN,NaN,NaN,NaN,NaN,NaN,NaN,NaN,NaN
15267,15096,InferenceEngine,inference_complete,0,440,NaN,NaN,NaN,0,20.108,32.05,0.996066,13,NaN,NaN,NaN,NaN,NaN,NaN,NaN,NaN,NaN,NaN,NaN,NaN,NaN
15267,15245,Logic,frame_complete,-3955190986414698435,440,7,0.812072,75,0,21,32.05,0.996066,13,0,0,0,0.5,0.5,0,0,0,0,43,25.7769,48.5133,0
15277,15106,CameraCapture,frame_captured,0,441,7,0.148843,75,NaN,NaN,NaN,NaN,NaN,NaN,NaN,NaN,NaN,NaN,NaN,NaN,NaN,NaN,NaN,NaN,NaN,NaN
15278,15107,ImageProcessor_TPU,frame_processed,0,441,7,0.777788,75,0,NaN,NaN,NaN,NaN,NaN,NaN,NaN,NaN,NaN,NaN,NaN,NaN,NaN,NaN,NaN,NaN,NaN
15286,15114,ImageProcessor_Viz,frame_processed,0,441,7,0.348167,NaN,8,NaN,NaN,NaN,NaN,NaN,NaN,NaN,NaN,NaN,NaN,NaN,NaN,NaN,NaN,NaN,NaN,NaN
15298,15126,InferenceEngine,inference_complete,0,441,NaN,NaN,NaN,0,19.072,32.05,0.996066,13,NaN,NaN,NaN,NaN,NaN,NaN,NaN,NaN,NaN,NaN,NaN,NaN,NaN
15298,15277,Logic,frame_complete,-3955190986414698435,441,7,0.777788,75,0,19,32.05,0.996066,13,0,0,0,0.5,0.5,0,0,0,0,43,25.7769,48.5133,0
15311,15140,CameraCapture,frame_captured,0,442,7,0.147301,75,NaN,NaN,NaN,NaN,NaN,NaN,NaN,NaN,NaN,NaN,NaN,NaN,NaN,NaN,NaN,NaN,NaN,NaN
15312,15141,ImageProcessor_TPU,frame_processed,0,442,7,0.76806,75,0,NaN,NaN,NaN,NaN,NaN,NaN,NaN,NaN,NaN,NaN,NaN,NaN,NaN,NaN,NaN,NaN,NaN
15319,15148,ImageProcessor_Viz,frame_processed,0,442,7,0.342129,NaN,8,NaN,NaN,NaN,NaN,NaN,NaN,NaN,NaN,NaN,NaN,NaN,NaN,NaN,NaN,NaN,NaN,NaN
15333,15162,InferenceEngine,inference_complete,0,442,NaN,NaN,NaN,0,19.994,32.05,0.996066,13,NaN,NaN,NaN,NaN,NaN,NaN,NaN,NaN,NaN,NaN,NaN,NaN,NaN
15334,15311,Logic,frame_complete,-3955190986414698435,442,7,0.76806,75,0,20,32.05,0.996066,13,0,0,0,0.5,0.5,0,0,0,0,43,25.7769,48.5133,0
15343,15172,CameraCapture,frame_captured,0,443,7,0.147498,75,NaN,NaN,NaN,NaN,NaN,NaN,NaN,NaN,NaN,NaN,NaN,NaN,NaN,NaN,NaN,NaN,NaN,NaN
15344,15173,ImageProcessor_TPU,frame_processed,0,443,7,0.809831,75,1,NaN,NaN,NaN,NaN,NaN,NaN,NaN,NaN,NaN,NaN,NaN,NaN,NaN,NaN,NaN,NaN,NaN
15351,15180,ImageProcessor_Viz,frame_processed,0,443,7,0.343222,NaN,8,NaN,NaN,NaN,NaN,NaN,NaN,NaN,NaN,NaN,NaN,NaN,NaN,NaN,NaN,NaN,NaN,NaN
15364,15193,InferenceEngine,inference_complete,0,443,NaN,NaN,NaN,1,19.622,32.05,0.996066,13,NaN,NaN,NaN,NaN,NaN,NaN,NaN,NaN,NaN,NaN,NaN,NaN,NaN
15365,15343,Logic,frame_complete,-3955190986414698435,443,7,0.809831,75,1,20,32.05,0.996066,13,0,0,0,0.5,0.5,0,0,0,0,43,25.7769,48.5133,0
15377,15206,CameraCapture,frame_captured,0,444,7,0.230492,75,NaN,NaN,NaN,NaN,NaN,NaN,NaN,NaN,NaN,NaN,NaN,NaN,NaN,NaN,NaN,NaN,NaN,NaN
15378,15207,ImageProcessor_TPU,frame_processed,0,444,7,1.23947,75,0,NaN,NaN,NaN,NaN,NaN,NaN,NaN,NaN,NaN,NaN,NaN,NaN,NaN,NaN,NaN,NaN,NaN
15385,15213,ImageProcessor_Viz,frame_processed,0,444,7,0.355315,NaN,7,NaN,NaN,NaN,NaN,NaN,NaN,NaN,NaN,NaN,NaN,NaN,NaN,NaN,NaN,NaN,NaN,NaN
15398,15226,InferenceEngine,inference_complete,0,444,NaN,NaN,NaN,0,19.006,32.05,0.996066,13,NaN,NaN,NaN,NaN,NaN,NaN,NaN,NaN,NaN,NaN,NaN,NaN,NaN
15398,15377,Logic,frame_complete,-3955190986414698435,444,7,1.23947,75,0,19,32.05,0.996066,13,0,0,0,0.5,0.5,0,0,0,0,43,25.7769,48.5133,0
15410,15239,CameraCapture,frame_captured,0,445,7,0.139708,75,NaN,NaN,NaN,NaN,NaN,NaN,NaN,NaN,NaN,NaN,NaN,NaN,NaN,NaN,NaN,NaN,NaN,NaN
15412,15240,ImageProcessor_TPU,frame_processed,0,445,7,0.707357,75,0,NaN,NaN,NaN,NaN,NaN,NaN,NaN,NaN,NaN,NaN,NaN,NaN,NaN,NaN,NaN,NaN,NaN
15418,15247,ImageProcessor_Viz,frame_processed,0,445,7,0.348185,NaN,7,NaN,NaN,NaN,NaN,NaN,NaN,NaN,NaN,NaN,NaN,NaN,NaN,NaN,NaN,NaN,NaN,NaN
15425,15254,SystemMonitor,system_stats,0,NaN,NaN,NaN,NaN,NaN,NaN,NaN,NaN,NaN,NaN,NaN,NaN,NaN,NaN,NaN,NaN,NaN,NaN,45.2,26.7141,48.5486,0
15431,15260,InferenceEngine,inference_complete,0,445,NaN,NaN,NaN,0,18.952,32.05,0.996066,13,NaN,NaN,NaN,NaN,NaN,NaN,NaN,NaN,NaN,NaN,NaN,NaN,NaN
15431,15410,Logic,frame_complete,-3955190986414698435,445,7,0.707357,75,0,19,32.05,0.996066,13,0,0,0,0.5,0.5,0,0,0,0,45.2,26.7141,48.5486,0
15445,15273,CameraCapture,frame_captured,0,446,7,0.235795,75,NaN,NaN,NaN,NaN,NaN,NaN,NaN,NaN,NaN,NaN,NaN,NaN,NaN,NaN,NaN,NaN,NaN,NaN
15446,15275,ImageProcessor_TPU,frame_processed,0,446,7,1.2233,75,0,NaN,NaN,NaN,NaN,NaN,NaN,NaN,NaN,NaN,NaN,NaN,NaN,NaN,NaN,NaN,NaN,NaN
15452,15281,ImageProcessor_Viz,frame_processed,0,446,7,0.343963,NaN,7,NaN,NaN,NaN,NaN,NaN,NaN,NaN,NaN,NaN,NaN,NaN,NaN,NaN,NaN,NaN,NaN,NaN
15465,15294,InferenceEngine,inference_complete,0,446,NaN,NaN,NaN,0,18.639,32.05,0.996066,13,NaN,NaN,NaN,NaN,NaN,NaN,NaN,NaN,NaN,NaN,NaN,NaN,NaN
15466,15444,Logic,frame_complete,-3955190986414698435,446,7,1.2233,75,0,19,32.05,0.996066,13,0,0,0,0.5,0.5,0,0,0,0,45.2,26.7141,48.5486,0
15476,15305,CameraCapture,frame_captured,0,447,7,0.228011,75,NaN,NaN,NaN,NaN,NaN,NaN,NaN,NaN,NaN,NaN,NaN,NaN,NaN,NaN,NaN,NaN,NaN,NaN
15478,15307,ImageProcessor_TPU,frame_processed,0,447,7,1.15109,75,1,NaN,NaN,NaN,NaN,NaN,NaN,NaN,NaN,NaN,NaN,NaN,NaN,NaN,NaN,NaN,NaN,NaN
15484,15313,ImageProcessor_Viz,frame_processed,0,447,7,0.368407,NaN,8,NaN,NaN,NaN,NaN,NaN,NaN,NaN,NaN,NaN,NaN,NaN,NaN,NaN,NaN,NaN,NaN,NaN
15497,15326,InferenceEngine,inference_complete,0,447,NaN,NaN,NaN,1,18.661,32.05,0.996066,13,NaN,NaN,NaN,NaN,NaN,NaN,NaN,NaN,NaN,NaN,NaN,NaN,NaN
15497,15476,Logic,frame_complete,-3955190986414698435,447,7,1.15109,75,1,18,32.05,0.996066,13,0,0,0,0.5,0.5,0,0,0,0,45.2,26.7141,48.5486,0
15510,15339,CameraCapture,frame_captured,0,448,7,0.19019,75,NaN,NaN,NaN,NaN,NaN,NaN,NaN,NaN,NaN,NaN,NaN,NaN,NaN,NaN,NaN,NaN,NaN,NaN
15511,15340,ImageProcessor_TPU,frame_processed,0,448,7,0.780024,75,0,NaN,NaN,NaN,NaN,NaN,NaN,NaN,NaN,NaN,NaN,NaN,NaN,NaN,NaN,NaN,NaN,NaN
15519,15347,ImageProcessor_Viz,frame_processed,0,448,7,0.355908,NaN,7,NaN,NaN,NaN,NaN,NaN,NaN,NaN,NaN,NaN,NaN,NaN,NaN,NaN,NaN,NaN,NaN,NaN
15530,15359,InferenceEngine,inference_complete,0,448,NaN,NaN,NaN,0,18.554,32.05,0.996066,13,NaN,NaN,NaN,NaN,NaN,NaN,NaN,NaN,NaN,NaN,NaN,NaN,NaN
15530,15510,Logic,frame_complete,-3955190986414698435,448,7,0.780024,75,0,19,32.05,0.996066,13,0,0,0,0.5,0.5,0,0,0,0,45.2,26.7141,48.5486,0
15543,15372,CameraCapture,frame_captured,0,449,7,0.145591,75,NaN,NaN,NaN,NaN,NaN,NaN,NaN,NaN,NaN,NaN,NaN,NaN,NaN,NaN,NaN,NaN,NaN,NaN
15544,15373,ImageProcessor_TPU,frame_processed,0,449,7,0.706591,75,0,NaN,NaN,NaN,NaN,NaN,NaN,NaN,NaN,NaN,NaN,NaN,NaN,NaN,NaN,NaN,NaN,NaN
15554,15383,ImageProcessor_Viz,frame_processed,0,449,7,0.336907,NaN,10,NaN,NaN,NaN,NaN,NaN,NaN,NaN,NaN,NaN,NaN,NaN,NaN,NaN,NaN,NaN,NaN,NaN
15563,15392,InferenceEngine,inference_complete,0,449,NaN,NaN,NaN,0,18.606,32.05,0.996066,13,NaN,NaN,NaN,NaN,NaN,NaN,NaN,NaN,NaN,NaN,NaN,NaN,NaN
15564,15543,Logic,frame_complete,-3955190986414698435,449,7,0.706591,75,0,19,32.05,0.996066,13,0,0,0,0.5,0.5,0,0,0,0,45.2,26.7141,48.5486,0
15578,15407,CameraCapture,frame_captured,0,450,7,0.238363,75,NaN,NaN,NaN,NaN,NaN,NaN,NaN,NaN,NaN,NaN,NaN,NaN,NaN,NaN,NaN,NaN,NaN,NaN
15579,15408,ImageProcessor_TPU,frame_processed,0,450,7,0.884549,75,1,NaN,NaN,NaN,NaN,NaN,NaN,NaN,NaN,NaN,NaN,NaN,NaN,NaN,NaN,NaN,NaN,NaN
15586,15414,ImageProcessor_Viz,frame_processed,0,450,7,0.358038,NaN,7,NaN,NaN,NaN,NaN,NaN,NaN,NaN,NaN,NaN,NaN,NaN,NaN,NaN,NaN,NaN,NaN,NaN
15598,15427,InferenceEngine,inference_complete,0,450,NaN,NaN,NaN,1,18.952,32.05,0.996066,13,NaN,NaN,NaN,NaN,NaN,NaN,NaN,NaN,NaN,NaN,NaN,NaN,NaN
15598,15578,Logic,frame_complete,-3955190986414698435,450,7,0.884549,75,1,19,32.05,0.996066,13,0,0,0,0.5,0.5,0,0,0,0,45.2,26.7141,48.5486,0
15609,15438,CameraCapture,frame_captured,0,451,7,0.217819,75,NaN,NaN,NaN,NaN,NaN,NaN,NaN,NaN,NaN,NaN,NaN,NaN,NaN,NaN,NaN,NaN,NaN,NaN
15610,15439,ImageProcessor_TPU,frame_processed,0,451,7,0.786486,75,0,NaN,NaN,NaN,NaN,NaN,NaN,NaN,NaN,NaN,NaN,NaN,NaN,NaN,NaN,NaN,NaN,NaN
15618,15447,ImageProcessor_Viz,frame_processed,0,451,7,0.349333,NaN,8,NaN,NaN,NaN,NaN,NaN,NaN,NaN,NaN,NaN,NaN,NaN,NaN,NaN,NaN,NaN,NaN,NaN
15629,15458,InferenceEngine,inference_complete,0,451,NaN,NaN,NaN,0,18.893,32.05,0.996066,13,NaN,NaN,NaN,NaN,NaN,NaN,NaN,NaN,NaN,NaN,NaN,NaN,NaN
15630,15609,Logic,frame_complete,-3955190986414698435,451,7,0.786486,75,0,19,32.05,0.996066,13,0,0,0,0.5,0.5,0,0,0,0,45.2,26.7141,48.5486,0
15644,15472,CameraCapture,frame_captured,0,452,7,0.230258,75,NaN,NaN,NaN,NaN,NaN,NaN,NaN,NaN,NaN,NaN,NaN,NaN,NaN,NaN,NaN,NaN,NaN,NaN
15645,15474,ImageProcessor_TPU,frame_processed,0,452,7,1.2193,75,1,NaN,NaN,NaN,NaN,NaN,NaN,NaN,NaN,NaN,NaN,NaN,NaN,NaN,NaN,NaN,NaN,NaN
15651,15480,ImageProcessor_Viz,frame_processed,0,452,7,0.343426,NaN,7,NaN,NaN,NaN,NaN,NaN,NaN,NaN,NaN,NaN,NaN,NaN,NaN,NaN,NaN,NaN,NaN,NaN
15664,15493,InferenceEngine,inference_complete,0,452,NaN,NaN,NaN,1,18.892,32.05,0.996066,13,NaN,NaN,NaN,NaN,NaN,NaN,NaN,NaN,NaN,NaN,NaN,NaN,NaN
15665,15643,Logic,frame_complete,-3955190986414698435,452,7,1.2193,75,1,19,32.05,0.996066,13,0,0,0,0.5,0.5,0,0,0,0,45.2,26.7141,48.5486,0
15677,15506,CameraCapture,frame_captured,0,453,7,0.155159,75,NaN,NaN,NaN,NaN,NaN,NaN,NaN,NaN,NaN,NaN,NaN,NaN,NaN,NaN,NaN,NaN,NaN,NaN
15678,15507,ImageProcessor_TPU,frame_processed,0,453,7,0.728937,75,0,NaN,NaN,NaN,NaN,NaN,NaN,NaN,NaN,NaN,NaN,NaN,NaN,NaN,NaN,NaN,NaN,NaN
15685,15513,ImageProcessor_Viz,frame_processed,0,453,7,0.330593,NaN,7,NaN,NaN,NaN,NaN,NaN,NaN,NaN,NaN,NaN,NaN,NaN,NaN,NaN,NaN,NaN,NaN,NaN
15697,15526,InferenceEngine,inference_complete,0,453,NaN,NaN,NaN,0,18.711,32.05,0.996066,13,NaN,NaN,NaN,NaN,NaN,NaN,NaN,NaN,NaN,NaN,NaN,NaN,NaN
15697,15677,Logic,frame_complete,-3955190986414698435,453,7,0.728937,75,0,19,32.05,0.996066,13,0,0,0,0.5,0.5,0,0,0,0,45.2,26.7141,48.5486,0
15710,15539,CameraCapture,frame_captured,0,454,7,0.153524,75,NaN,NaN,NaN,NaN,NaN,NaN,NaN,NaN,NaN,NaN,NaN,NaN,NaN,NaN,NaN,NaN,NaN,NaN
15711,15540,ImageProcessor_TPU,frame_processed,0,454,7,0.774653,75,0,NaN,NaN,NaN,NaN,NaN,NaN,NaN,NaN,NaN,NaN,NaN,NaN,NaN,NaN,NaN,NaN,NaN
15718,15547,ImageProcessor_Viz,frame_processed,0,454,7,0.3415,NaN,7,NaN,NaN,NaN,NaN,NaN,NaN,NaN,NaN,NaN,NaN,NaN,NaN,NaN,NaN,NaN,NaN,NaN
15730,15559,InferenceEngine,inference_complete,0,454,NaN,NaN,NaN,0,18.771,32.05,0.996066,13,NaN,NaN,NaN,NaN,NaN,NaN,NaN,NaN,NaN,NaN,NaN,NaN,NaN
15731,15710,Logic,frame_complete,-3955190986414698435,454,7,0.774653,75,0,19,32.05,0.996066,13,0,0,0,0.5,0.5,0,0,0,0,45.2,26.7141,48.5486,0
15744,15572,CameraCapture,frame_captured,0,455,7,0.147425,75,NaN,NaN,NaN,NaN,NaN,NaN,NaN,NaN,NaN,NaN,NaN,NaN,NaN,NaN,NaN,NaN,NaN,NaN
15745,15574,ImageProcessor_TPU,frame_processed,0,455,7,0.772555,75,1,NaN,NaN,NaN,NaN,NaN,NaN,NaN,NaN,NaN,NaN,NaN,NaN,NaN,NaN,NaN,NaN,NaN
15753,15581,ImageProcessor_Viz,frame_processed,0,455,7,0.346296,NaN,8,NaN,NaN,NaN,NaN,NaN,NaN,NaN,NaN,NaN,NaN,NaN,NaN,NaN,NaN,NaN,NaN,NaN
15764,15593,InferenceEngine,inference_complete,0,455,NaN,NaN,NaN,1,19.102,32.05,0.996066,13,NaN,NaN,NaN,NaN,NaN,NaN,NaN,NaN,NaN,NaN,NaN,NaN,NaN
15765,15743,Logic,frame_complete,-3955190986414698435,455,7,0.772555,75,1,19,32.05,0.996066,13,0,0,0,0.5,0.5,0,0,0,0,45.2,26.7141,48.5486,0
15777,15605,CameraCapture,frame_captured,0,456,7,0.144789,75,NaN,NaN,NaN,NaN,NaN,NaN,NaN,NaN,NaN,NaN,NaN,NaN,NaN,NaN,NaN,NaN,NaN,NaN
15778,15607,ImageProcessor_TPU,frame_processed,0,456,7,0.772641,75,1,NaN,NaN,NaN,NaN,NaN,NaN,NaN,NaN,NaN,NaN,NaN,NaN,NaN,NaN,NaN,NaN,NaN
15784,15613,ImageProcessor_Viz,frame_processed,0,456,7,0.342018,NaN,7,NaN,NaN,NaN,NaN,NaN,NaN,NaN,NaN,NaN,NaN,NaN,NaN,NaN,NaN,NaN,NaN,NaN
15797,15626,InferenceEngine,inference_complete,0,456,NaN,NaN,NaN,1,18.82,32.05,0.996066,13,NaN,NaN,NaN,NaN,NaN,NaN,NaN,NaN,NaN,NaN,NaN,NaN,NaN
15797,15776,Logic,frame_complete,-3955190986414698435,456,7,0.772641,75,1,19,32.05,0.996066,13,0,0,0,0.5,0.5,0,0,0,0,45.2,26.7141,48.5486,0
15810,15639,CameraCapture,frame_captured,0,457,7,0.143635,75,NaN,NaN,NaN,NaN,NaN,NaN,NaN,NaN,NaN,NaN,NaN,NaN,NaN,NaN,NaN,NaN,NaN,NaN
15811,15640,ImageProcessor_TPU,frame_processed,0,457,7,0.718931,75,0,NaN,NaN,NaN,NaN,NaN,NaN,NaN,NaN,NaN,NaN,NaN,NaN,NaN,NaN,NaN,NaN,NaN
15819,15648,ImageProcessor_Viz,frame_processed,0,457,7,0.335297,NaN,9,NaN,NaN,NaN,NaN,NaN,NaN,NaN,NaN,NaN,NaN,NaN,NaN,NaN,NaN,NaN,NaN,NaN
15830,15659,InferenceEngine,inference_complete,0,457,NaN,NaN,NaN,0,18.739,32.05,0.996066,13,NaN,NaN,NaN,NaN,NaN,NaN,NaN,NaN,NaN,NaN,NaN,NaN,NaN
15830,15810,Logic,frame_complete,-3955190986414698435,457,7,0.718931,75,0,19,32.05,0.996066,13,0,0,0,0.5,0.5,0,0,0,0,45.2,26.7141,48.5486,0
15843,15672,CameraCapture,frame_captured,0,458,7,0.139666,75,NaN,NaN,NaN,NaN,NaN,NaN,NaN,NaN,NaN,NaN,NaN,NaN,NaN,NaN,NaN,NaN,NaN,NaN
15846,15675,ImageProcessor_TPU,frame_processed,0,458,7,0.704499,75,2,NaN,NaN,NaN,NaN,NaN,NaN,NaN,NaN,NaN,NaN,NaN,NaN,NaN,NaN,NaN,NaN,NaN
15851,15680,ImageProcessor_Viz,frame_processed,0,458,7,0.346796,NaN,7,NaN,NaN,NaN,NaN,NaN,NaN,NaN,NaN,NaN,NaN,NaN,NaN,NaN,NaN,NaN,NaN,NaN
15866,15695,InferenceEngine,inference_complete,0,458,NaN,NaN,NaN,2,19.658,32.05,0.996066,13,NaN,NaN,NaN,NaN,NaN,NaN,NaN,NaN,NaN,NaN,NaN,NaN,NaN
15866,15843,Logic,frame_complete,-3955190986414698435,458,7,0.704499,75,2,20,32.05,0.996066,13,0,0,0,0.5,0.5,0,0,0,0,45.2,26.7141,48.5486,0
15877,15706,CameraCapture,frame_captured,0,459,7,0.245938,75,NaN,NaN,NaN,NaN,NaN,NaN,NaN,NaN,NaN,NaN,NaN,NaN,NaN,NaN,NaN,NaN,NaN,NaN
15879,15707,ImageProcessor_TPU,frame_processed,0,459,7,0.891123,75,0,NaN,NaN,NaN,NaN,NaN,NaN,NaN,NaN,NaN,NaN,NaN,NaN,NaN,NaN,NaN,NaN,NaN
15885,15714,ImageProcessor_Viz,frame_processed,0,459,7,0.349297,NaN,7,NaN,NaN,NaN,NaN,NaN,NaN,NaN,NaN,NaN,NaN,NaN,NaN,NaN,NaN,NaN,NaN,NaN
15898,15727,InferenceEngine,inference_complete,0,459,NaN,NaN,NaN,0,18.824,32.05,0.996066,13,NaN,NaN,NaN,NaN,NaN,NaN,NaN,NaN,NaN,NaN,NaN,NaN,NaN
15898,15877,Logic,frame_complete,-3955190986414698435,459,7,0.891123,75,0,18,32.05,0.996066,13,0,0,0,0.5,0.5,0,0,0,0,45.2,26.7141,48.5486,0
15910,15739,CameraCapture,frame_captured,0,460,7,0.14895,75,NaN,NaN,NaN,NaN,NaN,NaN,NaN,NaN,NaN,NaN,NaN,NaN,NaN,NaN,NaN,NaN,NaN,NaN
15911,15740,ImageProcessor_TPU,frame_processed,0,460,7,0.856635,75,1,NaN,NaN,NaN,NaN,NaN,NaN,NaN,NaN,NaN,NaN,NaN,NaN,NaN,NaN,NaN,NaN,NaN
15917,15746,ImageProcessor_Viz,frame_processed,0,460,7,0.33074,NaN,7,NaN,NaN,NaN,NaN,NaN,NaN,NaN,NaN,NaN,NaN,NaN,NaN,NaN,NaN,NaN,NaN,NaN
15930,15759,InferenceEngine,inference_complete,0,460,NaN,NaN,NaN,1,18.808,32.05,0.996066,13,NaN,NaN,NaN,NaN,NaN,NaN,NaN,NaN,NaN,NaN,NaN,NaN,NaN
15930,15910,Logic,frame_complete,-3955190986414698435,460,7,0.856635,75,1,19,32.05,0.996066,13,0,0,0,0.5,0.5,0,0,0,0,45.2,26.7141,48.5486,0
15943,15772,CameraCapture,frame_captured,0,461,7,0.184536,75,NaN,NaN,NaN,NaN,NaN,NaN,NaN,NaN,NaN,NaN,NaN,NaN,NaN,NaN,NaN,NaN,NaN,NaN
15944,15773,ImageProcessor_TPU,frame_processed,0,461,7,0.761518,75,0,NaN,NaN,NaN,NaN,NaN,NaN,NaN,NaN,NaN,NaN,NaN,NaN,NaN,NaN,NaN,NaN,NaN
15952,15781,ImageProcessor_Viz,frame_processed,0,461,7,0.333389,NaN,8,NaN,NaN,NaN,NaN,NaN,NaN,NaN,NaN,NaN,NaN,NaN,NaN,NaN,NaN,NaN,NaN,NaN
15963,15792,InferenceEngine,inference_complete,0,461,NaN,NaN,NaN,0,18.712,32.05,0.996066,13,NaN,NaN,NaN,NaN,NaN,NaN,NaN,NaN,NaN,NaN,NaN,NaN,NaN
15963,15943,Logic,frame_complete,-3955190986414698435,461,7,0.761518,75,0,19,32.05,0.996066,13,0,0,0,0.5,0.5,0,0,0,0,45.2,26.7141,48.5486,0
15978,15806,CameraCapture,frame_captured,0,462,7,0.141993,75,NaN,NaN,NaN,NaN,NaN,NaN,NaN,NaN,NaN,NaN,NaN,NaN,NaN,NaN,NaN,NaN,NaN,NaN
15979,15808,ImageProcessor_TPU,frame_processed,0,462,7,1.07738,75,1,NaN,NaN,NaN,NaN,NaN,NaN,NaN,NaN,NaN,NaN,NaN,NaN,NaN,NaN,NaN,NaN,NaN
15985,15814,ImageProcessor_Viz,frame_processed,0,462,7,0.341222,NaN,7,NaN,NaN,NaN,NaN,NaN,NaN,NaN,NaN,NaN,NaN,NaN,NaN,NaN,NaN,NaN,NaN,NaN
15998,15827,InferenceEngine,inference_complete,0,462,NaN,NaN,NaN,1,18.585,32.05,0.996066,13,NaN,NaN,NaN,NaN,NaN,NaN,NaN,NaN,NaN,NaN,NaN,NaN,NaN
15998,15977,Logic,frame_complete,-3955190986414698435,462,7,1.07738,75,1,19,32.05,0.996066,13,0,0,0,0.5,0.5,0,0,0,0,45.2,26.7141,48.5486,0
16010,15838,CameraCapture,frame_captured,0,463,7,0.149246,75,NaN,NaN,NaN,NaN,NaN,NaN,NaN,NaN,NaN,NaN,NaN,NaN,NaN,NaN,NaN,NaN,NaN,NaN
16011,15839,ImageProcessor_TPU,frame_processed,0,463,7,0.780394,75,0,NaN,NaN,NaN,NaN,NaN,NaN,NaN,NaN,NaN,NaN,NaN,NaN,NaN,NaN,NaN,NaN,NaN
16017,15846,ImageProcessor_Viz,frame_processed,0,463,7,0.346444,NaN,7,NaN,NaN,NaN,NaN,NaN,NaN,NaN,NaN,NaN,NaN,NaN,NaN,NaN,NaN,NaN,NaN,NaN
16030,15858,InferenceEngine,inference_complete,0,463,NaN,NaN,NaN,0,18.663,32.05,0.996066,13,NaN,NaN,NaN,NaN,NaN,NaN,NaN,NaN,NaN,NaN,NaN,NaN,NaN
16030,16009,Logic,frame_complete,-3955190986414698435,463,7,0.780394,75,0,18,32.05,0.996066,13,0,0,0,0.5,0.5,0,0,0,0,45.2,26.7141,48.5486,0
16044,15872,CameraCapture,frame_captured,0,464,7,0.143518,75,NaN,NaN,NaN,NaN,NaN,NaN,NaN,NaN,NaN,NaN,NaN,NaN,NaN,NaN,NaN,NaN,NaN,NaN
16045,15874,ImageProcessor_TPU,frame_processed,0,464,7,0.783925,75,1,NaN,NaN,NaN,NaN,NaN,NaN,NaN,NaN,NaN,NaN,NaN,NaN,NaN,NaN,NaN,NaN,NaN
16051,15880,ImageProcessor_Viz,frame_processed,0,464,7,0.329963,NaN,7,NaN,NaN,NaN,NaN,NaN,NaN,NaN,NaN,NaN,NaN,NaN,NaN,NaN,NaN,NaN,NaN,NaN
16064,15892,InferenceEngine,inference_complete,0,464,NaN,NaN,NaN,1,18.645,32.05,0.996066,13,NaN,NaN,NaN,NaN,NaN,NaN,NaN,NaN,NaN,NaN,NaN,NaN,NaN
16064,16043,Logic,frame_complete,-3955190986414698435,464,7,0.783925,75,1,18,32.05,0.996066,13,0,0,0,0.5,0.5,0,0,0,0,45.2,26.7141,48.5486,0
16077,15906,CameraCapture,frame_captured,0,465,7,0.260364,75,NaN,NaN,NaN,NaN,NaN,NaN,NaN,NaN,NaN,NaN,NaN,NaN,NaN,NaN,NaN,NaN,NaN,NaN
16079,15907,ImageProcessor_TPU,frame_processed,0,465,7,1.01642,75,0,NaN,NaN,NaN,NaN,NaN,NaN,NaN,NaN,NaN,NaN,NaN,NaN,NaN,NaN,NaN,NaN,NaN
16085,15913,ImageProcessor_Viz,frame_processed,0,465,7,0.354148,NaN,7,NaN,NaN,NaN,NaN,NaN,NaN,NaN,NaN,NaN,NaN,NaN,NaN,NaN,NaN,NaN,NaN,NaN
16098,15927,InferenceEngine,inference_complete,0,465,NaN,NaN,NaN,0,18.813,32.05,0.996066,13,NaN,NaN,NaN,NaN,NaN,NaN,NaN,NaN,NaN,NaN,NaN,NaN,NaN
16098,16077,Logic,frame_complete,-3955190986414698435,465,7,1.01642,75,0,18,32.05,0.996066,13,0,0,0,0.5,0.5,0,0,0,0,45.2,26.7141,48.5486,0
16110,15939,CameraCapture,frame_captured,0,466,7,0.143283,75,NaN,NaN,NaN,NaN,NaN,NaN,NaN,NaN,NaN,NaN,NaN,NaN,NaN,NaN,NaN,NaN,NaN,NaN
16111,15940,ImageProcessor_TPU,frame_processed,0,466,7,1.09441,75,0,NaN,NaN,NaN,NaN,NaN,NaN,NaN,NaN,NaN,NaN,NaN,NaN,NaN,NaN,NaN,NaN,NaN
16118,15947,ImageProcessor_Viz,frame_processed,0,466,7,0.339426,NaN,8,NaN,NaN,NaN,NaN,NaN,NaN,NaN,NaN,NaN,NaN,NaN,NaN,NaN,NaN,NaN,NaN,NaN
16131,15959,InferenceEngine,inference_complete,0,466,NaN,NaN,NaN,0,18.87,32.05,0.996066,13,NaN,NaN,NaN,NaN,NaN,NaN,NaN,NaN,NaN,NaN,NaN,NaN,NaN
16131,16110,Logic,frame_complete,-3955190986414698435,466,7,1.09441,75,0,19,32.05,0.996066,13,0,0,0,0.5,0.5,0,0,0,0,45.2,26.7141,48.5486,0
16143,15971,CameraCapture,frame_captured,0,467,7,0.13974,75,NaN,NaN,NaN,NaN,NaN,NaN,NaN,NaN,NaN,NaN,NaN,NaN,NaN,NaN,NaN,NaN,NaN,NaN
16144,15972,ImageProcessor_TPU,frame_processed,0,467,7,0.711277,75,0,NaN,NaN,NaN,NaN,NaN,NaN,NaN,NaN,NaN,NaN,NaN,NaN,NaN,NaN,NaN,NaN,NaN
16151,15980,ImageProcessor_Viz,frame_processed,0,467,7,0.333908,NaN,8,NaN,NaN,NaN,NaN,NaN,NaN,NaN,NaN,NaN,NaN,NaN,NaN,NaN,NaN,NaN,NaN,NaN
16163,15991,InferenceEngine,inference_complete,0,467,NaN,NaN,NaN,0,18.669,32.05,0.996066,13,NaN,NaN,NaN,NaN,NaN,NaN,NaN,NaN,NaN,NaN,NaN,NaN,NaN
16163,16142,Logic,frame_complete,-3955190986414698435,467,7,0.711277,75,0,18,32.05,0.996066,13,0,0,0,0.5,0.5,0,0,0,0,45.2,26.7141,48.5486,0
16177,16005,CameraCapture,frame_captured,0,468,7,0.233067,75,NaN,NaN,NaN,NaN,NaN,NaN,NaN,NaN,NaN,NaN,NaN,NaN,NaN,NaN,NaN,NaN,NaN,NaN
16178,16007,ImageProcessor_TPU,frame_processed,0,468,7,0.890123,75,1,NaN,NaN,NaN,NaN,NaN,NaN,NaN,NaN,NaN,NaN,NaN,NaN,NaN,NaN,NaN,NaN,NaN
16184,16013,ImageProcessor_Viz,frame_processed,0,468,7,0.364797,NaN,7,NaN,NaN,NaN,NaN,NaN,NaN,NaN,NaN,NaN,NaN,NaN,NaN,NaN,NaN,NaN,NaN,NaN
16197,16026,InferenceEngine,inference_complete,0,468,NaN,NaN,NaN,1,18.752,32.05,0.996066,13,NaN,NaN,NaN,NaN,NaN,NaN,NaN,NaN,NaN,NaN,NaN,NaN,NaN
16197,16176,Logic,frame_complete,-3955190986414698435,468,7,0.890123,75,1,19,32.05,0.996066,13,0,0,0,0.5,0.5,0,0,0,0,45.2,26.7141,48.5486,0
16210,16039,CameraCapture,frame_captured,0,469,7,0.233746,75,NaN,NaN,NaN,NaN,NaN,NaN,NaN,NaN,NaN,NaN,NaN,NaN,NaN,NaN,NaN,NaN,NaN,NaN
16211,16040,ImageProcessor_TPU,frame_processed,0,469,7,0.824858,75,1,NaN,NaN,NaN,NaN,NaN,NaN,NaN,NaN,NaN,NaN,NaN,NaN,NaN,NaN,NaN,NaN,NaN
16218,16047,ImageProcessor_Viz,frame_processed,0,469,7,0.359815,NaN,7,NaN,NaN,NaN,NaN,NaN,NaN,NaN,NaN,NaN,NaN,NaN,NaN,NaN,NaN,NaN,NaN,NaN
16230,16059,InferenceEngine,inference_complete,0,469,NaN,NaN,NaN,1,18.623,32.05,0.996066,13,NaN,NaN,NaN,NaN,NaN,NaN,NaN,NaN,NaN,NaN,NaN,NaN,NaN
16230,16210,Logic,frame_complete,-3955190986414698435,469,7,0.824858,75,1,18,32.05,0.996066,13,0,0,0,0.5,0.5,0,0,0,0,45.2,26.7141,48.5486,0
16243,16072,CameraCapture,frame_captured,0,470,7,0.157851,75,NaN,NaN,NaN,NaN,NaN,NaN,NaN,NaN,NaN,NaN,NaN,NaN,NaN,NaN,NaN,NaN,NaN,NaN
16244,16073,ImageProcessor_TPU,frame_processed,0,470,7,0.764203,75,0,NaN,NaN,NaN,NaN,NaN,NaN,NaN,NaN,NaN,NaN,NaN,NaN,NaN,NaN,NaN,NaN,NaN
16251,16080,ImageProcessor_Viz,frame_processed,0,470,7,0.333815,NaN,8,NaN,NaN,NaN,NaN,NaN,NaN,NaN,NaN,NaN,NaN,NaN,NaN,NaN,NaN,NaN,NaN,NaN
16264,16092,InferenceEngine,inference_complete,0,470,NaN,NaN,NaN,0,18.804,32.05,0.996066,13,NaN,NaN,NaN,NaN,NaN,NaN,NaN,NaN,NaN,NaN,NaN,NaN,NaN
16264,16243,Logic,frame_complete,-3955190986414698435,470,7,0.764203,75,0,19,32.05,0.996066,13,0,0,0,0.5,0.5,0,0,0,0,45.2,26.7141,48.5486,0
16276,16105,CameraCapture,frame_captured,0,471,7,0.151419,75,NaN,NaN,NaN,NaN,NaN,NaN,NaN,NaN,NaN,NaN,NaN,NaN,NaN,NaN,NaN,NaN,NaN,NaN
16277,16106,ImageProcessor_TPU,frame_processed,0,471,7,0.91153,75,0,NaN,NaN,NaN,NaN,NaN,NaN,NaN,NaN,NaN,NaN,NaN,NaN,NaN,NaN,NaN,NaN,NaN
16284,16112,ImageProcessor_Viz,frame_processed,0,471,7,0.445908,NaN,7,NaN,NaN,NaN,NaN,NaN,NaN,NaN,NaN,NaN,NaN,NaN,NaN,NaN,NaN,NaN,NaN,NaN
16296,16125,InferenceEngine,inference_complete,0,471,NaN,NaN,NaN,0,18.7,32.05,0.996066,13,NaN,NaN,NaN,NaN,NaN,NaN,NaN,NaN,NaN,NaN,NaN,NaN,NaN
16296,16276,Logic,frame_complete,-3955190986414698435,471,7,0.91153,75,0,19,32.05,0.996066,13,0,0,0,0.5,0.5,0,0,0,0,45.2,26.7141,48.5486,0
16310,16139,CameraCapture,frame_captured,0,472,7,0.229469,75,NaN,NaN,NaN,NaN,NaN,NaN,NaN,NaN,NaN,NaN,NaN,NaN,NaN,NaN,NaN,NaN,NaN,NaN
16311,16140,ImageProcessor_TPU,frame_processed,0,472,7,1.18225,75,0,NaN,NaN,NaN,NaN,NaN,NaN,NaN,NaN,NaN,NaN,NaN,NaN,NaN,NaN,NaN,NaN,NaN
16317,16146,ImageProcessor_Viz,frame_processed,0,472,7,0.343778,NaN,7,NaN,NaN,NaN,NaN,NaN,NaN,NaN,NaN,NaN,NaN,NaN,NaN,NaN,NaN,NaN,NaN,NaN
16330,16159,InferenceEngine,inference_complete,0,472,NaN,NaN,NaN,0,18.713,32.05,0.996066,13,NaN,NaN,NaN,NaN,NaN,NaN,NaN,NaN,NaN,NaN,NaN,NaN,NaN
16330,16310,Logic,frame_complete,-3955190986414698435,472,7,1.18225,75,0,19,32.05,0.996066,13,0,0,0,0.5,0.5,0,0,0,0,45.2,26.7141,48.5486,0
16344,16173,CameraCapture,frame_captured,0,473,7,0.146685,75,NaN,NaN,NaN,NaN,NaN,NaN,NaN,NaN,NaN,NaN,NaN,NaN,NaN,NaN,NaN,NaN,NaN,NaN
16345,16174,ImageProcessor_TPU,frame_processed,0,473,7,0.764259,75,0,NaN,NaN,NaN,NaN,NaN,NaN,NaN,NaN,NaN,NaN,NaN,NaN,NaN,NaN,NaN,NaN,NaN
16352,16181,ImageProcessor_Viz,frame_processed,0,473,7,0.332222,NaN,8,NaN,NaN,NaN,NaN,NaN,NaN,NaN,NaN,NaN,NaN,NaN,NaN,NaN,NaN,NaN,NaN,NaN
16364,16193,InferenceEngine,inference_complete,0,473,NaN,NaN,NaN,0,18.839,32.05,0.996066,13,NaN,NaN,NaN,NaN,NaN,NaN,NaN,NaN,NaN,NaN,NaN,NaN,NaN
16365,16344,Logic,frame_complete,-3955190986414698435,473,7,0.764259,75,0,19,32.05,0.996066,13,0,0,0,0.5,0.5,0,0,0,0,45.2,26.7141,48.5486,0
16376,16205,CameraCapture,frame_captured,0,474,7,0.140512,75,NaN,NaN,NaN,NaN,NaN,NaN,NaN,NaN,NaN,NaN,NaN,NaN,NaN,NaN,NaN,NaN,NaN,NaN
16378,16207,ImageProcessor_TPU,frame_processed,0,474,7,1.06805,75,1,NaN,NaN,NaN,NaN,NaN,NaN,NaN,NaN,NaN,NaN,NaN,NaN,NaN,NaN,NaN,NaN,NaN
16384,16213,ImageProcessor_Viz,frame_processed,0,474,7,0.338204,NaN,7,NaN,NaN,NaN,NaN,NaN,NaN,NaN,NaN,NaN,NaN,NaN,NaN,NaN,NaN,NaN,NaN,NaN
16397,16226,InferenceEngine,inference_complete,0,474,NaN,NaN,NaN,1,18.65,32.05,0.996066,13,NaN,NaN,NaN,NaN,NaN,NaN,NaN,NaN,NaN,NaN,NaN,NaN,NaN
16397,16376,Logic,frame_complete,-3955190986414698435,474,7,1.06805,75,1,19,32.05,0.996066,13,0,0,0,0.5,0.5,0,0,0,0,45.2,26.7141,48.5486,0
16409,16238,CameraCapture,frame_captured,0,475,7,0.140339,75,NaN,NaN,NaN,NaN,NaN,NaN,NaN,NaN,NaN,NaN,NaN,NaN,NaN,NaN,NaN,NaN,NaN,NaN
16410,16239,ImageProcessor_TPU,frame_processed,0,475,7,0.720672,75,0,NaN,NaN,NaN,NaN,NaN,NaN,NaN,NaN,NaN,NaN,NaN,NaN,NaN,NaN,NaN,NaN,NaN
16417,16245,ImageProcessor_Viz,frame_processed,0,475,7,0.336222,NaN,7,NaN,NaN,NaN,NaN,NaN,NaN,NaN,NaN,NaN,NaN,NaN,NaN,NaN,NaN,NaN,NaN,NaN
16429,16258,InferenceEngine,inference_complete,0,475,NaN,NaN,NaN,0,18.818,32.05,0.996066,13,NaN,NaN,NaN,NaN,NaN,NaN,NaN,NaN,NaN,NaN,NaN,NaN,NaN
16430,16409,Logic,frame_complete,-3955190986414698435,475,7,0.720672,75,0,19,32.05,0.996066,13,0,0,0,0.5,0.5,0,0,0,0,45.2,26.7141,48.5486,0
16443,16272,CameraCapture,frame_captured,0,476,7,0.138814,75,NaN,NaN,NaN,NaN,NaN,NaN,NaN,NaN,NaN,NaN,NaN,NaN,NaN,NaN,NaN,NaN,NaN,NaN
16445,16274,ImageProcessor_TPU,frame_processed,0,476,7,1.0672,75,0,NaN,NaN,NaN,NaN,NaN,NaN,NaN,NaN,NaN,NaN,NaN,NaN,NaN,NaN,NaN,NaN,NaN
16451,16279,ImageProcessor_Viz,frame_processed,0,476,7,0.334111,NaN,7,NaN,NaN,NaN,NaN,NaN,NaN,NaN,NaN,NaN,NaN,NaN,NaN,NaN,NaN,NaN,NaN,NaN
16464,16293,InferenceEngine,inference_complete,0,476,NaN,NaN,NaN,0,18.746,32.05,0.996066,13,NaN,NaN,NaN,NaN,NaN,NaN,NaN,NaN,NaN,NaN,NaN,NaN,NaN
16464,16443,Logic,frame_complete,-3955190986414698435,476,7,1.0672,75,0,18,32.05,0.996066,13,0,0,0,0.5,0.5,0,0,0,0,45.2,26.7141,48.5486,0
16476,16305,CameraCapture,frame_captured,0,477,7,0.144327,75,NaN,NaN,NaN,NaN,NaN,NaN,NaN,NaN,NaN,NaN,NaN,NaN,NaN,NaN,NaN,NaN,NaN,NaN
16478,16307,ImageProcessor_TPU,frame_processed,0,477,7,0.733605,75,1,NaN,NaN,NaN,NaN,NaN,NaN,NaN,NaN,NaN,NaN,NaN,NaN,NaN,NaN,NaN,NaN,NaN
16484,16313,ImageProcessor_Viz,frame_processed,0,477,7,0.345315,NaN,7,NaN,NaN,NaN,NaN,NaN,NaN,NaN,NaN,NaN,NaN,NaN,NaN,NaN,NaN,NaN,NaN,NaN
16497,16326,InferenceEngine,inference_complete,0,477,NaN,NaN,NaN,1,18.762,32.05,0.996066,13,NaN,NaN,NaN,NaN,NaN,NaN,NaN,NaN,NaN,NaN,NaN,NaN,NaN
16498,16476,Logic,frame_complete,-3955190986414698435,477,7,0.733605,75,1,19,32.05,0.996066,13,0,0,0,0.5,0.5,0,0,0,0,45.2,26.7141,48.5486,0
16510,16339,CameraCapture,frame_captured,0,478,7,0.231987,75,NaN,NaN,NaN,NaN,NaN,NaN,NaN,NaN,NaN,NaN,NaN,NaN,NaN,NaN,NaN,NaN,NaN,NaN
16511,16340,ImageProcessor_TPU,frame_processed,0,478,7,0.825987,75,1,NaN,NaN,NaN,NaN,NaN,NaN,NaN,NaN,NaN,NaN,NaN,NaN,NaN,NaN,NaN,NaN,NaN
16518,16346,ImageProcessor_Viz,frame_processed,0,478,7,0.344297,NaN,7,NaN,NaN,NaN,NaN,NaN,NaN,NaN,NaN,NaN,NaN,NaN,NaN,NaN,NaN,NaN,NaN,NaN
16530,16359,InferenceEngine,inference_complete,0,478,NaN,NaN,NaN,1,18.597,32.05,0.996066,13,NaN,NaN,NaN,NaN,NaN,NaN,NaN,NaN,NaN,NaN,NaN,NaN,NaN
16530,16510,Logic,frame_complete,-3955190986414698435,478,7,0.825987,75,1,18,32.05,0.996066,13,0,0,0,0.5,0.5,0,0,0,0,45.2,26.7141,48.5486,0
16542,16371,CameraCapture,frame_captured,0,479,7,0.184777,75,NaN,NaN,NaN,NaN,NaN,NaN,NaN,NaN,NaN,NaN,NaN,NaN,NaN,NaN,NaN,NaN,NaN,NaN
16544,16373,ImageProcessor_TPU,frame_processed,0,479,7,1.10567,75,1,NaN,NaN,NaN,NaN,NaN,NaN,NaN,NaN,NaN,NaN,NaN,NaN,NaN,NaN,NaN,NaN,NaN
16553,16382,ImageProcessor_Viz,frame_processed,0,479,7,0.333889,NaN,10,NaN,NaN,NaN,NaN,NaN,NaN,NaN,NaN,NaN,NaN,NaN,NaN,NaN,NaN,NaN,NaN,NaN
16564,16393,InferenceEngine,inference_complete,0,479,NaN,NaN,NaN,1,19.295,32.05,0.996066,13,NaN,NaN,NaN,NaN,NaN,NaN,NaN,NaN,NaN,NaN,NaN,NaN,NaN
16564,16542,Logic,frame_complete,-3955190986414698435,479,7,1.10567,75,1,19,32.05,0.996066,13,0,0,0,0.5,0.5,0,0,0,0,45.2,26.7141,48.5486,0
16576,16405,CameraCapture,frame_captured,0,480,7,0.139086,75,NaN,NaN,NaN,NaN,NaN,NaN,NaN,NaN,NaN,NaN,NaN,NaN,NaN,NaN,NaN,NaN,NaN,NaN
16577,16406,ImageProcessor_TPU,frame_processed,0,480,7,0.850289,75,0,NaN,NaN,NaN,NaN,NaN,NaN,NaN,NaN,NaN,NaN,NaN,NaN,NaN,NaN,NaN,NaN,NaN
16584,16413,ImageProcessor_Viz,frame_processed,0,480,7,0.333056,NaN,8,NaN,NaN,NaN,NaN,NaN,NaN,NaN,NaN,NaN,NaN,NaN,NaN,NaN,NaN,NaN,NaN,NaN
16596,16425,InferenceEngine,inference_complete,0,480,NaN,NaN,NaN,0,18.758,32.05,0.996066,13,NaN,NaN,NaN,NaN,NaN,NaN,NaN,NaN,NaN,NaN,NaN,NaN,NaN
16597,16576,Logic,frame_complete,-3955190986414698435,480,7,0.850289,75,0,19,32.05,0.996066,13,0,0,0,0.5,0.5,0,0,0,0,45.2,26.7141,48.5486,0
16610,16438,CameraCapture,frame_captured,0,481,7,0.139931,75,NaN,NaN,NaN,NaN,NaN,NaN,NaN,NaN,NaN,NaN,NaN,NaN,NaN,NaN,NaN,NaN,NaN,NaN
16611,16439,ImageProcessor_TPU,frame_processed,0,481,7,0.769228,75,0,NaN,NaN,NaN,NaN,NaN,NaN,NaN,NaN,NaN,NaN,NaN,NaN,NaN,NaN,NaN,NaN,NaN
16618,16447,ImageProcessor_Viz,frame_processed,0,481,7,0.333148,NaN,8,NaN,NaN,NaN,NaN,NaN,NaN,NaN,NaN,NaN,NaN,NaN,NaN,NaN,NaN,NaN,NaN,NaN
16630,16459,InferenceEngine,inference_complete,0,481,NaN,NaN,NaN,0,18.857,32.05,0.996066,13,NaN,NaN,NaN,NaN,NaN,NaN,NaN,NaN,NaN,NaN,NaN,NaN,NaN
16630,16609,Logic,frame_complete,-3955190986414698435,481,7,0.769228,75,0,18,32.05,0.996066,13,0,0,0,0.5,0.5,0,0,0,0,45.2,26.7141,48.5486,0
16644,16473,CameraCapture,frame_captured,0,482,7,0.141666,75,NaN,NaN,NaN,NaN,NaN,NaN,NaN,NaN,NaN,NaN,NaN,NaN,NaN,NaN,NaN,NaN,NaN,NaN
16645,16474,ImageProcessor_TPU,frame_processed,0,482,7,0.727999,75,0,NaN,NaN,NaN,NaN,NaN,NaN,NaN,NaN,NaN,NaN,NaN,NaN,NaN,NaN,NaN,NaN,NaN
16652,16481,ImageProcessor_Viz,frame_processed,0,482,7,0.334371,NaN,8,NaN,NaN,NaN,NaN,NaN,NaN,NaN,NaN,NaN,NaN,NaN,NaN,NaN,NaN,NaN,NaN,NaN
16664,16493,InferenceEngine,inference_complete,0,482,NaN,NaN,NaN,0,18.657,32.05,0.996066,13,NaN,NaN,NaN,NaN,NaN,NaN,NaN,NaN,NaN,NaN,NaN,NaN,NaN
16665,16644,Logic,frame_complete,-3955190986414698435,482,7,0.727999,75,0,19,32.05,0.996066,13,0,0,0,0.5,0.5,0,0,0,0,45.2,26.7141,48.5486,0
16676,16505,CameraCapture,frame_captured,0,483,7,0.213437,75,NaN,NaN,NaN,NaN,NaN,NaN,NaN,NaN,NaN,NaN,NaN,NaN,NaN,NaN,NaN,NaN,NaN,NaN
16677,16505,ImageProcessor_TPU,frame_processed,0,483,7,0.771678,75,0,NaN,NaN,NaN,NaN,NaN,NaN,NaN,NaN,NaN,NaN,NaN,NaN,NaN,NaN,NaN,NaN,NaN
16684,16513,ImageProcessor_Viz,frame_processed,0,483,7,0.341538,NaN,8,NaN,NaN,NaN,NaN,NaN,NaN,NaN,NaN,NaN,NaN,NaN,NaN,NaN,NaN,NaN,NaN,NaN
16696,16524,InferenceEngine,inference_complete,0,483,NaN,NaN,NaN,0,18.718,32.05,0.996066,13,NaN,NaN,NaN,NaN,NaN,NaN,NaN,NaN,NaN,NaN,NaN,NaN,NaN
16696,16675,Logic,frame_complete,-3955190986414698435,483,7,0.771678,75,0,18,32.05,0.996066,13,0,0,0,0.5,0.5,0,0,0,0,45.2,26.7141,48.5486,0
16710,16538,CameraCapture,frame_captured,0,484,7,0.224894,75,NaN,NaN,NaN,NaN,NaN,NaN,NaN,NaN,NaN,NaN,NaN,NaN,NaN,NaN,NaN,NaN,NaN,NaN
16711,16540,ImageProcessor_TPU,frame_processed,0,484,7,1.15552,75,1,NaN,NaN,NaN,NaN,NaN,NaN,NaN,NaN,NaN,NaN,NaN,NaN,NaN,NaN,NaN,NaN,NaN
16717,16546,ImageProcessor_Viz,frame_processed,0,484,7,0.3555,NaN,7,NaN,NaN,NaN,NaN,NaN,NaN,NaN,NaN,NaN,NaN,NaN,NaN,NaN,NaN,NaN,NaN,NaN
16730,16559,InferenceEngine,inference_complete,0,484,NaN,NaN,NaN,1,18.919,32.05,0.996066,13,NaN,NaN,NaN,NaN,NaN,NaN,NaN,NaN,NaN,NaN,NaN,NaN,NaN
16731,16709,Logic,frame_complete,-3955190986414698435,484,7,1.15552,75,1,19,32.05,0.996066,13,0,0,0,0.5,0.5,0,0,0,0,45.2,26.7141,48.5486,0
16743,16572,CameraCapture,frame_captured,0,485,7,0.156721,75,NaN,NaN,NaN,NaN,NaN,NaN,NaN,NaN,NaN,NaN,NaN,NaN,NaN,NaN,NaN,NaN,NaN,NaN
16744,16573,ImageProcessor_TPU,frame_processed,0,485,7,0.783165,75,0,NaN,NaN,NaN,NaN,NaN,NaN,NaN,NaN,NaN,NaN,NaN,NaN,NaN,NaN,NaN,NaN,NaN
16750,16579,ImageProcessor_Viz,frame_processed,0,485,7,0.330593,NaN,7,NaN,NaN,NaN,NaN,NaN,NaN,NaN,NaN,NaN,NaN,NaN,NaN,NaN,NaN,NaN,NaN,NaN
16763,16592,InferenceEngine,inference_complete,0,485,NaN,NaN,NaN,0,18.706,32.05,0.996066,13,NaN,NaN,NaN,NaN,NaN,NaN,NaN,NaN,NaN,NaN,NaN,NaN,NaN
16764,16743,Logic,frame_complete,-3955190986414698435,485,7,0.783165,75,0,19,32.05,0.996066,13,0,0,0,0.5,0.5,0,0,0,0,45.2,26.7141,48.5486,0
16776,16605,CameraCapture,frame_captured,0,486,7,0.159307,75,NaN,NaN,NaN,NaN,NaN,NaN,NaN,NaN,NaN,NaN,NaN,NaN,NaN,NaN,NaN,NaN,NaN,NaN
16777,16606,ImageProcessor_TPU,frame_processed,0,486,7,0.872233,75,0,NaN,NaN,NaN,NaN,NaN,NaN,NaN,NaN,NaN,NaN,NaN,NaN,NaN,NaN,NaN,NaN,NaN
16784,16613,ImageProcessor_Viz,frame_processed,0,486,7,0.354334,NaN,8,NaN,NaN,NaN,NaN,NaN,NaN,NaN,NaN,NaN,NaN,NaN,NaN,NaN,NaN,NaN,NaN,NaN
16796,16625,InferenceEngine,inference_complete,0,486,NaN,NaN,NaN,0,18.72,32.05,0.996066,13,NaN,NaN,NaN,NaN,NaN,NaN,NaN,NaN,NaN,NaN,NaN,NaN,NaN
16797,16776,Logic,frame_complete,-3955190986414698435,486,7,0.872233,75,0,19,32.05,0.996066,13,0,0,0,0.5,0.5,0,0,0,0,45.2,26.7141,48.5486,0
16809,16638,CameraCapture,frame_captured,0,487,7,0.141319,75,NaN,NaN,NaN,NaN,NaN,NaN,NaN,NaN,NaN,NaN,NaN,NaN,NaN,NaN,NaN,NaN,NaN,NaN
16810,16639,ImageProcessor_TPU,frame_processed,0,487,7,0.715708,75,1,NaN,NaN,NaN,NaN,NaN,NaN,NaN,NaN,NaN,NaN,NaN,NaN,NaN,NaN,NaN,NaN,NaN
16817,16646,ImageProcessor_Viz,frame_processed,0,487,7,0.356352,NaN,8,NaN,NaN,NaN,NaN,NaN,NaN,NaN,NaN,NaN,NaN,NaN,NaN,NaN,NaN,NaN,NaN,NaN
16829,16658,InferenceEngine,inference_complete,0,487,NaN,NaN,NaN,1,18.795,32.05,0.996066,13,NaN,NaN,NaN,NaN,NaN,NaN,NaN,NaN,NaN,NaN,NaN,NaN,NaN
16829,16809,Logic,frame_complete,-3955190986414698435,487,7,0.715708,75,1,18,32.05,0.996066,13,0,0,0,0.5,0.5,0,0,0,0,45.2,26.7141,48.5486,0
16844,16673,CameraCapture,frame_captured,0,488,7,0.247832,75,NaN,NaN,NaN,NaN,NaN,NaN,NaN,NaN,NaN,NaN,NaN,NaN,NaN,NaN,NaN,NaN,NaN,NaN
16845,16674,ImageProcessor_TPU,frame_processed,0,488,7,0.983295,75,0,NaN,NaN,NaN,NaN,NaN,NaN,NaN,NaN,NaN,NaN,NaN,NaN,NaN,NaN,NaN,NaN,NaN
16852,16681,ImageProcessor_Viz,frame_processed,0,488,7,0.35287,NaN,8,NaN,NaN,NaN,NaN,NaN,NaN,NaN,NaN,NaN,NaN,NaN,NaN,NaN,NaN,NaN,NaN,NaN
16864,16693,InferenceEngine,inference_complete,0,488,NaN,NaN,NaN,0,18.788,32.05,0.996066,13,NaN,NaN,NaN,NaN,NaN,NaN,NaN,NaN,NaN,NaN,NaN,NaN,NaN
16865,16844,Logic,frame_complete,-3955190986414698435,488,7,0.983295,75,0,19,32.05,0.996066,13,0,0,0,0.5,0.5,0,0,0,0,45.2,26.7141,48.5486,0
16876,16705,CameraCapture,frame_captured,0,489,7,0.148418,75,NaN,NaN,NaN,NaN,NaN,NaN,NaN,NaN,NaN,NaN,NaN,NaN,NaN,NaN,NaN,NaN,NaN,NaN
16877,16706,ImageProcessor_TPU,frame_processed,0,489,7,0.718955,75,0,NaN,NaN,NaN,NaN,NaN,NaN,NaN,NaN,NaN,NaN,NaN,NaN,NaN,NaN,NaN,NaN,NaN
16885,16714,ImageProcessor_Viz,frame_processed,0,489,7,0.356278,NaN,8,NaN,NaN,NaN,NaN,NaN,NaN,NaN,NaN,NaN,NaN,NaN,NaN,NaN,NaN,NaN,NaN,NaN
16896,16725,InferenceEngine,inference_complete,0,489,NaN,NaN,NaN,0,18.635,32.05,0.996066,13,NaN,NaN,NaN,NaN,NaN,NaN,NaN,NaN,NaN,NaN,NaN,NaN,NaN
16897,16876,Logic,frame_complete,-3955190986414698435,489,7,0.718955,75,0,19,32.05,0.996066,13,0,0,0,0.5,0.5,0,0,0,0,45.2,26.7141,48.5486,0
16910,16739,CameraCapture,frame_captured,0,490,7,0.146134,75,NaN,NaN,NaN,NaN,NaN,NaN,NaN,NaN,NaN,NaN,NaN,NaN,NaN,NaN,NaN,NaN,NaN,NaN
16911,16740,ImageProcessor_TPU,frame_processed,0,490,7,0.748171,75,1,NaN,NaN,NaN,NaN,NaN,NaN,NaN,NaN,NaN,NaN,NaN,NaN,NaN,NaN,NaN,NaN,NaN
16918,16747,ImageProcessor_Viz,frame_processed,0,490,7,0.331222,NaN,7,NaN,NaN,NaN,NaN,NaN,NaN,NaN,NaN,NaN,NaN,NaN,NaN,NaN,NaN,NaN,NaN,NaN
16930,16758,InferenceEngine,inference_complete,0,490,NaN,NaN,NaN,1,18.608,32.05,0.996066,13,NaN,NaN,NaN,NaN,NaN,NaN,NaN,NaN,NaN,NaN,NaN,NaN,NaN
16930,16910,Logic,frame_complete,-3955190986414698435,490,7,0.748171,75,1,18,32.05,0.996066,13,0,0,0,0.5,0.5,0,0,0,0,45.2,26.7141,48.5486,0
16942,16771,CameraCapture,frame_captured,0,491,7,0.145757,75,NaN,NaN,NaN,NaN,NaN,NaN,NaN,NaN,NaN,NaN,NaN,NaN,NaN,NaN,NaN,NaN,NaN,NaN
16943,16772,ImageProcessor_TPU,frame_processed,0,491,7,0.74622,75,0,NaN,NaN,NaN,NaN,NaN,NaN,NaN,NaN,NaN,NaN,NaN,NaN,NaN,NaN,NaN,NaN,NaN
16950,16779,ImageProcessor_Viz,frame_processed,0,491,7,0.333815,NaN,8,NaN,NaN,NaN,NaN,NaN,NaN,NaN,NaN,NaN,NaN,NaN,NaN,NaN,NaN,NaN,NaN,NaN
16962,16791,InferenceEngine,inference_complete,0,491,NaN,NaN,NaN,0,18.608,32.05,0.996066,13,NaN,NaN,NaN,NaN,NaN,NaN,NaN,NaN,NaN,NaN,NaN,NaN,NaN
16962,16942,Logic,frame_complete,-3955190986414698435,491,7,0.74622,75,0,19,32.05,0.996066,13,0,0,0,0.5,0.5,0,0,0,0,45.2,26.7141,48.5486,0
16976,16805,CameraCapture,frame_captured,0,492,7,0.236492,75,NaN,NaN,NaN,NaN,NaN,NaN,NaN,NaN,NaN,NaN,NaN,NaN,NaN,NaN,NaN,NaN,NaN,NaN
16977,16806,ImageProcessor_TPU,frame_processed,0,492,7,0.924399,75,0,NaN,NaN,NaN,NaN,NaN,NaN,NaN,NaN,NaN,NaN,NaN,NaN,NaN,NaN,NaN,NaN,NaN
16984,16813,ImageProcessor_Viz,frame_processed,0,492,7,0.342685,NaN,8,NaN,NaN,NaN,NaN,NaN,NaN,NaN,NaN,NaN,NaN,NaN,NaN,NaN,NaN,NaN,NaN,NaN
16996,16825,InferenceEngine,inference_complete,0,492,NaN,NaN,NaN,0,18.708,32.05,0.996066,13,NaN,NaN,NaN,NaN,NaN,NaN,NaN,NaN,NaN,NaN,NaN,NaN,NaN
16997,16976,Logic,frame_complete,-3955190986414698435,492,7,0.924399,75,0,19,32.05,0.996066,13,0,0,0,0.5,0.5,0,0,0,0,45.2,26.7141,48.5486,0
17009,16838,CameraCapture,frame_captured,0,493,7,0.159152,75,NaN,NaN,NaN,NaN,NaN,NaN,NaN,NaN,NaN,NaN,NaN,NaN,NaN,NaN,NaN,NaN,NaN,NaN
17011,16839,ImageProcessor_TPU,frame_processed,0,493,7,0.767467,75,0,NaN,NaN,NaN,NaN,NaN,NaN,NaN,NaN,NaN,NaN,NaN,NaN,NaN,NaN,NaN,NaN,NaN
17017,16846,ImageProcessor_Viz,frame_processed,0,493,7,0.331167,NaN,7,NaN,NaN,NaN,NaN,NaN,NaN,NaN,NaN,NaN,NaN,NaN,NaN,NaN,NaN,NaN,NaN,NaN
17030,16858,InferenceEngine,inference_complete,0,493,NaN,NaN,NaN,0,18.709,32.05,0.996066,13,NaN,NaN,NaN,NaN,NaN,NaN,NaN,NaN,NaN,NaN,NaN,NaN,NaN
17030,17009,Logic,frame_complete,-3955190986414698435,493,7,0.767467,75,0,19,32.05,0.996066,13,0,0,0,0.5,0.5,0,0,0,0,45.2,26.7141,48.5486,0
17044,16873,CameraCapture,frame_captured,0,494,7,0.151979,75,NaN,NaN,NaN,NaN,NaN,NaN,NaN,NaN,NaN,NaN,NaN,NaN,NaN,NaN,NaN,NaN,NaN,NaN
17045,16874,ImageProcessor_TPU,frame_processed,0,494,7,0.765054,75,1,NaN,NaN,NaN,NaN,NaN,NaN,NaN,NaN,NaN,NaN,NaN,NaN,NaN,NaN,NaN,NaN,NaN
17051,16880,ImageProcessor_Viz,frame_processed,0,494,7,0.333685,NaN,7,NaN,NaN,NaN,NaN,NaN,NaN,NaN,NaN,NaN,NaN,NaN,NaN,NaN,NaN,NaN,NaN,NaN
17064,16893,InferenceEngine,inference_complete,0,494,NaN,NaN,NaN,1,18.691,32.05,0.996066,13,NaN,NaN,NaN,NaN,NaN,NaN,NaN,NaN,NaN,NaN,NaN,NaN,NaN
17064,17044,Logic,frame_complete,-3955190986414698435,494,7,0.765054,75,1,19,32.05,0.996066,13,0,0,0,0.5,0.5,0,0,0,0,45.2,26.7141,48.5486,0
17075,16904,CameraCapture,frame_captured,0,495,7,0.138658,75,NaN,NaN,NaN,NaN,NaN,NaN,NaN,NaN,NaN,NaN,NaN,NaN,NaN,NaN,NaN,NaN,NaN,NaN
17076,16905,ImageProcessor_TPU,frame_processed,0,495,7,0.760176,75,0,NaN,NaN,NaN,NaN,NaN,NaN,NaN,NaN,NaN,NaN,NaN,NaN,NaN,NaN,NaN,NaN,NaN
17083,16912,ImageProcessor_Viz,frame_processed,0,495,7,0.337501,NaN,7,NaN,NaN,NaN,NaN,NaN,NaN,NaN,NaN,NaN,NaN,NaN,NaN,NaN,NaN,NaN,NaN,NaN
17095,16924,InferenceEngine,inference_complete,0,495,NaN,NaN,NaN,0,18.675,32.05,0.996066,13,NaN,NaN,NaN,NaN,NaN,NaN,NaN,NaN,NaN,NaN,NaN,NaN,NaN
17096,17075,Logic,frame_complete,-3955190986414698435,495,7,0.760176,75,0,19,32.05,0.996066,13,0,0,0,0.5,0.5,0,0,0,0,45.2,26.7141,48.5486,0
17109,16938,CameraCapture,frame_captured,0,496,7,0.221263,75,NaN,NaN,NaN,NaN,NaN,NaN,NaN,NaN,NaN,NaN,NaN,NaN,NaN,NaN,NaN,NaN,NaN,NaN
17111,16940,ImageProcessor_TPU,frame_processed,0,496,7,1.16469,75,1,NaN,NaN,NaN,NaN,NaN,NaN,NaN,NaN,NaN,NaN,NaN,NaN,NaN,NaN,NaN,NaN,NaN
17117,16946,ImageProcessor_Viz,frame_processed,0,496,7,0.335315,NaN,7,NaN,NaN,NaN,NaN,NaN,NaN,NaN,NaN,NaN,NaN,NaN,NaN,NaN,NaN,NaN,NaN,NaN
17130,16959,InferenceEngine,inference_complete,0,496,NaN,NaN,NaN,1,18.891,32.05,0.996066,13,NaN,NaN,NaN,NaN,NaN,NaN,NaN,NaN,NaN,NaN,NaN,NaN,NaN
17130,17109,Logic,frame_complete,-3955190986414698435,496,7,1.16469,75,1,19,32.05,0.996066,13,0,0,0,0.5,0.5,0,0,0,0,45.2,26.7141,48.5486,0
17143,16972,CameraCapture,frame_captured,0,497,7,0.150979,75,NaN,NaN,NaN,NaN,NaN,NaN,NaN,NaN,NaN,NaN,NaN,NaN,NaN,NaN,NaN,NaN,NaN,NaN
17144,16973,ImageProcessor_TPU,frame_processed,0,497,7,0.782923,75,1,NaN,NaN,NaN,NaN,NaN,NaN,NaN,NaN,NaN,NaN,NaN,NaN,NaN,NaN,NaN,NaN,NaN
17150,16979,ImageProcessor_Viz,frame_processed,0,497,7,0.333278,NaN,7,NaN,NaN,NaN,NaN,NaN,NaN,NaN,NaN,NaN,NaN,NaN,NaN,NaN,NaN,NaN,NaN,NaN
17163,16992,InferenceEngine,inference_complete,0,497,NaN,NaN,NaN,1,18.819,32.05,0.996066,13,NaN,NaN,NaN,NaN,NaN,NaN,NaN,NaN,NaN,NaN,NaN,NaN,NaN
17163,17143,Logic,frame_complete,-3955190986414698435,497,7,0.782923,75,1,19,32.05,0.996066,13,0,0,0,0.5,0.5,0,0,0,0,45.2,26.7141,48.5486,0
17176,17005,CameraCapture,frame_captured,0,498,7,0.143157,75,NaN,NaN,NaN,NaN,NaN,NaN,NaN,NaN,NaN,NaN,NaN,NaN,NaN,NaN,NaN,NaN,NaN,NaN
17177,17006,ImageProcessor_TPU,frame_processed,0,498,7,0.760028,75,0,NaN,NaN,NaN,NaN,NaN,NaN,NaN,NaN,NaN,NaN,NaN,NaN,NaN,NaN,NaN,NaN,NaN
17184,17013,ImageProcessor_Viz,frame_processed,0,498,7,0.338167,NaN,8,NaN,NaN,NaN,NaN,NaN,NaN,NaN,NaN,NaN,NaN,NaN,NaN,NaN,NaN,NaN,NaN,NaN
17196,17025,InferenceEngine,inference_complete,0,498,NaN,NaN,NaN,0,18.604,32.05,0.996066,13,NaN,NaN,NaN,NaN,NaN,NaN,NaN,NaN,NaN,NaN,NaN,NaN,NaN
17196,17176,Logic,frame_complete,-3955190986414698435,498,7,0.760028,75,0,19,32.05,0.996066,13,0,0,0,0.5,0.5,0,0,0,0,45.2,26.7141,48.5486,0
17209,17038,CameraCapture,frame_captured,0,499,7,0.230818,75,NaN,NaN,NaN,NaN,NaN,NaN,NaN,NaN,NaN,NaN,NaN,NaN,NaN,NaN,NaN,NaN,NaN,NaN
17210,17038,ImageProcessor_TPU,frame_processed,0,499,7,0.808892,75,0,NaN,NaN,NaN,NaN,NaN,NaN,NaN,NaN,NaN,NaN,NaN,NaN,NaN,NaN,NaN,NaN,NaN
17217,17046,ImageProcessor_Viz,frame_processed,0,499,7,0.35524,NaN,8,NaN,NaN,NaN,NaN,NaN,NaN,NaN,NaN,NaN,NaN,NaN,NaN,NaN,NaN,NaN,NaN,NaN
17229,17057,InferenceEngine,inference_complete,0,499,NaN,NaN,NaN,0,18.632,31.55,0.996066,13,NaN,NaN,NaN,NaN,NaN,NaN,NaN,NaN,NaN,NaN,NaN,NaN,NaN
17229,17209,Logic,frame_complete,-3955190986414698435,499,7,0.808892,75,0,18,31.55,0.996066,13,0,0,0,0.5,0.5,0,0,0,0,45.2,26.7141,48.5486,0
17243,17072,CameraCapture,frame_captured,0,500,7,0.143756,75,NaN,NaN,NaN,NaN,NaN,NaN,NaN,NaN,NaN,NaN,NaN,NaN,NaN,NaN,NaN,NaN,NaN,NaN
17244,17073,ImageProcessor_TPU,frame_processed,0,500,7,0.774423,75,1,NaN,NaN,NaN,NaN,NaN,NaN,NaN,NaN,NaN,NaN,NaN,NaN,NaN,NaN,NaN,NaN,NaN
17250,17079,ImageProcessor_Viz,frame_processed,0,500,7,0.34524,NaN,7,NaN,NaN,NaN,NaN,NaN,NaN,NaN,NaN,NaN,NaN,NaN,NaN,NaN,NaN,NaN,NaN,NaN
17263,17092,InferenceEngine,inference_complete,0,500,NaN,NaN,NaN,1,18.649,31.55,0.996066,13,NaN,NaN,NaN,NaN,NaN,NaN,NaN,NaN,NaN,NaN,NaN,NaN,NaN
17263,17243,Logic,frame_complete,-3955190986414698435,500,7,0.774423,75,1,18,31.55,0.996066,13,0,0,0,0.5,0.5,0,0,0,0,45.2,26.7141,48.5486,0
17276,17105,CameraCapture,frame_captured,0,501,7,0.144953,75,NaN,NaN,NaN,NaN,NaN,NaN,NaN,NaN,NaN,NaN,NaN,NaN,NaN,NaN,NaN,NaN,NaN,NaN
17277,17106,ImageProcessor_TPU,frame_processed,0,501,7,0.737546,75,0,NaN,NaN,NaN,NaN,NaN,NaN,NaN,NaN,NaN,NaN,NaN,NaN,NaN,NaN,NaN,NaN,NaN
17284,17113,ImageProcessor_Viz,frame_processed,0,501,7,0.352593,NaN,8,NaN,NaN,NaN,NaN,NaN,NaN,NaN,NaN,NaN,NaN,NaN,NaN,NaN,NaN,NaN,NaN,NaN
17296,17125,InferenceEngine,inference_complete,0,501,NaN,NaN,NaN,0,18.599,31.55,0.996066,13,NaN,NaN,NaN,NaN,NaN,NaN,NaN,NaN,NaN,NaN,NaN,NaN,NaN
17296,17276,Logic,frame_complete,-3955190986414698435,501,7,0.737546,75,0,19,31.55,0.996066,13,0,0,0,0.5,0.5,0,0,0,0,45.2,26.7141,48.5486,0
17309,17138,CameraCapture,frame_captured,0,502,7,0.14041,75,NaN,NaN,NaN,NaN,NaN,NaN,NaN,NaN,NaN,NaN,NaN,NaN,NaN,NaN,NaN,NaN,NaN,NaN
17310,17139,ImageProcessor_TPU,frame_processed,0,502,7,0.78567,75,0,NaN,NaN,NaN,NaN,NaN,NaN,NaN,NaN,NaN,NaN,NaN,NaN,NaN,NaN,NaN,NaN,NaN
17317,17146,ImageProcessor_Viz,frame_processed,0,502,7,0.355555,NaN,8,NaN,NaN,NaN,NaN,NaN,NaN,NaN,NaN,NaN,NaN,NaN,NaN,NaN,NaN,NaN,NaN,NaN
17329,17158,InferenceEngine,inference_complete,0,502,NaN,NaN,NaN,0,18.609,31.55,0.996066,13,NaN,NaN,NaN,NaN,NaN,NaN,NaN,NaN,NaN,NaN,NaN,NaN,NaN
17330,17309,Logic,frame_complete,-3955190986414698435,502,7,0.78567,75,0,19,31.55,0.996066,13,0,0,0,0.5,0.5,0,0,0,0,45.2,26.7141,48.5486,0
17342,17171,CameraCapture,frame_captured,0,503,7,0.1527,75,NaN,NaN,NaN,NaN,NaN,NaN,NaN,NaN,NaN,NaN,NaN,NaN,NaN,NaN,NaN,NaN,NaN,NaN
17343,17172,ImageProcessor_TPU,frame_processed,0,503,7,0.838126,75,0,NaN,NaN,NaN,NaN,NaN,NaN,NaN,NaN,NaN,NaN,NaN,NaN,NaN,NaN,NaN,NaN,NaN
17350,17179,ImageProcessor_Viz,frame_processed,0,503,7,0.336982,NaN,8,NaN,NaN,NaN,NaN,NaN,NaN,NaN,NaN,NaN,NaN,NaN,NaN,NaN,NaN,NaN,NaN,NaN
17363,17191,InferenceEngine,inference_complete,0,503,NaN,NaN,NaN,0,19.056,31.55,0.996066,13,NaN,NaN,NaN,NaN,NaN,NaN,NaN,NaN,NaN,NaN,NaN,NaN,NaN
17363,17342,Logic,frame_complete,-3955190986414698435,503,7,0.838126,75,0,19,31.55,0.996066,13,0,0,0,0.5,0.5,0,0,0,0,45.2,26.7141,48.5486,0
17376,17205,CameraCapture,frame_captured,0,504,7,0.14236,75,NaN,NaN,NaN,NaN,NaN,NaN,NaN,NaN,NaN,NaN,NaN,NaN,NaN,NaN,NaN,NaN,NaN,NaN
17377,17206,ImageProcessor_TPU,frame_processed,0,504,7,0.726916,75,1,NaN,NaN,NaN,NaN,NaN,NaN,NaN,NaN,NaN,NaN,NaN,NaN,NaN,NaN,NaN,NaN,NaN
17384,17213,ImageProcessor_Viz,frame_processed,0,504,7,0.349722,NaN,7,NaN,NaN,NaN,NaN,NaN,NaN,NaN,NaN,NaN,NaN,NaN,NaN,NaN,NaN,NaN,NaN,NaN
17396,17225,InferenceEngine,inference_complete,0,504,NaN,NaN,NaN,1,18.69,31.55,0.996066,13,NaN,NaN,NaN,NaN,NaN,NaN,NaN,NaN,NaN,NaN,NaN,NaN,NaN
17396,17376,Logic,frame_complete,-3955190986414698435,504,7,0.726916,75,1,19,31.55,0.996066,13,0,0,0,0.5,0.5,0,0,0,0,45.2,26.7141,48.5486,0
17409,17238,CameraCapture,frame_captured,0,505,7,0.142539,75,NaN,NaN,NaN,NaN,NaN,NaN,NaN,NaN,NaN,NaN,NaN,NaN,NaN,NaN,NaN,NaN,NaN,NaN
17411,17240,ImageProcessor_TPU,frame_processed,0,505,7,1.32584,75,1,NaN,NaN,NaN,NaN,NaN,NaN,NaN,NaN,NaN,NaN,NaN,NaN,NaN,NaN,NaN,NaN,NaN
17417,17246,ImageProcessor_Viz,frame_processed,0,505,7,0.337574,NaN,8,NaN,NaN,NaN,NaN,NaN,NaN,NaN,NaN,NaN,NaN,NaN,NaN,NaN,NaN,NaN,NaN,NaN
17430,17259,InferenceEngine,inference_complete,0,505,NaN,NaN,NaN,1,18.721,31.55,0.996066,13,NaN,NaN,NaN,NaN,NaN,NaN,NaN,NaN,NaN,NaN,NaN,NaN,NaN
17430,17409,Logic,frame_complete,-3955190986414698435,505,7,1.32584,75,1,19,31.55,0.996066,13,0,0,0,0.5,0.5,0,0,0,0,45.2,26.7141,48.5486,0
17443,17272,CameraCapture,frame_captured,0,506,7,0.239292,75,NaN,NaN,NaN,NaN,NaN,NaN,NaN,NaN,NaN,NaN,NaN,NaN,NaN,NaN,NaN,NaN,NaN,NaN
17445,17273,ImageProcessor_TPU,frame_processed,0,506,7,1.394,75,0,NaN,NaN,NaN,NaN,NaN,NaN,NaN,NaN,NaN,NaN,NaN,NaN,NaN,NaN,NaN,NaN,NaN
17450,17279,ImageProcessor_Viz,frame_processed,0,506,7,0.338815,NaN,7,NaN,NaN,NaN,NaN,NaN,NaN,NaN,NaN,NaN,NaN,NaN,NaN,NaN,NaN,NaN,NaN,NaN
17464,17293,InferenceEngine,inference_complete,0,506,NaN,NaN,NaN,0,18.876,31.55,0.996066,13,NaN,NaN,NaN,NaN,NaN,NaN,NaN,NaN,NaN,NaN,NaN,NaN,NaN
17464,17443,Logic,frame_complete,-3955190986414698435,506,7,1.394,75,0,18,31.55,0.996066,13,0,0,0,0.5,0.5,0,0,0,0,45.2,26.7141,48.5486,0
17475,17304,CameraCapture,frame_captured,0,507,7,0.139286,75,NaN,NaN,NaN,NaN,NaN,NaN,NaN,NaN,NaN,NaN,NaN,NaN,NaN,NaN,NaN,NaN,NaN,NaN
17476,17305,ImageProcessor_TPU,frame_processed,0,507,7,0.694064,75,0,NaN,NaN,NaN,NaN,NaN,NaN,NaN,NaN,NaN,NaN,NaN,NaN,NaN,NaN,NaN,NaN,NaN
17484,17312,ImageProcessor_Viz,frame_processed,0,507,7,0.337963,NaN,7,NaN,NaN,NaN,NaN,NaN,NaN,NaN,NaN,NaN,NaN,NaN,NaN,NaN,NaN,NaN,NaN,NaN
17495,17324,InferenceEngine,inference_complete,0,507,NaN,NaN,NaN,0,18.59,31.55,0.996066,13,NaN,NaN,NaN,NaN,NaN,NaN,NaN,NaN,NaN,NaN,NaN,NaN,NaN
17495,17475,Logic,frame_complete,-3955190986414698435,507,7,0.694064,75,0,19,31.55,0.996066,13,0,0,0,0.5,0.5,0,0,0,0,45.2,26.7141,48.5486,0
17509,17338,CameraCapture,frame_captured,0,508,7,0.139816,75,NaN,NaN,NaN,NaN,NaN,NaN,NaN,NaN,NaN,NaN,NaN,NaN,NaN,NaN,NaN,NaN,NaN,NaN
17510,17339,ImageProcessor_TPU,frame_processed,0,508,7,0.694835,75,0,NaN,NaN,NaN,NaN,NaN,NaN,NaN,NaN,NaN,NaN,NaN,NaN,NaN,NaN,NaN,NaN,NaN
17517,17346,ImageProcessor_Viz,frame_processed,0,508,7,0.337612,NaN,7,NaN,NaN,NaN,NaN,NaN,NaN,NaN,NaN,NaN,NaN,NaN,NaN,NaN,NaN,NaN,NaN,NaN
17529,17358,InferenceEngine,inference_complete,0,508,NaN,NaN,NaN,0,18.736,31.55,0.996066,13,NaN,NaN,NaN,NaN,NaN,NaN,NaN,NaN,NaN,NaN,NaN,NaN,NaN
17530,17509,Logic,frame_complete,-3955190986414698435,508,7,0.694835,75,0,19,31.55,0.996066,13,0,0,0,0.5,0.5,0,0,0,0,45.2,26.7141,48.5486,0
17543,17372,CameraCapture,frame_captured,0,509,7,0.156606,75,NaN,NaN,NaN,NaN,NaN,NaN,NaN,NaN,NaN,NaN,NaN,NaN,NaN,NaN,NaN,NaN,NaN,NaN
17544,17373,ImageProcessor_TPU,frame_processed,0,509,7,0.733088,75,1,NaN,NaN,NaN,NaN,NaN,NaN,NaN,NaN,NaN,NaN,NaN,NaN,NaN,NaN,NaN,NaN,NaN
17553,17382,ImageProcessor_Viz,frame_processed,0,509,7,0.334649,NaN,10,NaN,NaN,NaN,NaN,NaN,NaN,NaN,NaN,NaN,NaN,NaN,NaN,NaN,NaN,NaN,NaN,NaN
17563,17392,InferenceEngine,inference_complete,0,509,NaN,NaN,NaN,1,18.854,31.55,0.996066,13,NaN,NaN,NaN,NaN,NaN,NaN,NaN,NaN,NaN,NaN,NaN,NaN,NaN
17564,17542,Logic,frame_complete,-3955190986414698435,509,7,0.733088,75,1,19,31.55,0.996066,13,0,0,0,0.5,0.5,0,0,0,0,45.2,26.7141,48.5486,0
17576,17405,CameraCapture,frame_captured,0,510,7,0.234304,75,NaN,NaN,NaN,NaN,NaN,NaN,NaN,NaN,NaN,NaN,NaN,NaN,NaN,NaN,NaN,NaN,NaN,NaN
17577,17406,ImageProcessor_TPU,frame_processed,0,510,7,0.850174,75,0,NaN,NaN,NaN,NaN,NaN,NaN,NaN,NaN,NaN,NaN,NaN,NaN,NaN,NaN,NaN,NaN,NaN
17584,17412,ImageProcessor_Viz,frame_processed,0,510,7,0.338074,NaN,7,NaN,NaN,NaN,NaN,NaN,NaN,NaN,NaN,NaN,NaN,NaN,NaN,NaN,NaN,NaN,NaN,NaN
17597,17425,InferenceEngine,inference_complete,0,510,NaN,NaN,NaN,0,19.073,31.55,0.996066,13,NaN,NaN,NaN,NaN,NaN,NaN,NaN,NaN,NaN,NaN,NaN,NaN,NaN
17597,17576,Logic,frame_complete,-3955190986414698435,510,7,0.850174,75,0,19,31.55,0.996066,13,0,0,0,0.5,0.5,0,0,0,0,45.2,26.7141,48.5486,0
17609,17437,CameraCapture,frame_captured,0,511,7,0.212908,75,NaN,NaN,NaN,NaN,NaN,NaN,NaN,NaN,NaN,NaN,NaN,NaN,NaN,NaN,NaN,NaN,NaN,NaN
17609,17438,ImageProcessor_TPU,frame_processed,0,511,7,0.796964,75,0,NaN,NaN,NaN,NaN,NaN,NaN,NaN,NaN,NaN,NaN,NaN,NaN,NaN,NaN,NaN,NaN,NaN
17616,17445,ImageProcessor_Viz,frame_processed,0,511,7,0.345204,NaN,7,NaN,NaN,NaN,NaN,NaN,NaN,NaN,NaN,NaN,NaN,NaN,NaN,NaN,NaN,NaN,NaN,NaN
17629,17458,InferenceEngine,inference_complete,0,511,NaN,NaN,NaN,0,19.13,31.55,0.996066,13,NaN,NaN,NaN,NaN,NaN,NaN,NaN,NaN,NaN,NaN,NaN,NaN,NaN
17630,17608,Logic,frame_complete,-3955190986414698435,511,7,0.796964,75,0,19,31.55,0.996066,13,0,0,0,0.5,0.5,0,0,0,0,45.2,26.7141,48.5486,0
17643,17471,CameraCapture,frame_captured,0,512,7,0.155346,75,NaN,NaN,NaN,NaN,NaN,NaN,NaN,NaN,NaN,NaN,NaN,NaN,NaN,NaN,NaN,NaN,NaN,NaN
17644,17473,ImageProcessor_TPU,frame_processed,0,512,7,0.772865,75,1,NaN,NaN,NaN,NaN,NaN,NaN,NaN,NaN,NaN,NaN,NaN,NaN,NaN,NaN,NaN,NaN,NaN
17650,17479,ImageProcessor_Viz,frame_processed,0,512,7,0.329259,NaN,7,NaN,NaN,NaN,NaN,NaN,NaN,NaN,NaN,NaN,NaN,NaN,NaN,NaN,NaN,NaN,NaN,NaN
17663,17492,InferenceEngine,inference_complete,0,512,NaN,NaN,NaN,1,18.838,31.55,0.996066,13,NaN,NaN,NaN,NaN,NaN,NaN,NaN,NaN,NaN,NaN,NaN,NaN,NaN
17663,17642,Logic,frame_complete,-3955190986414698435,512,7,0.772865,75,1,19,31.55,0.996066,13,0,0,0,0.5,0.5,0,0,0,0,45.2,26.7141,48.5486,0
17676,17505,CameraCapture,frame_captured,0,513,7,0.142821,75,NaN,NaN,NaN,NaN,NaN,NaN,NaN,NaN,NaN,NaN,NaN,NaN,NaN,NaN,NaN,NaN,NaN,NaN
17678,17507,ImageProcessor_TPU,frame_processed,0,513,7,1.09751,75,1,NaN,NaN,NaN,NaN,NaN,NaN,NaN,NaN,NaN,NaN,NaN,NaN,NaN,NaN,NaN,NaN,NaN
17684,17512,ImageProcessor_Viz,frame_processed,0,513,7,0.330592,NaN,7,NaN,NaN,NaN,NaN,NaN,NaN,NaN,NaN,NaN,NaN,NaN,NaN,NaN,NaN,NaN,NaN,NaN
17697,17526,InferenceEngine,inference_complete,0,513,NaN,NaN,NaN,1,18.892,31.55,0.996066,13,NaN,NaN,NaN,NaN,NaN,NaN,NaN,NaN,NaN,NaN,NaN,NaN,NaN
17697,17676,Logic,frame_complete,-3955190986414698435,513,7,1.09751,75,1,19,31.55,0.996066,13,0,0,0,0.5,0.5,0,0,0,0,45.2,26.7141,48.5486,0
17709,17538,CameraCapture,frame_captured,0,514,7,0.147389,75,NaN,NaN,NaN,NaN,NaN,NaN,NaN,NaN,NaN,NaN,NaN,NaN,NaN,NaN,NaN,NaN,NaN,NaN
17711,17539,ImageProcessor_TPU,frame_processed,0,514,7,0.883574,75,0,NaN,NaN,NaN,NaN,NaN,NaN,NaN,NaN,NaN,NaN,NaN,NaN,NaN,NaN,NaN,NaN,NaN
17717,17546,ImageProcessor_Viz,frame_processed,0,514,7,0.345815,NaN,8,NaN,NaN,NaN,NaN,NaN,NaN,NaN,NaN,NaN,NaN,NaN,NaN,NaN,NaN,NaN,NaN,NaN
17730,17559,InferenceEngine,inference_complete,0,514,NaN,NaN,NaN,0,18.862,31.55,0.996066,13,NaN,NaN,NaN,NaN,NaN,NaN,NaN,NaN,NaN,NaN,NaN,NaN,NaN
17731,17709,Logic,frame_complete,-3955190986414698435,514,7,0.883574,75,0,18,31.55,0.996066,13,0,0,0,0.5,0.5,0,0,0,0,45.2,26.7141,48.5486,0
17742,17571,CameraCapture,frame_captured,0,515,7,0.148364,75,NaN,NaN,NaN,NaN,NaN,NaN,NaN,NaN,NaN,NaN,NaN,NaN,NaN,NaN,NaN,NaN,NaN,NaN
17743,17572,ImageProcessor_TPU,frame_processed,0,515,7,0.770142,75,1,NaN,NaN,NaN,NaN,NaN,NaN,NaN,NaN,NaN,NaN,NaN,NaN,NaN,NaN,NaN,NaN,NaN
17750,17578,ImageProcessor_Viz,frame_processed,0,515,7,0.329593,NaN,7,NaN,NaN,NaN,NaN,NaN,NaN,NaN,NaN,NaN,NaN,NaN,NaN,NaN,NaN,NaN,NaN,NaN
17762,17591,InferenceEngine,inference_complete,0,515,NaN,NaN,NaN,1,19.094,31.55,0.996066,13,NaN,NaN,NaN,NaN,NaN,NaN,NaN,NaN,NaN,NaN,NaN,NaN,NaN
17763,17742,Logic,frame_complete,-3955190986414698435,515,7,0.770142,75,1,19,31.55,0.996066,13,0,0,0,0.5,0.5,0,0,0,0,45.2,26.7141,48.5486,0
17776,17605,CameraCapture,frame_captured,0,516,7,0.179283,75,NaN,NaN,NaN,NaN,NaN,NaN,NaN,NaN,NaN,NaN,NaN,NaN,NaN,NaN,NaN,NaN,NaN,NaN
17777,17606,ImageProcessor_TPU,frame_processed,0,516,7,0.813858,75,1,NaN,NaN,NaN,NaN,NaN,NaN,NaN,NaN,NaN,NaN,NaN,NaN,NaN,NaN,NaN,NaN,NaN
17783,17612,ImageProcessor_Viz,frame_processed,0,516,7,0.347296,NaN,7,NaN,NaN,NaN,NaN,NaN,NaN,NaN,NaN,NaN,NaN,NaN,NaN,NaN,NaN,NaN,NaN,NaN
17796,17625,InferenceEngine,inference_complete,0,516,NaN,NaN,NaN,1,18.927,31.55,0.996066,13,NaN,NaN,NaN,NaN,NaN,NaN,NaN,NaN,NaN,NaN,NaN,NaN,NaN
17796,17776,Logic,frame_complete,-3955190986414698435,516,7,0.813858,75,1,19,31.55,0.996066,13,0,0,0,0.5,0.5,0,0,0,0,45.2,26.7141,48.5486,0
17809,17638,CameraCapture,frame_captured,0,517,7,0.145036,75,NaN,NaN,NaN,NaN,NaN,NaN,NaN,NaN,NaN,NaN,NaN,NaN,NaN,NaN,NaN,NaN,NaN,NaN
17811,17639,ImageProcessor_TPU,frame_processed,0,517,7,1.08783,75,0,NaN,NaN,NaN,NaN,NaN,NaN,NaN,NaN,NaN,NaN,NaN,NaN,NaN,NaN,NaN,NaN,NaN
17817,17645,ImageProcessor_Viz,frame_processed,0,517,7,0.361611,NaN,7,NaN,NaN,NaN,NaN,NaN,NaN,NaN,NaN,NaN,NaN,NaN,NaN,NaN,NaN,NaN,NaN,NaN
17830,17659,InferenceEngine,inference_complete,0,517,NaN,NaN,NaN,0,18.935,31.55,0.996066,13,NaN,NaN,NaN,NaN,NaN,NaN,NaN,NaN,NaN,NaN,NaN,NaN,NaN
17830,17809,Logic,frame_complete,-3955190986414698435,517,7,1.08783,75,0,19,31.55,0.996066,13,0,0,0,0.5,0.5,0,0,0,0,45.2,26.7141,48.5486,0
17843,17671,CameraCapture,frame_captured,0,518,7,0.142641,75,NaN,NaN,NaN,NaN,NaN,NaN,NaN,NaN,NaN,NaN,NaN,NaN,NaN,NaN,NaN,NaN,NaN,NaN
17844,17673,ImageProcessor_TPU,frame_processed,0,518,7,0.847697,75,1,NaN,NaN,NaN,NaN,NaN,NaN,NaN,NaN,NaN,NaN,NaN,NaN,NaN,NaN,NaN,NaN,NaN
17850,17679,ImageProcessor_Viz,frame_processed,0,518,7,0.336074,NaN,7,NaN,NaN,NaN,NaN,NaN,NaN,NaN,NaN,NaN,NaN,NaN,NaN,NaN,NaN,NaN,NaN,NaN
17863,17692,InferenceEngine,inference_complete,0,518,NaN,NaN,NaN,1,18.758,31.55,0.996066,13,NaN,NaN,NaN,NaN,NaN,NaN,NaN,NaN,NaN,NaN,NaN,NaN,NaN
17863,17842,Logic,frame_complete,-3955190986414698435,518,7,0.847697,75,1,18,31.55,0.996066,13,0,0,0,0.5,0.5,0,0,0,0,45.2,26.7141,48.5486,0
17876,17704,CameraCapture,frame_captured,0,519,7,0.234097,75,NaN,NaN,NaN,NaN,NaN,NaN,NaN,NaN,NaN,NaN,NaN,NaN,NaN,NaN,NaN,NaN,NaN,NaN
17877,17705,ImageProcessor_TPU,frame_processed,0,519,7,0.970949,75,0,NaN,NaN,NaN,NaN,NaN,NaN,NaN,NaN,NaN,NaN,NaN,NaN,NaN,NaN,NaN,NaN,NaN
17883,17712,ImageProcessor_Viz,frame_processed,0,519,7,0.348537,NaN,7,NaN,NaN,NaN,NaN,NaN,NaN,NaN,NaN,NaN,NaN,NaN,NaN,NaN,NaN,NaN,NaN,NaN
17896,17725,InferenceEngine,inference_complete,0,519,NaN,NaN,NaN,0,19.089,31.55,0.996066,13,NaN,NaN,NaN,NaN,NaN,NaN,NaN,NaN,NaN,NaN,NaN,NaN,NaN
17896,17875,Logic,frame_complete,-3955190986414698435,519,7,0.970949,75,0,19,31.55,0.996066,13,0,0,0,0.5,0.5,0,0,0,0,45.2,26.7141,48.5486,0
17909,17738,CameraCapture,frame_captured,0,520,7,0.223424,75,NaN,NaN,NaN,NaN,NaN,NaN,NaN,NaN,NaN,NaN,NaN,NaN,NaN,NaN,NaN,NaN,NaN,NaN
17910,17739,ImageProcessor_TPU,frame_processed,0,520,7,0.849517,75,0,NaN,NaN,NaN,NaN,NaN,NaN,NaN,NaN,NaN,NaN,NaN,NaN,NaN,NaN,NaN,NaN,NaN
17917,17746,ImageProcessor_Viz,frame_processed,0,520,7,0.348833,NaN,8,NaN,NaN,NaN,NaN,NaN,NaN,NaN,NaN,NaN,NaN,NaN,NaN,NaN,NaN,NaN,NaN,NaN
17930,17759,InferenceEngine,inference_complete,0,520,NaN,NaN,NaN,0,19.447,31.55,0.996066,13,NaN,NaN,NaN,NaN,NaN,NaN,NaN,NaN,NaN,NaN,NaN,NaN,NaN
17931,17909,Logic,frame_complete,-3955190986414698435,520,7,0.849517,75,0,20,31.55,0.996066,13,0,0,0,0.5,0.5,0,0,0,0,45.2,26.7141,48.5486,0
17943,17771,CameraCapture,frame_captured,0,521,7,0.234733,75,NaN,NaN,NaN,NaN,NaN,NaN,NaN,NaN,NaN,NaN,NaN,NaN,NaN,NaN,NaN,NaN,NaN,NaN
17944,17773,ImageProcessor_TPU,frame_processed,0,521,7,0.939381,75,1,NaN,NaN,NaN,NaN,NaN,NaN,NaN,NaN,NaN,NaN,NaN,NaN,NaN,NaN,NaN,NaN,NaN
17950,17779,ImageProcessor_Viz,frame_processed,0,521,7,0.326167,NaN,7,NaN,NaN,NaN,NaN,NaN,NaN,NaN,NaN,NaN,NaN,NaN,NaN,NaN,NaN,NaN,NaN,NaN
17963,17792,InferenceEngine,inference_complete,0,521,NaN,NaN,NaN,1,18.87,31.55,0.996066,13,NaN,NaN,NaN,NaN,NaN,NaN,NaN,NaN,NaN,NaN,NaN,NaN,NaN
17963,17942,Logic,frame_complete,-3955190986414698435,521,7,0.939381,75,1,19,31.55,0.996066,13,0,0,0,0.5,0.5,0,0,0,0,45.2,26.7141,48.5486,0
17976,17805,CameraCapture,frame_captured,0,522,7,0.232615,75,NaN,NaN,NaN,NaN,NaN,NaN,NaN,NaN,NaN,NaN,NaN,NaN,NaN,NaN,NaN,NaN,NaN,NaN
17978,17807,ImageProcessor_TPU,frame_processed,0,522,7,1.32191,75,1,NaN,NaN,NaN,NaN,NaN,NaN,NaN,NaN,NaN,NaN,NaN,NaN,NaN,NaN,NaN,NaN,NaN
17984,17813,ImageProcessor_Viz,frame_processed,0,522,7,0.351685,NaN,8,NaN,NaN,NaN,NaN,NaN,NaN,NaN,NaN,NaN,NaN,NaN,NaN,NaN,NaN,NaN,NaN,NaN
17997,17826,InferenceEngine,inference_complete,0,522,NaN,NaN,NaN,1,18.656,31.55,0.996066,13,NaN,NaN,NaN,NaN,NaN,NaN,NaN,NaN,NaN,NaN,NaN,NaN,NaN
17997,17976,Logic,frame_complete,-3955190986414698435,522,7,1.32191,75,1,19,31.55,0.996066,13,0,0,0,0.5,0.5,0,0,0,0,45.2,26.7141,48.5486,0
18008,17837,CameraCapture,frame_captured,0,523,7,0.14622,75,NaN,NaN,NaN,NaN,NaN,NaN,NaN,NaN,NaN,NaN,NaN,NaN,NaN,NaN,NaN,NaN,NaN,NaN
18009,17838,ImageProcessor_TPU,frame_processed,0,523,7,0.765183,75,0,NaN,NaN,NaN,NaN,NaN,NaN,NaN,NaN,NaN,NaN,NaN,NaN,NaN,NaN,NaN,NaN,NaN
18016,17845,ImageProcessor_Viz,frame_processed,0,523,7,0.336648,NaN,7,NaN,NaN,NaN,NaN,NaN,NaN,NaN,NaN,NaN,NaN,NaN,NaN,NaN,NaN,NaN,NaN,NaN
18028,17857,InferenceEngine,inference_complete,0,523,NaN,NaN,NaN,0,18.638,31.55,0.996066,13,NaN,NaN,NaN,NaN,NaN,NaN,NaN,NaN,NaN,NaN,NaN,NaN,NaN
18029,18008,Logic,frame_complete,-3955190986414698435,523,7,0.765183,75,0,19,31.55,0.996066,13,0,0,0,0.5,0.5,0,0,0,0,45.2,26.7141,48.5486,0
18042,17871,CameraCapture,frame_captured,0,524,7,0.143621,75,NaN,NaN,NaN,NaN,NaN,NaN,NaN,NaN,NaN,NaN,NaN,NaN,NaN,NaN,NaN,NaN,NaN,NaN
18043,17872,ImageProcessor_TPU,frame_processed,0,524,7,0.724454,75,0,NaN,NaN,NaN,NaN,NaN,NaN,NaN,NaN,NaN,NaN,NaN,NaN,NaN,NaN,NaN,NaN,NaN
18050,17879,ImageProcessor_Viz,frame_processed,0,524,7,0.335778,NaN,8,NaN,NaN,NaN,NaN,NaN,NaN,NaN,NaN,NaN,NaN,NaN,NaN,NaN,NaN,NaN,NaN,NaN
18062,17891,InferenceEngine,inference_complete,0,524,NaN,NaN,NaN,0,18.762,31.55,0.996066,13,NaN,NaN,NaN,NaN,NaN,NaN,NaN,NaN,NaN,NaN,NaN,NaN,NaN
18063,18042,Logic,frame_complete,-3955190986414698435,524,7,0.724454,75,0,19,31.55,0.996066,13,0,0,0,0.5,0.5,0,0,0,0,45.2,26.7141,48.5486,0
18076,17904,CameraCapture,frame_captured,0,525,7,0.148336,75,NaN,NaN,NaN,NaN,NaN,NaN,NaN,NaN,NaN,NaN,NaN,NaN,NaN,NaN,NaN,NaN,NaN,NaN
18077,17906,ImageProcessor_TPU,frame_processed,0,525,7,0.790059,75,1,NaN,NaN,NaN,NaN,NaN,NaN,NaN,NaN,NaN,NaN,NaN,NaN,NaN,NaN,NaN,NaN,NaN
18083,17912,ImageProcessor_Viz,frame_processed,0,525,7,0.336037,NaN,7,NaN,NaN,NaN,NaN,NaN,NaN,NaN,NaN,NaN,NaN,NaN,NaN,NaN,NaN,NaN,NaN,NaN
18097,17926,InferenceEngine,inference_complete,0,525,NaN,NaN,NaN,1,19.623,31.55,0.996066,13,NaN,NaN,NaN,NaN,NaN,NaN,NaN,NaN,NaN,NaN,NaN,NaN,NaN
18097,18075,Logic,frame_complete,-3955190986414698435,525,7,0.790059,75,1,19,31.55,0.996066,13,0,0,0,0.5,0.5,0,0,0,0,45.2,26.7141,48.5486,0
18109,17938,CameraCapture,frame_captured,0,526,7,0.151423,75,NaN,NaN,NaN,NaN,NaN,NaN,NaN,NaN,NaN,NaN,NaN,NaN,NaN,NaN,NaN,NaN,NaN,NaN
18110,17939,ImageProcessor_TPU,frame_processed,0,526,7,0.741664,75,1,NaN,NaN,NaN,NaN,NaN,NaN,NaN,NaN,NaN,NaN,NaN,NaN,NaN,NaN,NaN,NaN,NaN
18119,17947,ImageProcessor_Viz,frame_processed,0,526,7,0.331371,NaN,9,NaN,NaN,NaN,NaN,NaN,NaN,NaN,NaN,NaN,NaN,NaN,NaN,NaN,NaN,NaN,NaN,NaN
18129,17958,InferenceEngine,inference_complete,0,526,NaN,NaN,NaN,1,18.606,31.55,0.996066,13,NaN,NaN,NaN,NaN,NaN,NaN,NaN,NaN,NaN,NaN,NaN,NaN,NaN
18129,18109,Logic,frame_complete,-3955190986414698435,526,7,0.741664,75,1,19,31.55,0.996066,13,0,0,0,0.5,0.5,0,0,0,0,45.2,26.7141,48.5486,0
18142,17970,CameraCapture,frame_captured,0,527,7,0.182342,75,NaN,NaN,NaN,NaN,NaN,NaN,NaN,NaN,NaN,NaN,NaN,NaN,NaN,NaN,NaN,NaN,NaN,NaN
18143,17972,ImageProcessor_TPU,frame_processed,0,527,7,0.802138,75,1,NaN,NaN,NaN,NaN,NaN,NaN,NaN,NaN,NaN,NaN,NaN,NaN,NaN,NaN,NaN,NaN,NaN
18149,17978,ImageProcessor_Viz,frame_processed,0,527,7,0.336167,NaN,7,NaN,NaN,NaN,NaN,NaN,NaN,NaN,NaN,NaN,NaN,NaN,NaN,NaN,NaN,NaN,NaN,NaN
18162,17991,InferenceEngine,inference_complete,0,527,NaN,NaN,NaN,1,18.683,31.55,0.996066,13,NaN,NaN,NaN,NaN,NaN,NaN,NaN,NaN,NaN,NaN,NaN,NaN,NaN
18162,18141,Logic,frame_complete,-3955190986414698435,527,7,0.802138,75,1,18,31.55,0.996066,13,0,0,0,0.5,0.5,0,0,0,0,45.2,26.7141,48.5486,0
18176,18004,CameraCapture,frame_captured,0,528,7,0.138817,75,NaN,NaN,NaN,NaN,NaN,NaN,NaN,NaN,NaN,NaN,NaN,NaN,NaN,NaN,NaN,NaN,NaN,NaN
18176,18005,ImageProcessor_TPU,frame_processed,0,528,7,0.700317,75,0,NaN,NaN,NaN,NaN,NaN,NaN,NaN,NaN,NaN,NaN,NaN,NaN,NaN,NaN,NaN,NaN,NaN
18184,18013,ImageProcessor_Viz,frame_processed,0,528,7,0.339963,NaN,8,NaN,NaN,NaN,NaN,NaN,NaN,NaN,NaN,NaN,NaN,NaN,NaN,NaN,NaN,NaN,NaN,NaN
18195,18024,InferenceEngine,inference_complete,0,528,NaN,NaN,NaN,0,18.648,31.55,0.996066,13,NaN,NaN,NaN,NaN,NaN,NaN,NaN,NaN,NaN,NaN,NaN,NaN,NaN
18196,18175,Logic,frame_complete,-3955190986414698435,528,7,0.700317,75,0,19,31.55,0.996066,13,0,0,0,0.5,0.5,0,0,0,0,45.2,26.7141,48.5486,0
18209,18038,CameraCapture,frame_captured,0,529,7,0.235385,75,NaN,NaN,NaN,NaN,NaN,NaN,NaN,NaN,NaN,NaN,NaN,NaN,NaN,NaN,NaN,NaN,NaN,NaN
18210,18039,ImageProcessor_TPU,frame_processed,0,529,7,0.806792,75,1,NaN,NaN,NaN,NaN,NaN,NaN,NaN,NaN,NaN,NaN,NaN,NaN,NaN,NaN,NaN,NaN,NaN
18217,18046,ImageProcessor_Viz,frame_processed,0,529,7,0.342722,NaN,7,NaN,NaN,NaN,NaN,NaN,NaN,NaN,NaN,NaN,NaN,NaN,NaN,NaN,NaN,NaN,NaN,NaN
18229,18058,InferenceEngine,inference_complete,0,529,NaN,NaN,NaN,1,18.677,31.55,0.996066,13,NaN,NaN,NaN,NaN,NaN,NaN,NaN,NaN,NaN,NaN,NaN,NaN,NaN
18230,18209,Logic,frame_complete,-3955190986414698435,529,7,0.806792,75,1,19,31.55,0.996066,13,0,0,0,0.5,0.5,0,0,0,0,45.2,26.7141,48.5486,0
18242,18071,CameraCapture,frame_captured,0,530,7,0.209175,75,NaN,NaN,NaN,NaN,NaN,NaN,NaN,NaN,NaN,NaN,NaN,NaN,NaN,NaN,NaN,NaN,NaN,NaN
18244,18072,ImageProcessor_TPU,frame_processed,0,530,7,0.826953,75,0,NaN,NaN,NaN,NaN,NaN,NaN,NaN,NaN,NaN,NaN,NaN,NaN,NaN,NaN,NaN,NaN,NaN
18250,18079,ImageProcessor_Viz,frame_processed,0,530,7,0.342907,NaN,7,NaN,NaN,NaN,NaN,NaN,NaN,NaN,NaN,NaN,NaN,NaN,NaN,NaN,NaN,NaN,NaN,NaN
18262,18091,InferenceEngine,inference_complete,0,530,NaN,NaN,NaN,0,18.504,31.55,0.996066,13,NaN,NaN,NaN,NaN,NaN,NaN,NaN,NaN,NaN,NaN,NaN,NaN,NaN
18263,18242,Logic,frame_complete,-3955190986414698435,530,7,0.826953,75,0,19,31.55,0.996066,13,0,0,0,0.5,0.5,0,0,0,0,45.2,26.7141,48.5486,0
18275,18104,CameraCapture,frame_captured,0,531,7,0.143335,75,NaN,NaN,NaN,NaN,NaN,NaN,NaN,NaN,NaN,NaN,NaN,NaN,NaN,NaN,NaN,NaN,NaN,NaN
18276,18105,ImageProcessor_TPU,frame_processed,0,531,7,0.800224,75,1,NaN,NaN,NaN,NaN,NaN,NaN,NaN,NaN,NaN,NaN,NaN,NaN,NaN,NaN,NaN,NaN,NaN
18283,18111,ImageProcessor_Viz,frame_processed,0,531,7,0.35813,NaN,7,NaN,NaN,NaN,NaN,NaN,NaN,NaN,NaN,NaN,NaN,NaN,NaN,NaN,NaN,NaN,NaN,NaN
18295,18124,InferenceEngine,inference_complete,0,531,NaN,NaN,NaN,1,18.668,31.55,0.996066,13,NaN,NaN,NaN,NaN,NaN,NaN,NaN,NaN,NaN,NaN,NaN,NaN,NaN
18295,18275,Logic,frame_complete,-3955190986414698435,531,7,0.800224,75,1,19,31.55,0.996066,13,0,0,0,0.5,0.5,0,0,0,0,45.2,26.7141,48.5486,0
18309,18138,CameraCapture,frame_captured,0,532,7,0.147662,75,NaN,NaN,NaN,NaN,NaN,NaN,NaN,NaN,NaN,NaN,NaN,NaN,NaN,NaN,NaN,NaN,NaN,NaN
18310,18139,ImageProcessor_TPU,frame_processed,0,532,7,1.08777,75,0,NaN,NaN,NaN,NaN,NaN,NaN,NaN,NaN,NaN,NaN,NaN,NaN,NaN,NaN,NaN,NaN,NaN
18316,18145,ImageProcessor_Viz,frame_processed,0,532,7,0.341093,NaN,7,NaN,NaN,NaN,NaN,NaN,NaN,NaN,NaN,NaN,NaN,NaN,NaN,NaN,NaN,NaN,NaN,NaN
18330,18158,InferenceEngine,inference_complete,0,532,NaN,NaN,NaN,0,18.929,31.55,0.996066,13,NaN,NaN,NaN,NaN,NaN,NaN,NaN,NaN,NaN,NaN,NaN,NaN,NaN
18330,18309,Logic,frame_complete,-3955190986414698435,532,7,1.08777,75,0,19,31.55,0.996066,13,0,0,0,0.5,0.5,0,0,0,0,45.2,26.7141,48.5486,0
18342,18171,CameraCapture,frame_captured,0,533,7,0.152581,75,NaN,NaN,NaN,NaN,NaN,NaN,NaN,NaN,NaN,NaN,NaN,NaN,NaN,NaN,NaN,NaN,NaN,NaN
18344,18172,ImageProcessor_TPU,frame_processed,0,533,7,1.10354,75,0,NaN,NaN,NaN,NaN,NaN,NaN,NaN,NaN,NaN,NaN,NaN,NaN,NaN,NaN,NaN,NaN,NaN
18350,18179,ImageProcessor_Viz,frame_processed,0,533,7,0.333723,NaN,8,NaN,NaN,NaN,NaN,NaN,NaN,NaN,NaN,NaN,NaN,NaN,NaN,NaN,NaN,NaN,NaN,NaN
18363,18192,InferenceEngine,inference_complete,0,533,NaN,NaN,NaN,0,18.837,31.55,0.996066,13,NaN,NaN,NaN,NaN,NaN,NaN,NaN,NaN,NaN,NaN,NaN,NaN,NaN
18363,18342,Logic,frame_complete,-3955190986414698435,533,7,1.10354,75,0,19,31.55,0.996066,13,0,0,0,0.5,0.5,0,0,0,0,45.2,26.7141,48.5486,0
18375,18204,CameraCapture,frame_captured,0,534,7,0.141593,75,NaN,NaN,NaN,NaN,NaN,NaN,NaN,NaN,NaN,NaN,NaN,NaN,NaN,NaN,NaN,NaN,NaN,NaN
18377,18205,ImageProcessor_TPU,frame_processed,0,534,7,0.767797,75,0,NaN,NaN,NaN,NaN,NaN,NaN,NaN,NaN,NaN,NaN,NaN,NaN,NaN,NaN,NaN,NaN,NaN
18383,18212,ImageProcessor_Viz,frame_processed,0,534,7,0.348908,NaN,7,NaN,NaN,NaN,NaN,NaN,NaN,NaN,NaN,NaN,NaN,NaN,NaN,NaN,NaN,NaN,NaN,NaN
18396,18224,InferenceEngine,inference_complete,0,534,NaN,NaN,NaN,0,18.751,31.55,0.996066,13,NaN,NaN,NaN,NaN,NaN,NaN,NaN,NaN,NaN,NaN,NaN,NaN,NaN
18396,18375,Logic,frame_complete,-3955190986414698435,534,7,0.767797,75,0,19,31.55,0.996066,13,0,0,0,0.5,0.5,0,0,0,0,45.2,26.7141,48.5486,0
18408,18237,CameraCapture,frame_captured,0,535,7,0.137624,75,NaN,NaN,NaN,NaN,NaN,NaN,NaN,NaN,NaN,NaN,NaN,NaN,NaN,NaN,NaN,NaN,NaN,NaN
18409,18238,ImageProcessor_TPU,frame_processed,0,535,7,0.809994,75,0,NaN,NaN,NaN,NaN,NaN,NaN,NaN,NaN,NaN,NaN,NaN,NaN,NaN,NaN,NaN,NaN,NaN
18416,18245,ImageProcessor_Viz,frame_processed,0,535,7,0.338148,NaN,8,NaN,NaN,NaN,NaN,NaN,NaN,NaN,NaN,NaN,NaN,NaN,NaN,NaN,NaN,NaN,NaN,NaN
18428,18257,InferenceEngine,inference_complete,0,535,NaN,NaN,NaN,0,18.759,31.55,0.996066,13,NaN,NaN,NaN,NaN,NaN,NaN,NaN,NaN,NaN,NaN,NaN,NaN,NaN
18429,18408,Logic,frame_complete,-3955190986414698435,535,7,0.809994,75,0,19,31.55,0.996066,13,0,0,0,0.5,0.5,0,0,0,0,45.2,26.7141,48.5486,0
18443,18272,CameraCapture,frame_captured,0,536,7,0.144155,75,NaN,NaN,NaN,NaN,NaN,NaN,NaN,NaN,NaN,NaN,NaN,NaN,NaN,NaN,NaN,NaN,NaN,NaN
18445,18273,ImageProcessor_TPU,frame_processed,0,536,7,1.09452,75,0,NaN,NaN,NaN,NaN,NaN,NaN,NaN,NaN,NaN,NaN,NaN,NaN,NaN,NaN,NaN,NaN,NaN
18451,18279,ImageProcessor_Viz,frame_processed,0,536,7,0.34163,NaN,7,NaN,NaN,NaN,NaN,NaN,NaN,NaN,NaN,NaN,NaN,NaN,NaN,NaN,NaN,NaN,NaN,NaN
18463,18292,InferenceEngine,inference_complete,0,536,NaN,NaN,NaN,0,18.645,31.55,0.996066,13,NaN,NaN,NaN,NaN,NaN,NaN,NaN,NaN,NaN,NaN,NaN,NaN,NaN
18464,18443,Logic,frame_complete,-3955190986414698435,536,7,1.09452,75,0,19,31.55,0.996066,13,0,0,0,0.5,0.5,0,0,0,0,45.2,26.7141,48.5486,0
18476,18304,CameraCapture,frame_captured,0,537,7,0.147314,75,NaN,NaN,NaN,NaN,NaN,NaN,NaN,NaN,NaN,NaN,NaN,NaN,NaN,NaN,NaN,NaN,NaN,NaN
18477,18305,ImageProcessor_TPU,frame_processed,0,537,7,0.755315,75,0,NaN,NaN,NaN,NaN,NaN,NaN,NaN,NaN,NaN,NaN,NaN,NaN,NaN,NaN,NaN,NaN,NaN
18483,18312,ImageProcessor_Viz,frame_processed,0,537,7,0.356501,NaN,7,NaN,NaN,NaN,NaN,NaN,NaN,NaN,NaN,NaN,NaN,NaN,NaN,NaN,NaN,NaN,NaN,NaN
18496,18325,InferenceEngine,inference_complete,0,537,NaN,NaN,NaN,0,19.212,31.55,0.996066,13,NaN,NaN,NaN,NaN,NaN,NaN,NaN,NaN,NaN,NaN,NaN,NaN,NaN
18497,18475,Logic,frame_complete,-3955190986414698435,537,7,0.755315,75,0,19,31.55,0.996066,13,0,0,0,0.5,0.5,0,0,0,0,45.2,26.7141,48.5486,0
18509,18338,CameraCapture,frame_captured,0,538,7,0.163975,75,NaN,NaN,NaN,NaN,NaN,NaN,NaN,NaN,NaN,NaN,NaN,NaN,NaN,NaN,NaN,NaN,NaN,NaN
18510,18339,ImageProcessor_TPU,frame_processed,0,538,7,0.751215,75,1,NaN,NaN,NaN,NaN,NaN,NaN,NaN,NaN,NaN,NaN,NaN,NaN,NaN,NaN,NaN,NaN,NaN
18517,18346,ImageProcessor_Viz,frame_processed,0,538,7,0.357741,NaN,8,NaN,NaN,NaN,NaN,NaN,NaN,NaN,NaN,NaN,NaN,NaN,NaN,NaN,NaN,NaN,NaN,NaN
18530,18359,InferenceEngine,inference_complete,0,538,NaN,NaN,NaN,1,19.565,31.55,0.996066,13,NaN,NaN,NaN,NaN,NaN,NaN,NaN,NaN,NaN,NaN,NaN,NaN,NaN
18530,18509,Logic,frame_complete,-3955190986414698435,538,7,0.751215,75,1,20,31.55,0.996066,13,0,0,0,0.5,0.5,0,0,0,0,45.2,26.7141,48.5486,0
18542,18371,CameraCapture,frame_captured,0,539,7,0.152468,75,NaN,NaN,NaN,NaN,NaN,NaN,NaN,NaN,NaN,NaN,NaN,NaN,NaN,NaN,NaN,NaN,NaN,NaN
18545,18373,ImageProcessor_TPU,frame_processed,0,539,7,0.762449,75,2,NaN,NaN,NaN,NaN,NaN,NaN,NaN,NaN,NaN,NaN,NaN,NaN,NaN,NaN,NaN,NaN,NaN
18553,18382,ImageProcessor_Viz,frame_processed,0,539,7,0.328092,NaN,10,NaN,NaN,NaN,NaN,NaN,NaN,NaN,NaN,NaN,NaN,NaN,NaN,NaN,NaN,NaN,NaN,NaN
18564,18392,InferenceEngine,inference_complete,0,539,NaN,NaN,NaN,2,18.562,31.55,0.996066,13,NaN,NaN,NaN,NaN,NaN,NaN,NaN,NaN,NaN,NaN,NaN,NaN,NaN
18564,18542,Logic,frame_complete,-3955190986414698435,539,7,0.762449,75,2,18,31.55,0.996066,13,0,0,0,0.5,0.5,0,0,0,0,45.2,26.7141,48.5486,0
18577,18406,CameraCapture,frame_captured,0,540,7,0.23748,75,NaN,NaN,NaN,NaN,NaN,NaN,NaN,NaN,NaN,NaN,NaN,NaN,NaN,NaN,NaN,NaN,NaN,NaN
18579,18407,ImageProcessor_TPU,frame_processed,0,540,7,0.823925,75,0,NaN,NaN,NaN,NaN,NaN,NaN,NaN,NaN,NaN,NaN,NaN,NaN,NaN,NaN,NaN,NaN,NaN
18585,18414,ImageProcessor_Viz,frame_processed,0,540,7,0.345908,NaN,8,NaN,NaN,NaN,NaN,NaN,NaN,NaN,NaN,NaN,NaN,NaN,NaN,NaN,NaN,NaN,NaN,NaN
18597,18426,InferenceEngine,inference_complete,0,540,NaN,NaN,NaN,0,18.593,31.55,0.996066,13,NaN,NaN,NaN,NaN,NaN,NaN,NaN,NaN,NaN,NaN,NaN,NaN,NaN
18598,18577,Logic,frame_complete,-3955190986414698435,540,7,0.823925,75,0,19,31.55,0.996066,13,0,0,0,0.5,0.5,0,0,0,0,45.2,26.7141,48.5486,0
18610,18439,CameraCapture,frame_captured,0,541,7,0.19314,75,NaN,NaN,NaN,NaN,NaN,NaN,NaN,NaN,NaN,NaN,NaN,NaN,NaN,NaN,NaN,NaN,NaN,NaN
18612,18441,ImageProcessor_TPU,frame_processed,0,541,7,1.27149,75,1,NaN,NaN,NaN,NaN,NaN,NaN,NaN,NaN,NaN,NaN,NaN,NaN,NaN,NaN,NaN,NaN,NaN
18618,18447,ImageProcessor_Viz,frame_processed,0,541,7,0.35687,NaN,8,NaN,NaN,NaN,NaN,NaN,NaN,NaN,NaN,NaN,NaN,NaN,NaN,NaN,NaN,NaN,NaN,NaN
18631,18460,InferenceEngine,inference_complete,0,541,NaN,NaN,NaN,1,18.519,31.55,0.996066,13,NaN,NaN,NaN,NaN,NaN,NaN,NaN,NaN,NaN,NaN,NaN,NaN,NaN
18631,18610,Logic,frame_complete,-3955190986414698435,541,7,1.27149,75,1,18,31.55,0.996066,13,0,0,0,0.5,0.5,0,0,0,0,45.2,26.7141,48.5486,0
18643,18472,CameraCapture,frame_captured,0,542,7,0.15156,75,NaN,NaN,NaN,NaN,NaN,NaN,NaN,NaN,NaN,NaN,NaN,NaN,NaN,NaN,NaN,NaN,NaN,NaN
18645,18473,ImageProcessor_TPU,frame_processed,0,542,7,0.940782,75,0,NaN,NaN,NaN,NaN,NaN,NaN,NaN,NaN,NaN,NaN,NaN,NaN,NaN,NaN,NaN,NaN,NaN
18651,18480,ImageProcessor_Viz,frame_processed,0,542,7,0.331223,NaN,8,NaN,NaN,NaN,NaN,NaN,NaN,NaN,NaN,NaN,NaN,NaN,NaN,NaN,NaN,NaN,NaN,NaN
18663,18492,InferenceEngine,inference_complete,0,542,NaN,NaN,NaN,0,18.485,31.55,0.996066,13,NaN,NaN,NaN,NaN,NaN,NaN,NaN,NaN,NaN,NaN,NaN,NaN,NaN
18664,18643,Logic,frame_complete,-3955190986414698435,542,7,0.940782,75,0,18,31.55,0.996066,13,0,0,0,0.5,0.5,0,0,0,0,45.2,26.7141,48.5486,0
18675,18504,CameraCapture,frame_captured,0,543,7,0.139367,75,NaN,NaN,NaN,NaN,NaN,NaN,NaN,NaN,NaN,NaN,NaN,NaN,NaN,NaN,NaN,NaN,NaN,NaN
18676,18505,ImageProcessor_TPU,frame_processed,0,543,7,0.737701,75,0,NaN,NaN,NaN,NaN,NaN,NaN,NaN,NaN,NaN,NaN,NaN,NaN,NaN,NaN,NaN,NaN,NaN
18683,18511,ImageProcessor_Viz,frame_processed,0,543,7,0.358074,NaN,7,NaN,NaN,NaN,NaN,NaN,NaN,NaN,NaN,NaN,NaN,NaN,NaN,NaN,NaN,NaN,NaN,NaN
18695,18524,InferenceEngine,inference_complete,0,543,NaN,NaN,NaN,0,18.503,31.55,0.996066,13,NaN,NaN,NaN,NaN,NaN,NaN,NaN,NaN,NaN,NaN,NaN,NaN,NaN
18695,18675,Logic,frame_complete,-3955190986414698435,543,7,0.737701,75,0,19,31.55,0.996066,13,0,0,0,0.5,0.5,0,0,0,0,45.2,26.7141,48.5486,0
18710,18538,CameraCapture,frame_captured,0,544,7,0.141306,75,NaN,NaN,NaN,NaN,NaN,NaN,NaN,NaN,NaN,NaN,NaN,NaN,NaN,NaN,NaN,NaN,NaN,NaN
18711,18540,ImageProcessor_TPU,frame_processed,0,544,7,0.779084,75,1,NaN,NaN,NaN,NaN,NaN,NaN,NaN,NaN,NaN,NaN,NaN,NaN,NaN,NaN,NaN,NaN,NaN
18717,18546,ImageProcessor_Viz,frame_processed,0,544,7,0.359259,NaN,7,NaN,NaN,NaN,NaN,NaN,NaN,NaN,NaN,NaN,NaN,NaN,NaN,NaN,NaN,NaN,NaN,NaN
18730,18558,InferenceEngine,inference_complete,0,544,NaN,NaN,NaN,1,18.554,31.55,0.996066,13,NaN,NaN,NaN,NaN,NaN,NaN,NaN,NaN,NaN,NaN,NaN,NaN,NaN
18730,18709,Logic,frame_complete,-3955190986414698435,544,7,0.779084,75,1,18,31.55,0.996066,13,0,0,0,0.5,0.5,0,0,0,0,45.2,26.7141,48.5486,0
18743,18572,CameraCapture,frame_captured,0,545,7,0.146299,75,NaN,NaN,NaN,NaN,NaN,NaN,NaN,NaN,NaN,NaN,NaN,NaN,NaN,NaN,NaN,NaN,NaN,NaN
18744,18573,ImageProcessor_TPU,frame_processed,0,545,7,0.769984,75,0,NaN,NaN,NaN,NaN,NaN,NaN,NaN,NaN,NaN,NaN,NaN,NaN,NaN,NaN,NaN,NaN,NaN
18751,18580,ImageProcessor_Viz,frame_processed,0,545,7,0.339667,NaN,8,NaN,NaN,NaN,NaN,NaN,NaN,NaN,NaN,NaN,NaN,NaN,NaN,NaN,NaN,NaN,NaN,NaN
18763,18592,InferenceEngine,inference_complete,0,545,NaN,NaN,NaN,0,18.448,31.55,0.996066,13,NaN,NaN,NaN,NaN,NaN,NaN,NaN,NaN,NaN,NaN,NaN,NaN,NaN
18763,18743,Logic,frame_complete,-3955190986414698435,545,7,0.769984,75,0,19,31.55,0.996066,13,0,0,0,0.5,0.5,0,0,0,0,45.2,26.7141,48.5486,0
18776,18605,CameraCapture,frame_captured,0,546,7,0.143033,75,NaN,NaN,NaN,NaN,NaN,NaN,NaN,NaN,NaN,NaN,NaN,NaN,NaN,NaN,NaN,NaN,NaN,NaN
18778,18607,ImageProcessor_TPU,frame_processed,0,546,7,1.06068,75,1,NaN,NaN,NaN,NaN,NaN,NaN,NaN,NaN,NaN,NaN,NaN,NaN,NaN,NaN,NaN,NaN,NaN
18784,18613,ImageProcessor_Viz,frame_processed,0,546,7,0.339019,NaN,7,NaN,NaN,NaN,NaN,NaN,NaN,NaN,NaN,NaN,NaN,NaN,NaN,NaN,NaN,NaN,NaN,NaN
18797,18626,InferenceEngine,inference_complete,0,546,NaN,NaN,NaN,1,19.139,31.55,0.988223,13,NaN,NaN,NaN,NaN,NaN,NaN,NaN,NaN,NaN,NaN,NaN,NaN,NaN
18797,18776,Logic,frame_complete,-3955190986414698435,546,7,1.06068,75,1,19,31.55,0.988223,13,0,0,0,0.5,0.5,0,0,0,0,45.2,26.7141,48.5486,0
18809,18638,CameraCapture,frame_captured,0,547,7,0.142397,75,NaN,NaN,NaN,NaN,NaN,NaN,NaN,NaN,NaN,NaN,NaN,NaN,NaN,NaN,NaN,NaN,NaN,NaN
18810,18639,ImageProcessor_TPU,frame_processed,0,547,7,0.834397,75,0,NaN,NaN,NaN,NaN,NaN,NaN,NaN,NaN,NaN,NaN,NaN,NaN,NaN,NaN,NaN,NaN,NaN
18816,18645,ImageProcessor_Viz,frame_processed,0,547,7,0.331037,NaN,7,NaN,NaN,NaN,NaN,NaN,NaN,NaN,NaN,NaN,NaN,NaN,NaN,NaN,NaN,NaN,NaN,NaN
18829,18658,InferenceEngine,inference_complete,0,547,NaN,NaN,NaN,0,18.579,31.55,0.988223,13,NaN,NaN,NaN,NaN,NaN,NaN,NaN,NaN,NaN,NaN,NaN,NaN,NaN
18829,18809,Logic,frame_complete,-3955190986414698435,547,7,0.834397,75,0,19,31.55,0.988223,13,0,0,0,0.5,0.5,0,0,0,0,45.2,26.7141,48.5486,0
18842,18671,CameraCapture,frame_captured,0,548,7,0.151483,75,NaN,NaN,NaN,NaN,NaN,NaN,NaN,NaN,NaN,NaN,NaN,NaN,NaN,NaN,NaN,NaN,NaN,NaN
18843,18672,ImageProcessor_TPU,frame_processed,0,548,7,0.775964,75,0,NaN,NaN,NaN,NaN,NaN,NaN,NaN,NaN,NaN,NaN,NaN,NaN,NaN,NaN,NaN,NaN,NaN
18850,18678,ImageProcessor_Viz,frame_processed,0,548,7,0.338111,NaN,7,NaN,NaN,NaN,NaN,NaN,NaN,NaN,NaN,NaN,NaN,NaN,NaN,NaN,NaN,NaN,NaN,NaN
18862,18691,InferenceEngine,inference_complete,0,548,NaN,NaN,NaN,0,18.681,31.55,0.984302,13,NaN,NaN,NaN,NaN,NaN,NaN,NaN,NaN,NaN,NaN,NaN,NaN,NaN
18862,18842,Logic,frame_complete,-3955190986414698435,548,7,0.775964,75,0,19,31.55,0.984302,13,0,0,0,0.5,0.5,0,0,0,0,45.2,26.7141,48.5486,0
18876,18705,CameraCapture,frame_captured,0,549,7,0.231569,75,NaN,NaN,NaN,NaN,NaN,NaN,NaN,NaN,NaN,NaN,NaN,NaN,NaN,NaN,NaN,NaN,NaN,NaN
18879,18708,ImageProcessor_TPU,frame_processed,0,549,7,1.94172,75,1,NaN,NaN,NaN,NaN,NaN,NaN,NaN,NaN,NaN,NaN,NaN,NaN,NaN,NaN,NaN,NaN,NaN
18885,18713,ImageProcessor_Viz,frame_processed,0,549,7,0.357907,NaN,7,NaN,NaN,NaN,NaN,NaN,NaN,NaN,NaN,NaN,NaN,NaN,NaN,NaN,NaN,NaN,NaN,NaN
18898,18727,InferenceEngine,inference_complete,0,549,NaN,NaN,NaN,1,19.165,31.55,0.972537,13,NaN,NaN,NaN,NaN,NaN,NaN,NaN,NaN,NaN,NaN,NaN,NaN,NaN
18898,18876,Logic,frame_complete,-3955190986414698435,549,7,1.94172,75,1,19,31.55,0.972537,13,0,0,0,0.5,0.5,0,0,0,0,45.2,26.7141,48.5486,0
18910,18739,CameraCapture,frame_captured,0,550,7,0.232507,75,NaN,NaN,NaN,NaN,NaN,NaN,NaN,NaN,NaN,NaN,NaN,NaN,NaN,NaN,NaN,NaN,NaN,NaN
18911,18740,ImageProcessor_TPU,frame_processed,0,550,7,1.20408,75,0,NaN,NaN,NaN,NaN,NaN,NaN,NaN,NaN,NaN,NaN,NaN,NaN,NaN,NaN,NaN,NaN,NaN
18918,18747,ImageProcessor_Viz,frame_processed,0,550,7,0.339537,NaN,8,NaN,NaN,NaN,NaN,NaN,NaN,NaN,NaN,NaN,NaN,NaN,NaN,NaN,NaN,NaN,NaN,NaN
18930,18759,InferenceEngine,inference_complete,0,550,NaN,NaN,NaN,0,18.623,31.55,0.98038,13,NaN,NaN,NaN,NaN,NaN,NaN,NaN,NaN,NaN,NaN,NaN,NaN,NaN
18930,18910,Logic,frame_complete,-3955190986414698435,550,7,1.20408,75,0,18,31.55,0.98038,13,0,0,0,0.5,0.5,0,0,0,0,45.2,26.7141,48.5486,0
18942,18771,CameraCapture,frame_captured,0,551,7,0.146944,75,NaN,NaN,NaN,NaN,NaN,NaN,NaN,NaN,NaN,NaN,NaN,NaN,NaN,NaN,NaN,NaN,NaN,NaN
18943,18772,ImageProcessor_TPU,frame_processed,0,551,7,0.753834,75,0,NaN,NaN,NaN,NaN,NaN,NaN,NaN,NaN,NaN,NaN,NaN,NaN,NaN,NaN,NaN,NaN,NaN
18950,18779,ImageProcessor_Viz,frame_processed,0,551,7,0.328833,NaN,8,NaN,NaN,NaN,NaN,NaN,NaN,NaN,NaN,NaN,NaN,NaN,NaN,NaN,NaN,NaN,NaN,NaN
18962,18791,InferenceEngine,inference_complete,0,551,NaN,NaN,NaN,0,18.585,31.55,0.98038,13,NaN,NaN,NaN,NaN,NaN,NaN,NaN,NaN,NaN,NaN,NaN,NaN,NaN
18963,18942,Logic,frame_complete,-3955190986414698435,551,7,0.753834,75,0,19,31.55,0.98038,13,0,0,0,0.5,0.5,0,0,0,0,45.2,26.7141,48.5486,0
18976,18805,CameraCapture,frame_captured,0,552,7,0.233271,75,NaN,NaN,NaN,NaN,NaN,NaN,NaN,NaN,NaN,NaN,NaN,NaN,NaN,NaN,NaN,NaN,NaN,NaN
18977,18806,ImageProcessor_TPU,frame_processed,0,552,7,0.955864,75,0,NaN,NaN,NaN,NaN,NaN,NaN,NaN,NaN,NaN,NaN,NaN,NaN,NaN,NaN,NaN,NaN,NaN
18984,18813,ImageProcessor_Viz,frame_processed,0,552,7,0.349592,NaN,8,NaN,NaN,NaN,NaN,NaN,NaN,NaN,NaN,NaN,NaN,NaN,NaN,NaN,NaN,NaN,NaN,NaN
18996,18825,InferenceEngine,inference_complete,0,552,NaN,NaN,NaN,0,18.521,31.55,0.98038,13,NaN,NaN,NaN,NaN,NaN,NaN,NaN,NaN,NaN,NaN,NaN,NaN,NaN
18997,18976,Logic,frame_complete,-3955190986414698435,552,7,0.955864,75,0,19,31.55,0.98038,13,0,0,0,0.5,0.5,0,0,0,0,45.2,26.7141,48.5486,0
19010,18838,CameraCapture,frame_captured,0,553,7,0.232598,75,NaN,NaN,NaN,NaN,NaN,NaN,NaN,NaN,NaN,NaN,NaN,NaN,NaN,NaN,NaN,NaN,NaN,NaN
19011,18840,ImageProcessor_TPU,frame_processed,0,553,7,0.834209,75,1,NaN,NaN,NaN,NaN,NaN,NaN,NaN,NaN,NaN,NaN,NaN,NaN,NaN,NaN,NaN,NaN,NaN
19018,18846,ImageProcessor_Viz,frame_processed,0,553,7,0.34663,NaN,7,NaN,NaN,NaN,NaN,NaN,NaN,NaN,NaN,NaN,NaN,NaN,NaN,NaN,NaN,NaN,NaN,NaN
19030,18859,InferenceEngine,inference_complete,0,553,NaN,NaN,NaN,1,18.604,31.55,0.988223,13,NaN,NaN,NaN,NaN,NaN,NaN,NaN,NaN,NaN,NaN,NaN,NaN,NaN
19030,19009,Logic,frame_complete,-3955190986414698435,553,7,0.834209,75,1,18,31.55,0.988223,13,0,0,0,0.5,0.5,0,0,0,0,45.2,26.7141,48.5486,0
19043,18872,CameraCapture,frame_captured,0,554,7,0.233184,75,NaN,NaN,NaN,NaN,NaN,NaN,NaN,NaN,NaN,NaN,NaN,NaN,NaN,NaN,NaN,NaN,NaN,NaN
19044,18873,ImageProcessor_TPU,frame_processed,0,554,7,0.889814,75,0,NaN,NaN,NaN,NaN,NaN,NaN,NaN,NaN,NaN,NaN,NaN,NaN,NaN,NaN,NaN,NaN,NaN
19051,18880,ImageProcessor_Viz,frame_processed,0,554,7,0.344186,NaN,8,NaN,NaN,NaN,NaN,NaN,NaN,NaN,NaN,NaN,NaN,NaN,NaN,NaN,NaN,NaN,NaN,NaN
19063,18892,InferenceEngine,inference_complete,0,554,NaN,NaN,NaN,0,18.607,31.55,0.992145,13,NaN,NaN,NaN,NaN,NaN,NaN,NaN,NaN,NaN,NaN,NaN,NaN,NaN
19063,19043,Logic,frame_complete,-3955190986414698435,554,7,0.889814,75,0,19,31.55,0.992145,13,0,0,0,0.5,0.5,0,0,0,0,45.2,26.7141,48.5486,0
19076,18904,CameraCapture,frame_captured,0,555,7,0.243251,75,NaN,NaN,NaN,NaN,NaN,NaN,NaN,NaN,NaN,NaN,NaN,NaN,NaN,NaN,NaN,NaN,NaN,NaN
19077,18906,ImageProcessor_TPU,frame_processed,0,555,7,0.876733,75,1,NaN,NaN,NaN,NaN,NaN,NaN,NaN,NaN,NaN,NaN,NaN,NaN,NaN,NaN,NaN,NaN,NaN
19084,18912,ImageProcessor_Viz,frame_processed,0,555,7,0.342092,NaN,7,NaN,NaN,NaN,NaN,NaN,NaN,NaN,NaN,NaN,NaN,NaN,NaN,NaN,NaN,NaN,NaN,NaN
19096,18924,InferenceEngine,inference_complete,0,555,NaN,NaN,NaN,1,18.588,31.55,0.992145,13,NaN,NaN,NaN,NaN,NaN,NaN,NaN,NaN,NaN,NaN,NaN,NaN,NaN
19096,19075,Logic,frame_complete,-3955190986414698435,555,7,0.876733,75,1,18,31.55,0.992145,13,0,0,0,0.5,0.5,0,0,0,0,45.2,26.7141,48.5486,0
19110,18938,CameraCapture,frame_captured,0,556,7,0.227264,75,NaN,NaN,NaN,NaN,NaN,NaN,NaN,NaN,NaN,NaN,NaN,NaN,NaN,NaN,NaN,NaN,NaN,NaN
19111,18940,ImageProcessor_TPU,frame_processed,0,556,7,0.916967,75,1,NaN,NaN,NaN,NaN,NaN,NaN,NaN,NaN,NaN,NaN,NaN,NaN,NaN,NaN,NaN,NaN,NaN
19117,18946,ImageProcessor_Viz,frame_processed,0,556,7,0.378371,NaN,7,NaN,NaN,NaN,NaN,NaN,NaN,NaN,NaN,NaN,NaN,NaN,NaN,NaN,NaN,NaN,NaN,NaN
19130,18959,InferenceEngine,inference_complete,0,556,NaN,NaN,NaN,1,18.617,31.55,0.996066,13,NaN,NaN,NaN,NaN,NaN,NaN,NaN,NaN,NaN,NaN,NaN,NaN,NaN
19130,19109,Logic,frame_complete,-3955190986414698435,556,7,0.916967,75,1,18,31.55,0.996066,13,0,0,0,0.5,0.5,0,0,0,0,45.2,26.7141,48.5486,0
19143,18972,CameraCapture,frame_captured,0,557,7,0.234738,75,NaN,NaN,NaN,NaN,NaN,NaN,NaN,NaN,NaN,NaN,NaN,NaN,NaN,NaN,NaN,NaN,NaN,NaN
19144,18973,ImageProcessor_TPU,frame_processed,0,557,7,0.883776,75,0,NaN,NaN,NaN,NaN,NaN,NaN,NaN,NaN,NaN,NaN,NaN,NaN,NaN,NaN,NaN,NaN,NaN
19151,18979,ImageProcessor_Viz,frame_processed,0,557,7,0.343667,NaN,7,NaN,NaN,NaN,NaN,NaN,NaN,NaN,NaN,NaN,NaN,NaN,NaN,NaN,NaN,NaN,NaN,NaN
19163,18992,InferenceEngine,inference_complete,0,557,NaN,NaN,NaN,0,18.557,31.55,0.996066,13,NaN,NaN,NaN,NaN,NaN,NaN,NaN,NaN,NaN,NaN,NaN,NaN,NaN
19163,19143,Logic,frame_complete,-3955190986414698435,557,7,0.883776,75,0,19,31.55,0.996066,13,0,0,0,0.5,0.5,0,0,0,0,45.2,26.7141,48.5486,0
19176,19005,CameraCapture,frame_captured,0,558,7,0.229954,75,NaN,NaN,NaN,NaN,NaN,NaN,NaN,NaN,NaN,NaN,NaN,NaN,NaN,NaN,NaN,NaN,NaN,NaN
19177,19006,ImageProcessor_TPU,frame_processed,0,558,7,0.890769,75,0,NaN,NaN,NaN,NaN,NaN,NaN,NaN,NaN,NaN,NaN,NaN,NaN,NaN,NaN,NaN,NaN,NaN
19184,19013,ImageProcessor_Viz,frame_processed,0,558,7,0.343537,NaN,8,NaN,NaN,NaN,NaN,NaN,NaN,NaN,NaN,NaN,NaN,NaN,NaN,NaN,NaN,NaN,NaN,NaN
19196,19025,InferenceEngine,inference_complete,0,558,NaN,NaN,NaN,0,18.65,31.55,0.996066,13,NaN,NaN,NaN,NaN,NaN,NaN,NaN,NaN,NaN,NaN,NaN,NaN,NaN
19197,19176,Logic,frame_complete,-3955190986414698435,558,7,0.890769,75,0,19,31.55,0.996066,13,0,0,0,0.5,0.5,0,0,0,0,45.2,26.7141,48.5486,0
19209,19038,CameraCapture,frame_captured,0,559,7,0.233077,75,NaN,NaN,NaN,NaN,NaN,NaN,NaN,NaN,NaN,NaN,NaN,NaN,NaN,NaN,NaN,NaN,NaN,NaN
19210,19039,ImageProcessor_TPU,frame_processed,0,559,7,0.869447,75,1,NaN,NaN,NaN,NaN,NaN,NaN,NaN,NaN,NaN,NaN,NaN,NaN,NaN,NaN,NaN,NaN,NaN
19217,19045,ImageProcessor_Viz,frame_processed,0,559,7,0.344278,NaN,7,NaN,NaN,NaN,NaN,NaN,NaN,NaN,NaN,NaN,NaN,NaN,NaN,NaN,NaN,NaN,NaN,NaN
19229,19058,InferenceEngine,inference_complete,0,559,NaN,NaN,NaN,1,18.417,31.55,0.996066,13,NaN,NaN,NaN,NaN,NaN,NaN,NaN,NaN,NaN,NaN,NaN,NaN,NaN
19229,19209,Logic,frame_complete,-3955190986414698435,559,7,0.869447,75,1,18,31.55,0.996066,13,0,0,0,0.5,0.5,0,0,0,0,45.2,26.7141,48.5486,0
19243,19072,CameraCapture,frame_captured,0,560,7,0.146607,75,NaN,NaN,NaN,NaN,NaN,NaN,NaN,NaN,NaN,NaN,NaN,NaN,NaN,NaN,NaN,NaN,NaN,NaN
19244,19073,ImageProcessor_TPU,frame_processed,0,560,7,0.786163,75,0,NaN,NaN,NaN,NaN,NaN,NaN,NaN,NaN,NaN,NaN,NaN,NaN,NaN,NaN,NaN,NaN,NaN
19250,19079,ImageProcessor_Viz,frame_processed,0,560,7,0.340111,NaN,7,NaN,NaN,NaN,NaN,NaN,NaN,NaN,NaN,NaN,NaN,NaN,NaN,NaN,NaN,NaN,NaN,NaN
19263,19092,InferenceEngine,inference_complete,0,560,NaN,NaN,NaN,0,18.461,31.55,0.996066,13,NaN,NaN,NaN,NaN,NaN,NaN,NaN,NaN,NaN,NaN,NaN,NaN,NaN
19263,19243,Logic,frame_complete,-3955190986414698435,560,7,0.786163,75,0,19,31.55,0.996066,13,0,0,0,0.5,0.5,0,0,0,0,45.2,26.7141,48.5486,0
19275,19104,CameraCapture,frame_captured,0,561,7,0.24423,75,NaN,NaN,NaN,NaN,NaN,NaN,NaN,NaN,NaN,NaN,NaN,NaN,NaN,NaN,NaN,NaN,NaN,NaN
19277,19106,ImageProcessor_TPU,frame_processed,0,561,7,0.894971,75,1,NaN,NaN,NaN,NaN,NaN,NaN,NaN,NaN,NaN,NaN,NaN,NaN,NaN,NaN,NaN,NaN,NaN
19283,19112,ImageProcessor_Viz,frame_processed,0,561,7,0.3445,NaN,7,NaN,NaN,NaN,NaN,NaN,NaN,NaN,NaN,NaN,NaN,NaN,NaN,NaN,NaN,NaN,NaN,NaN
19296,19125,InferenceEngine,inference_complete,0,561,NaN,NaN,NaN,1,18.776,31.55,0.996066,13,NaN,NaN,NaN,NaN,NaN,NaN,NaN,NaN,NaN,NaN,NaN,NaN,NaN
19296,19275,Logic,frame_complete,-3955190986414698435,561,7,0.894971,75,1,19,31.55,0.996066,13,0,0,0,0.5,0.5,0,0,0,0,45.2,26.7141,48.5486,0
19310,19138,CameraCapture,frame_captured,0,562,7,0.141854,75,NaN,NaN,NaN,NaN,NaN,NaN,NaN,NaN,NaN,NaN,NaN,NaN,NaN,NaN,NaN,NaN,NaN,NaN
19311,19140,ImageProcessor_TPU,frame_processed,0,562,7,0.871298,75,1,NaN,NaN,NaN,NaN,NaN,NaN,NaN,NaN,NaN,NaN,NaN,NaN,NaN,NaN,NaN,NaN,NaN
19317,19146,ImageProcessor_Viz,frame_processed,0,562,7,0.34213,NaN,7,NaN,NaN,NaN,NaN,NaN,NaN,NaN,NaN,NaN,NaN,NaN,NaN,NaN,NaN,NaN,NaN,NaN
19330,19158,InferenceEngine,inference_complete,0,562,NaN,NaN,NaN,1,18.541,31.55,0.996066,13,NaN,NaN,NaN,NaN,NaN,NaN,NaN,NaN,NaN,NaN,NaN,NaN,NaN
19330,19309,Logic,frame_complete,-3955190986414698435,562,7,0.871298,75,1,18,31.55,0.996066,13,0,0,0,0.5,0.5,0,0,0,0,45.2,26.7141,48.5486,0
19341,19170,CameraCapture,frame_captured,0,563,7,0.149791,75,NaN,NaN,NaN,NaN,NaN,NaN,NaN,NaN,NaN,NaN,NaN,NaN,NaN,NaN,NaN,NaN,NaN,NaN
19342,19171,ImageProcessor_TPU,frame_processed,0,563,7,0.774513,75,0,NaN,NaN,NaN,NaN,NaN,NaN,NaN,NaN,NaN,NaN,NaN,NaN,NaN,NaN,NaN,NaN,NaN
19349,19178,ImageProcessor_Viz,frame_processed,0,563,7,0.354426,NaN,8,NaN,NaN,NaN,NaN,NaN,NaN,NaN,NaN,NaN,NaN,NaN,NaN,NaN,NaN,NaN,NaN,NaN
19361,19190,InferenceEngine,inference_complete,0,563,NaN,NaN,NaN,0,18.473,31.55,0.996066,13,NaN,NaN,NaN,NaN,NaN,NaN,NaN,NaN,NaN,NaN,NaN,NaN,NaN
19361,19341,Logic,frame_complete,-3955190986414698435,563,7,0.774513,75,0,19,31.55,0.996066,13,0,0,0,0.5,0.5,0,0,0,0,45.2,26.7141,48.5486,0
19376,19205,CameraCapture,frame_captured,0,564,7,0.145674,75,NaN,NaN,NaN,NaN,NaN,NaN,NaN,NaN,NaN,NaN,NaN,NaN,NaN,NaN,NaN,NaN,NaN,NaN
19377,19206,ImageProcessor_TPU,frame_processed,0,564,7,0.762637,75,0,NaN,NaN,NaN,NaN,NaN,NaN,NaN,NaN,NaN,NaN,NaN,NaN,NaN,NaN,NaN,NaN,NaN
19384,19212,ImageProcessor_Viz,frame_processed,0,564,7,0.337148,NaN,7,NaN,NaN,NaN,NaN,NaN,NaN,NaN,NaN,NaN,NaN,NaN,NaN,NaN,NaN,NaN,NaN,NaN
19396,19225,InferenceEngine,inference_complete,0,564,NaN,NaN,NaN,0,18.619,31.55,0.996066,13,NaN,NaN,NaN,NaN,NaN,NaN,NaN,NaN,NaN,NaN,NaN,NaN,NaN
19396,19376,Logic,frame_complete,-3955190986414698435,564,7,0.762637,75,0,19,31.55,0.996066,13,0,0,0,0.5,0.5,0,0,0,0,45.2,26.7141,48.5486,0
19408,19237,CameraCapture,frame_captured,0,565,7,0.153852,75,NaN,NaN,NaN,NaN,NaN,NaN,NaN,NaN,NaN,NaN,NaN,NaN,NaN,NaN,NaN,NaN,NaN,NaN
19410,19239,ImageProcessor_TPU,frame_processed,0,565,7,0.95763,75,1,NaN,NaN,NaN,NaN,NaN,NaN,NaN,NaN,NaN,NaN,NaN,NaN,NaN,NaN,NaN,NaN,NaN
19416,19245,ImageProcessor_Viz,frame_processed,0,565,7,0.509908,NaN,7,NaN,NaN,NaN,NaN,NaN,NaN,NaN,NaN,NaN,NaN,NaN,NaN,NaN,NaN,NaN,NaN,NaN
19429,19257,InferenceEngine,inference_complete,0,565,NaN,NaN,NaN,1,18.568,31.55,0.988223,13,NaN,NaN,NaN,NaN,NaN,NaN,NaN,NaN,NaN,NaN,NaN,NaN,NaN
19429,19408,Logic,frame_complete,-3955190986414698435,565,7,0.95763,75,1,18,31.55,0.988223,13,0,0,0,0.5,0.5,0,0,0,0,45.2,26.7141,48.5486,0
19442,19271,CameraCapture,frame_captured,0,566,7,0.167197,75,NaN,NaN,NaN,NaN,NaN,NaN,NaN,NaN,NaN,NaN,NaN,NaN,NaN,NaN,NaN,NaN,NaN,NaN
19443,19272,ImageProcessor_TPU,frame_processed,0,566,7,1.04764,75,0,NaN,NaN,NaN,NaN,NaN,NaN,NaN,NaN,NaN,NaN,NaN,NaN,NaN,NaN,NaN,NaN,NaN
19449,19278,ImageProcessor_Viz,frame_processed,0,566,7,0.33813,NaN,7,NaN,NaN,NaN,NaN,NaN,NaN,NaN,NaN,NaN,NaN,NaN,NaN,NaN,NaN,NaN,NaN,NaN
19462,19291,InferenceEngine,inference_complete,0,566,NaN,NaN,NaN,0,18.533,31.55,0.949008,13,NaN,NaN,NaN,NaN,NaN,NaN,NaN,NaN,NaN,NaN,NaN,NaN,NaN
19462,19442,Logic,frame_complete,-3955190986414698435,566,7,1.04764,75,0,19,31.55,0.949008,13,0,0,0,0.5,0.5,0,0,0,0,45.2,26.7141,48.5486,0
19475,19304,CameraCapture,frame_captured,0,567,7,0.207431,75,NaN,NaN,NaN,NaN,NaN,NaN,NaN,NaN,NaN,NaN,NaN,NaN,NaN,NaN,NaN,NaN,NaN,NaN
19477,19305,ImageProcessor_TPU,frame_processed,0,567,7,0.828728,75,0,NaN,NaN,NaN,NaN,NaN,NaN,NaN,NaN,NaN,NaN,NaN,NaN,NaN,NaN,NaN,NaN,NaN
19483,19312,ImageProcessor_Viz,frame_processed,0,567,7,0.336203,NaN,7,NaN,NaN,NaN,NaN,NaN,NaN,NaN,NaN,NaN,NaN,NaN,NaN,NaN,NaN,NaN,NaN,NaN
19496,19324,InferenceEngine,inference_complete,0,567,NaN,NaN,NaN,0,18.682,31.55,0.647051,13,NaN,NaN,NaN,NaN,NaN,NaN,NaN,NaN,NaN,NaN,NaN,NaN,NaN
19496,19475,Logic,frame_complete,-3955190986414698435,567,7,0.828728,75,0,19,31.55,0.647051,13,0,0,0,0.5,0.5,0,0,0,0,45.2,26.7141,48.5486,0
19508,19337,CameraCapture,frame_captured,0,568,7,0.152572,75,NaN,NaN,NaN,NaN,NaN,NaN,NaN,NaN,NaN,NaN,NaN,NaN,NaN,NaN,NaN,NaN,NaN,NaN
19509,19338,ImageProcessor_TPU,frame_processed,0,568,7,0.831702,75,0,NaN,NaN,NaN,NaN,NaN,NaN,NaN,NaN,NaN,NaN,NaN,NaN,NaN,NaN,NaN,NaN,NaN
19516,19345,ImageProcessor_Viz,frame_processed,0,568,7,0.326556,NaN,7,NaN,NaN,NaN,NaN,NaN,NaN,NaN,NaN,NaN,NaN,NaN,NaN,NaN,NaN,NaN,NaN,NaN
19529,19358,InferenceEngine,inference_complete,0,568,NaN,NaN,NaN,0,18.964,31.55,0.576463,12,NaN,NaN,NaN,NaN,NaN,NaN,NaN,NaN,NaN,NaN,NaN,NaN,NaN
19529,19508,Logic,frame_complete,-3955190986414698435,568,7,0.831702,75,0,19,31.55,0.576463,12,0,0,0,0.5,0.5,0,0,0,0,45.2,26.7141,48.5486,0
19542,19371,CameraCapture,frame_captured,0,569,7,0.153381,75,NaN,NaN,NaN,NaN,NaN,NaN,NaN,NaN,NaN,NaN,NaN,NaN,NaN,NaN,NaN,NaN,NaN,NaN
19543,19372,ImageProcessor_TPU,frame_processed,0,569,7,0.732344,75,0,NaN,NaN,NaN,NaN,NaN,NaN,NaN,NaN,NaN,NaN,NaN,NaN,NaN,NaN,NaN,NaN,NaN
19553,19381,ImageProcessor_Viz,frame_processed,0,569,7,0.337259,NaN,10,NaN,NaN,NaN,NaN,NaN,NaN,NaN,NaN,NaN,NaN,NaN,NaN,NaN,NaN,NaN,NaN,NaN
19562,19391,InferenceEngine,inference_complete,0,569,NaN,NaN,NaN,0,18.821,31.55,0,0,NaN,NaN,NaN,NaN,NaN,NaN,NaN,NaN,NaN,NaN,NaN,NaN,NaN
19562,19542,Logic,frame_complete,-3955190986414698435,569,7,0.732344,75,0,19,31.55,0,0,0,0,0,0.5,0.5,0,0,0,0,45.2,26.7141,48.5486,0
19576,19405,CameraCapture,frame_captured,0,570,7,0.140004,75,NaN,NaN,NaN,NaN,NaN,NaN,NaN,NaN,NaN,NaN,NaN,NaN,NaN,NaN,NaN,NaN,NaN,NaN
19577,19406,ImageProcessor_TPU,frame_processed,0,570,7,0.690522,75,1,NaN,NaN,NaN,NaN,NaN,NaN,NaN,NaN,NaN,NaN,NaN,NaN,NaN,NaN,NaN,NaN,NaN
19584,19413,ImageProcessor_Viz,frame_processed,0,570,7,0.334648,NaN,8,NaN,NaN,NaN,NaN,NaN,NaN,NaN,NaN,NaN,NaN,NaN,NaN,NaN,NaN,NaN,NaN,NaN
19596,19425,InferenceEngine,inference_complete,0,570,NaN,NaN,NaN,1,19.357,31.55,0,0,NaN,NaN,NaN,NaN,NaN,NaN,NaN,NaN,NaN,NaN,NaN,NaN,NaN
19596,19576,Logic,frame_complete,-3955190986414698435,570,7,0.690522,75,1,19,31.55,0,0,0,0,0,0.5,0.5,0,0,0,0,45.2,26.7141,48.5486,0
19609,19437,CameraCapture,frame_captured,0,571,7,0.139552,75,NaN,NaN,NaN,NaN,NaN,NaN,NaN,NaN,NaN,NaN,NaN,NaN,NaN,NaN,NaN,NaN,NaN,NaN
19610,19439,ImageProcessor_TPU,frame_processed,0,571,7,0.721201,75,1,NaN,NaN,NaN,NaN,NaN,NaN,NaN,NaN,NaN,NaN,NaN,NaN,NaN,NaN,NaN,NaN,NaN
19616,19445,ImageProcessor_Viz,frame_processed,0,571,7,0.340093,NaN,7,NaN,NaN,NaN,NaN,NaN,NaN,NaN,NaN,NaN,NaN,NaN,NaN,NaN,NaN,NaN,NaN,NaN
19629,19458,InferenceEngine,inference_complete,0,571,NaN,NaN,NaN,1,18.902,31.55,0,0,NaN,NaN,NaN,NaN,NaN,NaN,NaN,NaN,NaN,NaN,NaN,NaN,NaN
19629,19608,Logic,frame_complete,-3955190986414698435,571,7,0.721201,75,1,19,31.55,0,0,0,0,0,0.5,0.5,0,0,0,0,45.2,26.7141,48.5486,0
19643,19471,CameraCapture,frame_captured,0,572,7,0.145305,75,NaN,NaN,NaN,NaN,NaN,NaN,NaN,NaN,NaN,NaN,NaN,NaN,NaN,NaN,NaN,NaN,NaN,NaN
19644,19473,ImageProcessor_TPU,frame_processed,0,572,7,0.76825,75,1,NaN,NaN,NaN,NaN,NaN,NaN,NaN,NaN,NaN,NaN,NaN,NaN,NaN,NaN,NaN,NaN,NaN
19650,19479,ImageProcessor_Viz,frame_processed,0,572,7,0.329426,NaN,7,NaN,NaN,NaN,NaN,NaN,NaN,NaN,NaN,NaN,NaN,NaN,NaN,NaN,NaN,NaN,NaN,NaN
19663,19492,InferenceEngine,inference_complete,0,572,NaN,NaN,NaN,1,18.978,31.55,0,0,NaN,NaN,NaN,NaN,NaN,NaN,NaN,NaN,NaN,NaN,NaN,NaN,NaN
19663,19642,Logic,frame_complete,-3955190986414698435,572,7,0.76825,75,1,19,31.55,0,0,0,0,0,0.5,0.5,0,0,0,0,45.2,26.7141,48.5486,0
19676,19505,CameraCapture,frame_captured,0,573,7,0.156224,75,NaN,NaN,NaN,NaN,NaN,NaN,NaN,NaN,NaN,NaN,NaN,NaN,NaN,NaN,NaN,NaN,NaN,NaN
19677,19506,ImageProcessor_TPU,frame_processed,0,573,7,0.722984,75,1,NaN,NaN,NaN,NaN,NaN,NaN,NaN,NaN,NaN,NaN,NaN,NaN,NaN,NaN,NaN,NaN,NaN
19684,19513,ImageProcessor_Viz,frame_processed,0,573,7,0.337889,NaN,7,NaN,NaN,NaN,NaN,NaN,NaN,NaN,NaN,NaN,NaN,NaN,NaN,NaN,NaN,NaN,NaN,NaN
19696,19525,InferenceEngine,inference_complete,0,573,NaN,NaN,NaN,1,18.713,31.55,0,0,NaN,NaN,NaN,NaN,NaN,NaN,NaN,NaN,NaN,NaN,NaN,NaN,NaN
19696,19676,Logic,frame_complete,-3955190986414698435,573,7,0.722984,75,1,19,31.55,0,0,0,0,0,0.5,0.5,0,0,0,0,45.2,26.7141,48.5486,0
19709,19538,CameraCapture,frame_captured,0,574,7,0.144847,75,NaN,NaN,NaN,NaN,NaN,NaN,NaN,NaN,NaN,NaN,NaN,NaN,NaN,NaN,NaN,NaN,NaN,NaN
19710,19539,ImageProcessor_TPU,frame_processed,0,574,7,0.727477,75,0,NaN,NaN,NaN,NaN,NaN,NaN,NaN,NaN,NaN,NaN,NaN,NaN,NaN,NaN,NaN,NaN,NaN
19717,19546,ImageProcessor_Viz,frame_processed,0,574,7,0.330092,NaN,8,NaN,NaN,NaN,NaN,NaN,NaN,NaN,NaN,NaN,NaN,NaN,NaN,NaN,NaN,NaN,NaN,NaN
19729,19558,InferenceEngine,inference_complete,0,574,NaN,NaN,NaN,0,18.668,31.55,0,0,NaN,NaN,NaN,NaN,NaN,NaN,NaN,NaN,NaN,NaN,NaN,NaN,NaN
19729,19709,Logic,frame_complete,-3955190986414698435,574,7,0.727477,75,0,19,31.55,0,0,0,0,0,0.5,0.5,0,0,0,0,45.2,26.7141,48.5486,0
19742,19571,CameraCapture,frame_captured,0,575,7,0.170229,75,NaN,NaN,NaN,NaN,NaN,NaN,NaN,NaN,NaN,NaN,NaN,NaN,NaN,NaN,NaN,NaN,NaN,NaN
19743,19572,ImageProcessor_TPU,frame_processed,0,575,7,1.35436,75,0,NaN,NaN,NaN,NaN,NaN,NaN,NaN,NaN,NaN,NaN,NaN,NaN,NaN,NaN,NaN,NaN,NaN
19750,19579,ImageProcessor_Viz,frame_processed,0,575,7,0.43813,NaN,8,NaN,NaN,NaN,NaN,NaN,NaN,NaN,NaN,NaN,NaN,NaN,NaN,NaN,NaN,NaN,NaN,NaN
19762,19591,InferenceEngine,inference_complete,0,575,NaN,NaN,NaN,0,18.844,31.55,0,0,NaN,NaN,NaN,NaN,NaN,NaN,NaN,NaN,NaN,NaN,NaN,NaN,NaN
19763,19742,Logic,frame_complete,-3955190986414698435,575,7,1.35436,75,0,19,31.55,0,0,0,0,0,0.5,0.5,0,0,0,0,45.2,26.7141,48.5486,0
19776,19605,CameraCapture,frame_captured,0,576,7,0.139704,75,NaN,NaN,NaN,NaN,NaN,NaN,NaN,NaN,NaN,NaN,NaN,NaN,NaN,NaN,NaN,NaN,NaN,NaN
19777,19606,ImageProcessor_TPU,frame_processed,0,576,7,0.709704,75,1,NaN,NaN,NaN,NaN,NaN,NaN,NaN,NaN,NaN,NaN,NaN,NaN,NaN,NaN,NaN,NaN,NaN
19784,19613,ImageProcessor_Viz,frame_processed,0,576,7,0.347685,NaN,8,NaN,NaN,NaN,NaN,NaN,NaN,NaN,NaN,NaN,NaN,NaN,NaN,NaN,NaN,NaN,NaN,NaN
19796,19625,InferenceEngine,inference_complete,0,576,NaN,NaN,NaN,1,19.359,31.55,0,0,NaN,NaN,NaN,NaN,NaN,NaN,NaN,NaN,NaN,NaN,NaN,NaN,NaN
19796,19776,Logic,frame_complete,-3955190986414698435,576,7,0.709704,75,1,19,31.55,0,0,0,0,0,0.5,0.5,0,0,0,0,45.2,26.7141,48.5486,0
19809,19638,CameraCapture,frame_captured,0,577,7,0.143771,75,NaN,NaN,NaN,NaN,NaN,NaN,NaN,NaN,NaN,NaN,NaN,NaN,NaN,NaN,NaN,NaN,NaN,NaN
19810,19639,ImageProcessor_TPU,frame_processed,0,577,7,0.723697,75,0,NaN,NaN,NaN,NaN,NaN,NaN,NaN,NaN,NaN,NaN,NaN,NaN,NaN,NaN,NaN,NaN,NaN
19818,19646,ImageProcessor_Viz,frame_processed,0,577,7,0.352686,NaN,7,NaN,NaN,NaN,NaN,NaN,NaN,NaN,NaN,NaN,NaN,NaN,NaN,NaN,NaN,NaN,NaN,NaN
19829,19658,InferenceEngine,inference_complete,0,577,NaN,NaN,NaN,0,18.759,31.55,0,0,NaN,NaN,NaN,NaN,NaN,NaN,NaN,NaN,NaN,NaN,NaN,NaN,NaN
19829,19809,Logic,frame_complete,-3955190986414698435,577,7,0.723697,75,0,19,31.55,0,0,0,0,0,0.5,0.5,0,0,0,0,45.2,26.7141,48.5486,0
19843,19672,CameraCapture,frame_captured,0,578,7,0.249376,75,NaN,NaN,NaN,NaN,NaN,NaN,NaN,NaN,NaN,NaN,NaN,NaN,NaN,NaN,NaN,NaN,NaN,NaN
19844,19673,ImageProcessor_TPU,frame_processed,0,578,7,1.27162,75,0,NaN,NaN,NaN,NaN,NaN,NaN,NaN,NaN,NaN,NaN,NaN,NaN,NaN,NaN,NaN,NaN,NaN
19851,19679,ImageProcessor_Viz,frame_processed,0,578,7,0.353722,NaN,7,NaN,NaN,NaN,NaN,NaN,NaN,NaN,NaN,NaN,NaN,NaN,NaN,NaN,NaN,NaN,NaN,NaN
19863,19692,InferenceEngine,inference_complete,0,578,NaN,NaN,NaN,0,18.515,31.55,0,0,NaN,NaN,NaN,NaN,NaN,NaN,NaN,NaN,NaN,NaN,NaN,NaN,NaN
19863,19843,Logic,frame_complete,-3955190986414698435,578,7,1.27162,75,0,19,31.55,0,0,0,0,0,0.5,0.5,0,0,0,0,45.2,26.7141,48.5486,0
19875,19704,CameraCapture,frame_captured,0,579,7,0.148017,75,NaN,NaN,NaN,NaN,NaN,NaN,NaN,NaN,NaN,NaN,NaN,NaN,NaN,NaN,NaN,NaN,NaN,NaN
19876,19705,ImageProcessor_TPU,frame_processed,0,579,7,0.756646,75,1,NaN,NaN,NaN,NaN,NaN,NaN,NaN,NaN,NaN,NaN,NaN,NaN,NaN,NaN,NaN,NaN,NaN
19882,19711,ImageProcessor_Viz,frame_processed,0,579,7,0.338371,NaN,7,NaN,NaN,NaN,NaN,NaN,NaN,NaN,NaN,NaN,NaN,NaN,NaN,NaN,NaN,NaN,NaN,NaN
19897,19726,InferenceEngine,inference_complete,0,579,NaN,NaN,NaN,1,19.873,31.55,0,0,NaN,NaN,NaN,NaN,NaN,NaN,NaN,NaN,NaN,NaN,NaN,NaN,NaN
19897,19875,Logic,frame_complete,-3955190986414698435,579,7,0.756646,75,1,19,31.55,0,0,0,0,0,0.5,0.5,0,0,0,0,45.2,26.7141,48.5486,0
19909,19738,CameraCapture,frame_captured,0,580,7,0.143158,75,NaN,NaN,NaN,NaN,NaN,NaN,NaN,NaN,NaN,NaN,NaN,NaN,NaN,NaN,NaN,NaN,NaN,NaN
19911,19740,ImageProcessor_TPU,frame_processed,0,580,7,1.30971,75,1,NaN,NaN,NaN,NaN,NaN,NaN,NaN,NaN,NaN,NaN,NaN,NaN,NaN,NaN,NaN,NaN,NaN
19918,19747,ImageProcessor_Viz,frame_processed,0,580,7,0.356445,NaN,9,NaN,NaN,NaN,NaN,NaN,NaN,NaN,NaN,NaN,NaN,NaN,NaN,NaN,NaN,NaN,NaN,NaN
19931,19759,InferenceEngine,inference_complete,0,580,NaN,NaN,NaN,1,19.54,31.55,0,0,NaN,NaN,NaN,NaN,NaN,NaN,NaN,NaN,NaN,NaN,NaN,NaN,NaN
19931,19909,Logic,frame_complete,-3955190986414698435,580,7,1.30971,75,1,19,31.55,0,0,0,0,0,0.5,0.5,0,0,0,0,45.2,26.7141,48.5486,0
19943,19771,CameraCapture,frame_captured,0,581,7,0.184466,75,NaN,NaN,NaN,NaN,NaN,NaN,NaN,NaN,NaN,NaN,NaN,NaN,NaN,NaN,NaN,NaN,NaN,NaN
19944,19773,ImageProcessor_TPU,frame_processed,0,581,7,0.810189,75,1,NaN,NaN,NaN,NaN,NaN,NaN,NaN,NaN,NaN,NaN,NaN,NaN,NaN,NaN,NaN,NaN,NaN
19950,19779,ImageProcessor_Viz,frame_processed,0,581,7,0.347148,NaN,7,NaN,NaN,NaN,NaN,NaN,NaN,NaN,NaN,NaN,NaN,NaN,NaN,NaN,NaN,NaN,NaN,NaN
19963,19791,InferenceEngine,inference_complete,0,581,NaN,NaN,NaN,1,18.734,31.55,0,0,NaN,NaN,NaN,NaN,NaN,NaN,NaN,NaN,NaN,NaN,NaN,NaN,NaN
19963,19942,Logic,frame_complete,-3955190986414698435,581,7,0.810189,75,1,18,31.55,0,0,0,0,0,0.5,0.5,0,0,0,0,45.2,26.7141,48.5486,0
19976,19805,CameraCapture,frame_captured,0,582,7,0.141182,75,NaN,NaN,NaN,NaN,NaN,NaN,NaN,NaN,NaN,NaN,NaN,NaN,NaN,NaN,NaN,NaN,NaN,NaN
19977,19806,ImageProcessor_TPU,frame_processed,0,582,7,0.763775,75,1,NaN,NaN,NaN,NaN,NaN,NaN,NaN,NaN,NaN,NaN,NaN,NaN,NaN,NaN,NaN,NaN,NaN
19983,19812,ImageProcessor_Viz,frame_processed,0,582,7,0.342203,NaN,7,NaN,NaN,NaN,NaN,NaN,NaN,NaN,NaN,NaN,NaN,NaN,NaN,NaN,NaN,NaN,NaN,NaN
19996,19825,InferenceEngine,inference_complete,0,582,NaN,NaN,NaN,1,19.157,31.55,0,0,NaN,NaN,NaN,NaN,NaN,NaN,NaN,NaN,NaN,NaN,NaN,NaN,NaN
19996,19976,Logic,frame_complete,-3955190986414698435,582,7,0.763775,75,1,19,31.55,0,0,0,0,0,0.5,0.5,0,0,0,0,45.2,26.7141,48.5486,0
20009,19837,CameraCapture,frame_captured,0,583,7,0.150768,75,NaN,NaN,NaN,NaN,NaN,NaN,NaN,NaN,NaN,NaN,NaN,NaN,NaN,NaN,NaN,NaN,NaN,NaN
20010,19838,ImageProcessor_TPU,frame_processed,0,583,7,0.754175,75,0,NaN,NaN,NaN,NaN,NaN,NaN,NaN,NaN,NaN,NaN,NaN,NaN,NaN,NaN,NaN,NaN,NaN
20016,19845,ImageProcessor_Viz,frame_processed,0,583,7,0.341518,NaN,7,NaN,NaN,NaN,NaN,NaN,NaN,NaN,NaN,NaN,NaN,NaN,NaN,NaN,NaN,NaN,NaN,NaN
20030,19858,InferenceEngine,inference_complete,0,583,NaN,NaN,NaN,0,19.89,31.55,0,0,NaN,NaN,NaN,NaN,NaN,NaN,NaN,NaN,NaN,NaN,NaN,NaN,NaN
20030,20008,Logic,frame_complete,-3955190986414698435,583,7,0.754175,75,0,20,31.55,0,0,0,0,0,0.5,0.5,0,0,0,0,45.2,26.7141,48.5486,0
20043,19871,CameraCapture,frame_captured,0,584,7,0.156761,75,NaN,NaN,NaN,NaN,NaN,NaN,NaN,NaN,NaN,NaN,NaN,NaN,NaN,NaN,NaN,NaN,NaN,NaN
20043,19872,ImageProcessor_TPU,frame_processed,0,584,7,0.749483,75,0,NaN,NaN,NaN,NaN,NaN,NaN,NaN,NaN,NaN,NaN,NaN,NaN,NaN,NaN,NaN,NaN,NaN
20051,19879,ImageProcessor_Viz,frame_processed,0,584,7,0.34787,NaN,7,NaN,NaN,NaN,NaN,NaN,NaN,NaN,NaN,NaN,NaN,NaN,NaN,NaN,NaN,NaN,NaN,NaN
20063,19892,InferenceEngine,inference_complete,0,584,NaN,NaN,NaN,0,19.733,31.55,0,0,NaN,NaN,NaN,NaN,NaN,NaN,NaN,NaN,NaN,NaN,NaN,NaN,NaN
20064,20042,Logic,frame_complete,-3955190986414698435,584,7,0.749483,75,0,20,31.55,0,0,0,0,0,0.5,0.5,0,0,0,0,45.2,26.7141,48.5486,0
20076,19905,CameraCapture,frame_captured,0,585,7,0.143476,75,NaN,NaN,NaN,NaN,NaN,NaN,NaN,NaN,NaN,NaN,NaN,NaN,NaN,NaN,NaN,NaN,NaN,NaN
20077,19906,ImageProcessor_TPU,frame_processed,0,585,7,0.751254,75,1,NaN,NaN,NaN,NaN,NaN,NaN,NaN,NaN,NaN,NaN,NaN,NaN,NaN,NaN,NaN,NaN,NaN
20083,19912,ImageProcessor_Viz,frame_processed,0,585,7,0.335963,NaN,7,NaN,NaN,NaN,NaN,NaN,NaN,NaN,NaN,NaN,NaN,NaN,NaN,NaN,NaN,NaN,NaN,NaN
20096,19925,InferenceEngine,inference_complete,0,585,NaN,NaN,NaN,1,18.671,31.55,0,0,NaN,NaN,NaN,NaN,NaN,NaN,NaN,NaN,NaN,NaN,NaN,NaN,NaN
20096,20076,Logic,frame_complete,-3955190986414698435,585,7,0.751254,75,1,19,31.55,0,0,0,0,0,0.5,0.5,0,0,0,0,45.2,26.7141,48.5486,0
20108,19937,CameraCapture,frame_captured,0,586,7,0.154506,75,NaN,NaN,NaN,NaN,NaN,NaN,NaN,NaN,NaN,NaN,NaN,NaN,NaN,NaN,NaN,NaN,NaN,NaN
20110,19938,ImageProcessor_TPU,frame_processed,0,586,7,0.963396,75,0,NaN,NaN,NaN,NaN,NaN,NaN,NaN,NaN,NaN,NaN,NaN,NaN,NaN,NaN,NaN,NaN,NaN
20116,19944,ImageProcessor_Viz,frame_processed,0,586,7,0.440537,NaN,7,NaN,NaN,NaN,NaN,NaN,NaN,NaN,NaN,NaN,NaN,NaN,NaN,NaN,NaN,NaN,NaN,NaN
20128,19957,InferenceEngine,inference_complete,0,586,NaN,NaN,NaN,0,18.506,31.55,0,0,NaN,NaN,NaN,NaN,NaN,NaN,NaN,NaN,NaN,NaN,NaN,NaN,NaN
20128,20108,Logic,frame_complete,-3955190986414698435,586,7,0.963396,75,0,19,31.55,0,0,0,0,0,0.5,0.5,0,0,0,0,45.2,26.7141,48.5486,0
20142,19970,CameraCapture,frame_captured,0,587,7,0.14187,75,NaN,NaN,NaN,NaN,NaN,NaN,NaN,NaN,NaN,NaN,NaN,NaN,NaN,NaN,NaN,NaN,NaN,NaN
20143,19972,ImageProcessor_TPU,frame_processed,0,587,7,0.722074,75,1,NaN,NaN,NaN,NaN,NaN,NaN,NaN,NaN,NaN,NaN,NaN,NaN,NaN,NaN,NaN,NaN,NaN
20149,19978,ImageProcessor_Viz,frame_processed,0,587,7,0.338037,NaN,7,NaN,NaN,NaN,NaN,NaN,NaN,NaN,NaN,NaN,NaN,NaN,NaN,NaN,NaN,NaN,NaN,NaN
20162,19990,InferenceEngine,inference_complete,0,587,NaN,NaN,NaN,1,18.624,31.55,0,0,NaN,NaN,NaN,NaN,NaN,NaN,NaN,NaN,NaN,NaN,NaN,NaN,NaN
20162,20141,Logic,frame_complete,-3955190986414698435,587,7,0.722074,75,1,18,31.55,0,0,0,0,0,0.5,0.5,0,0,0,0,45.2,26.7141,48.5486,0
20176,20004,CameraCapture,frame_captured,0,588,7,0.138586,75,NaN,NaN,NaN,NaN,NaN,NaN,NaN,NaN,NaN,NaN,NaN,NaN,NaN,NaN,NaN,NaN,NaN,NaN
20177,20006,ImageProcessor_TPU,frame_processed,0,588,7,0.757882,75,1,NaN,NaN,NaN,NaN,NaN,NaN,NaN,NaN,NaN,NaN,NaN,NaN,NaN,NaN,NaN,NaN,NaN
20183,20012,ImageProcessor_Viz,frame_processed,0,588,7,0.336982,NaN,7,NaN,NaN,NaN,NaN,NaN,NaN,NaN,NaN,NaN,NaN,NaN,NaN,NaN,NaN,NaN,NaN,NaN
20196,20024,InferenceEngine,inference_complete,0,588,NaN,NaN,NaN,1,18.592,31.55,0,0,NaN,NaN,NaN,NaN,NaN,NaN,NaN,NaN,NaN,NaN,NaN,NaN,NaN
20196,20175,Logic,frame_complete,-3955190986414698435,588,7,0.757882,75,1,18,31.55,0,0,0,0,0,0.5,0.5,0,0,0,0,45.2,26.7141,48.5486,0
20209,20038,CameraCapture,frame_captured,0,589,7,0.142209,75,NaN,NaN,NaN,NaN,NaN,NaN,NaN,NaN,NaN,NaN,NaN,NaN,NaN,NaN,NaN,NaN,NaN,NaN
20210,20039,ImageProcessor_TPU,frame_processed,0,589,7,0.929172,75,0,NaN,NaN,NaN,NaN,NaN,NaN,NaN,NaN,NaN,NaN,NaN,NaN,NaN,NaN,NaN,NaN,NaN
20217,20046,ImageProcessor_Viz,frame_processed,0,589,7,0.530075,NaN,7,NaN,NaN,NaN,NaN,NaN,NaN,NaN,NaN,NaN,NaN,NaN,NaN,NaN,NaN,NaN,NaN,NaN
20229,20058,InferenceEngine,inference_complete,0,589,NaN,NaN,NaN,0,18.749,31.55,0,0,NaN,NaN,NaN,NaN,NaN,NaN,NaN,NaN,NaN,NaN,NaN,NaN,NaN
20229,20209,Logic,frame_complete,-3955190986414698435,589,7,0.929172,75,0,19,31.55,0,0,0,0,0,0.5,0.5,0,0,0,0,45.2,26.7141,48.5486,0
20242,20070,CameraCapture,frame_captured,0,590,7,0.24485,75,NaN,NaN,NaN,NaN,NaN,NaN,NaN,NaN,NaN,NaN,NaN,NaN,NaN,NaN,NaN,NaN,NaN,NaN
20243,20072,ImageProcessor_TPU,frame_processed,0,590,7,0.817554,75,1,NaN,NaN,NaN,NaN,NaN,NaN,NaN,NaN,NaN,NaN,NaN,NaN,NaN,NaN,NaN,NaN,NaN
20250,20079,ImageProcessor_Viz,frame_processed,0,590,7,0.342426,NaN,8,NaN,NaN,NaN,NaN,NaN,NaN,NaN,NaN,NaN,NaN,NaN,NaN,NaN,NaN,NaN,NaN,NaN
20266,20095,InferenceEngine,inference_complete,0,590,NaN,NaN,NaN,1,23.294,31.55,0,0,NaN,NaN,NaN,NaN,NaN,NaN,NaN,NaN,NaN,NaN,NaN,NaN,NaN
20267,20241,Logic,frame_complete,-3955190986414698435,590,7,0.817554,75,1,23,31.55,0,0,0,0,0,0.5,0.5,0,0,0,0,45.2,26.7141,48.5486,0
20276,20105,CameraCapture,frame_captured,0,591,7,0.177381,75,NaN,NaN,NaN,NaN,NaN,NaN,NaN,NaN,NaN,NaN,NaN,NaN,NaN,NaN,NaN,NaN,NaN,NaN
20277,20106,ImageProcessor_TPU,frame_processed,0,591,7,0.866307,75,0,NaN,NaN,NaN,NaN,NaN,NaN,NaN,NaN,NaN,NaN,NaN,NaN,NaN,NaN,NaN,NaN,NaN
20285,20114,ImageProcessor_Viz,frame_processed,0,591,7,0.371463,NaN,9,NaN,NaN,NaN,NaN,NaN,NaN,NaN,NaN,NaN,NaN,NaN,NaN,NaN,NaN,NaN,NaN,NaN
20302,20130,InferenceEngine,inference_complete,0,591,NaN,NaN,NaN,0,24.01,31.55,0,0,NaN,NaN,NaN,NaN,NaN,NaN,NaN,NaN,NaN,NaN,NaN,NaN,NaN
20302,20276,Logic,frame_complete,-3955190986414698435,591,7,0.866307,75,0,24,31.55,0,0,0,0,0,0.5,0.5,0,0,0,0,45.2,26.7141,48.5486,0
20309,20138,CameraCapture,frame_captured,0,592,7,0.189281,75,NaN,NaN,NaN,NaN,NaN,NaN,NaN,NaN,NaN,NaN,NaN,NaN,NaN,NaN,NaN,NaN,NaN,NaN
20310,20139,ImageProcessor_TPU,frame_processed,0,592,7,0.930652,75,1,NaN,NaN,NaN,NaN,NaN,NaN,NaN,NaN,NaN,NaN,NaN,NaN,NaN,NaN,NaN,NaN,NaN
20318,20147,ImageProcessor_Viz,frame_processed,0,592,7,0.38,NaN,9,NaN,NaN,NaN,NaN,NaN,NaN,NaN,NaN,NaN,NaN,NaN,NaN,NaN,NaN,NaN,NaN,NaN
20334,20163,InferenceEngine,inference_complete,0,592,NaN,NaN,NaN,1,24.2,31.55,0,0,NaN,NaN,NaN,NaN,NaN,NaN,NaN,NaN,NaN,NaN,NaN,NaN,NaN
20334,20309,Logic,frame_complete,-3955190986414698435,592,7,0.930652,75,1,24,31.55,0,0,0,0,0,0.5,0.5,0,0,0,0,45.2,26.7141,48.5486,0
20343,20172,CameraCapture,frame_captured,0,593,7,0.179756,75,NaN,NaN,NaN,NaN,NaN,NaN,NaN,NaN,NaN,NaN,NaN,NaN,NaN,NaN,NaN,NaN,NaN,NaN
20344,20173,ImageProcessor_TPU,frame_processed,0,593,7,1.13107,75,0,NaN,NaN,NaN,NaN,NaN,NaN,NaN,NaN,NaN,NaN,NaN,NaN,NaN,NaN,NaN,NaN,NaN
20352,20181,ImageProcessor_Viz,frame_processed,0,593,7,0.380555,NaN,9,NaN,NaN,NaN,NaN,NaN,NaN,NaN,NaN,NaN,NaN,NaN,NaN,NaN,NaN,NaN,NaN,NaN
20366,20195,InferenceEngine,inference_complete,0,593,NaN,NaN,NaN,0,21.755,31.55,0,0,NaN,NaN,NaN,NaN,NaN,NaN,NaN,NaN,NaN,NaN,NaN,NaN,NaN
20367,20343,Logic,frame_complete,-3955190986414698435,593,7,1.13107,75,0,22,31.55,0,0,0,0,0,0.5,0.5,0,0,0,0,45.2,26.7141,48.5486,0
20375,20204,CameraCapture,frame_captured,0,594,7,0.176601,75,NaN,NaN,NaN,NaN,NaN,NaN,NaN,NaN,NaN,NaN,NaN,NaN,NaN,NaN,NaN,NaN,NaN,NaN
20377,20205,ImageProcessor_TPU,frame_processed,0,594,7,0.794045,75,0,NaN,NaN,NaN,NaN,NaN,NaN,NaN,NaN,NaN,NaN,NaN,NaN,NaN,NaN,NaN,NaN,NaN
20384,20213,ImageProcessor_Viz,frame_processed,0,594,7,0.361482,NaN,9,NaN,NaN,NaN,NaN,NaN,NaN,NaN,NaN,NaN,NaN,NaN,NaN,NaN,NaN,NaN,NaN,NaN
20400,20228,InferenceEngine,inference_complete,0,594,NaN,NaN,NaN,0,22.817,31.55,0,0,NaN,NaN,NaN,NaN,NaN,NaN,NaN,NaN,NaN,NaN,NaN,NaN,NaN
20400,20375,Logic,frame_complete,-3955190986414698435,594,7,0.794045,75,0,23,31.55,0,0,0,0,0,0.5,0.5,0,0,0,0,45.2,26.7141,48.5486,0
20408,20237,CameraCapture,frame_captured,0,595,7,0.168872,75,NaN,NaN,NaN,NaN,NaN,NaN,NaN,NaN,NaN,NaN,NaN,NaN,NaN,NaN,NaN,NaN,NaN,NaN
20409,20238,ImageProcessor_TPU,frame_processed,0,595,7,1.02417,75,0,NaN,NaN,NaN,NaN,NaN,NaN,NaN,NaN,NaN,NaN,NaN,NaN,NaN,NaN,NaN,NaN,NaN
20417,20246,ImageProcessor_Viz,frame_processed,0,595,7,0.491889,NaN,9,NaN,NaN,NaN,NaN,NaN,NaN,NaN,NaN,NaN,NaN,NaN,NaN,NaN,NaN,NaN,NaN,NaN
20426,20254,SystemMonitor,system_stats,0,NaN,NaN,NaN,NaN,NaN,NaN,NaN,NaN,NaN,NaN,NaN,NaN,NaN,NaN,NaN,NaN,NaN,NaN,45.75,26.8317,48.5604,0
20431,20260,InferenceEngine,inference_complete,0,595,NaN,NaN,NaN,0,21.675,31.55,0,0,NaN,NaN,NaN,NaN,NaN,NaN,NaN,NaN,NaN,NaN,NaN,NaN,NaN
20431,20408,Logic,frame_complete,-3955190986414698435,595,7,1.02417,75,0,22,31.55,0,0,0,0,0,0.5,0.5,0,0,0,0,45.75,26.8317,48.5604,0
20443,20272,CameraCapture,frame_captured,0,596,7,0.173013,75,NaN,NaN,NaN,NaN,NaN,NaN,NaN,NaN,NaN,NaN,NaN,NaN,NaN,NaN,NaN,NaN,NaN,NaN
20444,20273,ImageProcessor_TPU,frame_processed,0,596,7,1.15468,75,0,NaN,NaN,NaN,NaN,NaN,NaN,NaN,NaN,NaN,NaN,NaN,NaN,NaN,NaN,NaN,NaN,NaN
20451,20280,ImageProcessor_Viz,frame_processed,0,596,7,0.363074,NaN,8,NaN,NaN,NaN,NaN,NaN,NaN,NaN,NaN,NaN,NaN,NaN,NaN,NaN,NaN,NaN,NaN,NaN
20464,20293,InferenceEngine,inference_complete,0,596,NaN,NaN,NaN,0,19.311,31.55,0,0,NaN,NaN,NaN,NaN,NaN,NaN,NaN,NaN,NaN,NaN,NaN,NaN,NaN
20464,20443,Logic,frame_complete,-3955190986414698435,596,7,1.15468,75,0,20,31.55,0,0,0,0,0,0.5,0.5,0,0,0,0,45.75,26.8317,48.5604,0
20475,20304,CameraCapture,frame_captured,0,597,7,0.144395,75,NaN,NaN,NaN,NaN,NaN,NaN,NaN,NaN,NaN,NaN,NaN,NaN,NaN,NaN,NaN,NaN,NaN,NaN
20477,20305,ImageProcessor_TPU,frame_processed,0,597,7,1.56603,75,0,NaN,NaN,NaN,NaN,NaN,NaN,NaN,NaN,NaN,NaN,NaN,NaN,NaN,NaN,NaN,NaN,NaN
20483,20311,ImageProcessor_Viz,frame_processed,0,597,7,0.34226,NaN,7,NaN,NaN,NaN,NaN,NaN,NaN,NaN,NaN,NaN,NaN,NaN,NaN,NaN,NaN,NaN,NaN,NaN
20495,20324,InferenceEngine,inference_complete,0,597,NaN,NaN,NaN,0,18.374,31.55,0,0,NaN,NaN,NaN,NaN,NaN,NaN,NaN,NaN,NaN,NaN,NaN,NaN,NaN
20495,20475,Logic,frame_complete,-3955190986414698435,597,7,1.56603,75,0,18,31.55,0,0,0,0,0,0.5,0.5,0,0,0,0,45.75,26.8317,48.5604,0
20509,20338,CameraCapture,frame_captured,0,598,7,0.16861,75,NaN,NaN,NaN,NaN,NaN,NaN,NaN,NaN,NaN,NaN,NaN,NaN,NaN,NaN,NaN,NaN,NaN,NaN
20512,20340,ImageProcessor_TPU,frame_processed,0,598,7,1.51743,75,1,NaN,NaN,NaN,NaN,NaN,NaN,NaN,NaN,NaN,NaN,NaN,NaN,NaN,NaN,NaN,NaN,NaN
20517,20345,ImageProcessor_Viz,frame_processed,0,598,7,0.437445,NaN,7,NaN,NaN,NaN,NaN,NaN,NaN,NaN,NaN,NaN,NaN,NaN,NaN,NaN,NaN,NaN,NaN,NaN
20530,20359,InferenceEngine,inference_complete,0,598,NaN,NaN,NaN,1,18.412,31.55,0,0,NaN,NaN,NaN,NaN,NaN,NaN,NaN,NaN,NaN,NaN,NaN,NaN,NaN
20530,20509,Logic,frame_complete,-3955190986414698435,598,7,1.51743,75,1,18,31.55,0,0,0,0,0,0.5,0.5,0,0,0,0,45.75,26.8317,48.5604,0
20541,20369,CameraCapture,frame_captured,0,599,7,0.230381,75,NaN,NaN,NaN,NaN,NaN,NaN,NaN,NaN,NaN,NaN,NaN,NaN,NaN,NaN,NaN,NaN,NaN,NaN
20542,20371,ImageProcessor_TPU,frame_processed,0,599,7,0.830807,75,1,NaN,NaN,NaN,NaN,NaN,NaN,NaN,NaN,NaN,NaN,NaN,NaN,NaN,NaN,NaN,NaN,NaN
20551,20380,ImageProcessor_Viz,frame_processed,0,599,7,0.354018,NaN,10,NaN,NaN,NaN,NaN,NaN,NaN,NaN,NaN,NaN,NaN,NaN,NaN,NaN,NaN,NaN,NaN,NaN
20561,20389,InferenceEngine,inference_complete,0,599,NaN,NaN,NaN,1,18.306,31.8,0,0,NaN,NaN,NaN,NaN,NaN,NaN,NaN,NaN,NaN,NaN,NaN,NaN,NaN
20561,20540,Logic,frame_complete,-3955190986414698435,599,7,0.830807,75,1,18,31.8,0,0,0,0,0,0.5,0.5,0,0,0,0,45.75,26.8317,48.5604,0
20576,20404,CameraCapture,frame_captured,0,600,7,0.197615,75,NaN,NaN,NaN,NaN,NaN,NaN,NaN,NaN,NaN,NaN,NaN,NaN,NaN,NaN,NaN,NaN,NaN,NaN
20577,20406,ImageProcessor_TPU,frame_processed,0,600,7,0.74843,75,1,NaN,NaN,NaN,NaN,NaN,NaN,NaN,NaN,NaN,NaN,NaN,NaN,NaN,NaN,NaN,NaN,NaN
20584,20413,ImageProcessor_Viz,frame_processed,0,600,7,0.334648,NaN,8,NaN,NaN,NaN,NaN,NaN,NaN,NaN,NaN,NaN,NaN,NaN,NaN,NaN,NaN,NaN,NaN,NaN
20596,20425,InferenceEngine,inference_complete,0,600,NaN,NaN,NaN,1,18.506,31.8,0,0,NaN,NaN,NaN,NaN,NaN,NaN,NaN,NaN,NaN,NaN,NaN,NaN,NaN
20596,20575,Logic,frame_complete,-3955190986414698435,600,7,0.74843,75,1,19,31.8,0,0,0,0,0,0.5,0.5,0,0,0,0,45.75,26.8317,48.5604,0
20608,20437,CameraCapture,frame_captured,0,601,7,0.143219,75,NaN,NaN,NaN,NaN,NaN,NaN,NaN,NaN,NaN,NaN,NaN,NaN,NaN,NaN,NaN,NaN,NaN,NaN
20609,20438,ImageProcessor_TPU,frame_processed,0,601,7,0.757423,75,0,NaN,NaN,NaN,NaN,NaN,NaN,NaN,NaN,NaN,NaN,NaN,NaN,NaN,NaN,NaN,NaN,NaN
20616,20444,ImageProcessor_Viz,frame_processed,0,601,7,0.33137,NaN,7,NaN,NaN,NaN,NaN,NaN,NaN,NaN,NaN,NaN,NaN,NaN,NaN,NaN,NaN,NaN,NaN,NaN
20628,20456,InferenceEngine,inference_complete,0,601,NaN,NaN,NaN,0,18.436,31.8,0,0,NaN,NaN,NaN,NaN,NaN,NaN,NaN,NaN,NaN,NaN,NaN,NaN,NaN
20628,20608,Logic,frame_complete,-3955190986414698435,601,7,0.757423,75,0,18,31.8,0,0,0,0,0,0.5,0.5,0,0,0,0,45.75,26.8317,48.5604,0
20641,20470,CameraCapture,frame_captured,0,602,7,0.143731,75,NaN,NaN,NaN,NaN,NaN,NaN,NaN,NaN,NaN,NaN,NaN,NaN,NaN,NaN,NaN,NaN,NaN,NaN
20643,20471,ImageProcessor_TPU,frame_processed,0,602,7,0.71612,75,0,NaN,NaN,NaN,NaN,NaN,NaN,NaN,NaN,NaN,NaN,NaN,NaN,NaN,NaN,NaN,NaN,NaN
20649,20478,ImageProcessor_Viz,frame_processed,0,602,7,0.332407,NaN,8,NaN,NaN,NaN,NaN,NaN,NaN,NaN,NaN,NaN,NaN,NaN,NaN,NaN,NaN,NaN,NaN,NaN
20661,20490,InferenceEngine,inference_complete,0,602,NaN,NaN,NaN,0,18.6,31.8,0,0,NaN,NaN,NaN,NaN,NaN,NaN,NaN,NaN,NaN,NaN,NaN,NaN,NaN
20661,20641,Logic,frame_complete,-3955190986414698435,602,7,0.71612,75,0,19,31.8,0,0,0,0,0,0.5,0.5,0,0,0,0,45.75,26.8317,48.5604,0
20675,20504,CameraCapture,frame_captured,0,603,7,0.140446,75,NaN,NaN,NaN,NaN,NaN,NaN,NaN,NaN,NaN,NaN,NaN,NaN,NaN,NaN,NaN,NaN,NaN,NaN
20676,20505,ImageProcessor_TPU,frame_processed,0,603,7,0.748817,75,1,NaN,NaN,NaN,NaN,NaN,NaN,NaN,NaN,NaN,NaN,NaN,NaN,NaN,NaN,NaN,NaN,NaN
20682,20511,ImageProcessor_Viz,frame_processed,0,603,7,0.326556,NaN,7,NaN,NaN,NaN,NaN,NaN,NaN,NaN,NaN,NaN,NaN,NaN,NaN,NaN,NaN,NaN,NaN,NaN
20695,20524,InferenceEngine,inference_complete,0,603,NaN,NaN,NaN,1,18.612,31.8,0,0,NaN,NaN,NaN,NaN,NaN,NaN,NaN,NaN,NaN,NaN,NaN,NaN,NaN
20695,20675,Logic,frame_complete,-3955190986414698435,603,7,0.748817,75,1,19,31.8,0,0,0,0,0,0.5,0.5,0,0,0,0,45.75,26.8317,48.5604,0
20708,20537,CameraCapture,frame_captured,0,604,7,0.139495,75,NaN,NaN,NaN,NaN,NaN,NaN,NaN,NaN,NaN,NaN,NaN,NaN,NaN,NaN,NaN,NaN,NaN,NaN
20709,20537,ImageProcessor_TPU,frame_processed,0,604,7,0.697124,75,0,NaN,NaN,NaN,NaN,NaN,NaN,NaN,NaN,NaN,NaN,NaN,NaN,NaN,NaN,NaN,NaN,NaN
20716,20545,ImageProcessor_Viz,frame_processed,0,604,7,0.340759,NaN,8,NaN,NaN,NaN,NaN,NaN,NaN,NaN,NaN,NaN,NaN,NaN,NaN,NaN,NaN,NaN,NaN,NaN
20728,20556,InferenceEngine,inference_complete,0,604,NaN,NaN,NaN,0,18.581,31.8,0,0,NaN,NaN,NaN,NaN,NaN,NaN,NaN,NaN,NaN,NaN,NaN,NaN,NaN
20728,20708,Logic,frame_complete,-3955190986414698435,604,7,0.697124,75,0,18,31.8,0,0,0,0,0,0.5,0.5,0,0,0,0,45.75,26.8317,48.5604,0
20741,20570,CameraCapture,frame_captured,0,605,7,0.140654,75,NaN,NaN,NaN,NaN,NaN,NaN,NaN,NaN,NaN,NaN,NaN,NaN,NaN,NaN,NaN,NaN,NaN,NaN
20742,20571,ImageProcessor_TPU,frame_processed,0,605,7,0.767525,75,0,NaN,NaN,NaN,NaN,NaN,NaN,NaN,NaN,NaN,NaN,NaN,NaN,NaN,NaN,NaN,NaN,NaN
20749,20578,ImageProcessor_Viz,frame_processed,0,605,7,0.337834,NaN,8,NaN,NaN,NaN,NaN,NaN,NaN,NaN,NaN,NaN,NaN,NaN,NaN,NaN,NaN,NaN,NaN,NaN
20761,20590,InferenceEngine,inference_complete,0,605,NaN,NaN,NaN,0,18.595,31.8,0,0,NaN,NaN,NaN,NaN,NaN,NaN,NaN,NaN,NaN,NaN,NaN,NaN,NaN
20761,20741,Logic,frame_complete,-3955190986414698435,605,7,0.767525,75,0,19,31.8,0,0,0,0,0,0.5,0.5,0,0,0,0,45.75,26.8317,48.5604,0
20774,20603,CameraCapture,frame_captured,0,606,7,0.140629,75,NaN,NaN,NaN,NaN,NaN,NaN,NaN,NaN,NaN,NaN,NaN,NaN,NaN,NaN,NaN,NaN,NaN,NaN
20775,20604,ImageProcessor_TPU,frame_processed,0,606,7,0.754518,75,0,NaN,NaN,NaN,NaN,NaN,NaN,NaN,NaN,NaN,NaN,NaN,NaN,NaN,NaN,NaN,NaN,NaN
20782,20611,ImageProcessor_Viz,frame_processed,0,606,7,0.335889,NaN,7,NaN,NaN,NaN,NaN,NaN,NaN,NaN,NaN,NaN,NaN,NaN,NaN,NaN,NaN,NaN,NaN,NaN
20794,20623,InferenceEngine,inference_complete,0,606,NaN,NaN,NaN,0,18.545,31.8,0,0,NaN,NaN,NaN,NaN,NaN,NaN,NaN,NaN,NaN,NaN,NaN,NaN,NaN
20794,20774,Logic,frame_complete,-3955190986414698435,606,7,0.754518,75,0,19,31.8,0,0,0,0,0,0.5,0.5,0,0,0,0,45.75,26.8317,48.5604,0
20808,20637,CameraCapture,frame_captured,0,607,7,0.143918,75,NaN,NaN,NaN,NaN,NaN,NaN,NaN,NaN,NaN,NaN,NaN,NaN,NaN,NaN,NaN,NaN,NaN,NaN
20809,20638,ImageProcessor_TPU,frame_processed,0,607,7,0.763196,75,0,NaN,NaN,NaN,NaN,NaN,NaN,NaN,NaN,NaN,NaN,NaN,NaN,NaN,NaN,NaN,NaN,NaN
20816,20645,ImageProcessor_Viz,frame_processed,0,607,7,0.337574,NaN,7,NaN,NaN,NaN,NaN,NaN,NaN,NaN,NaN,NaN,NaN,NaN,NaN,NaN,NaN,NaN,NaN,NaN
20828,20657,InferenceEngine,inference_complete,0,607,NaN,NaN,NaN,0,18.831,31.8,0,0,NaN,NaN,NaN,NaN,NaN,NaN,NaN,NaN,NaN,NaN,NaN,NaN,NaN
20828,20808,Logic,frame_complete,-3955190986414698435,607,7,0.763196,75,0,19,31.8,0,0,0,0,0,0.5,0.5,0,0,0,0,45.75,26.8317,48.5604,0
20841,20670,CameraCapture,frame_captured,0,608,7,0.14156,75,NaN,NaN,NaN,NaN,NaN,NaN,NaN,NaN,NaN,NaN,NaN,NaN,NaN,NaN,NaN,NaN,NaN,NaN
20842,20671,ImageProcessor_TPU,frame_processed,0,608,7,0.768338,75,0,NaN,NaN,NaN,NaN,NaN,NaN,NaN,NaN,NaN,NaN,NaN,NaN,NaN,NaN,NaN,NaN,NaN
20849,20678,ImageProcessor_Viz,frame_processed,0,608,7,0.333574,NaN,8,NaN,NaN,NaN,NaN,NaN,NaN,NaN,NaN,NaN,NaN,NaN,NaN,NaN,NaN,NaN,NaN,NaN
20861,20690,InferenceEngine,inference_complete,0,608,NaN,NaN,NaN,0,18.635,31.8,0,0,NaN,NaN,NaN,NaN,NaN,NaN,NaN,NaN,NaN,NaN,NaN,NaN,NaN
20861,20841,Logic,frame_complete,-3955190986414698435,608,7,0.768338,75,0,19,31.8,0,0,0,0,0,0.5,0.5,0,0,0,0,45.75,26.8317,48.5604,0
20875,20703,CameraCapture,frame_captured,0,609,7,0.23846,75,NaN,NaN,NaN,NaN,NaN,NaN,NaN,NaN,NaN,NaN,NaN,NaN,NaN,NaN,NaN,NaN,NaN,NaN
20875,20704,ImageProcessor_TPU,frame_processed,0,609,7,0.819553,75,0,NaN,NaN,NaN,NaN,NaN,NaN,NaN,NaN,NaN,NaN,NaN,NaN,NaN,NaN,NaN,NaN,NaN
20883,20711,ImageProcessor_Viz,frame_processed,0,609,7,0.352352,NaN,7,NaN,NaN,NaN,NaN,NaN,NaN,NaN,NaN,NaN,NaN,NaN,NaN,NaN,NaN,NaN,NaN,NaN
20897,20726,InferenceEngine,inference_complete,0,609,NaN,NaN,NaN,0,21.15,31.8,0,0,NaN,NaN,NaN,NaN,NaN,NaN,NaN,NaN,NaN,NaN,NaN,NaN,NaN
20897,20874,Logic,frame_complete,-3955190986414698435,609,7,0.819553,75,0,22,31.8,0,0,0,0,0,0.5,0.5,0,0,0,0,45.75,26.8317,48.5604,0
20909,20738,CameraCapture,frame_captured,0,610,7,0.231805,75,NaN,NaN,NaN,NaN,NaN,NaN,NaN,NaN,NaN,NaN,NaN,NaN,NaN,NaN,NaN,NaN,NaN,NaN
20910,20739,ImageProcessor_TPU,frame_processed,0,610,7,0.795787,75,1,NaN,NaN,NaN,NaN,NaN,NaN,NaN,NaN,NaN,NaN,NaN,NaN,NaN,NaN,NaN,NaN,NaN
20917,20746,ImageProcessor_Viz,frame_processed,0,610,7,0.349074,NaN,8,NaN,NaN,NaN,NaN,NaN,NaN,NaN,NaN,NaN,NaN,NaN,NaN,NaN,NaN,NaN,NaN,NaN
20929,20757,InferenceEngine,inference_complete,0,610,NaN,NaN,NaN,1,18.574,31.8,0,0,NaN,NaN,NaN,NaN,NaN,NaN,NaN,NaN,NaN,NaN,NaN,NaN,NaN
20929,20909,Logic,frame_complete,-3955190986414698435,610,7,0.795787,75,1,18,31.8,0,0,0,0,0,0.5,0.5,0,0,0,0,45.75,26.8317,48.5604,0
20941,20770,CameraCapture,frame_captured,0,611,7,0.149465,75,NaN,NaN,NaN,NaN,NaN,NaN,NaN,NaN,NaN,NaN,NaN,NaN,NaN,NaN,NaN,NaN,NaN,NaN
20943,20771,ImageProcessor_TPU,frame_processed,0,611,7,0.736484,75,0,NaN,NaN,NaN,NaN,NaN,NaN,NaN,NaN,NaN,NaN,NaN,NaN,NaN,NaN,NaN,NaN,NaN
20949,20778,ImageProcessor_Viz,frame_processed,0,611,7,0.338204,NaN,8,NaN,NaN,NaN,NaN,NaN,NaN,NaN,NaN,NaN,NaN,NaN,NaN,NaN,NaN,NaN,NaN,NaN
20961,20790,InferenceEngine,inference_complete,0,611,NaN,NaN,NaN,0,18.631,31.8,0,0,NaN,NaN,NaN,NaN,NaN,NaN,NaN,NaN,NaN,NaN,NaN,NaN,NaN
20961,20941,Logic,frame_complete,-3955190986414698435,611,7,0.736484,75,0,19,31.8,0,0,0,0,0,0.5,0.5,0,0,0,0,45.75,26.8317,48.5604,0
20974,20803,CameraCapture,frame_captured,0,612,7,0.147199,75,NaN,NaN,NaN,NaN,NaN,NaN,NaN,NaN,NaN,NaN,NaN,NaN,NaN,NaN,NaN,NaN,NaN,NaN
20975,20804,ImageProcessor_TPU,frame_processed,0,612,7,0.775458,75,0,NaN,NaN,NaN,NaN,NaN,NaN,NaN,NaN,NaN,NaN,NaN,NaN,NaN,NaN,NaN,NaN,NaN
20982,20811,ImageProcessor_Viz,frame_processed,0,612,7,0.342704,NaN,8,NaN,NaN,NaN,NaN,NaN,NaN,NaN,NaN,NaN,NaN,NaN,NaN,NaN,NaN,NaN,NaN,NaN
20994,20823,InferenceEngine,inference_complete,0,612,NaN,NaN,NaN,0,18.571,31.8,0,0,NaN,NaN,NaN,NaN,NaN,NaN,NaN,NaN,NaN,NaN,NaN,NaN,NaN
20994,20974,Logic,frame_complete,-3955190986414698435,612,7,0.775458,75,0,19,31.8,0,0,0,0,0,0.5,0.5,0,0,0,0,45.75,26.8317,48.5604,0
21009,20837,CameraCapture,frame_captured,0,613,7,0.141192,75,NaN,NaN,NaN,NaN,NaN,NaN,NaN,NaN,NaN,NaN,NaN,NaN,NaN,NaN,NaN,NaN,NaN,NaN
21010,20839,ImageProcessor_TPU,frame_processed,0,613,7,0.770692,75,1,NaN,NaN,NaN,NaN,NaN,NaN,NaN,NaN,NaN,NaN,NaN,NaN,NaN,NaN,NaN,NaN,NaN
21016,20845,ImageProcessor_Viz,frame_processed,0,613,7,0.358,NaN,7,NaN,NaN,NaN,NaN,NaN,NaN,NaN,NaN,NaN,NaN,NaN,NaN,NaN,NaN,NaN,NaN,NaN
21029,20858,InferenceEngine,inference_complete,0,613,NaN,NaN,NaN,1,18.655,31.8,0,0,NaN,NaN,NaN,NaN,NaN,NaN,NaN,NaN,NaN,NaN,NaN,NaN,NaN
21029,21008,Logic,frame_complete,-3955190986414698435,613,7,0.770692,75,1,18,31.8,0,0,0,0,0,0.5,0.5,0,0,0,0,45.75,26.8317,48.5604,0
21041,20870,CameraCapture,frame_captured,0,614,7,0.226777,75,NaN,NaN,NaN,NaN,NaN,NaN,NaN,NaN,NaN,NaN,NaN,NaN,NaN,NaN,NaN,NaN,NaN,NaN
21043,20872,ImageProcessor_TPU,frame_processed,0,614,7,1.78989,75,0,NaN,NaN,NaN,NaN,NaN,NaN,NaN,NaN,NaN,NaN,NaN,NaN,NaN,NaN,NaN,NaN,NaN
21049,20878,ImageProcessor_Viz,frame_processed,0,614,7,0.348334,NaN,8,NaN,NaN,NaN,NaN,NaN,NaN,NaN,NaN,NaN,NaN,NaN,NaN,NaN,NaN,NaN,NaN,NaN
21062,20891,InferenceEngine,inference_complete,0,614,NaN,NaN,NaN,0,18.706,31.8,0,0,NaN,NaN,NaN,NaN,NaN,NaN,NaN,NaN,NaN,NaN,NaN,NaN,NaN
21062,21041,Logic,frame_complete,-3955190986414698435,614,7,1.78989,75,0,19,31.8,0,0,0,0,0,0.5,0.5,0,0,0,0,45.75,26.8317,48.5604,0
21074,20902,CameraCapture,frame_captured,0,615,7,0.144659,75,NaN,NaN,NaN,NaN,NaN,NaN,NaN,NaN,NaN,NaN,NaN,NaN,NaN,NaN,NaN,NaN,NaN,NaN
21075,20904,ImageProcessor_TPU,frame_processed,0,615,7,0.710419,75,1,NaN,NaN,NaN,NaN,NaN,NaN,NaN,NaN,NaN,NaN,NaN,NaN,NaN,NaN,NaN,NaN,NaN
21082,20911,ImageProcessor_Viz,frame_processed,0,615,7,0.346389,NaN,8,NaN,NaN,NaN,NaN,NaN,NaN,NaN,NaN,NaN,NaN,NaN,NaN,NaN,NaN,NaN,NaN,NaN
21094,20922,InferenceEngine,inference_complete,0,615,NaN,NaN,NaN,1,18.438,31.8,0,0,NaN,NaN,NaN,NaN,NaN,NaN,NaN,NaN,NaN,NaN,NaN,NaN,NaN
21094,21073,Logic,frame_complete,-3955190986414698435,615,7,0.710419,75,1,18,31.8,0,0,0,0,0,0.5,0.5,0,0,0,0,45.75,26.8317,48.5604,0
21108,20936,CameraCapture,frame_captured,0,616,7,0.209782,75,NaN,NaN,NaN,NaN,NaN,NaN,NaN,NaN,NaN,NaN,NaN,NaN,NaN,NaN,NaN,NaN,NaN,NaN
21109,20938,ImageProcessor_TPU,frame_processed,0,616,7,0.762319,75,1,NaN,NaN,NaN,NaN,NaN,NaN,NaN,NaN,NaN,NaN,NaN,NaN,NaN,NaN,NaN,NaN,NaN
21116,20945,ImageProcessor_Viz,frame_processed,0,616,7,0.336666,NaN,8,NaN,NaN,NaN,NaN,NaN,NaN,NaN,NaN,NaN,NaN,NaN,NaN,NaN,NaN,NaN,NaN,NaN
21128,20956,InferenceEngine,inference_complete,0,616,NaN,NaN,NaN,1,18.502,31.8,0,0,NaN,NaN,NaN,NaN,NaN,NaN,NaN,NaN,NaN,NaN,NaN,NaN,NaN
21128,21107,Logic,frame_complete,-3955190986414698435,616,7,0.762319,75,1,18,31.8,0,0,0,0,0,0.5,0.5,0,0,0,0,45.75,26.8317,48.5604,0
21142,20971,CameraCapture,frame_captured,0,617,7,0.140831,75,NaN,NaN,NaN,NaN,NaN,NaN,NaN,NaN,NaN,NaN,NaN,NaN,NaN,NaN,NaN,NaN,NaN,NaN
21143,20972,ImageProcessor_TPU,frame_processed,0,617,7,0.712276,75,0,NaN,NaN,NaN,NaN,NaN,NaN,NaN,NaN,NaN,NaN,NaN,NaN,NaN,NaN,NaN,NaN,NaN
21150,20978,ImageProcessor_Viz,frame_processed,0,617,7,0.334926,NaN,7,NaN,NaN,NaN,NaN,NaN,NaN,NaN,NaN,NaN,NaN,NaN,NaN,NaN,NaN,NaN,NaN,NaN
21162,20991,InferenceEngine,inference_complete,0,617,NaN,NaN,NaN,0,18.632,31.8,0,0,NaN,NaN,NaN,NaN,NaN,NaN,NaN,NaN,NaN,NaN,NaN,NaN,NaN
21162,21142,Logic,frame_complete,-3955190986414698435,617,7,0.712276,75,0,19,31.8,0,0,0,0,0,0.5,0.5,0,0,0,0,45.75,26.8317,48.5604,0
21174,21003,CameraCapture,frame_captured,0,618,7,0.148102,75,NaN,NaN,NaN,NaN,NaN,NaN,NaN,NaN,NaN,NaN,NaN,NaN,NaN,NaN,NaN,NaN,NaN,NaN
21175,21004,ImageProcessor_TPU,frame_processed,0,618,7,0.756028,75,0,NaN,NaN,NaN,NaN,NaN,NaN,NaN,NaN,NaN,NaN,NaN,NaN,NaN,NaN,NaN,NaN,NaN
21182,21011,ImageProcessor_Viz,frame_processed,0,618,7,0.327352,NaN,7,NaN,NaN,NaN,NaN,NaN,NaN,NaN,NaN,NaN,NaN,NaN,NaN,NaN,NaN,NaN,NaN,NaN
21194,21023,InferenceEngine,inference_complete,0,618,NaN,NaN,NaN,0,18.457,31.8,0,0,NaN,NaN,NaN,NaN,NaN,NaN,NaN,NaN,NaN,NaN,NaN,NaN,NaN
21194,21174,Logic,frame_complete,-3955190986414698435,618,7,0.756028,75,0,19,31.8,0,0,0,0,0,0.5,0.5,0,0,0,0,45.75,26.8317,48.5604,0
21207,21036,CameraCapture,frame_captured,0,619,7,0.234669,75,NaN,NaN,NaN,NaN,NaN,NaN,NaN,NaN,NaN,NaN,NaN,NaN,NaN,NaN,NaN,NaN,NaN,NaN
21208,21037,ImageProcessor_TPU,frame_processed,0,619,7,1.18198,75,0,NaN,NaN,NaN,NaN,NaN,NaN,NaN,NaN,NaN,NaN,NaN,NaN,NaN,NaN,NaN,NaN,NaN
21215,21043,ImageProcessor_Viz,frame_processed,0,619,7,0.349592,NaN,7,NaN,NaN,NaN,NaN,NaN,NaN,NaN,NaN,NaN,NaN,NaN,NaN,NaN,NaN,NaN,NaN,NaN
21228,21057,InferenceEngine,inference_complete,0,619,NaN,NaN,NaN,0,18.873,31.8,0,0,NaN,NaN,NaN,NaN,NaN,NaN,NaN,NaN,NaN,NaN,NaN,NaN,NaN
21228,21207,Logic,frame_complete,-3955190986414698435,619,7,1.18198,75,0,18,31.8,0,0,0,0,0,0.5,0.5,0,0,0,0,45.75,26.8317,48.5604,0
21242,21071,CameraCapture,frame_captured,0,620,7,0.230662,75,NaN,NaN,NaN,NaN,NaN,NaN,NaN,NaN,NaN,NaN,NaN,NaN,NaN,NaN,NaN,NaN,NaN,NaN
21243,21072,ImageProcessor_TPU,frame_processed,0,620,7,1.10994,75,0,NaN,NaN,NaN,NaN,NaN,NaN,NaN,NaN,NaN,NaN,NaN,NaN,NaN,NaN,NaN,NaN,NaN
21250,21078,ImageProcessor_Viz,frame_processed,0,620,7,0.370852,NaN,7,NaN,NaN,NaN,NaN,NaN,NaN,NaN,NaN,NaN,NaN,NaN,NaN,NaN,NaN,NaN,NaN,NaN
21262,21091,InferenceEngine,inference_complete,0,620,NaN,NaN,NaN,0,18.555,31.8,0,0,NaN,NaN,NaN,NaN,NaN,NaN,NaN,NaN,NaN,NaN,NaN,NaN,NaN
21262,21242,Logic,frame_complete,-3955190986414698435,620,7,1.10994,75,0,19,31.8,0,0,0,0,0,0.5,0.5,0,0,0,0,45.75,26.8317,48.5604,0
21275,21104,CameraCapture,frame_captured,0,621,7,0.142452,75,NaN,NaN,NaN,NaN,NaN,NaN,NaN,NaN,NaN,NaN,NaN,NaN,NaN,NaN,NaN,NaN,NaN,NaN
21277,21105,ImageProcessor_TPU,frame_processed,0,621,7,0.722156,75,0,NaN,NaN,NaN,NaN,NaN,NaN,NaN,NaN,NaN,NaN,NaN,NaN,NaN,NaN,NaN,NaN,NaN
21283,21112,ImageProcessor_Viz,frame_processed,0,621,7,0.334945,NaN,7,NaN,NaN,NaN,NaN,NaN,NaN,NaN,NaN,NaN,NaN,NaN,NaN,NaN,NaN,NaN,NaN,NaN
21295,21124,InferenceEngine,inference_complete,0,621,NaN,NaN,NaN,0,18.532,31.8,0,0,NaN,NaN,NaN,NaN,NaN,NaN,NaN,NaN,NaN,NaN,NaN,NaN,NaN
21296,21275,Logic,frame_complete,-3955190986414698435,621,7,0.722156,75,0,18,31.8,0,0,0,0,0,0.5,0.5,0,0,0,0,45.75,26.8317,48.5604,0
21308,21137,CameraCapture,frame_captured,0,622,7,0.165852,75,NaN,NaN,NaN,NaN,NaN,NaN,NaN,NaN,NaN,NaN,NaN,NaN,NaN,NaN,NaN,NaN,NaN,NaN
21309,21138,ImageProcessor_TPU,frame_processed,0,622,7,0.804778,75,0,NaN,NaN,NaN,NaN,NaN,NaN,NaN,NaN,NaN,NaN,NaN,NaN,NaN,NaN,NaN,NaN,NaN
21316,21144,ImageProcessor_Viz,frame_processed,0,622,7,0.330611,NaN,7,NaN,NaN,NaN,NaN,NaN,NaN,NaN,NaN,NaN,NaN,NaN,NaN,NaN,NaN,NaN,NaN,NaN
21328,21157,InferenceEngine,inference_complete,0,622,NaN,NaN,NaN,0,18.604,31.8,0,0,NaN,NaN,NaN,NaN,NaN,NaN,NaN,NaN,NaN,NaN,NaN,NaN,NaN
21328,21308,Logic,frame_complete,-3955190986414698435,622,7,0.804778,75,0,19,31.8,0,0,0,0,0,0.5,0.5,0,0,0,0,45.75,26.8317,48.5604,0
21340,21169,CameraCapture,frame_captured,0,623,7,0.149752,75,NaN,NaN,NaN,NaN,NaN,NaN,NaN,NaN,NaN,NaN,NaN,NaN,NaN,NaN,NaN,NaN,NaN,NaN
21342,21170,ImageProcessor_TPU,frame_processed,0,623,7,1.11753,75,0,NaN,NaN,NaN,NaN,NaN,NaN,NaN,NaN,NaN,NaN,NaN,NaN,NaN,NaN,NaN,NaN,NaN
21348,21176,ImageProcessor_Viz,frame_processed,0,623,7,0.338574,NaN,7,NaN,NaN,NaN,NaN,NaN,NaN,NaN,NaN,NaN,NaN,NaN,NaN,NaN,NaN,NaN,NaN,NaN
21361,21190,InferenceEngine,inference_complete,0,623,NaN,NaN,NaN,0,18.898,31.8,0,0,NaN,NaN,NaN,NaN,NaN,NaN,NaN,NaN,NaN,NaN,NaN,NaN,NaN
21361,21340,Logic,frame_complete,-3955190986414698435,623,7,1.11753,75,0,18,31.8,0,0,0,0,0,0.5,0.5,0,0,0,0,45.75,26.8317,48.5604,0
21374,21203,CameraCapture,frame_captured,0,624,7,0.157986,75,NaN,NaN,NaN,NaN,NaN,NaN,NaN,NaN,NaN,NaN,NaN,NaN,NaN,NaN,NaN,NaN,NaN,NaN
21375,21204,ImageProcessor_TPU,frame_processed,0,624,7,0.993894,75,0,NaN,NaN,NaN,NaN,NaN,NaN,NaN,NaN,NaN,NaN,NaN,NaN,NaN,NaN,NaN,NaN,NaN
21381,21210,ImageProcessor_Viz,frame_processed,0,624,7,0.337797,NaN,7,NaN,NaN,NaN,NaN,NaN,NaN,NaN,NaN,NaN,NaN,NaN,NaN,NaN,NaN,NaN,NaN,NaN
21394,21223,InferenceEngine,inference_complete,0,624,NaN,NaN,NaN,0,18.569,31.8,0,0,NaN,NaN,NaN,NaN,NaN,NaN,NaN,NaN,NaN,NaN,NaN,NaN,NaN
21394,21374,Logic,frame_complete,-3955190986414698435,624,7,0.993894,75,0,19,31.8,0,0,0,0,0,0.5,0.5,0,0,0,0,45.75,26.8317,48.5604,0
21407,21236,CameraCapture,frame_captured,0,625,7,0.142738,75,NaN,NaN,NaN,NaN,NaN,NaN,NaN,NaN,NaN,NaN,NaN,NaN,NaN,NaN,NaN,NaN,NaN,NaN
21409,21237,ImageProcessor_TPU,frame_processed,0,625,7,0.841813,75,0,NaN,NaN,NaN,NaN,NaN,NaN,NaN,NaN,NaN,NaN,NaN,NaN,NaN,NaN,NaN,NaN,NaN
21415,21244,ImageProcessor_Viz,frame_processed,0,625,7,0.340703,NaN,7,NaN,NaN,NaN,NaN,NaN,NaN,NaN,NaN,NaN,NaN,NaN,NaN,NaN,NaN,NaN,NaN,NaN
21428,21256,InferenceEngine,inference_complete,0,625,NaN,NaN,NaN,0,18.738,31.8,0,0,NaN,NaN,NaN,NaN,NaN,NaN,NaN,NaN,NaN,NaN,NaN,NaN,NaN
21428,21407,Logic,frame_complete,-3955190986414698435,625,7,0.841813,75,0,18,31.8,0,0,0,0,0,0.5,0.5,0,0,0,0,45.75,26.8317,48.5604,0
21441,21270,CameraCapture,frame_captured,0,626,7,0.139768,75,NaN,NaN,NaN,NaN,NaN,NaN,NaN,NaN,NaN,NaN,NaN,NaN,NaN,NaN,NaN,NaN,NaN,NaN
21442,21271,ImageProcessor_TPU,frame_processed,0,626,7,0.77225,75,1,NaN,NaN,NaN,NaN,NaN,NaN,NaN,NaN,NaN,NaN,NaN,NaN,NaN,NaN,NaN,NaN,NaN
21448,21277,ImageProcessor_Viz,frame_processed,0,626,7,0.344574,NaN,7,NaN,NaN,NaN,NaN,NaN,NaN,NaN,NaN,NaN,NaN,NaN,NaN,NaN,NaN,NaN,NaN,NaN
21461,21290,InferenceEngine,inference_complete,0,626,NaN,NaN,NaN,1,19.008,31.8,0,0,NaN,NaN,NaN,NaN,NaN,NaN,NaN,NaN,NaN,NaN,NaN,NaN,NaN
21461,21441,Logic,frame_complete,-3955190986414698435,626,7,0.77225,75,1,19,31.8,0,0,0,0,0,0.5,0.5,0,0,0,0,45.75,26.8317,48.5604,0
21474,21302,CameraCapture,frame_captured,0,627,7,0.22515,75,NaN,NaN,NaN,NaN,NaN,NaN,NaN,NaN,NaN,NaN,NaN,NaN,NaN,NaN,NaN,NaN,NaN,NaN
21475,21304,ImageProcessor_TPU,frame_processed,0,627,7,0.896058,75,1,NaN,NaN,NaN,NaN,NaN,NaN,NaN,NaN,NaN,NaN,NaN,NaN,NaN,NaN,NaN,NaN,NaN
21481,21310,ImageProcessor_Viz,frame_processed,0,627,7,0.355722,NaN,7,NaN,NaN,NaN,NaN,NaN,NaN,NaN,NaN,NaN,NaN,NaN,NaN,NaN,NaN,NaN,NaN,NaN
21494,21322,InferenceEngine,inference_complete,0,627,NaN,NaN,NaN,1,18.733,31.8,0,0,NaN,NaN,NaN,NaN,NaN,NaN,NaN,NaN,NaN,NaN,NaN,NaN,NaN
21494,21473,Logic,frame_complete,-3955190986414698435,627,7,0.896058,75,1,18,31.8,0,0,0,0,0,0.5,0.5,0,0,0,0,45.75,26.8317,48.5604,0
21508,21336,CameraCapture,frame_captured,0,628,7,0.248847,75,NaN,NaN,NaN,NaN,NaN,NaN,NaN,NaN,NaN,NaN,NaN,NaN,NaN,NaN,NaN,NaN,NaN,NaN
21509,21338,ImageProcessor_TPU,frame_processed,0,628,7,0.921477,75,1,NaN,NaN,NaN,NaN,NaN,NaN,NaN,NaN,NaN,NaN,NaN,NaN,NaN,NaN,NaN,NaN,NaN
21515,21344,ImageProcessor_Viz,frame_processed,0,628,7,0.360222,NaN,7,NaN,NaN,NaN,NaN,NaN,NaN,NaN,NaN,NaN,NaN,NaN,NaN,NaN,NaN,NaN,NaN,NaN
21527,21356,InferenceEngine,inference_complete,0,628,NaN,NaN,NaN,1,18.317,31.8,0,0,NaN,NaN,NaN,NaN,NaN,NaN,NaN,NaN,NaN,NaN,NaN,NaN,NaN
21527,21507,Logic,frame_complete,-3955190986414698435,628,7,0.921477,75,1,18,31.8,0,0,0,0,0,0.5,0.5,0,0,0,0,45.75,26.8317,48.5604,0
21541,21370,CameraCapture,frame_captured,0,629,7,0.237433,75,NaN,NaN,NaN,NaN,NaN,NaN,NaN,NaN,NaN,NaN,NaN,NaN,NaN,NaN,NaN,NaN,NaN,NaN
21543,21372,ImageProcessor_TPU,frame_processed,0,629,7,1.27321,75,1,NaN,NaN,NaN,NaN,NaN,NaN,NaN,NaN,NaN,NaN,NaN,NaN,NaN,NaN,NaN,NaN,NaN
21552,21380,ImageProcessor_Viz,frame_processed,0,629,7,0.383315,NaN,10,NaN,NaN,NaN,NaN,NaN,NaN,NaN,NaN,NaN,NaN,NaN,NaN,NaN,NaN,NaN,NaN,NaN
21562,21391,InferenceEngine,inference_complete,0,629,NaN,NaN,NaN,1,18.677,31.8,0,0,NaN,NaN,NaN,NaN,NaN,NaN,NaN,NaN,NaN,NaN,NaN,NaN,NaN
21562,21541,Logic,frame_complete,-3955190986414698435,629,7,1.27321,75,1,19,31.8,0,0,0,0,0,0.5,0.5,0,0,0,0,45.75,26.8317,48.5604,0
21574,21403,CameraCapture,frame_captured,0,630,7,0.140462,75,NaN,NaN,NaN,NaN,NaN,NaN,NaN,NaN,NaN,NaN,NaN,NaN,NaN,NaN,NaN,NaN,NaN,NaN
21576,21404,ImageProcessor_TPU,frame_processed,0,630,7,0.775055,75,0,NaN,NaN,NaN,NaN,NaN,NaN,NaN,NaN,NaN,NaN,NaN,NaN,NaN,NaN,NaN,NaN,NaN
21582,21410,ImageProcessor_Viz,frame_processed,0,630,7,0.333945,NaN,7,NaN,NaN,NaN,NaN,NaN,NaN,NaN,NaN,NaN,NaN,NaN,NaN,NaN,NaN,NaN,NaN,NaN
21594,21423,InferenceEngine,inference_complete,0,630,NaN,NaN,NaN,0,18.619,31.8,0,0,NaN,NaN,NaN,NaN,NaN,NaN,NaN,NaN,NaN,NaN,NaN,NaN,NaN
21594,21574,Logic,frame_complete,-3955190986414698435,630,7,0.775055,75,0,19,31.8,0,0,0,0,0,0.5,0.5,0,0,0,0,45.75,26.8317,48.5604,0
21607,21436,CameraCapture,frame_captured,0,631,7,0.137714,75,NaN,NaN,NaN,NaN,NaN,NaN,NaN,NaN,NaN,NaN,NaN,NaN,NaN,NaN,NaN,NaN,NaN,NaN
21608,21437,ImageProcessor_TPU,frame_processed,0,631,7,0.846011,75,1,NaN,NaN,NaN,NaN,NaN,NaN,NaN,NaN,NaN,NaN,NaN,NaN,NaN,NaN,NaN,NaN,NaN
21614,21443,ImageProcessor_Viz,frame_processed,0,631,7,0.340704,NaN,7,NaN,NaN,NaN,NaN,NaN,NaN,NaN,NaN,NaN,NaN,NaN,NaN,NaN,NaN,NaN,NaN,NaN
21627,21456,InferenceEngine,inference_complete,0,631,NaN,NaN,NaN,1,18.957,31.8,0.537248,12,NaN,NaN,NaN,NaN,NaN,NaN,NaN,NaN,NaN,NaN,NaN,NaN,NaN
21627,21607,Logic,frame_complete,-3955190986414698435,631,7,0.846011,75,1,19,31.8,0.537248,12,0,0,0,0.5,0.5,0,0,0,0,45.75,26.8317,48.5604,0
21642,21471,CameraCapture,frame_captured,0,632,7,0.234856,75,NaN,NaN,NaN,NaN,NaN,NaN,NaN,NaN,NaN,NaN,NaN,NaN,NaN,NaN,NaN,NaN,NaN,NaN
21643,21472,ImageProcessor_TPU,frame_processed,0,632,7,0.89106,75,0,NaN,NaN,NaN,NaN,NaN,NaN,NaN,NaN,NaN,NaN,NaN,NaN,NaN,NaN,NaN,NaN,NaN
21650,21478,ImageProcessor_Viz,frame_processed,0,632,7,0.348445,NaN,7,NaN,NaN,NaN,NaN,NaN,NaN,NaN,NaN,NaN,NaN,NaN,NaN,NaN,NaN,NaN,NaN,NaN
21662,21491,InferenceEngine,inference_complete,0,632,NaN,NaN,NaN,0,18.572,31.8,0,0,NaN,NaN,NaN,NaN,NaN,NaN,NaN,NaN,NaN,NaN,NaN,NaN,NaN
21662,21642,Logic,frame_complete,-3955190986414698435,632,7,0.89106,75,0,19,31.8,0,0,0,0,0,0.5,0.5,0,0,0,0,45.75,26.8317,48.5604,0
21674,21503,CameraCapture,frame_captured,0,633,7,0.258349,75,NaN,NaN,NaN,NaN,NaN,NaN,NaN,NaN,NaN,NaN,NaN,NaN,NaN,NaN,NaN,NaN,NaN,NaN
21675,21504,ImageProcessor_TPU,frame_processed,0,633,7,0.888886,75,0,NaN,NaN,NaN,NaN,NaN,NaN,NaN,NaN,NaN,NaN,NaN,NaN,NaN,NaN,NaN,NaN,NaN
21682,21511,ImageProcessor_Viz,frame_processed,0,633,7,0.34976,NaN,8,NaN,NaN,NaN,NaN,NaN,NaN,NaN,NaN,NaN,NaN,NaN,NaN,NaN,NaN,NaN,NaN,NaN
21694,21523,InferenceEngine,inference_complete,0,633,NaN,NaN,NaN,0,18.743,31.8,0,0,NaN,NaN,NaN,NaN,NaN,NaN,NaN,NaN,NaN,NaN,NaN,NaN,NaN
21694,21674,Logic,frame_complete,-3955190986414698435,633,7,0.888886,75,0,19,31.8,0,0,0,0,0,0.5,0.5,0,0,0,0,45.75,26.8317,48.5604,0
21707,21536,CameraCapture,frame_captured,0,634,7,0.145712,75,NaN,NaN,NaN,NaN,NaN,NaN,NaN,NaN,NaN,NaN,NaN,NaN,NaN,NaN,NaN,NaN,NaN,NaN
21708,21537,ImageProcessor_TPU,frame_processed,0,634,7,0.780953,75,0,NaN,NaN,NaN,NaN,NaN,NaN,NaN,NaN,NaN,NaN,NaN,NaN,NaN,NaN,NaN,NaN,NaN
21716,21545,ImageProcessor_Viz,frame_processed,0,634,7,0.344852,NaN,8,NaN,NaN,NaN,NaN,NaN,NaN,NaN,NaN,NaN,NaN,NaN,NaN,NaN,NaN,NaN,NaN,NaN
21728,21556,InferenceEngine,inference_complete,0,634,NaN,NaN,NaN,0,18.76,31.8,0,0,NaN,NaN,NaN,NaN,NaN,NaN,NaN,NaN,NaN,NaN,NaN,NaN,NaN
21728,21707,Logic,frame_complete,-3955190986414698435,634,7,0.780953,75,0,18,31.8,0,0,0,0,0,0.5,0.5,0,0,0,0,45.75,26.8317,48.5604,0
21740,21569,CameraCapture,frame_captured,0,635,7,0.139464,75,NaN,NaN,NaN,NaN,NaN,NaN,NaN,NaN,NaN,NaN,NaN,NaN,NaN,NaN,NaN,NaN,NaN,NaN
21741,21570,ImageProcessor_TPU,frame_processed,0,635,7,0.697223,75,1,NaN,NaN,NaN,NaN,NaN,NaN,NaN,NaN,NaN,NaN,NaN,NaN,NaN,NaN,NaN,NaN,NaN
21748,21577,ImageProcessor_Viz,frame_processed,0,635,7,0.336278,NaN,8,NaN,NaN,NaN,NaN,NaN,NaN,NaN,NaN,NaN,NaN,NaN,NaN,NaN,NaN,NaN,NaN,NaN
21760,21589,InferenceEngine,inference_complete,0,635,NaN,NaN,NaN,1,18.653,31.8,0,0,NaN,NaN,NaN,NaN,NaN,NaN,NaN,NaN,NaN,NaN,NaN,NaN,NaN
21760,21740,Logic,frame_complete,-3955190986414698435,635,7,0.697223,75,1,19,31.8,0,0,0,0,0,0.5,0.5,0,0,0,0,45.75,26.8317,48.5604,0
21775,21604,CameraCapture,frame_captured,0,636,7,0.143217,75,NaN,NaN,NaN,NaN,NaN,NaN,NaN,NaN,NaN,NaN,NaN,NaN,NaN,NaN,NaN,NaN,NaN,NaN
21776,21605,ImageProcessor_TPU,frame_processed,0,636,7,0.716439,75,1,NaN,NaN,NaN,NaN,NaN,NaN,NaN,NaN,NaN,NaN,NaN,NaN,NaN,NaN,NaN,NaN,NaN
21783,21612,ImageProcessor_Viz,frame_processed,0,636,7,0.351796,NaN,8,NaN,NaN,NaN,NaN,NaN,NaN,NaN,NaN,NaN,NaN,NaN,NaN,NaN,NaN,NaN,NaN,NaN
21795,21623,InferenceEngine,inference_complete,0,636,NaN,NaN,NaN,1,18.48,31.8,0,0,NaN,NaN,NaN,NaN,NaN,NaN,NaN,NaN,NaN,NaN,NaN,NaN,NaN
21795,21775,Logic,frame_complete,-3955190986414698435,636,7,0.716439,75,1,18,31.8,0,0,0,0,0,0.5,0.5,0,0,0,0,45.75,26.8317,48.5604,0
21807,21636,CameraCapture,frame_captured,0,637,7,0.151024,75,NaN,NaN,NaN,NaN,NaN,NaN,NaN,NaN,NaN,NaN,NaN,NaN,NaN,NaN,NaN,NaN,NaN,NaN
21809,21637,ImageProcessor_TPU,frame_processed,0,637,7,1.02265,75,0,NaN,NaN,NaN,NaN,NaN,NaN,NaN,NaN,NaN,NaN,NaN,NaN,NaN,NaN,NaN,NaN,NaN
21815,21643,ImageProcessor_Viz,frame_processed,0,637,7,0.349815,NaN,7,NaN,NaN,NaN,NaN,NaN,NaN,NaN,NaN,NaN,NaN,NaN,NaN,NaN,NaN,NaN,NaN,NaN
21828,21656,InferenceEngine,inference_complete,0,637,NaN,NaN,NaN,0,18.589,31.8,0.537248,12,NaN,NaN,NaN,NaN,NaN,NaN,NaN,NaN,NaN,NaN,NaN,NaN,NaN
21828,21807,Logic,frame_complete,-3955190986414698435,637,7,1.02265,75,0,18,31.8,0.537248,12,0,0,0,0.5,0.5,0,0,0,0,45.75,26.8317,48.5604,0
21841,21670,CameraCapture,frame_captured,0,638,7,0.243091,75,NaN,NaN,NaN,NaN,NaN,NaN,NaN,NaN,NaN,NaN,NaN,NaN,NaN,NaN,NaN,NaN,NaN,NaN
21842,21671,ImageProcessor_TPU,frame_processed,0,638,7,1.11794,75,0,NaN,NaN,NaN,NaN,NaN,NaN,NaN,NaN,NaN,NaN,NaN,NaN,NaN,NaN,NaN,NaN,NaN
21848,21677,ImageProcessor_Viz,frame_processed,0,638,7,0.348815,NaN,7,NaN,NaN,NaN,NaN,NaN,NaN,NaN,NaN,NaN,NaN,NaN,NaN,NaN,NaN,NaN,NaN,NaN
21861,21690,InferenceEngine,inference_complete,0,638,NaN,NaN,NaN,0,18.515,31.8,0,0,NaN,NaN,NaN,NaN,NaN,NaN,NaN,NaN,NaN,NaN,NaN,NaN,NaN
21861,21841,Logic,frame_complete,-3955190986414698435,638,7,1.11794,75,0,19,31.8,0,0,0,0,0,0.5,0.5,0,0,0,0,45.75,26.8317,48.5604,0
21873,21702,CameraCapture,frame_captured,0,639,7,0.150751,75,NaN,NaN,NaN,NaN,NaN,NaN,NaN,NaN,NaN,NaN,NaN,NaN,NaN,NaN,NaN,NaN,NaN,NaN
21875,21704,ImageProcessor_TPU,frame_processed,0,639,7,1.1521,75,1,NaN,NaN,NaN,NaN,NaN,NaN,NaN,NaN,NaN,NaN,NaN,NaN,NaN,NaN,NaN,NaN,NaN
21881,21710,ImageProcessor_Viz,frame_processed,0,639,7,0.342315,NaN,8,NaN,NaN,NaN,NaN,NaN,NaN,NaN,NaN,NaN,NaN,NaN,NaN,NaN,NaN,NaN,NaN,NaN
21894,21723,InferenceEngine,inference_complete,0,639,NaN,NaN,NaN,1,18.809,31.8,0,0,NaN,NaN,NaN,NaN,NaN,NaN,NaN,NaN,NaN,NaN,NaN,NaN,NaN
21894,21873,Logic,frame_complete,-3955190986414698435,639,7,1.1521,75,1,19,31.8,0,0,0,0,0,0.5,0.5,0,0,0,0,45.75,26.8317,48.5604,0
21907,21736,CameraCapture,frame_captured,0,640,7,0.185133,75,NaN,NaN,NaN,NaN,NaN,NaN,NaN,NaN,NaN,NaN,NaN,NaN,NaN,NaN,NaN,NaN,NaN,NaN
21908,21737,ImageProcessor_TPU,frame_processed,0,640,7,0.898262,75,0,NaN,NaN,NaN,NaN,NaN,NaN,NaN,NaN,NaN,NaN,NaN,NaN,NaN,NaN,NaN,NaN,NaN
21915,21744,ImageProcessor_Viz,frame_processed,0,640,7,0.335722,NaN,8,NaN,NaN,NaN,NaN,NaN,NaN,NaN,NaN,NaN,NaN,NaN,NaN,NaN,NaN,NaN,NaN,NaN
21927,21756,InferenceEngine,inference_complete,0,640,NaN,NaN,NaN,0,18.728,31.8,0,0,NaN,NaN,NaN,NaN,NaN,NaN,NaN,NaN,NaN,NaN,NaN,NaN,NaN
21927,21907,Logic,frame_complete,-3955190986414698435,640,7,0.898262,75,0,19,31.8,0,0,0,0,0,0.5,0.5,0,0,0,0,45.75,26.8317,48.5604,0
21941,21769,CameraCapture,frame_captured,0,641,7,0.239644,75,NaN,NaN,NaN,NaN,NaN,NaN,NaN,NaN,NaN,NaN,NaN,NaN,NaN,NaN,NaN,NaN,NaN,NaN
21942,21771,ImageProcessor_TPU,frame_processed,0,641,7,0.974218,75,1,NaN,NaN,NaN,NaN,NaN,NaN,NaN,NaN,NaN,NaN,NaN,NaN,NaN,NaN,NaN,NaN,NaN
21948,21777,ImageProcessor_Viz,frame_processed,0,641,7,0.348834,NaN,7,NaN,NaN,NaN,NaN,NaN,NaN,NaN,NaN,NaN,NaN,NaN,NaN,NaN,NaN,NaN,NaN,NaN
21961,21789,InferenceEngine,inference_complete,0,641,NaN,NaN,NaN,1,18.482,31.8,0,0,NaN,NaN,NaN,NaN,NaN,NaN,NaN,NaN,NaN,NaN,NaN,NaN,NaN
21961,21940,Logic,frame_complete,-3955190986414698435,641,7,0.974218,75,1,18,31.8,0,0,0,0,0,0.5,0.5,0,0,0,0,45.75,26.8317,48.5604,0
21975,21804,CameraCapture,frame_captured,0,642,7,0.153397,75,NaN,NaN,NaN,NaN,NaN,NaN,NaN,NaN,NaN,NaN,NaN,NaN,NaN,NaN,NaN,NaN,NaN,NaN
21976,21805,ImageProcessor_TPU,frame_processed,0,642,7,0.855008,75,1,NaN,NaN,NaN,NaN,NaN,NaN,NaN,NaN,NaN,NaN,NaN,NaN,NaN,NaN,NaN,NaN,NaN
21982,21811,ImageProcessor_Viz,frame_processed,0,642,7,0.343111,NaN,7,NaN,NaN,NaN,NaN,NaN,NaN,NaN,NaN,NaN,NaN,NaN,NaN,NaN,NaN,NaN,NaN,NaN
21995,21824,InferenceEngine,inference_complete,0,642,NaN,NaN,NaN,1,18.633,31.8,0,0,NaN,NaN,NaN,NaN,NaN,NaN,NaN,NaN,NaN,NaN,NaN,NaN,NaN
21995,21975,Logic,frame_complete,-3955190986414698435,642,7,0.855008,75,1,19,31.8,0,0,0,0,0,0.5,0.5,0,0,0,0,45.75,26.8317,48.5604,0
22007,21835,CameraCapture,frame_captured,0,643,7,0.141889,75,NaN,NaN,NaN,NaN,NaN,NaN,NaN,NaN,NaN,NaN,NaN,NaN,NaN,NaN,NaN,NaN,NaN,NaN
22008,21837,ImageProcessor_TPU,frame_processed,0,643,7,0.78213,75,1,NaN,NaN,NaN,NaN,NaN,NaN,NaN,NaN,NaN,NaN,NaN,NaN,NaN,NaN,NaN,NaN,NaN
22014,21843,ImageProcessor_Viz,frame_processed,0,643,7,0.351834,NaN,7,NaN,NaN,NaN,NaN,NaN,NaN,NaN,NaN,NaN,NaN,NaN,NaN,NaN,NaN,NaN,NaN,NaN
22027,21855,InferenceEngine,inference_complete,0,643,NaN,NaN,NaN,1,18.552,31.8,0,0,NaN,NaN,NaN,NaN,NaN,NaN,NaN,NaN,NaN,NaN,NaN,NaN,NaN
22027,22006,Logic,frame_complete,-3955190986414698435,643,7,0.78213,75,1,18,31.8,0,0,0,0,0,0.5,0.5,0,0,0,0,45.75,26.8317,48.5604,0
22041,21869,CameraCapture,frame_captured,0,644,7,0.140364,75,NaN,NaN,NaN,NaN,NaN,NaN,NaN,NaN,NaN,NaN,NaN,NaN,NaN,NaN,NaN,NaN,NaN,NaN
22042,21871,ImageProcessor_TPU,frame_processed,0,644,7,1.09162,75,1,NaN,NaN,NaN,NaN,NaN,NaN,NaN,NaN,NaN,NaN,NaN,NaN,NaN,NaN,NaN,NaN,NaN
22048,21877,ImageProcessor_Viz,frame_processed,0,644,7,0.341685,NaN,7,NaN,NaN,NaN,NaN,NaN,NaN,NaN,NaN,NaN,NaN,NaN,NaN,NaN,NaN,NaN,NaN,NaN
22061,21890,InferenceEngine,inference_complete,0,644,NaN,NaN,NaN,1,18.673,31.8,0,0,NaN,NaN,NaN,NaN,NaN,NaN,NaN,NaN,NaN,NaN,NaN,NaN,NaN
22061,22040,Logic,frame_complete,-3955190986414698435,644,7,1.09162,75,1,19,31.8,0,0,0,0,0,0.5,0.5,0,0,0,0,45.75,26.8317,48.5604,0
22074,21903,CameraCapture,frame_captured,0,645,7,0.142931,75,NaN,NaN,NaN,NaN,NaN,NaN,NaN,NaN,NaN,NaN,NaN,NaN,NaN,NaN,NaN,NaN,NaN,NaN
22075,21904,ImageProcessor_TPU,frame_processed,0,645,7,0.727449,75,0,NaN,NaN,NaN,NaN,NaN,NaN,NaN,NaN,NaN,NaN,NaN,NaN,NaN,NaN,NaN,NaN,NaN
22082,21910,ImageProcessor_Viz,frame_processed,0,645,7,0.338037,NaN,7,NaN,NaN,NaN,NaN,NaN,NaN,NaN,NaN,NaN,NaN,NaN,NaN,NaN,NaN,NaN,NaN,NaN
22096,21924,InferenceEngine,inference_complete,0,645,NaN,NaN,NaN,0,20.306,31.8,0,0,NaN,NaN,NaN,NaN,NaN,NaN,NaN,NaN,NaN,NaN,NaN,NaN,NaN
22096,22074,Logic,frame_complete,-3955190986414698435,645,7,0.727449,75,0,20,31.8,0,0,0,0,0,0.5,0.5,0,0,0,0,45.75,26.8317,48.5604,0
22107,21936,CameraCapture,frame_captured,0,646,7,0.139127,75,NaN,NaN,NaN,NaN,NaN,NaN,NaN,NaN,NaN,NaN,NaN,NaN,NaN,NaN,NaN,NaN,NaN,NaN
22108,21937,ImageProcessor_TPU,frame_processed,0,646,7,1.01285,75,0,NaN,NaN,NaN,NaN,NaN,NaN,NaN,NaN,NaN,NaN,NaN,NaN,NaN,NaN,NaN,NaN,NaN
22116,21945,ImageProcessor_Viz,frame_processed,0,646,7,0.349759,NaN,9,NaN,NaN,NaN,NaN,NaN,NaN,NaN,NaN,NaN,NaN,NaN,NaN,NaN,NaN,NaN,NaN,NaN
22127,21956,InferenceEngine,inference_complete,0,646,NaN,NaN,NaN,0,18.673,31.8,0,0,NaN,NaN,NaN,NaN,NaN,NaN,NaN,NaN,NaN,NaN,NaN,NaN,NaN
22128,22107,Logic,frame_complete,-3955190986414698435,646,7,1.01285,75,0,19,31.8,0,0,0,0,0,0.5,0.5,0,0,0,0,45.75,26.8317,48.5604,0
22140,21969,CameraCapture,frame_captured,0,647,7,0.138842,75,NaN,NaN,NaN,NaN,NaN,NaN,NaN,NaN,NaN,NaN,NaN,NaN,NaN,NaN,NaN,NaN,NaN,NaN
22141,21970,ImageProcessor_TPU,frame_processed,0,647,7,0.758528,75,1,NaN,NaN,NaN,NaN,NaN,NaN,NaN,NaN,NaN,NaN,NaN,NaN,NaN,NaN,NaN,NaN,NaN
22147,21976,ImageProcessor_Viz,frame_processed,0,647,7,0.339055,NaN,7,NaN,NaN,NaN,NaN,NaN,NaN,NaN,NaN,NaN,NaN,NaN,NaN,NaN,NaN,NaN,NaN,NaN
22160,21989,InferenceEngine,inference_complete,0,647,NaN,NaN,NaN,1,18.75,31.8,0,0,NaN,NaN,NaN,NaN,NaN,NaN,NaN,NaN,NaN,NaN,NaN,NaN,NaN
22160,22140,Logic,frame_complete,-3955190986414698435,647,7,0.758528,75,1,19,31.8,0,0,0,0,0,0.5,0.5,0,0,0,0,45.75,26.8317,48.5604,0
22174,22003,CameraCapture,frame_captured,0,648,7,0.229891,75,NaN,NaN,NaN,NaN,NaN,NaN,NaN,NaN,NaN,NaN,NaN,NaN,NaN,NaN,NaN,NaN,NaN,NaN
22176,22004,ImageProcessor_TPU,frame_processed,0,648,7,1.12576,75,0,NaN,NaN,NaN,NaN,NaN,NaN,NaN,NaN,NaN,NaN,NaN,NaN,NaN,NaN,NaN,NaN,NaN
22181,22010,ImageProcessor_Viz,frame_processed,0,648,7,0.345667,NaN,7,NaN,NaN,NaN,NaN,NaN,NaN,NaN,NaN,NaN,NaN,NaN,NaN,NaN,NaN,NaN,NaN,NaN
22194,22023,InferenceEngine,inference_complete,0,648,NaN,NaN,NaN,0,18.623,31.8,0,0,NaN,NaN,NaN,NaN,NaN,NaN,NaN,NaN,NaN,NaN,NaN,NaN,NaN
22194,22174,Logic,frame_complete,-3955190986414698435,648,7,1.12576,75,0,19,31.8,0,0,0,0,0,0.5,0.5,0,0,0,0,45.75,26.8317,48.5604,0
22207,22036,CameraCapture,frame_captured,0,649,7,0.15931,75,NaN,NaN,NaN,NaN,NaN,NaN,NaN,NaN,NaN,NaN,NaN,NaN,NaN,NaN,NaN,NaN,NaN,NaN
22208,22037,ImageProcessor_TPU,frame_processed,0,649,7,0.831754,75,0,NaN,NaN,NaN,NaN,NaN,NaN,NaN,NaN,NaN,NaN,NaN,NaN,NaN,NaN,NaN,NaN,NaN
22216,22045,ImageProcessor_Viz,frame_processed,0,649,7,0.436648,NaN,7,NaN,NaN,NaN,NaN,NaN,NaN,NaN,NaN,NaN,NaN,NaN,NaN,NaN,NaN,NaN,NaN,NaN
22228,22057,InferenceEngine,inference_complete,0,649,NaN,NaN,NaN,0,19.536,31.8,0,0,NaN,NaN,NaN,NaN,NaN,NaN,NaN,NaN,NaN,NaN,NaN,NaN,NaN
22228,22207,Logic,frame_complete,-3955190986414698435,649,7,0.831754,75,0,20,31.8,0,0,0,0,0,0.5,0.5,0,0,0,0,45.75,26.8317,48.5604,0
22241,22069,CameraCapture,frame_captured,0,650,7,0.243266,75,NaN,NaN,NaN,NaN,NaN,NaN,NaN,NaN,NaN,NaN,NaN,NaN,NaN,NaN,NaN,NaN,NaN,NaN
22242,22071,ImageProcessor_TPU,frame_processed,0,650,7,1.1424,75,1,NaN,NaN,NaN,NaN,NaN,NaN,NaN,NaN,NaN,NaN,NaN,NaN,NaN,NaN,NaN,NaN,NaN
22248,22077,ImageProcessor_Viz,frame_processed,0,650,7,0.359593,NaN,7,NaN,NaN,NaN,NaN,NaN,NaN,NaN,NaN,NaN,NaN,NaN,NaN,NaN,NaN,NaN,NaN,NaN
22261,22090,InferenceEngine,inference_complete,0,650,NaN,NaN,NaN,1,18.746,31.8,0,0,NaN,NaN,NaN,NaN,NaN,NaN,NaN,NaN,NaN,NaN,NaN,NaN,NaN
22261,22240,Logic,frame_complete,-3955190986414698435,650,7,1.1424,75,1,19,31.8,0,0,0,0,0,0.5,0.5,0,0,0,0,45.75,26.8317,48.5604,0
22273,22102,CameraCapture,frame_captured,0,651,7,0.145999,75,NaN,NaN,NaN,NaN,NaN,NaN,NaN,NaN,NaN,NaN,NaN,NaN,NaN,NaN,NaN,NaN,NaN,NaN
22274,22103,ImageProcessor_TPU,frame_processed,0,651,7,0.810685,75,0,NaN,NaN,NaN,NaN,NaN,NaN,NaN,NaN,NaN,NaN,NaN,NaN,NaN,NaN,NaN,NaN,NaN
22281,22110,ImageProcessor_Viz,frame_processed,0,651,7,0.359407,NaN,8,NaN,NaN,NaN,NaN,NaN,NaN,NaN,NaN,NaN,NaN,NaN,NaN,NaN,NaN,NaN,NaN,NaN
22293,22122,InferenceEngine,inference_complete,0,651,NaN,NaN,NaN,0,18.587,31.8,0,0,NaN,NaN,NaN,NaN,NaN,NaN,NaN,NaN,NaN,NaN,NaN,NaN,NaN
22293,22273,Logic,frame_complete,-3955190986414698435,651,7,0.810685,75,0,19,31.8,0,0,0,0,0,0.5,0.5,0,0,0,0,45.75,26.8317,48.5604,0
22307,22136,CameraCapture,frame_captured,0,652,7,0.143789,75,NaN,NaN,NaN,NaN,NaN,NaN,NaN,NaN,NaN,NaN,NaN,NaN,NaN,NaN,NaN,NaN,NaN,NaN
22308,22137,ImageProcessor_TPU,frame_processed,0,652,7,0.780067,75,0,NaN,NaN,NaN,NaN,NaN,NaN,NaN,NaN,NaN,NaN,NaN,NaN,NaN,NaN,NaN,NaN,NaN
22315,22143,ImageProcessor_Viz,frame_processed,0,652,7,0.336574,NaN,7,NaN,NaN,NaN,NaN,NaN,NaN,NaN,NaN,NaN,NaN,NaN,NaN,NaN,NaN,NaN,NaN,NaN
22328,22157,InferenceEngine,inference_complete,0,652,NaN,NaN,NaN,0,19.618,31.8,0,0,NaN,NaN,NaN,NaN,NaN,NaN,NaN,NaN,NaN,NaN,NaN,NaN,NaN
22328,22307,Logic,frame_complete,-3955190986414698435,652,7,0.780067,75,0,20,31.8,0,0,0,0,0,0.5,0.5,0,0,0,0,45.75,26.8317,48.5604,0
22340,22169,CameraCapture,frame_captured,0,653,7,0.237374,75,NaN,NaN,NaN,NaN,NaN,NaN,NaN,NaN,NaN,NaN,NaN,NaN,NaN,NaN,NaN,NaN,NaN,NaN
22342,22171,ImageProcessor_TPU,frame_processed,0,653,7,1.174,75,1,NaN,NaN,NaN,NaN,NaN,NaN,NaN,NaN,NaN,NaN,NaN,NaN,NaN,NaN,NaN,NaN,NaN
22348,22177,ImageProcessor_Viz,frame_processed,0,653,7,0.354297,NaN,7,NaN,NaN,NaN,NaN,NaN,NaN,NaN,NaN,NaN,NaN,NaN,NaN,NaN,NaN,NaN,NaN,NaN
22361,22190,InferenceEngine,inference_complete,0,653,NaN,NaN,NaN,1,18.789,31.8,0,0,NaN,NaN,NaN,NaN,NaN,NaN,NaN,NaN,NaN,NaN,NaN,NaN,NaN
22361,22340,Logic,frame_complete,-3955190986414698435,653,7,1.174,75,1,19,31.8,0,0,0,0,0,0.5,0.5,0,0,0,0,45.75,26.8317,48.5604,0
22374,22203,CameraCapture,frame_captured,0,654,7,0.14096,75,NaN,NaN,NaN,NaN,NaN,NaN,NaN,NaN,NaN,NaN,NaN,NaN,NaN,NaN,NaN,NaN,NaN,NaN
22375,22204,ImageProcessor_TPU,frame_processed,0,654,7,1.07631,75,1,NaN,NaN,NaN,NaN,NaN,NaN,NaN,NaN,NaN,NaN,NaN,NaN,NaN,NaN,NaN,NaN,NaN
22381,22210,ImageProcessor_Viz,frame_processed,0,654,7,0.348889,NaN,7,NaN,NaN,NaN,NaN,NaN,NaN,NaN,NaN,NaN,NaN,NaN,NaN,NaN,NaN,NaN,NaN,NaN
22394,22223,InferenceEngine,inference_complete,0,654,NaN,NaN,NaN,1,18.642,31.8,0,0,NaN,NaN,NaN,NaN,NaN,NaN,NaN,NaN,NaN,NaN,NaN,NaN,NaN
22394,22373,Logic,frame_complete,-3955190986414698435,654,7,1.07631,75,1,19,31.8,0,0,0,0,0,0.5,0.5,0,0,0,0,45.75,26.8317,48.5604,0
22406,22235,CameraCapture,frame_captured,0,655,7,0.141452,75,NaN,NaN,NaN,NaN,NaN,NaN,NaN,NaN,NaN,NaN,NaN,NaN,NaN,NaN,NaN,NaN,NaN,NaN
22408,22236,ImageProcessor_TPU,frame_processed,0,655,7,0.760101,75,0,NaN,NaN,NaN,NaN,NaN,NaN,NaN,NaN,NaN,NaN,NaN,NaN,NaN,NaN,NaN,NaN,NaN
22414,22243,ImageProcessor_Viz,frame_processed,0,655,7,0.345852,NaN,7,NaN,NaN,NaN,NaN,NaN,NaN,NaN,NaN,NaN,NaN,NaN,NaN,NaN,NaN,NaN,NaN,NaN
22426,22255,InferenceEngine,inference_complete,0,655,NaN,NaN,NaN,0,18.537,31.8,0,0,NaN,NaN,NaN,NaN,NaN,NaN,NaN,NaN,NaN,NaN,NaN,NaN,NaN
22426,22406,Logic,frame_complete,-3955190986414698435,655,7,0.760101,75,0,18,31.8,0,0,0,0,0,0.5,0.5,0,0,0,0,45.75,26.8317,48.5604,0
22440,22269,CameraCapture,frame_captured,0,656,7,0.147871,75,NaN,NaN,NaN,NaN,NaN,NaN,NaN,NaN,NaN,NaN,NaN,NaN,NaN,NaN,NaN,NaN,NaN,NaN
22442,22271,ImageProcessor_TPU,frame_processed,0,656,7,1.07445,75,1,NaN,NaN,NaN,NaN,NaN,NaN,NaN,NaN,NaN,NaN,NaN,NaN,NaN,NaN,NaN,NaN,NaN
22448,22277,ImageProcessor_Viz,frame_processed,0,656,7,0.336407,NaN,7,NaN,NaN,NaN,NaN,NaN,NaN,NaN,NaN,NaN,NaN,NaN,NaN,NaN,NaN,NaN,NaN,NaN
22461,22290,InferenceEngine,inference_complete,0,656,NaN,NaN,NaN,1,18.695,31.8,0,0,NaN,NaN,NaN,NaN,NaN,NaN,NaN,NaN,NaN,NaN,NaN,NaN,NaN
22461,22440,Logic,frame_complete,-3955190986414698435,656,7,1.07445,75,1,18,31.8,0,0,0,0,0,0.5,0.5,0,0,0,0,45.75,26.8317,48.5604,0
22474,22303,CameraCapture,frame_captured,0,657,7,0.152457,75,NaN,NaN,NaN,NaN,NaN,NaN,NaN,NaN,NaN,NaN,NaN,NaN,NaN,NaN,NaN,NaN,NaN,NaN
22475,22304,ImageProcessor_TPU,frame_processed,0,657,7,0.758068,75,1,NaN,NaN,NaN,NaN,NaN,NaN,NaN,NaN,NaN,NaN,NaN,NaN,NaN,NaN,NaN,NaN,NaN
22482,22311,ImageProcessor_Viz,frame_processed,0,657,7,0.333982,NaN,8,NaN,NaN,NaN,NaN,NaN,NaN,NaN,NaN,NaN,NaN,NaN,NaN,NaN,NaN,NaN,NaN,NaN
22494,22322,InferenceEngine,inference_complete,0,657,NaN,NaN,NaN,1,18.594,31.8,0,0,NaN,NaN,NaN,NaN,NaN,NaN,NaN,NaN,NaN,NaN,NaN,NaN,NaN
22494,22474,Logic,frame_complete,-3955190986414698435,657,7,0.758068,75,1,18,31.8,0,0,0,0,0,0.5,0.5,0,0,0,0,45.75,26.8317,48.5604,0
22507,22336,CameraCapture,frame_captured,0,658,7,0.226005,75,NaN,NaN,NaN,NaN,NaN,NaN,NaN,NaN,NaN,NaN,NaN,NaN,NaN,NaN,NaN,NaN,NaN,NaN
22508,22337,ImageProcessor_TPU,frame_processed,0,658,7,0.82845,75,1,NaN,NaN,NaN,NaN,NaN,NaN,NaN,NaN,NaN,NaN,NaN,NaN,NaN,NaN,NaN,NaN,NaN
22515,22344,ImageProcessor_Viz,frame_processed,0,658,7,0.368537,NaN,7,NaN,NaN,NaN,NaN,NaN,NaN,NaN,NaN,NaN,NaN,NaN,NaN,NaN,NaN,NaN,NaN,NaN
22527,22355,InferenceEngine,inference_complete,0,658,NaN,NaN,NaN,1,18.483,31.8,0,0,NaN,NaN,NaN,NaN,NaN,NaN,NaN,NaN,NaN,NaN,NaN,NaN,NaN
22527,22507,Logic,frame_complete,-3955190986414698435,658,7,0.82845,75,1,18,31.8,0,0,0,0,0,0.5,0.5,0,0,0,0,45.75,26.8317,48.5604,0
22540,22369,CameraCapture,frame_captured,0,659,7,0.229201,75,NaN,NaN,NaN,NaN,NaN,NaN,NaN,NaN,NaN,NaN,NaN,NaN,NaN,NaN,NaN,NaN,NaN,NaN
22543,22371,ImageProcessor_TPU,frame_processed,0,659,7,1.34752,75,1,NaN,NaN,NaN,NaN,NaN,NaN,NaN,NaN,NaN,NaN,NaN,NaN,NaN,NaN,NaN,NaN,NaN
22551,22379,ImageProcessor_Viz,frame_processed,0,659,7,0.345685,NaN,10,NaN,NaN,NaN,NaN,NaN,NaN,NaN,NaN,NaN,NaN,NaN,NaN,NaN,NaN,NaN,NaN,NaN
22562,22390,InferenceEngine,inference_complete,0,659,NaN,NaN,NaN,1,18.724,31.8,0,0,NaN,NaN,NaN,NaN,NaN,NaN,NaN,NaN,NaN,NaN,NaN,NaN,NaN
22562,22540,Logic,frame_complete,-3955190986414698435,659,7,1.34752,75,1,18,31.8,0,0,0,0,0,0.5,0.5,0,0,0,0,45.75,26.8317,48.5604,0
22574,22403,CameraCapture,frame_captured,0,660,7,0.231861,75,NaN,NaN,NaN,NaN,NaN,NaN,NaN,NaN,NaN,NaN,NaN,NaN,NaN,NaN,NaN,NaN,NaN,NaN
22575,22403,ImageProcessor_TPU,frame_processed,0,660,7,0.797158,75,0,NaN,NaN,NaN,NaN,NaN,NaN,NaN,NaN,NaN,NaN,NaN,NaN,NaN,NaN,NaN,NaN,NaN
22582,22411,ImageProcessor_Viz,frame_processed,0,660,7,0.345426,NaN,8,NaN,NaN,NaN,NaN,NaN,NaN,NaN,NaN,NaN,NaN,NaN,NaN,NaN,NaN,NaN,NaN,NaN
22593,22422,InferenceEngine,inference_complete,0,660,NaN,NaN,NaN,0,18.64,31.8,0,0,NaN,NaN,NaN,NaN,NaN,NaN,NaN,NaN,NaN,NaN,NaN,NaN,NaN
22594,22574,Logic,frame_complete,-3955190986414698435,660,7,0.797158,75,0,18,31.8,0,0,0,0,0,0.5,0.5,0,0,0,0,45.75,26.8317,48.5604,0
22607,22436,CameraCapture,frame_captured,0,661,7,0.144798,75,NaN,NaN,NaN,NaN,NaN,NaN,NaN,NaN,NaN,NaN,NaN,NaN,NaN,NaN,NaN,NaN,NaN,NaN
22608,22437,ImageProcessor_TPU,frame_processed,0,661,7,0.758706,75,0,NaN,NaN,NaN,NaN,NaN,NaN,NaN,NaN,NaN,NaN,NaN,NaN,NaN,NaN,NaN,NaN,NaN
22614,22443,ImageProcessor_Viz,frame_processed,0,661,7,0.330889,NaN,7,NaN,NaN,NaN,NaN,NaN,NaN,NaN,NaN,NaN,NaN,NaN,NaN,NaN,NaN,NaN,NaN,NaN
22627,22456,InferenceEngine,inference_complete,0,661,NaN,NaN,NaN,0,18.58,31.8,0,0,NaN,NaN,NaN,NaN,NaN,NaN,NaN,NaN,NaN,NaN,NaN,NaN,NaN
22627,22607,Logic,frame_complete,-3955190986414698435,661,7,0.758706,75,0,19,31.8,0,0,0,0,0,0.5,0.5,0,0,0,0,45.75,26.8317,48.5604,0
22640,22469,CameraCapture,frame_captured,0,662,7,0.153828,75,NaN,NaN,NaN,NaN,NaN,NaN,NaN,NaN,NaN,NaN,NaN,NaN,NaN,NaN,NaN,NaN,NaN,NaN
22641,22470,ImageProcessor_TPU,frame_processed,0,662,7,0.715069,75,0,NaN,NaN,NaN,NaN,NaN,NaN,NaN,NaN,NaN,NaN,NaN,NaN,NaN,NaN,NaN,NaN,NaN
22648,22477,ImageProcessor_Viz,frame_processed,0,662,7,0.343648,NaN,7,NaN,NaN,NaN,NaN,NaN,NaN,NaN,NaN,NaN,NaN,NaN,NaN,NaN,NaN,NaN,NaN,NaN
22660,22489,InferenceEngine,inference_complete,0,662,NaN,NaN,NaN,0,18.592,31.8,0,0,NaN,NaN,NaN,NaN,NaN,NaN,NaN,NaN,NaN,NaN,NaN,NaN,NaN
22660,22640,Logic,frame_complete,-3955190986414698435,662,7,0.715069,75,0,19,31.8,0,0,0,0,0,0.5,0.5,0,0,0,0,45.75,26.8317,48.5604,0
22673,22502,CameraCapture,frame_captured,0,663,7,0.138524,75,NaN,NaN,NaN,NaN,NaN,NaN,NaN,NaN,NaN,NaN,NaN,NaN,NaN,NaN,NaN,NaN,NaN,NaN
22674,22503,ImageProcessor_TPU,frame_processed,0,663,7,0.711284,75,1,NaN,NaN,NaN,NaN,NaN,NaN,NaN,NaN,NaN,NaN,NaN,NaN,NaN,NaN,NaN,NaN,NaN
22681,22510,ImageProcessor_Viz,frame_processed,0,663,7,0.332204,NaN,8,NaN,NaN,NaN,NaN,NaN,NaN,NaN,NaN,NaN,NaN,NaN,NaN,NaN,NaN,NaN,NaN,NaN
22693,22522,InferenceEngine,inference_complete,0,663,NaN,NaN,NaN,1,18.647,31.8,0,0,NaN,NaN,NaN,NaN,NaN,NaN,NaN,NaN,NaN,NaN,NaN,NaN,NaN
22693,22673,Logic,frame_complete,-3955190986414698435,663,7,0.711284,75,1,19,31.8,0,0,0,0,0,0.5,0.5,0,0,0,0,45.75,26.8317,48.5604,0
22707,22536,CameraCapture,frame_captured,0,664,7,0.140499,75,NaN,NaN,NaN,NaN,NaN,NaN,NaN,NaN,NaN,NaN,NaN,NaN,NaN,NaN,NaN,NaN,NaN,NaN
22708,22537,ImageProcessor_TPU,frame_processed,0,664,7,0.721369,75,0,NaN,NaN,NaN,NaN,NaN,NaN,NaN,NaN,NaN,NaN,NaN,NaN,NaN,NaN,NaN,NaN,NaN
22715,22544,ImageProcessor_Viz,frame_processed,0,664,7,0.332334,NaN,8,NaN,NaN,NaN,NaN,NaN,NaN,NaN,NaN,NaN,NaN,NaN,NaN,NaN,NaN,NaN,NaN,NaN
22727,22555,InferenceEngine,inference_complete,0,664,NaN,NaN,NaN,0,18.424,31.8,0,0,NaN,NaN,NaN,NaN,NaN,NaN,NaN,NaN,NaN,NaN,NaN,NaN,NaN
22727,22707,Logic,frame_complete,-3955190986414698435,664,7,0.721369,75,0,18,31.8,0,0,0,0,0,0.5,0.5,0,0,0,0,45.75,26.8317,48.5604,0
22740,22569,CameraCapture,frame_captured,0,665,7,0.142047,75,NaN,NaN,NaN,NaN,NaN,NaN,NaN,NaN,NaN,NaN,NaN,NaN,NaN,NaN,NaN,NaN,NaN,NaN
22741,22570,ImageProcessor_TPU,frame_processed,0,665,7,0.777973,75,0,NaN,NaN,NaN,NaN,NaN,NaN,NaN,NaN,NaN,NaN,NaN,NaN,NaN,NaN,NaN,NaN,NaN
22748,22577,ImageProcessor_Viz,frame_processed,0,665,7,0.334259,NaN,8,NaN,NaN,NaN,NaN,NaN,NaN,NaN,NaN,NaN,NaN,NaN,NaN,NaN,NaN,NaN,NaN,NaN
22760,22589,InferenceEngine,inference_complete,0,665,NaN,NaN,NaN,0,18.716,31.8,0,0,NaN,NaN,NaN,NaN,NaN,NaN,NaN,NaN,NaN,NaN,NaN,NaN,NaN
22760,22740,Logic,frame_complete,-3955190986414698435,665,7,0.777973,75,0,19,31.8,0,0,0,0,0,0.5,0.5,0,0,0,0,45.75,26.8317,48.5604,0
22775,22603,CameraCapture,frame_captured,0,666,7,0.137874,75,NaN,NaN,NaN,NaN,NaN,NaN,NaN,NaN,NaN,NaN,NaN,NaN,NaN,NaN,NaN,NaN,NaN,NaN
22776,22604,ImageProcessor_TPU,frame_processed,0,666,7,0.755615,75,0,NaN,NaN,NaN,NaN,NaN,NaN,NaN,NaN,NaN,NaN,NaN,NaN,NaN,NaN,NaN,NaN,NaN
22782,22611,ImageProcessor_Viz,frame_processed,0,666,7,0.335778,NaN,7,NaN,NaN,NaN,NaN,NaN,NaN,NaN,NaN,NaN,NaN,NaN,NaN,NaN,NaN,NaN,NaN,NaN
22794,22623,InferenceEngine,inference_complete,0,666,NaN,NaN,NaN,0,18.472,31.8,0,0,NaN,NaN,NaN,NaN,NaN,NaN,NaN,NaN,NaN,NaN,NaN,NaN,NaN
22795,22774,Logic,frame_complete,-3955190986414698435,666,7,0.755615,75,0,18,31.8,0,0,0,0,0,0.5,0.5,0,0,0,0,45.75,26.8317,48.5604,0
22806,22635,CameraCapture,frame_captured,0,667,7,0.144903,75,NaN,NaN,NaN,NaN,NaN,NaN,NaN,NaN,NaN,NaN,NaN,NaN,NaN,NaN,NaN,NaN,NaN,NaN
22807,22636,ImageProcessor_TPU,frame_processed,0,667,7,0.772718,75,0,NaN,NaN,NaN,NaN,NaN,NaN,NaN,NaN,NaN,NaN,NaN,NaN,NaN,NaN,NaN,NaN,NaN
22814,22642,ImageProcessor_Viz,frame_processed,0,667,7,0.34976,NaN,7,NaN,NaN,NaN,NaN,NaN,NaN,NaN,NaN,NaN,NaN,NaN,NaN,NaN,NaN,NaN,NaN,NaN
22826,22655,InferenceEngine,inference_complete,0,667,NaN,NaN,NaN,0,18.697,31.8,0,0,NaN,NaN,NaN,NaN,NaN,NaN,NaN,NaN,NaN,NaN,NaN,NaN,NaN
22826,22806,Logic,frame_complete,-3955190986414698435,667,7,0.772718,75,0,19,31.8,0,0,0,0,0,0.5,0.5,0,0,0,0,45.75,26.8317,48.5604,0
22840,22669,CameraCapture,frame_captured,0,668,7,0.147433,75,NaN,NaN,NaN,NaN,NaN,NaN,NaN,NaN,NaN,NaN,NaN,NaN,NaN,NaN,NaN,NaN,NaN,NaN
22841,22670,ImageProcessor_TPU,frame_processed,0,668,7,0.815581,75,0,NaN,NaN,NaN,NaN,NaN,NaN,NaN,NaN,NaN,NaN,NaN,NaN,NaN,NaN,NaN,NaN,NaN
22848,22676,ImageProcessor_Viz,frame_processed,0,668,7,0.333426,NaN,7,NaN,NaN,NaN,NaN,NaN,NaN,NaN,NaN,NaN,NaN,NaN,NaN,NaN,NaN,NaN,NaN,NaN
22860,22689,InferenceEngine,inference_complete,0,668,NaN,NaN,NaN,0,18.47,31.8,0,0,NaN,NaN,NaN,NaN,NaN,NaN,NaN,NaN,NaN,NaN,NaN,NaN,NaN
22860,22840,Logic,frame_complete,-3955190986414698435,668,7,0.815581,75,0,19,31.8,0,0,0,0,0,0.5,0.5,0,0,0,0,45.75,26.8317,48.5604,0
22874,22702,CameraCapture,frame_captured,0,669,7,0.153629,75,NaN,NaN,NaN,NaN,NaN,NaN,NaN,NaN,NaN,NaN,NaN,NaN,NaN,NaN,NaN,NaN,NaN,NaN
22875,22703,ImageProcessor_TPU,frame_processed,0,669,7,0.768389,75,0,NaN,NaN,NaN,NaN,NaN,NaN,NaN,NaN,NaN,NaN,NaN,NaN,NaN,NaN,NaN,NaN,NaN
22882,22710,ImageProcessor_Viz,frame_processed,0,669,7,0.358093,NaN,7,NaN,NaN,NaN,NaN,NaN,NaN,NaN,NaN,NaN,NaN,NaN,NaN,NaN,NaN,NaN,NaN,NaN
22894,22722,InferenceEngine,inference_complete,0,669,NaN,NaN,NaN,0,18.599,31.8,0,0,NaN,NaN,NaN,NaN,NaN,NaN,NaN,NaN,NaN,NaN,NaN,NaN,NaN
22894,22873,Logic,frame_complete,-3955190986414698435,669,7,0.768389,75,0,18,31.8,0,0,0,0,0,0.5,0.5,0,0,0,0,45.75,26.8317,48.5604,0
22907,22736,CameraCapture,frame_captured,0,670,7,0.238159,75,NaN,NaN,NaN,NaN,NaN,NaN,NaN,NaN,NaN,NaN,NaN,NaN,NaN,NaN,NaN,NaN,NaN,NaN
22908,22737,ImageProcessor_TPU,frame_processed,0,670,7,0.898808,75,1,NaN,NaN,NaN,NaN,NaN,NaN,NaN,NaN,NaN,NaN,NaN,NaN,NaN,NaN,NaN,NaN,NaN
22915,22744,ImageProcessor_Viz,frame_processed,0,670,7,0.351278,NaN,8,NaN,NaN,NaN,NaN,NaN,NaN,NaN,NaN,NaN,NaN,NaN,NaN,NaN,NaN,NaN,NaN,NaN
22927,22755,InferenceEngine,inference_complete,0,670,NaN,NaN,NaN,1,18.407,31.8,0,0,NaN,NaN,NaN,NaN,NaN,NaN,NaN,NaN,NaN,NaN,NaN,NaN,NaN
22927,22907,Logic,frame_complete,-3955190986414698435,670,7,0.898808,75,1,18,31.8,0,0,0,0,0,0.5,0.5,0,0,0,0,45.75,26.8317,48.5604,0
22940,22768,CameraCapture,frame_captured,0,671,7,0.226707,75,NaN,NaN,NaN,NaN,NaN,NaN,NaN,NaN,NaN,NaN,NaN,NaN,NaN,NaN,NaN,NaN,NaN,NaN
22941,22769,ImageProcessor_TPU,frame_processed,0,671,7,0.944671,75,0,NaN,NaN,NaN,NaN,NaN,NaN,NaN,NaN,NaN,NaN,NaN,NaN,NaN,NaN,NaN,NaN,NaN
22947,22776,ImageProcessor_Viz,frame_processed,0,671,7,0.343723,NaN,7,NaN,NaN,NaN,NaN,NaN,NaN,NaN,NaN,NaN,NaN,NaN,NaN,NaN,NaN,NaN,NaN,NaN
22960,22788,InferenceEngine,inference_complete,0,671,NaN,NaN,NaN,0,18.706,31.8,0,0,NaN,NaN,NaN,NaN,NaN,NaN,NaN,NaN,NaN,NaN,NaN,NaN,NaN
22960,22939,Logic,frame_complete,-3955190986414698435,671,7,0.944671,75,0,18,31.8,0,0,0,0,0,0.5,0.5,0,0,0,0,45.75,26.8317,48.5604,0
22974,22802,CameraCapture,frame_captured,0,672,7,0.242441,75,NaN,NaN,NaN,NaN,NaN,NaN,NaN,NaN,NaN,NaN,NaN,NaN,NaN,NaN,NaN,NaN,NaN,NaN
22975,22804,ImageProcessor_TPU,frame_processed,0,672,7,0.836386,75,1,NaN,NaN,NaN,NaN,NaN,NaN,NaN,NaN,NaN,NaN,NaN,NaN,NaN,NaN,NaN,NaN,NaN
22982,22811,ImageProcessor_Viz,frame_processed,0,672,7,0.348741,NaN,7,NaN,NaN,NaN,NaN,NaN,NaN,NaN,NaN,NaN,NaN,NaN,NaN,NaN,NaN,NaN,NaN,NaN
22994,22822,InferenceEngine,inference_complete,0,672,NaN,NaN,NaN,1,18.533,31.8,0,0,NaN,NaN,NaN,NaN,NaN,NaN,NaN,NaN,NaN,NaN,NaN,NaN,NaN
22994,22973,Logic,frame_complete,-3955190986414698435,672,7,0.836386,75,1,18,31.8,0,0,0,0,0,0.5,0.5,0,0,0,0,45.75,26.8317,48.5604,0
23007,22836,CameraCapture,frame_captured,0,673,7,0.229971,75,NaN,NaN,NaN,NaN,NaN,NaN,NaN,NaN,NaN,NaN,NaN,NaN,NaN,NaN,NaN,NaN,NaN,NaN
23008,22837,ImageProcessor_TPU,frame_processed,0,673,7,0.89086,75,0,NaN,NaN,NaN,NaN,NaN,NaN,NaN,NaN,NaN,NaN,NaN,NaN,NaN,NaN,NaN,NaN,NaN
23015,22843,ImageProcessor_Viz,frame_processed,0,673,7,0.356482,NaN,7,NaN,NaN,NaN,NaN,NaN,NaN,NaN,NaN,NaN,NaN,NaN,NaN,NaN,NaN,NaN,NaN,NaN
23027,22856,InferenceEngine,inference_complete,0,673,NaN,NaN,NaN,0,18.585,31.8,0,0,NaN,NaN,NaN,NaN,NaN,NaN,NaN,NaN,NaN,NaN,NaN,NaN,NaN
23027,23007,Logic,frame_complete,-3955190986414698435,673,7,0.89086,75,0,19,31.8,0,0,0,0,0,0.5,0.5,0,0,0,0,45.75,26.8317,48.5604,0
23040,22869,CameraCapture,frame_captured,0,674,7,0.150223,75,NaN,NaN,NaN,NaN,NaN,NaN,NaN,NaN,NaN,NaN,NaN,NaN,NaN,NaN,NaN,NaN,NaN,NaN
23041,22870,ImageProcessor_TPU,frame_processed,0,674,7,0.742816,75,0,NaN,NaN,NaN,NaN,NaN,NaN,NaN,NaN,NaN,NaN,NaN,NaN,NaN,NaN,NaN,NaN,NaN
23048,22877,ImageProcessor_Viz,frame_processed,0,674,7,0.346296,NaN,8,NaN,NaN,NaN,NaN,NaN,NaN,NaN,NaN,NaN,NaN,NaN,NaN,NaN,NaN,NaN,NaN,NaN
23060,22889,InferenceEngine,inference_complete,0,674,NaN,NaN,NaN,0,18.647,31.8,0,0,NaN,NaN,NaN,NaN,NaN,NaN,NaN,NaN,NaN,NaN,NaN,NaN,NaN
23060,23040,Logic,frame_complete,-3955190986414698435,674,7,0.742816,75,0,19,31.8,0,0,0,0,0,0.5,0.5,0,0,0,0,45.75,26.8317,48.5604,0
23073,22902,CameraCapture,frame_captured,0,675,7,0.150141,75,NaN,NaN,NaN,NaN,NaN,NaN,NaN,NaN,NaN,NaN,NaN,NaN,NaN,NaN,NaN,NaN,NaN,NaN
23074,22903,ImageProcessor_TPU,frame_processed,0,675,7,0.72916,75,1,NaN,NaN,NaN,NaN,NaN,NaN,NaN,NaN,NaN,NaN,NaN,NaN,NaN,NaN,NaN,NaN,NaN
23080,22909,ImageProcessor_Viz,frame_processed,0,675,7,0.336482,NaN,7,NaN,NaN,NaN,NaN,NaN,NaN,NaN,NaN,NaN,NaN,NaN,NaN,NaN,NaN,NaN,NaN,NaN
23093,22921,InferenceEngine,inference_complete,0,675,NaN,NaN,NaN,1,18.503,31.8,0,0,NaN,NaN,NaN,NaN,NaN,NaN,NaN,NaN,NaN,NaN,NaN,NaN,NaN
23093,23073,Logic,frame_complete,-3955190986414698435,675,7,0.72916,75,1,18,31.8,0,0,0,0,0,0.5,0.5,0,0,0,0,45.75,26.8317,48.5604,0
23107,22936,CameraCapture,frame_captured,0,676,7,0.234505,75,NaN,NaN,NaN,NaN,NaN,NaN,NaN,NaN,NaN,NaN,NaN,NaN,NaN,NaN,NaN,NaN,NaN,NaN
23108,22937,ImageProcessor_TPU,frame_processed,0,676,7,0.828968,75,1,NaN,NaN,NaN,NaN,NaN,NaN,NaN,NaN,NaN,NaN,NaN,NaN,NaN,NaN,NaN,NaN,NaN
23115,22943,ImageProcessor_Viz,frame_processed,0,676,7,0.348278,NaN,7,NaN,NaN,NaN,NaN,NaN,NaN,NaN,NaN,NaN,NaN,NaN,NaN,NaN,NaN,NaN,NaN,NaN
23126,22955,InferenceEngine,inference_complete,0,676,NaN,NaN,NaN,1,18.516,31.8,0,0,NaN,NaN,NaN,NaN,NaN,NaN,NaN,NaN,NaN,NaN,NaN,NaN,NaN
23127,23107,Logic,frame_complete,-3955190986414698435,676,7,0.828968,75,1,18,31.8,0,0,0,0,0,0.5,0.5,0,0,0,0,45.75,26.8317,48.5604,0
23140,22969,CameraCapture,frame_captured,0,677,7,0.140405,75,NaN,NaN,NaN,NaN,NaN,NaN,NaN,NaN,NaN,NaN,NaN,NaN,NaN,NaN,NaN,NaN,NaN,NaN
23141,22970,ImageProcessor_TPU,frame_processed,0,677,7,0.770739,75,0,NaN,NaN,NaN,NaN,NaN,NaN,NaN,NaN,NaN,NaN,NaN,NaN,NaN,NaN,NaN,NaN,NaN
23148,22976,ImageProcessor_Viz,frame_processed,0,677,7,0.337481,NaN,7,NaN,NaN,NaN,NaN,NaN,NaN,NaN,NaN,NaN,NaN,NaN,NaN,NaN,NaN,NaN,NaN,NaN
23160,22989,InferenceEngine,inference_complete,0,677,NaN,NaN,NaN,0,18.677,31.8,0,0,NaN,NaN,NaN,NaN,NaN,NaN,NaN,NaN,NaN,NaN,NaN,NaN,NaN
23160,23140,Logic,frame_complete,-3955190986414698435,677,7,0.770739,75,0,19,31.8,0,0,0,0,0,0.5,0.5,0,0,0,0,45.75,26.8317,48.5604,0
23173,23002,CameraCapture,frame_captured,0,678,7,0.147046,75,NaN,NaN,NaN,NaN,NaN,NaN,NaN,NaN,NaN,NaN,NaN,NaN,NaN,NaN,NaN,NaN,NaN,NaN
23174,23003,ImageProcessor_TPU,frame_processed,0,678,7,0.758805,75,0,NaN,NaN,NaN,NaN,NaN,NaN,NaN,NaN,NaN,NaN,NaN,NaN,NaN,NaN,NaN,NaN,NaN
23181,23010,ImageProcessor_Viz,frame_processed,0,678,7,0.330278,NaN,8,NaN,NaN,NaN,NaN,NaN,NaN,NaN,NaN,NaN,NaN,NaN,NaN,NaN,NaN,NaN,NaN,NaN
23193,23022,InferenceEngine,inference_complete,0,678,NaN,NaN,NaN,0,18.49,31.8,0,0,NaN,NaN,NaN,NaN,NaN,NaN,NaN,NaN,NaN,NaN,NaN,NaN,NaN
23193,23173,Logic,frame_complete,-3955190986414698435,678,7,0.758805,75,0,19,31.8,0,0,0,0,0,0.5,0.5,0,0,0,0,45.75,26.8317,48.5604,0
23206,23035,CameraCapture,frame_captured,0,679,7,0.155168,75,NaN,NaN,NaN,NaN,NaN,NaN,NaN,NaN,NaN,NaN,NaN,NaN,NaN,NaN,NaN,NaN,NaN,NaN
23207,23036,ImageProcessor_TPU,frame_processed,0,679,7,0.768557,75,0,NaN,NaN,NaN,NaN,NaN,NaN,NaN,NaN,NaN,NaN,NaN,NaN,NaN,NaN,NaN,NaN,NaN
23214,23042,ImageProcessor_Viz,frame_processed,0,679,7,0.334667,NaN,7,NaN,NaN,NaN,NaN,NaN,NaN,NaN,NaN,NaN,NaN,NaN,NaN,NaN,NaN,NaN,NaN,NaN
23226,23055,InferenceEngine,inference_complete,0,679,NaN,NaN,NaN,0,18.743,31.8,0,0,NaN,NaN,NaN,NaN,NaN,NaN,NaN,NaN,NaN,NaN,NaN,NaN,NaN
23226,23206,Logic,frame_complete,-3955190986414698435,679,7,0.768557,75,0,19,31.8,0,0,0,0,0,0.5,0.5,0,0,0,0,45.75,26.8317,48.5604,0
23240,23069,CameraCapture,frame_captured,0,680,7,0.139643,75,NaN,NaN,NaN,NaN,NaN,NaN,NaN,NaN,NaN,NaN,NaN,NaN,NaN,NaN,NaN,NaN,NaN,NaN
23241,23070,ImageProcessor_TPU,frame_processed,0,680,7,1.0192,75,0,NaN,NaN,NaN,NaN,NaN,NaN,NaN,NaN,NaN,NaN,NaN,NaN,NaN,NaN,NaN,NaN,NaN
23247,23076,ImageProcessor_Viz,frame_processed,0,680,7,0.329889,NaN,7,NaN,NaN,NaN,NaN,NaN,NaN,NaN,NaN,NaN,NaN,NaN,NaN,NaN,NaN,NaN,NaN,NaN
23260,23089,InferenceEngine,inference_complete,0,680,NaN,NaN,NaN,0,18.858,31.8,0,0,NaN,NaN,NaN,NaN,NaN,NaN,NaN,NaN,NaN,NaN,NaN,NaN,NaN
23261,23240,Logic,frame_complete,-3955190986414698435,680,7,1.0192,75,0,19,31.8,0,0,0,0,0,0.5,0.5,0,0,0,0,45.75,26.8317,48.5604,0
23273,23102,CameraCapture,frame_captured,0,681,7,0.146043,75,NaN,NaN,NaN,NaN,NaN,NaN,NaN,NaN,NaN,NaN,NaN,NaN,NaN,NaN,NaN,NaN,NaN,NaN
23275,23104,ImageProcessor_TPU,frame_processed,0,681,7,1.20115,75,1,NaN,NaN,NaN,NaN,NaN,NaN,NaN,NaN,NaN,NaN,NaN,NaN,NaN,NaN,NaN,NaN,NaN
23281,23110,ImageProcessor_Viz,frame_processed,0,681,7,0.335778,NaN,7,NaN,NaN,NaN,NaN,NaN,NaN,NaN,NaN,NaN,NaN,NaN,NaN,NaN,NaN,NaN,NaN,NaN
23294,23123,InferenceEngine,inference_complete,0,681,NaN,NaN,NaN,1,18.547,31.8,0,0,NaN,NaN,NaN,NaN,NaN,NaN,NaN,NaN,NaN,NaN,NaN,NaN,NaN
23294,23273,Logic,frame_complete,-3955190986414698435,681,7,1.20115,75,1,19,31.8,0,0,0,0,0,0.5,0.5,0,0,0,0,45.75,26.8317,48.5604,0
23307,23135,CameraCapture,frame_captured,0,682,7,0.144961,75,NaN,NaN,NaN,NaN,NaN,NaN,NaN,NaN,NaN,NaN,NaN,NaN,NaN,NaN,NaN,NaN,NaN,NaN
23308,23137,ImageProcessor_TPU,frame_processed,0,682,7,1.01705,75,1,NaN,NaN,NaN,NaN,NaN,NaN,NaN,NaN,NaN,NaN,NaN,NaN,NaN,NaN,NaN,NaN,NaN
23315,23143,ImageProcessor_Viz,frame_processed,0,682,7,0.325223,NaN,7,NaN,NaN,NaN,NaN,NaN,NaN,NaN,NaN,NaN,NaN,NaN,NaN,NaN,NaN,NaN,NaN,NaN
23327,23155,InferenceEngine,inference_complete,0,682,NaN,NaN,NaN,1,18.357,31.8,0,0,NaN,NaN,NaN,NaN,NaN,NaN,NaN,NaN,NaN,NaN,NaN,NaN,NaN
23327,23306,Logic,frame_complete,-3955190986414698435,682,7,1.01705,75,1,18,31.8,0,0,0,0,0,0.5,0.5,0,0,0,0,45.75,26.8317,48.5604,0
23340,23169,CameraCapture,frame_captured,0,683,7,0.229584,75,NaN,NaN,NaN,NaN,NaN,NaN,NaN,NaN,NaN,NaN,NaN,NaN,NaN,NaN,NaN,NaN,NaN,NaN
23341,23170,ImageProcessor_TPU,frame_processed,0,683,7,0.81564,75,1,NaN,NaN,NaN,NaN,NaN,NaN,NaN,NaN,NaN,NaN,NaN,NaN,NaN,NaN,NaN,NaN,NaN
23348,23176,ImageProcessor_Viz,frame_processed,0,683,7,0.340907,NaN,7,NaN,NaN,NaN,NaN,NaN,NaN,NaN,NaN,NaN,NaN,NaN,NaN,NaN,NaN,NaN,NaN,NaN
23359,23188,InferenceEngine,inference_complete,0,683,NaN,NaN,NaN,1,18.35,31.8,0,0,NaN,NaN,NaN,NaN,NaN,NaN,NaN,NaN,NaN,NaN,NaN,NaN,NaN
23360,23339,Logic,frame_complete,-3955190986414698435,683,7,0.81564,75,1,18,31.8,0,0,0,0,0,0.5,0.5,0,0,0,0,45.75,26.8317,48.5604,0
23373,23202,CameraCapture,frame_captured,0,684,7,0.143373,75,NaN,NaN,NaN,NaN,NaN,NaN,NaN,NaN,NaN,NaN,NaN,NaN,NaN,NaN,NaN,NaN,NaN,NaN
23375,23204,ImageProcessor_TPU,frame_processed,0,684,7,0.726133,75,1,NaN,NaN,NaN,NaN,NaN,NaN,NaN,NaN,NaN,NaN,NaN,NaN,NaN,NaN,NaN,NaN,NaN
23381,23210,ImageProcessor_Viz,frame_processed,0,684,7,0.338352,NaN,7,NaN,NaN,NaN,NaN,NaN,NaN,NaN,NaN,NaN,NaN,NaN,NaN,NaN,NaN,NaN,NaN,NaN
23393,23222,InferenceEngine,inference_complete,0,684,NaN,NaN,NaN,1,18.522,31.8,0,0,NaN,NaN,NaN,NaN,NaN,NaN,NaN,NaN,NaN,NaN,NaN,NaN,NaN
23394,23373,Logic,frame_complete,-3955190986414698435,684,7,0.726133,75,1,18,31.8,0,0,0,0,0,0.5,0.5,0,0,0,0,45.75,26.8317,48.5604,0
23407,23236,CameraCapture,frame_captured,0,685,7,0.181495,75,NaN,NaN,NaN,NaN,NaN,NaN,NaN,NaN,NaN,NaN,NaN,NaN,NaN,NaN,NaN,NaN,NaN,NaN
23408,23237,ImageProcessor_TPU,frame_processed,0,685,7,0.754607,75,1,NaN,NaN,NaN,NaN,NaN,NaN,NaN,NaN,NaN,NaN,NaN,NaN,NaN,NaN,NaN,NaN,NaN
23414,23243,ImageProcessor_Viz,frame_processed,0,685,7,0.329482,NaN,7,NaN,NaN,NaN,NaN,NaN,NaN,NaN,NaN,NaN,NaN,NaN,NaN,NaN,NaN,NaN,NaN,NaN
23427,23256,InferenceEngine,inference_complete,0,685,NaN,NaN,NaN,1,18.578,31.8,0,0,NaN,NaN,NaN,NaN,NaN,NaN,NaN,NaN,NaN,NaN,NaN,NaN,NaN
23427,23407,Logic,frame_complete,-3955190986414698435,685,7,0.754607,75,1,19,31.8,0,0,0,0,0,0.5,0.5,0,0,0,0,45.75,26.8317,48.5604,0
23440,23269,CameraCapture,frame_captured,0,686,7,0.227525,75,NaN,NaN,NaN,NaN,NaN,NaN,NaN,NaN,NaN,NaN,NaN,NaN,NaN,NaN,NaN,NaN,NaN,NaN
23441,23270,ImageProcessor_TPU,frame_processed,0,686,7,1.12277,75,0,NaN,NaN,NaN,NaN,NaN,NaN,NaN,NaN,NaN,NaN,NaN,NaN,NaN,NaN,NaN,NaN,NaN
23447,23276,ImageProcessor_Viz,frame_processed,0,686,7,0.33826,NaN,7,NaN,NaN,NaN,NaN,NaN,NaN,NaN,NaN,NaN,NaN,NaN,NaN,NaN,NaN,NaN,NaN,NaN
23460,23289,InferenceEngine,inference_complete,0,686,NaN,NaN,NaN,0,18.501,31.8,0,0,NaN,NaN,NaN,NaN,NaN,NaN,NaN,NaN,NaN,NaN,NaN,NaN,NaN
23460,23440,Logic,frame_complete,-3955190986414698435,686,7,1.12277,75,0,19,31.8,0,0,0,0,0,0.5,0.5,0,0,0,0,45.75,26.8317,48.5604,0
23473,23301,CameraCapture,frame_captured,0,687,7,0.138943,75,NaN,NaN,NaN,NaN,NaN,NaN,NaN,NaN,NaN,NaN,NaN,NaN,NaN,NaN,NaN,NaN,NaN,NaN
23474,23302,ImageProcessor_TPU,frame_processed,0,687,7,0.872296,75,0,NaN,NaN,NaN,NaN,NaN,NaN,NaN,NaN,NaN,NaN,NaN,NaN,NaN,NaN,NaN,NaN,NaN
23480,23309,ImageProcessor_Viz,frame_processed,0,687,7,0.36213,NaN,7,NaN,NaN,NaN,NaN,NaN,NaN,NaN,NaN,NaN,NaN,NaN,NaN,NaN,NaN,NaN,NaN,NaN
23492,23321,InferenceEngine,inference_complete,0,687,NaN,NaN,NaN,0,18.609,31.8,0,0,NaN,NaN,NaN,NaN,NaN,NaN,NaN,NaN,NaN,NaN,NaN,NaN,NaN
23493,23472,Logic,frame_complete,-3955190986414698435,687,7,0.872296,75,0,18,31.8,0,0,0,0,0,0.5,0.5,0,0,0,0,45.75,26.8317,48.5604,0
23507,23335,CameraCapture,frame_captured,0,688,7,0.228992,75,NaN,NaN,NaN,NaN,NaN,NaN,NaN,NaN,NaN,NaN,NaN,NaN,NaN,NaN,NaN,NaN,NaN,NaN
23508,23337,ImageProcessor_TPU,frame_processed,0,688,7,1.19903,75,1,NaN,NaN,NaN,NaN,NaN,NaN,NaN,NaN,NaN,NaN,NaN,NaN,NaN,NaN,NaN,NaN,NaN
23514,23343,ImageProcessor_Viz,frame_processed,0,688,7,0.351704,NaN,7,NaN,NaN,NaN,NaN,NaN,NaN,NaN,NaN,NaN,NaN,NaN,NaN,NaN,NaN,NaN,NaN,NaN
23527,23356,InferenceEngine,inference_complete,0,688,NaN,NaN,NaN,1,18.918,31.8,0,0,NaN,NaN,NaN,NaN,NaN,NaN,NaN,NaN,NaN,NaN,NaN,NaN,NaN
23527,23506,Logic,frame_complete,-3955190986414698435,688,7,1.19903,75,1,19,31.8,0,0,0,0,0,0.5,0.5,0,0,0,0,45.75,26.8317,48.5604,0
23540,23369,CameraCapture,frame_captured,0,689,7,0.143114,75,NaN,NaN,NaN,NaN,NaN,NaN,NaN,NaN,NaN,NaN,NaN,NaN,NaN,NaN,NaN,NaN,NaN,NaN
23541,23370,ImageProcessor_TPU,frame_processed,0,689,7,0.771207,75,0,NaN,NaN,NaN,NaN,NaN,NaN,NaN,NaN,NaN,NaN,NaN,NaN,NaN,NaN,NaN,NaN,NaN
23551,23379,ImageProcessor_Viz,frame_processed,0,689,7,0.341093,NaN,10,NaN,NaN,NaN,NaN,NaN,NaN,NaN,NaN,NaN,NaN,NaN,NaN,NaN,NaN,NaN,NaN,NaN
23560,23389,InferenceEngine,inference_complete,0,689,NaN,NaN,NaN,0,18.831,31.8,0,0,NaN,NaN,NaN,NaN,NaN,NaN,NaN,NaN,NaN,NaN,NaN,NaN,NaN
23560,23540,Logic,frame_complete,-3955190986414698435,689,7,0.771207,75,0,19,31.8,0,0,0,0,0,0.5,0.5,0,0,0,0,45.75,26.8317,48.5604,0
23573,23402,CameraCapture,frame_captured,0,690,7,0.147866,75,NaN,NaN,NaN,NaN,NaN,NaN,NaN,NaN,NaN,NaN,NaN,NaN,NaN,NaN,NaN,NaN,NaN,NaN
23575,23403,ImageProcessor_TPU,frame_processed,0,690,7,0.73107,75,0,NaN,NaN,NaN,NaN,NaN,NaN,NaN,NaN,NaN,NaN,NaN,NaN,NaN,NaN,NaN,NaN,NaN
23581,23410,ImageProcessor_Viz,frame_processed,0,690,7,0.340833,NaN,8,NaN,NaN,NaN,NaN,NaN,NaN,NaN,NaN,NaN,NaN,NaN,NaN,NaN,NaN,NaN,NaN,NaN
23593,23422,InferenceEngine,inference_complete,0,690,NaN,NaN,NaN,0,18.548,31.8,0,0,NaN,NaN,NaN,NaN,NaN,NaN,NaN,NaN,NaN,NaN,NaN,NaN,NaN
23593,23573,Logic,frame_complete,-3955190986414698435,690,7,0.73107,75,0,19,31.8,0,0,0,0,0,0.5,0.5,0,0,0,0,45.75,26.8317,48.5604,0
23606,23435,CameraCapture,frame_captured,0,691,7,0.137784,75,NaN,NaN,NaN,NaN,NaN,NaN,NaN,NaN,NaN,NaN,NaN,NaN,NaN,NaN,NaN,NaN,NaN,NaN
23607,23436,ImageProcessor_TPU,frame_processed,0,691,7,0.747914,75,1,NaN,NaN,NaN,NaN,NaN,NaN,NaN,NaN,NaN,NaN,NaN,NaN,NaN,NaN,NaN,NaN,NaN
23614,23442,ImageProcessor_Viz,frame_processed,0,691,7,0.340852,NaN,7,NaN,NaN,NaN,NaN,NaN,NaN,NaN,NaN,NaN,NaN,NaN,NaN,NaN,NaN,NaN,NaN,NaN
23626,23454,InferenceEngine,inference_complete,0,691,NaN,NaN,NaN,1,18.557,31.8,0,0,NaN,NaN,NaN,NaN,NaN,NaN,NaN,NaN,NaN,NaN,NaN,NaN,NaN
23626,23606,Logic,frame_complete,-3955190986414698435,691,7,0.747914,75,1,18,31.8,0,0,0,0,0,0.5,0.5,0,0,0,0,45.75,26.8317,48.5604,0
23640,23469,CameraCapture,frame_captured,0,692,7,0.154814,75,NaN,NaN,NaN,NaN,NaN,NaN,NaN,NaN,NaN,NaN,NaN,NaN,NaN,NaN,NaN,NaN,NaN,NaN
23641,23470,ImageProcessor_TPU,frame_processed,0,692,7,0.782352,75,0,NaN,NaN,NaN,NaN,NaN,NaN,NaN,NaN,NaN,NaN,NaN,NaN,NaN,NaN,NaN,NaN,NaN
23647,23476,ImageProcessor_Viz,frame_processed,0,692,7,0.344889,NaN,7,NaN,NaN,NaN,NaN,NaN,NaN,NaN,NaN,NaN,NaN,NaN,NaN,NaN,NaN,NaN,NaN,NaN
23660,23489,InferenceEngine,inference_complete,0,692,NaN,NaN,NaN,0,18.5,31.8,0,0,NaN,NaN,NaN,NaN,NaN,NaN,NaN,NaN,NaN,NaN,NaN,NaN,NaN
23660,23640,Logic,frame_complete,-3955190986414698435,692,7,0.782352,75,0,19,31.8,0,0,0,0,0,0.5,0.5,0,0,0,0,45.75,26.8317,48.5604,0
23674,23502,CameraCapture,frame_captured,0,693,7,0.169937,75,NaN,NaN,NaN,NaN,NaN,NaN,NaN,NaN,NaN,NaN,NaN,NaN,NaN,NaN,NaN,NaN,NaN,NaN
23675,23504,ImageProcessor_TPU,frame_processed,0,693,7,0.761678,75,0,NaN,NaN,NaN,NaN,NaN,NaN,NaN,NaN,NaN,NaN,NaN,NaN,NaN,NaN,NaN,NaN,NaN
23681,23510,ImageProcessor_Viz,frame_processed,0,693,7,0.348296,NaN,7,NaN,NaN,NaN,NaN,NaN,NaN,NaN,NaN,NaN,NaN,NaN,NaN,NaN,NaN,NaN,NaN,NaN
23694,23523,InferenceEngine,inference_complete,0,693,NaN,NaN,NaN,0,18.535,31.8,0,0,NaN,NaN,NaN,NaN,NaN,NaN,NaN,NaN,NaN,NaN,NaN,NaN,NaN
23694,23673,Logic,frame_complete,-3955190986414698435,693,7,0.761678,75,0,19,31.8,0,0,0,0,0,0.5,0.5,0,0,0,0,45.75,26.8317,48.5604,0
23707,23535,CameraCapture,frame_captured,0,694,7,0.138263,75,NaN,NaN,NaN,NaN,NaN,NaN,NaN,NaN,NaN,NaN,NaN,NaN,NaN,NaN,NaN,NaN,NaN,NaN
23708,23536,ImageProcessor_TPU,frame_processed,0,694,7,0.747948,75,0,NaN,NaN,NaN,NaN,NaN,NaN,NaN,NaN,NaN,NaN,NaN,NaN,NaN,NaN,NaN,NaN,NaN
23716,23545,ImageProcessor_Viz,frame_processed,0,694,7,0.32937,NaN,8,NaN,NaN,NaN,NaN,NaN,NaN,NaN,NaN,NaN,NaN,NaN,NaN,NaN,NaN,NaN,NaN,NaN
23726,23555,InferenceEngine,inference_complete,0,694,NaN,NaN,NaN,0,18.283,31.8,0,0,NaN,NaN,NaN,NaN,NaN,NaN,NaN,NaN,NaN,NaN,NaN,NaN,NaN
23726,23706,Logic,frame_complete,-3955190986414698435,694,7,0.747948,75,0,18,31.8,0,0,0,0,0,0.5,0.5,0,0,0,0,45.75,26.8317,48.5604,0
23739,23568,CameraCapture,frame_captured,0,695,7,0.136292,75,NaN,NaN,NaN,NaN,NaN,NaN,NaN,NaN,NaN,NaN,NaN,NaN,NaN,NaN,NaN,NaN,NaN,NaN
23740,23569,ImageProcessor_TPU,frame_processed,0,695,7,0.689737,75,1,NaN,NaN,NaN,NaN,NaN,NaN,NaN,NaN,NaN,NaN,NaN,NaN,NaN,NaN,NaN,NaN,NaN
23748,23577,ImageProcessor_Viz,frame_processed,0,695,7,0.335426,NaN,9,NaN,NaN,NaN,NaN,NaN,NaN,NaN,NaN,NaN,NaN,NaN,NaN,NaN,NaN,NaN,NaN,NaN
23759,23588,InferenceEngine,inference_complete,0,695,NaN,NaN,NaN,1,18.449,31.8,0,0,NaN,NaN,NaN,NaN,NaN,NaN,NaN,NaN,NaN,NaN,NaN,NaN,NaN
23759,23739,Logic,frame_complete,-3955190986414698435,695,7,0.689737,75,1,18,31.8,0,0,0,0,0,0.5,0.5,0,0,0,0,45.75,26.8317,48.5604,0
23773,23602,CameraCapture,frame_captured,0,696,7,0.142025,75,NaN,NaN,NaN,NaN,NaN,NaN,NaN,NaN,NaN,NaN,NaN,NaN,NaN,NaN,NaN,NaN,NaN,NaN
23774,23603,ImageProcessor_TPU,frame_processed,0,696,7,0.759137,75,0,NaN,NaN,NaN,NaN,NaN,NaN,NaN,NaN,NaN,NaN,NaN,NaN,NaN,NaN,NaN,NaN,NaN
23781,23609,ImageProcessor_Viz,frame_processed,0,696,7,0.333555,NaN,7,NaN,NaN,NaN,NaN,NaN,NaN,NaN,NaN,NaN,NaN,NaN,NaN,NaN,NaN,NaN,NaN,NaN
23793,23622,InferenceEngine,inference_complete,0,696,NaN,NaN,NaN,0,19.077,31.8,0,0,NaN,NaN,NaN,NaN,NaN,NaN,NaN,NaN,NaN,NaN,NaN,NaN,NaN
23794,23773,Logic,frame_complete,-3955190986414698435,696,7,0.759137,75,0,19,31.8,0,0,0,0,0,0.5,0.5,0,0,0,0,45.75,26.8317,48.5604,0
23806,23635,CameraCapture,frame_captured,0,697,7,0.144,75,NaN,NaN,NaN,NaN,NaN,NaN,NaN,NaN,NaN,NaN,NaN,NaN,NaN,NaN,NaN,NaN,NaN,NaN
23808,23636,ImageProcessor_TPU,frame_processed,0,697,7,0.835055,75,0,NaN,NaN,NaN,NaN,NaN,NaN,NaN,NaN,NaN,NaN,NaN,NaN,NaN,NaN,NaN,NaN,NaN
23814,23643,ImageProcessor_Viz,frame_processed,0,697,7,0.331537,NaN,7,NaN,NaN,NaN,NaN,NaN,NaN,NaN,NaN,NaN,NaN,NaN,NaN,NaN,NaN,NaN,NaN,NaN
23826,23655,InferenceEngine,inference_complete,0,697,NaN,NaN,NaN,0,18.687,31.8,0,0,NaN,NaN,NaN,NaN,NaN,NaN,NaN,NaN,NaN,NaN,NaN,NaN,NaN
23826,23806,Logic,frame_complete,-3955190986414698435,697,7,0.835055,75,0,19,31.8,0,0,0,0,0,0.5,0.5,0,0,0,0,45.75,26.8317,48.5604,0
23840,23669,CameraCapture,frame_captured,0,698,7,0.140029,75,NaN,NaN,NaN,NaN,NaN,NaN,NaN,NaN,NaN,NaN,NaN,NaN,NaN,NaN,NaN,NaN,NaN,NaN
23841,23670,ImageProcessor_TPU,frame_processed,0,698,7,0.721233,75,1,NaN,NaN,NaN,NaN,NaN,NaN,NaN,NaN,NaN,NaN,NaN,NaN,NaN,NaN,NaN,NaN,NaN
23848,23676,ImageProcessor_Viz,frame_processed,0,698,7,0.33324,NaN,7,NaN,NaN,NaN,NaN,NaN,NaN,NaN,NaN,NaN,NaN,NaN,NaN,NaN,NaN,NaN,NaN,NaN
23860,23688,InferenceEngine,inference_complete,0,698,NaN,NaN,NaN,1,18.488,31.8,0,0,NaN,NaN,NaN,NaN,NaN,NaN,NaN,NaN,NaN,NaN,NaN,NaN,NaN
23860,23840,Logic,frame_complete,-3955190986414698435,698,7,0.721233,75,1,18,31.8,0,0,0,0,0,0.5,0.5,0,0,0,0,45.75,26.8317,48.5604,0
23872,23701,CameraCapture,frame_captured,0,699,7,0.14717,75,NaN,NaN,NaN,NaN,NaN,NaN,NaN,NaN,NaN,NaN,NaN,NaN,NaN,NaN,NaN,NaN,NaN,NaN
23874,23703,ImageProcessor_TPU,frame_processed,0,699,7,1.25226,75,1,NaN,NaN,NaN,NaN,NaN,NaN,NaN,NaN,NaN,NaN,NaN,NaN,NaN,NaN,NaN,NaN,NaN
23880,23709,ImageProcessor_Viz,frame_processed,0,699,7,0.340907,NaN,7,NaN,NaN,NaN,NaN,NaN,NaN,NaN,NaN,NaN,NaN,NaN,NaN,NaN,NaN,NaN,NaN,NaN
23893,23722,InferenceEngine,inference_complete,0,699,NaN,NaN,NaN,1,18.535,31.8,0,0,NaN,NaN,NaN,NaN,NaN,NaN,NaN,NaN,NaN,NaN,NaN,NaN,NaN
23893,23872,Logic,frame_complete,-3955190986414698435,699,7,1.25226,75,1,19,31.8,0,0,0,0,0,0.5,0.5,0,0,0,0,45.75,26.8317,48.5604,0
23906,23735,CameraCapture,frame_captured,0,700,7,0.231237,75,NaN,NaN,NaN,NaN,NaN,NaN,NaN,NaN,NaN,NaN,NaN,NaN,NaN,NaN,NaN,NaN,NaN,NaN
23907,23736,ImageProcessor_TPU,frame_processed,0,700,7,0.837311,75,0,NaN,NaN,NaN,NaN,NaN,NaN,NaN,NaN,NaN,NaN,NaN,NaN,NaN,NaN,NaN,NaN,NaN
23914,23743,ImageProcessor_Viz,frame_processed,0,700,7,0.343463,NaN,7,NaN,NaN,NaN,NaN,NaN,NaN,NaN,NaN,NaN,NaN,NaN,NaN,NaN,NaN,NaN,NaN,NaN
23926,23755,InferenceEngine,inference_complete,0,700,NaN,NaN,NaN,0,18.406,31.8,0,0,NaN,NaN,NaN,NaN,NaN,NaN,NaN,NaN,NaN,NaN,NaN,NaN,NaN
23926,23906,Logic,frame_complete,-3955190986414698435,700,7,0.837311,75,0,19,31.8,0,0,0,0,0,0.5,0.5,0,0,0,0,45.75,26.8317,48.5604,0
23940,23769,CameraCapture,frame_captured,0,701,7,0.230415,75,NaN,NaN,NaN,NaN,NaN,NaN,NaN,NaN,NaN,NaN,NaN,NaN,NaN,NaN,NaN,NaN,NaN,NaN
23941,23770,ImageProcessor_TPU,frame_processed,0,701,7,0.825285,75,0,NaN,NaN,NaN,NaN,NaN,NaN,NaN,NaN,NaN,NaN,NaN,NaN,NaN,NaN,NaN,NaN,NaN
23948,23776,ImageProcessor_Viz,frame_processed,0,701,7,0.338204,NaN,7,NaN,NaN,NaN,NaN,NaN,NaN,NaN,NaN,NaN,NaN,NaN,NaN,NaN,NaN,NaN,NaN,NaN
23960,23788,InferenceEngine,inference_complete,0,701,NaN,NaN,NaN,0,18.395,31.8,0,0,NaN,NaN,NaN,NaN,NaN,NaN,NaN,NaN,NaN,NaN,NaN,NaN,NaN
23960,23940,Logic,frame_complete,-3955190986414698435,701,7,0.825285,75,0,18,31.8,0,0,0,0,0,0.5,0.5,0,0,0,0,45.75,26.8317,48.5604,0
23973,23802,CameraCapture,frame_captured,0,702,7,0.143944,75,NaN,NaN,NaN,NaN,NaN,NaN,NaN,NaN,NaN,NaN,NaN,NaN,NaN,NaN,NaN,NaN,NaN,NaN
23974,23803,ImageProcessor_TPU,frame_processed,0,702,7,0.786019,75,1,NaN,NaN,NaN,NaN,NaN,NaN,NaN,NaN,NaN,NaN,NaN,NaN,NaN,NaN,NaN,NaN,NaN
23981,23810,ImageProcessor_Viz,frame_processed,0,702,7,0.353852,NaN,8,NaN,NaN,NaN,NaN,NaN,NaN,NaN,NaN,NaN,NaN,NaN,NaN,NaN,NaN,NaN,NaN,NaN
23992,23821,InferenceEngine,inference_complete,0,702,NaN,NaN,NaN,1,18.41,31.8,0,0,NaN,NaN,NaN,NaN,NaN,NaN,NaN,NaN,NaN,NaN,NaN,NaN,NaN
23993,23973,Logic,frame_complete,-3955190986414698435,702,7,0.786019,75,1,18,31.8,0,0,0,0,0,0.5,0.5,0,0,0,0,45.75,26.8317,48.5604,0
24006,23834,CameraCapture,frame_captured,0,703,7,0.143048,75,NaN,NaN,NaN,NaN,NaN,NaN,NaN,NaN,NaN,NaN,NaN,NaN,NaN,NaN,NaN,NaN,NaN,NaN
24007,23836,ImageProcessor_TPU,frame_processed,0,703,7,0.776733,75,1,NaN,NaN,NaN,NaN,NaN,NaN,NaN,NaN,NaN,NaN,NaN,NaN,NaN,NaN,NaN,NaN,NaN
24013,23842,ImageProcessor_Viz,frame_processed,0,703,7,0.350964,NaN,7,NaN,NaN,NaN,NaN,NaN,NaN,NaN,NaN,NaN,NaN,NaN,NaN,NaN,NaN,NaN,NaN,NaN
24026,23854,InferenceEngine,inference_complete,0,703,NaN,NaN,NaN,1,18.495,31.8,0,0,NaN,NaN,NaN,NaN,NaN,NaN,NaN,NaN,NaN,NaN,NaN,NaN,NaN
24026,24005,Logic,frame_complete,-3955190986414698435,703,7,0.776733,75,1,18,31.8,0,0,0,0,0,0.5,0.5,0,0,0,0,45.75,26.8317,48.5604,0
24040,23869,CameraCapture,frame_captured,0,704,7,0.147115,75,NaN,NaN,NaN,NaN,NaN,NaN,NaN,NaN,NaN,NaN,NaN,NaN,NaN,NaN,NaN,NaN,NaN,NaN
24041,23870,ImageProcessor_TPU,frame_processed,0,704,7,0.7923,75,1,NaN,NaN,NaN,NaN,NaN,NaN,NaN,NaN,NaN,NaN,NaN,NaN,NaN,NaN,NaN,NaN,NaN
24047,23876,ImageProcessor_Viz,frame_processed,0,704,7,0.344797,NaN,7,NaN,NaN,NaN,NaN,NaN,NaN,NaN,NaN,NaN,NaN,NaN,NaN,NaN,NaN,NaN,NaN,NaN
24059,23888,InferenceEngine,inference_complete,0,704,NaN,NaN,NaN,1,18.502,31.8,0,0,NaN,NaN,NaN,NaN,NaN,NaN,NaN,NaN,NaN,NaN,NaN,NaN,NaN
24060,24039,Logic,frame_complete,-3955190986414698435,704,7,0.7923,75,1,18,31.8,0,0,0,0,0,0.5,0.5,0,0,0,0,45.75,26.8317,48.5604,0
24073,23902,CameraCapture,frame_captured,0,705,7,0.165718,75,NaN,NaN,NaN,NaN,NaN,NaN,NaN,NaN,NaN,NaN,NaN,NaN,NaN,NaN,NaN,NaN,NaN,NaN
24074,23903,ImageProcessor_TPU,frame_processed,0,705,7,0.816904,75,0,NaN,NaN,NaN,NaN,NaN,NaN,NaN,NaN,NaN,NaN,NaN,NaN,NaN,NaN,NaN,NaN,NaN
24081,23909,ImageProcessor_Viz,frame_processed,0,705,7,0.354297,NaN,7,NaN,NaN,NaN,NaN,NaN,NaN,NaN,NaN,NaN,NaN,NaN,NaN,NaN,NaN,NaN,NaN,NaN
24093,23922,InferenceEngine,inference_complete,0,705,NaN,NaN,NaN,0,18.491,31.8,0,0,NaN,NaN,NaN,NaN,NaN,NaN,NaN,NaN,NaN,NaN,NaN,NaN,NaN
24093,24073,Logic,frame_complete,-3955190986414698435,705,7,0.816904,75,0,19,31.8,0,0,0,0,0,0.5,0.5,0,0,0,0,45.75,26.8317,48.5604,0
24106,23935,CameraCapture,frame_captured,0,706,7,0.149859,75,NaN,NaN,NaN,NaN,NaN,NaN,NaN,NaN,NaN,NaN,NaN,NaN,NaN,NaN,NaN,NaN,NaN,NaN
24107,23936,ImageProcessor_TPU,frame_processed,0,706,7,0.773637,75,0,NaN,NaN,NaN,NaN,NaN,NaN,NaN,NaN,NaN,NaN,NaN,NaN,NaN,NaN,NaN,NaN,NaN
24114,23943,ImageProcessor_Viz,frame_processed,0,706,7,0.348222,NaN,8,NaN,NaN,NaN,NaN,NaN,NaN,NaN,NaN,NaN,NaN,NaN,NaN,NaN,NaN,NaN,NaN,NaN
24126,23955,InferenceEngine,inference_complete,0,706,NaN,NaN,NaN,0,18.643,31.8,0,0,NaN,NaN,NaN,NaN,NaN,NaN,NaN,NaN,NaN,NaN,NaN,NaN,NaN
24126,24106,Logic,frame_complete,-3955190986414698435,706,7,0.773637,75,0,19,31.8,0,0,0,0,0,0.5,0.5,0,0,0,0,45.75,26.8317,48.5604,0
24139,23968,CameraCapture,frame_captured,0,707,7,0.144518,75,NaN,NaN,NaN,NaN,NaN,NaN,NaN,NaN,NaN,NaN,NaN,NaN,NaN,NaN,NaN,NaN,NaN,NaN
24140,23969,ImageProcessor_TPU,frame_processed,0,707,7,1.05935,75,0,NaN,NaN,NaN,NaN,NaN,NaN,NaN,NaN,NaN,NaN,NaN,NaN,NaN,NaN,NaN,NaN,NaN
24146,23975,ImageProcessor_Viz,frame_processed,0,707,7,0.334038,NaN,7,NaN,NaN,NaN,NaN,NaN,NaN,NaN,NaN,NaN,NaN,NaN,NaN,NaN,NaN,NaN,NaN,NaN
24159,23988,InferenceEngine,inference_complete,0,707,NaN,NaN,NaN,0,18.506,31.8,0,0,NaN,NaN,NaN,NaN,NaN,NaN,NaN,NaN,NaN,NaN,NaN,NaN,NaN
24159,24139,Logic,frame_complete,-3955190986414698435,707,7,1.05935,75,0,19,31.8,0,0,0,0,0,0.5,0.5,0,0,0,0,45.75,26.8317,48.5604,0
24173,24002,CameraCapture,frame_captured,0,708,7,0.207511,75,NaN,NaN,NaN,NaN,NaN,NaN,NaN,NaN,NaN,NaN,NaN,NaN,NaN,NaN,NaN,NaN,NaN,NaN
24174,24003,ImageProcessor_TPU,frame_processed,0,708,7,1.1341,75,0,NaN,NaN,NaN,NaN,NaN,NaN,NaN,NaN,NaN,NaN,NaN,NaN,NaN,NaN,NaN,NaN,NaN
24180,24009,ImageProcessor_Viz,frame_processed,0,708,7,0.331166,NaN,7,NaN,NaN,NaN,NaN,NaN,NaN,NaN,NaN,NaN,NaN,NaN,NaN,NaN,NaN,NaN,NaN,NaN
24193,24022,InferenceEngine,inference_complete,0,708,NaN,NaN,NaN,0,18.472,31.8,0,0,NaN,NaN,NaN,NaN,NaN,NaN,NaN,NaN,NaN,NaN,NaN,NaN,NaN
24193,24173,Logic,frame_complete,-3955190986414698435,708,7,1.1341,75,0,19,31.8,0,0,0,0,0,0.5,0.5,0,0,0,0,45.75,26.8317,48.5604,0
24206,24035,CameraCapture,frame_captured,0,709,7,0.152541,75,NaN,NaN,NaN,NaN,NaN,NaN,NaN,NaN,NaN,NaN,NaN,NaN,NaN,NaN,NaN,NaN,NaN,NaN
24207,24036,ImageProcessor_TPU,frame_processed,0,709,7,0.768319,75,0,NaN,NaN,NaN,NaN,NaN,NaN,NaN,NaN,NaN,NaN,NaN,NaN,NaN,NaN,NaN,NaN,NaN
24215,24044,ImageProcessor_Viz,frame_processed,0,709,7,0.345703,NaN,9,NaN,NaN,NaN,NaN,NaN,NaN,NaN,NaN,NaN,NaN,NaN,NaN,NaN,NaN,NaN,NaN,NaN
24226,24055,InferenceEngine,inference_complete,0,709,NaN,NaN,NaN,0,18.59,31.8,0,0,NaN,NaN,NaN,NaN,NaN,NaN,NaN,NaN,NaN,NaN,NaN,NaN,NaN
24226,24206,Logic,frame_complete,-3955190986414698435,709,7,0.768319,75,0,19,31.8,0,0,0,0,0,0.5,0.5,0,0,0,0,45.75,26.8317,48.5604,0
24240,24068,CameraCapture,frame_captured,0,710,7,0.139922,75,NaN,NaN,NaN,NaN,NaN,NaN,NaN,NaN,NaN,NaN,NaN,NaN,NaN,NaN,NaN,NaN,NaN,NaN
24241,24070,ImageProcessor_TPU,frame_processed,0,710,7,0.718126,75,1,NaN,NaN,NaN,NaN,NaN,NaN,NaN,NaN,NaN,NaN,NaN,NaN,NaN,NaN,NaN,NaN,NaN
24248,24076,ImageProcessor_Viz,frame_processed,0,710,7,0.326944,NaN,7,NaN,NaN,NaN,NaN,NaN,NaN,NaN,NaN,NaN,NaN,NaN,NaN,NaN,NaN,NaN,NaN,NaN
24260,24088,InferenceEngine,inference_complete,0,710,NaN,NaN,NaN,1,18.49,31.8,0,0,NaN,NaN,NaN,NaN,NaN,NaN,NaN,NaN,NaN,NaN,NaN,NaN,NaN
24260,24239,Logic,frame_complete,-3955190986414698435,710,7,0.718126,75,1,18,31.8,0,0,0,0,0,0.5,0.5,0,0,0,0,45.75,26.8317,48.5604,0
24272,24101,CameraCapture,frame_captured,0,711,7,0.225507,75,NaN,NaN,NaN,NaN,NaN,NaN,NaN,NaN,NaN,NaN,NaN,NaN,NaN,NaN,NaN,NaN,NaN,NaN
24274,24102,ImageProcessor_TPU,frame_processed,0,711,7,0.893359,75,0,NaN,NaN,NaN,NaN,NaN,NaN,NaN,NaN,NaN,NaN,NaN,NaN,NaN,NaN,NaN,NaN,NaN
24280,24109,ImageProcessor_Viz,frame_processed,0,711,7,0.346926,NaN,8,NaN,NaN,NaN,NaN,NaN,NaN,NaN,NaN,NaN,NaN,NaN,NaN,NaN,NaN,NaN,NaN,NaN
24292,24121,InferenceEngine,inference_complete,0,711,NaN,NaN,NaN,0,18.448,31.8,0,0,NaN,NaN,NaN,NaN,NaN,NaN,NaN,NaN,NaN,NaN,NaN,NaN,NaN
24292,24272,Logic,frame_complete,-3955190986414698435,711,7,0.893359,75,0,19,31.8,0,0,0,0,0,0.5,0.5,0,0,0,0,45.75,26.8317,48.5604,0
24306,24135,CameraCapture,frame_captured,0,712,7,0.149797,75,NaN,NaN,NaN,NaN,NaN,NaN,NaN,NaN,NaN,NaN,NaN,NaN,NaN,NaN,NaN,NaN,NaN,NaN
24307,24136,ImageProcessor_TPU,frame_processed,0,712,7,0.767482,75,0,NaN,NaN,NaN,NaN,NaN,NaN,NaN,NaN,NaN,NaN,NaN,NaN,NaN,NaN,NaN,NaN,NaN
24314,24143,ImageProcessor_Viz,frame_processed,0,712,7,0.327315,NaN,8,NaN,NaN,NaN,NaN,NaN,NaN,NaN,NaN,NaN,NaN,NaN,NaN,NaN,NaN,NaN,NaN,NaN
24326,24155,InferenceEngine,inference_complete,0,712,NaN,NaN,NaN,0,18.553,31.8,0,0,NaN,NaN,NaN,NaN,NaN,NaN,NaN,NaN,NaN,NaN,NaN,NaN,NaN
24326,24306,Logic,frame_complete,-3955190986414698435,712,7,0.767482,75,0,19,31.8,0,0,0,0,0,0.5,0.5,0,0,0,0,45.75,26.8317,48.5604,0
24340,24168,CameraCapture,frame_captured,0,713,7,0.236808,75,NaN,NaN,NaN,NaN,NaN,NaN,NaN,NaN,NaN,NaN,NaN,NaN,NaN,NaN,NaN,NaN,NaN,NaN
24341,24170,ImageProcessor_TPU,frame_processed,0,713,7,1.17533,75,1,NaN,NaN,NaN,NaN,NaN,NaN,NaN,NaN,NaN,NaN,NaN,NaN,NaN,NaN,NaN,NaN,NaN
24347,24176,ImageProcessor_Viz,frame_processed,0,713,7,0.339667,NaN,7,NaN,NaN,NaN,NaN,NaN,NaN,NaN,NaN,NaN,NaN,NaN,NaN,NaN,NaN,NaN,NaN,NaN
24360,24189,InferenceEngine,inference_complete,0,713,NaN,NaN,NaN,1,18.746,31.8,0,0,NaN,NaN,NaN,NaN,NaN,NaN,NaN,NaN,NaN,NaN,NaN,NaN,NaN
24360,24339,Logic,frame_complete,-3955190986414698435,713,7,1.17533,75,1,19,31.8,0,0,0,0,0,0.5,0.5,0,0,0,0,45.75,26.8317,48.5604,0
24373,24202,CameraCapture,frame_captured,0,714,7,0.2323,75,NaN,NaN,NaN,NaN,NaN,NaN,NaN,NaN,NaN,NaN,NaN,NaN,NaN,NaN,NaN,NaN,NaN,NaN
24374,24203,ImageProcessor_TPU,frame_processed,0,714,7,0.951152,75,1,NaN,NaN,NaN,NaN,NaN,NaN,NaN,NaN,NaN,NaN,NaN,NaN,NaN,NaN,NaN,NaN,NaN
24380,24209,ImageProcessor_Viz,frame_processed,0,714,7,0.347723,NaN,7,NaN,NaN,NaN,NaN,NaN,NaN,NaN,NaN,NaN,NaN,NaN,NaN,NaN,NaN,NaN,NaN,NaN
24393,24222,InferenceEngine,inference_complete,0,714,NaN,NaN,NaN,1,18.681,31.8,0,0,NaN,NaN,NaN,NaN,NaN,NaN,NaN,NaN,NaN,NaN,NaN,NaN,NaN
24393,24373,Logic,frame_complete,-3955190986414698435,714,7,0.951152,75,1,19,31.8,0,0,0,0,0,0.5,0.5,0,0,0,0,45.75,26.8317,48.5604,0
24406,24234,CameraCapture,frame_captured,0,715,7,0.158126,75,NaN,NaN,NaN,NaN,NaN,NaN,NaN,NaN,NaN,NaN,NaN,NaN,NaN,NaN,NaN,NaN,NaN,NaN
24407,24235,ImageProcessor_TPU,frame_processed,0,715,7,0.866015,75,0,NaN,NaN,NaN,NaN,NaN,NaN,NaN,NaN,NaN,NaN,NaN,NaN,NaN,NaN,NaN,NaN,NaN
24413,24242,ImageProcessor_Viz,frame_processed,0,715,7,0.439352,NaN,7,NaN,NaN,NaN,NaN,NaN,NaN,NaN,NaN,NaN,NaN,NaN,NaN,NaN,NaN,NaN,NaN,NaN
24425,24254,InferenceEngine,inference_complete,0,715,NaN,NaN,NaN,0,18.62,31.8,0,0,NaN,NaN,NaN,NaN,NaN,NaN,NaN,NaN,NaN,NaN,NaN,NaN,NaN
24425,24405,Logic,frame_complete,-3955190986414698435,715,7,0.866015,75,0,18,31.8,0,0,0,0,0,0.5,0.5,0,0,0,0,45.75,26.8317,48.5604,0
24440,24268,CameraCapture,frame_captured,0,716,7,0.2386,75,NaN,NaN,NaN,NaN,NaN,NaN,NaN,NaN,NaN,NaN,NaN,NaN,NaN,NaN,NaN,NaN,NaN,NaN
24441,24270,ImageProcessor_TPU,frame_processed,0,716,7,0.880397,75,1,NaN,NaN,NaN,NaN,NaN,NaN,NaN,NaN,NaN,NaN,NaN,NaN,NaN,NaN,NaN,NaN,NaN
24447,24276,ImageProcessor_Viz,frame_processed,0,716,7,0.341889,NaN,7,NaN,NaN,NaN,NaN,NaN,NaN,NaN,NaN,NaN,NaN,NaN,NaN,NaN,NaN,NaN,NaN,NaN
24459,24288,InferenceEngine,inference_complete,0,716,NaN,NaN,NaN,1,18.513,31.8,0,0,NaN,NaN,NaN,NaN,NaN,NaN,NaN,NaN,NaN,NaN,NaN,NaN,NaN
24460,24439,Logic,frame_complete,-3955190986414698435,716,7,0.880397,75,1,18,31.8,0,0,0,0,0,0.5,0.5,0,0,0,0,45.75,26.8317,48.5604,0
24473,24302,CameraCapture,frame_captured,0,717,7,0.243963,75,NaN,NaN,NaN,NaN,NaN,NaN,NaN,NaN,NaN,NaN,NaN,NaN,NaN,NaN,NaN,NaN,NaN,NaN
24474,24303,ImageProcessor_TPU,frame_processed,0,717,7,1.13937,75,0,NaN,NaN,NaN,NaN,NaN,NaN,NaN,NaN,NaN,NaN,NaN,NaN,NaN,NaN,NaN,NaN,NaN
24480,24309,ImageProcessor_Viz,frame_processed,0,717,7,0.34737,NaN,7,NaN,NaN,NaN,NaN,NaN,NaN,NaN,NaN,NaN,NaN,NaN,NaN,NaN,NaN,NaN,NaN,NaN
24493,24322,InferenceEngine,inference_complete,0,717,NaN,NaN,NaN,0,18.754,31.8,0,0,NaN,NaN,NaN,NaN,NaN,NaN,NaN,NaN,NaN,NaN,NaN,NaN,NaN
24494,24473,Logic,frame_complete,-3955190986414698435,717,7,1.13937,75,0,19,31.8,0,0,0,0,0,0.5,0.5,0,0,0,0,45.75,26.8317,48.5604,0
24506,24335,CameraCapture,frame_captured,0,718,7,0.224085,75,NaN,NaN,NaN,NaN,NaN,NaN,NaN,NaN,NaN,NaN,NaN,NaN,NaN,NaN,NaN,NaN,NaN,NaN
24507,24336,ImageProcessor_TPU,frame_processed,0,718,7,0.963123,75,0,NaN,NaN,NaN,NaN,NaN,NaN,NaN,NaN,NaN,NaN,NaN,NaN,NaN,NaN,NaN,NaN,NaN
24514,24343,ImageProcessor_Viz,frame_processed,0,718,7,0.353019,NaN,8,NaN,NaN,NaN,NaN,NaN,NaN,NaN,NaN,NaN,NaN,NaN,NaN,NaN,NaN,NaN,NaN,NaN
24526,24355,InferenceEngine,inference_complete,0,718,NaN,NaN,NaN,0,18.543,31.8,0,0,NaN,NaN,NaN,NaN,NaN,NaN,NaN,NaN,NaN,NaN,NaN,NaN,NaN
24526,24506,Logic,frame_complete,-3955190986414698435,718,7,0.963123,75,0,19,31.8,0,0,0,0,0,0.5,0.5,0,0,0,0,45.75,26.8317,48.5604,0
24539,24368,CameraCapture,frame_captured,0,719,7,0.141689,75,NaN,NaN,NaN,NaN,NaN,NaN,NaN,NaN,NaN,NaN,NaN,NaN,NaN,NaN,NaN,NaN,NaN,NaN
24540,24369,ImageProcessor_TPU,frame_processed,0,719,7,0.796078,75,1,NaN,NaN,NaN,NaN,NaN,NaN,NaN,NaN,NaN,NaN,NaN,NaN,NaN,NaN,NaN,NaN,NaN
24549,24378,ImageProcessor_Viz,frame_processed,0,719,7,0.347463,NaN,10,NaN,NaN,NaN,NaN,NaN,NaN,NaN,NaN,NaN,NaN,NaN,NaN,NaN,NaN,NaN,NaN,NaN
24559,24387,InferenceEngine,inference_complete,0,719,NaN,NaN,NaN,1,18.515,31.8,0,0,NaN,NaN,NaN,NaN,NaN,NaN,NaN,NaN,NaN,NaN,NaN,NaN,NaN
24559,24539,Logic,frame_complete,-3955190986414698435,719,7,0.796078,75,1,18,31.8,0,0,0,0,0,0.5,0.5,0,0,0,0,45.75,26.8317,48.5604,0
24573,24401,CameraCapture,frame_captured,0,720,7,0.140626,75,NaN,NaN,NaN,NaN,NaN,NaN,NaN,NaN,NaN,NaN,NaN,NaN,NaN,NaN,NaN,NaN,NaN,NaN
24574,24403,ImageProcessor_TPU,frame_processed,0,720,7,0.712237,75,1,NaN,NaN,NaN,NaN,NaN,NaN,NaN,NaN,NaN,NaN,NaN,NaN,NaN,NaN,NaN,NaN,NaN
24581,24410,ImageProcessor_Viz,frame_processed,0,720,7,0.347796,NaN,8,NaN,NaN,NaN,NaN,NaN,NaN,NaN,NaN,NaN,NaN,NaN,NaN,NaN,NaN,NaN,NaN,NaN
24593,24421,InferenceEngine,inference_complete,0,720,NaN,NaN,NaN,1,18.359,31.8,0,0,NaN,NaN,NaN,NaN,NaN,NaN,NaN,NaN,NaN,NaN,NaN,NaN,NaN
24593,24572,Logic,frame_complete,-3955190986414698435,720,7,0.712237,75,1,18,31.8,0,0,0,0,0,0.5,0.5,0,0,0,0,45.75,26.8317,48.5604,0
24606,24435,CameraCapture,frame_captured,0,721,7,0.139989,75,NaN,NaN,NaN,NaN,NaN,NaN,NaN,NaN,NaN,NaN,NaN,NaN,NaN,NaN,NaN,NaN,NaN,NaN
24607,24436,ImageProcessor_TPU,frame_processed,0,721,7,0.699137,75,0,NaN,NaN,NaN,NaN,NaN,NaN,NaN,NaN,NaN,NaN,NaN,NaN,NaN,NaN,NaN,NaN,NaN
24614,24443,ImageProcessor_Viz,frame_processed,0,721,7,0.340926,NaN,8,NaN,NaN,NaN,NaN,NaN,NaN,NaN,NaN,NaN,NaN,NaN,NaN,NaN,NaN,NaN,NaN,NaN
24626,24455,InferenceEngine,inference_complete,0,721,NaN,NaN,NaN,0,18.384,31.8,0,0,NaN,NaN,NaN,NaN,NaN,NaN,NaN,NaN,NaN,NaN,NaN,NaN,NaN
24626,24606,Logic,frame_complete,-3955190986414698435,721,7,0.699137,75,0,19,31.8,0,0,0,0,0,0.5,0.5,0,0,0,0,45.75,26.8317,48.5604,0
24639,24468,CameraCapture,frame_captured,0,722,7,0.137018,75,NaN,NaN,NaN,NaN,NaN,NaN,NaN,NaN,NaN,NaN,NaN,NaN,NaN,NaN,NaN,NaN,NaN,NaN
24641,24469,ImageProcessor_TPU,frame_processed,0,722,7,0.757555,75,0,NaN,NaN,NaN,NaN,NaN,NaN,NaN,NaN,NaN,NaN,NaN,NaN,NaN,NaN,NaN,NaN,NaN
24649,24478,ImageProcessor_Viz,frame_processed,0,722,7,0.33026,NaN,9,NaN,NaN,NaN,NaN,NaN,NaN,NaN,NaN,NaN,NaN,NaN,NaN,NaN,NaN,NaN,NaN,NaN
24659,24488,InferenceEngine,inference_complete,0,722,NaN,NaN,NaN,0,18.621,31.8,0,0,NaN,NaN,NaN,NaN,NaN,NaN,NaN,NaN,NaN,NaN,NaN,NaN,NaN
24659,24639,Logic,frame_complete,-3955190986414698435,722,7,0.757555,75,0,19,31.8,0,0,0,0,0,0.5,0.5,0,0,0,0,45.75,26.8317,48.5604,0
24672,24501,CameraCapture,frame_captured,0,723,7,0.137936,75,NaN,NaN,NaN,NaN,NaN,NaN,NaN,NaN,NaN,NaN,NaN,NaN,NaN,NaN,NaN,NaN,NaN,NaN
24673,24502,ImageProcessor_TPU,frame_processed,0,723,7,0.762622,75,0,NaN,NaN,NaN,NaN,NaN,NaN,NaN,NaN,NaN,NaN,NaN,NaN,NaN,NaN,NaN,NaN,NaN
24680,24509,ImageProcessor_Viz,frame_processed,0,723,7,0.349796,NaN,8,NaN,NaN,NaN,NaN,NaN,NaN,NaN,NaN,NaN,NaN,NaN,NaN,NaN,NaN,NaN,NaN,NaN
24693,24522,InferenceEngine,inference_complete,0,723,NaN,NaN,NaN,0,19.453,31.8,0,0,NaN,NaN,NaN,NaN,NaN,NaN,NaN,NaN,NaN,NaN,NaN,NaN,NaN
24693,24672,Logic,frame_complete,-3955190986414698435,723,7,0.762622,75,0,19,31.8,0,0,0,0,0,0.5,0.5,0,0,0,0,45.75,26.8317,48.5604,0
24706,24535,CameraCapture,frame_captured,0,724,7,0.13954,75,NaN,NaN,NaN,NaN,NaN,NaN,NaN,NaN,NaN,NaN,NaN,NaN,NaN,NaN,NaN,NaN,NaN,NaN
24707,24536,ImageProcessor_TPU,frame_processed,0,724,7,0.860559,75,0,NaN,NaN,NaN,NaN,NaN,NaN,NaN,NaN,NaN,NaN,NaN,NaN,NaN,NaN,NaN,NaN,NaN
24713,24542,ImageProcessor_Viz,frame_processed,0,724,7,0.342612,NaN,7,NaN,NaN,NaN,NaN,NaN,NaN,NaN,NaN,NaN,NaN,NaN,NaN,NaN,NaN,NaN,NaN,NaN
24726,24555,InferenceEngine,inference_complete,0,724,NaN,NaN,NaN,0,19.161,31.8,0,0,NaN,NaN,NaN,NaN,NaN,NaN,NaN,NaN,NaN,NaN,NaN,NaN,NaN
24727,24706,Logic,frame_complete,-3955190986414698435,724,7,0.860559,75,0,19,31.8,0,0,0,0,0,0.5,0.5,0,0,0,0,45.75,26.8317,48.5604,0
24739,24568,CameraCapture,frame_captured,0,725,7,0.235977,75,NaN,NaN,NaN,NaN,NaN,NaN,NaN,NaN,NaN,NaN,NaN,NaN,NaN,NaN,NaN,NaN,NaN,NaN
24741,24569,ImageProcessor_TPU,frame_processed,0,725,7,0.977737,75,0,NaN,NaN,NaN,NaN,NaN,NaN,NaN,NaN,NaN,NaN,NaN,NaN,NaN,NaN,NaN,NaN,NaN
24747,24576,ImageProcessor_Viz,frame_processed,0,725,7,0.350333,NaN,7,NaN,NaN,NaN,NaN,NaN,NaN,NaN,NaN,NaN,NaN,NaN,NaN,NaN,NaN,NaN,NaN,NaN
24759,24588,InferenceEngine,inference_complete,0,725,NaN,NaN,NaN,0,18.571,31.8,0,0,NaN,NaN,NaN,NaN,NaN,NaN,NaN,NaN,NaN,NaN,NaN,NaN,NaN
24759,24739,Logic,frame_complete,-3955190986414698435,725,7,0.977737,75,0,18,31.8,0,0,0,0,0,0.5,0.5,0,0,0,0,45.75,26.8317,48.5604,0
24773,24601,CameraCapture,frame_captured,0,726,7,0.153858,75,NaN,NaN,NaN,NaN,NaN,NaN,NaN,NaN,NaN,NaN,NaN,NaN,NaN,NaN,NaN,NaN,NaN,NaN
24774,24603,ImageProcessor_TPU,frame_processed,0,726,7,0.881525,75,1,NaN,NaN,NaN,NaN,NaN,NaN,NaN,NaN,NaN,NaN,NaN,NaN,NaN,NaN,NaN,NaN,NaN
24780,24609,ImageProcessor_Viz,frame_processed,0,726,7,0.349815,NaN,7,NaN,NaN,NaN,NaN,NaN,NaN,NaN,NaN,NaN,NaN,NaN,NaN,NaN,NaN,NaN,NaN,NaN
24793,24621,InferenceEngine,inference_complete,0,726,NaN,NaN,NaN,1,18.589,31.8,0,0,NaN,NaN,NaN,NaN,NaN,NaN,NaN,NaN,NaN,NaN,NaN,NaN,NaN
24793,24772,Logic,frame_complete,-3955190986414698435,726,7,0.881525,75,1,18,31.8,0,0,0,0,0,0.5,0.5,0,0,0,0,45.75,26.8317,48.5604,0
24806,24634,CameraCapture,frame_captured,0,727,7,0.141203,75,NaN,NaN,NaN,NaN,NaN,NaN,NaN,NaN,NaN,NaN,NaN,NaN,NaN,NaN,NaN,NaN,NaN,NaN
24807,24635,ImageProcessor_TPU,frame_processed,0,727,7,0.782369,75,0,NaN,NaN,NaN,NaN,NaN,NaN,NaN,NaN,NaN,NaN,NaN,NaN,NaN,NaN,NaN,NaN,NaN
24814,24642,ImageProcessor_Viz,frame_processed,0,727,7,0.343222,NaN,7,NaN,NaN,NaN,NaN,NaN,NaN,NaN,NaN,NaN,NaN,NaN,NaN,NaN,NaN,NaN,NaN,NaN
24825,24654,InferenceEngine,inference_complete,0,727,NaN,NaN,NaN,0,18.531,31.8,0,0,NaN,NaN,NaN,NaN,NaN,NaN,NaN,NaN,NaN,NaN,NaN,NaN,NaN
24825,24805,Logic,frame_complete,-3955190986414698435,727,7,0.782369,75,0,18,31.8,0,0,0,0,0,0.5,0.5,0,0,0,0,45.75,26.8317,48.5604,0
24840,24669,CameraCapture,frame_captured,0,728,7,0.163418,75,NaN,NaN,NaN,NaN,NaN,NaN,NaN,NaN,NaN,NaN,NaN,NaN,NaN,NaN,NaN,NaN,NaN,NaN
24841,24670,ImageProcessor_TPU,frame_processed,0,728,7,0.787362,75,1,NaN,NaN,NaN,NaN,NaN,NaN,NaN,NaN,NaN,NaN,NaN,NaN,NaN,NaN,NaN,NaN,NaN
24848,24676,ImageProcessor_Viz,frame_processed,0,728,7,0.325852,NaN,7,NaN,NaN,NaN,NaN,NaN,NaN,NaN,NaN,NaN,NaN,NaN,NaN,NaN,NaN,NaN,NaN,NaN
24860,24689,InferenceEngine,inference_complete,0,728,NaN,NaN,NaN,1,18.565,31.8,0,0,NaN,NaN,NaN,NaN,NaN,NaN,NaN,NaN,NaN,NaN,NaN,NaN,NaN
24860,24840,Logic,frame_complete,-3955190986414698435,728,7,0.787362,75,1,19,31.8,0,0,0,0,0,0.5,0.5,0,0,0,0,45.75,26.8317,48.5604,0
24874,24703,CameraCapture,frame_captured,0,729,7,0.23804,75,NaN,NaN,NaN,NaN,NaN,NaN,NaN,NaN,NaN,NaN,NaN,NaN,NaN,NaN,NaN,NaN,NaN,NaN
24876,24704,ImageProcessor_TPU,frame_processed,0,729,7,1.17306,75,0,NaN,NaN,NaN,NaN,NaN,NaN,NaN,NaN,NaN,NaN,NaN,NaN,NaN,NaN,NaN,NaN,NaN
24882,24710,ImageProcessor_Viz,frame_processed,0,729,7,0.348538,NaN,7,NaN,NaN,NaN,NaN,NaN,NaN,NaN,NaN,NaN,NaN,NaN,NaN,NaN,NaN,NaN,NaN,NaN
24895,24723,InferenceEngine,inference_complete,0,729,NaN,NaN,NaN,0,18.75,31.8,0,0,NaN,NaN,NaN,NaN,NaN,NaN,NaN,NaN,NaN,NaN,NaN,NaN,NaN
24895,24874,Logic,frame_complete,-3955190986414698435,729,7,1.17306,75,0,18,31.8,0,0,0,0,0,0.5,0.5,0,0,0,0,45.75,26.8317,48.5604,0
24906,24735,CameraCapture,frame_captured,0,730,7,0.237217,75,NaN,NaN,NaN,NaN,NaN,NaN,NaN,NaN,NaN,NaN,NaN,NaN,NaN,NaN,NaN,NaN,NaN,NaN
24907,24736,ImageProcessor_TPU,frame_processed,0,730,7,0.875162,75,0,NaN,NaN,NaN,NaN,NaN,NaN,NaN,NaN,NaN,NaN,NaN,NaN,NaN,NaN,NaN,NaN,NaN
24914,24743,ImageProcessor_Viz,frame_processed,0,730,7,0.360445,NaN,8,NaN,NaN,NaN,NaN,NaN,NaN,NaN,NaN,NaN,NaN,NaN,NaN,NaN,NaN,NaN,NaN,NaN
24926,24755,InferenceEngine,inference_complete,0,730,NaN,NaN,NaN,0,18.448,31.8,0,0,NaN,NaN,NaN,NaN,NaN,NaN,NaN,NaN,NaN,NaN,NaN,NaN,NaN
24926,24906,Logic,frame_complete,-3955190986414698435,730,7,0.875162,75,0,18,31.8,0,0,0,0,0,0.5,0.5,0,0,0,0,45.75,26.8317,48.5604,0
24939,24767,CameraCapture,frame_captured,0,731,7,0.155487,75,NaN,NaN,NaN,NaN,NaN,NaN,NaN,NaN,NaN,NaN,NaN,NaN,NaN,NaN,NaN,NaN,NaN,NaN
24940,24769,ImageProcessor_TPU,frame_processed,0,731,7,0.773432,75,1,NaN,NaN,NaN,NaN,NaN,NaN,NaN,NaN,NaN,NaN,NaN,NaN,NaN,NaN,NaN,NaN,NaN
24946,24775,ImageProcessor_Viz,frame_processed,0,731,7,0.338426,NaN,7,NaN,NaN,NaN,NaN,NaN,NaN,NaN,NaN,NaN,NaN,NaN,NaN,NaN,NaN,NaN,NaN,NaN
24958,24787,InferenceEngine,inference_complete,0,731,NaN,NaN,NaN,1,18.536,31.8,0,0,NaN,NaN,NaN,NaN,NaN,NaN,NaN,NaN,NaN,NaN,NaN,NaN,NaN
24959,24938,Logic,frame_complete,-3955190986414698435,731,7,0.773432,75,1,18,31.8,0,0,0,0,0,0.5,0.5,0,0,0,0,45.75,26.8317,48.5604,0
24973,24801,CameraCapture,frame_captured,0,732,7,0.160795,75,NaN,NaN,NaN,NaN,NaN,NaN,NaN,NaN,NaN,NaN,NaN,NaN,NaN,NaN,NaN,NaN,NaN,NaN
24974,24803,ImageProcessor_TPU,frame_processed,0,732,7,0.76185,75,1,NaN,NaN,NaN,NaN,NaN,NaN,NaN,NaN,NaN,NaN,NaN,NaN,NaN,NaN,NaN,NaN,NaN
24982,24811,ImageProcessor_Viz,frame_processed,0,732,7,0.349852,NaN,8,NaN,NaN,NaN,NaN,NaN,NaN,NaN,NaN,NaN,NaN,NaN,NaN,NaN,NaN,NaN,NaN,NaN
24992,24821,InferenceEngine,inference_complete,0,732,NaN,NaN,NaN,1,18.266,31.8,0,0,NaN,NaN,NaN,NaN,NaN,NaN,NaN,NaN,NaN,NaN,NaN,NaN,NaN
24992,24972,Logic,frame_complete,-3955190986414698435,732,7,0.76185,75,1,18,31.8,0,0,0,0,0,0.5,0.5,0,0,0,0,45.75,26.8317,48.5604,0
25006,24835,CameraCapture,frame_captured,0,733,7,0.139639,75,NaN,NaN,NaN,NaN,NaN,NaN,NaN,NaN,NaN,NaN,NaN,NaN,NaN,NaN,NaN,NaN,NaN,NaN
25007,24836,ImageProcessor_TPU,frame_processed,0,733,7,0.714954,75,1,NaN,NaN,NaN,NaN,NaN,NaN,NaN,NaN,NaN,NaN,NaN,NaN,NaN,NaN,NaN,NaN,NaN
25014,24843,ImageProcessor_Viz,frame_processed,0,733,7,0.349111,NaN,8,NaN,NaN,NaN,NaN,NaN,NaN,NaN,NaN,NaN,NaN,NaN,NaN,NaN,NaN,NaN,NaN,NaN
25025,24854,InferenceEngine,inference_complete,0,733,NaN,NaN,NaN,1,18.452,31.8,0,0,NaN,NaN,NaN,NaN,NaN,NaN,NaN,NaN,NaN,NaN,NaN,NaN,NaN
25026,25006,Logic,frame_complete,-3955190986414698435,733,7,0.714954,75,1,18,31.8,0,0,0,0,0,0.5,0.5,0,0,0,0,45.75,26.8317,48.5604,0
25039,24868,CameraCapture,frame_captured,0,734,7,0.145335,75,NaN,NaN,NaN,NaN,NaN,NaN,NaN,NaN,NaN,NaN,NaN,NaN,NaN,NaN,NaN,NaN,NaN,NaN
25041,24870,ImageProcessor_TPU,frame_processed,0,734,7,1.05713,75,1,NaN,NaN,NaN,NaN,NaN,NaN,NaN,NaN,NaN,NaN,NaN,NaN,NaN,NaN,NaN,NaN,NaN
25047,24876,ImageProcessor_Viz,frame_processed,0,734,7,0.328852,NaN,7,NaN,NaN,NaN,NaN,NaN,NaN,NaN,NaN,NaN,NaN,NaN,NaN,NaN,NaN,NaN,NaN,NaN
25060,24888,InferenceEngine,inference_complete,0,734,NaN,NaN,NaN,1,18.611,31.8,0,0,NaN,NaN,NaN,NaN,NaN,NaN,NaN,NaN,NaN,NaN,NaN,NaN,NaN
25060,25039,Logic,frame_complete,-3955190986414698435,734,7,1.05713,75,1,18,31.8,0,0,0,0,0,0.5,0.5,0,0,0,0,45.75,26.8317,48.5604,0
25072,24901,CameraCapture,frame_captured,0,735,7,0.139179,75,NaN,NaN,NaN,NaN,NaN,NaN,NaN,NaN,NaN,NaN,NaN,NaN,NaN,NaN,NaN,NaN,NaN,NaN
25073,24902,ImageProcessor_TPU,frame_processed,0,735,7,0.83142,75,1,NaN,NaN,NaN,NaN,NaN,NaN,NaN,NaN,NaN,NaN,NaN,NaN,NaN,NaN,NaN,NaN,NaN
25079,24908,ImageProcessor_Viz,frame_processed,0,735,7,0.338019,NaN,7,NaN,NaN,NaN,NaN,NaN,NaN,NaN,NaN,NaN,NaN,NaN,NaN,NaN,NaN,NaN,NaN,NaN
25093,24922,InferenceEngine,inference_complete,0,735,NaN,NaN,NaN,1,19.477,31.8,0,0,NaN,NaN,NaN,NaN,NaN,NaN,NaN,NaN,NaN,NaN,NaN,NaN,NaN
25093,25072,Logic,frame_complete,-3955190986414698435,735,7,0.83142,75,1,19,31.8,0,0,0,0,0,0.5,0.5,0,0,0,0,45.75,26.8317,48.5604,0
25106,24935,CameraCapture,frame_captured,0,736,7,0.226783,75,NaN,NaN,NaN,NaN,NaN,NaN,NaN,NaN,NaN,NaN,NaN,NaN,NaN,NaN,NaN,NaN,NaN,NaN
25107,24936,ImageProcessor_TPU,frame_processed,0,736,7,0.97032,75,1,NaN,NaN,NaN,NaN,NaN,NaN,NaN,NaN,NaN,NaN,NaN,NaN,NaN,NaN,NaN,NaN,NaN
25113,24942,ImageProcessor_Viz,frame_processed,0,736,7,0.350852,NaN,7,NaN,NaN,NaN,NaN,NaN,NaN,NaN,NaN,NaN,NaN,NaN,NaN,NaN,NaN,NaN,NaN,NaN
25126,24955,InferenceEngine,inference_complete,0,736,NaN,NaN,NaN,1,19.136,31.8,0,0,NaN,NaN,NaN,NaN,NaN,NaN,NaN,NaN,NaN,NaN,NaN,NaN,NaN
25126,25106,Logic,frame_complete,-3955190986414698435,736,7,0.97032,75,1,19,31.8,0,0,0,0,0,0.5,0.5,0,0,0,0,45.75,26.8317,48.5604,0
25139,24968,CameraCapture,frame_captured,0,737,7,0.211702,75,NaN,NaN,NaN,NaN,NaN,NaN,NaN,NaN,NaN,NaN,NaN,NaN,NaN,NaN,NaN,NaN,NaN,NaN
25140,24969,ImageProcessor_TPU,frame_processed,0,737,7,0.847331,75,0,NaN,NaN,NaN,NaN,NaN,NaN,NaN,NaN,NaN,NaN,NaN,NaN,NaN,NaN,NaN,NaN,NaN
25147,24976,ImageProcessor_Viz,frame_processed,0,737,7,0.336111,NaN,8,NaN,NaN,NaN,NaN,NaN,NaN,NaN,NaN,NaN,NaN,NaN,NaN,NaN,NaN,NaN,NaN,NaN
25159,24988,InferenceEngine,inference_complete,0,737,NaN,NaN,NaN,0,18.555,31.8,0,0,NaN,NaN,NaN,NaN,NaN,NaN,NaN,NaN,NaN,NaN,NaN,NaN,NaN
25159,25139,Logic,frame_complete,-3955190986414698435,737,7,0.847331,75,0,19,31.8,0,0,0,0,0,0.5,0.5,0,0,0,0,45.75,26.8317,48.5604,0
25172,25001,CameraCapture,frame_captured,0,738,7,0.141138,75,NaN,NaN,NaN,NaN,NaN,NaN,NaN,NaN,NaN,NaN,NaN,NaN,NaN,NaN,NaN,NaN,NaN,NaN
25174,25002,ImageProcessor_TPU,frame_processed,0,738,7,0.745694,75,0,NaN,NaN,NaN,NaN,NaN,NaN,NaN,NaN,NaN,NaN,NaN,NaN,NaN,NaN,NaN,NaN,NaN
25180,25009,ImageProcessor_Viz,frame_processed,0,738,7,0.329944,NaN,7,NaN,NaN,NaN,NaN,NaN,NaN,NaN,NaN,NaN,NaN,NaN,NaN,NaN,NaN,NaN,NaN,NaN
25192,25021,InferenceEngine,inference_complete,0,738,NaN,NaN,NaN,0,18.629,31.8,0,0,NaN,NaN,NaN,NaN,NaN,NaN,NaN,NaN,NaN,NaN,NaN,NaN,NaN
25192,25172,Logic,frame_complete,-3955190986414698435,738,7,0.745694,75,0,19,31.8,0,0,0,0,0,0.5,0.5,0,0,0,0,45.75,26.8317,48.5604,0
25205,25034,CameraCapture,frame_captured,0,739,7,0.15876,75,NaN,NaN,NaN,NaN,NaN,NaN,NaN,NaN,NaN,NaN,NaN,NaN,NaN,NaN,NaN,NaN,NaN,NaN
25207,25036,ImageProcessor_TPU,frame_processed,0,739,7,1.05172,75,1,NaN,NaN,NaN,NaN,NaN,NaN,NaN,NaN,NaN,NaN,NaN,NaN,NaN,NaN,NaN,NaN,NaN
25213,25041,ImageProcessor_Viz,frame_processed,0,739,7,0.329444,NaN,7,NaN,NaN,NaN,NaN,NaN,NaN,NaN,NaN,NaN,NaN,NaN,NaN,NaN,NaN,NaN,NaN,NaN
25226,25055,InferenceEngine,inference_complete,0,739,NaN,NaN,NaN,1,18.921,31.8,0,0,NaN,NaN,NaN,NaN,NaN,NaN,NaN,NaN,NaN,NaN,NaN,NaN,NaN
25226,25205,Logic,frame_complete,-3955190986414698435,739,7,1.05172,75,1,19,31.8,0,0,0,0,0,0.5,0.5,0,0,0,0,45.75,26.8317,48.5604,0
25239,25068,CameraCapture,frame_captured,0,740,7,0.228105,75,NaN,NaN,NaN,NaN,NaN,NaN,NaN,NaN,NaN,NaN,NaN,NaN,NaN,NaN,NaN,NaN,NaN,NaN
25240,25069,ImageProcessor_TPU,frame_processed,0,740,7,1.0851,75,0,NaN,NaN,NaN,NaN,NaN,NaN,NaN,NaN,NaN,NaN,NaN,NaN,NaN,NaN,NaN,NaN,NaN
25247,25075,ImageProcessor_Viz,frame_processed,0,740,7,0.350611,NaN,7,NaN,NaN,NaN,NaN,NaN,NaN,NaN,NaN,NaN,NaN,NaN,NaN,NaN,NaN,NaN,NaN,NaN
25260,25088,InferenceEngine,inference_complete,0,740,NaN,NaN,NaN,0,18.94,31.8,0,0,NaN,NaN,NaN,NaN,NaN,NaN,NaN,NaN,NaN,NaN,NaN,NaN,NaN
25260,25239,Logic,frame_complete,-3955190986414698435,740,7,1.0851,75,0,19,31.8,0,0,0,0,0,0.5,0.5,0,0,0,0,45.75,26.8317,48.5604,0
25273,25101,CameraCapture,frame_captured,0,741,7,0.147709,75,NaN,NaN,NaN,NaN,NaN,NaN,NaN,NaN,NaN,NaN,NaN,NaN,NaN,NaN,NaN,NaN,NaN,NaN
25274,25103,ImageProcessor_TPU,frame_processed,0,741,7,0.738561,75,1,NaN,NaN,NaN,NaN,NaN,NaN,NaN,NaN,NaN,NaN,NaN,NaN,NaN,NaN,NaN,NaN,NaN
25280,25109,ImageProcessor_Viz,frame_processed,0,741,7,0.343389,NaN,7,NaN,NaN,NaN,NaN,NaN,NaN,NaN,NaN,NaN,NaN,NaN,NaN,NaN,NaN,NaN,NaN,NaN
25293,25122,InferenceEngine,inference_complete,0,741,NaN,NaN,NaN,1,18.799,31.8,0,0,NaN,NaN,NaN,NaN,NaN,NaN,NaN,NaN,NaN,NaN,NaN,NaN,NaN
25293,25272,Logic,frame_complete,-3955190986414698435,741,7,0.738561,75,1,19,31.8,0,0,0,0,0,0.5,0.5,0,0,0,0,45.75,26.8317,48.5604,0
25306,25135,CameraCapture,frame_captured,0,742,7,0.228442,75,NaN,NaN,NaN,NaN,NaN,NaN,NaN,NaN,NaN,NaN,NaN,NaN,NaN,NaN,NaN,NaN,NaN,NaN
25307,25136,ImageProcessor_TPU,frame_processed,0,742,7,0.882164,75,1,NaN,NaN,NaN,NaN,NaN,NaN,NaN,NaN,NaN,NaN,NaN,NaN,NaN,NaN,NaN,NaN,NaN
25314,25142,ImageProcessor_Viz,frame_processed,0,742,7,0.350222,NaN,7,NaN,NaN,NaN,NaN,NaN,NaN,NaN,NaN,NaN,NaN,NaN,NaN,NaN,NaN,NaN,NaN,NaN
25326,25155,InferenceEngine,inference_complete,0,742,NaN,NaN,NaN,1,18.813,31.8,0,0,NaN,NaN,NaN,NaN,NaN,NaN,NaN,NaN,NaN,NaN,NaN,NaN,NaN
25326,25306,Logic,frame_complete,-3955190986414698435,742,7,0.882164,75,1,19,31.8,0,0,0,0,0,0.5,0.5,0,0,0,0,45.75,26.8317,48.5604,0
25338,25167,CameraCapture,frame_captured,0,743,7,0.160749,75,NaN,NaN,NaN,NaN,NaN,NaN,NaN,NaN,NaN,NaN,NaN,NaN,NaN,NaN,NaN,NaN,NaN,NaN
25340,25168,ImageProcessor_TPU,frame_processed,0,743,7,0.775508,75,0,NaN,NaN,NaN,NaN,NaN,NaN,NaN,NaN,NaN,NaN,NaN,NaN,NaN,NaN,NaN,NaN,NaN
25346,25175,ImageProcessor_Viz,frame_processed,0,743,7,0.333759,NaN,7,NaN,NaN,NaN,NaN,NaN,NaN,NaN,NaN,NaN,NaN,NaN,NaN,NaN,NaN,NaN,NaN,NaN
25358,25187,InferenceEngine,inference_complete,0,743,NaN,NaN,NaN,0,18.61,31.8,0,0,NaN,NaN,NaN,NaN,NaN,NaN,NaN,NaN,NaN,NaN,NaN,NaN,NaN
25358,25338,Logic,frame_complete,-3955190986414698435,743,7,0.775508,75,0,19,31.8,0,0,0,0,0,0.5,0.5,0,0,0,0,45.75,26.8317,48.5604,0
25372,25201,CameraCapture,frame_captured,0,744,7,0.226816,75,NaN,NaN,NaN,NaN,NaN,NaN,NaN,NaN,NaN,NaN,NaN,NaN,NaN,NaN,NaN,NaN,NaN,NaN
25374,25202,ImageProcessor_TPU,frame_processed,0,744,7,0.871038,75,0,NaN,NaN,NaN,NaN,NaN,NaN,NaN,NaN,NaN,NaN,NaN,NaN,NaN,NaN,NaN,NaN,NaN
25380,25209,ImageProcessor_Viz,frame_processed,0,744,7,0.356611,NaN,7,NaN,NaN,NaN,NaN,NaN,NaN,NaN,NaN,NaN,NaN,NaN,NaN,NaN,NaN,NaN,NaN,NaN
25392,25221,InferenceEngine,inference_complete,0,744,NaN,NaN,NaN,0,18.533,31.8,0,0,NaN,NaN,NaN,NaN,NaN,NaN,NaN,NaN,NaN,NaN,NaN,NaN,NaN
25392,25372,Logic,frame_complete,-3955190986414698435,744,7,0.871038,75,0,19,31.8,0,0,0,0,0,0.5,0.5,0,0,0,0,45.75,26.8317,48.5604,0
25406,25235,CameraCapture,frame_captured,0,745,7,0.175271,75,NaN,NaN,NaN,NaN,NaN,NaN,NaN,NaN,NaN,NaN,NaN,NaN,NaN,NaN,NaN,NaN,NaN,NaN
25407,25236,ImageProcessor_TPU,frame_processed,0,745,7,0.861475,75,1,NaN,NaN,NaN,NaN,NaN,NaN,NaN,NaN,NaN,NaN,NaN,NaN,NaN,NaN,NaN,NaN,NaN
25414,25243,ImageProcessor_Viz,frame_processed,0,745,7,0.463056,NaN,8,NaN,NaN,NaN,NaN,NaN,NaN,NaN,NaN,NaN,NaN,NaN,NaN,NaN,NaN,NaN,NaN,NaN
25425,25254,SystemMonitor,system_stats,0,NaN,NaN,NaN,NaN,NaN,NaN,NaN,NaN,NaN,NaN,NaN,NaN,NaN,NaN,NaN,NaN,NaN,NaN,47.4,25.8245,48.5664,0
25426,25255,InferenceEngine,inference_complete,0,745,NaN,NaN,NaN,1,18.591,31.8,0,0,NaN,NaN,NaN,NaN,NaN,NaN,NaN,NaN,NaN,NaN,NaN,NaN,NaN
25426,25405,Logic,frame_complete,-3955190986414698435,745,7,0.861475,75,1,19,31.8,0,0,0,0,0,0.5,0.5,0,0,0,0,47.4,25.8245,48.5664,0
25439,25268,CameraCapture,frame_captured,0,746,7,0.170356,75,NaN,NaN,NaN,NaN,NaN,NaN,NaN,NaN,NaN,NaN,NaN,NaN,NaN,NaN,NaN,NaN,NaN,NaN
25440,25269,ImageProcessor_TPU,frame_processed,0,746,7,0.810653,75,0,NaN,NaN,NaN,NaN,NaN,NaN,NaN,NaN,NaN,NaN,NaN,NaN,NaN,NaN,NaN,NaN,NaN
25447,25275,ImageProcessor_Viz,frame_processed,0,746,7,0.333963,NaN,7,NaN,NaN,NaN,NaN,NaN,NaN,NaN,NaN,NaN,NaN,NaN,NaN,NaN,NaN,NaN,NaN,NaN
25460,25289,InferenceEngine,inference_complete,0,746,NaN,NaN,NaN,0,20.037,31.8,0,0,NaN,NaN,NaN,NaN,NaN,NaN,NaN,NaN,NaN,NaN,NaN,NaN,NaN
25461,25439,Logic,frame_complete,-3955190986414698435,746,7,0.810653,75,0,20,31.8,0,0,0,0,0,0.5,0.5,0,0,0,0,47.4,25.8245,48.5664,0
25473,25301,CameraCapture,frame_captured,0,747,7,0.189052,75,NaN,NaN,NaN,NaN,NaN,NaN,NaN,NaN,NaN,NaN,NaN,NaN,NaN,NaN,NaN,NaN,NaN,NaN
25474,25303,ImageProcessor_TPU,frame_processed,0,747,7,0.865849,75,1,NaN,NaN,NaN,NaN,NaN,NaN,NaN,NaN,NaN,NaN,NaN,NaN,NaN,NaN,NaN,NaN,NaN
25482,25310,ImageProcessor_Viz,frame_processed,0,747,7,0.375852,NaN,8,NaN,NaN,NaN,NaN,NaN,NaN,NaN,NaN,NaN,NaN,NaN,NaN,NaN,NaN,NaN,NaN,NaN
25497,25325,InferenceEngine,inference_complete,0,747,NaN,NaN,NaN,1,22.519,31.8,0,0,NaN,NaN,NaN,NaN,NaN,NaN,NaN,NaN,NaN,NaN,NaN,NaN,NaN
25497,25472,Logic,frame_complete,-3955190986414698435,747,7,0.865849,75,1,22,31.8,0,0,0,0,0,0.5,0.5,0,0,0,0,47.4,25.8245,48.5664,0
25506,25335,CameraCapture,frame_captured,0,748,7,0.176804,75,NaN,NaN,NaN,NaN,NaN,NaN,NaN,NaN,NaN,NaN,NaN,NaN,NaN,NaN,NaN,NaN,NaN,NaN
25508,25337,ImageProcessor_TPU,frame_processed,0,748,7,1.24329,75,1,NaN,NaN,NaN,NaN,NaN,NaN,NaN,NaN,NaN,NaN,NaN,NaN,NaN,NaN,NaN,NaN,NaN
25515,25344,ImageProcessor_Viz,frame_processed,0,748,7,0.377038,NaN,9,NaN,NaN,NaN,NaN,NaN,NaN,NaN,NaN,NaN,NaN,NaN,NaN,NaN,NaN,NaN,NaN,NaN
25531,25359,InferenceEngine,inference_complete,0,748,NaN,NaN,NaN,1,22.603,31.8,0,0,NaN,NaN,NaN,NaN,NaN,NaN,NaN,NaN,NaN,NaN,NaN,NaN,NaN
25531,25506,Logic,frame_complete,-3955190986414698435,748,7,1.24329,75,1,22,31.8,0,0,0,0,0,0.5,0.5,0,0,0,0,47.4,25.8245,48.5664,0
25540,25369,CameraCapture,frame_captured,0,749,7,0.184907,75,NaN,NaN,NaN,NaN,NaN,NaN,NaN,NaN,NaN,NaN,NaN,NaN,NaN,NaN,NaN,NaN,NaN,NaN
25541,25370,ImageProcessor_TPU,frame_processed,0,749,7,0.820704,75,0,NaN,NaN,NaN,NaN,NaN,NaN,NaN,NaN,NaN,NaN,NaN,NaN,NaN,NaN,NaN,NaN,NaN
25553,25381,ImageProcessor_Viz,frame_processed,0,749,7,0.370222,NaN,12,NaN,NaN,NaN,NaN,NaN,NaN,NaN,NaN,NaN,NaN,NaN,NaN,NaN,NaN,NaN,NaN,NaN
25564,25392,InferenceEngine,inference_complete,0,749,NaN,NaN,NaN,0,22.167,31.8,0,0,NaN,NaN,NaN,NaN,NaN,NaN,NaN,NaN,NaN,NaN,NaN,NaN,NaN
25564,25540,Logic,frame_complete,-3955190986414698435,749,7,0.820704,75,0,22,31.8,0,0,0,0,0,0.5,0.5,0,0,0,0,47.4,25.8245,48.5664,0
25573,25402,CameraCapture,frame_captured,0,750,7,0.191214,75,NaN,NaN,NaN,NaN,NaN,NaN,NaN,NaN,NaN,NaN,NaN,NaN,NaN,NaN,NaN,NaN,NaN,NaN
25574,25403,ImageProcessor_TPU,frame_processed,0,750,7,1.23255,75,0,NaN,NaN,NaN,NaN,NaN,NaN,NaN,NaN,NaN,NaN,NaN,NaN,NaN,NaN,NaN,NaN,NaN
25581,25410,ImageProcessor_Viz,frame_processed,0,750,7,0.373093,NaN,8,NaN,NaN,NaN,NaN,NaN,NaN,NaN,NaN,NaN,NaN,NaN,NaN,NaN,NaN,NaN,NaN,NaN
25597,25426,InferenceEngine,inference_complete,0,750,NaN,NaN,NaN,0,22.135,31.8,0,0,NaN,NaN,NaN,NaN,NaN,NaN,NaN,NaN,NaN,NaN,NaN,NaN,NaN
25597,25573,Logic,frame_complete,-3955190986414698435,750,7,1.23255,75,0,22,31.8,0,0,0,0,0,0.5,0.5,0,0,0,0,47.4,25.8245,48.5664,0
25606,25435,CameraCapture,frame_captured,0,751,7,0.279244,75,NaN,NaN,NaN,NaN,NaN,NaN,NaN,NaN,NaN,NaN,NaN,NaN,NaN,NaN,NaN,NaN,NaN,NaN
25607,25436,ImageProcessor_TPU,frame_processed,0,751,7,1.199,75,0,NaN,NaN,NaN,NaN,NaN,NaN,NaN,NaN,NaN,NaN,NaN,NaN,NaN,NaN,NaN,NaN,NaN
25614,25443,ImageProcessor_Viz,frame_processed,0,751,7,0.389537,NaN,8,NaN,NaN,NaN,NaN,NaN,NaN,NaN,NaN,NaN,NaN,NaN,NaN,NaN,NaN,NaN,NaN,NaN
25629,25458,InferenceEngine,inference_complete,0,751,NaN,NaN,NaN,0,21.727,31.8,0,0,NaN,NaN,NaN,NaN,NaN,NaN,NaN,NaN,NaN,NaN,NaN,NaN,NaN
25629,25606,Logic,frame_complete,-3955190986414698435,751,7,1.199,75,0,22,31.8,0,0,0,0,0,0.5,0.5,0,0,0,0,47.4,25.8245,48.5664,0
25640,25468,CameraCapture,frame_captured,0,752,7,0.275273,75,NaN,NaN,NaN,NaN,NaN,NaN,NaN,NaN,NaN,NaN,NaN,NaN,NaN,NaN,NaN,NaN,NaN,NaN
25641,25470,ImageProcessor_TPU,frame_processed,0,752,7,1.27981,75,1,NaN,NaN,NaN,NaN,NaN,NaN,NaN,NaN,NaN,NaN,NaN,NaN,NaN,NaN,NaN,NaN,NaN
25648,25477,ImageProcessor_Viz,frame_processed,0,752,7,0.381815,NaN,8,NaN,NaN,NaN,NaN,NaN,NaN,NaN,NaN,NaN,NaN,NaN,NaN,NaN,NaN,NaN,NaN,NaN
25662,25490,InferenceEngine,inference_complete,0,752,NaN,NaN,NaN,1,20.135,31.8,0,0,NaN,NaN,NaN,NaN,NaN,NaN,NaN,NaN,NaN,NaN,NaN,NaN,NaN
25662,25639,Logic,frame_complete,-3955190986414698435,752,7,1.27981,75,1,20,31.8,0,0,0,0,0,0.5,0.5,0,0,0,0,47.4,25.8245,48.5664,0
25672,25501,CameraCapture,frame_captured,0,753,7,0.143154,75,NaN,NaN,NaN,NaN,NaN,NaN,NaN,NaN,NaN,NaN,NaN,NaN,NaN,NaN,NaN,NaN,NaN,NaN
25673,25502,ImageProcessor_TPU,frame_processed,0,753,7,0.778062,75,0,NaN,NaN,NaN,NaN,NaN,NaN,NaN,NaN,NaN,NaN,NaN,NaN,NaN,NaN,NaN,NaN,NaN
25680,25509,ImageProcessor_Viz,frame_processed,0,753,7,0.339093,NaN,7,NaN,NaN,NaN,NaN,NaN,NaN,NaN,NaN,NaN,NaN,NaN,NaN,NaN,NaN,NaN,NaN,NaN
25692,25521,InferenceEngine,inference_complete,0,753,NaN,NaN,NaN,0,18.568,31.8,0,0,NaN,NaN,NaN,NaN,NaN,NaN,NaN,NaN,NaN,NaN,NaN,NaN,NaN
25692,25672,Logic,frame_complete,-3955190986414698435,753,7,0.778062,75,0,19,31.8,0,0,0,0,0,0.5,0.5,0,0,0,0,47.4,25.8245,48.5664,0
25706,25534,CameraCapture,frame_captured,0,754,7,0.227091,75,NaN,NaN,NaN,NaN,NaN,NaN,NaN,NaN,NaN,NaN,NaN,NaN,NaN,NaN,NaN,NaN,NaN,NaN
25708,25537,ImageProcessor_TPU,frame_processed,0,754,7,1.3985,75,1,NaN,NaN,NaN,NaN,NaN,NaN,NaN,NaN,NaN,NaN,NaN,NaN,NaN,NaN,NaN,NaN,NaN
25713,25542,ImageProcessor_Viz,frame_processed,0,754,7,0.343185,NaN,7,NaN,NaN,NaN,NaN,NaN,NaN,NaN,NaN,NaN,NaN,NaN,NaN,NaN,NaN,NaN,NaN,NaN
25727,25556,InferenceEngine,inference_complete,0,754,NaN,NaN,NaN,1,18.948,31.8,0,0,NaN,NaN,NaN,NaN,NaN,NaN,NaN,NaN,NaN,NaN,NaN,NaN,NaN
25727,25705,Logic,frame_complete,-3955190986414698435,754,7,1.3985,75,1,19,31.8,0,0,0,0,0,0.5,0.5,0,0,0,0,47.4,25.8245,48.5664,0
25738,25567,CameraCapture,frame_captured,0,755,7,0.142472,75,NaN,NaN,NaN,NaN,NaN,NaN,NaN,NaN,NaN,NaN,NaN,NaN,NaN,NaN,NaN,NaN,NaN,NaN
25740,25568,ImageProcessor_TPU,frame_processed,0,755,7,0.714435,75,0,NaN,NaN,NaN,NaN,NaN,NaN,NaN,NaN,NaN,NaN,NaN,NaN,NaN,NaN,NaN,NaN,NaN
25746,25575,ImageProcessor_Viz,frame_processed,0,755,7,0.328389,NaN,8,NaN,NaN,NaN,NaN,NaN,NaN,NaN,NaN,NaN,NaN,NaN,NaN,NaN,NaN,NaN,NaN,NaN
25758,25587,InferenceEngine,inference_complete,0,755,NaN,NaN,NaN,0,18.512,31.8,0,0,NaN,NaN,NaN,NaN,NaN,NaN,NaN,NaN,NaN,NaN,NaN,NaN,NaN
25758,25738,Logic,frame_complete,-3955190986414698435,755,7,0.714435,75,0,19,31.8,0,0,0,0,0,0.5,0.5,0,0,0,0,47.4,25.8245,48.5664,0
25772,25601,CameraCapture,frame_captured,0,756,7,0.140279,75,NaN,NaN,NaN,NaN,NaN,NaN,NaN,NaN,NaN,NaN,NaN,NaN,NaN,NaN,NaN,NaN,NaN,NaN
25773,25602,ImageProcessor_TPU,frame_processed,0,756,7,0.763094,75,0,NaN,NaN,NaN,NaN,NaN,NaN,NaN,NaN,NaN,NaN,NaN,NaN,NaN,NaN,NaN,NaN,NaN
25781,25610,ImageProcessor_Viz,frame_processed,0,756,7,0.332019,NaN,9,NaN,NaN,NaN,NaN,NaN,NaN,NaN,NaN,NaN,NaN,NaN,NaN,NaN,NaN,NaN,NaN,NaN
25793,25621,InferenceEngine,inference_complete,0,756,NaN,NaN,NaN,0,19.232,31.8,0,0,NaN,NaN,NaN,NaN,NaN,NaN,NaN,NaN,NaN,NaN,NaN,NaN,NaN
25793,25772,Logic,frame_complete,-3955190986414698435,756,7,0.763094,75,0,19,31.8,0,0,0,0,0,0.5,0.5,0,0,0,0,47.4,25.8245,48.5664,0
25805,25634,CameraCapture,frame_captured,0,757,7,0.138235,75,NaN,NaN,NaN,NaN,NaN,NaN,NaN,NaN,NaN,NaN,NaN,NaN,NaN,NaN,NaN,NaN,NaN,NaN
25807,25636,ImageProcessor_TPU,frame_processed,0,757,7,1.06785,75,1,NaN,NaN,NaN,NaN,NaN,NaN,NaN,NaN,NaN,NaN,NaN,NaN,NaN,NaN,NaN,NaN,NaN
25813,25642,ImageProcessor_Viz,frame_processed,0,757,7,0.335482,NaN,7,NaN,NaN,NaN,NaN,NaN,NaN,NaN,NaN,NaN,NaN,NaN,NaN,NaN,NaN,NaN,NaN,NaN
25826,25654,InferenceEngine,inference_complete,0,757,NaN,NaN,NaN,1,18.545,31.8,0,0,NaN,NaN,NaN,NaN,NaN,NaN,NaN,NaN,NaN,NaN,NaN,NaN,NaN
25826,25805,Logic,frame_complete,-3955190986414698435,757,7,1.06785,75,1,18,31.8,0,0,0,0,0,0.5,0.5,0,0,0,0,47.4,25.8245,48.5664,0
25839,25668,CameraCapture,frame_captured,0,758,7,0.138431,75,NaN,NaN,NaN,NaN,NaN,NaN,NaN,NaN,NaN,NaN,NaN,NaN,NaN,NaN,NaN,NaN,NaN,NaN
25840,25669,ImageProcessor_TPU,frame_processed,0,758,7,0.691931,75,1,NaN,NaN,NaN,NaN,NaN,NaN,NaN,NaN,NaN,NaN,NaN,NaN,NaN,NaN,NaN,NaN,NaN
25848,25676,ImageProcessor_Viz,frame_processed,0,758,7,0.333685,NaN,8,NaN,NaN,NaN,NaN,NaN,NaN,NaN,NaN,NaN,NaN,NaN,NaN,NaN,NaN,NaN,NaN,NaN
25859,25687,InferenceEngine,inference_complete,0,758,NaN,NaN,NaN,1,18.504,31.8,0,0,NaN,NaN,NaN,NaN,NaN,NaN,NaN,NaN,NaN,NaN,NaN,NaN,NaN
25859,25839,Logic,frame_complete,-3955190986414698435,758,7,0.691931,75,1,18,31.8,0,0,0,0,0,0.5,0.5,0,0,0,0,47.4,25.8245,48.5664,0
25872,25700,CameraCapture,frame_captured,0,759,7,0.156256,75,NaN,NaN,NaN,NaN,NaN,NaN,NaN,NaN,NaN,NaN,NaN,NaN,NaN,NaN,NaN,NaN,NaN,NaN
25872,25701,ImageProcessor_TPU,frame_processed,0,759,7,0.707571,75,0,NaN,NaN,NaN,NaN,NaN,NaN,NaN,NaN,NaN,NaN,NaN,NaN,NaN,NaN,NaN,NaN,NaN
25880,25708,ImageProcessor_Viz,frame_processed,0,759,7,0.332056,NaN,7,NaN,NaN,NaN,NaN,NaN,NaN,NaN,NaN,NaN,NaN,NaN,NaN,NaN,NaN,NaN,NaN,NaN
25891,25720,InferenceEngine,inference_complete,0,759,NaN,NaN,NaN,0,18.458,31.8,0,0,NaN,NaN,NaN,NaN,NaN,NaN,NaN,NaN,NaN,NaN,NaN,NaN,NaN
25891,25871,Logic,frame_complete,-3955190986414698435,759,7,0.707571,75,0,19,31.8,0,0,0,0,0,0.5,0.5,0,0,0,0,47.4,25.8245,48.5664,0
25905,25734,CameraCapture,frame_captured,0,760,7,0.140804,75,NaN,NaN,NaN,NaN,NaN,NaN,NaN,NaN,NaN,NaN,NaN,NaN,NaN,NaN,NaN,NaN,NaN,NaN
25906,25735,ImageProcessor_TPU,frame_processed,0,760,7,0.763082,75,0,NaN,NaN,NaN,NaN,NaN,NaN,NaN,NaN,NaN,NaN,NaN,NaN,NaN,NaN,NaN,NaN,NaN
25913,25742,ImageProcessor_Viz,frame_processed,0,760,7,0.333259,NaN,7,NaN,NaN,NaN,NaN,NaN,NaN,NaN,NaN,NaN,NaN,NaN,NaN,NaN,NaN,NaN,NaN,NaN
25925,25754,InferenceEngine,inference_complete,0,760,NaN,NaN,NaN,0,18.59,31.8,0,0,NaN,NaN,NaN,NaN,NaN,NaN,NaN,NaN,NaN,NaN,NaN,NaN,NaN
25925,25905,Logic,frame_complete,-3955190986414698435,760,7,0.763082,75,0,19,31.8,0,0,0,0,0,0.5,0.5,0,0,0,0,47.4,25.8245,48.5664,0
25939,25768,CameraCapture,frame_captured,0,761,7,0.255074,75,NaN,NaN,NaN,NaN,NaN,NaN,NaN,NaN,NaN,NaN,NaN,NaN,NaN,NaN,NaN,NaN,NaN,NaN
25940,25769,ImageProcessor_TPU,frame_processed,0,761,7,0.913204,75,1,NaN,NaN,NaN,NaN,NaN,NaN,NaN,NaN,NaN,NaN,NaN,NaN,NaN,NaN,NaN,NaN,NaN
25946,25775,ImageProcessor_Viz,frame_processed,0,761,7,0.341278,NaN,7,NaN,NaN,NaN,NaN,NaN,NaN,NaN,NaN,NaN,NaN,NaN,NaN,NaN,NaN,NaN,NaN,NaN
25959,25788,InferenceEngine,inference_complete,0,761,NaN,NaN,NaN,1,18.533,31.8,0,0,NaN,NaN,NaN,NaN,NaN,NaN,NaN,NaN,NaN,NaN,NaN,NaN,NaN
25959,25939,Logic,frame_complete,-3955190986414698435,761,7,0.913204,75,1,18,31.8,0,0,0,0,0,0.5,0.5,0,0,0,0,47.4,25.8245,48.5664,0
25972,25801,CameraCapture,frame_captured,0,762,7,0.225789,75,NaN,NaN,NaN,NaN,NaN,NaN,NaN,NaN,NaN,NaN,NaN,NaN,NaN,NaN,NaN,NaN,NaN,NaN
25973,25802,ImageProcessor_TPU,frame_processed,0,762,7,0.925271,75,0,NaN,NaN,NaN,NaN,NaN,NaN,NaN,NaN,NaN,NaN,NaN,NaN,NaN,NaN,NaN,NaN,NaN
25980,25809,ImageProcessor_Viz,frame_processed,0,762,7,0.344611,NaN,7,NaN,NaN,NaN,NaN,NaN,NaN,NaN,NaN,NaN,NaN,NaN,NaN,NaN,NaN,NaN,NaN,NaN
25993,25821,InferenceEngine,inference_complete,0,762,NaN,NaN,NaN,0,19.057,31.8,0,0,NaN,NaN,NaN,NaN,NaN,NaN,NaN,NaN,NaN,NaN,NaN,NaN,NaN
25993,25972,Logic,frame_complete,-3955190986414698435,762,7,0.925271,75,0,19,31.8,0,0,0,0,0,0.5,0.5,0,0,0,0,47.4,25.8245,48.5664,0
26005,25834,CameraCapture,frame_captured,0,763,7,0.233985,75,NaN,NaN,NaN,NaN,NaN,NaN,NaN,NaN,NaN,NaN,NaN,NaN,NaN,NaN,NaN,NaN,NaN,NaN
26006,25835,ImageProcessor_TPU,frame_processed,0,763,7,0.959596,75,1,NaN,NaN,NaN,NaN,NaN,NaN,NaN,NaN,NaN,NaN,NaN,NaN,NaN,NaN,NaN,NaN,NaN
26012,25841,ImageProcessor_Viz,frame_processed,0,763,7,0.344518,NaN,7,NaN,NaN,NaN,NaN,NaN,NaN,NaN,NaN,NaN,NaN,NaN,NaN,NaN,NaN,NaN,NaN,NaN
26025,25854,InferenceEngine,inference_complete,0,763,NaN,NaN,NaN,1,18.679,31.8,0,0,NaN,NaN,NaN,NaN,NaN,NaN,NaN,NaN,NaN,NaN,NaN,NaN,NaN
26025,26005,Logic,frame_complete,-3955190986414698435,763,7,0.959596,75,1,19,31.8,0,0,0,0,0,0.5,0.5,0,0,0,0,47.4,25.8245,48.5664,0
26039,25868,CameraCapture,frame_captured,0,764,7,0.16644,75,NaN,NaN,NaN,NaN,NaN,NaN,NaN,NaN,NaN,NaN,NaN,NaN,NaN,NaN,NaN,NaN,NaN,NaN
26040,25869,ImageProcessor_TPU,frame_processed,0,764,7,0.755274,75,1,NaN,NaN,NaN,NaN,NaN,NaN,NaN,NaN,NaN,NaN,NaN,NaN,NaN,NaN,NaN,NaN,NaN
26047,25875,ImageProcessor_Viz,frame_processed,0,764,7,0.333704,NaN,7,NaN,NaN,NaN,NaN,NaN,NaN,NaN,NaN,NaN,NaN,NaN,NaN,NaN,NaN,NaN,NaN,NaN
26059,25888,InferenceEngine,inference_complete,0,764,NaN,NaN,NaN,1,18.538,31.8,0,0,NaN,NaN,NaN,NaN,NaN,NaN,NaN,NaN,NaN,NaN,NaN,NaN,NaN
26059,26039,Logic,frame_complete,-3955190986414698435,764,7,0.755274,75,1,18,31.8,0,0,0,0,0,0.5,0.5,0,0,0,0,47.4,25.8245,48.5664,0
26072,25901,CameraCapture,frame_captured,0,765,7,0.142099,75,NaN,NaN,NaN,NaN,NaN,NaN,NaN,NaN,NaN,NaN,NaN,NaN,NaN,NaN,NaN,NaN,NaN,NaN
26073,25902,ImageProcessor_TPU,frame_processed,0,765,7,0.749192,75,0,NaN,NaN,NaN,NaN,NaN,NaN,NaN,NaN,NaN,NaN,NaN,NaN,NaN,NaN,NaN,NaN,NaN
26080,25909,ImageProcessor_Viz,frame_processed,0,765,7,0.347741,NaN,8,NaN,NaN,NaN,NaN,NaN,NaN,NaN,NaN,NaN,NaN,NaN,NaN,NaN,NaN,NaN,NaN,NaN
26092,25921,InferenceEngine,inference_complete,0,765,NaN,NaN,NaN,0,18.596,31.8,0,0,NaN,NaN,NaN,NaN,NaN,NaN,NaN,NaN,NaN,NaN,NaN,NaN,NaN
26092,26072,Logic,frame_complete,-3955190986414698435,765,7,0.749192,75,0,19,31.8,0,0,0,0,0,0.5,0.5,0,0,0,0,47.4,25.8245,48.5664,0
26105,25934,CameraCapture,frame_captured,0,766,7,0.143036,75,NaN,NaN,NaN,NaN,NaN,NaN,NaN,NaN,NaN,NaN,NaN,NaN,NaN,NaN,NaN,NaN,NaN,NaN
26106,25935,ImageProcessor_TPU,frame_processed,0,766,7,0.775943,75,0,NaN,NaN,NaN,NaN,NaN,NaN,NaN,NaN,NaN,NaN,NaN,NaN,NaN,NaN,NaN,NaN,NaN
26114,25942,ImageProcessor_Viz,frame_processed,0,766,7,0.335352,NaN,8,NaN,NaN,NaN,NaN,NaN,NaN,NaN,NaN,NaN,NaN,NaN,NaN,NaN,NaN,NaN,NaN,NaN
26125,25954,InferenceEngine,inference_complete,0,766,NaN,NaN,NaN,0,18.675,31.8,0,0,NaN,NaN,NaN,NaN,NaN,NaN,NaN,NaN,NaN,NaN,NaN,NaN,NaN
26125,26105,Logic,frame_complete,-3955190986414698435,766,7,0.775943,75,0,19,31.8,0,0,0,0,0,0.5,0.5,0,0,0,0,47.4,25.8245,48.5664,0
26138,25967,CameraCapture,frame_captured,0,767,7,0.139898,75,NaN,NaN,NaN,NaN,NaN,NaN,NaN,NaN,NaN,NaN,NaN,NaN,NaN,NaN,NaN,NaN,NaN,NaN
26139,25968,ImageProcessor_TPU,frame_processed,0,767,7,0.756917,75,1,NaN,NaN,NaN,NaN,NaN,NaN,NaN,NaN,NaN,NaN,NaN,NaN,NaN,NaN,NaN,NaN,NaN
26147,25976,ImageProcessor_Viz,frame_processed,0,767,7,0.330629,NaN,9,NaN,NaN,NaN,NaN,NaN,NaN,NaN,NaN,NaN,NaN,NaN,NaN,NaN,NaN,NaN,NaN,NaN
26162,25991,InferenceEngine,inference_complete,0,767,NaN,NaN,NaN,1,22.605,31.8,0,0,NaN,NaN,NaN,NaN,NaN,NaN,NaN,NaN,NaN,NaN,NaN,NaN,NaN
26162,26138,Logic,frame_complete,-3955190986414698435,767,7,0.756917,75,1,23,31.8,0,0,0,0,0,0.5,0.5,0,0,0,0,47.4,25.8245,48.5664,0
26172,26001,CameraCapture,frame_captured,0,768,7,0.139224,75,NaN,NaN,NaN,NaN,NaN,NaN,NaN,NaN,NaN,NaN,NaN,NaN,NaN,NaN,NaN,NaN,NaN,NaN
26173,26002,ImageProcessor_TPU,frame_processed,0,768,7,0.779169,75,0,NaN,NaN,NaN,NaN,NaN,NaN,NaN,NaN,NaN,NaN,NaN,NaN,NaN,NaN,NaN,NaN,NaN
26180,26009,ImageProcessor_Viz,frame_processed,0,768,7,0.353871,NaN,8,NaN,NaN,NaN,NaN,NaN,NaN,NaN,NaN,NaN,NaN,NaN,NaN,NaN,NaN,NaN,NaN,NaN
26192,26021,InferenceEngine,inference_complete,0,768,NaN,NaN,NaN,0,18.838,31.8,0,0,NaN,NaN,NaN,NaN,NaN,NaN,NaN,NaN,NaN,NaN,NaN,NaN,NaN
26192,26172,Logic,frame_complete,-3955190986414698435,768,7,0.779169,75,0,19,31.8,0,0,0,0,0,0.5,0.5,0,0,0,0,47.4,25.8245,48.5664,0
26205,26034,CameraCapture,frame_captured,0,769,7,0.150142,75,NaN,NaN,NaN,NaN,NaN,NaN,NaN,NaN,NaN,NaN,NaN,NaN,NaN,NaN,NaN,NaN,NaN,NaN
26207,26035,ImageProcessor_TPU,frame_processed,0,769,7,0.855902,75,0,NaN,NaN,NaN,NaN,NaN,NaN,NaN,NaN,NaN,NaN,NaN,NaN,NaN,NaN,NaN,NaN,NaN
26213,26042,ImageProcessor_Viz,frame_processed,0,769,7,0.356685,NaN,7,NaN,NaN,NaN,NaN,NaN,NaN,NaN,NaN,NaN,NaN,NaN,NaN,NaN,NaN,NaN,NaN,NaN
26225,26054,InferenceEngine,inference_complete,0,769,NaN,NaN,NaN,0,18.442,31.8,0,0,NaN,NaN,NaN,NaN,NaN,NaN,NaN,NaN,NaN,NaN,NaN,NaN,NaN
26225,26205,Logic,frame_complete,-3955190986414698435,769,7,0.855902,75,0,18,31.8,0,0,0,0,0,0.5,0.5,0,0,0,0,47.4,25.8245,48.5664,0
26239,26068,CameraCapture,frame_captured,0,770,7,0.241431,75,NaN,NaN,NaN,NaN,NaN,NaN,NaN,NaN,NaN,NaN,NaN,NaN,NaN,NaN,NaN,NaN,NaN,NaN
26242,26071,ImageProcessor_TPU,frame_processed,0,770,7,2.3273,75,1,NaN,NaN,NaN,NaN,NaN,NaN,NaN,NaN,NaN,NaN,NaN,NaN,NaN,NaN,NaN,NaN,NaN
26247,26076,ImageProcessor_Viz,frame_processed,0,770,7,0.345685,NaN,8,NaN,NaN,NaN,NaN,NaN,NaN,NaN,NaN,NaN,NaN,NaN,NaN,NaN,NaN,NaN,NaN,NaN
26262,26091,InferenceEngine,inference_complete,0,770,NaN,NaN,NaN,1,19.708,31.8,0,0,NaN,NaN,NaN,NaN,NaN,NaN,NaN,NaN,NaN,NaN,NaN,NaN,NaN
26262,26239,Logic,frame_complete,-3955190986414698435,770,7,2.3273,75,1,20,31.8,0,0,0,0,0,0.5,0.5,0,0,0,0,47.4,25.8245,48.5664,0
26271,26100,CameraCapture,frame_captured,0,771,7,0.147516,75,NaN,NaN,NaN,NaN,NaN,NaN,NaN,NaN,NaN,NaN,NaN,NaN,NaN,NaN,NaN,NaN,NaN,NaN
26272,26101,ImageProcessor_TPU,frame_processed,0,771,7,0.776368,75,0,NaN,NaN,NaN,NaN,NaN,NaN,NaN,NaN,NaN,NaN,NaN,NaN,NaN,NaN,NaN,NaN,NaN
26279,26108,ImageProcessor_Viz,frame_processed,0,771,7,0.348074,NaN,7,NaN,NaN,NaN,NaN,NaN,NaN,NaN,NaN,NaN,NaN,NaN,NaN,NaN,NaN,NaN,NaN,NaN
26291,26120,InferenceEngine,inference_complete,0,771,NaN,NaN,NaN,0,18.6,31.8,0,0,NaN,NaN,NaN,NaN,NaN,NaN,NaN,NaN,NaN,NaN,NaN,NaN,NaN
26291,26271,Logic,frame_complete,-3955190986414698435,771,7,0.776368,75,0,19,31.8,0,0,0,0,0,0.5,0.5,0,0,0,0,47.4,25.8245,48.5664,0
26305,26134,CameraCapture,frame_captured,0,772,7,0.140434,75,NaN,NaN,NaN,NaN,NaN,NaN,NaN,NaN,NaN,NaN,NaN,NaN,NaN,NaN,NaN,NaN,NaN,NaN
26306,26135,ImageProcessor_TPU,frame_processed,0,772,7,0.768786,75,0,NaN,NaN,NaN,NaN,NaN,NaN,NaN,NaN,NaN,NaN,NaN,NaN,NaN,NaN,NaN,NaN,NaN
26313,26142,ImageProcessor_Viz,frame_processed,0,772,7,0.339426,NaN,8,NaN,NaN,NaN,NaN,NaN,NaN,NaN,NaN,NaN,NaN,NaN,NaN,NaN,NaN,NaN,NaN,NaN
26325,26154,InferenceEngine,inference_complete,0,772,NaN,NaN,NaN,0,18.638,31.8,0,0,NaN,NaN,NaN,NaN,NaN,NaN,NaN,NaN,NaN,NaN,NaN,NaN,NaN
26325,26305,Logic,frame_complete,-3955190986414698435,772,7,0.768786,75,0,19,31.8,0,0,0,0,0,0.5,0.5,0,0,0,0,47.4,25.8245,48.5664,0
26339,26167,CameraCapture,frame_captured,0,773,7,0.219038,75,NaN,NaN,NaN,NaN,NaN,NaN,NaN,NaN,NaN,NaN,NaN,NaN,NaN,NaN,NaN,NaN,NaN,NaN
26340,26169,ImageProcessor_TPU,frame_processed,0,773,7,0.855242,75,1,NaN,NaN,NaN,NaN,NaN,NaN,NaN,NaN,NaN,NaN,NaN,NaN,NaN,NaN,NaN,NaN,NaN
26346,26175,ImageProcessor_Viz,frame_processed,0,773,7,0.338852,NaN,7,NaN,NaN,NaN,NaN,NaN,NaN,NaN,NaN,NaN,NaN,NaN,NaN,NaN,NaN,NaN,NaN,NaN
26359,26188,InferenceEngine,inference_complete,0,773,NaN,NaN,NaN,1,19.255,31.8,0,0,NaN,NaN,NaN,NaN,NaN,NaN,NaN,NaN,NaN,NaN,NaN,NaN,NaN
26359,26338,Logic,frame_complete,-3955190986414698435,773,7,0.855242,75,1,19,31.8,0,0,0,0,0,0.5,0.5,0,0,0,0,47.4,25.8245,48.5664,0
26372,26201,CameraCapture,frame_captured,0,774,7,0.159863,75,NaN,NaN,NaN,NaN,NaN,NaN,NaN,NaN,NaN,NaN,NaN,NaN,NaN,NaN,NaN,NaN,NaN,NaN
26373,26202,ImageProcessor_TPU,frame_processed,0,774,7,0.713512,75,1,NaN,NaN,NaN,NaN,NaN,NaN,NaN,NaN,NaN,NaN,NaN,NaN,NaN,NaN,NaN,NaN,NaN
26380,26209,ImageProcessor_Viz,frame_processed,0,774,7,0.336445,NaN,8,NaN,NaN,NaN,NaN,NaN,NaN,NaN,NaN,NaN,NaN,NaN,NaN,NaN,NaN,NaN,NaN,NaN
26392,26221,InferenceEngine,inference_complete,0,774,NaN,NaN,NaN,1,18.507,31.8,0,0,NaN,NaN,NaN,NaN,NaN,NaN,NaN,NaN,NaN,NaN,NaN,NaN,NaN
26392,26372,Logic,frame_complete,-3955190986414698435,774,7,0.713512,75,1,19,31.8,0,0,0,0,0,0.5,0.5,0,0,0,0,47.4,25.8245,48.5664,0
26405,26233,CameraCapture,frame_captured,0,775,7,0.148837,75,NaN,NaN,NaN,NaN,NaN,NaN,NaN,NaN,NaN,NaN,NaN,NaN,NaN,NaN,NaN,NaN,NaN,NaN
26406,26235,ImageProcessor_TPU,frame_processed,0,775,7,0.73293,75,1,NaN,NaN,NaN,NaN,NaN,NaN,NaN,NaN,NaN,NaN,NaN,NaN,NaN,NaN,NaN,NaN,NaN
26413,26241,ImageProcessor_Viz,frame_processed,0,775,7,0.342778,NaN,7,NaN,NaN,NaN,NaN,NaN,NaN,NaN,NaN,NaN,NaN,NaN,NaN,NaN,NaN,NaN,NaN,NaN
26425,26253,InferenceEngine,inference_complete,0,775,NaN,NaN,NaN,1,18.652,31.8,0,0,NaN,NaN,NaN,NaN,NaN,NaN,NaN,NaN,NaN,NaN,NaN,NaN,NaN
26425,26404,Logic,frame_complete,-3955190986414698435,775,7,0.73293,75,1,18,31.8,0,0,0,0,0,0.5,0.5,0,0,0,0,47.4,25.8245,48.5664,0
26439,26267,CameraCapture,frame_captured,0,776,7,0.145274,75,NaN,NaN,NaN,NaN,NaN,NaN,NaN,NaN,NaN,NaN,NaN,NaN,NaN,NaN,NaN,NaN,NaN,NaN
26440,26269,ImageProcessor_TPU,frame_processed,0,776,7,0.729385,75,1,NaN,NaN,NaN,NaN,NaN,NaN,NaN,NaN,NaN,NaN,NaN,NaN,NaN,NaN,NaN,NaN,NaN
26447,26275,ImageProcessor_Viz,frame_processed,0,776,7,0.331167,NaN,7,NaN,NaN,NaN,NaN,NaN,NaN,NaN,NaN,NaN,NaN,NaN,NaN,NaN,NaN,NaN,NaN,NaN
26458,26287,InferenceEngine,inference_complete,0,776,NaN,NaN,NaN,1,18.487,31.8,0,0,NaN,NaN,NaN,NaN,NaN,NaN,NaN,NaN,NaN,NaN,NaN,NaN,NaN
26459,26438,Logic,frame_complete,-3955190986414698435,776,7,0.729385,75,1,18,31.8,0,0,0,0,0,0.5,0.5,0,0,0,0,47.4,25.8245,48.5664,0
26472,26301,CameraCapture,frame_captured,0,777,7,0.151655,75,NaN,NaN,NaN,NaN,NaN,NaN,NaN,NaN,NaN,NaN,NaN,NaN,NaN,NaN,NaN,NaN,NaN,NaN
26473,26302,ImageProcessor_TPU,frame_processed,0,777,7,0.742118,75,1,NaN,NaN,NaN,NaN,NaN,NaN,NaN,NaN,NaN,NaN,NaN,NaN,NaN,NaN,NaN,NaN,NaN
26480,26309,ImageProcessor_Viz,frame_processed,0,777,7,0.336464,NaN,8,NaN,NaN,NaN,NaN,NaN,NaN,NaN,NaN,NaN,NaN,NaN,NaN,NaN,NaN,NaN,NaN,NaN
26492,26320,InferenceEngine,inference_complete,0,777,NaN,NaN,NaN,1,18.545,31.8,0,0,NaN,NaN,NaN,NaN,NaN,NaN,NaN,NaN,NaN,NaN,NaN,NaN,NaN
26492,26472,Logic,frame_complete,-3955190986414698435,777,7,0.742118,75,1,18,31.8,0,0,0,0,0,0.5,0.5,0,0,0,0,47.4,25.8245,48.5664,0
26505,26334,CameraCapture,frame_captured,0,778,7,0.142406,75,NaN,NaN,NaN,NaN,NaN,NaN,NaN,NaN,NaN,NaN,NaN,NaN,NaN,NaN,NaN,NaN,NaN,NaN
26506,26335,ImageProcessor_TPU,frame_processed,0,778,7,0.77411,75,0,NaN,NaN,NaN,NaN,NaN,NaN,NaN,NaN,NaN,NaN,NaN,NaN,NaN,NaN,NaN,NaN,NaN
26513,26342,ImageProcessor_Viz,frame_processed,0,778,7,0.333981,NaN,8,NaN,NaN,NaN,NaN,NaN,NaN,NaN,NaN,NaN,NaN,NaN,NaN,NaN,NaN,NaN,NaN,NaN
26525,26354,InferenceEngine,inference_complete,0,778,NaN,NaN,NaN,0,18.524,31.8,0,0,NaN,NaN,NaN,NaN,NaN,NaN,NaN,NaN,NaN,NaN,NaN,NaN,NaN
26525,26505,Logic,frame_complete,-3955190986414698435,778,7,0.77411,75,0,19,31.8,0,0,0,0,0,0.5,0.5,0,0,0,0,47.4,25.8245,48.5664,0
26538,26367,CameraCapture,frame_captured,0,779,7,0.144769,75,NaN,NaN,NaN,NaN,NaN,NaN,NaN,NaN,NaN,NaN,NaN,NaN,NaN,NaN,NaN,NaN,NaN,NaN
26539,26368,ImageProcessor_TPU,frame_processed,0,779,7,0.743899,75,0,NaN,NaN,NaN,NaN,NaN,NaN,NaN,NaN,NaN,NaN,NaN,NaN,NaN,NaN,NaN,NaN,NaN
26549,26378,ImageProcessor_Viz,frame_processed,0,779,7,0.327092,NaN,11,NaN,NaN,NaN,NaN,NaN,NaN,NaN,NaN,NaN,NaN,NaN,NaN,NaN,NaN,NaN,NaN,NaN
26558,26387,InferenceEngine,inference_complete,0,779,NaN,NaN,NaN,0,18.533,31.8,0,0,NaN,NaN,NaN,NaN,NaN,NaN,NaN,NaN,NaN,NaN,NaN,NaN,NaN
26558,26538,Logic,frame_complete,-3955190986414698435,779,7,0.743899,75,0,19,31.8,0,0,0,0,0,0.5,0.5,0,0,0,0,47.4,25.8245,48.5664,0
26572,26401,CameraCapture,frame_captured,0,780,7,0.143465,75,NaN,NaN,NaN,NaN,NaN,NaN,NaN,NaN,NaN,NaN,NaN,NaN,NaN,NaN,NaN,NaN,NaN,NaN
26573,26402,ImageProcessor_TPU,frame_processed,0,780,7,1.0823,75,0,NaN,NaN,NaN,NaN,NaN,NaN,NaN,NaN,NaN,NaN,NaN,NaN,NaN,NaN,NaN,NaN,NaN
26579,26408,ImageProcessor_Viz,frame_processed,0,780,7,0.339537,NaN,7,NaN,NaN,NaN,NaN,NaN,NaN,NaN,NaN,NaN,NaN,NaN,NaN,NaN,NaN,NaN,NaN,NaN
26592,26421,InferenceEngine,inference_complete,0,780,NaN,NaN,NaN,0,18.602,31.8,0,0,NaN,NaN,NaN,NaN,NaN,NaN,NaN,NaN,NaN,NaN,NaN,NaN,NaN
26592,26572,Logic,frame_complete,-3955190986414698435,780,7,1.0823,75,0,19,31.8,0,0,0,0,0,0.5,0.5,0,0,0,0,47.4,25.8245,48.5664,0
26605,26434,CameraCapture,frame_captured,0,781,7,0.142957,75,NaN,NaN,NaN,NaN,NaN,NaN,NaN,NaN,NaN,NaN,NaN,NaN,NaN,NaN,NaN,NaN,NaN,NaN
26606,26435,ImageProcessor_TPU,frame_processed,0,781,7,0.79392,75,0,NaN,NaN,NaN,NaN,NaN,NaN,NaN,NaN,NaN,NaN,NaN,NaN,NaN,NaN,NaN,NaN,NaN
26613,26442,ImageProcessor_Viz,frame_processed,0,781,7,0.358186,NaN,8,NaN,NaN,NaN,NaN,NaN,NaN,NaN,NaN,NaN,NaN,NaN,NaN,NaN,NaN,NaN,NaN,NaN
26625,26454,InferenceEngine,inference_complete,0,781,NaN,NaN,NaN,0,18.645,31.8,0,0,NaN,NaN,NaN,NaN,NaN,NaN,NaN,NaN,NaN,NaN,NaN,NaN,NaN
26625,26605,Logic,frame_complete,-3955190986414698435,781,7,0.79392,75,0,19,31.8,0,0,0,0,0,0.5,0.5,0,0,0,0,47.4,25.8245,48.5664,0
26639,26467,CameraCapture,frame_captured,0,782,7,0.142819,75,NaN,NaN,NaN,NaN,NaN,NaN,NaN,NaN,NaN,NaN,NaN,NaN,NaN,NaN,NaN,NaN,NaN,NaN
26640,26469,ImageProcessor_TPU,frame_processed,0,782,7,1.07258,75,1,NaN,NaN,NaN,NaN,NaN,NaN,NaN,NaN,NaN,NaN,NaN,NaN,NaN,NaN,NaN,NaN,NaN
26646,26475,ImageProcessor_Viz,frame_processed,0,782,7,0.34113,NaN,7,NaN,NaN,NaN,NaN,NaN,NaN,NaN,NaN,NaN,NaN,NaN,NaN,NaN,NaN,NaN,NaN,NaN
26659,26487,InferenceEngine,inference_complete,0,782,NaN,NaN,NaN,1,18.378,31.8,0,0,NaN,NaN,NaN,NaN,NaN,NaN,NaN,NaN,NaN,NaN,NaN,NaN,NaN
26659,26638,Logic,frame_complete,-3955190986414698435,782,7,1.07258,75,1,18,31.8,0,0,0,0,0,0.5,0.5,0,0,0,0,47.4,25.8245,48.5664,0
26671,26500,CameraCapture,frame_captured,0,783,7,0.139348,75,NaN,NaN,NaN,NaN,NaN,NaN,NaN,NaN,NaN,NaN,NaN,NaN,NaN,NaN,NaN,NaN,NaN,NaN
26672,26501,ImageProcessor_TPU,frame_processed,0,783,7,0.771071,75,0,NaN,NaN,NaN,NaN,NaN,NaN,NaN,NaN,NaN,NaN,NaN,NaN,NaN,NaN,NaN,NaN,NaN
26679,26507,ImageProcessor_Viz,frame_processed,0,783,7,0.348241,NaN,7,NaN,NaN,NaN,NaN,NaN,NaN,NaN,NaN,NaN,NaN,NaN,NaN,NaN,NaN,NaN,NaN,NaN
26691,26520,InferenceEngine,inference_complete,0,783,NaN,NaN,NaN,0,18.453,31.8,0,0,NaN,NaN,NaN,NaN,NaN,NaN,NaN,NaN,NaN,NaN,NaN,NaN,NaN
26691,26671,Logic,frame_complete,-3955190986414698435,783,7,0.771071,75,0,19,31.8,0,0,0,0,0,0.5,0.5,0,0,0,0,47.4,25.8245,48.5664,0
26705,26534,CameraCapture,frame_captured,0,784,7,0.14073,75,NaN,NaN,NaN,NaN,NaN,NaN,NaN,NaN,NaN,NaN,NaN,NaN,NaN,NaN,NaN,NaN,NaN,NaN
26706,26535,ImageProcessor_TPU,frame_processed,0,784,7,0.74623,75,0,NaN,NaN,NaN,NaN,NaN,NaN,NaN,NaN,NaN,NaN,NaN,NaN,NaN,NaN,NaN,NaN,NaN
26713,26542,ImageProcessor_Viz,frame_processed,0,784,7,0.355278,NaN,8,NaN,NaN,NaN,NaN,NaN,NaN,NaN,NaN,NaN,NaN,NaN,NaN,NaN,NaN,NaN,NaN,NaN
26725,26554,InferenceEngine,inference_complete,0,784,NaN,NaN,NaN,0,18.609,31.8,0,0,NaN,NaN,NaN,NaN,NaN,NaN,NaN,NaN,NaN,NaN,NaN,NaN,NaN
26725,26705,Logic,frame_complete,-3955190986414698435,784,7,0.74623,75,0,19,31.8,0,0,0,0,0,0.5,0.5,0,0,0,0,47.4,25.8245,48.5664,0
26738,26567,CameraCapture,frame_captured,0,785,7,0.155185,75,NaN,NaN,NaN,NaN,NaN,NaN,NaN,NaN,NaN,NaN,NaN,NaN,NaN,NaN,NaN,NaN,NaN,NaN
26740,26569,ImageProcessor_TPU,frame_processed,0,785,7,0.776074,75,1,NaN,NaN,NaN,NaN,NaN,NaN,NaN,NaN,NaN,NaN,NaN,NaN,NaN,NaN,NaN,NaN,NaN
26746,26575,ImageProcessor_Viz,frame_processed,0,785,7,0.340518,NaN,7,NaN,NaN,NaN,NaN,NaN,NaN,NaN,NaN,NaN,NaN,NaN,NaN,NaN,NaN,NaN,NaN,NaN
26758,26587,InferenceEngine,inference_complete,0,785,NaN,NaN,NaN,1,18.401,31.8,0,0,NaN,NaN,NaN,NaN,NaN,NaN,NaN,NaN,NaN,NaN,NaN,NaN,NaN
26758,26738,Logic,frame_complete,-3955190986414698435,785,7,0.776074,75,1,18,31.8,0,0,0,0,0,0.5,0.5,0,0,0,0,47.4,25.8245,48.5664,0
26772,26601,CameraCapture,frame_captured,0,786,7,0.142881,75,NaN,NaN,NaN,NaN,NaN,NaN,NaN,NaN,NaN,NaN,NaN,NaN,NaN,NaN,NaN,NaN,NaN,NaN
26773,26602,ImageProcessor_TPU,frame_processed,0,786,7,0.783344,75,1,NaN,NaN,NaN,NaN,NaN,NaN,NaN,NaN,NaN,NaN,NaN,NaN,NaN,NaN,NaN,NaN,NaN
26779,26608,ImageProcessor_Viz,frame_processed,0,786,7,0.352315,NaN,7,NaN,NaN,NaN,NaN,NaN,NaN,NaN,NaN,NaN,NaN,NaN,NaN,NaN,NaN,NaN,NaN,NaN
26791,26620,InferenceEngine,inference_complete,0,786,NaN,NaN,NaN,1,18.351,31.8,0,0,NaN,NaN,NaN,NaN,NaN,NaN,NaN,NaN,NaN,NaN,NaN,NaN,NaN
26792,26772,Logic,frame_complete,-3955190986414698435,786,7,0.783344,75,1,18,31.8,0,0,0,0,0,0.5,0.5,0,0,0,0,47.4,25.8245,48.5664,0
26804,26633,CameraCapture,frame_captured,0,787,7,0.141891,75,NaN,NaN,NaN,NaN,NaN,NaN,NaN,NaN,NaN,NaN,NaN,NaN,NaN,NaN,NaN,NaN,NaN,NaN
26806,26634,ImageProcessor_TPU,frame_processed,0,787,7,0.780688,75,0,NaN,NaN,NaN,NaN,NaN,NaN,NaN,NaN,NaN,NaN,NaN,NaN,NaN,NaN,NaN,NaN,NaN
26812,26641,ImageProcessor_Viz,frame_processed,0,787,7,0.348203,NaN,7,NaN,NaN,NaN,NaN,NaN,NaN,NaN,NaN,NaN,NaN,NaN,NaN,NaN,NaN,NaN,NaN,NaN
26824,26653,InferenceEngine,inference_complete,0,787,NaN,NaN,NaN,0,18.637,31.8,0,0,NaN,NaN,NaN,NaN,NaN,NaN,NaN,NaN,NaN,NaN,NaN,NaN,NaN
26824,26804,Logic,frame_complete,-3955190986414698435,787,7,0.780688,75,0,19,31.8,0,0,0,0,0,0.5,0.5,0,0,0,0,47.4,25.8245,48.5664,0
26838,26667,CameraCapture,frame_captured,0,788,7,0.139069,75,NaN,NaN,NaN,NaN,NaN,NaN,NaN,NaN,NaN,NaN,NaN,NaN,NaN,NaN,NaN,NaN,NaN,NaN
26840,26668,ImageProcessor_TPU,frame_processed,0,788,7,0.76631,75,0,NaN,NaN,NaN,NaN,NaN,NaN,NaN,NaN,NaN,NaN,NaN,NaN,NaN,NaN,NaN,NaN,NaN
26846,26675,ImageProcessor_Viz,frame_processed,0,788,7,0.334352,NaN,7,NaN,NaN,NaN,NaN,NaN,NaN,NaN,NaN,NaN,NaN,NaN,NaN,NaN,NaN,NaN,NaN,NaN
26858,26687,InferenceEngine,inference_complete,0,788,NaN,NaN,NaN,0,18.477,31.8,0,0,NaN,NaN,NaN,NaN,NaN,NaN,NaN,NaN,NaN,NaN,NaN,NaN,NaN
26858,26838,Logic,frame_complete,-3955190986414698435,788,7,0.76631,75,0,19,31.8,0,0,0,0,0,0.5,0.5,0,0,0,0,47.4,25.8245,48.5664,0
26872,26701,CameraCapture,frame_captured,0,789,7,0.242857,75,NaN,NaN,NaN,NaN,NaN,NaN,NaN,NaN,NaN,NaN,NaN,NaN,NaN,NaN,NaN,NaN,NaN,NaN
26873,26702,ImageProcessor_TPU,frame_processed,0,789,7,0.806821,75,0,NaN,NaN,NaN,NaN,NaN,NaN,NaN,NaN,NaN,NaN,NaN,NaN,NaN,NaN,NaN,NaN,NaN
26880,26709,ImageProcessor_Viz,frame_processed,0,789,7,0.344593,NaN,8,NaN,NaN,NaN,NaN,NaN,NaN,NaN,NaN,NaN,NaN,NaN,NaN,NaN,NaN,NaN,NaN,NaN
26892,26721,InferenceEngine,inference_complete,0,789,NaN,NaN,NaN,0,18.425,31.8,0,0,NaN,NaN,NaN,NaN,NaN,NaN,NaN,NaN,NaN,NaN,NaN,NaN,NaN
26892,26872,Logic,frame_complete,-3955190986414698435,789,7,0.806821,75,0,19,31.8,0,0,0,0,0,0.5,0.5,0,0,0,0,47.4,25.8245,48.5664,0
26905,26734,CameraCapture,frame_captured,0,790,7,0.141424,75,NaN,NaN,NaN,NaN,NaN,NaN,NaN,NaN,NaN,NaN,NaN,NaN,NaN,NaN,NaN,NaN,NaN,NaN
26907,26735,ImageProcessor_TPU,frame_processed,0,790,7,1.18872,75,0,NaN,NaN,NaN,NaN,NaN,NaN,NaN,NaN,NaN,NaN,NaN,NaN,NaN,NaN,NaN,NaN,NaN
26913,26742,ImageProcessor_Viz,frame_processed,0,790,7,0.335204,NaN,8,NaN,NaN,NaN,NaN,NaN,NaN,NaN,NaN,NaN,NaN,NaN,NaN,NaN,NaN,NaN,NaN,NaN
26925,26754,InferenceEngine,inference_complete,0,790,NaN,NaN,NaN,0,18.355,31.8,0,0,NaN,NaN,NaN,NaN,NaN,NaN,NaN,NaN,NaN,NaN,NaN,NaN,NaN
26925,26905,Logic,frame_complete,-3955190986414698435,790,7,1.18872,75,0,19,31.8,0,0,0,0,0,0.5,0.5,0,0,0,0,47.4,25.8245,48.5664,0
26938,26766,CameraCapture,frame_captured,0,791,7,0.139675,75,NaN,NaN,NaN,NaN,NaN,NaN,NaN,NaN,NaN,NaN,NaN,NaN,NaN,NaN,NaN,NaN,NaN,NaN
26939,26768,ImageProcessor_TPU,frame_processed,0,791,7,0.725138,75,1,NaN,NaN,NaN,NaN,NaN,NaN,NaN,NaN,NaN,NaN,NaN,NaN,NaN,NaN,NaN,NaN,NaN
26946,26774,ImageProcessor_Viz,frame_processed,0,791,7,0.334445,NaN,7,NaN,NaN,NaN,NaN,NaN,NaN,NaN,NaN,NaN,NaN,NaN,NaN,NaN,NaN,NaN,NaN,NaN
26957,26786,InferenceEngine,inference_complete,0,791,NaN,NaN,NaN,1,18.423,31.8,0,0,NaN,NaN,NaN,NaN,NaN,NaN,NaN,NaN,NaN,NaN,NaN,NaN,NaN
26957,26937,Logic,frame_complete,-3955190986414698435,791,7,0.725138,75,1,18,31.8,0,0,0,0,0,0.5,0.5,0,0,0,0,47.4,25.8245,48.5664,0
26972,26800,CameraCapture,frame_captured,0,792,7,0.138056,75,NaN,NaN,NaN,NaN,NaN,NaN,NaN,NaN,NaN,NaN,NaN,NaN,NaN,NaN,NaN,NaN,NaN,NaN
26973,26802,ImageProcessor_TPU,frame_processed,0,792,7,0.769093,75,1,NaN,NaN,NaN,NaN,NaN,NaN,NaN,NaN,NaN,NaN,NaN,NaN,NaN,NaN,NaN,NaN,NaN
26979,26808,ImageProcessor_Viz,frame_processed,0,792,7,0.335574,NaN,7,NaN,NaN,NaN,NaN,NaN,NaN,NaN,NaN,NaN,NaN,NaN,NaN,NaN,NaN,NaN,NaN,NaN
26992,26820,InferenceEngine,inference_complete,0,792,NaN,NaN,NaN,1,18.591,31.8,0,0,NaN,NaN,NaN,NaN,NaN,NaN,NaN,NaN,NaN,NaN,NaN,NaN,NaN
26992,26971,Logic,frame_complete,-3955190986414698435,792,7,0.769093,75,1,18,31.8,0,0,0,0,0,0.5,0.5,0,0,0,0,47.4,25.8245,48.5664,0
27005,26834,CameraCapture,frame_captured,0,793,7,0.140104,75,NaN,NaN,NaN,NaN,NaN,NaN,NaN,NaN,NaN,NaN,NaN,NaN,NaN,NaN,NaN,NaN,NaN,NaN
27006,26835,ImageProcessor_TPU,frame_processed,0,793,7,0.754752,75,0,NaN,NaN,NaN,NaN,NaN,NaN,NaN,NaN,NaN,NaN,NaN,NaN,NaN,NaN,NaN,NaN,NaN
27013,26842,ImageProcessor_Viz,frame_processed,0,793,7,0.328889,NaN,8,NaN,NaN,NaN,NaN,NaN,NaN,NaN,NaN,NaN,NaN,NaN,NaN,NaN,NaN,NaN,NaN,NaN
27025,26854,InferenceEngine,inference_complete,0,793,NaN,NaN,NaN,0,18.471,31.8,0,0,NaN,NaN,NaN,NaN,NaN,NaN,NaN,NaN,NaN,NaN,NaN,NaN,NaN
27025,27005,Logic,frame_complete,-3955190986414698435,793,7,0.754752,75,0,18,31.8,0,0,0,0,0,0.5,0.5,0,0,0,0,47.4,25.8245,48.5664,0
27038,26867,CameraCapture,frame_captured,0,794,7,0.140022,75,NaN,NaN,NaN,NaN,NaN,NaN,NaN,NaN,NaN,NaN,NaN,NaN,NaN,NaN,NaN,NaN,NaN,NaN
27039,26868,ImageProcessor_TPU,frame_processed,0,794,7,0.771855,75,0,NaN,NaN,NaN,NaN,NaN,NaN,NaN,NaN,NaN,NaN,NaN,NaN,NaN,NaN,NaN,NaN,NaN
27046,26875,ImageProcessor_Viz,frame_processed,0,794,7,0.331148,NaN,8,NaN,NaN,NaN,NaN,NaN,NaN,NaN,NaN,NaN,NaN,NaN,NaN,NaN,NaN,NaN,NaN,NaN
27058,26887,InferenceEngine,inference_complete,0,794,NaN,NaN,NaN,0,18.625,31.8,0,0,NaN,NaN,NaN,NaN,NaN,NaN,NaN,NaN,NaN,NaN,NaN,NaN,NaN
27058,27038,Logic,frame_complete,-3955190986414698435,794,7,0.771855,75,0,19,31.8,0,0,0,0,0,0.5,0.5,0,0,0,0,47.4,25.8245,48.5664,0
27071,26900,CameraCapture,frame_captured,0,795,7,0.140032,75,NaN,NaN,NaN,NaN,NaN,NaN,NaN,NaN,NaN,NaN,NaN,NaN,NaN,NaN,NaN,NaN,NaN,NaN
27072,26901,ImageProcessor_TPU,frame_processed,0,795,7,0.76294,75,1,NaN,NaN,NaN,NaN,NaN,NaN,NaN,NaN,NaN,NaN,NaN,NaN,NaN,NaN,NaN,NaN,NaN
27078,26907,ImageProcessor_Viz,frame_processed,0,795,7,0.333722,NaN,7,NaN,NaN,NaN,NaN,NaN,NaN,NaN,NaN,NaN,NaN,NaN,NaN,NaN,NaN,NaN,NaN,NaN
27091,26920,InferenceEngine,inference_complete,0,795,NaN,NaN,NaN,1,18.604,31.8,0,0,NaN,NaN,NaN,NaN,NaN,NaN,NaN,NaN,NaN,NaN,NaN,NaN,NaN
27091,27071,Logic,frame_complete,-3955190986414698435,795,7,0.76294,75,1,19,31.8,0,0,0,0,0,0.5,0.5,0,0,0,0,47.4,25.8245,48.5664,0
27105,26934,CameraCapture,frame_captured,0,796,7,0.139543,75,NaN,NaN,NaN,NaN,NaN,NaN,NaN,NaN,NaN,NaN,NaN,NaN,NaN,NaN,NaN,NaN,NaN,NaN
27106,26935,ImageProcessor_TPU,frame_processed,0,796,7,0.792432,75,0,NaN,NaN,NaN,NaN,NaN,NaN,NaN,NaN,NaN,NaN,NaN,NaN,NaN,NaN,NaN,NaN,NaN
27112,26941,ImageProcessor_Viz,frame_processed,0,796,7,0.346167,NaN,7,NaN,NaN,NaN,NaN,NaN,NaN,NaN,NaN,NaN,NaN,NaN,NaN,NaN,NaN,NaN,NaN,NaN
27125,26954,InferenceEngine,inference_complete,0,796,NaN,NaN,NaN,0,18.596,31.8,0,0,NaN,NaN,NaN,NaN,NaN,NaN,NaN,NaN,NaN,NaN,NaN,NaN,NaN
27125,27105,Logic,frame_complete,-3955190986414698435,796,7,0.792432,75,0,19,31.8,0,0,0,0,0,0.5,0.5,0,0,0,0,47.4,25.8245,48.5664,0
27138,26967,CameraCapture,frame_captured,0,797,7,0.226776,75,NaN,NaN,NaN,NaN,NaN,NaN,NaN,NaN,NaN,NaN,NaN,NaN,NaN,NaN,NaN,NaN,NaN,NaN
27139,26968,ImageProcessor_TPU,frame_processed,0,797,7,0.974999,75,0,NaN,NaN,NaN,NaN,NaN,NaN,NaN,NaN,NaN,NaN,NaN,NaN,NaN,NaN,NaN,NaN,NaN
27146,26974,ImageProcessor_Viz,frame_processed,0,797,7,0.342315,NaN,7,NaN,NaN,NaN,NaN,NaN,NaN,NaN,NaN,NaN,NaN,NaN,NaN,NaN,NaN,NaN,NaN,NaN
27158,26987,InferenceEngine,inference_complete,0,797,NaN,NaN,NaN,0,18.563,31.8,0,0,NaN,NaN,NaN,NaN,NaN,NaN,NaN,NaN,NaN,NaN,NaN,NaN,NaN
27158,27138,Logic,frame_complete,-3955190986414698435,797,7,0.974999,75,0,19,31.8,0,0,0,0,0,0.5,0.5,0,0,0,0,47.4,25.8245,48.5664,0
27172,27000,CameraCapture,frame_captured,0,798,7,0.248213,75,NaN,NaN,NaN,NaN,NaN,NaN,NaN,NaN,NaN,NaN,NaN,NaN,NaN,NaN,NaN,NaN,NaN,NaN
27173,27002,ImageProcessor_TPU,frame_processed,0,798,7,0.893102,75,1,NaN,NaN,NaN,NaN,NaN,NaN,NaN,NaN,NaN,NaN,NaN,NaN,NaN,NaN,NaN,NaN,NaN
27179,27008,ImageProcessor_Viz,frame_processed,0,798,7,0.349593,NaN,7,NaN,NaN,NaN,NaN,NaN,NaN,NaN,NaN,NaN,NaN,NaN,NaN,NaN,NaN,NaN,NaN,NaN
27191,27020,InferenceEngine,inference_complete,0,798,NaN,NaN,NaN,1,18.369,31.8,0,0,NaN,NaN,NaN,NaN,NaN,NaN,NaN,NaN,NaN,NaN,NaN,NaN,NaN
27192,27171,Logic,frame_complete,-3955190986414698435,798,7,0.893102,75,1,18,31.8,0,0,0,0,0,0.5,0.5,0,0,0,0,47.4,25.8245,48.5664,0
27204,27033,CameraCapture,frame_captured,0,799,7,0.14452,75,NaN,NaN,NaN,NaN,NaN,NaN,NaN,NaN,NaN,NaN,NaN,NaN,NaN,NaN,NaN,NaN,NaN,NaN
27206,27034,ImageProcessor_TPU,frame_processed,0,799,7,1.10809,75,0,NaN,NaN,NaN,NaN,NaN,NaN,NaN,NaN,NaN,NaN,NaN,NaN,NaN,NaN,NaN,NaN,NaN
27212,27041,ImageProcessor_Viz,frame_processed,0,799,7,0.363926,NaN,8,NaN,NaN,NaN,NaN,NaN,NaN,NaN,NaN,NaN,NaN,NaN,NaN,NaN,NaN,NaN,NaN,NaN
27225,27054,InferenceEngine,inference_complete,0,799,NaN,NaN,NaN,0,18.751,32.05,0,0,NaN,NaN,NaN,NaN,NaN,NaN,NaN,NaN,NaN,NaN,NaN,NaN,NaN
27225,27204,Logic,frame_complete,-3955190986414698435,799,7,1.10809,75,0,18,32.05,0,0,0,0,0,0.5,0.5,0,0,0,0,47.4,25.8245,48.5664,0
27238,27067,CameraCapture,frame_captured,0,800,7,0.148623,75,NaN,NaN,NaN,NaN,NaN,NaN,NaN,NaN,NaN,NaN,NaN,NaN,NaN,NaN,NaN,NaN,NaN,NaN
27240,27069,ImageProcessor_TPU,frame_processed,0,800,7,0.73342,75,1,NaN,NaN,NaN,NaN,NaN,NaN,NaN,NaN,NaN,NaN,NaN,NaN,NaN,NaN,NaN,NaN,NaN
27246,27075,ImageProcessor_Viz,frame_processed,0,800,7,0.342148,NaN,8,NaN,NaN,NaN,NaN,NaN,NaN,NaN,NaN,NaN,NaN,NaN,NaN,NaN,NaN,NaN,NaN,NaN
27259,27087,InferenceEngine,inference_complete,0,800,NaN,NaN,NaN,1,18.566,32.05,0,0,NaN,NaN,NaN,NaN,NaN,NaN,NaN,NaN,NaN,NaN,NaN,NaN,NaN
27259,27238,Logic,frame_complete,-3955190986414698435,800,7,0.73342,75,1,18,32.05,0,0,0,0,0,0.5,0.5,0,0,0,0,47.4,25.8245,48.5664,0
27272,27101,CameraCapture,frame_captured,0,801,7,0.170004,75,NaN,NaN,NaN,NaN,NaN,NaN,NaN,NaN,NaN,NaN,NaN,NaN,NaN,NaN,NaN,NaN,NaN,NaN
27273,27102,ImageProcessor_TPU,frame_processed,0,801,7,0.90469,75,1,NaN,NaN,NaN,NaN,NaN,NaN,NaN,NaN,NaN,NaN,NaN,NaN,NaN,NaN,NaN,NaN,NaN
27279,27108,ImageProcessor_Viz,frame_processed,0,801,7,0.435519,NaN,7,NaN,NaN,NaN,NaN,NaN,NaN,NaN,NaN,NaN,NaN,NaN,NaN,NaN,NaN,NaN,NaN,NaN
27292,27121,InferenceEngine,inference_complete,0,801,NaN,NaN,NaN,1,18.557,32.05,0,0,NaN,NaN,NaN,NaN,NaN,NaN,NaN,NaN,NaN,NaN,NaN,NaN,NaN
27292,27272,Logic,frame_complete,-3955190986414698435,801,7,0.90469,75,1,19,32.05,0,0,0,0,0,0.5,0.5,0,0,0,0,47.4,25.8245,48.5664,0
27305,27134,CameraCapture,frame_captured,0,802,7,0.151756,75,NaN,NaN,NaN,NaN,NaN,NaN,NaN,NaN,NaN,NaN,NaN,NaN,NaN,NaN,NaN,NaN,NaN,NaN
27306,27135,ImageProcessor_TPU,frame_processed,0,802,7,1.04507,75,0,NaN,NaN,NaN,NaN,NaN,NaN,NaN,NaN,NaN,NaN,NaN,NaN,NaN,NaN,NaN,NaN,NaN
27312,27141,ImageProcessor_Viz,frame_processed,0,802,7,0.345315,NaN,7,NaN,NaN,NaN,NaN,NaN,NaN,NaN,NaN,NaN,NaN,NaN,NaN,NaN,NaN,NaN,NaN,NaN
27325,27154,InferenceEngine,inference_complete,0,802,NaN,NaN,NaN,0,18.521,32.05,0,0,NaN,NaN,NaN,NaN,NaN,NaN,NaN,NaN,NaN,NaN,NaN,NaN,NaN
27325,27305,Logic,frame_complete,-3955190986414698435,802,7,1.04507,75,0,19,32.05,0,0,0,0,0,0.5,0.5,0,0,0,0,47.4,25.8245,48.5664,0
27337,27166,CameraCapture,frame_captured,0,803,7,0.144173,75,NaN,NaN,NaN,NaN,NaN,NaN,NaN,NaN,NaN,NaN,NaN,NaN,NaN,NaN,NaN,NaN,NaN,NaN
27339,27168,ImageProcessor_TPU,frame_processed,0,803,7,0.867322,75,1,NaN,NaN,NaN,NaN,NaN,NaN,NaN,NaN,NaN,NaN,NaN,NaN,NaN,NaN,NaN,NaN,NaN
27345,27174,ImageProcessor_Viz,frame_processed,0,803,7,0.332964,NaN,7,NaN,NaN,NaN,NaN,NaN,NaN,NaN,NaN,NaN,NaN,NaN,NaN,NaN,NaN,NaN,NaN,NaN
27358,27186,InferenceEngine,inference_complete,0,803,NaN,NaN,NaN,1,18.645,32.05,0,0,NaN,NaN,NaN,NaN,NaN,NaN,NaN,NaN,NaN,NaN,NaN,NaN,NaN
27358,27337,Logic,frame_complete,-3955190986414698435,803,7,0.867322,75,1,18,32.05,0,0,0,0,0,0.5,0.5,0,0,0,0,47.4,25.8245,48.5664,0
27372,27200,CameraCapture,frame_captured,0,804,7,0.227018,75,NaN,NaN,NaN,NaN,NaN,NaN,NaN,NaN,NaN,NaN,NaN,NaN,NaN,NaN,NaN,NaN,NaN,NaN
27373,27202,ImageProcessor_TPU,frame_processed,0,804,7,1.19109,75,1,NaN,NaN,NaN,NaN,NaN,NaN,NaN,NaN,NaN,NaN,NaN,NaN,NaN,NaN,NaN,NaN,NaN
27379,27208,ImageProcessor_Viz,frame_processed,0,804,7,0.343407,NaN,7,NaN,NaN,NaN,NaN,NaN,NaN,NaN,NaN,NaN,NaN,NaN,NaN,NaN,NaN,NaN,NaN,NaN
27392,27221,InferenceEngine,inference_complete,0,804,NaN,NaN,NaN,1,18.648,32.05,0,0,NaN,NaN,NaN,NaN,NaN,NaN,NaN,NaN,NaN,NaN,NaN,NaN,NaN
27392,27371,Logic,frame_complete,-3955190986414698435,804,7,1.19109,75,1,19,32.05,0,0,0,0,0,0.5,0.5,0,0,0,0,47.4,25.8245,48.5664,0
27405,27234,CameraCapture,frame_captured,0,805,7,0.148751,75,NaN,NaN,NaN,NaN,NaN,NaN,NaN,NaN,NaN,NaN,NaN,NaN,NaN,NaN,NaN,NaN,NaN,NaN
27406,27235,ImageProcessor_TPU,frame_processed,0,805,7,0.847066,75,1,NaN,NaN,NaN,NaN,NaN,NaN,NaN,NaN,NaN,NaN,NaN,NaN,NaN,NaN,NaN,NaN,NaN
27412,27241,ImageProcessor_Viz,frame_processed,0,805,7,0.335982,NaN,7,NaN,NaN,NaN,NaN,NaN,NaN,NaN,NaN,NaN,NaN,NaN,NaN,NaN,NaN,NaN,NaN,NaN
27425,27254,InferenceEngine,inference_complete,0,805,NaN,NaN,NaN,1,18.645,32.05,0,0,NaN,NaN,NaN,NaN,NaN,NaN,NaN,NaN,NaN,NaN,NaN,NaN,NaN
27425,27405,Logic,frame_complete,-3955190986414698435,805,7,0.847066,75,1,19,32.05,0,0,0,0,0,0.5,0.5,0,0,0,0,47.4,25.8245,48.5664,0
27439,27268,CameraCapture,frame_captured,0,806,7,0.144317,75,NaN,NaN,NaN,NaN,NaN,NaN,NaN,NaN,NaN,NaN,NaN,NaN,NaN,NaN,NaN,NaN,NaN,NaN
27440,27269,ImageProcessor_TPU,frame_processed,0,806,7,0.734577,75,0,NaN,NaN,NaN,NaN,NaN,NaN,NaN,NaN,NaN,NaN,NaN,NaN,NaN,NaN,NaN,NaN,NaN
27447,27276,ImageProcessor_Viz,frame_processed,0,806,7,0.324185,NaN,8,NaN,NaN,NaN,NaN,NaN,NaN,NaN,NaN,NaN,NaN,NaN,NaN,NaN,NaN,NaN,NaN,NaN
27459,27288,InferenceEngine,inference_complete,0,806,NaN,NaN,NaN,0,18.471,32.05,0,0,NaN,NaN,NaN,NaN,NaN,NaN,NaN,NaN,NaN,NaN,NaN,NaN,NaN
27459,27439,Logic,frame_complete,-3955190986414698435,806,7,0.734577,75,0,19,32.05,0,0,0,0,0,0.5,0.5,0,0,0,0,47.4,25.8245,48.5664,0
27471,27300,CameraCapture,frame_captured,0,807,7,0.139623,75,NaN,NaN,NaN,NaN,NaN,NaN,NaN,NaN,NaN,NaN,NaN,NaN,NaN,NaN,NaN,NaN,NaN,NaN
27472,27301,ImageProcessor_TPU,frame_processed,0,807,7,0.717457,75,1,NaN,NaN,NaN,NaN,NaN,NaN,NaN,NaN,NaN,NaN,NaN,NaN,NaN,NaN,NaN,NaN,NaN
27478,27307,ImageProcessor_Viz,frame_processed,0,807,7,0.333815,NaN,7,NaN,NaN,NaN,NaN,NaN,NaN,NaN,NaN,NaN,NaN,NaN,NaN,NaN,NaN,NaN,NaN,NaN
27490,27319,InferenceEngine,inference_complete,0,807,NaN,NaN,NaN,1,18.315,32.05,0,0,NaN,NaN,NaN,NaN,NaN,NaN,NaN,NaN,NaN,NaN,NaN,NaN,NaN
27490,27471,Logic,frame_complete,-3955190986414698435,807,7,0.717457,75,1,18,32.05,0,0,0,0,0,0.5,0.5,0,0,0,0,47.4,25.8245,48.5664,0
27505,27334,CameraCapture,frame_captured,0,808,7,0.158375,75,NaN,NaN,NaN,NaN,NaN,NaN,NaN,NaN,NaN,NaN,NaN,NaN,NaN,NaN,NaN,NaN,NaN,NaN
27506,27335,ImageProcessor_TPU,frame_processed,0,808,7,1.09436,75,0,NaN,NaN,NaN,NaN,NaN,NaN,NaN,NaN,NaN,NaN,NaN,NaN,NaN,NaN,NaN,NaN,NaN
27512,27341,ImageProcessor_Viz,frame_processed,0,808,7,0.3335,NaN,7,NaN,NaN,NaN,NaN,NaN,NaN,NaN,NaN,NaN,NaN,NaN,NaN,NaN,NaN,NaN,NaN,NaN
27525,27354,InferenceEngine,inference_complete,0,808,NaN,NaN,NaN,0,18.885,32.05,0,0,NaN,NaN,NaN,NaN,NaN,NaN,NaN,NaN,NaN,NaN,NaN,NaN,NaN
27525,27505,Logic,frame_complete,-3955190986414698435,808,7,1.09436,75,0,19,32.05,0,0,0,0,0,0.5,0.5,0,0,0,0,47.4,25.8245,48.5664,0
27538,27367,CameraCapture,frame_captured,0,809,7,0.241719,75,NaN,NaN,NaN,NaN,NaN,NaN,NaN,NaN,NaN,NaN,NaN,NaN,NaN,NaN,NaN,NaN,NaN,NaN
27540,27368,ImageProcessor_TPU,frame_processed,0,809,7,1.18778,75,0,NaN,NaN,NaN,NaN,NaN,NaN,NaN,NaN,NaN,NaN,NaN,NaN,NaN,NaN,NaN,NaN,NaN
27548,27377,ImageProcessor_Viz,frame_processed,0,809,7,0.341704,NaN,10,NaN,NaN,NaN,NaN,NaN,NaN,NaN,NaN,NaN,NaN,NaN,NaN,NaN,NaN,NaN,NaN,NaN
27559,27388,InferenceEngine,inference_complete,0,809,NaN,NaN,NaN,0,19.173,32.05,0,0,NaN,NaN,NaN,NaN,NaN,NaN,NaN,NaN,NaN,NaN,NaN,NaN,NaN
27559,27538,Logic,frame_complete,-3955190986414698435,809,7,1.18778,75,0,19,32.05,0,0,0,0,0,0.5,0.5,0,0,0,0,47.4,25.8245,48.5664,0
27571,27400,CameraCapture,frame_captured,0,810,7,0.14147,75,NaN,NaN,NaN,NaN,NaN,NaN,NaN,NaN,NaN,NaN,NaN,NaN,NaN,NaN,NaN,NaN,NaN,NaN
27573,27401,ImageProcessor_TPU,frame_processed,0,810,7,1.06753,75,0,NaN,NaN,NaN,NaN,NaN,NaN,NaN,NaN,NaN,NaN,NaN,NaN,NaN,NaN,NaN,NaN,NaN
27579,27408,ImageProcessor_Viz,frame_processed,0,810,7,0.333704,NaN,7,NaN,NaN,NaN,NaN,NaN,NaN,NaN,NaN,NaN,NaN,NaN,NaN,NaN,NaN,NaN,NaN,NaN
27592,27421,InferenceEngine,inference_complete,0,810,NaN,NaN,NaN,0,19.159,32.05,0,0,NaN,NaN,NaN,NaN,NaN,NaN,NaN,NaN,NaN,NaN,NaN,NaN,NaN
27592,27571,Logic,frame_complete,-3955190986414698435,810,7,1.06753,75,0,19,32.05,0,0,0,0,0,0.5,0.5,0,0,0,0,47.4,25.8245,48.5664,0
27604,27433,CameraCapture,frame_captured,0,811,7,0.144851,75,NaN,NaN,NaN,NaN,NaN,NaN,NaN,NaN,NaN,NaN,NaN,NaN,NaN,NaN,NaN,NaN,NaN,NaN
27605,27434,ImageProcessor_TPU,frame_processed,0,811,7,0.860536,75,0,NaN,NaN,NaN,NaN,NaN,NaN,NaN,NaN,NaN,NaN,NaN,NaN,NaN,NaN,NaN,NaN,NaN
27611,27440,ImageProcessor_Viz,frame_processed,0,811,7,0.333648,NaN,7,NaN,NaN,NaN,NaN,NaN,NaN,NaN,NaN,NaN,NaN,NaN,NaN,NaN,NaN,NaN,NaN,NaN
27625,27453,InferenceEngine,inference_complete,0,811,NaN,NaN,NaN,0,18.978,32.05,0,0,NaN,NaN,NaN,NaN,NaN,NaN,NaN,NaN,NaN,NaN,NaN,NaN,NaN
27625,27604,Logic,frame_complete,-3955190986414698435,811,7,0.860536,75,0,19,32.05,0,0,0,0,0,0.5,0.5,0,0,0,0,47.4,25.8245,48.5664,0
27638,27467,CameraCapture,frame_captured,0,812,7,0.139158,75,NaN,NaN,NaN,NaN,NaN,NaN,NaN,NaN,NaN,NaN,NaN,NaN,NaN,NaN,NaN,NaN,NaN,NaN
27639,27468,ImageProcessor_TPU,frame_processed,0,812,7,0.779621,75,0,NaN,NaN,NaN,NaN,NaN,NaN,NaN,NaN,NaN,NaN,NaN,NaN,NaN,NaN,NaN,NaN,NaN
27646,27474,ImageProcessor_Viz,frame_processed,0,812,7,0.343334,NaN,7,NaN,NaN,NaN,NaN,NaN,NaN,NaN,NaN,NaN,NaN,NaN,NaN,NaN,NaN,NaN,NaN,NaN
27658,27487,InferenceEngine,inference_complete,0,812,NaN,NaN,NaN,0,18.645,32.05,0,0,NaN,NaN,NaN,NaN,NaN,NaN,NaN,NaN,NaN,NaN,NaN,NaN,NaN
27658,27638,Logic,frame_complete,-3955190986414698435,812,7,0.779621,75,0,19,32.05,0,0,0,0,0,0.5,0.5,0,0,0,0,47.4,25.8245,48.5664,0
27672,27500,CameraCapture,frame_captured,0,813,7,0.234613,75,NaN,NaN,NaN,NaN,NaN,NaN,NaN,NaN,NaN,NaN,NaN,NaN,NaN,NaN,NaN,NaN,NaN,NaN
27673,27501,ImageProcessor_TPU,frame_processed,0,813,7,0.86652,75,0,NaN,NaN,NaN,NaN,NaN,NaN,NaN,NaN,NaN,NaN,NaN,NaN,NaN,NaN,NaN,NaN,NaN
27679,27508,ImageProcessor_Viz,frame_processed,0,813,7,0.366759,NaN,7,NaN,NaN,NaN,NaN,NaN,NaN,NaN,NaN,NaN,NaN,NaN,NaN,NaN,NaN,NaN,NaN,NaN
27693,27522,InferenceEngine,inference_complete,0,813,NaN,NaN,NaN,0,19.943,32.05,0,0,NaN,NaN,NaN,NaN,NaN,NaN,NaN,NaN,NaN,NaN,NaN,NaN,NaN
27693,27671,Logic,frame_complete,-3955190986414698435,813,7,0.86652,75,0,20,32.05,0,0,0,0,0,0.5,0.5,0,0,0,0,47.4,25.8245,48.5664,0
27705,27534,CameraCapture,frame_captured,0,814,7,0.153827,75,NaN,NaN,NaN,NaN,NaN,NaN,NaN,NaN,NaN,NaN,NaN,NaN,NaN,NaN,NaN,NaN,NaN,NaN
27706,27534,ImageProcessor_TPU,frame_processed,0,814,7,0.779605,75,0,NaN,NaN,NaN,NaN,NaN,NaN,NaN,NaN,NaN,NaN,NaN,NaN,NaN,NaN,NaN,NaN,NaN
27713,27542,ImageProcessor_Viz,frame_processed,0,814,7,0.338741,NaN,8,NaN,NaN,NaN,NaN,NaN,NaN,NaN,NaN,NaN,NaN,NaN,NaN,NaN,NaN,NaN,NaN,NaN
27725,27554,InferenceEngine,inference_complete,0,814,NaN,NaN,NaN,0,19.042,32.05,0,0,NaN,NaN,NaN,NaN,NaN,NaN,NaN,NaN,NaN,NaN,NaN,NaN,NaN
27725,27705,Logic,frame_complete,-3955190986414698435,814,7,0.779605,75,0,19,32.05,0,0,0,0,0,0.5,0.5,0,0,0,0,47.4,25.8245,48.5664,0
27737,27566,CameraCapture,frame_captured,0,815,7,0.162115,75,NaN,NaN,NaN,NaN,NaN,NaN,NaN,NaN,NaN,NaN,NaN,NaN,NaN,NaN,NaN,NaN,NaN,NaN
27738,27567,ImageProcessor_TPU,frame_processed,0,815,7,0.752763,75,0,NaN,NaN,NaN,NaN,NaN,NaN,NaN,NaN,NaN,NaN,NaN,NaN,NaN,NaN,NaN,NaN,NaN
27745,27574,ImageProcessor_Viz,frame_processed,0,815,7,0.336019,NaN,7,NaN,NaN,NaN,NaN,NaN,NaN,NaN,NaN,NaN,NaN,NaN,NaN,NaN,NaN,NaN,NaN,NaN
27758,27587,InferenceEngine,inference_complete,0,815,NaN,NaN,NaN,0,19.039,32.05,0,0,NaN,NaN,NaN,NaN,NaN,NaN,NaN,NaN,NaN,NaN,NaN,NaN,NaN
27758,27737,Logic,frame_complete,-3955190986414698435,815,7,0.752763,75,0,19,32.05,0,0,0,0,0,0.5,0.5,0,0,0,0,47.4,25.8245,48.5664,0
27771,27600,CameraCapture,frame_captured,0,816,7,0.139774,75,NaN,NaN,NaN,NaN,NaN,NaN,NaN,NaN,NaN,NaN,NaN,NaN,NaN,NaN,NaN,NaN,NaN,NaN
27772,27601,ImageProcessor_TPU,frame_processed,0,816,7,0.7727,75,0,NaN,NaN,NaN,NaN,NaN,NaN,NaN,NaN,NaN,NaN,NaN,NaN,NaN,NaN,NaN,NaN,NaN
27779,27608,ImageProcessor_Viz,frame_processed,0,816,7,0.348352,NaN,7,NaN,NaN,NaN,NaN,NaN,NaN,NaN,NaN,NaN,NaN,NaN,NaN,NaN,NaN,NaN,NaN,NaN
27791,27620,InferenceEngine,inference_complete,0,816,NaN,NaN,NaN,0,18.636,32.05,0,0,NaN,NaN,NaN,NaN,NaN,NaN,NaN,NaN,NaN,NaN,NaN,NaN,NaN
27791,27771,Logic,frame_complete,-3955190986414698435,816,7,0.7727,75,0,19,32.05,0,0,0,0,0,0.5,0.5,0,0,0,0,47.4,25.8245,48.5664,0
27805,27633,CameraCapture,frame_captured,0,817,7,0.141785,75,NaN,NaN,NaN,NaN,NaN,NaN,NaN,NaN,NaN,NaN,NaN,NaN,NaN,NaN,NaN,NaN,NaN,NaN
27806,27635,ImageProcessor_TPU,frame_processed,0,817,7,0.750655,75,1,NaN,NaN,NaN,NaN,NaN,NaN,NaN,NaN,NaN,NaN,NaN,NaN,NaN,NaN,NaN,NaN,NaN
27812,27641,ImageProcessor_Viz,frame_processed,0,817,7,0.347056,NaN,7,NaN,NaN,NaN,NaN,NaN,NaN,NaN,NaN,NaN,NaN,NaN,NaN,NaN,NaN,NaN,NaN,NaN
27825,27654,InferenceEngine,inference_complete,0,817,NaN,NaN,NaN,1,19.3,32.05,0,0,NaN,NaN,NaN,NaN,NaN,NaN,NaN,NaN,NaN,NaN,NaN,NaN,NaN
27825,27804,Logic,frame_complete,-3955190986414698435,817,7,0.750655,75,1,19,32.05,0,0,0,0,0,0.5,0.5,0,0,0,0,47.4,25.8245,48.5664,0
27838,27667,CameraCapture,frame_captured,0,818,7,0.237351,75,NaN,NaN,NaN,NaN,NaN,NaN,NaN,NaN,NaN,NaN,NaN,NaN,NaN,NaN,NaN,NaN,NaN,NaN
27839,27668,ImageProcessor_TPU,frame_processed,0,818,7,0.888018,75,0,NaN,NaN,NaN,NaN,NaN,NaN,NaN,NaN,NaN,NaN,NaN,NaN,NaN,NaN,NaN,NaN,NaN
27846,27674,ImageProcessor_Viz,frame_processed,0,818,7,0.352592,NaN,7,NaN,NaN,NaN,NaN,NaN,NaN,NaN,NaN,NaN,NaN,NaN,NaN,NaN,NaN,NaN,NaN,NaN
27858,27687,InferenceEngine,inference_complete,0,818,NaN,NaN,NaN,0,18.657,32.05,0,0,NaN,NaN,NaN,NaN,NaN,NaN,NaN,NaN,NaN,NaN,NaN,NaN,NaN
27858,27838,Logic,frame_complete,-3955190986414698435,818,7,0.888018,75,0,19,32.05,0,0,0,0,0,0.5,0.5,0,0,0,0,47.4,25.8245,48.5664,0
27871,27699,CameraCapture,frame_captured,0,819,7,0.162824,75,NaN,NaN,NaN,NaN,NaN,NaN,NaN,NaN,NaN,NaN,NaN,NaN,NaN,NaN,NaN,NaN,NaN,NaN
27872,27700,ImageProcessor_TPU,frame_processed,0,819,7,0.724583,75,0,NaN,NaN,NaN,NaN,NaN,NaN,NaN,NaN,NaN,NaN,NaN,NaN,NaN,NaN,NaN,NaN,NaN
27879,27708,ImageProcessor_Viz,frame_processed,0,819,7,0.351908,NaN,8,NaN,NaN,NaN,NaN,NaN,NaN,NaN,NaN,NaN,NaN,NaN,NaN,NaN,NaN,NaN,NaN,NaN
27891,27720,InferenceEngine,inference_complete,0,819,NaN,NaN,NaN,0,19.471,32.05,0,0,NaN,NaN,NaN,NaN,NaN,NaN,NaN,NaN,NaN,NaN,NaN,NaN,NaN
27891,27870,Logic,frame_complete,-3955190986414698435,819,7,0.724583,75,0,19,32.05,0,0,0,0,0,0.5,0.5,0,0,0,0,47.4,25.8245,48.5664,0
27905,27733,CameraCapture,frame_captured,0,820,7,0.138835,75,NaN,NaN,NaN,NaN,NaN,NaN,NaN,NaN,NaN,NaN,NaN,NaN,NaN,NaN,NaN,NaN,NaN,NaN
27906,27734,ImageProcessor_TPU,frame_processed,0,820,7,0.759927,75,0,NaN,NaN,NaN,NaN,NaN,NaN,NaN,NaN,NaN,NaN,NaN,NaN,NaN,NaN,NaN,NaN,NaN
27912,27741,ImageProcessor_Viz,frame_processed,0,820,7,0.365,NaN,7,NaN,NaN,NaN,NaN,NaN,NaN,NaN,NaN,NaN,NaN,NaN,NaN,NaN,NaN,NaN,NaN,NaN
27925,27754,InferenceEngine,inference_complete,0,820,NaN,NaN,NaN,0,19.333,32.05,0,0,NaN,NaN,NaN,NaN,NaN,NaN,NaN,NaN,NaN,NaN,NaN,NaN,NaN
27925,27904,Logic,frame_complete,-3955190986414698435,820,7,0.759927,75,0,19,32.05,0,0,0,0,0,0.5,0.5,0,0,0,0,47.4,25.8245,48.5664,0
27938,27767,CameraCapture,frame_captured,0,821,7,0.141401,75,NaN,NaN,NaN,NaN,NaN,NaN,NaN,NaN,NaN,NaN,NaN,NaN,NaN,NaN,NaN,NaN,NaN,NaN
27939,27768,ImageProcessor_TPU,frame_processed,0,821,7,0.853364,75,1,NaN,NaN,NaN,NaN,NaN,NaN,NaN,NaN,NaN,NaN,NaN,NaN,NaN,NaN,NaN,NaN,NaN
27945,27774,ImageProcessor_Viz,frame_processed,0,821,7,0.33426,NaN,7,NaN,NaN,NaN,NaN,NaN,NaN,NaN,NaN,NaN,NaN,NaN,NaN,NaN,NaN,NaN,NaN,NaN
27958,27787,InferenceEngine,inference_complete,0,821,NaN,NaN,NaN,1,18.503,32.05,0,0,NaN,NaN,NaN,NaN,NaN,NaN,NaN,NaN,NaN,NaN,NaN,NaN,NaN
27958,27938,Logic,frame_complete,-3955190986414698435,821,7,0.853364,75,1,18,32.05,0,0,0,0,0,0.5,0.5,0,0,0,0,47.4,25.8245,48.5664,0
27971,27800,CameraCapture,frame_captured,0,822,7,0.144504,75,NaN,NaN,NaN,NaN,NaN,NaN,NaN,NaN,NaN,NaN,NaN,NaN,NaN,NaN,NaN,NaN,NaN,NaN
27972,27801,ImageProcessor_TPU,frame_processed,0,822,7,0.775152,75,0,NaN,NaN,NaN,NaN,NaN,NaN,NaN,NaN,NaN,NaN,NaN,NaN,NaN,NaN,NaN,NaN,NaN
27979,27808,ImageProcessor_Viz,frame_processed,0,822,7,0.349815,NaN,8,NaN,NaN,NaN,NaN,NaN,NaN,NaN,NaN,NaN,NaN,NaN,NaN,NaN,NaN,NaN,NaN,NaN
27992,27821,InferenceEngine,inference_complete,0,822,NaN,NaN,NaN,0,19.899,32.05,0,0,NaN,NaN,NaN,NaN,NaN,NaN,NaN,NaN,NaN,NaN,NaN,NaN,NaN
27993,27971,Logic,frame_complete,-3955190986414698435,822,7,0.775152,75,0,20,32.05,0,0,0,0,0,0.5,0.5,0,0,0,0,47.4,25.8245,48.5664,0
28004,27833,CameraCapture,frame_captured,0,823,7,0.227477,75,NaN,NaN,NaN,NaN,NaN,NaN,NaN,NaN,NaN,NaN,NaN,NaN,NaN,NaN,NaN,NaN,NaN,NaN
28005,27834,ImageProcessor_TPU,frame_processed,0,823,7,0.906552,75,0,NaN,NaN,NaN,NaN,NaN,NaN,NaN,NaN,NaN,NaN,NaN,NaN,NaN,NaN,NaN,NaN,NaN
28012,27840,ImageProcessor_Viz,frame_processed,0,823,7,0.363574,NaN,7,NaN,NaN,NaN,NaN,NaN,NaN,NaN,NaN,NaN,NaN,NaN,NaN,NaN,NaN,NaN,NaN,NaN
28024,27853,InferenceEngine,inference_complete,0,823,NaN,NaN,NaN,0,18.439,32.05,0,0,NaN,NaN,NaN,NaN,NaN,NaN,NaN,NaN,NaN,NaN,NaN,NaN,NaN
28024,28004,Logic,frame_complete,-3955190986414698435,823,7,0.906552,75,0,18,32.05,0,0,0,0,0,0.5,0.5,0,0,0,0,47.4,25.8245,48.5664,0
28038,27867,CameraCapture,frame_captured,0,824,7,0.140377,75,NaN,NaN,NaN,NaN,NaN,NaN,NaN,NaN,NaN,NaN,NaN,NaN,NaN,NaN,NaN,NaN,NaN,NaN
28039,27868,ImageProcessor_TPU,frame_processed,0,824,7,0.691692,75,1,NaN,NaN,NaN,NaN,NaN,NaN,NaN,NaN,NaN,NaN,NaN,NaN,NaN,NaN,NaN,NaN,NaN
28046,27875,ImageProcessor_Viz,frame_processed,0,824,7,0.333871,NaN,8,NaN,NaN,NaN,NaN,NaN,NaN,NaN,NaN,NaN,NaN,NaN,NaN,NaN,NaN,NaN,NaN,NaN
28058,27886,InferenceEngine,inference_complete,0,824,NaN,NaN,NaN,1,18.52,32.05,0,0,NaN,NaN,NaN,NaN,NaN,NaN,NaN,NaN,NaN,NaN,NaN,NaN,NaN
28058,28038,Logic,frame_complete,-3955190986414698435,824,7,0.691692,75,1,18,32.05,0,0,0,0,0,0.5,0.5,0,0,0,0,47.4,25.8245,48.5664,0
28071,27900,CameraCapture,frame_captured,0,825,7,0.175424,75,NaN,NaN,NaN,NaN,NaN,NaN,NaN,NaN,NaN,NaN,NaN,NaN,NaN,NaN,NaN,NaN,NaN,NaN
28073,27902,ImageProcessor_TPU,frame_processed,0,825,7,1.21281,75,1,NaN,NaN,NaN,NaN,NaN,NaN,NaN,NaN,NaN,NaN,NaN,NaN,NaN,NaN,NaN,NaN,NaN
28079,27908,ImageProcessor_Viz,frame_processed,0,825,7,0.354945,NaN,7,NaN,NaN,NaN,NaN,NaN,NaN,NaN,NaN,NaN,NaN,NaN,NaN,NaN,NaN,NaN,NaN,NaN
28092,27921,InferenceEngine,inference_complete,0,825,NaN,NaN,NaN,1,18.496,32.05,0,0,NaN,NaN,NaN,NaN,NaN,NaN,NaN,NaN,NaN,NaN,NaN,NaN,NaN
28092,28071,Logic,frame_complete,-3955190986414698435,825,7,1.21281,75,1,18,32.05,0,0,0,0,0,0.5,0.5,0,0,0,0,47.4,25.8245,48.5664,0
28104,27933,CameraCapture,frame_captured,0,826,7,0.14212,75,NaN,NaN,NaN,NaN,NaN,NaN,NaN,NaN,NaN,NaN,NaN,NaN,NaN,NaN,NaN,NaN,NaN,NaN
28106,27934,ImageProcessor_TPU,frame_processed,0,826,7,0.752565,75,0,NaN,NaN,NaN,NaN,NaN,NaN,NaN,NaN,NaN,NaN,NaN,NaN,NaN,NaN,NaN,NaN,NaN
28112,27941,ImageProcessor_Viz,frame_processed,0,826,7,0.352982,NaN,7,NaN,NaN,NaN,NaN,NaN,NaN,NaN,NaN,NaN,NaN,NaN,NaN,NaN,NaN,NaN,NaN,NaN
28124,27953,InferenceEngine,inference_complete,0,826,NaN,NaN,NaN,0,18.662,32.05,0,0,NaN,NaN,NaN,NaN,NaN,NaN,NaN,NaN,NaN,NaN,NaN,NaN,NaN
28125,28104,Logic,frame_complete,-3955190986414698435,826,7,0.752565,75,0,18,32.05,0,0,0,0,0,0.5,0.5,0,0,0,0,47.4,25.8245,48.5664,0
28137,27966,CameraCapture,frame_captured,0,827,7,0.149649,75,NaN,NaN,NaN,NaN,NaN,NaN,NaN,NaN,NaN,NaN,NaN,NaN,NaN,NaN,NaN,NaN,NaN,NaN
28138,27967,ImageProcessor_TPU,frame_processed,0,827,7,1.06687,75,0,NaN,NaN,NaN,NaN,NaN,NaN,NaN,NaN,NaN,NaN,NaN,NaN,NaN,NaN,NaN,NaN,NaN
28144,27973,ImageProcessor_Viz,frame_processed,0,827,7,0.336722,NaN,7,NaN,NaN,NaN,NaN,NaN,NaN,NaN,NaN,NaN,NaN,NaN,NaN,NaN,NaN,NaN,NaN,NaN
28157,27986,InferenceEngine,inference_complete,0,827,NaN,NaN,NaN,0,18.627,32.05,0,0,NaN,NaN,NaN,NaN,NaN,NaN,NaN,NaN,NaN,NaN,NaN,NaN,NaN
28157,28137,Logic,frame_complete,-3955190986414698435,827,7,1.06687,75,0,19,32.05,0,0,0,0,0,0.5,0.5,0,0,0,0,47.4,25.8245,48.5664,0
28171,28000,CameraCapture,frame_captured,0,828,7,0.140123,75,NaN,NaN,NaN,NaN,NaN,NaN,NaN,NaN,NaN,NaN,NaN,NaN,NaN,NaN,NaN,NaN,NaN,NaN
28172,28001,ImageProcessor_TPU,frame_processed,0,828,7,0.757104,75,0,NaN,NaN,NaN,NaN,NaN,NaN,NaN,NaN,NaN,NaN,NaN,NaN,NaN,NaN,NaN,NaN,NaN
28179,28007,ImageProcessor_Viz,frame_processed,0,828,7,0.335315,NaN,7,NaN,NaN,NaN,NaN,NaN,NaN,NaN,NaN,NaN,NaN,NaN,NaN,NaN,NaN,NaN,NaN,NaN
28191,28020,InferenceEngine,inference_complete,0,828,NaN,NaN,NaN,0,18.651,32.05,0,0,NaN,NaN,NaN,NaN,NaN,NaN,NaN,NaN,NaN,NaN,NaN,NaN,NaN
28191,28171,Logic,frame_complete,-3955190986414698435,828,7,0.757104,75,0,19,32.05,0,0,0,0,0,0.5,0.5,0,0,0,0,47.4,25.8245,48.5664,0
28204,28033,CameraCapture,frame_captured,0,829,7,0.144744,75,NaN,NaN,NaN,NaN,NaN,NaN,NaN,NaN,NaN,NaN,NaN,NaN,NaN,NaN,NaN,NaN,NaN,NaN
28206,28034,ImageProcessor_TPU,frame_processed,0,829,7,0.768504,75,0,NaN,NaN,NaN,NaN,NaN,NaN,NaN,NaN,NaN,NaN,NaN,NaN,NaN,NaN,NaN,NaN,NaN
28212,28041,ImageProcessor_Viz,frame_processed,0,829,7,0.340574,NaN,7,NaN,NaN,NaN,NaN,NaN,NaN,NaN,NaN,NaN,NaN,NaN,NaN,NaN,NaN,NaN,NaN,NaN
28224,28053,InferenceEngine,inference_complete,0,829,NaN,NaN,NaN,0,18.552,32.05,0,0,NaN,NaN,NaN,NaN,NaN,NaN,NaN,NaN,NaN,NaN,NaN,NaN,NaN
28225,28204,Logic,frame_complete,-3955190986414698435,829,7,0.768504,75,0,18,32.05,0,0,0,0,0,0.5,0.5,0,0,0,0,47.4,25.8245,48.5664,0
28238,28067,CameraCapture,frame_captured,0,830,7,0.14031,75,NaN,NaN,NaN,NaN,NaN,NaN,NaN,NaN,NaN,NaN,NaN,NaN,NaN,NaN,NaN,NaN,NaN,NaN
28239,28068,ImageProcessor_TPU,frame_processed,0,830,7,0.7767,75,1,NaN,NaN,NaN,NaN,NaN,NaN,NaN,NaN,NaN,NaN,NaN,NaN,NaN,NaN,NaN,NaN,NaN
28245,28074,ImageProcessor_Viz,frame_processed,0,830,7,0.343667,NaN,7,NaN,NaN,NaN,NaN,NaN,NaN,NaN,NaN,NaN,NaN,NaN,NaN,NaN,NaN,NaN,NaN,NaN
28258,28087,InferenceEngine,inference_complete,0,830,NaN,NaN,NaN,1,18.679,32.05,0,0,NaN,NaN,NaN,NaN,NaN,NaN,NaN,NaN,NaN,NaN,NaN,NaN,NaN
28258,28238,Logic,frame_complete,-3955190986414698435,830,7,0.7767,75,1,19,32.05,0,0,0,0,0,0.5,0.5,0,0,0,0,47.4,25.8245,48.5664,0
28270,28099,CameraCapture,frame_captured,0,831,7,0.142043,75,NaN,NaN,NaN,NaN,NaN,NaN,NaN,NaN,NaN,NaN,NaN,NaN,NaN,NaN,NaN,NaN,NaN,NaN
28272,28100,ImageProcessor_TPU,frame_processed,0,831,7,0.774377,75,0,NaN,NaN,NaN,NaN,NaN,NaN,NaN,NaN,NaN,NaN,NaN,NaN,NaN,NaN,NaN,NaN,NaN
28278,28107,ImageProcessor_Viz,frame_processed,0,831,7,0.345203,NaN,7,NaN,NaN,NaN,NaN,NaN,NaN,NaN,NaN,NaN,NaN,NaN,NaN,NaN,NaN,NaN,NaN,NaN
28290,28119,InferenceEngine,inference_complete,0,831,NaN,NaN,NaN,0,18.669,32.05,0,0,NaN,NaN,NaN,NaN,NaN,NaN,NaN,NaN,NaN,NaN,NaN,NaN,NaN
28291,28270,Logic,frame_complete,-3955190986414698435,831,7,0.774377,75,0,19,32.05,0,0,0,0,0,0.5,0.5,0,0,0,0,47.4,25.8245,48.5664,0
28304,28133,CameraCapture,frame_captured,0,832,7,0.144702,75,NaN,NaN,NaN,NaN,NaN,NaN,NaN,NaN,NaN,NaN,NaN,NaN,NaN,NaN,NaN,NaN,NaN,NaN
28305,28134,ImageProcessor_TPU,frame_processed,0,832,7,0.773406,75,0,NaN,NaN,NaN,NaN,NaN,NaN,NaN,NaN,NaN,NaN,NaN,NaN,NaN,NaN,NaN,NaN,NaN
28312,28141,ImageProcessor_Viz,frame_processed,0,832,7,0.331833,NaN,8,NaN,NaN,NaN,NaN,NaN,NaN,NaN,NaN,NaN,NaN,NaN,NaN,NaN,NaN,NaN,NaN,NaN
28324,28153,InferenceEngine,inference_complete,0,832,NaN,NaN,NaN,0,18.612,32.05,0,0,NaN,NaN,NaN,NaN,NaN,NaN,NaN,NaN,NaN,NaN,NaN,NaN,NaN
28325,28304,Logic,frame_complete,-3955190986414698435,832,7,0.773406,75,0,19,32.05,0,0,0,0,0,0.5,0.5,0,0,0,0,47.4,25.8245,48.5664,0
28338,28166,CameraCapture,frame_captured,0,833,7,0.143231,75,NaN,NaN,NaN,NaN,NaN,NaN,NaN,NaN,NaN,NaN,NaN,NaN,NaN,NaN,NaN,NaN,NaN,NaN
28339,28168,ImageProcessor_TPU,frame_processed,0,833,7,0.758324,75,1,NaN,NaN,NaN,NaN,NaN,NaN,NaN,NaN,NaN,NaN,NaN,NaN,NaN,NaN,NaN,NaN,NaN
28345,28174,ImageProcessor_Viz,frame_processed,0,833,7,0.335519,NaN,7,NaN,NaN,NaN,NaN,NaN,NaN,NaN,NaN,NaN,NaN,NaN,NaN,NaN,NaN,NaN,NaN,NaN
28357,28186,InferenceEngine,inference_complete,0,833,NaN,NaN,NaN,1,18.411,32.05,0,0,NaN,NaN,NaN,NaN,NaN,NaN,NaN,NaN,NaN,NaN,NaN,NaN,NaN
28357,28337,Logic,frame_complete,-3955190986414698435,833,7,0.758324,75,1,18,32.05,0,0,0,0,0,0.5,0.5,0,0,0,0,47.4,25.8245,48.5664,0
28371,28200,CameraCapture,frame_captured,0,834,7,0.142149,75,NaN,NaN,NaN,NaN,NaN,NaN,NaN,NaN,NaN,NaN,NaN,NaN,NaN,NaN,NaN,NaN,NaN,NaN
28372,28201,ImageProcessor_TPU,frame_processed,0,834,7,0.761334,75,0,NaN,NaN,NaN,NaN,NaN,NaN,NaN,NaN,NaN,NaN,NaN,NaN,NaN,NaN,NaN,NaN,NaN
28379,28207,ImageProcessor_Viz,frame_processed,0,834,7,0.345055,NaN,7,NaN,NaN,NaN,NaN,NaN,NaN,NaN,NaN,NaN,NaN,NaN,NaN,NaN,NaN,NaN,NaN,NaN
28391,28220,InferenceEngine,inference_complete,0,834,NaN,NaN,NaN,0,18.434,32.05,0,0,NaN,NaN,NaN,NaN,NaN,NaN,NaN,NaN,NaN,NaN,NaN,NaN,NaN
28391,28371,Logic,frame_complete,-3955190986414698435,834,7,0.761334,75,0,18,32.05,0,0,0,0,0,0.5,0.5,0,0,0,0,47.4,25.8245,48.5664,0
28404,28232,CameraCapture,frame_captured,0,835,7,0.14077,75,NaN,NaN,NaN,NaN,NaN,NaN,NaN,NaN,NaN,NaN,NaN,NaN,NaN,NaN,NaN,NaN,NaN,NaN
28405,28234,ImageProcessor_TPU,frame_processed,0,835,7,0.760789,75,1,NaN,NaN,NaN,NaN,NaN,NaN,NaN,NaN,NaN,NaN,NaN,NaN,NaN,NaN,NaN,NaN,NaN
28411,28240,ImageProcessor_Viz,frame_processed,0,835,7,0.338649,NaN,7,NaN,NaN,NaN,NaN,NaN,NaN,NaN,NaN,NaN,NaN,NaN,NaN,NaN,NaN,NaN,NaN,NaN
28423,28252,InferenceEngine,inference_complete,0,835,NaN,NaN,NaN,1,18.463,32.05,0,0,NaN,NaN,NaN,NaN,NaN,NaN,NaN,NaN,NaN,NaN,NaN,NaN,NaN
28424,28403,Logic,frame_complete,-3955190986414698435,835,7,0.760789,75,1,18,32.05,0,0,0,0,0,0.5,0.5,0,0,0,0,47.4,25.8245,48.5664,0
28438,28267,CameraCapture,frame_captured,0,836,7,0.145948,75,NaN,NaN,NaN,NaN,NaN,NaN,NaN,NaN,NaN,NaN,NaN,NaN,NaN,NaN,NaN,NaN,NaN,NaN
28439,28268,ImageProcessor_TPU,frame_processed,0,836,7,1.2998,75,0,NaN,NaN,NaN,NaN,NaN,NaN,NaN,NaN,NaN,NaN,NaN,NaN,NaN,NaN,NaN,NaN,NaN
28445,28274,ImageProcessor_Viz,frame_processed,0,836,7,0.336277,NaN,7,NaN,NaN,NaN,NaN,NaN,NaN,NaN,NaN,NaN,NaN,NaN,NaN,NaN,NaN,NaN,NaN,NaN
28458,28287,InferenceEngine,inference_complete,0,836,NaN,NaN,NaN,0,19.031,32.05,0,0,NaN,NaN,NaN,NaN,NaN,NaN,NaN,NaN,NaN,NaN,NaN,NaN,NaN
28459,28437,Logic,frame_complete,-3955190986414698435,836,7,1.2998,75,0,19,32.05,0,0,0,0,0,0.5,0.5,0,0,0,0,47.4,25.8245,48.5664,0
28471,28300,CameraCapture,frame_captured,0,837,7,0.230162,75,NaN,NaN,NaN,NaN,NaN,NaN,NaN,NaN,NaN,NaN,NaN,NaN,NaN,NaN,NaN,NaN,NaN,NaN
28473,28302,ImageProcessor_TPU,frame_processed,0,837,7,1.18325,75,1,NaN,NaN,NaN,NaN,NaN,NaN,NaN,NaN,NaN,NaN,NaN,NaN,NaN,NaN,NaN,NaN,NaN
28479,28307,ImageProcessor_Viz,frame_processed,0,837,7,0.347482,NaN,7,NaN,NaN,NaN,NaN,NaN,NaN,NaN,NaN,NaN,NaN,NaN,NaN,NaN,NaN,NaN,NaN,NaN
28492,28321,InferenceEngine,inference_complete,0,837,NaN,NaN,NaN,1,18.634,32.05,0,0,NaN,NaN,NaN,NaN,NaN,NaN,NaN,NaN,NaN,NaN,NaN,NaN,NaN
28492,28471,Logic,frame_complete,-3955190986414698435,837,7,1.18325,75,1,18,32.05,0,0,0,0,0,0.5,0.5,0,0,0,0,47.4,25.8245,48.5664,0
28504,28333,CameraCapture,frame_captured,0,838,7,0.141135,75,NaN,NaN,NaN,NaN,NaN,NaN,NaN,NaN,NaN,NaN,NaN,NaN,NaN,NaN,NaN,NaN,NaN,NaN
28505,28334,ImageProcessor_TPU,frame_processed,0,838,7,0.868283,75,0,NaN,NaN,NaN,NaN,NaN,NaN,NaN,NaN,NaN,NaN,NaN,NaN,NaN,NaN,NaN,NaN,NaN
28512,28340,ImageProcessor_Viz,frame_processed,0,838,7,0.353352,NaN,7,NaN,NaN,NaN,NaN,NaN,NaN,NaN,NaN,NaN,NaN,NaN,NaN,NaN,NaN,NaN,NaN,NaN
28524,28353,InferenceEngine,inference_complete,0,838,NaN,NaN,NaN,0,18.701,32.05,0,0,NaN,NaN,NaN,NaN,NaN,NaN,NaN,NaN,NaN,NaN,NaN,NaN,NaN
28525,28504,Logic,frame_complete,-3955190986414698435,838,7,0.868283,75,0,19,32.05,0,0,0,0,0,0.5,0.5,0,0,0,0,47.4,25.8245,48.5664,0
28537,28366,CameraCapture,frame_captured,0,839,7,0.230497,75,NaN,NaN,NaN,NaN,NaN,NaN,NaN,NaN,NaN,NaN,NaN,NaN,NaN,NaN,NaN,NaN,NaN,NaN
28539,28367,ImageProcessor_TPU,frame_processed,0,839,7,1.21659,75,0,NaN,NaN,NaN,NaN,NaN,NaN,NaN,NaN,NaN,NaN,NaN,NaN,NaN,NaN,NaN,NaN,NaN
28548,28376,ImageProcessor_Viz,frame_processed,0,839,7,0.349018,NaN,10,NaN,NaN,NaN,NaN,NaN,NaN,NaN,NaN,NaN,NaN,NaN,NaN,NaN,NaN,NaN,NaN,NaN
28557,28386,InferenceEngine,inference_complete,0,839,NaN,NaN,NaN,0,18.751,32.05,0,0,NaN,NaN,NaN,NaN,NaN,NaN,NaN,NaN,NaN,NaN,NaN,NaN,NaN
28558,28537,Logic,frame_complete,-3955190986414698435,839,7,1.21659,75,0,19,32.05,0,0,0,0,0,0.5,0.5,0,0,0,0,47.4,25.8245,48.5664,0
28571,28400,CameraCapture,frame_captured,0,840,7,0.231323,75,NaN,NaN,NaN,NaN,NaN,NaN,NaN,NaN,NaN,NaN,NaN,NaN,NaN,NaN,NaN,NaN,NaN,NaN
28573,28402,ImageProcessor_TPU,frame_processed,0,840,7,0.802489,75,1,NaN,NaN,NaN,NaN,NaN,NaN,NaN,NaN,NaN,NaN,NaN,NaN,NaN,NaN,NaN,NaN,NaN
28579,28408,ImageProcessor_Viz,frame_processed,0,840,7,0.344889,NaN,8,NaN,NaN,NaN,NaN,NaN,NaN,NaN,NaN,NaN,NaN,NaN,NaN,NaN,NaN,NaN,NaN,NaN
28592,28421,InferenceEngine,inference_complete,0,840,NaN,NaN,NaN,1,18.671,32.05,0,0,NaN,NaN,NaN,NaN,NaN,NaN,NaN,NaN,NaN,NaN,NaN,NaN,NaN
28592,28571,Logic,frame_complete,-3955190986414698435,840,7,0.802489,75,1,18,32.05,0,0,0,0,0,0.5,0.5,0,0,0,0,47.4,25.8245,48.5664,0
28604,28433,CameraCapture,frame_captured,0,841,7,0.147444,75,NaN,NaN,NaN,NaN,NaN,NaN,NaN,NaN,NaN,NaN,NaN,NaN,NaN,NaN,NaN,NaN,NaN,NaN
28605,28434,ImageProcessor_TPU,frame_processed,0,841,7,0.744833,75,0,NaN,NaN,NaN,NaN,NaN,NaN,NaN,NaN,NaN,NaN,NaN,NaN,NaN,NaN,NaN,NaN,NaN
28612,28441,ImageProcessor_Viz,frame_processed,0,841,7,0.330593,NaN,8,NaN,NaN,NaN,NaN,NaN,NaN,NaN,NaN,NaN,NaN,NaN,NaN,NaN,NaN,NaN,NaN,NaN
28624,28453,InferenceEngine,inference_complete,0,841,NaN,NaN,NaN,0,18.565,32.05,0,0,NaN,NaN,NaN,NaN,NaN,NaN,NaN,NaN,NaN,NaN,NaN,NaN,NaN
28624,28604,Logic,frame_complete,-3955190986414698435,841,7,0.744833,75,0,19,32.05,0,0,0,0,0,0.5,0.5,0,0,0,0,47.4,25.8245,48.5664,0
28638,28466,CameraCapture,frame_captured,0,842,7,0.139251,75,NaN,NaN,NaN,NaN,NaN,NaN,NaN,NaN,NaN,NaN,NaN,NaN,NaN,NaN,NaN,NaN,NaN,NaN
28639,28468,ImageProcessor_TPU,frame_processed,0,842,7,0.758547,75,1,NaN,NaN,NaN,NaN,NaN,NaN,NaN,NaN,NaN,NaN,NaN,NaN,NaN,NaN,NaN,NaN,NaN
28646,28474,ImageProcessor_Viz,frame_processed,0,842,7,0.338852,NaN,7,NaN,NaN,NaN,NaN,NaN,NaN,NaN,NaN,NaN,NaN,NaN,NaN,NaN,NaN,NaN,NaN,NaN
28658,28487,InferenceEngine,inference_complete,0,842,NaN,NaN,NaN,1,18.85,32.05,0,0,NaN,NaN,NaN,NaN,NaN,NaN,NaN,NaN,NaN,NaN,NaN,NaN,NaN
28658,28637,Logic,frame_complete,-3955190986414698435,842,7,0.758547,75,1,19,32.05,0,0,0,0,0,0.5,0.5,0,0,0,0,47.4,25.8245,48.5664,0
28670,28499,CameraCapture,frame_captured,0,843,7,0.232076,75,NaN,NaN,NaN,NaN,NaN,NaN,NaN,NaN,NaN,NaN,NaN,NaN,NaN,NaN,NaN,NaN,NaN,NaN
28671,28500,ImageProcessor_TPU,frame_processed,0,843,7,0.886928,75,0,NaN,NaN,NaN,NaN,NaN,NaN,NaN,NaN,NaN,NaN,NaN,NaN,NaN,NaN,NaN,NaN,NaN
28678,28507,ImageProcessor_Viz,frame_processed,0,843,7,0.36163,NaN,7,NaN,NaN,NaN,NaN,NaN,NaN,NaN,NaN,NaN,NaN,NaN,NaN,NaN,NaN,NaN,NaN,NaN
28690,28519,InferenceEngine,inference_complete,0,843,NaN,NaN,NaN,0,18.6,32.05,0,0,NaN,NaN,NaN,NaN,NaN,NaN,NaN,NaN,NaN,NaN,NaN,NaN,NaN
28690,28670,Logic,frame_complete,-3955190986414698435,843,7,0.886928,75,0,19,32.05,0,0,0,0,0,0.5,0.5,0,0,0,0,47.4,25.8245,48.5664,0
28704,28533,CameraCapture,frame_captured,0,844,7,0.236809,75,NaN,NaN,NaN,NaN,NaN,NaN,NaN,NaN,NaN,NaN,NaN,NaN,NaN,NaN,NaN,NaN,NaN,NaN
28705,28534,ImageProcessor_TPU,frame_processed,0,844,7,0.986642,75,0,NaN,NaN,NaN,NaN,NaN,NaN,NaN,NaN,NaN,NaN,NaN,NaN,NaN,NaN,NaN,NaN,NaN
28712,28541,ImageProcessor_Viz,frame_processed,0,844,7,0.352463,NaN,8,NaN,NaN,NaN,NaN,NaN,NaN,NaN,NaN,NaN,NaN,NaN,NaN,NaN,NaN,NaN,NaN,NaN
28724,28553,InferenceEngine,inference_complete,0,844,NaN,NaN,NaN,0,18.621,32.05,0,0,NaN,NaN,NaN,NaN,NaN,NaN,NaN,NaN,NaN,NaN,NaN,NaN,NaN
28724,28704,Logic,frame_complete,-3955190986414698435,844,7,0.986642,75,0,19,32.05,0,0,0,0,0,0.5,0.5,0,0,0,0,47.4,25.8245,48.5664,0
28738,28566,CameraCapture,frame_captured,0,845,7,0.229152,75,NaN,NaN,NaN,NaN,NaN,NaN,NaN,NaN,NaN,NaN,NaN,NaN,NaN,NaN,NaN,NaN,NaN,NaN
28739,28568,ImageProcessor_TPU,frame_processed,0,845,7,0.883727,75,1,NaN,NaN,NaN,NaN,NaN,NaN,NaN,NaN,NaN,NaN,NaN,NaN,NaN,NaN,NaN,NaN,NaN
28745,28574,ImageProcessor_Viz,frame_processed,0,845,7,0.34463,NaN,7,NaN,NaN,NaN,NaN,NaN,NaN,NaN,NaN,NaN,NaN,NaN,NaN,NaN,NaN,NaN,NaN,NaN
28758,28586,InferenceEngine,inference_complete,0,845,NaN,NaN,NaN,1,18.753,32.05,0,0,NaN,NaN,NaN,NaN,NaN,NaN,NaN,NaN,NaN,NaN,NaN,NaN,NaN
28758,28737,Logic,frame_complete,-3955190986414698435,845,7,0.883727,75,1,18,32.05,0,0,0,0,0,0.5,0.5,0,0,0,0,47.4,25.8245,48.5664,0
28771,28600,CameraCapture,frame_captured,0,846,7,0.153607,75,NaN,NaN,NaN,NaN,NaN,NaN,NaN,NaN,NaN,NaN,NaN,NaN,NaN,NaN,NaN,NaN,NaN,NaN
28772,28601,ImageProcessor_TPU,frame_processed,0,846,7,0.765404,75,1,NaN,NaN,NaN,NaN,NaN,NaN,NaN,NaN,NaN,NaN,NaN,NaN,NaN,NaN,NaN,NaN,NaN
28778,28607,ImageProcessor_Viz,frame_processed,0,846,7,0.33987,NaN,7,NaN,NaN,NaN,NaN,NaN,NaN,NaN,NaN,NaN,NaN,NaN,NaN,NaN,NaN,NaN,NaN,NaN
28791,28620,InferenceEngine,inference_complete,0,846,NaN,NaN,NaN,1,18.652,32.05,0,0,NaN,NaN,NaN,NaN,NaN,NaN,NaN,NaN,NaN,NaN,NaN,NaN,NaN
28791,28771,Logic,frame_complete,-3955190986414698435,846,7,0.765404,75,1,19,32.05,0,0,0,0,0,0.5,0.5,0,0,0,0,47.4,25.8245,48.5664,0
28804,28632,CameraCapture,frame_captured,0,847,7,0.225117,75,NaN,NaN,NaN,NaN,NaN,NaN,NaN,NaN,NaN,NaN,NaN,NaN,NaN,NaN,NaN,NaN,NaN,NaN
28805,28633,ImageProcessor_TPU,frame_processed,0,847,7,0.874877,75,0,NaN,NaN,NaN,NaN,NaN,NaN,NaN,NaN,NaN,NaN,NaN,NaN,NaN,NaN,NaN,NaN,NaN
28811,28640,ImageProcessor_Viz,frame_processed,0,847,7,0.349833,NaN,7,NaN,NaN,NaN,NaN,NaN,NaN,NaN,NaN,NaN,NaN,NaN,NaN,NaN,NaN,NaN,NaN,NaN
28823,28652,InferenceEngine,inference_complete,0,847,NaN,NaN,NaN,0,18.587,32.05,0,0,NaN,NaN,NaN,NaN,NaN,NaN,NaN,NaN,NaN,NaN,NaN,NaN,NaN
28824,28803,Logic,frame_complete,-3955190986414698435,847,7,0.874877,75,0,18,32.05,0,0,0,0,0,0.5,0.5,0,0,0,0,47.4,25.8245,48.5664,0
28838,28666,CameraCapture,frame_captured,0,848,7,0.223721,75,NaN,NaN,NaN,NaN,NaN,NaN,NaN,NaN,NaN,NaN,NaN,NaN,NaN,NaN,NaN,NaN,NaN,NaN
28839,28668,ImageProcessor_TPU,frame_processed,0,848,7,0.871647,75,1,NaN,NaN,NaN,NaN,NaN,NaN,NaN,NaN,NaN,NaN,NaN,NaN,NaN,NaN,NaN,NaN,NaN
28845,28674,ImageProcessor_Viz,frame_processed,0,848,7,0.342648,NaN,7,NaN,NaN,NaN,NaN,NaN,NaN,NaN,NaN,NaN,NaN,NaN,NaN,NaN,NaN,NaN,NaN,NaN
28858,28686,InferenceEngine,inference_complete,0,848,NaN,NaN,NaN,1,18.593,32.05,0,0,NaN,NaN,NaN,NaN,NaN,NaN,NaN,NaN,NaN,NaN,NaN,NaN,NaN
28858,28837,Logic,frame_complete,-3955190986414698435,848,7,0.871647,75,1,18,32.05,0,0,0,0,0,0.5,0.5,0,0,0,0,47.4,25.8245,48.5664,0
28871,28700,CameraCapture,frame_captured,0,849,7,0.229694,75,NaN,NaN,NaN,NaN,NaN,NaN,NaN,NaN,NaN,NaN,NaN,NaN,NaN,NaN,NaN,NaN,NaN,NaN
28872,28701,ImageProcessor_TPU,frame_processed,0,849,7,0.800713,75,1,NaN,NaN,NaN,NaN,NaN,NaN,NaN,NaN,NaN,NaN,NaN,NaN,NaN,NaN,NaN,NaN,NaN
28879,28708,ImageProcessor_Viz,frame_processed,0,849,7,0.345185,NaN,7,NaN,NaN,NaN,NaN,NaN,NaN,NaN,NaN,NaN,NaN,NaN,NaN,NaN,NaN,NaN,NaN,NaN
28891,28720,InferenceEngine,inference_complete,0,849,NaN,NaN,NaN,1,18.758,32.05,0,0,NaN,NaN,NaN,NaN,NaN,NaN,NaN,NaN,NaN,NaN,NaN,NaN,NaN
28891,28871,Logic,frame_complete,-3955190986414698435,849,7,0.800713,75,1,19,32.05,0,0,0,0,0,0.5,0.5,0,0,0,0,47.4,25.8245,48.5664,0
28904,28733,CameraCapture,frame_captured,0,850,7,0.226038,75,NaN,NaN,NaN,NaN,NaN,NaN,NaN,NaN,NaN,NaN,NaN,NaN,NaN,NaN,NaN,NaN,NaN,NaN
28905,28734,ImageProcessor_TPU,frame_processed,0,850,7,0.959112,75,0,NaN,NaN,NaN,NaN,NaN,NaN,NaN,NaN,NaN,NaN,NaN,NaN,NaN,NaN,NaN,NaN,NaN
28912,28740,ImageProcessor_Viz,frame_processed,0,850,7,0.340944,NaN,7,NaN,NaN,NaN,NaN,NaN,NaN,NaN,NaN,NaN,NaN,NaN,NaN,NaN,NaN,NaN,NaN,NaN
28924,28753,InferenceEngine,inference_complete,0,850,NaN,NaN,NaN,0,18.751,32.05,0,0,NaN,NaN,NaN,NaN,NaN,NaN,NaN,NaN,NaN,NaN,NaN,NaN,NaN
28925,28904,Logic,frame_complete,-3955190986414698435,850,7,0.959112,75,0,19,32.05,0,0,0,0,0,0.5,0.5,0,0,0,0,47.4,25.8245,48.5664,0
28937,28766,CameraCapture,frame_captured,0,851,7,0.148677,75,NaN,NaN,NaN,NaN,NaN,NaN,NaN,NaN,NaN,NaN,NaN,NaN,NaN,NaN,NaN,NaN,NaN,NaN
28938,28767,ImageProcessor_TPU,frame_processed,0,851,7,0.848641,75,1,NaN,NaN,NaN,NaN,NaN,NaN,NaN,NaN,NaN,NaN,NaN,NaN,NaN,NaN,NaN,NaN,NaN
28944,28773,ImageProcessor_Viz,frame_processed,0,851,7,0.334982,NaN,7,NaN,NaN,NaN,NaN,NaN,NaN,NaN,NaN,NaN,NaN,NaN,NaN,NaN,NaN,NaN,NaN,NaN
28957,28785,InferenceEngine,inference_complete,0,851,NaN,NaN,NaN,1,18.492,32.05,0,0,NaN,NaN,NaN,NaN,NaN,NaN,NaN,NaN,NaN,NaN,NaN,NaN,NaN
28957,28937,Logic,frame_complete,-3955190986414698435,851,7,0.848641,75,1,18,32.05,0,0,0,0,0,0.5,0.5,0,0,0,0,47.4,25.8245,48.5664,0
28971,28800,CameraCapture,frame_captured,0,852,7,0.143781,75,NaN,NaN,NaN,NaN,NaN,NaN,NaN,NaN,NaN,NaN,NaN,NaN,NaN,NaN,NaN,NaN,NaN,NaN
28972,28801,ImageProcessor_TPU,frame_processed,0,852,7,0.745596,75,1,NaN,NaN,NaN,NaN,NaN,NaN,NaN,NaN,NaN,NaN,NaN,NaN,NaN,NaN,NaN,NaN,NaN
28978,28807,ImageProcessor_Viz,frame_processed,0,852,7,0.331648,NaN,7,NaN,NaN,NaN,NaN,NaN,NaN,NaN,NaN,NaN,NaN,NaN,NaN,NaN,NaN,NaN,NaN,NaN
28990,28819,InferenceEngine,inference_complete,0,852,NaN,NaN,NaN,1,18.397,32.05,0,0,NaN,NaN,NaN,NaN,NaN,NaN,NaN,NaN,NaN,NaN,NaN,NaN,NaN
28990,28970,Logic,frame_complete,-3955190986414698435,852,7,0.745596,75,1,18,32.05,0,0,0,0,0,0.5,0.5,0,0,0,0,47.4,25.8245,48.5664,0
29004,28833,CameraCapture,frame_captured,0,853,7,0.138365,75,NaN,NaN,NaN,NaN,NaN,NaN,NaN,NaN,NaN,NaN,NaN,NaN,NaN,NaN,NaN,NaN,NaN,NaN
29005,28834,ImageProcessor_TPU,frame_processed,0,853,7,0.71931,75,0,NaN,NaN,NaN,NaN,NaN,NaN,NaN,NaN,NaN,NaN,NaN,NaN,NaN,NaN,NaN,NaN,NaN
29012,28841,ImageProcessor_Viz,frame_processed,0,853,7,0.332167,NaN,7,NaN,NaN,NaN,NaN,NaN,NaN,NaN,NaN,NaN,NaN,NaN,NaN,NaN,NaN,NaN,NaN,NaN
29025,28854,InferenceEngine,inference_complete,0,853,NaN,NaN,NaN,0,19.464,32.05,0,0,NaN,NaN,NaN,NaN,NaN,NaN,NaN,NaN,NaN,NaN,NaN,NaN,NaN
29025,29004,Logic,frame_complete,-3955190986414698435,853,7,0.71931,75,0,20,32.05,0,0,0,0,0,0.5,0.5,0,0,0,0,47.4,25.8245,48.5664,0
29037,28866,CameraCapture,frame_captured,0,854,7,0.141505,75,NaN,NaN,NaN,NaN,NaN,NaN,NaN,NaN,NaN,NaN,NaN,NaN,NaN,NaN,NaN,NaN,NaN,NaN
29039,28867,ImageProcessor_TPU,frame_processed,0,854,7,0.76969,75,0,NaN,NaN,NaN,NaN,NaN,NaN,NaN,NaN,NaN,NaN,NaN,NaN,NaN,NaN,NaN,NaN,NaN
29045,28874,ImageProcessor_Viz,frame_processed,0,854,7,0.334092,NaN,7,NaN,NaN,NaN,NaN,NaN,NaN,NaN,NaN,NaN,NaN,NaN,NaN,NaN,NaN,NaN,NaN,NaN
29058,28887,InferenceEngine,inference_complete,0,854,NaN,NaN,NaN,0,19.453,32.05,0,0,NaN,NaN,NaN,NaN,NaN,NaN,NaN,NaN,NaN,NaN,NaN,NaN,NaN
29058,29037,Logic,frame_complete,-3955190986414698435,854,7,0.76969,75,0,20,32.05,0,0,0,0,0,0.5,0.5,0,0,0,0,47.4,25.8245,48.5664,0
29070,28899,CameraCapture,frame_captured,0,855,7,0.139793,75,NaN,NaN,NaN,NaN,NaN,NaN,NaN,NaN,NaN,NaN,NaN,NaN,NaN,NaN,NaN,NaN,NaN,NaN
29071,28900,ImageProcessor_TPU,frame_processed,0,855,7,0.750478,75,0,NaN,NaN,NaN,NaN,NaN,NaN,NaN,NaN,NaN,NaN,NaN,NaN,NaN,NaN,NaN,NaN,NaN
29078,28906,ImageProcessor_Viz,frame_processed,0,855,7,0.331722,NaN,7,NaN,NaN,NaN,NaN,NaN,NaN,NaN,NaN,NaN,NaN,NaN,NaN,NaN,NaN,NaN,NaN,NaN
29090,28919,InferenceEngine,inference_complete,0,855,NaN,NaN,NaN,0,18.472,32.05,0,0,NaN,NaN,NaN,NaN,NaN,NaN,NaN,NaN,NaN,NaN,NaN,NaN,NaN
29090,29070,Logic,frame_complete,-3955190986414698435,855,7,0.750478,75,0,19,32.05,0,0,0,0,0,0.5,0.5,0,0,0,0,47.4,25.8245,48.5664,0
29104,28933,CameraCapture,frame_captured,0,856,7,0.138618,75,NaN,NaN,NaN,NaN,NaN,NaN,NaN,NaN,NaN,NaN,NaN,NaN,NaN,NaN,NaN,NaN,NaN,NaN
29105,28934,ImageProcessor_TPU,frame_processed,0,856,7,0.722544,75,0,NaN,NaN,NaN,NaN,NaN,NaN,NaN,NaN,NaN,NaN,NaN,NaN,NaN,NaN,NaN,NaN,NaN
29112,28940,ImageProcessor_Viz,frame_processed,0,856,7,0.332315,NaN,7,NaN,NaN,NaN,NaN,NaN,NaN,NaN,NaN,NaN,NaN,NaN,NaN,NaN,NaN,NaN,NaN,NaN
29124,28953,InferenceEngine,inference_complete,0,856,NaN,NaN,NaN,0,18.513,32.05,0,0,NaN,NaN,NaN,NaN,NaN,NaN,NaN,NaN,NaN,NaN,NaN,NaN,NaN
29124,29104,Logic,frame_complete,-3955190986414698435,856,7,0.722544,75,0,19,32.05,0,0,0,0,0,0.5,0.5,0,0,0,0,47.4,25.8245,48.5664,0
29137,28966,CameraCapture,frame_captured,0,857,7,0.147221,75,NaN,NaN,NaN,NaN,NaN,NaN,NaN,NaN,NaN,NaN,NaN,NaN,NaN,NaN,NaN,NaN,NaN,NaN
29138,28967,ImageProcessor_TPU,frame_processed,0,857,7,0.755351,75,0,NaN,NaN,NaN,NaN,NaN,NaN,NaN,NaN,NaN,NaN,NaN,NaN,NaN,NaN,NaN,NaN,NaN
29145,28974,ImageProcessor_Viz,frame_processed,0,857,7,0.332481,NaN,8,NaN,NaN,NaN,NaN,NaN,NaN,NaN,NaN,NaN,NaN,NaN,NaN,NaN,NaN,NaN,NaN,NaN
29157,28986,InferenceEngine,inference_complete,0,857,NaN,NaN,NaN,0,18.675,32.05,0,0,NaN,NaN,NaN,NaN,NaN,NaN,NaN,NaN,NaN,NaN,NaN,NaN,NaN
29157,29137,Logic,frame_complete,-3955190986414698435,857,7,0.755351,75,0,19,32.05,0,0,0,0,0,0.5,0.5,0,0,0,0,47.4,25.8245,48.5664,0
29171,29000,CameraCapture,frame_captured,0,858,7,0.157417,75,NaN,NaN,NaN,NaN,NaN,NaN,NaN,NaN,NaN,NaN,NaN,NaN,NaN,NaN,NaN,NaN,NaN,NaN
29172,29001,ImageProcessor_TPU,frame_processed,0,858,7,0.77851,75,1,NaN,NaN,NaN,NaN,NaN,NaN,NaN,NaN,NaN,NaN,NaN,NaN,NaN,NaN,NaN,NaN,NaN
29178,29007,ImageProcessor_Viz,frame_processed,0,858,7,0.345629,NaN,7,NaN,NaN,NaN,NaN,NaN,NaN,NaN,NaN,NaN,NaN,NaN,NaN,NaN,NaN,NaN,NaN,NaN
29191,29020,InferenceEngine,inference_complete,0,858,NaN,NaN,NaN,1,18.623,32.05,0,0,NaN,NaN,NaN,NaN,NaN,NaN,NaN,NaN,NaN,NaN,NaN,NaN,NaN
29191,29170,Logic,frame_complete,-3955190986414698435,858,7,0.77851,75,1,18,32.05,0,0,0,0,0,0.5,0.5,0,0,0,0,47.4,25.8245,48.5664,0
29203,29032,CameraCapture,frame_captured,0,859,7,0.153872,75,NaN,NaN,NaN,NaN,NaN,NaN,NaN,NaN,NaN,NaN,NaN,NaN,NaN,NaN,NaN,NaN,NaN,NaN
29205,29033,ImageProcessor_TPU,frame_processed,0,859,7,0.799927,75,0,NaN,NaN,NaN,NaN,NaN,NaN,NaN,NaN,NaN,NaN,NaN,NaN,NaN,NaN,NaN,NaN,NaN
29211,29040,ImageProcessor_Viz,frame_processed,0,859,7,0.349389,NaN,7,NaN,NaN,NaN,NaN,NaN,NaN,NaN,NaN,NaN,NaN,NaN,NaN,NaN,NaN,NaN,NaN,NaN
29223,29052,InferenceEngine,inference_complete,0,859,NaN,NaN,NaN,0,18.505,32.05,0,0,NaN,NaN,NaN,NaN,NaN,NaN,NaN,NaN,NaN,NaN,NaN,NaN,NaN
29223,29203,Logic,frame_complete,-3955190986414698435,859,7,0.799927,75,0,18,32.05,0,0,0,0,0,0.5,0.5,0,0,0,0,47.4,25.8245,48.5664,0
29237,29066,CameraCapture,frame_captured,0,860,7,0.137975,75,NaN,NaN,NaN,NaN,NaN,NaN,NaN,NaN,NaN,NaN,NaN,NaN,NaN,NaN,NaN,NaN,NaN,NaN
29238,29067,ImageProcessor_TPU,frame_processed,0,860,7,0.774771,75,0,NaN,NaN,NaN,NaN,NaN,NaN,NaN,NaN,NaN,NaN,NaN,NaN,NaN,NaN,NaN,NaN,NaN
29246,29075,ImageProcessor_Viz,frame_processed,0,860,7,0.337092,NaN,9,NaN,NaN,NaN,NaN,NaN,NaN,NaN,NaN,NaN,NaN,NaN,NaN,NaN,NaN,NaN,NaN,NaN
29258,29086,InferenceEngine,inference_complete,0,860,NaN,NaN,NaN,0,18.787,32.05,0,0,NaN,NaN,NaN,NaN,NaN,NaN,NaN,NaN,NaN,NaN,NaN,NaN,NaN
29258,29237,Logic,frame_complete,-3955190986414698435,860,7,0.774771,75,0,19,32.05,0,0,0,0,0,0.5,0.5,0,0,0,0,47.4,25.8245,48.5664,0
29271,29100,CameraCapture,frame_captured,0,861,7,0.145985,75,NaN,NaN,NaN,NaN,NaN,NaN,NaN,NaN,NaN,NaN,NaN,NaN,NaN,NaN,NaN,NaN,NaN,NaN
29272,29100,ImageProcessor_TPU,frame_processed,0,861,7,0.7063,75,0,NaN,NaN,NaN,NaN,NaN,NaN,NaN,NaN,NaN,NaN,NaN,NaN,NaN,NaN,NaN,NaN,NaN
29279,29107,ImageProcessor_Viz,frame_processed,0,861,7,0.345259,NaN,7,NaN,NaN,NaN,NaN,NaN,NaN,NaN,NaN,NaN,NaN,NaN,NaN,NaN,NaN,NaN,NaN,NaN
29292,29121,InferenceEngine,inference_complete,0,861,NaN,NaN,NaN,0,19.776,32.05,0,0,NaN,NaN,NaN,NaN,NaN,NaN,NaN,NaN,NaN,NaN,NaN,NaN,NaN
29292,29270,Logic,frame_complete,-3955190986414698435,861,7,0.7063,75,0,20,32.05,0,0,0,0,0,0.5,0.5,0,0,0,0,47.4,25.8245,48.5664,0
29304,29133,CameraCapture,frame_captured,0,862,7,0.147347,75,NaN,NaN,NaN,NaN,NaN,NaN,NaN,NaN,NaN,NaN,NaN,NaN,NaN,NaN,NaN,NaN,NaN,NaN
29305,29134,ImageProcessor_TPU,frame_processed,0,862,7,0.772718,75,0,NaN,NaN,NaN,NaN,NaN,NaN,NaN,NaN,NaN,NaN,NaN,NaN,NaN,NaN,NaN,NaN,NaN
29313,29142,ImageProcessor_Viz,frame_processed,0,862,7,0.353259,NaN,9,NaN,NaN,NaN,NaN,NaN,NaN,NaN,NaN,NaN,NaN,NaN,NaN,NaN,NaN,NaN,NaN,NaN
29324,29153,InferenceEngine,inference_complete,0,862,NaN,NaN,NaN,0,19.018,32.05,0,0,NaN,NaN,NaN,NaN,NaN,NaN,NaN,NaN,NaN,NaN,NaN,NaN,NaN
29325,29304,Logic,frame_complete,-3955190986414698435,862,7,0.772718,75,0,19,32.05,0,0,0,0,0,0.5,0.5,0,0,0,0,47.4,25.8245,48.5664,0
29337,29166,CameraCapture,frame_captured,0,863,7,0.238117,75,NaN,NaN,NaN,NaN,NaN,NaN,NaN,NaN,NaN,NaN,NaN,NaN,NaN,NaN,NaN,NaN,NaN,NaN
29338,29167,ImageProcessor_TPU,frame_processed,0,863,7,0.850376,75,1,NaN,NaN,NaN,NaN,NaN,NaN,NaN,NaN,NaN,NaN,NaN,NaN,NaN,NaN,NaN,NaN,NaN
29344,29173,ImageProcessor_Viz,frame_processed,0,863,7,0.333389,NaN,7,NaN,NaN,NaN,NaN,NaN,NaN,NaN,NaN,NaN,NaN,NaN,NaN,NaN,NaN,NaN,NaN,NaN
29356,29185,InferenceEngine,inference_complete,0,863,NaN,NaN,NaN,1,18.462,32.05,0,0,NaN,NaN,NaN,NaN,NaN,NaN,NaN,NaN,NaN,NaN,NaN,NaN,NaN
29356,29337,Logic,frame_complete,-3955190986414698435,863,7,0.850376,75,1,18,32.05,0,0,0,0,0,0.5,0.5,0,0,0,0,47.4,25.8245,48.5664,0
29371,29199,CameraCapture,frame_captured,0,864,7,0.141405,75,NaN,NaN,NaN,NaN,NaN,NaN,NaN,NaN,NaN,NaN,NaN,NaN,NaN,NaN,NaN,NaN,NaN,NaN
29372,29201,ImageProcessor_TPU,frame_processed,0,864,7,0.697868,75,1,NaN,NaN,NaN,NaN,NaN,NaN,NaN,NaN,NaN,NaN,NaN,NaN,NaN,NaN,NaN,NaN,NaN
29379,29208,ImageProcessor_Viz,frame_processed,0,864,7,0.340593,NaN,8,NaN,NaN,NaN,NaN,NaN,NaN,NaN,NaN,NaN,NaN,NaN,NaN,NaN,NaN,NaN,NaN,NaN
29390,29219,InferenceEngine,inference_complete,0,864,NaN,NaN,NaN,1,18.44,32.05,0,0,NaN,NaN,NaN,NaN,NaN,NaN,NaN,NaN,NaN,NaN,NaN,NaN,NaN
29390,29370,Logic,frame_complete,-3955190986414698435,864,7,0.697868,75,1,18,32.05,0,0,0,0,0,0.5,0.5,0,0,0,0,47.4,25.8245,48.5664,0
29405,29234,CameraCapture,frame_captured,0,865,7,0.13986,75,NaN,NaN,NaN,NaN,NaN,NaN,NaN,NaN,NaN,NaN,NaN,NaN,NaN,NaN,NaN,NaN,NaN,NaN
29406,29235,ImageProcessor_TPU,frame_processed,0,865,7,0.752675,75,1,NaN,NaN,NaN,NaN,NaN,NaN,NaN,NaN,NaN,NaN,NaN,NaN,NaN,NaN,NaN,NaN,NaN
29413,29241,ImageProcessor_Viz,frame_processed,0,865,7,0.330001,NaN,7,NaN,NaN,NaN,NaN,NaN,NaN,NaN,NaN,NaN,NaN,NaN,NaN,NaN,NaN,NaN,NaN,NaN
29425,29254,InferenceEngine,inference_complete,0,865,NaN,NaN,NaN,1,18.651,32.05,0,0,NaN,NaN,NaN,NaN,NaN,NaN,NaN,NaN,NaN,NaN,NaN,NaN,NaN
29425,29405,Logic,frame_complete,-3955190986414698435,865,7,0.752675,75,1,18,32.05,0,0,0,0,0,0.5,0.5,0,0,0,0,47.4,25.8245,48.5664,0
29437,29266,CameraCapture,frame_captured,0,866,7,0.143944,75,NaN,NaN,NaN,NaN,NaN,NaN,NaN,NaN,NaN,NaN,NaN,NaN,NaN,NaN,NaN,NaN,NaN,NaN
29439,29268,ImageProcessor_TPU,frame_processed,0,866,7,0.757167,75,1,NaN,NaN,NaN,NaN,NaN,NaN,NaN,NaN,NaN,NaN,NaN,NaN,NaN,NaN,NaN,NaN,NaN
29445,29274,ImageProcessor_Viz,frame_processed,0,866,7,0.331852,NaN,7,NaN,NaN,NaN,NaN,NaN,NaN,NaN,NaN,NaN,NaN,NaN,NaN,NaN,NaN,NaN,NaN,NaN
29459,29287,InferenceEngine,inference_complete,0,866,NaN,NaN,NaN,1,19.403,32.05,0,0,NaN,NaN,NaN,NaN,NaN,NaN,NaN,NaN,NaN,NaN,NaN,NaN,NaN
29459,29437,Logic,frame_complete,-3955190986414698435,866,7,0.757167,75,1,19,32.05,0,0,0,0,0,0.5,0.5,0,0,0,0,47.4,25.8245,48.5664,0
29470,29299,CameraCapture,frame_captured,0,867,7,0.175195,75,NaN,NaN,NaN,NaN,NaN,NaN,NaN,NaN,NaN,NaN,NaN,NaN,NaN,NaN,NaN,NaN,NaN,NaN
29471,29300,ImageProcessor_TPU,frame_processed,0,867,7,0.751918,75,0,NaN,NaN,NaN,NaN,NaN,NaN,NaN,NaN,NaN,NaN,NaN,NaN,NaN,NaN,NaN,NaN,NaN
29478,29306,ImageProcessor_Viz,frame_processed,0,867,7,0.334241,NaN,7,NaN,NaN,NaN,NaN,NaN,NaN,NaN,NaN,NaN,NaN,NaN,NaN,NaN,NaN,NaN,NaN,NaN
29490,29318,InferenceEngine,inference_complete,0,867,NaN,NaN,NaN,0,18.448,32.05,0,0,NaN,NaN,NaN,NaN,NaN,NaN,NaN,NaN,NaN,NaN,NaN,NaN,NaN
29490,29470,Logic,frame_complete,-3955190986414698435,867,7,0.751918,75,0,18,32.05,0,0,0,0,0,0.5,0.5,0,0,0,0,47.4,25.8245,48.5664,0
29504,29333,CameraCapture,frame_captured,0,868,7,0.16265,75,NaN,NaN,NaN,NaN,NaN,NaN,NaN,NaN,NaN,NaN,NaN,NaN,NaN,NaN,NaN,NaN,NaN,NaN
29505,29334,ImageProcessor_TPU,frame_processed,0,868,7,1.10048,75,0,NaN,NaN,NaN,NaN,NaN,NaN,NaN,NaN,NaN,NaN,NaN,NaN,NaN,NaN,NaN,NaN,NaN
29511,29340,ImageProcessor_Viz,frame_processed,0,868,7,0.331871,NaN,7,NaN,NaN,NaN,NaN,NaN,NaN,NaN,NaN,NaN,NaN,NaN,NaN,NaN,NaN,NaN,NaN,NaN
29524,29353,InferenceEngine,inference_complete,0,868,NaN,NaN,NaN,0,18.679,32.05,0,0,NaN,NaN,NaN,NaN,NaN,NaN,NaN,NaN,NaN,NaN,NaN,NaN,NaN
29524,29504,Logic,frame_complete,-3955190986414698435,868,7,1.10048,75,0,19,32.05,0,0,0,0,0,0.5,0.5,0,0,0,0,47.4,25.8245,48.5664,0
29537,29366,CameraCapture,frame_captured,0,869,7,0.148605,75,NaN,NaN,NaN,NaN,NaN,NaN,NaN,NaN,NaN,NaN,NaN,NaN,NaN,NaN,NaN,NaN,NaN,NaN
29539,29367,ImageProcessor_TPU,frame_processed,0,869,7,1.12231,75,0,NaN,NaN,NaN,NaN,NaN,NaN,NaN,NaN,NaN,NaN,NaN,NaN,NaN,NaN,NaN,NaN,NaN
29548,29377,ImageProcessor_Viz,frame_processed,0,869,7,0.333463,NaN,10,NaN,NaN,NaN,NaN,NaN,NaN,NaN,NaN,NaN,NaN,NaN,NaN,NaN,NaN,NaN,NaN,NaN
29558,29387,InferenceEngine,inference_complete,0,869,NaN,NaN,NaN,0,19.214,32.05,0,0,NaN,NaN,NaN,NaN,NaN,NaN,NaN,NaN,NaN,NaN,NaN,NaN,NaN
29558,29537,Logic,frame_complete,-3955190986414698435,869,7,1.12231,75,0,20,32.05,0,0,0,0,0,0.5,0.5,0,0,0,0,47.4,25.8245,48.5664,0
29571,29399,CameraCapture,frame_captured,0,870,7,0.143411,75,NaN,NaN,NaN,NaN,NaN,NaN,NaN,NaN,NaN,NaN,NaN,NaN,NaN,NaN,NaN,NaN,NaN,NaN
29572,29401,ImageProcessor_TPU,frame_processed,0,870,7,0.714152,75,1,NaN,NaN,NaN,NaN,NaN,NaN,NaN,NaN,NaN,NaN,NaN,NaN,NaN,NaN,NaN,NaN,NaN
29578,29407,ImageProcessor_Viz,frame_processed,0,870,7,0.328,NaN,7,NaN,NaN,NaN,NaN,NaN,NaN,NaN,NaN,NaN,NaN,NaN,NaN,NaN,NaN,NaN,NaN,NaN
29591,29420,InferenceEngine,inference_complete,0,870,NaN,NaN,NaN,1,18.661,32.05,0,0,NaN,NaN,NaN,NaN,NaN,NaN,NaN,NaN,NaN,NaN,NaN,NaN,NaN
29591,29570,Logic,frame_complete,-3955190986414698435,870,7,0.714152,75,1,19,32.05,0,0,0,0,0,0.5,0.5,0,0,0,0,47.4,25.8245,48.5664,0
29603,29432,CameraCapture,frame_captured,0,871,7,0.145718,75,NaN,NaN,NaN,NaN,NaN,NaN,NaN,NaN,NaN,NaN,NaN,NaN,NaN,NaN,NaN,NaN,NaN,NaN
29604,29433,ImageProcessor_TPU,frame_processed,0,871,7,0.736329,75,0,NaN,NaN,NaN,NaN,NaN,NaN,NaN,NaN,NaN,NaN,NaN,NaN,NaN,NaN,NaN,NaN,NaN
29611,29440,ImageProcessor_Viz,frame_processed,0,871,7,0.337982,NaN,8,NaN,NaN,NaN,NaN,NaN,NaN,NaN,NaN,NaN,NaN,NaN,NaN,NaN,NaN,NaN,NaN,NaN
29623,29452,InferenceEngine,inference_complete,0,871,NaN,NaN,NaN,0,18.306,32.05,0,0,NaN,NaN,NaN,NaN,NaN,NaN,NaN,NaN,NaN,NaN,NaN,NaN,NaN
29623,29603,Logic,frame_complete,-3955190986414698435,871,7,0.736329,75,0,19,32.05,0,0,0,0,0,0.5,0.5,0,0,0,0,47.4,25.8245,48.5664,0
29637,29466,CameraCapture,frame_captured,0,872,7,0.140895,75,NaN,NaN,NaN,NaN,NaN,NaN,NaN,NaN,NaN,NaN,NaN,NaN,NaN,NaN,NaN,NaN,NaN,NaN
29639,29468,ImageProcessor_TPU,frame_processed,0,872,7,0.697025,75,0,NaN,NaN,NaN,NaN,NaN,NaN,NaN,NaN,NaN,NaN,NaN,NaN,NaN,NaN,NaN,NaN,NaN
29645,29474,ImageProcessor_Viz,frame_processed,0,872,7,0.335574,NaN,8,NaN,NaN,NaN,NaN,NaN,NaN,NaN,NaN,NaN,NaN,NaN,NaN,NaN,NaN,NaN,NaN,NaN
29657,29486,InferenceEngine,inference_complete,0,872,NaN,NaN,NaN,0,18.304,32.05,0,0,NaN,NaN,NaN,NaN,NaN,NaN,NaN,NaN,NaN,NaN,NaN,NaN,NaN
29657,29637,Logic,frame_complete,-3955190986414698435,872,7,0.697025,75,0,18,32.05,0,0,0,0,0,0.5,0.5,0,0,0,0,47.4,25.8245,48.5664,0
29671,29499,CameraCapture,frame_captured,0,873,7,0.14572,75,NaN,NaN,NaN,NaN,NaN,NaN,NaN,NaN,NaN,NaN,NaN,NaN,NaN,NaN,NaN,NaN,NaN,NaN
29672,29500,ImageProcessor_TPU,frame_processed,0,873,7,0.75485,75,0,NaN,NaN,NaN,NaN,NaN,NaN,NaN,NaN,NaN,NaN,NaN,NaN,NaN,NaN,NaN,NaN,NaN
29679,29507,ImageProcessor_Viz,frame_processed,0,873,7,0.336333,NaN,7,NaN,NaN,NaN,NaN,NaN,NaN,NaN,NaN,NaN,NaN,NaN,NaN,NaN,NaN,NaN,NaN,NaN
29690,29519,InferenceEngine,inference_complete,0,873,NaN,NaN,NaN,0,18.408,32.05,0,0,NaN,NaN,NaN,NaN,NaN,NaN,NaN,NaN,NaN,NaN,NaN,NaN,NaN
29690,29670,Logic,frame_complete,-3955190986414698435,873,7,0.75485,75,0,18,32.05,0,0,0,0,0,0.5,0.5,0,0,0,0,47.4,25.8245,48.5664,0
29704,29533,CameraCapture,frame_captured,0,874,7,0.146175,75,NaN,NaN,NaN,NaN,NaN,NaN,NaN,NaN,NaN,NaN,NaN,NaN,NaN,NaN,NaN,NaN,NaN,NaN
29705,29534,ImageProcessor_TPU,frame_processed,0,874,7,0.740878,75,0,NaN,NaN,NaN,NaN,NaN,NaN,NaN,NaN,NaN,NaN,NaN,NaN,NaN,NaN,NaN,NaN,NaN
29712,29541,ImageProcessor_Viz,frame_processed,0,874,7,0.347686,NaN,8,NaN,NaN,NaN,NaN,NaN,NaN,NaN,NaN,NaN,NaN,NaN,NaN,NaN,NaN,NaN,NaN,NaN
29725,29553,InferenceEngine,inference_complete,0,874,NaN,NaN,NaN,0,19.266,32.05,0,0,NaN,NaN,NaN,NaN,NaN,NaN,NaN,NaN,NaN,NaN,NaN,NaN,NaN
29725,29704,Logic,frame_complete,-3955190986414698435,874,7,0.740878,75,0,19,32.05,0,0,0,0,0,0.5,0.5,0,0,0,0,47.4,25.8245,48.5664,0
29737,29565,CameraCapture,frame_captured,0,875,7,0.143277,75,NaN,NaN,NaN,NaN,NaN,NaN,NaN,NaN,NaN,NaN,NaN,NaN,NaN,NaN,NaN,NaN,NaN,NaN
29738,29567,ImageProcessor_TPU,frame_processed,0,875,7,0.85824,75,1,NaN,NaN,NaN,NaN,NaN,NaN,NaN,NaN,NaN,NaN,NaN,NaN,NaN,NaN,NaN,NaN,NaN
29744,29573,ImageProcessor_Viz,frame_processed,0,875,7,0.340463,NaN,7,NaN,NaN,NaN,NaN,NaN,NaN,NaN,NaN,NaN,NaN,NaN,NaN,NaN,NaN,NaN,NaN,NaN
29757,29585,InferenceEngine,inference_complete,0,875,NaN,NaN,NaN,1,18.533,32.05,0,0,NaN,NaN,NaN,NaN,NaN,NaN,NaN,NaN,NaN,NaN,NaN,NaN,NaN
29757,29736,Logic,frame_complete,-3955190986414698435,875,7,0.85824,75,1,18,32.05,0,0,0,0,0,0.5,0.5,0,0,0,0,47.4,25.8245,48.5664,0
29771,29599,CameraCapture,frame_captured,0,876,7,0.24188,75,NaN,NaN,NaN,NaN,NaN,NaN,NaN,NaN,NaN,NaN,NaN,NaN,NaN,NaN,NaN,NaN,NaN,NaN
29772,29601,ImageProcessor_TPU,frame_processed,0,876,7,0.884954,75,1,NaN,NaN,NaN,NaN,NaN,NaN,NaN,NaN,NaN,NaN,NaN,NaN,NaN,NaN,NaN,NaN,NaN
29778,29607,ImageProcessor_Viz,frame_processed,0,876,7,0.351223,NaN,7,NaN,NaN,NaN,NaN,NaN,NaN,NaN,NaN,NaN,NaN,NaN,NaN,NaN,NaN,NaN,NaN,NaN
29791,29619,InferenceEngine,inference_complete,0,876,NaN,NaN,NaN,1,18.488,32.05,0,0,NaN,NaN,NaN,NaN,NaN,NaN,NaN,NaN,NaN,NaN,NaN,NaN,NaN
29791,29770,Logic,frame_complete,-3955190986414698435,876,7,0.884954,75,1,18,32.05,0,0,0,0,0,0.5,0.5,0,0,0,0,47.4,25.8245,48.5664,0
29804,29633,CameraCapture,frame_captured,0,877,7,0.143761,75,NaN,NaN,NaN,NaN,NaN,NaN,NaN,NaN,NaN,NaN,NaN,NaN,NaN,NaN,NaN,NaN,NaN,NaN
29805,29634,ImageProcessor_TPU,frame_processed,0,877,7,0.793446,75,1,NaN,NaN,NaN,NaN,NaN,NaN,NaN,NaN,NaN,NaN,NaN,NaN,NaN,NaN,NaN,NaN,NaN
29811,29640,ImageProcessor_Viz,frame_processed,0,877,7,0.363649,NaN,7,NaN,NaN,NaN,NaN,NaN,NaN,NaN,NaN,NaN,NaN,NaN,NaN,NaN,NaN,NaN,NaN,NaN
29824,29652,InferenceEngine,inference_complete,0,877,NaN,NaN,NaN,1,18.523,32.05,0,0,NaN,NaN,NaN,NaN,NaN,NaN,NaN,NaN,NaN,NaN,NaN,NaN,NaN
29824,29804,Logic,frame_complete,-3955190986414698435,877,7,0.793446,75,1,18,32.05,0,0,0,0,0,0.5,0.5,0,0,0,0,47.4,25.8245,48.5664,0
29837,29666,CameraCapture,frame_captured,0,878,7,0.141197,75,NaN,NaN,NaN,NaN,NaN,NaN,NaN,NaN,NaN,NaN,NaN,NaN,NaN,NaN,NaN,NaN,NaN,NaN
29838,29667,ImageProcessor_TPU,frame_processed,0,878,7,0.709067,75,0,NaN,NaN,NaN,NaN,NaN,NaN,NaN,NaN,NaN,NaN,NaN,NaN,NaN,NaN,NaN,NaN,NaN
29845,29674,ImageProcessor_Viz,frame_processed,0,878,7,0.328408,NaN,8,NaN,NaN,NaN,NaN,NaN,NaN,NaN,NaN,NaN,NaN,NaN,NaN,NaN,NaN,NaN,NaN,NaN
29857,29686,InferenceEngine,inference_complete,0,878,NaN,NaN,NaN,0,18.846,32.05,0,0,NaN,NaN,NaN,NaN,NaN,NaN,NaN,NaN,NaN,NaN,NaN,NaN,NaN
29857,29837,Logic,frame_complete,-3955190986414698435,878,7,0.709067,75,0,19,32.05,0,0,0,0,0,0.5,0.5,0,0,0,0,47.4,25.8245,48.5664,0
29870,29699,CameraCapture,frame_captured,0,879,7,0.143188,75,NaN,NaN,NaN,NaN,NaN,NaN,NaN,NaN,NaN,NaN,NaN,NaN,NaN,NaN,NaN,NaN,NaN,NaN
29871,29699,ImageProcessor_TPU,frame_processed,0,879,7,0.693503,75,0,NaN,NaN,NaN,NaN,NaN,NaN,NaN,NaN,NaN,NaN,NaN,NaN,NaN,NaN,NaN,NaN,NaN
29878,29707,ImageProcessor_Viz,frame_processed,0,879,7,0.335704,NaN,8,NaN,NaN,NaN,NaN,NaN,NaN,NaN,NaN,NaN,NaN,NaN,NaN,NaN,NaN,NaN,NaN,NaN
29889,29718,InferenceEngine,inference_complete,0,879,NaN,NaN,NaN,0,18.585,32.05,0,0,NaN,NaN,NaN,NaN,NaN,NaN,NaN,NaN,NaN,NaN,NaN,NaN,NaN
29889,29870,Logic,frame_complete,-3955190986414698435,879,7,0.693503,75,0,18,32.05,0,0,0,0,0,0.5,0.5,0,0,0,0,47.4,25.8245,48.5664,0
29904,29732,CameraCapture,frame_captured,0,880,7,0.15444,75,NaN,NaN,NaN,NaN,NaN,NaN,NaN,NaN,NaN,NaN,NaN,NaN,NaN,NaN,NaN,NaN,NaN,NaN
29905,29734,ImageProcessor_TPU,frame_processed,0,880,7,0.743569,75,1,NaN,NaN,NaN,NaN,NaN,NaN,NaN,NaN,NaN,NaN,NaN,NaN,NaN,NaN,NaN,NaN,NaN
29911,29740,ImageProcessor_Viz,frame_processed,0,880,7,0.341889,NaN,7,NaN,NaN,NaN,NaN,NaN,NaN,NaN,NaN,NaN,NaN,NaN,NaN,NaN,NaN,NaN,NaN,NaN
29924,29753,InferenceEngine,inference_complete,0,880,NaN,NaN,NaN,1,18.536,32.05,0,0,NaN,NaN,NaN,NaN,NaN,NaN,NaN,NaN,NaN,NaN,NaN,NaN,NaN
29924,29903,Logic,frame_complete,-3955190986414698435,880,7,0.743569,75,1,19,32.05,0,0,0,0,0,0.5,0.5,0,0,0,0,47.4,25.8245,48.5664,0
29937,29766,CameraCapture,frame_captured,0,881,7,0.141172,75,NaN,NaN,NaN,NaN,NaN,NaN,NaN,NaN,NaN,NaN,NaN,NaN,NaN,NaN,NaN,NaN,NaN,NaN
29938,29767,ImageProcessor_TPU,frame_processed,0,881,7,0.741006,75,0,NaN,NaN,NaN,NaN,NaN,NaN,NaN,NaN,NaN,NaN,NaN,NaN,NaN,NaN,NaN,NaN,NaN
29945,29774,ImageProcessor_Viz,frame_processed,0,881,7,0.352889,NaN,8,NaN,NaN,NaN,NaN,NaN,NaN,NaN,NaN,NaN,NaN,NaN,NaN,NaN,NaN,NaN,NaN,NaN
29957,29786,InferenceEngine,inference_complete,0,881,NaN,NaN,NaN,0,18.423,32.05,0,0,NaN,NaN,NaN,NaN,NaN,NaN,NaN,NaN,NaN,NaN,NaN,NaN,NaN
29957,29937,Logic,frame_complete,-3955190986414698435,881,7,0.741006,75,0,18,32.05,0,0,0,0,0,0.5,0.5,0,0,0,0,47.4,25.8245,48.5664,0
29971,29800,CameraCapture,frame_captured,0,882,7,0.141571,75,NaN,NaN,NaN,NaN,NaN,NaN,NaN,NaN,NaN,NaN,NaN,NaN,NaN,NaN,NaN,NaN,NaN,NaN
29974,29803,ImageProcessor_TPU,frame_processed,0,882,7,1.37168,75,2,NaN,NaN,NaN,NaN,NaN,NaN,NaN,NaN,NaN,NaN,NaN,NaN,NaN,NaN,NaN,NaN,NaN
29979,29808,ImageProcessor_Viz,frame_processed,0,882,7,0.334575,NaN,8,NaN,NaN,NaN,NaN,NaN,NaN,NaN,NaN,NaN,NaN,NaN,NaN,NaN,NaN,NaN,NaN,NaN
29993,29822,InferenceEngine,inference_complete,0,882,NaN,NaN,NaN,2,19.086,32.05,0,0,NaN,NaN,NaN,NaN,NaN,NaN,NaN,NaN,NaN,NaN,NaN,NaN,NaN
29993,29971,Logic,frame_complete,-3955190986414698435,882,7,1.37168,75,2,19,32.05,0,0,0,0,0,0.5,0.5,0,0,0,0,47.4,25.8245,48.5664,0
30003,29832,CameraCapture,frame_captured,0,883,7,0.2386,75,NaN,NaN,NaN,NaN,NaN,NaN,NaN,NaN,NaN,NaN,NaN,NaN,NaN,NaN,NaN,NaN,NaN,NaN
30005,29834,ImageProcessor_TPU,frame_processed,0,883,7,1.51201,75,1,NaN,NaN,NaN,NaN,NaN,NaN,NaN,NaN,NaN,NaN,NaN,NaN,NaN,NaN,NaN,NaN,NaN
30011,29839,ImageProcessor_Viz,frame_processed,0,883,7,0.350241,NaN,7,NaN,NaN,NaN,NaN,NaN,NaN,NaN,NaN,NaN,NaN,NaN,NaN,NaN,NaN,NaN,NaN,NaN
30024,29853,InferenceEngine,inference_complete,0,883,NaN,NaN,NaN,1,18.302,32.05,0,0,NaN,NaN,NaN,NaN,NaN,NaN,NaN,NaN,NaN,NaN,NaN,NaN,NaN
30024,30003,Logic,frame_complete,-3955190986414698435,883,7,1.51201,75,1,19,32.05,0,0,0,0,0,0.5,0.5,0,0,0,0,47.4,25.8245,48.5664,0
30037,29866,CameraCapture,frame_captured,0,884,7,0.171573,75,NaN,NaN,NaN,NaN,NaN,NaN,NaN,NaN,NaN,NaN,NaN,NaN,NaN,NaN,NaN,NaN,NaN,NaN
30038,29867,ImageProcessor_TPU,frame_processed,0,884,7,0.78337,75,0,NaN,NaN,NaN,NaN,NaN,NaN,NaN,NaN,NaN,NaN,NaN,NaN,NaN,NaN,NaN,NaN,NaN
30045,29873,ImageProcessor_Viz,frame_processed,0,884,7,0.326,NaN,7,NaN,NaN,NaN,NaN,NaN,NaN,NaN,NaN,NaN,NaN,NaN,NaN,NaN,NaN,NaN,NaN,NaN
30057,29886,InferenceEngine,inference_complete,0,884,NaN,NaN,NaN,0,18.541,32.05,0,0,NaN,NaN,NaN,NaN,NaN,NaN,NaN,NaN,NaN,NaN,NaN,NaN,NaN
30057,30037,Logic,frame_complete,-3955190986414698435,884,7,0.78337,75,0,19,32.05,0,0,0,0,0,0.5,0.5,0,0,0,0,47.4,25.8245,48.5664,0
30070,29899,CameraCapture,frame_captured,0,885,7,0.150824,75,NaN,NaN,NaN,NaN,NaN,NaN,NaN,NaN,NaN,NaN,NaN,NaN,NaN,NaN,NaN,NaN,NaN,NaN
30071,29900,ImageProcessor_TPU,frame_processed,0,885,7,0.764084,75,0,NaN,NaN,NaN,NaN,NaN,NaN,NaN,NaN,NaN,NaN,NaN,NaN,NaN,NaN,NaN,NaN,NaN
30078,29907,ImageProcessor_Viz,frame_processed,0,885,7,0.32726,NaN,7,NaN,NaN,NaN,NaN,NaN,NaN,NaN,NaN,NaN,NaN,NaN,NaN,NaN,NaN,NaN,NaN,NaN
30090,29919,InferenceEngine,inference_complete,0,885,NaN,NaN,NaN,0,18.62,32.05,0,0,NaN,NaN,NaN,NaN,NaN,NaN,NaN,NaN,NaN,NaN,NaN,NaN,NaN
30090,30070,Logic,frame_complete,-3955190986414698435,885,7,0.764084,75,0,19,32.05,0,0,0,0,0,0.5,0.5,0,0,0,0,47.4,25.8245,48.5664,0
30104,29932,CameraCapture,frame_captured,0,886,7,0.144464,75,NaN,NaN,NaN,NaN,NaN,NaN,NaN,NaN,NaN,NaN,NaN,NaN,NaN,NaN,NaN,NaN,NaN,NaN
30105,29934,ImageProcessor_TPU,frame_processed,0,886,7,0.783594,75,1,NaN,NaN,NaN,NaN,NaN,NaN,NaN,NaN,NaN,NaN,NaN,NaN,NaN,NaN,NaN,NaN,NaN
30111,29940,ImageProcessor_Viz,frame_processed,0,886,7,0.335148,NaN,7,NaN,NaN,NaN,NaN,NaN,NaN,NaN,NaN,NaN,NaN,NaN,NaN,NaN,NaN,NaN,NaN,NaN
30123,29952,InferenceEngine,inference_complete,0,886,NaN,NaN,NaN,1,18.497,32.05,0,0,NaN,NaN,NaN,NaN,NaN,NaN,NaN,NaN,NaN,NaN,NaN,NaN,NaN
30123,30103,Logic,frame_complete,-3955190986414698435,886,7,0.783594,75,1,18,32.05,0,0,0,0,0,0.5,0.5,0,0,0,0,47.4,25.8245,48.5664,0
30137,29966,CameraCapture,frame_captured,0,887,7,0.220289,75,NaN,NaN,NaN,NaN,NaN,NaN,NaN,NaN,NaN,NaN,NaN,NaN,NaN,NaN,NaN,NaN,NaN,NaN
30139,29967,ImageProcessor_TPU,frame_processed,0,887,7,0.828512,75,0,NaN,NaN,NaN,NaN,NaN,NaN,NaN,NaN,NaN,NaN,NaN,NaN,NaN,NaN,NaN,NaN,NaN
30145,29974,ImageProcessor_Viz,frame_processed,0,887,7,0.329444,NaN,8,NaN,NaN,NaN,NaN,NaN,NaN,NaN,NaN,NaN,NaN,NaN,NaN,NaN,NaN,NaN,NaN,NaN
30157,29986,InferenceEngine,inference_complete,0,887,NaN,NaN,NaN,0,18.6,32.05,0,0,NaN,NaN,NaN,NaN,NaN,NaN,NaN,NaN,NaN,NaN,NaN,NaN,NaN
30157,30137,Logic,frame_complete,-3955190986414698435,887,7,0.828512,75,0,19,32.05,0,0,0,0,0,0.5,0.5,0,0,0,0,47.4,25.8245,48.5664,0
30170,29999,CameraCapture,frame_captured,0,888,7,0.14167,75,NaN,NaN,NaN,NaN,NaN,NaN,NaN,NaN,NaN,NaN,NaN,NaN,NaN,NaN,NaN,NaN,NaN,NaN
30171,30000,ImageProcessor_TPU,frame_processed,0,888,7,0.690522,75,0,NaN,NaN,NaN,NaN,NaN,NaN,NaN,NaN,NaN,NaN,NaN,NaN,NaN,NaN,NaN,NaN,NaN
30178,30007,ImageProcessor_Viz,frame_processed,0,888,7,0.332963,NaN,7,NaN,NaN,NaN,NaN,NaN,NaN,NaN,NaN,NaN,NaN,NaN,NaN,NaN,NaN,NaN,NaN,NaN
30190,30019,InferenceEngine,inference_complete,0,888,NaN,NaN,NaN,0,18.385,32.05,0,0,NaN,NaN,NaN,NaN,NaN,NaN,NaN,NaN,NaN,NaN,NaN,NaN,NaN
30190,30170,Logic,frame_complete,-3955190986414698435,888,7,0.690522,75,0,19,32.05,0,0,0,0,0,0.5,0.5,0,0,0,0,47.4,25.8245,48.5664,0
30204,30032,CameraCapture,frame_captured,0,889,7,0.181791,75,NaN,NaN,NaN,NaN,NaN,NaN,NaN,NaN,NaN,NaN,NaN,NaN,NaN,NaN,NaN,NaN,NaN,NaN
30204,30033,ImageProcessor_TPU,frame_processed,0,889,7,0.762013,75,0,NaN,NaN,NaN,NaN,NaN,NaN,NaN,NaN,NaN,NaN,NaN,NaN,NaN,NaN,NaN,NaN,NaN
30211,30040,ImageProcessor_Viz,frame_processed,0,889,7,0.333907,NaN,7,NaN,NaN,NaN,NaN,NaN,NaN,NaN,NaN,NaN,NaN,NaN,NaN,NaN,NaN,NaN,NaN,NaN
30225,30054,InferenceEngine,inference_complete,0,889,NaN,NaN,NaN,0,18.677,32.05,0,0,NaN,NaN,NaN,NaN,NaN,NaN,NaN,NaN,NaN,NaN,NaN,NaN,NaN
30225,30203,Logic,frame_complete,-3955190986414698435,889,7,0.762013,75,0,18,32.05,0,0,0,0,0,0.5,0.5,0,0,0,0,47.4,25.8245,48.5664,0
30238,30067,CameraCapture,frame_captured,0,890,7,0.238265,75,NaN,NaN,NaN,NaN,NaN,NaN,NaN,NaN,NaN,NaN,NaN,NaN,NaN,NaN,NaN,NaN,NaN,NaN
30239,30068,ImageProcessor_TPU,frame_processed,0,890,7,0.849413,75,0,NaN,NaN,NaN,NaN,NaN,NaN,NaN,NaN,NaN,NaN,NaN,NaN,NaN,NaN,NaN,NaN,NaN
30246,30075,ImageProcessor_Viz,frame_processed,0,890,7,0.347296,NaN,8,NaN,NaN,NaN,NaN,NaN,NaN,NaN,NaN,NaN,NaN,NaN,NaN,NaN,NaN,NaN,NaN,NaN
30258,30086,InferenceEngine,inference_complete,0,890,NaN,NaN,NaN,0,18.391,32.05,0,0,NaN,NaN,NaN,NaN,NaN,NaN,NaN,NaN,NaN,NaN,NaN,NaN,NaN
30258,30238,Logic,frame_complete,-3955190986414698435,890,7,0.849413,75,0,18,32.05,0,0,0,0,0,0.5,0.5,0,0,0,0,47.4,25.8245,48.5664,0
30270,30098,CameraCapture,frame_captured,0,891,7,0.20933,75,NaN,NaN,NaN,NaN,NaN,NaN,NaN,NaN,NaN,NaN,NaN,NaN,NaN,NaN,NaN,NaN,NaN,NaN
30271,30099,ImageProcessor_TPU,frame_processed,0,891,7,0.781626,75,0,NaN,NaN,NaN,NaN,NaN,NaN,NaN,NaN,NaN,NaN,NaN,NaN,NaN,NaN,NaN,NaN,NaN
30278,30107,ImageProcessor_Viz,frame_processed,0,891,7,0.345092,NaN,8,NaN,NaN,NaN,NaN,NaN,NaN,NaN,NaN,NaN,NaN,NaN,NaN,NaN,NaN,NaN,NaN,NaN
30289,30118,InferenceEngine,inference_complete,0,891,NaN,NaN,NaN,0,18.369,32.05,0,0,NaN,NaN,NaN,NaN,NaN,NaN,NaN,NaN,NaN,NaN,NaN,NaN,NaN
30289,30269,Logic,frame_complete,-3955190986414698435,891,7,0.781626,75,0,19,32.05,0,0,0,0,0,0.5,0.5,0,0,0,0,47.4,25.8245,48.5664,0
30305,30133,CameraCapture,frame_captured,0,892,7,0.228933,75,NaN,NaN,NaN,NaN,NaN,NaN,NaN,NaN,NaN,NaN,NaN,NaN,NaN,NaN,NaN,NaN,NaN,NaN
30306,30135,ImageProcessor_TPU,frame_processed,0,892,7,1.22671,75,1,NaN,NaN,NaN,NaN,NaN,NaN,NaN,NaN,NaN,NaN,NaN,NaN,NaN,NaN,NaN,NaN,NaN
30312,30141,ImageProcessor_Viz,frame_processed,0,892,7,0.360704,NaN,7,NaN,NaN,NaN,NaN,NaN,NaN,NaN,NaN,NaN,NaN,NaN,NaN,NaN,NaN,NaN,NaN,NaN
30325,30154,InferenceEngine,inference_complete,0,892,NaN,NaN,NaN,1,18.407,32.05,0,0,NaN,NaN,NaN,NaN,NaN,NaN,NaN,NaN,NaN,NaN,NaN,NaN,NaN
30325,30304,Logic,frame_complete,-3955190986414698435,892,7,1.22671,75,1,18,32.05,0,0,0,0,0,0.5,0.5,0,0,0,0,47.4,25.8245,48.5664,0
30337,30166,CameraCapture,frame_captured,0,893,7,0.200739,75,NaN,NaN,NaN,NaN,NaN,NaN,NaN,NaN,NaN,NaN,NaN,NaN,NaN,NaN,NaN,NaN,NaN,NaN
30338,30167,ImageProcessor_TPU,frame_processed,0,893,7,0.816684,75,1,NaN,NaN,NaN,NaN,NaN,NaN,NaN,NaN,NaN,NaN,NaN,NaN,NaN,NaN,NaN,NaN,NaN
30345,30173,ImageProcessor_Viz,frame_processed,0,893,7,0.330612,NaN,7,NaN,NaN,NaN,NaN,NaN,NaN,NaN,NaN,NaN,NaN,NaN,NaN,NaN,NaN,NaN,NaN,NaN
30357,30186,InferenceEngine,inference_complete,0,893,NaN,NaN,NaN,1,18.698,32.05,0,0,NaN,NaN,NaN,NaN,NaN,NaN,NaN,NaN,NaN,NaN,NaN,NaN,NaN
30357,30337,Logic,frame_complete,-3955190986414698435,893,7,0.816684,75,1,19,32.05,0,0,0,0,0,0.5,0.5,0,0,0,0,47.4,25.8245,48.5664,0
30370,30199,CameraCapture,frame_captured,0,894,7,0.140601,75,NaN,NaN,NaN,NaN,NaN,NaN,NaN,NaN,NaN,NaN,NaN,NaN,NaN,NaN,NaN,NaN,NaN,NaN
30371,30200,ImageProcessor_TPU,frame_processed,0,894,7,0.70149,75,1,NaN,NaN,NaN,NaN,NaN,NaN,NaN,NaN,NaN,NaN,NaN,NaN,NaN,NaN,NaN,NaN,NaN
30378,30207,ImageProcessor_Viz,frame_processed,0,894,7,0.344278,NaN,7,NaN,NaN,NaN,NaN,NaN,NaN,NaN,NaN,NaN,NaN,NaN,NaN,NaN,NaN,NaN,NaN,NaN
30390,30218,InferenceEngine,inference_complete,0,894,NaN,NaN,NaN,1,18.548,32.05,0,0,NaN,NaN,NaN,NaN,NaN,NaN,NaN,NaN,NaN,NaN,NaN,NaN,NaN
30390,30370,Logic,frame_complete,-3955190986414698435,894,7,0.70149,75,1,18,32.05,0,0,0,0,0,0.5,0.5,0,0,0,0,47.4,25.8245,48.5664,0
30404,30233,CameraCapture,frame_captured,0,895,7,0.228927,75,NaN,NaN,NaN,NaN,NaN,NaN,NaN,NaN,NaN,NaN,NaN,NaN,NaN,NaN,NaN,NaN,NaN,NaN
30405,30234,ImageProcessor_TPU,frame_processed,0,895,7,0.902982,75,1,NaN,NaN,NaN,NaN,NaN,NaN,NaN,NaN,NaN,NaN,NaN,NaN,NaN,NaN,NaN,NaN,NaN
30411,30240,ImageProcessor_Viz,frame_processed,0,895,7,0.359759,NaN,7,NaN,NaN,NaN,NaN,NaN,NaN,NaN,NaN,NaN,NaN,NaN,NaN,NaN,NaN,NaN,NaN,NaN
30424,30253,InferenceEngine,inference_complete,0,895,NaN,NaN,NaN,1,18.64,32.05,0,0,NaN,NaN,NaN,NaN,NaN,NaN,NaN,NaN,NaN,NaN,NaN,NaN,NaN
30424,30404,Logic,frame_complete,-3955190986414698435,895,7,0.902982,75,1,19,32.05,0,0,0,0,0,0.5,0.5,0,0,0,0,47.4,25.8245,48.5664,0
30425,30254,SystemMonitor,system_stats,0,NaN,NaN,NaN,NaN,NaN,NaN,NaN,NaN,NaN,NaN,NaN,NaN,NaN,NaN,NaN,NaN,NaN,NaN,47.95,26.5357,48.5662,0
30438,30267,CameraCapture,frame_captured,0,896,7,0.151622,75,NaN,NaN,NaN,NaN,NaN,NaN,NaN,NaN,NaN,NaN,NaN,NaN,NaN,NaN,NaN,NaN,NaN,NaN
30439,30268,ImageProcessor_TPU,frame_processed,0,896,7,0.861233,75,1,NaN,NaN,NaN,NaN,NaN,NaN,NaN,NaN,NaN,NaN,NaN,NaN,NaN,NaN,NaN,NaN,NaN
30445,30274,ImageProcessor_Viz,frame_processed,0,896,7,0.340463,NaN,7,NaN,NaN,NaN,NaN,NaN,NaN,NaN,NaN,NaN,NaN,NaN,NaN,NaN,NaN,NaN,NaN,NaN
30458,30287,InferenceEngine,inference_complete,0,896,NaN,NaN,NaN,1,18.556,32.05,0,0,NaN,NaN,NaN,NaN,NaN,NaN,NaN,NaN,NaN,NaN,NaN,NaN,NaN
30458,30438,Logic,frame_complete,-3955190986414698435,896,7,0.861233,75,1,18,32.05,0,0,0,0,0,0.5,0.5,0,0,0,0,47.95,26.5357,48.5662,0
30470,30299,CameraCapture,frame_captured,0,897,7,0.169947,75,NaN,NaN,NaN,NaN,NaN,NaN,NaN,NaN,NaN,NaN,NaN,NaN,NaN,NaN,NaN,NaN,NaN,NaN
30471,30300,ImageProcessor_TPU,frame_processed,0,897,7,0.852391,75,0,NaN,NaN,NaN,NaN,NaN,NaN,NaN,NaN,NaN,NaN,NaN,NaN,NaN,NaN,NaN,NaN,NaN
30479,30307,ImageProcessor_Viz,frame_processed,0,897,7,0.449019,NaN,7,NaN,NaN,NaN,NaN,NaN,NaN,NaN,NaN,NaN,NaN,NaN,NaN,NaN,NaN,NaN,NaN,NaN
30490,30319,InferenceEngine,inference_complete,0,897,NaN,NaN,NaN,0,18.582,32.05,0,0,NaN,NaN,NaN,NaN,NaN,NaN,NaN,NaN,NaN,NaN,NaN,NaN,NaN
30490,30470,Logic,frame_complete,-3955190986414698435,897,7,0.852391,75,0,19,32.05,0,0,0,0,0,0.5,0.5,0,0,0,0,47.95,26.5357,48.5662,0
