produced_ts_epoch_ms,module,thread_id,event,call_ts_epoch_ms,camera_frame_id,camera_width,camera_height,camera_exposure_ms,camera_copy_time_ms,tpu_inference_ms,tpu_input_w,tpu_input_h,tpu_temp_c,encoder_encode_ms,encoder_total_encoded_frames,encoder_average_fps,logic_metric_ballistics,logic_metric_hit_scan,logic_metric_servo_actuation,sysmon_cpu_temp_c,sysmon_cpu_usage_percent,sysmon_mem_usage_percent,p50_latency_ms,p95_latency_ms,p99_latency_ms,average_fps,total_frames_processed_or_inferences,average_latency_ms,details
1765570211489,CameraCapture,2932982541295448465,frame_captured_main,1765570211010,0,1536,864,0,-1,-1,-1,-1,-1,-1,-1,-1,-1,-1,-1,-1,-1,-1,-1,-1,-1,-1,-1,-1,
1765570211489,CameraCapture,2932982541295448465,frame_captured_tpu,1765570211010,0,300,300,0,-1,-1,-1,-1,-1,-1,-1,-1,-1,-1,-1,-1,-1,-1,-1,-1,-1,-1,-1,-1,
1765570211522,CameraCapture,2932982541295448465,frame_captured_main,1765570211043,1,1536,864,0,-1,-1,-1,-1,-1,-1,-1,-1,-1,-1,-1,-1,-1,-1,-1,-1,-1,-1,-1,-1,
1765570211522,CameraCapture,2932982541295448465,frame_captured_tpu,1765570211043,1,300,300,0,-1,-1,-1,-1,-1,-1,-1,-1,-1,-1,-1,-1,-1,-1,-1,-1,-1,-1,-1,-1,
1765570211556,CameraCapture,2932982541295448465,frame_captured_main,1765570211075,2,1536,864,0,-1,-1,-1,-1,-1,-1,-1,-1,-1,-1,-1,-1,-1,-1,-1,-1,-1,-1,-1,-1,
1765570211556,CameraCapture,2932982541295448465,frame_captured_tpu,1765570211075,2,300,300,0,-1,-1,-1,-1,-1,-1,-1,-1,-1,-1,-1,-1,-1,-1,-1,-1,-1,-1,-1,-1,
1765570211588,CameraCapture,2932982541295448465,frame_captured_main,1765570211109,3,1536,864,0,-1,-1,-1,-1,-1,-1,-1,-1,-1,-1,-1,-1,-1,-1,-1,-1,-1,-1,-1,-1,
1765570211588,CameraCapture,2932982541295448465,frame_captured_tpu,1765570211109,3,300,300,0,-1,-1,-1,-1,-1,-1,-1,-1,-1,-1,-1,-1,-1,-1,-1,-1,-1,-1,-1,-1,
1765570211623,CameraCapture,2932982541295448465,frame_captured_main,1765570211142,4,1536,864,0,-1,-1,-1,-1,-1,-1,-1,-1,-1,-1,-1,-1,-1,-1,-1,-1,-1,-1,-1,-1,
1765570211623,CameraCapture,2932982541295448465,frame_captured_tpu,1765570211142,4,300,300,0,-1,-1,-1,-1,-1,-1,-1,-1,-1,-1,-1,-1,-1,-1,-1,-1,-1,-1,-1,-1,
1765570211660,CameraCapture,2932982541295448465,frame_captured_main,1765570211182,5,1536,864,39,-1,-1,-1,-1,-1,-1,-1,-1,-1,-1,-1,-1,-1,-1,-1,-1,-1,-1,-1,-1,
1765570211660,CameraCapture,2932982541295448465,frame_captured_tpu,1765570211182,5,300,300,39,-1,-1,-1,-1,-1,-1,-1,-1,-1,-1,-1,-1,-1,-1,-1,-1,-1,-1,-1,-1,
1765570211703,CameraCapture,2932982541295448465,frame_captured_main,1765570211223,6,1536,864,39,-1,-1,-1,-1,-1,-1,-1,-1,-1,-1,-1,-1,-1,-1,-1,-1,-1,-1,-1,-1,
1765570211703,CameraCapture,2932982541295448465,frame_captured_tpu,1765570211223,6,300,300,39,-1,-1,-1,-1,-1,-1,-1,-1,-1,-1,-1,-1,-1,-1,-1,-1,-1,-1,-1,-1,
1765570211741,CameraCapture,2932982541295448465,frame_captured_main,1765570211262,7,1536,864,38,-1,-1,-1,-1,-1,-1,-1,-1,-1,-1,-1,-1,-1,-1,-1,-1,-1,-1,-1,-1,
1765570211741,CameraCapture,2932982541295448465,frame_captured_tpu,1765570211262,7,300,300,38,-1,-1,-1,-1,-1,-1,-1,-1,-1,-1,-1,-1,-1,-1,-1,-1,-1,-1,-1,-1,
1765570211782,CameraCapture,2932982541295448465,frame_captured_main,1765570211301,8,1536,864,38,-1,-1,-1,-1,-1,-1,-1,-1,-1,-1,-1,-1,-1,-1,-1,-1,-1,-1,-1,-1,
1765570211782,CameraCapture,2932982541295448465,frame_captured_tpu,1765570211301,8,300,300,38,-1,-1,-1,-1,-1,-1,-1,-1,-1,-1,-1,-1,-1,-1,-1,-1,-1,-1,-1,-1,
1765570211823,CameraCapture,2932982541295448465,frame_captured_main,1765570211345,9,1536,864,43,-1,-1,-1,-1,-1,-1,-1,-1,-1,-1,-1,-1,-1,-1,-1,-1,-1,-1,-1,-1,
1765570211823,CameraCapture,2932982541295448465,frame_captured_tpu,1765570211345,9,300,300,43,-1,-1,-1,-1,-1,-1,-1,-1,-1,-1,-1,-1,-1,-1,-1,-1,-1,-1,-1,-1,
1765570211868,CameraCapture,2932982541295448465,frame_captured_main,1765570211388,10,1536,864,43,-1,-1,-1,-1,-1,-1,-1,-1,-1,-1,-1,-1,-1,-1,-1,-1,-1,-1,-1,-1,
1765570211868,CameraCapture,2932982541295448465,frame_captured_tpu,1765570211388,10,300,300,43,-1,-1,-1,-1,-1,-1,-1,-1,-1,-1,-1,-1,-1,-1,-1,-1,-1,-1,-1,-1,
1765570211911,CameraCapture,2932982541295448465,frame_captured_main,1765570211432,11,1536,864,43,-1,-1,-1,-1,-1,-1,-1,-1,-1,-1,-1,-1,-1,-1,-1,-1,-1,-1,-1,-1,
1765570211911,CameraCapture,2932982541295448465,frame_captured_tpu,1765570211432,11,300,300,43,-1,-1,-1,-1,-1,-1,-1,-1,-1,-1,-1,-1,-1,-1,-1,-1,-1,-1,-1,-1,
1765570211955,CameraCapture,2932982541295448465,frame_captured_main,1765570211476,12,1536,864,43,-1,-1,-1,-1,-1,-1,-1,-1,-1,-1,-1,-1,-1,-1,-1,-1,-1,-1,-1,-1,
1765570211955,CameraCapture,2932982541295448465,frame_captured_tpu,1765570211476,12,300,300,43,-1,-1,-1,-1,-1,-1,-1,-1,-1,-1,-1,-1,-1,-1,-1,-1,-1,-1,-1,-1,
1765570211997,CameraCapture,2932982541295448465,frame_captured_main,1765570211519,13,1536,864,43,-1,-1,-1,-1,-1,-1,-1,-1,-1,-1,-1,-1,-1,-1,-1,-1,-1,-1,-1,-1,
1765570211997,CameraCapture,2932982541295448465,frame_captured_tpu,1765570211519,13,300,300,43,-1,-1,-1,-1,-1,-1,-1,-1,-1,-1,-1,-1,-1,-1,-1,-1,-1,-1,-1,-1,
1765570212042,CameraCapture,2932982541295448465,frame_captured_main,1765570211563,14,1536,864,43,-1,-1,-1,-1,-1,-1,-1,-1,-1,-1,-1,-1,-1,-1,-1,-1,-1,-1,-1,-1,
1765570212042,CameraCapture,2932982541295448465,frame_captured_tpu,1765570211563,14,300,300,43,-1,-1,-1,-1,-1,-1,-1,-1,-1,-1,-1,-1,-1,-1,-1,-1,-1,-1,-1,-1,
1765570212087,CameraCapture,2932982541295448465,frame_captured_main,1765570211607,15,1536,864,43,-1,-1,-1,-1,-1,-1,-1,-1,-1,-1,-1,-1,-1,-1,-1,-1,-1,-1,-1,-1,
1765570212087,CameraCapture,2932982541295448465,frame_captured_tpu,1765570211607,15,300,300,43,-1,-1,-1,-1,-1,-1,-1,-1,-1,-1,-1,-1,-1,-1,-1,-1,-1,-1,-1,-1,
1765570212130,CameraCapture,2932982541295448465,frame_captured_main,1765570211651,16,1536,864,43,-1,-1,-1,-1,-1,-1,-1,-1,-1,-1,-1,-1,-1,-1,-1,-1,-1,-1,-1,-1,
1765570212130,CameraCapture,2932982541295448465,frame_captured_tpu,1765570211651,16,300,300,43,-1,-1,-1,-1,-1,-1,-1,-1,-1,-1,-1,-1,-1,-1,-1,-1,-1,-1,-1,-1,
1765570212172,CameraCapture,2932982541295448465,frame_captured_main,1765570211694,17,1536,864,43,-1,-1,-1,-1,-1,-1,-1,-1,-1,-1,-1,-1,-1,-1,-1,-1,-1,-1,-1,-1,
1765570212172,CameraCapture,2932982541295448465,frame_captured_tpu,1765570211694,17,300,300,43,-1,-1,-1,-1,-1,-1,-1,-1,-1,-1,-1,-1,-1,-1,-1,-1,-1,-1,-1,-1,
1765570212217,CameraCapture,2932982541295448465,frame_captured_main,1765570211738,18,1536,864,43,-1,-1,-1,-1,-1,-1,-1,-1,-1,-1,-1,-1,-1,-1,-1,-1,-1,-1,-1,-1,
1765570212217,CameraCapture,2932982541295448465,frame_captured_tpu,1765570211738,18,300,300,43,-1,-1,-1,-1,-1,-1,-1,-1,-1,-1,-1,-1,-1,-1,-1,-1,-1,-1,-1,-1,
1765570212261,CameraCapture,2932982541295448465,frame_captured_main,1765570211782,19,1536,864,43,-1,-1,-1,-1,-1,-1,-1,-1,-1,-1,-1,-1,-1,-1,-1,-1,-1,-1,-1,-1,
1765570212261,CameraCapture,2932982541295448465,frame_captured_tpu,1765570211782,19,300,300,43,-1,-1,-1,-1,-1,-1,-1,-1,-1,-1,-1,-1,-1,-1,-1,-1,-1,-1,-1,-1,
1765570212305,CameraCapture,2932982541295448465,frame_captured_main,1765570211826,20,1536,864,43,-1,-1,-1,-1,-1,-1,-1,-1,-1,-1,-1,-1,-1,-1,-1,-1,-1,-1,-1,-1,
1765570212305,CameraCapture,2932982541295448465,frame_captured_tpu,1765570211826,20,300,300,43,-1,-1,-1,-1,-1,-1,-1,-1,-1,-1,-1,-1,-1,-1,-1,-1,-1,-1,-1,-1,
1765570212348,CameraCapture,2932982541295448465,frame_captured_main,1765570211869,21,1536,864,43,-1,-1,-1,-1,-1,-1,-1,-1,-1,-1,-1,-1,-1,-1,-1,-1,-1,-1,-1,-1,
1765570212348,CameraCapture,2932982541295448465,frame_captured_tpu,1765570211869,21,300,300,43,-1,-1,-1,-1,-1,-1,-1,-1,-1,-1,-1,-1,-1,-1,-1,-1,-1,-1,-1,-1,
1765570212392,CameraCapture,2932982541295448465,frame_captured_main,1765570211913,22,1536,864,43,-1,-1,-1,-1,-1,-1,-1,-1,-1,-1,-1,-1,-1,-1,-1,-1,-1,-1,-1,-1,
1765570212392,CameraCapture,2932982541295448465,frame_captured_tpu,1765570211913,22,300,300,43,-1,-1,-1,-1,-1,-1,-1,-1,-1,-1,-1,-1,-1,-1,-1,-1,-1,-1,-1,-1,
1765570212437,CameraCapture,2932982541295448465,frame_captured_main,1765570211957,23,1536,864,43,-1,-1,-1,-1,-1,-1,-1,-1,-1,-1,-1,-1,-1,-1,-1,-1,-1,-1,-1,-1,
1765570212437,CameraCapture,2932982541295448465,frame_captured_tpu,1765570211957,23,300,300,43,-1,-1,-1,-1,-1,-1,-1,-1,-1,-1,-1,-1,-1,-1,-1,-1,-1,-1,-1,-1,
1765570212480,CameraCapture,2932982541295448465,frame_captured_main,1765570212001,24,1536,864,43,-1,-1,-1,-1,-1,-1,-1,-1,-1,-1,-1,-1,-1,-1,-1,-1,-1,-1,-1,-1,
1765570212480,CameraCapture,2932982541295448465,frame_captured_tpu,1765570212001,24,300,300,43,-1,-1,-1,-1,-1,-1,-1,-1,-1,-1,-1,-1,-1,-1,-1,-1,-1,-1,-1,-1,
1765570212522,CameraCapture,2932982541295448465,frame_captured_main,1765570212044,25,1536,864,43,-1,-1,-1,-1,-1,-1,-1,-1,-1,-1,-1,-1,-1,-1,-1,-1,-1,-1,-1,-1,
1765570212522,CameraCapture,2932982541295448465,frame_captured_tpu,1765570212044,25,300,300,43,-1,-1,-1,-1,-1,-1,-1,-1,-1,-1,-1,-1,-1,-1,-1,-1,-1,-1,-1,-1,
1765570212567,CameraCapture,2932982541295448465,frame_captured_main,1765570212087,26,1536,864,43,-1,-1,-1,-1,-1,-1,-1,-1,-1,-1,-1,-1,-1,-1,-1,-1,-1,-1,-1,-1,
1765570212567,CameraCapture,2932982541295448465,frame_captured_tpu,1765570212087,26,300,300,43,-1,-1,-1,-1,-1,-1,-1,-1,-1,-1,-1,-1,-1,-1,-1,-1,-1,-1,-1,-1,
1765570212733,CameraCapture,2932982541295448465,frame_captured_main,1765570212131,27,1536,864,43,-1,-1,-1,-1,-1,-1,-1,-1,-1,-1,-1,-1,-1,-1,-1,-1,-1,-1,-1,-1,
1765570212733,CameraCapture,2932982541295448465,frame_captured_tpu,1765570212131,27,300,300,43,-1,-1,-1,-1,-1,-1,-1,-1,-1,-1,-1,-1,-1,-1,-1,-1,-1,-1,-1,-1,
1765570212735,CameraCapture,2932982541295448465,frame_captured_main,1765570212175,28,1536,864,43,-1,-1,-1,-1,-1,-1,-1,-1,-1,-1,-1,-1,-1,-1,-1,-1,-1,-1,-1,-1,
1765570212735,CameraCapture,2932982541295448465,frame_captured_tpu,1765570212175,28,300,300,43,-1,-1,-1,-1,-1,-1,-1,-1,-1,-1,-1,-1,-1,-1,-1,-1,-1,-1,-1,-1,
1765570212737,CameraCapture,2932982541295448465,frame_captured_main,1765570212219,29,1536,864,43,-1,-1,-1,-1,-1,-1,-1,-1,-1,-1,-1,-1,-1,-1,-1,-1,-1,-1,-1,-1,
1765570212737,CameraCapture,2932982541295448465,frame_captured_tpu,1765570212219,29,300,300,43,-1,-1,-1,-1,-1,-1,-1,-1,-1,-1,-1,-1,-1,-1,-1,-1,-1,-1,-1,-1,
1765570212746,CameraCapture,2932982541295448465,frame_captured_main,1765570212262,30,1536,864,43,-1,-1,-1,-1,-1,-1,-1,-1,-1,-1,-1,-1,-1,-1,-1,-1,-1,-1,-1,-1,
1765570212746,CameraCapture,2932982541295448465,frame_captured_tpu,1765570212262,30,300,300,43,-1,-1,-1,-1,-1,-1,-1,-1,-1,-1,-1,-1,-1,-1,-1,-1,-1,-1,-1,-1,
1765570212786,CameraCapture,2932982541295448465,frame_captured_main,1765570212306,31,1536,864,43,-1,-1,-1,-1,-1,-1,-1,-1,-1,-1,-1,-1,-1,-1,-1,-1,-1,-1,-1,-1,
1765570212786,CameraCapture,2932982541295448465,frame_captured_tpu,1765570212306,31,300,300,43,-1,-1,-1,-1,-1,-1,-1,-1,-1,-1,-1,-1,-1,-1,-1,-1,-1,-1,-1,-1,
1765570212831,CameraCapture,2932982541295448465,frame_captured_main,1765570212351,32,1536,864,43,-1,-1,-1,-1,-1,-1,-1,-1,-1,-1,-1,-1,-1,-1,-1,-1,-1,-1,-1,-1,
1765570212831,CameraCapture,2932982541295448465,frame_captured_tpu,1765570212351,32,300,300,43,-1,-1,-1,-1,-1,-1,-1,-1,-1,-1,-1,-1,-1,-1,-1,-1,-1,-1,-1,-1,
1765570212872,CameraCapture,2932982541295448465,frame_captured_main,1765570212394,33,1536,864,43,-1,-1,-1,-1,-1,-1,-1,-1,-1,-1,-1,-1,-1,-1,-1,-1,-1,-1,-1,-1,
1765570212872,CameraCapture,2932982541295448465,frame_captured_tpu,1765570212394,33,300,300,43,-1,-1,-1,-1,-1,-1,-1,-1,-1,-1,-1,-1,-1,-1,-1,-1,-1,-1,-1,-1,
1765570212917,CameraCapture,2932982541295448465,frame_captured_main,1765570212437,34,1536,864,43,-1,-1,-1,-1,-1,-1,-1,-1,-1,-1,-1,-1,-1,-1,-1,-1,-1,-1,-1,-1,
1765570212917,CameraCapture,2932982541295448465,frame_captured_tpu,1765570212437,34,300,300,43,-1,-1,-1,-1,-1,-1,-1,-1,-1,-1,-1,-1,-1,-1,-1,-1,-1,-1,-1,-1,
1765570212961,CameraCapture,2932982541295448465,frame_captured_main,1765570212481,35,1536,864,43,-1,-1,-1,-1,-1,-1,-1,-1,-1,-1,-1,-1,-1,-1,-1,-1,-1,-1,-1,-1,
1765570212961,CameraCapture,2932982541295448465,frame_captured_tpu,1765570212481,35,300,300,43,-1,-1,-1,-1,-1,-1,-1,-1,-1,-1,-1,-1,-1,-1,-1,-1,-1,-1,-1,-1,
1765570213005,CameraCapture,2932982541295448465,frame_captured_main,1765570212526,36,1536,864,43,-1,-1,-1,-1,-1,-1,-1,-1,-1,-1,-1,-1,-1,-1,-1,-1,-1,-1,-1,-1,
1765570213005,CameraCapture,2932982541295448465,frame_captured_tpu,1765570212526,36,300,300,43,-1,-1,-1,-1,-1,-1,-1,-1,-1,-1,-1,-1,-1,-1,-1,-1,-1,-1,-1,-1,
1765570213047,CameraCapture,2932982541295448465,frame_captured_main,1765570212569,37,1536,864,43,-1,-1,-1,-1,-1,-1,-1,-1,-1,-1,-1,-1,-1,-1,-1,-1,-1,-1,-1,-1,
1765570213047,CameraCapture,2932982541295448465,frame_captured_tpu,1765570212569,37,300,300,43,-1,-1,-1,-1,-1,-1,-1,-1,-1,-1,-1,-1,-1,-1,-1,-1,-1,-1,-1,-1,
1765570213092,CameraCapture,2932982541295448465,frame_captured_main,1765570212612,38,1536,864,43,-1,-1,-1,-1,-1,-1,-1,-1,-1,-1,-1,-1,-1,-1,-1,-1,-1,-1,-1,-1,
1765570213092,CameraCapture,2932982541295448465,frame_captured_tpu,1765570212612,38,300,300,43,-1,-1,-1,-1,-1,-1,-1,-1,-1,-1,-1,-1,-1,-1,-1,-1,-1,-1,-1,-1,
1765570213135,CameraCapture,2932982541295448465,frame_captured_main,1765570212656,39,1536,864,43,-1,-1,-1,-1,-1,-1,-1,-1,-1,-1,-1,-1,-1,-1,-1,-1,-1,-1,-1,-1,
1765570213135,CameraCapture,2932982541295448465,frame_captured_tpu,1765570212656,39,300,300,43,-1,-1,-1,-1,-1,-1,-1,-1,-1,-1,-1,-1,-1,-1,-1,-1,-1,-1,-1,-1,
1765570213179,CameraCapture,2932982541295448465,frame_captured_main,1765570212700,40,1536,864,43,-1,-1,-1,-1,-1,-1,-1,-1,-1,-1,-1,-1,-1,-1,-1,-1,-1,-1,-1,-1,
1765570213179,CameraCapture,2932982541295448465,frame_captured_tpu,1765570212700,40,300,300,43,-1,-1,-1,-1,-1,-1,-1,-1,-1,-1,-1,-1,-1,-1,-1,-1,-1,-1,-1,-1,
1765570213222,CameraCapture,2932982541295448465,frame_captured_main,1765570212744,41,1536,864,43,-1,-1,-1,-1,-1,-1,-1,-1,-1,-1,-1,-1,-1,-1,-1,-1,-1,-1,-1,-1,
1765570213222,CameraCapture,2932982541295448465,frame_captured_tpu,1765570212744,41,300,300,43,-1,-1,-1,-1,-1,-1,-1,-1,-1,-1,-1,-1,-1,-1,-1,-1,-1,-1,-1,-1,
1765570213267,CameraCapture,2932982541295448465,frame_captured_main,1765570212787,42,1536,864,43,-1,-1,-1,-1,-1,-1,-1,-1,-1,-1,-1,-1,-1,-1,-1,-1,-1,-1,-1,-1,
1765570213267,CameraCapture,2932982541295448465,frame_captured_tpu,1765570212787,42,300,300,43,-1,-1,-1,-1,-1,-1,-1,-1,-1,-1,-1,-1,-1,-1,-1,-1,-1,-1,-1,-1,
1765570213310,CameraCapture,2932982541295448465,frame_captured_main,1765570212831,43,1536,864,43,-1,-1,-1,-1,-1,-1,-1,-1,-1,-1,-1,-1,-1,-1,-1,-1,-1,-1,-1,-1,
1765570213310,CameraCapture,2932982541295448465,frame_captured_tpu,1765570212831,43,300,300,43,-1,-1,-1,-1,-1,-1,-1,-1,-1,-1,-1,-1,-1,-1,-1,-1,-1,-1,-1,-1,
1765570213354,CameraCapture,2932982541295448465,frame_captured_main,1765570212875,44,1536,864,43,-1,-1,-1,-1,-1,-1,-1,-1,-1,-1,-1,-1,-1,-1,-1,-1,-1,-1,-1,-1,
1765570213354,CameraCapture,2932982541295448465,frame_captured_tpu,1765570212875,44,300,300,43,-1,-1,-1,-1,-1,-1,-1,-1,-1,-1,-1,-1,-1,-1,-1,-1,-1,-1,-1,-1,
1765570213397,CameraCapture,2932982541295448465,frame_captured_main,1765570212919,45,1536,864,43,-1,-1,-1,-1,-1,-1,-1,-1,-1,-1,-1,-1,-1,-1,-1,-1,-1,-1,-1,-1,
1765570213397,CameraCapture,2932982541295448465,frame_captured_tpu,1765570212919,45,300,300,43,-1,-1,-1,-1,-1,-1,-1,-1,-1,-1,-1,-1,-1,-1,-1,-1,-1,-1,-1,-1,
1765570213442,CameraCapture,2932982541295448465,frame_captured_main,1765570212962,46,1536,864,43,-1,-1,-1,-1,-1,-1,-1,-1,-1,-1,-1,-1,-1,-1,-1,-1,-1,-1,-1,-1,
1765570213442,CameraCapture,2932982541295448465,frame_captured_tpu,1765570212962,46,300,300,43,-1,-1,-1,-1,-1,-1,-1,-1,-1,-1,-1,-1,-1,-1,-1,-1,-1,-1,-1,-1,
1765570213485,CameraCapture,2932982541295448465,frame_captured_main,1765570213006,47,1536,864,43,-1,-1,-1,-1,-1,-1,-1,-1,-1,-1,-1,-1,-1,-1,-1,-1,-1,-1,-1,-1,
1765570213485,CameraCapture,2932982541295448465,frame_captured_tpu,1765570213006,47,300,300,43,-1,-1,-1,-1,-1,-1,-1,-1,-1,-1,-1,-1,-1,-1,-1,-1,-1,-1,-1,-1,
1765570213530,CameraCapture,2932982541295448465,frame_captured_main,1765570213051,48,1536,864,43,-1,-1,-1,-1,-1,-1,-1,-1,-1,-1,-1,-1,-1,-1,-1,-1,-1,-1,-1,-1,
1765570213530,CameraCapture,2932982541295448465,frame_captured_tpu,1765570213051,48,300,300,43,-1,-1,-1,-1,-1,-1,-1,-1,-1,-1,-1,-1,-1,-1,-1,-1,-1,-1,-1,-1,
1765570213572,CameraCapture,2932982541295448465,frame_captured_main,1765570213094,49,1536,864,43,-1,-1,-1,-1,-1,-1,-1,-1,-1,-1,-1,-1,-1,-1,-1,-1,-1,-1,-1,-1,
1765570213572,CameraCapture,2932982541295448465,frame_captured_tpu,1765570213094,49,300,300,43,-1,-1,-1,-1,-1,-1,-1,-1,-1,-1,-1,-1,-1,-1,-1,-1,-1,-1,-1,-1,
1765570213617,CameraCapture,2932982541295448465,frame_captured_main,1765570213137,50,1536,864,43,-1,-1,-1,-1,-1,-1,-1,-1,-1,-1,-1,-1,-1,-1,-1,-1,-1,-1,-1,-1,
1765570213617,CameraCapture,2932982541295448465,frame_captured_tpu,1765570213137,50,300,300,43,-1,-1,-1,-1,-1,-1,-1,-1,-1,-1,-1,-1,-1,-1,-1,-1,-1,-1,-1,-1,
1765570213660,CameraCapture,2932982541295448465,frame_captured_main,1765570213181,51,1536,864,43,-1,-1,-1,-1,-1,-1,-1,-1,-1,-1,-1,-1,-1,-1,-1,-1,-1,-1,-1,-1,
1765570213660,CameraCapture,2932982541295448465,frame_captured_tpu,1765570213181,51,300,300,43,-1,-1,-1,-1,-1,-1,-1,-1,-1,-1,-1,-1,-1,-1,-1,-1,-1,-1,-1,-1,
1765570213704,CameraCapture,2932982541295448465,frame_captured_main,1765570213225,52,1536,864,43,-1,-1,-1,-1,-1,-1,-1,-1,-1,-1,-1,-1,-1,-1,-1,-1,-1,-1,-1,-1,
1765570213704,CameraCapture,2932982541295448465,frame_captured_tpu,1765570213225,52,300,300,43,-1,-1,-1,-1,-1,-1,-1,-1,-1,-1,-1,-1,-1,-1,-1,-1,-1,-1,-1,-1,
1765570213747,CameraCapture,2932982541295448465,frame_captured_main,1765570213269,53,1536,864,43,-1,-1,-1,-1,-1,-1,-1,-1,-1,-1,-1,-1,-1,-1,-1,-1,-1,-1,-1,-1,
1765570213747,CameraCapture,2932982541295448465,frame_captured_tpu,1765570213269,53,300,300,43,-1,-1,-1,-1,-1,-1,-1,-1,-1,-1,-1,-1,-1,-1,-1,-1,-1,-1,-1,-1,
1765570213792,CameraCapture,2932982541295448465,frame_captured_main,1765570213312,54,1536,864,43,-1,-1,-1,-1,-1,-1,-1,-1,-1,-1,-1,-1,-1,-1,-1,-1,-1,-1,-1,-1,
1765570213792,CameraCapture,2932982541295448465,frame_captured_tpu,1765570213312,54,300,300,43,-1,-1,-1,-1,-1,-1,-1,-1,-1,-1,-1,-1,-1,-1,-1,-1,-1,-1,-1,-1,
1765570213835,CameraCapture,2932982541295448465,frame_captured_main,1765570213356,55,1536,864,43,-1,-1,-1,-1,-1,-1,-1,-1,-1,-1,-1,-1,-1,-1,-1,-1,-1,-1,-1,-1,
1765570213835,CameraCapture,2932982541295448465,frame_captured_tpu,1765570213356,55,300,300,43,-1,-1,-1,-1,-1,-1,-1,-1,-1,-1,-1,-1,-1,-1,-1,-1,-1,-1,-1,-1,
1765570213879,CameraCapture,2932982541295448465,frame_captured_main,1765570213400,56,1536,864,43,-1,-1,-1,-1,-1,-1,-1,-1,-1,-1,-1,-1,-1,-1,-1,-1,-1,-1,-1,-1,
1765570213879,CameraCapture,2932982541295448465,frame_captured_tpu,1765570213400,56,300,300,43,-1,-1,-1,-1,-1,-1,-1,-1,-1,-1,-1,-1,-1,-1,-1,-1,-1,-1,-1,-1,
1765570213922,CameraCapture,2932982541295448465,frame_captured_main,1765570213444,57,1536,864,43,-1,-1,-1,-1,-1,-1,-1,-1,-1,-1,-1,-1,-1,-1,-1,-1,-1,-1,-1,-1,
1765570213922,CameraCapture,2932982541295448465,frame_captured_tpu,1765570213444,57,300,300,43,-1,-1,-1,-1,-1,-1,-1,-1,-1,-1,-1,-1,-1,-1,-1,-1,-1,-1,-1,-1,
1765570213967,CameraCapture,2932982541295448465,frame_captured_main,1765570213487,58,1536,864,43,-1,-1,-1,-1,-1,-1,-1,-1,-1,-1,-1,-1,-1,-1,-1,-1,-1,-1,-1,-1,
1765570213967,CameraCapture,2932982541295448465,frame_captured_tpu,1765570213487,58,300,300,43,-1,-1,-1,-1,-1,-1,-1,-1,-1,-1,-1,-1,-1,-1,-1,-1,-1,-1,-1,-1,
1765570214010,CameraCapture,2932982541295448465,frame_captured_main,1765570213531,59,1536,864,43,-1,-1,-1,-1,-1,-1,-1,-1,-1,-1,-1,-1,-1,-1,-1,-1,-1,-1,-1,-1,
1765570214010,CameraCapture,2932982541295448465,frame_captured_tpu,1765570213531,59,300,300,43,-1,-1,-1,-1,-1,-1,-1,-1,-1,-1,-1,-1,-1,-1,-1,-1,-1,-1,-1,-1,
1765570214055,CameraCapture,2932982541295448465,frame_captured_main,1765570213575,60,1536,864,43,-1,-1,-1,-1,-1,-1,-1,-1,-1,-1,-1,-1,-1,-1,-1,-1,-1,-1,-1,-1,
1765570214055,CameraCapture,2932982541295448465,frame_captured_tpu,1765570213575,60,300,300,43,-1,-1,-1,-1,-1,-1,-1,-1,-1,-1,-1,-1,-1,-1,-1,-1,-1,-1,-1,-1,
1765570214097,CameraCapture,2932982541295448465,frame_captured_main,1765570213618,61,1536,864,43,-1,-1,-1,-1,-1,-1,-1,-1,-1,-1,-1,-1,-1,-1,-1,-1,-1,-1,-1,-1,
1765570214097,CameraCapture,2932982541295448465,frame_captured_tpu,1765570213618,61,300,300,43,-1,-1,-1,-1,-1,-1,-1,-1,-1,-1,-1,-1,-1,-1,-1,-1,-1,-1,-1,-1,
1765570214142,CameraCapture,2932982541295448465,frame_captured_main,1765570213662,62,1536,864,43,-1,-1,-1,-1,-1,-1,-1,-1,-1,-1,-1,-1,-1,-1,-1,-1,-1,-1,-1,-1,
1765570214142,CameraCapture,2932982541295448465,frame_captured_tpu,1765570213662,62,300,300,43,-1,-1,-1,-1,-1,-1,-1,-1,-1,-1,-1,-1,-1,-1,-1,-1,-1,-1,-1,-1,
1765570214185,CameraCapture,2932982541295448465,frame_captured_main,1765570213706,63,1536,864,43,-1,-1,-1,-1,-1,-1,-1,-1,-1,-1,-1,-1,-1,-1,-1,-1,-1,-1,-1,-1,
1765570214185,CameraCapture,2932982541295448465,frame_captured_tpu,1765570213706,63,300,300,43,-1,-1,-1,-1,-1,-1,-1,-1,-1,-1,-1,-1,-1,-1,-1,-1,-1,-1,-1,-1,
1765570214229,CameraCapture,2932982541295448465,frame_captured_main,1765570213750,64,1536,864,43,-1,-1,-1,-1,-1,-1,-1,-1,-1,-1,-1,-1,-1,-1,-1,-1,-1,-1,-1,-1,
1765570214229,CameraCapture,2932982541295448465,frame_captured_tpu,1765570213750,64,300,300,43,-1,-1,-1,-1,-1,-1,-1,-1,-1,-1,-1,-1,-1,-1,-1,-1,-1,-1,-1,-1,
1765570214272,CameraCapture,2932982541295448465,frame_captured_main,1765570213793,65,1536,864,43,-1,-1,-1,-1,-1,-1,-1,-1,-1,-1,-1,-1,-1,-1,-1,-1,-1,-1,-1,-1,
1765570214272,CameraCapture,2932982541295448465,frame_captured_tpu,1765570213793,65,300,300,43,-1,-1,-1,-1,-1,-1,-1,-1,-1,-1,-1,-1,-1,-1,-1,-1,-1,-1,-1,-1,
1765570214317,CameraCapture,2932982541295448465,frame_captured_main,1765570213837,66,1536,864,43,-1,-1,-1,-1,-1,-1,-1,-1,-1,-1,-1,-1,-1,-1,-1,-1,-1,-1,-1,-1,
1765570214317,CameraCapture,2932982541295448465,frame_captured_tpu,1765570213837,66,300,300,43,-1,-1,-1,-1,-1,-1,-1,-1,-1,-1,-1,-1,-1,-1,-1,-1,-1,-1,-1,-1,
1765570214360,CameraCapture,2932982541295448465,frame_captured_main,1765570213881,67,1536,864,43,-1,-1,-1,-1,-1,-1,-1,-1,-1,-1,-1,-1,-1,-1,-1,-1,-1,-1,-1,-1,
1765570214360,CameraCapture,2932982541295448465,frame_captured_tpu,1765570213881,67,300,300,43,-1,-1,-1,-1,-1,-1,-1,-1,-1,-1,-1,-1,-1,-1,-1,-1,-1,-1,-1,-1,
1765570214404,CameraCapture,2932982541295448465,frame_captured_main,1765570213925,68,1536,864,43,-1,-1,-1,-1,-1,-1,-1,-1,-1,-1,-1,-1,-1,-1,-1,-1,-1,-1,-1,-1,
1765570214404,CameraCapture,2932982541295448465,frame_captured_tpu,1765570213925,68,300,300,43,-1,-1,-1,-1,-1,-1,-1,-1,-1,-1,-1,-1,-1,-1,-1,-1,-1,-1,-1,-1,
1765570214447,CameraCapture,2932982541295448465,frame_captured_main,1765570213968,69,1536,864,43,-1,-1,-1,-1,-1,-1,-1,-1,-1,-1,-1,-1,-1,-1,-1,-1,-1,-1,-1,-1,
1765570214447,CameraCapture,2932982541295448465,frame_captured_tpu,1765570213968,69,300,300,43,-1,-1,-1,-1,-1,-1,-1,-1,-1,-1,-1,-1,-1,-1,-1,-1,-1,-1,-1,-1,
1765570214492,CameraCapture,2932982541295448465,frame_captured_main,1765570214013,70,1536,864,43,-1,-1,-1,-1,-1,-1,-1,-1,-1,-1,-1,-1,-1,-1,-1,-1,-1,-1,-1,-1,
1765570214492,CameraCapture,2932982541295448465,frame_captured_tpu,1765570214013,70,300,300,43,-1,-1,-1,-1,-1,-1,-1,-1,-1,-1,-1,-1,-1,-1,-1,-1,-1,-1,-1,-1,
1765570214535,CameraCapture,2932982541295448465,frame_captured_main,1765570214056,71,1536,864,43,-1,-1,-1,-1,-1,-1,-1,-1,-1,-1,-1,-1,-1,-1,-1,-1,-1,-1,-1,-1,
1765570214535,CameraCapture,2932982541295448465,frame_captured_tpu,1765570214056,71,300,300,43,-1,-1,-1,-1,-1,-1,-1,-1,-1,-1,-1,-1,-1,-1,-1,-1,-1,-1,-1,-1,
1765570214579,CameraCapture,2932982541295448465,frame_captured_main,1765570214100,72,1536,864,43,-1,-1,-1,-1,-1,-1,-1,-1,-1,-1,-1,-1,-1,-1,-1,-1,-1,-1,-1,-1,
1765570214579,CameraCapture,2932982541295448465,frame_captured_tpu,1765570214100,72,300,300,43,-1,-1,-1,-1,-1,-1,-1,-1,-1,-1,-1,-1,-1,-1,-1,-1,-1,-1,-1,-1,
1765570214622,CameraCapture,2932982541295448465,frame_captured_main,1765570214143,73,1536,864,43,-1,-1,-1,-1,-1,-1,-1,-1,-1,-1,-1,-1,-1,-1,-1,-1,-1,-1,-1,-1,
1765570214622,CameraCapture,2932982541295448465,frame_captured_tpu,1765570214143,73,300,300,43,-1,-1,-1,-1,-1,-1,-1,-1,-1,-1,-1,-1,-1,-1,-1,-1,-1,-1,-1,-1,
1765570214667,CameraCapture,2932982541295448465,frame_captured_main,1765570214188,74,1536,864,43,-1,-1,-1,-1,-1,-1,-1,-1,-1,-1,-1,-1,-1,-1,-1,-1,-1,-1,-1,-1,
1765570214667,CameraCapture,2932982541295448465,frame_captured_tpu,1765570214188,74,300,300,43,-1,-1,-1,-1,-1,-1,-1,-1,-1,-1,-1,-1,-1,-1,-1,-1,-1,-1,-1,-1,
1765570214710,CameraCapture,2932982541295448465,frame_captured_main,1765570214231,75,1536,864,43,-1,-1,-1,-1,-1,-1,-1,-1,-1,-1,-1,-1,-1,-1,-1,-1,-1,-1,-1,-1,
1765570214710,CameraCapture,2932982541295448465,frame_captured_tpu,1765570214231,75,300,300,43,-1,-1,-1,-1,-1,-1,-1,-1,-1,-1,-1,-1,-1,-1,-1,-1,-1,-1,-1,-1,
1765570214755,CameraCapture,2932982541295448465,frame_captured_main,1765570214275,76,1536,864,43,-1,-1,-1,-1,-1,-1,-1,-1,-1,-1,-1,-1,-1,-1,-1,-1,-1,-1,-1,-1,
1765570214755,CameraCapture,2932982541295448465,frame_captured_tpu,1765570214275,76,300,300,43,-1,-1,-1,-1,-1,-1,-1,-1,-1,-1,-1,-1,-1,-1,-1,-1,-1,-1,-1,-1,
1765570214797,CameraCapture,2932982541295448465,frame_captured_main,1765570214319,77,1536,864,43,-1,-1,-1,-1,-1,-1,-1,-1,-1,-1,-1,-1,-1,-1,-1,-1,-1,-1,-1,-1,
1765570214797,CameraCapture,2932982541295448465,frame_captured_tpu,1765570214319,77,300,300,43,-1,-1,-1,-1,-1,-1,-1,-1,-1,-1,-1,-1,-1,-1,-1,-1,-1,-1,-1,-1,
1765570214842,CameraCapture,2932982541295448465,frame_captured_main,1765570214363,78,1536,864,43,-1,-1,-1,-1,-1,-1,-1,-1,-1,-1,-1,-1,-1,-1,-1,-1,-1,-1,-1,-1,
1765570214842,CameraCapture,2932982541295448465,frame_captured_tpu,1765570214363,78,300,300,43,-1,-1,-1,-1,-1,-1,-1,-1,-1,-1,-1,-1,-1,-1,-1,-1,-1,-1,-1,-1,
1765570214885,CameraCapture,2932982541295448465,frame_captured_main,1765570214406,79,1536,864,43,-1,-1,-1,-1,-1,-1,-1,-1,-1,-1,-1,-1,-1,-1,-1,-1,-1,-1,-1,-1,
1765570214885,CameraCapture,2932982541295448465,frame_captured_tpu,1765570214406,79,300,300,43,-1,-1,-1,-1,-1,-1,-1,-1,-1,-1,-1,-1,-1,-1,-1,-1,-1,-1,-1,-1,
1765570214929,CameraCapture,2932982541295448465,frame_captured_main,1765570214450,80,1536,864,43,-1,-1,-1,-1,-1,-1,-1,-1,-1,-1,-1,-1,-1,-1,-1,-1,-1,-1,-1,-1,
1765570214929,CameraCapture,2932982541295448465,frame_captured_tpu,1765570214450,80,300,300,43,-1,-1,-1,-1,-1,-1,-1,-1,-1,-1,-1,-1,-1,-1,-1,-1,-1,-1,-1,-1,
1765570214972,CameraCapture,2932982541295448465,frame_captured_main,1765570214493,81,1536,864,43,-1,-1,-1,-1,-1,-1,-1,-1,-1,-1,-1,-1,-1,-1,-1,-1,-1,-1,-1,-1,
1765570214972,CameraCapture,2932982541295448465,frame_captured_tpu,1765570214493,81,300,300,43,-1,-1,-1,-1,-1,-1,-1,-1,-1,-1,-1,-1,-1,-1,-1,-1,-1,-1,-1,-1,
1765570215017,CameraCapture,2932982541295448465,frame_captured_main,1765570214538,82,1536,864,43,-1,-1,-1,-1,-1,-1,-1,-1,-1,-1,-1,-1,-1,-1,-1,-1,-1,-1,-1,-1,
1765570215017,CameraCapture,2932982541295448465,frame_captured_tpu,1765570214538,82,300,300,43,-1,-1,-1,-1,-1,-1,-1,-1,-1,-1,-1,-1,-1,-1,-1,-1,-1,-1,-1,-1,
1765570215060,CameraCapture,2932982541295448465,frame_captured_main,1765570214581,83,1536,864,43,-1,-1,-1,-1,-1,-1,-1,-1,-1,-1,-1,-1,-1,-1,-1,-1,-1,-1,-1,-1,
1765570215060,CameraCapture,2932982541295448465,frame_captured_tpu,1765570214581,83,300,300,43,-1,-1,-1,-1,-1,-1,-1,-1,-1,-1,-1,-1,-1,-1,-1,-1,-1,-1,-1,-1,
1765570215104,CameraCapture,2932982541295448465,frame_captured_main,1765570214625,84,1536,864,43,-1,-1,-1,-1,-1,-1,-1,-1,-1,-1,-1,-1,-1,-1,-1,-1,-1,-1,-1,-1,
1765570215104,CameraCapture,2932982541295448465,frame_captured_tpu,1765570214625,84,300,300,43,-1,-1,-1,-1,-1,-1,-1,-1,-1,-1,-1,-1,-1,-1,-1,-1,-1,-1,-1,-1,
1765570215147,CameraCapture,2932982541295448465,frame_captured_main,1765570214669,85,1536,864,43,-1,-1,-1,-1,-1,-1,-1,-1,-1,-1,-1,-1,-1,-1,-1,-1,-1,-1,-1,-1,
1765570215147,CameraCapture,2932982541295448465,frame_captured_tpu,1765570214669,85,300,300,43,-1,-1,-1,-1,-1,-1,-1,-1,-1,-1,-1,-1,-1,-1,-1,-1,-1,-1,-1,-1,
1765570215192,CameraCapture,2932982541295448465,frame_captured_main,1765570214713,86,1536,864,43,-1,-1,-1,-1,-1,-1,-1,-1,-1,-1,-1,-1,-1,-1,-1,-1,-1,-1,-1,-1,
1765570215192,CameraCapture,2932982541295448465,frame_captured_tpu,1765570214713,86,300,300,43,-1,-1,-1,-1,-1,-1,-1,-1,-1,-1,-1,-1,-1,-1,-1,-1,-1,-1,-1,-1,
1765570215236,CameraCapture,2932982541295448465,frame_captured_main,1765570214756,87,1536,864,43,-1,-1,-1,-1,-1,-1,-1,-1,-1,-1,-1,-1,-1,-1,-1,-1,-1,-1,-1,-1,
1765570215236,CameraCapture,2932982541295448465,frame_captured_tpu,1765570214756,87,300,300,43,-1,-1,-1,-1,-1,-1,-1,-1,-1,-1,-1,-1,-1,-1,-1,-1,-1,-1,-1,-1,
1765570215280,CameraCapture,2932982541295448465,frame_captured_main,1765570214801,88,1536,864,43,-1,-1,-1,-1,-1,-1,-1,-1,-1,-1,-1,-1,-1,-1,-1,-1,-1,-1,-1,-1,
1765570215280,CameraCapture,2932982541295448465,frame_captured_tpu,1765570214801,88,300,300,43,-1,-1,-1,-1,-1,-1,-1,-1,-1,-1,-1,-1,-1,-1,-1,-1,-1,-1,-1,-1,
1765570215322,CameraCapture,2932982541295448465,frame_captured_main,1765570214844,89,1536,864,43,-1,-1,-1,-1,-1,-1,-1,-1,-1,-1,-1,-1,-1,-1,-1,-1,-1,-1,-1,-1,
1765570215322,CameraCapture,2932982541295448465,frame_captured_tpu,1765570214844,89,300,300,43,-1,-1,-1,-1,-1,-1,-1,-1,-1,-1,-1,-1,-1,-1,-1,-1,-1,-1,-1,-1,
1765570215367,CameraCapture,2932982541295448465,frame_captured_main,1765570214888,90,1536,864,43,-1,-1,-1,-1,-1,-1,-1,-1,-1,-1,-1,-1,-1,-1,-1,-1,-1,-1,-1,-1,
1765570215367,CameraCapture,2932982541295448465,frame_captured_tpu,1765570214888,90,300,300,43,-1,-1,-1,-1,-1,-1,-1,-1,-1,-1,-1,-1,-1,-1,-1,-1,-1,-1,-1,-1,
1765570215410,CameraCapture,2932982541295448465,frame_captured_main,1765570214931,91,1536,864,43,-1,-1,-1,-1,-1,-1,-1,-1,-1,-1,-1,-1,-1,-1,-1,-1,-1,-1,-1,-1,
1765570215410,CameraCapture,2932982541295448465,frame_captured_tpu,1765570214931,91,300,300,43,-1,-1,-1,-1,-1,-1,-1,-1,-1,-1,-1,-1,-1,-1,-1,-1,-1,-1,-1,-1,
1765570215454,CameraCapture,2932982541295448465,frame_captured_main,1765570214975,92,1536,864,43,-1,-1,-1,-1,-1,-1,-1,-1,-1,-1,-1,-1,-1,-1,-1,-1,-1,-1,-1,-1,
1765570215454,CameraCapture,2932982541295448465,frame_captured_tpu,1765570214975,92,300,300,43,-1,-1,-1,-1,-1,-1,-1,-1,-1,-1,-1,-1,-1,-1,-1,-1,-1,-1,-1,-1,
1765570215498,CameraCapture,2932982541295448465,frame_captured_main,1765570215019,93,1536,864,43,-1,-1,-1,-1,-1,-1,-1,-1,-1,-1,-1,-1,-1,-1,-1,-1,-1,-1,-1,-1,
1765570215498,CameraCapture,2932982541295448465,frame_captured_tpu,1765570215019,93,300,300,43,-1,-1,-1,-1,-1,-1,-1,-1,-1,-1,-1,-1,-1,-1,-1,-1,-1,-1,-1,-1,
1765570215542,CameraCapture,2932982541295448465,frame_captured_main,1765570215063,94,1536,864,43,-1,-1,-1,-1,-1,-1,-1,-1,-1,-1,-1,-1,-1,-1,-1,-1,-1,-1,-1,-1,
1765570215542,CameraCapture,2932982541295448465,frame_captured_tpu,1765570215063,94,300,300,43,-1,-1,-1,-1,-1,-1,-1,-1,-1,-1,-1,-1,-1,-1,-1,-1,-1,-1,-1,-1,
1765570215585,CameraCapture,2932982541295448465,frame_captured_main,1765570215106,95,1536,864,43,-1,-1,-1,-1,-1,-1,-1,-1,-1,-1,-1,-1,-1,-1,-1,-1,-1,-1,-1,-1,
1765570215585,CameraCapture,2932982541295448465,frame_captured_tpu,1765570215106,95,300,300,43,-1,-1,-1,-1,-1,-1,-1,-1,-1,-1,-1,-1,-1,-1,-1,-1,-1,-1,-1,-1,
1765570215629,CameraCapture,2932982541295448465,frame_captured_main,1765570215149,96,1536,864,43,-1,-1,-1,-1,-1,-1,-1,-1,-1,-1,-1,-1,-1,-1,-1,-1,-1,-1,-1,-1,
1765570215629,CameraCapture,2932982541295448465,frame_captured_tpu,1765570215149,96,300,300,43,-1,-1,-1,-1,-1,-1,-1,-1,-1,-1,-1,-1,-1,-1,-1,-1,-1,-1,-1,-1,
1765570215672,CameraCapture,2932982541295448465,frame_captured_main,1765570215194,97,1536,864,43,-1,-1,-1,-1,-1,-1,-1,-1,-1,-1,-1,-1,-1,-1,-1,-1,-1,-1,-1,-1,
1765570215672,CameraCapture,2932982541295448465,frame_captured_tpu,1765570215194,97,300,300,43,-1,-1,-1,-1,-1,-1,-1,-1,-1,-1,-1,-1,-1,-1,-1,-1,-1,-1,-1,-1,
1765570215718,CameraCapture,2932982541295448465,frame_captured_main,1765570215237,98,1536,864,43,-1,-1,-1,-1,-1,-1,-1,-1,-1,-1,-1,-1,-1,-1,-1,-1,-1,-1,-1,-1,
1765570215718,CameraCapture,2932982541295448465,frame_captured_tpu,1765570215237,98,300,300,43,-1,-1,-1,-1,-1,-1,-1,-1,-1,-1,-1,-1,-1,-1,-1,-1,-1,-1,-1,-1,
1765570215760,CameraCapture,2932982541295448465,frame_captured_main,1765570215281,99,1536,864,43,-1,-1,-1,-1,-1,-1,-1,-1,-1,-1,-1,-1,-1,-1,-1,-1,-1,-1,-1,-1,
1765570215760,CameraCapture,2932982541295448465,frame_captured_tpu,1765570215281,99,300,300,43,-1,-1,-1,-1,-1,-1,-1,-1,-1,-1,-1,-1,-1,-1,-1,-1,-1,-1,-1,-1,
1765570215804,CameraCapture,2932982541295448465,frame_captured_main,1765570215324,100,1536,864,43,-1,-1,-1,-1,-1,-1,-1,-1,-1,-1,-1,-1,-1,-1,-1,-1,-1,-1,-1,-1,
1765570215804,CameraCapture,2932982541295448465,frame_captured_tpu,1765570215324,100,300,300,43,-1,-1,-1,-1,-1,-1,-1,-1,-1,-1,-1,-1,-1,-1,-1,-1,-1,-1,-1,-1,
1765570215847,CameraCapture,2932982541295448465,frame_captured_main,1765570215369,101,1536,864,43,-1,-1,-1,-1,-1,-1,-1,-1,-1,-1,-1,-1,-1,-1,-1,-1,-1,-1,-1,-1,
1765570215847,CameraCapture,2932982541295448465,frame_captured_tpu,1765570215369,101,300,300,43,-1,-1,-1,-1,-1,-1,-1,-1,-1,-1,-1,-1,-1,-1,-1,-1,-1,-1,-1,-1,
1765570215892,CameraCapture,2932982541295448465,frame_captured_main,1765570215413,102,1536,864,43,-1,-1,-1,-1,-1,-1,-1,-1,-1,-1,-1,-1,-1,-1,-1,-1,-1,-1,-1,-1,
1765570215892,CameraCapture,2932982541295448465,frame_captured_tpu,1765570215413,102,300,300,43,-1,-1,-1,-1,-1,-1,-1,-1,-1,-1,-1,-1,-1,-1,-1,-1,-1,-1,-1,-1,
1765570215935,CameraCapture,2932982541295448465,frame_captured_main,1765570215456,103,1536,864,43,-1,-1,-1,-1,-1,-1,-1,-1,-1,-1,-1,-1,-1,-1,-1,-1,-1,-1,-1,-1,
1765570215935,CameraCapture,2932982541295448465,frame_captured_tpu,1765570215456,103,300,300,43,-1,-1,-1,-1,-1,-1,-1,-1,-1,-1,-1,-1,-1,-1,-1,-1,-1,-1,-1,-1,
1765570215980,CameraCapture,2932982541295448465,frame_captured_main,1765570215499,104,1536,864,43,-1,-1,-1,-1,-1,-1,-1,-1,-1,-1,-1,-1,-1,-1,-1,-1,-1,-1,-1,-1,
1765570215980,CameraCapture,2932982541295448465,frame_captured_tpu,1765570215499,104,300,300,43,-1,-1,-1,-1,-1,-1,-1,-1,-1,-1,-1,-1,-1,-1,-1,-1,-1,-1,-1,-1,
1765570216022,CameraCapture,2932982541295448465,frame_captured_main,1765570215544,105,1536,864,43,-1,-1,-1,-1,-1,-1,-1,-1,-1,-1,-1,-1,-1,-1,-1,-1,-1,-1,-1,-1,
1765570216022,CameraCapture,2932982541295448465,frame_captured_tpu,1765570215544,105,300,300,43,-1,-1,-1,-1,-1,-1,-1,-1,-1,-1,-1,-1,-1,-1,-1,-1,-1,-1,-1,-1,
1765570216067,CameraCapture,2932982541295448465,frame_captured_main,1765570215588,106,1536,864,43,-1,-1,-1,-1,-1,-1,-1,-1,-1,-1,-1,-1,-1,-1,-1,-1,-1,-1,-1,-1,
1765570216067,CameraCapture,2932982541295448465,frame_captured_tpu,1765570215588,106,300,300,43,-1,-1,-1,-1,-1,-1,-1,-1,-1,-1,-1,-1,-1,-1,-1,-1,-1,-1,-1,-1,
1765570216110,CameraCapture,2932982541295448465,frame_captured_main,1765570215631,107,1536,864,43,-1,-1,-1,-1,-1,-1,-1,-1,-1,-1,-1,-1,-1,-1,-1,-1,-1,-1,-1,-1,
1765570216110,CameraCapture,2932982541295448465,frame_captured_tpu,1765570215631,107,300,300,43,-1,-1,-1,-1,-1,-1,-1,-1,-1,-1,-1,-1,-1,-1,-1,-1,-1,-1,-1,-1,
1765570216154,CameraCapture,2932982541295448465,frame_captured_main,1765570215674,108,1536,864,43,-1,-1,-1,-1,-1,-1,-1,-1,-1,-1,-1,-1,-1,-1,-1,-1,-1,-1,-1,-1,
1765570216154,CameraCapture,2932982541295448465,frame_captured_tpu,1765570215674,108,300,300,43,-1,-1,-1,-1,-1,-1,-1,-1,-1,-1,-1,-1,-1,-1,-1,-1,-1,-1,-1,-1,
1765570216197,CameraCapture,2932982541295448465,frame_captured_main,1765570215718,109,1536,864,43,-1,-1,-1,-1,-1,-1,-1,-1,-1,-1,-1,-1,-1,-1,-1,-1,-1,-1,-1,-1,
1765570216197,CameraCapture,2932982541295448465,frame_captured_tpu,1765570215718,109,300,300,43,-1,-1,-1,-1,-1,-1,-1,-1,-1,-1,-1,-1,-1,-1,-1,-1,-1,-1,-1,-1,
1765570216242,CameraCapture,2932982541295448465,frame_captured_main,1765570215762,110,1536,864,43,-1,-1,-1,-1,-1,-1,-1,-1,-1,-1,-1,-1,-1,-1,-1,-1,-1,-1,-1,-1,
1765570216242,CameraCapture,2932982541295448465,frame_captured_tpu,1765570215762,110,300,300,43,-1,-1,-1,-1,-1,-1,-1,-1,-1,-1,-1,-1,-1,-1,-1,-1,-1,-1,-1,-1,
1765570216286,CameraCapture,2932982541295448465,frame_captured_main,1765570215807,111,1536,864,43,-1,-1,-1,-1,-1,-1,-1,-1,-1,-1,-1,-1,-1,-1,-1,-1,-1,-1,-1,-1,
1765570216286,CameraCapture,2932982541295448465,frame_captured_tpu,1765570215807,111,300,300,43,-1,-1,-1,-1,-1,-1,-1,-1,-1,-1,-1,-1,-1,-1,-1,-1,-1,-1,-1,-1,
1765570216329,CameraCapture,2932982541295448465,frame_captured_main,1765570215849,112,1536,864,43,-1,-1,-1,-1,-1,-1,-1,-1,-1,-1,-1,-1,-1,-1,-1,-1,-1,-1,-1,-1,
1765570216329,CameraCapture,2932982541295448465,frame_captured_tpu,1765570215849,112,300,300,43,-1,-1,-1,-1,-1,-1,-1,-1,-1,-1,-1,-1,-1,-1,-1,-1,-1,-1,-1,-1,
1765570216372,CameraCapture,2932982541295448465,frame_captured_main,1765570215893,113,1536,864,43,-1,-1,-1,-1,-1,-1,-1,-1,-1,-1,-1,-1,-1,-1,-1,-1,-1,-1,-1,-1,
1765570216372,CameraCapture,2932982541295448465,frame_captured_tpu,1765570215893,113,300,300,43,-1,-1,-1,-1,-1,-1,-1,-1,-1,-1,-1,-1,-1,-1,-1,-1,-1,-1,-1,-1,
1765570216417,CameraCapture,2932982541295448465,frame_captured_main,1765570215938,114,1536,864,43,-1,-1,-1,-1,-1,-1,-1,-1,-1,-1,-1,-1,-1,-1,-1,-1,-1,-1,-1,-1,
1765570216417,CameraCapture,2932982541295448465,frame_captured_tpu,1765570215938,114,300,300,43,-1,-1,-1,-1,-1,-1,-1,-1,-1,-1,-1,-1,-1,-1,-1,-1,-1,-1,-1,-1,
1765570216460,CameraCapture,2932982541295448465,frame_captured_main,1765570215981,115,1536,864,43,-1,-1,-1,-1,-1,-1,-1,-1,-1,-1,-1,-1,-1,-1,-1,-1,-1,-1,-1,-1,
1765570216460,CameraCapture,2932982541295448465,frame_captured_tpu,1765570215981,115,300,300,43,-1,-1,-1,-1,-1,-1,-1,-1,-1,-1,-1,-1,-1,-1,-1,-1,-1,-1,-1,-1,
1765570216504,CameraCapture,2932982541295448465,frame_captured_main,1765570216024,116,1536,864,43,-1,-1,-1,-1,-1,-1,-1,-1,-1,-1,-1,-1,-1,-1,-1,-1,-1,-1,-1,-1,
1765570216504,CameraCapture,2932982541295448465,frame_captured_tpu,1765570216024,116,300,300,43,-1,-1,-1,-1,-1,-1,-1,-1,-1,-1,-1,-1,-1,-1,-1,-1,-1,-1,-1,-1,
1765570216547,CameraCapture,2932982541295448465,frame_captured_main,1765570216068,117,1536,864,43,-1,-1,-1,-1,-1,-1,-1,-1,-1,-1,-1,-1,-1,-1,-1,-1,-1,-1,-1,-1,
1765570216547,CameraCapture,2932982541295448465,frame_captured_tpu,1765570216068,117,300,300,43,-1,-1,-1,-1,-1,-1,-1,-1,-1,-1,-1,-1,-1,-1,-1,-1,-1,-1,-1,-1,
1765570216592,CameraCapture,2932982541295448465,frame_captured_main,1765570216113,118,1536,864,43,-1,-1,-1,-1,-1,-1,-1,-1,-1,-1,-1,-1,-1,-1,-1,-1,-1,-1,-1,-1,
1765570216592,CameraCapture,2932982541295448465,frame_captured_tpu,1765570216113,118,300,300,43,-1,-1,-1,-1,-1,-1,-1,-1,-1,-1,-1,-1,-1,-1,-1,-1,-1,-1,-1,-1,
1765570216635,CameraCapture,2932982541295448465,frame_captured_main,1765570216156,119,1536,864,43,-1,-1,-1,-1,-1,-1,-1,-1,-1,-1,-1,-1,-1,-1,-1,-1,-1,-1,-1,-1,
1765570216635,CameraCapture,2932982541295448465,frame_captured_tpu,1765570216156,119,300,300,43,-1,-1,-1,-1,-1,-1,-1,-1,-1,-1,-1,-1,-1,-1,-1,-1,-1,-1,-1,-1,
1765570216679,CameraCapture,2932982541295448465,frame_captured_main,1765570216199,120,1536,864,43,-1,-1,-1,-1,-1,-1,-1,-1,-1,-1,-1,-1,-1,-1,-1,-1,-1,-1,-1,-1,
1765570216679,CameraCapture,2932982541295448465,frame_captured_tpu,1765570216199,120,300,300,43,-1,-1,-1,-1,-1,-1,-1,-1,-1,-1,-1,-1,-1,-1,-1,-1,-1,-1,-1,-1,
1765570216723,CameraCapture,2932982541295448465,frame_captured_main,1765570216243,121,1536,864,43,-1,-1,-1,-1,-1,-1,-1,-1,-1,-1,-1,-1,-1,-1,-1,-1,-1,-1,-1,-1,
1765570216723,CameraCapture,2932982541295448465,frame_captured_tpu,1765570216243,121,300,300,43,-1,-1,-1,-1,-1,-1,-1,-1,-1,-1,-1,-1,-1,-1,-1,-1,-1,-1,-1,-1,
1765570216767,CameraCapture,2932982541295448465,frame_captured_main,1765570216287,122,1536,864,43,-1,-1,-1,-1,-1,-1,-1,-1,-1,-1,-1,-1,-1,-1,-1,-1,-1,-1,-1,-1,
1765570216767,CameraCapture,2932982541295448465,frame_captured_tpu,1765570216287,122,300,300,43,-1,-1,-1,-1,-1,-1,-1,-1,-1,-1,-1,-1,-1,-1,-1,-1,-1,-1,-1,-1,
1765570216810,CameraCapture,2932982541295448465,frame_captured_main,1765570216331,123,1536,864,43,-1,-1,-1,-1,-1,-1,-1,-1,-1,-1,-1,-1,-1,-1,-1,-1,-1,-1,-1,-1,
1765570216810,CameraCapture,2932982541295448465,frame_captured_tpu,1765570216331,123,300,300,43,-1,-1,-1,-1,-1,-1,-1,-1,-1,-1,-1,-1,-1,-1,-1,-1,-1,-1,-1,-1,
1765570216854,CameraCapture,2932982541295448465,frame_captured_main,1765570216374,124,1536,864,43,-1,-1,-1,-1,-1,-1,-1,-1,-1,-1,-1,-1,-1,-1,-1,-1,-1,-1,-1,-1,
1765570216854,CameraCapture,2932982541295448465,frame_captured_tpu,1765570216374,124,300,300,43,-1,-1,-1,-1,-1,-1,-1,-1,-1,-1,-1,-1,-1,-1,-1,-1,-1,-1,-1,-1,
1765570216897,CameraCapture,2932982541295448465,frame_captured_main,1765570216418,125,1536,864,43,-1,-1,-1,-1,-1,-1,-1,-1,-1,-1,-1,-1,-1,-1,-1,-1,-1,-1,-1,-1,
1765570216897,CameraCapture,2932982541295448465,frame_captured_tpu,1765570216418,125,300,300,43,-1,-1,-1,-1,-1,-1,-1,-1,-1,-1,-1,-1,-1,-1,-1,-1,-1,-1,-1,-1,
1765570216942,CameraCapture,2932982541295448465,frame_captured_main,1765570216463,126,1536,864,43,-1,-1,-1,-1,-1,-1,-1,-1,-1,-1,-1,-1,-1,-1,-1,-1,-1,-1,-1,-1,
1765570216942,CameraCapture,2932982541295448465,frame_captured_tpu,1765570216463,126,300,300,43,-1,-1,-1,-1,-1,-1,-1,-1,-1,-1,-1,-1,-1,-1,-1,-1,-1,-1,-1,-1,
1765570216985,CameraCapture,2932982541295448465,frame_captured_main,1765570216506,127,1536,864,43,-1,-1,-1,-1,-1,-1,-1,-1,-1,-1,-1,-1,-1,-1,-1,-1,-1,-1,-1,-1,
1765570216985,CameraCapture,2932982541295448465,frame_captured_tpu,1765570216506,127,300,300,43,-1,-1,-1,-1,-1,-1,-1,-1,-1,-1,-1,-1,-1,-1,-1,-1,-1,-1,-1,-1,
1765570217029,CameraCapture,2932982541295448465,frame_captured_main,1765570216549,128,1536,864,43,-1,-1,-1,-1,-1,-1,-1,-1,-1,-1,-1,-1,-1,-1,-1,-1,-1,-1,-1,-1,
1765570217029,CameraCapture,2932982541295448465,frame_captured_tpu,1765570216549,128,300,300,43,-1,-1,-1,-1,-1,-1,-1,-1,-1,-1,-1,-1,-1,-1,-1,-1,-1,-1,-1,-1,
1765570217072,CameraCapture,2932982541295448465,frame_captured_main,1765570216593,129,1536,864,43,-1,-1,-1,-1,-1,-1,-1,-1,-1,-1,-1,-1,-1,-1,-1,-1,-1,-1,-1,-1,
1765570217072,CameraCapture,2932982541295448465,frame_captured_tpu,1765570216593,129,300,300,43,-1,-1,-1,-1,-1,-1,-1,-1,-1,-1,-1,-1,-1,-1,-1,-1,-1,-1,-1,-1,
1765570217117,CameraCapture,2932982541295448465,frame_captured_main,1765570216638,130,1536,864,43,-1,-1,-1,-1,-1,-1,-1,-1,-1,-1,-1,-1,-1,-1,-1,-1,-1,-1,-1,-1,
1765570217117,CameraCapture,2932982541295448465,frame_captured_tpu,1765570216638,130,300,300,43,-1,-1,-1,-1,-1,-1,-1,-1,-1,-1,-1,-1,-1,-1,-1,-1,-1,-1,-1,-1,
1765570217160,CameraCapture,2932982541295448465,frame_captured_main,1765570216681,131,1536,864,43,-1,-1,-1,-1,-1,-1,-1,-1,-1,-1,-1,-1,-1,-1,-1,-1,-1,-1,-1,-1,
1765570217160,CameraCapture,2932982541295448465,frame_captured_tpu,1765570216681,131,300,300,43,-1,-1,-1,-1,-1,-1,-1,-1,-1,-1,-1,-1,-1,-1,-1,-1,-1,-1,-1,-1,
1765570217204,CameraCapture,2932982541295448465,frame_captured_main,1765570216724,132,1536,864,43,-1,-1,-1,-1,-1,-1,-1,-1,-1,-1,-1,-1,-1,-1,-1,-1,-1,-1,-1,-1,
1765570217204,CameraCapture,2932982541295448465,frame_captured_tpu,1765570216724,132,300,300,43,-1,-1,-1,-1,-1,-1,-1,-1,-1,-1,-1,-1,-1,-1,-1,-1,-1,-1,-1,-1,
1765570217247,CameraCapture,2932982541295448465,frame_captured_main,1765570216768,133,1536,864,43,-1,-1,-1,-1,-1,-1,-1,-1,-1,-1,-1,-1,-1,-1,-1,-1,-1,-1,-1,-1,
1765570217247,CameraCapture,2932982541295448465,frame_captured_tpu,1765570216768,133,300,300,43,-1,-1,-1,-1,-1,-1,-1,-1,-1,-1,-1,-1,-1,-1,-1,-1,-1,-1,-1,-1,
1765570217292,CameraCapture,2932982541295448465,frame_captured_main,1765570216813,134,1536,864,43,-1,-1,-1,-1,-1,-1,-1,-1,-1,-1,-1,-1,-1,-1,-1,-1,-1,-1,-1,-1,
1765570217292,CameraCapture,2932982541295448465,frame_captured_tpu,1765570216813,134,300,300,43,-1,-1,-1,-1,-1,-1,-1,-1,-1,-1,-1,-1,-1,-1,-1,-1,-1,-1,-1,-1,
1765570217335,CameraCapture,2932982541295448465,frame_captured_main,1765570216855,135,1536,864,43,-1,-1,-1,-1,-1,-1,-1,-1,-1,-1,-1,-1,-1,-1,-1,-1,-1,-1,-1,-1,
1765570217335,CameraCapture,2932982541295448465,frame_captured_tpu,1765570216855,135,300,300,43,-1,-1,-1,-1,-1,-1,-1,-1,-1,-1,-1,-1,-1,-1,-1,-1,-1,-1,-1,-1,
1765570217379,CameraCapture,2932982541295448465,frame_captured_main,1765570216899,136,1536,864,43,-1,-1,-1,-1,-1,-1,-1,-1,-1,-1,-1,-1,-1,-1,-1,-1,-1,-1,-1,-1,
1765570217379,CameraCapture,2932982541295448465,frame_captured_tpu,1765570216899,136,300,300,43,-1,-1,-1,-1,-1,-1,-1,-1,-1,-1,-1,-1,-1,-1,-1,-1,-1,-1,-1,-1,
1765570217423,CameraCapture,2932982541295448465,frame_captured_main,1765570216944,137,1536,864,43,-1,-1,-1,-1,-1,-1,-1,-1,-1,-1,-1,-1,-1,-1,-1,-1,-1,-1,-1,-1,
1765570217423,CameraCapture,2932982541295448465,frame_captured_tpu,1765570216944,137,300,300,43,-1,-1,-1,-1,-1,-1,-1,-1,-1,-1,-1,-1,-1,-1,-1,-1,-1,-1,-1,-1,
1765570217467,CameraCapture,2932982541295448465,frame_captured_main,1765570216988,138,1536,864,43,-1,-1,-1,-1,-1,-1,-1,-1,-1,-1,-1,-1,-1,-1,-1,-1,-1,-1,-1,-1,
1765570217467,CameraCapture,2932982541295448465,frame_captured_tpu,1765570216988,138,300,300,43,-1,-1,-1,-1,-1,-1,-1,-1,-1,-1,-1,-1,-1,-1,-1,-1,-1,-1,-1,-1,
1765570217510,CameraCapture,2932982541295448465,frame_captured_main,1765570217030,139,1536,864,43,-1,-1,-1,-1,-1,-1,-1,-1,-1,-1,-1,-1,-1,-1,-1,-1,-1,-1,-1,-1,
1765570217510,CameraCapture,2932982541295448465,frame_captured_tpu,1765570217030,139,300,300,43,-1,-1,-1,-1,-1,-1,-1,-1,-1,-1,-1,-1,-1,-1,-1,-1,-1,-1,-1,-1,
1765570217554,CameraCapture,2932982541295448465,frame_captured_main,1765570217074,140,1536,864,43,-1,-1,-1,-1,-1,-1,-1,-1,-1,-1,-1,-1,-1,-1,-1,-1,-1,-1,-1,-1,
1765570217554,CameraCapture,2932982541295448465,frame_captured_tpu,1765570217074,140,300,300,43,-1,-1,-1,-1,-1,-1,-1,-1,-1,-1,-1,-1,-1,-1,-1,-1,-1,-1,-1,-1,
1765570217597,CameraCapture,2932982541295448465,frame_captured_main,1765570217118,141,1536,864,43,-1,-1,-1,-1,-1,-1,-1,-1,-1,-1,-1,-1,-1,-1,-1,-1,-1,-1,-1,-1,
1765570217597,CameraCapture,2932982541295448465,frame_captured_tpu,1765570217118,141,300,300,43,-1,-1,-1,-1,-1,-1,-1,-1,-1,-1,-1,-1,-1,-1,-1,-1,-1,-1,-1,-1,
1765570217642,CameraCapture,2932982541295448465,frame_captured_main,1765570217163,142,1536,864,43,-1,-1,-1,-1,-1,-1,-1,-1,-1,-1,-1,-1,-1,-1,-1,-1,-1,-1,-1,-1,
1765570217642,CameraCapture,2932982541295448465,frame_captured_tpu,1765570217163,142,300,300,43,-1,-1,-1,-1,-1,-1,-1,-1,-1,-1,-1,-1,-1,-1,-1,-1,-1,-1,-1,-1,
1765570217685,CameraCapture,2932982541295448465,frame_captured_main,1765570217205,143,1536,864,43,-1,-1,-1,-1,-1,-1,-1,-1,-1,-1,-1,-1,-1,-1,-1,-1,-1,-1,-1,-1,
1765570217685,CameraCapture,2932982541295448465,frame_captured_tpu,1765570217205,143,300,300,43,-1,-1,-1,-1,-1,-1,-1,-1,-1,-1,-1,-1,-1,-1,-1,-1,-1,-1,-1,-1,
1765570217729,CameraCapture,2932982541295448465,frame_captured_main,1765570217249,144,1536,864,43,-1,-1,-1,-1,-1,-1,-1,-1,-1,-1,-1,-1,-1,-1,-1,-1,-1,-1,-1,-1,
1765570217729,CameraCapture,2932982541295448465,frame_captured_tpu,1765570217249,144,300,300,43,-1,-1,-1,-1,-1,-1,-1,-1,-1,-1,-1,-1,-1,-1,-1,-1,-1,-1,-1,-1,
1765570217773,CameraCapture,2932982541295448465,frame_captured_main,1765570217294,145,1536,864,43,-1,-1,-1,-1,-1,-1,-1,-1,-1,-1,-1,-1,-1,-1,-1,-1,-1,-1,-1,-1,
1765570217773,CameraCapture,2932982541295448465,frame_captured_tpu,1765570217294,145,300,300,43,-1,-1,-1,-1,-1,-1,-1,-1,-1,-1,-1,-1,-1,-1,-1,-1,-1,-1,-1,-1,
1765570217818,CameraCapture,2932982541295448465,frame_captured_main,1765570217338,146,1536,864,43,-1,-1,-1,-1,-1,-1,-1,-1,-1,-1,-1,-1,-1,-1,-1,-1,-1,-1,-1,-1,
1765570217818,CameraCapture,2932982541295448465,frame_captured_tpu,1765570217338,146,300,300,43,-1,-1,-1,-1,-1,-1,-1,-1,-1,-1,-1,-1,-1,-1,-1,-1,-1,-1,-1,-1,
1765570217860,CameraCapture,2932982541295448465,frame_captured_main,1765570217380,147,1536,864,43,-1,-1,-1,-1,-1,-1,-1,-1,-1,-1,-1,-1,-1,-1,-1,-1,-1,-1,-1,-1,
1765570217860,CameraCapture,2932982541295448465,frame_captured_tpu,1765570217380,147,300,300,43,-1,-1,-1,-1,-1,-1,-1,-1,-1,-1,-1,-1,-1,-1,-1,-1,-1,-1,-1,-1,
1765570217904,CameraCapture,2932982541295448465,frame_captured_main,1765570217424,148,1536,864,43,-1,-1,-1,-1,-1,-1,-1,-1,-1,-1,-1,-1,-1,-1,-1,-1,-1,-1,-1,-1,
1765570217904,CameraCapture,2932982541295448465,frame_captured_tpu,1765570217424,148,300,300,43,-1,-1,-1,-1,-1,-1,-1,-1,-1,-1,-1,-1,-1,-1,-1,-1,-1,-1,-1,-1,
1765570217947,CameraCapture,2932982541295448465,frame_captured_main,1765570217469,149,1536,864,43,-1,-1,-1,-1,-1,-1,-1,-1,-1,-1,-1,-1,-1,-1,-1,-1,-1,-1,-1,-1,
1765570217947,CameraCapture,2932982541295448465,frame_captured_tpu,1765570217469,149,300,300,43,-1,-1,-1,-1,-1,-1,-1,-1,-1,-1,-1,-1,-1,-1,-1,-1,-1,-1,-1,-1,
1765570217992,CameraCapture,2932982541295448465,frame_captured_main,1765570217513,150,1536,864,43,-1,-1,-1,-1,-1,-1,-1,-1,-1,-1,-1,-1,-1,-1,-1,-1,-1,-1,-1,-1,
1765570217992,CameraCapture,2932982541295448465,frame_captured_tpu,1765570217513,150,300,300,43,-1,-1,-1,-1,-1,-1,-1,-1,-1,-1,-1,-1,-1,-1,-1,-1,-1,-1,-1,-1,
1765570218037,CameraCapture,2932982541295448465,frame_captured_main,1765570217555,151,1536,864,43,-1,-1,-1,-1,-1,-1,-1,-1,-1,-1,-1,-1,-1,-1,-1,-1,-1,-1,-1,-1,
1765570218037,CameraCapture,2932982541295448465,frame_captured_tpu,1765570217555,151,300,300,43,-1,-1,-1,-1,-1,-1,-1,-1,-1,-1,-1,-1,-1,-1,-1,-1,-1,-1,-1,-1,
1765570218079,CameraCapture,2932982541295448465,frame_captured_main,1765570217599,152,1536,864,43,-1,-1,-1,-1,-1,-1,-1,-1,-1,-1,-1,-1,-1,-1,-1,-1,-1,-1,-1,-1,
1765570218079,CameraCapture,2932982541295448465,frame_captured_tpu,1765570217599,152,300,300,43,-1,-1,-1,-1,-1,-1,-1,-1,-1,-1,-1,-1,-1,-1,-1,-1,-1,-1,-1,-1,
1765570218122,CameraCapture,2932982541295448465,frame_captured_main,1765570217644,153,1536,864,43,-1,-1,-1,-1,-1,-1,-1,-1,-1,-1,-1,-1,-1,-1,-1,-1,-1,-1,-1,-1,
1765570218122,CameraCapture,2932982541295448465,frame_captured_tpu,1765570217644,153,300,300,43,-1,-1,-1,-1,-1,-1,-1,-1,-1,-1,-1,-1,-1,-1,-1,-1,-1,-1,-1,-1,
1765570218167,CameraCapture,2932982541295448465,frame_captured_main,1765570217688,154,1536,864,43,-1,-1,-1,-1,-1,-1,-1,-1,-1,-1,-1,-1,-1,-1,-1,-1,-1,-1,-1,-1,
1765570218167,CameraCapture,2932982541295448465,frame_captured_tpu,1765570217688,154,300,300,43,-1,-1,-1,-1,-1,-1,-1,-1,-1,-1,-1,-1,-1,-1,-1,-1,-1,-1,-1,-1,
1765570218210,CameraCapture,2932982541295448465,frame_captured_main,1765570217730,155,1536,864,43,-1,-1,-1,-1,-1,-1,-1,-1,-1,-1,-1,-1,-1,-1,-1,-1,-1,-1,-1,-1,
1765570218210,CameraCapture,2932982541295448465,frame_captured_tpu,1765570217730,155,300,300,43,-1,-1,-1,-1,-1,-1,-1,-1,-1,-1,-1,-1,-1,-1,-1,-1,-1,-1,-1,-1,
1765570218254,CameraCapture,2932982541295448465,frame_captured_main,1765570217774,156,1536,864,43,-1,-1,-1,-1,-1,-1,-1,-1,-1,-1,-1,-1,-1,-1,-1,-1,-1,-1,-1,-1,
1765570218254,CameraCapture,2932982541295448465,frame_captured_tpu,1765570217774,156,300,300,43,-1,-1,-1,-1,-1,-1,-1,-1,-1,-1,-1,-1,-1,-1,-1,-1,-1,-1,-1,-1,
1765570218297,CameraCapture,2932982541295448465,frame_captured_main,1765570217819,157,1536,864,43,-1,-1,-1,-1,-1,-1,-1,-1,-1,-1,-1,-1,-1,-1,-1,-1,-1,-1,-1,-1,
1765570218297,CameraCapture,2932982541295448465,frame_captured_tpu,1765570217819,157,300,300,43,-1,-1,-1,-1,-1,-1,-1,-1,-1,-1,-1,-1,-1,-1,-1,-1,-1,-1,-1,-1,
1765570218341,CameraCapture,2932982541295448465,frame_captured_main,1765570217862,158,1536,864,43,-1,-1,-1,-1,-1,-1,-1,-1,-1,-1,-1,-1,-1,-1,-1,-1,-1,-1,-1,-1,
1765570218341,CameraCapture,2932982541295448465,frame_captured_tpu,1765570217862,158,300,300,43,-1,-1,-1,-1,-1,-1,-1,-1,-1,-1,-1,-1,-1,-1,-1,-1,-1,-1,-1,-1,
1765570218385,CameraCapture,2932982541295448465,frame_captured_main,1765570217906,159,1536,864,43,-1,-1,-1,-1,-1,-1,-1,-1,-1,-1,-1,-1,-1,-1,-1,-1,-1,-1,-1,-1,
1765570218385,CameraCapture,2932982541295448465,frame_captured_tpu,1765570217906,159,300,300,43,-1,-1,-1,-1,-1,-1,-1,-1,-1,-1,-1,-1,-1,-1,-1,-1,-1,-1,-1,-1,
1765570218429,CameraCapture,2932982541295448465,frame_captured_main,1765570217949,160,1536,864,43,-1,-1,-1,-1,-1,-1,-1,-1,-1,-1,-1,-1,-1,-1,-1,-1,-1,-1,-1,-1,
1765570218429,CameraCapture,2932982541295448465,frame_captured_tpu,1765570217949,160,300,300,43,-1,-1,-1,-1,-1,-1,-1,-1,-1,-1,-1,-1,-1,-1,-1,-1,-1,-1,-1,-1,
1765570218472,CameraCapture,2932982541295448465,frame_captured_main,1765570217994,161,1536,864,43,-1,-1,-1,-1,-1,-1,-1,-1,-1,-1,-1,-1,-1,-1,-1,-1,-1,-1,-1,-1,
1765570218472,CameraCapture,2932982541295448465,frame_captured_tpu,1765570217994,161,300,300,43,-1,-1,-1,-1,-1,-1,-1,-1,-1,-1,-1,-1,-1,-1,-1,-1,-1,-1,-1,-1,
1765570218517,CameraCapture,2932982541295448465,frame_captured_main,1765570218038,162,1536,864,43,-1,-1,-1,-1,-1,-1,-1,-1,-1,-1,-1,-1,-1,-1,-1,-1,-1,-1,-1,-1,
1765570218517,CameraCapture,2932982541295448465,frame_captured_tpu,1765570218038,162,300,300,43,-1,-1,-1,-1,-1,-1,-1,-1,-1,-1,-1,-1,-1,-1,-1,-1,-1,-1,-1,-1,
1765570218560,CameraCapture,2932982541295448465,frame_captured_main,1765570218080,163,1536,864,43,-1,-1,-1,-1,-1,-1,-1,-1,-1,-1,-1,-1,-1,-1,-1,-1,-1,-1,-1,-1,
1765570218560,CameraCapture,2932982541295448465,frame_captured_tpu,1765570218080,163,300,300,43,-1,-1,-1,-1,-1,-1,-1,-1,-1,-1,-1,-1,-1,-1,-1,-1,-1,-1,-1,-1,
1765570218604,CameraCapture,2932982541295448465,frame_captured_main,1765570218124,164,1536,864,43,-1,-1,-1,-1,-1,-1,-1,-1,-1,-1,-1,-1,-1,-1,-1,-1,-1,-1,-1,-1,
1765570218604,CameraCapture,2932982541295448465,frame_captured_tpu,1765570218124,164,300,300,43,-1,-1,-1,-1,-1,-1,-1,-1,-1,-1,-1,-1,-1,-1,-1,-1,-1,-1,-1,-1,
1765570218647,CameraCapture,2932982541295448465,frame_captured_main,1765570218169,165,1536,864,43,-1,-1,-1,-1,-1,-1,-1,-1,-1,-1,-1,-1,-1,-1,-1,-1,-1,-1,-1,-1,
1765570218647,CameraCapture,2932982541295448465,frame_captured_tpu,1765570218169,165,300,300,43,-1,-1,-1,-1,-1,-1,-1,-1,-1,-1,-1,-1,-1,-1,-1,-1,-1,-1,-1,-1,
1765570218692,CameraCapture,2932982541295448465,frame_captured_main,1765570218213,166,1536,864,43,-1,-1,-1,-1,-1,-1,-1,-1,-1,-1,-1,-1,-1,-1,-1,-1,-1,-1,-1,-1,
1765570218692,CameraCapture,2932982541295448465,frame_captured_tpu,1765570218213,166,300,300,43,-1,-1,-1,-1,-1,-1,-1,-1,-1,-1,-1,-1,-1,-1,-1,-1,-1,-1,-1,-1,
1765570218735,CameraCapture,2932982541295448465,frame_captured_main,1765570218256,167,1536,864,43,-1,-1,-1,-1,-1,-1,-1,-1,-1,-1,-1,-1,-1,-1,-1,-1,-1,-1,-1,-1,
1765570218735,CameraCapture,2932982541295448465,frame_captured_tpu,1765570218256,167,300,300,43,-1,-1,-1,-1,-1,-1,-1,-1,-1,-1,-1,-1,-1,-1,-1,-1,-1,-1,-1,-1,
1765570218779,CameraCapture,2932982541295448465,frame_captured_main,1765570218299,168,1536,864,43,-1,-1,-1,-1,-1,-1,-1,-1,-1,-1,-1,-1,-1,-1,-1,-1,-1,-1,-1,-1,
1765570218779,CameraCapture,2932982541295448465,frame_captured_tpu,1765570218299,168,300,300,43,-1,-1,-1,-1,-1,-1,-1,-1,-1,-1,-1,-1,-1,-1,-1,-1,-1,-1,-1,-1,
1765570218822,CameraCapture,2932982541295448465,frame_captured_main,1765570218344,169,1536,864,43,-1,-1,-1,-1,-1,-1,-1,-1,-1,-1,-1,-1,-1,-1,-1,-1,-1,-1,-1,-1,
1765570218822,CameraCapture,2932982541295448465,frame_captured_tpu,1765570218344,169,300,300,43,-1,-1,-1,-1,-1,-1,-1,-1,-1,-1,-1,-1,-1,-1,-1,-1,-1,-1,-1,-1,
1765570218866,CameraCapture,2932982541295448465,frame_captured_main,1765570218386,170,1536,864,43,-1,-1,-1,-1,-1,-1,-1,-1,-1,-1,-1,-1,-1,-1,-1,-1,-1,-1,-1,-1,
1765570218866,CameraCapture,2932982541295448465,frame_captured_tpu,1765570218386,170,300,300,43,-1,-1,-1,-1,-1,-1,-1,-1,-1,-1,-1,-1,-1,-1,-1,-1,-1,-1,-1,-1,
1765570218910,CameraCapture,2932982541295448465,frame_captured_main,1765570218430,171,1536,864,43,-1,-1,-1,-1,-1,-1,-1,-1,-1,-1,-1,-1,-1,-1,-1,-1,-1,-1,-1,-1,
1765570218910,CameraCapture,2932982541295448465,frame_captured_tpu,1765570218430,171,300,300,43,-1,-1,-1,-1,-1,-1,-1,-1,-1,-1,-1,-1,-1,-1,-1,-1,-1,-1,-1,-1,
1765570218954,CameraCapture,2932982541295448465,frame_captured_main,1765570218474,172,1536,864,43,-1,-1,-1,-1,-1,-1,-1,-1,-1,-1,-1,-1,-1,-1,-1,-1,-1,-1,-1,-1,
1765570218954,CameraCapture,2932982541295448465,frame_captured_tpu,1765570218474,172,300,300,43,-1,-1,-1,-1,-1,-1,-1,-1,-1,-1,-1,-1,-1,-1,-1,-1,-1,-1,-1,-1,
1765570218998,CameraCapture,2932982541295448465,frame_captured_main,1765570218519,173,1536,864,43,-1,-1,-1,-1,-1,-1,-1,-1,-1,-1,-1,-1,-1,-1,-1,-1,-1,-1,-1,-1,
1765570218998,CameraCapture,2932982541295448465,frame_captured_tpu,1765570218519,173,300,300,43,-1,-1,-1,-1,-1,-1,-1,-1,-1,-1,-1,-1,-1,-1,-1,-1,-1,-1,-1,-1,
1765570219042,CameraCapture,2932982541295448465,frame_captured_main,1765570218562,174,1536,864,43,-1,-1,-1,-1,-1,-1,-1,-1,-1,-1,-1,-1,-1,-1,-1,-1,-1,-1,-1,-1,
1765570219042,CameraCapture,2932982541295448465,frame_captured_tpu,1765570218562,174,300,300,43,-1,-1,-1,-1,-1,-1,-1,-1,-1,-1,-1,-1,-1,-1,-1,-1,-1,-1,-1,-1,
1765570219085,CameraCapture,2932982541295448465,frame_captured_main,1765570218605,175,1536,864,43,-1,-1,-1,-1,-1,-1,-1,-1,-1,-1,-1,-1,-1,-1,-1,-1,-1,-1,-1,-1,
1765570219085,CameraCapture,2932982541295448465,frame_captured_tpu,1765570218605,175,300,300,43,-1,-1,-1,-1,-1,-1,-1,-1,-1,-1,-1,-1,-1,-1,-1,-1,-1,-1,-1,-1,
1765570219129,CameraCapture,2932982541295448465,frame_captured_main,1765570218649,176,1536,864,43,-1,-1,-1,-1,-1,-1,-1,-1,-1,-1,-1,-1,-1,-1,-1,-1,-1,-1,-1,-1,
1765570219129,CameraCapture,2932982541295448465,frame_captured_tpu,1765570218649,176,300,300,43,-1,-1,-1,-1,-1,-1,-1,-1,-1,-1,-1,-1,-1,-1,-1,-1,-1,-1,-1,-1,
1765570219172,CameraCapture,2932982541295448465,frame_captured_main,1765570218694,177,1536,864,43,-1,-1,-1,-1,-1,-1,-1,-1,-1,-1,-1,-1,-1,-1,-1,-1,-1,-1,-1,-1,
1765570219172,CameraCapture,2932982541295448465,frame_captured_tpu,1765570218694,177,300,300,43,-1,-1,-1,-1,-1,-1,-1,-1,-1,-1,-1,-1,-1,-1,-1,-1,-1,-1,-1,-1,
1765570219216,CameraCapture,2932982541295448465,frame_captured_main,1765570218736,178,1536,864,43,-1,-1,-1,-1,-1,-1,-1,-1,-1,-1,-1,-1,-1,-1,-1,-1,-1,-1,-1,-1,
1765570219216,CameraCapture,2932982541295448465,frame_captured_tpu,1765570218736,178,300,300,43,-1,-1,-1,-1,-1,-1,-1,-1,-1,-1,-1,-1,-1,-1,-1,-1,-1,-1,-1,-1,
1765570219260,CameraCapture,2932982541295448465,frame_captured_main,1765570218780,179,1536,864,43,-1,-1,-1,-1,-1,-1,-1,-1,-1,-1,-1,-1,-1,-1,-1,-1,-1,-1,-1,-1,
1765570219260,CameraCapture,2932982541295448465,frame_captured_tpu,1765570218780,179,300,300,43,-1,-1,-1,-1,-1,-1,-1,-1,-1,-1,-1,-1,-1,-1,-1,-1,-1,-1,-1,-1,
1765570219304,CameraCapture,2932982541295448465,frame_captured_main,1765570218825,180,1536,864,43,-1,-1,-1,-1,-1,-1,-1,-1,-1,-1,-1,-1,-1,-1,-1,-1,-1,-1,-1,-1,
1765570219304,CameraCapture,2932982541295448465,frame_captured_tpu,1765570218825,180,300,300,43,-1,-1,-1,-1,-1,-1,-1,-1,-1,-1,-1,-1,-1,-1,-1,-1,-1,-1,-1,-1,
1765570219347,CameraCapture,2932982541295448465,frame_captured_main,1765570218869,181,1536,864,43,-1,-1,-1,-1,-1,-1,-1,-1,-1,-1,-1,-1,-1,-1,-1,-1,-1,-1,-1,-1,
1765570219347,CameraCapture,2932982541295448465,frame_captured_tpu,1765570218869,181,300,300,43,-1,-1,-1,-1,-1,-1,-1,-1,-1,-1,-1,-1,-1,-1,-1,-1,-1,-1,-1,-1,
1765570219391,CameraCapture,2932982541295448465,frame_captured_main,1765570218911,182,1536,864,43,-1,-1,-1,-1,-1,-1,-1,-1,-1,-1,-1,-1,-1,-1,-1,-1,-1,-1,-1,-1,
1765570219391,CameraCapture,2932982541295448465,frame_captured_tpu,1765570218911,182,300,300,43,-1,-1,-1,-1,-1,-1,-1,-1,-1,-1,-1,-1,-1,-1,-1,-1,-1,-1,-1,-1,
1765570219435,CameraCapture,2932982541295448465,frame_captured_main,1765570218956,183,1536,864,43,-1,-1,-1,-1,-1,-1,-1,-1,-1,-1,-1,-1,-1,-1,-1,-1,-1,-1,-1,-1,
1765570219435,CameraCapture,2932982541295448465,frame_captured_tpu,1765570218956,183,300,300,43,-1,-1,-1,-1,-1,-1,-1,-1,-1,-1,-1,-1,-1,-1,-1,-1,-1,-1,-1,-1,
1765570219479,CameraCapture,2932982541295448465,frame_captured_main,1765570219000,184,1536,864,43,-1,-1,-1,-1,-1,-1,-1,-1,-1,-1,-1,-1,-1,-1,-1,-1,-1,-1,-1,-1,
1765570219479,CameraCapture,2932982541295448465,frame_captured_tpu,1765570219000,184,300,300,43,-1,-1,-1,-1,-1,-1,-1,-1,-1,-1,-1,-1,-1,-1,-1,-1,-1,-1,-1,-1,
1765570219522,CameraCapture,2932982541295448465,frame_captured_main,1765570219044,185,1536,864,43,-1,-1,-1,-1,-1,-1,-1,-1,-1,-1,-1,-1,-1,-1,-1,-1,-1,-1,-1,-1,
1765570219522,CameraCapture,2932982541295448465,frame_captured_tpu,1765570219044,185,300,300,43,-1,-1,-1,-1,-1,-1,-1,-1,-1,-1,-1,-1,-1,-1,-1,-1,-1,-1,-1,-1,
1765570219566,CameraCapture,2932982541295448465,frame_captured_main,1765570219086,186,1536,864,43,-1,-1,-1,-1,-1,-1,-1,-1,-1,-1,-1,-1,-1,-1,-1,-1,-1,-1,-1,-1,
1765570219566,CameraCapture,2932982541295448465,frame_captured_tpu,1765570219086,186,300,300,43,-1,-1,-1,-1,-1,-1,-1,-1,-1,-1,-1,-1,-1,-1,-1,-1,-1,-1,-1,-1,
1765570219610,CameraCapture,2932982541295448465,frame_captured_main,1765570219130,187,1536,864,43,-1,-1,-1,-1,-1,-1,-1,-1,-1,-1,-1,-1,-1,-1,-1,-1,-1,-1,-1,-1,
1765570219610,CameraCapture,2932982541295448465,frame_captured_tpu,1765570219130,187,300,300,43,-1,-1,-1,-1,-1,-1,-1,-1,-1,-1,-1,-1,-1,-1,-1,-1,-1,-1,-1,-1,
1765570219654,CameraCapture,2932982541295448465,frame_captured_main,1765570219174,188,1536,864,43,-1,-1,-1,-1,-1,-1,-1,-1,-1,-1,-1,-1,-1,-1,-1,-1,-1,-1,-1,-1,
1765570219654,CameraCapture,2932982541295448465,frame_captured_tpu,1765570219174,188,300,300,43,-1,-1,-1,-1,-1,-1,-1,-1,-1,-1,-1,-1,-1,-1,-1,-1,-1,-1,-1,-1,
1765570219697,CameraCapture,2932982541295448465,frame_captured_main,1765570219219,189,1536,864,43,-1,-1,-1,-1,-1,-1,-1,-1,-1,-1,-1,-1,-1,-1,-1,-1,-1,-1,-1,-1,
1765570219697,CameraCapture,2932982541295448465,frame_captured_tpu,1765570219219,189,300,300,43,-1,-1,-1,-1,-1,-1,-1,-1,-1,-1,-1,-1,-1,-1,-1,-1,-1,-1,-1,-1,
1765570219741,CameraCapture,2932982541295448465,frame_captured_main,1765570219261,190,1536,864,43,-1,-1,-1,-1,-1,-1,-1,-1,-1,-1,-1,-1,-1,-1,-1,-1,-1,-1,-1,-1,
1765570219741,CameraCapture,2932982541295448465,frame_captured_tpu,1765570219261,190,300,300,43,-1,-1,-1,-1,-1,-1,-1,-1,-1,-1,-1,-1,-1,-1,-1,-1,-1,-1,-1,-1,
1765570219785,CameraCapture,2932982541295448465,frame_captured_main,1765570219305,191,1536,864,43,-1,-1,-1,-1,-1,-1,-1,-1,-1,-1,-1,-1,-1,-1,-1,-1,-1,-1,-1,-1,
1765570219785,CameraCapture,2932982541295448465,frame_captured_tpu,1765570219305,191,300,300,43,-1,-1,-1,-1,-1,-1,-1,-1,-1,-1,-1,-1,-1,-1,-1,-1,-1,-1,-1,-1,
1765570219829,CameraCapture,2932982541295448465,frame_captured_main,1765570219350,192,1536,864,43,-1,-1,-1,-1,-1,-1,-1,-1,-1,-1,-1,-1,-1,-1,-1,-1,-1,-1,-1,-1,
1765570219829,CameraCapture,2932982541295448465,frame_captured_tpu,1765570219350,192,300,300,43,-1,-1,-1,-1,-1,-1,-1,-1,-1,-1,-1,-1,-1,-1,-1,-1,-1,-1,-1,-1,
1765570219871,CameraCapture,2932982541295448465,frame_captured_main,1765570219393,193,1536,864,43,-1,-1,-1,-1,-1,-1,-1,-1,-1,-1,-1,-1,-1,-1,-1,-1,-1,-1,-1,-1,
1765570219871,CameraCapture,2932982541295448465,frame_captured_tpu,1765570219393,193,300,300,43,-1,-1,-1,-1,-1,-1,-1,-1,-1,-1,-1,-1,-1,-1,-1,-1,-1,-1,-1,-1,
1765570219916,CameraCapture,2932982541295448465,frame_captured_main,1765570219436,194,1536,864,43,-1,-1,-1,-1,-1,-1,-1,-1,-1,-1,-1,-1,-1,-1,-1,-1,-1,-1,-1,-1,
1765570219916,CameraCapture,2932982541295448465,frame_captured_tpu,1765570219436,194,300,300,43,-1,-1,-1,-1,-1,-1,-1,-1,-1,-1,-1,-1,-1,-1,-1,-1,-1,-1,-1,-1,
1765570219960,CameraCapture,2932982541295448465,frame_captured_main,1765570219481,195,1536,864,43,-1,-1,-1,-1,-1,-1,-1,-1,-1,-1,-1,-1,-1,-1,-1,-1,-1,-1,-1,-1,
1765570219960,CameraCapture,2932982541295448465,frame_captured_tpu,1765570219481,195,300,300,43,-1,-1,-1,-1,-1,-1,-1,-1,-1,-1,-1,-1,-1,-1,-1,-1,-1,-1,-1,-1,
1765570220004,CameraCapture,2932982541295448465,frame_captured_main,1765570219525,196,1536,864,43,-1,-1,-1,-1,-1,-1,-1,-1,-1,-1,-1,-1,-1,-1,-1,-1,-1,-1,-1,-1,
1765570220004,CameraCapture,2932982541295448465,frame_captured_tpu,1765570219525,196,300,300,43,-1,-1,-1,-1,-1,-1,-1,-1,-1,-1,-1,-1,-1,-1,-1,-1,-1,-1,-1,-1,
1765570220046,CameraCapture,2932982541295448465,frame_captured_main,1765570219568,197,1536,864,43,-1,-1,-1,-1,-1,-1,-1,-1,-1,-1,-1,-1,-1,-1,-1,-1,-1,-1,-1,-1,
1765570220046,CameraCapture,2932982541295448465,frame_captured_tpu,1765570219568,197,300,300,43,-1,-1,-1,-1,-1,-1,-1,-1,-1,-1,-1,-1,-1,-1,-1,-1,-1,-1,-1,-1,
1765570220092,CameraCapture,2932982541295448465,frame_captured_main,1765570219611,198,1536,864,43,-1,-1,-1,-1,-1,-1,-1,-1,-1,-1,-1,-1,-1,-1,-1,-1,-1,-1,-1,-1,
1765570220092,CameraCapture,2932982541295448465,frame_captured_tpu,1765570219611,198,300,300,43,-1,-1,-1,-1,-1,-1,-1,-1,-1,-1,-1,-1,-1,-1,-1,-1,-1,-1,-1,-1,
1765570220135,CameraCapture,2932982541295448465,frame_captured_main,1765570219656,199,1536,864,43,-1,-1,-1,-1,-1,-1,-1,-1,-1,-1,-1,-1,-1,-1,-1,-1,-1,-1,-1,-1,
1765570220135,CameraCapture,2932982541295448465,frame_captured_tpu,1765570219656,199,300,300,43,-1,-1,-1,-1,-1,-1,-1,-1,-1,-1,-1,-1,-1,-1,-1,-1,-1,-1,-1,-1,
1765570220179,CameraCapture,2932982541295448465,frame_captured_main,1765570219700,200,1536,864,43,-1,-1,-1,-1,-1,-1,-1,-1,-1,-1,-1,-1,-1,-1,-1,-1,-1,-1,-1,-1,
1765570220179,CameraCapture,2932982541295448465,frame_captured_tpu,1765570219700,200,300,300,43,-1,-1,-1,-1,-1,-1,-1,-1,-1,-1,-1,-1,-1,-1,-1,-1,-1,-1,-1,-1,
1765570220221,CameraCapture,2932982541295448465,frame_captured_main,1765570219743,201,1536,864,43,-1,-1,-1,-1,-1,-1,-1,-1,-1,-1,-1,-1,-1,-1,-1,-1,-1,-1,-1,-1,
1765570220221,CameraCapture,2932982541295448465,frame_captured_tpu,1765570219743,201,300,300,43,-1,-1,-1,-1,-1,-1,-1,-1,-1,-1,-1,-1,-1,-1,-1,-1,-1,-1,-1,-1,
1765570220266,CameraCapture,2932982541295448465,frame_captured_main,1765570219786,202,1536,864,43,-1,-1,-1,-1,-1,-1,-1,-1,-1,-1,-1,-1,-1,-1,-1,-1,-1,-1,-1,-1,
1765570220266,CameraCapture,2932982541295448465,frame_captured_tpu,1765570219786,202,300,300,43,-1,-1,-1,-1,-1,-1,-1,-1,-1,-1,-1,-1,-1,-1,-1,-1,-1,-1,-1,-1,
1765570220310,CameraCapture,2932982541295448465,frame_captured_main,1765570219831,203,1536,864,43,-1,-1,-1,-1,-1,-1,-1,-1,-1,-1,-1,-1,-1,-1,-1,-1,-1,-1,-1,-1,
1765570220310,CameraCapture,2932982541295448465,frame_captured_tpu,1765570219831,203,300,300,43,-1,-1,-1,-1,-1,-1,-1,-1,-1,-1,-1,-1,-1,-1,-1,-1,-1,-1,-1,-1,
1765570220354,CameraCapture,2932982541295448465,frame_captured_main,1765570219875,204,1536,864,43,-1,-1,-1,-1,-1,-1,-1,-1,-1,-1,-1,-1,-1,-1,-1,-1,-1,-1,-1,-1,
1765570220354,CameraCapture,2932982541295448465,frame_captured_tpu,1765570219875,204,300,300,43,-1,-1,-1,-1,-1,-1,-1,-1,-1,-1,-1,-1,-1,-1,-1,-1,-1,-1,-1,-1,
1765570220396,CameraCapture,2932982541295448465,frame_captured_main,1765570219918,205,1536,864,43,-1,-1,-1,-1,-1,-1,-1,-1,-1,-1,-1,-1,-1,-1,-1,-1,-1,-1,-1,-1,
1765570220396,CameraCapture,2932982541295448465,frame_captured_tpu,1765570219918,205,300,300,43,-1,-1,-1,-1,-1,-1,-1,-1,-1,-1,-1,-1,-1,-1,-1,-1,-1,-1,-1,-1,
1765570220442,CameraCapture,2932982541295448465,frame_captured_main,1765570219961,206,1536,864,43,-1,-1,-1,-1,-1,-1,-1,-1,-1,-1,-1,-1,-1,-1,-1,-1,-1,-1,-1,-1,
1765570220442,CameraCapture,2932982541295448465,frame_captured_tpu,1765570219961,206,300,300,43,-1,-1,-1,-1,-1,-1,-1,-1,-1,-1,-1,-1,-1,-1,-1,-1,-1,-1,-1,-1,
1765570220484,CameraCapture,2932982541295448465,frame_captured_main,1765570220005,207,1536,864,43,-1,-1,-1,-1,-1,-1,-1,-1,-1,-1,-1,-1,-1,-1,-1,-1,-1,-1,-1,-1,
1765570220484,CameraCapture,2932982541295448465,frame_captured_tpu,1765570220005,207,300,300,43,-1,-1,-1,-1,-1,-1,-1,-1,-1,-1,-1,-1,-1,-1,-1,-1,-1,-1,-1,-1,
1765570220529,CameraCapture,2932982541295448465,frame_captured_main,1765570220050,208,1536,864,43,-1,-1,-1,-1,-1,-1,-1,-1,-1,-1,-1,-1,-1,-1,-1,-1,-1,-1,-1,-1,
1765570220529,CameraCapture,2932982541295448465,frame_captured_tpu,1765570220050,208,300,300,43,-1,-1,-1,-1,-1,-1,-1,-1,-1,-1,-1,-1,-1,-1,-1,-1,-1,-1,-1,-1,
1765570220571,CameraCapture,2932982541295448465,frame_captured_main,1765570220092,209,1536,864,43,-1,-1,-1,-1,-1,-1,-1,-1,-1,-1,-1,-1,-1,-1,-1,-1,-1,-1,-1,-1,
1765570220571,CameraCapture,2932982541295448465,frame_captured_tpu,1765570220092,209,300,300,43,-1,-1,-1,-1,-1,-1,-1,-1,-1,-1,-1,-1,-1,-1,-1,-1,-1,-1,-1,-1,
1765570220616,CameraCapture,2932982541295448465,frame_captured_main,1765570220136,210,1536,864,43,-1,-1,-1,-1,-1,-1,-1,-1,-1,-1,-1,-1,-1,-1,-1,-1,-1,-1,-1,-1,
1765570220616,CameraCapture,2932982541295448465,frame_captured_tpu,1765570220136,210,300,300,43,-1,-1,-1,-1,-1,-1,-1,-1,-1,-1,-1,-1,-1,-1,-1,-1,-1,-1,-1,-1,
1765570220660,CameraCapture,2932982541295448465,frame_captured_main,1765570220181,211,1536,864,43,-1,-1,-1,-1,-1,-1,-1,-1,-1,-1,-1,-1,-1,-1,-1,-1,-1,-1,-1,-1,
1765570220660,CameraCapture,2932982541295448465,frame_captured_tpu,1765570220181,211,300,300,43,-1,-1,-1,-1,-1,-1,-1,-1,-1,-1,-1,-1,-1,-1,-1,-1,-1,-1,-1,-1,
1765570220704,CameraCapture,2932982541295448465,frame_captured_main,1765570220224,212,1536,864,43,-1,-1,-1,-1,-1,-1,-1,-1,-1,-1,-1,-1,-1,-1,-1,-1,-1,-1,-1,-1,
1765570220704,CameraCapture,2932982541295448465,frame_captured_tpu,1765570220224,212,300,300,43,-1,-1,-1,-1,-1,-1,-1,-1,-1,-1,-1,-1,-1,-1,-1,-1,-1,-1,-1,-1,
1765570220746,CameraCapture,2932982541295448465,frame_captured_main,1765570220267,213,1536,864,43,-1,-1,-1,-1,-1,-1,-1,-1,-1,-1,-1,-1,-1,-1,-1,-1,-1,-1,-1,-1,
1765570220746,CameraCapture,2932982541295448465,frame_captured_tpu,1765570220267,213,300,300,43,-1,-1,-1,-1,-1,-1,-1,-1,-1,-1,-1,-1,-1,-1,-1,-1,-1,-1,-1,-1,
1765570220791,CameraCapture,2932982541295448465,frame_captured_main,1765570220311,214,1536,864,43,-1,-1,-1,-1,-1,-1,-1,-1,-1,-1,-1,-1,-1,-1,-1,-1,-1,-1,-1,-1,
1765570220791,CameraCapture,2932982541295448465,frame_captured_tpu,1765570220311,214,300,300,43,-1,-1,-1,-1,-1,-1,-1,-1,-1,-1,-1,-1,-1,-1,-1,-1,-1,-1,-1,-1,
1765570220835,CameraCapture,2932982541295448465,frame_captured_main,1765570220356,215,1536,864,43,-1,-1,-1,-1,-1,-1,-1,-1,-1,-1,-1,-1,-1,-1,-1,-1,-1,-1,-1,-1,
1765570220835,CameraCapture,2932982541295448465,frame_captured_tpu,1765570220356,215,300,300,43,-1,-1,-1,-1,-1,-1,-1,-1,-1,-1,-1,-1,-1,-1,-1,-1,-1,-1,-1,-1,
1765570220879,CameraCapture,2932982541295448465,frame_captured_main,1765570220400,216,1536,864,43,-1,-1,-1,-1,-1,-1,-1,-1,-1,-1,-1,-1,-1,-1,-1,-1,-1,-1,-1,-1,
1765570220879,CameraCapture,2932982541295448465,frame_captured_tpu,1765570220400,216,300,300,43,-1,-1,-1,-1,-1,-1,-1,-1,-1,-1,-1,-1,-1,-1,-1,-1,-1,-1,-1,-1,
1765570220921,CameraCapture,2932982541295448465,frame_captured_main,1765570220442,217,1536,864,43,-1,-1,-1,-1,-1,-1,-1,-1,-1,-1,-1,-1,-1,-1,-1,-1,-1,-1,-1,-1,
1765570220921,CameraCapture,2932982541295448465,frame_captured_tpu,1765570220442,217,300,300,43,-1,-1,-1,-1,-1,-1,-1,-1,-1,-1,-1,-1,-1,-1,-1,-1,-1,-1,-1,-1,
1765570220966,CameraCapture,2932982541295448465,frame_captured_main,1765570220486,218,1536,864,43,-1,-1,-1,-1,-1,-1,-1,-1,-1,-1,-1,-1,-1,-1,-1,-1,-1,-1,-1,-1,
1765570220966,CameraCapture,2932982541295448465,frame_captured_tpu,1765570220486,218,300,300,43,-1,-1,-1,-1,-1,-1,-1,-1,-1,-1,-1,-1,-1,-1,-1,-1,-1,-1,-1,-1,
1765570221010,CameraCapture,2932982541295448465,frame_captured_main,1765570220531,219,1536,864,43,-1,-1,-1,-1,-1,-1,-1,-1,-1,-1,-1,-1,-1,-1,-1,-1,-1,-1,-1,-1,
1765570221010,CameraCapture,2932982541295448465,frame_captured_tpu,1765570220531,219,300,300,43,-1,-1,-1,-1,-1,-1,-1,-1,-1,-1,-1,-1,-1,-1,-1,-1,-1,-1,-1,-1,
1765570221054,CameraCapture,2932982541295448465,frame_captured_main,1765570220575,220,1536,864,43,-1,-1,-1,-1,-1,-1,-1,-1,-1,-1,-1,-1,-1,-1,-1,-1,-1,-1,-1,-1,
1765570221054,CameraCapture,2932982541295448465,frame_captured_tpu,1765570220575,220,300,300,43,-1,-1,-1,-1,-1,-1,-1,-1,-1,-1,-1,-1,-1,-1,-1,-1,-1,-1,-1,-1,
1765570221096,CameraCapture,2932982541295448465,frame_captured_main,1765570220617,221,1536,864,43,-1,-1,-1,-1,-1,-1,-1,-1,-1,-1,-1,-1,-1,-1,-1,-1,-1,-1,-1,-1,
1765570221096,CameraCapture,2932982541295448465,frame_captured_tpu,1765570220617,221,300,300,43,-1,-1,-1,-1,-1,-1,-1,-1,-1,-1,-1,-1,-1,-1,-1,-1,-1,-1,-1,-1,
1765570221141,CameraCapture,2932982541295448465,frame_captured_main,1765570220661,222,1536,864,43,-1,-1,-1,-1,-1,-1,-1,-1,-1,-1,-1,-1,-1,-1,-1,-1,-1,-1,-1,-1,
1765570221141,CameraCapture,2932982541295448465,frame_captured_tpu,1765570220661,222,300,300,43,-1,-1,-1,-1,-1,-1,-1,-1,-1,-1,-1,-1,-1,-1,-1,-1,-1,-1,-1,-1,
1765570221185,CameraCapture,2932982541295448465,frame_captured_main,1765570220705,223,1536,864,43,-1,-1,-1,-1,-1,-1,-1,-1,-1,-1,-1,-1,-1,-1,-1,-1,-1,-1,-1,-1,
1765570221185,CameraCapture,2932982541295448465,frame_captured_tpu,1765570220705,223,300,300,43,-1,-1,-1,-1,-1,-1,-1,-1,-1,-1,-1,-1,-1,-1,-1,-1,-1,-1,-1,-1,
1765570221229,CameraCapture,2932982541295448465,frame_captured_main,1765570220750,224,1536,864,43,-1,-1,-1,-1,-1,-1,-1,-1,-1,-1,-1,-1,-1,-1,-1,-1,-1,-1,-1,-1,
1765570221229,CameraCapture,2932982541295448465,frame_captured_tpu,1765570220750,224,300,300,43,-1,-1,-1,-1,-1,-1,-1,-1,-1,-1,-1,-1,-1,-1,-1,-1,-1,-1,-1,-1,
1765570221271,CameraCapture,2932982541295448465,frame_captured_main,1765570220792,225,1536,864,43,-1,-1,-1,-1,-1,-1,-1,-1,-1,-1,-1,-1,-1,-1,-1,-1,-1,-1,-1,-1,
1765570221271,CameraCapture,2932982541295448465,frame_captured_tpu,1765570220792,225,300,300,43,-1,-1,-1,-1,-1,-1,-1,-1,-1,-1,-1,-1,-1,-1,-1,-1,-1,-1,-1,-1,
1765570221316,CameraCapture,2932982541295448465,frame_captured_main,1765570220836,226,1536,864,43,-1,-1,-1,-1,-1,-1,-1,-1,-1,-1,-1,-1,-1,-1,-1,-1,-1,-1,-1,-1,
1765570221316,CameraCapture,2932982541295448465,frame_captured_tpu,1765570220836,226,300,300,43,-1,-1,-1,-1,-1,-1,-1,-1,-1,-1,-1,-1,-1,-1,-1,-1,-1,-1,-1,-1,
1765570221359,CameraCapture,2932982541295448465,frame_captured_main,1765570220880,227,1536,864,43,-1,-1,-1,-1,-1,-1,-1,-1,-1,-1,-1,-1,-1,-1,-1,-1,-1,-1,-1,-1,
1765570221359,CameraCapture,2932982541295448465,frame_captured_tpu,1765570220880,227,300,300,43,-1,-1,-1,-1,-1,-1,-1,-1,-1,-1,-1,-1,-1,-1,-1,-1,-1,-1,-1,-1,
1765570221404,CameraCapture,2932982541295448465,frame_captured_main,1765570220925,228,1536,864,43,-1,-1,-1,-1,-1,-1,-1,-1,-1,-1,-1,-1,-1,-1,-1,-1,-1,-1,-1,-1,
1765570221404,CameraCapture,2932982541295448465,frame_captured_tpu,1765570220925,228,300,300,43,-1,-1,-1,-1,-1,-1,-1,-1,-1,-1,-1,-1,-1,-1,-1,-1,-1,-1,-1,-1,
1765570221446,CameraCapture,2932982541295448465,frame_captured_main,1765570220967,229,1536,864,43,-1,-1,-1,-1,-1,-1,-1,-1,-1,-1,-1,-1,-1,-1,-1,-1,-1,-1,-1,-1,
1765570221446,CameraCapture,2932982541295448465,frame_captured_tpu,1765570220967,229,300,300,43,-1,-1,-1,-1,-1,-1,-1,-1,-1,-1,-1,-1,-1,-1,-1,-1,-1,-1,-1,-1,
1765570221491,CameraCapture,2932982541295448465,frame_captured_main,1765570221011,230,1536,864,43,-1,-1,-1,-1,-1,-1,-1,-1,-1,-1,-1,-1,-1,-1,-1,-1,-1,-1,-1,-1,
1765570221491,CameraCapture,2932982541295448465,frame_captured_tpu,1765570221011,230,300,300,43,-1,-1,-1,-1,-1,-1,-1,-1,-1,-1,-1,-1,-1,-1,-1,-1,-1,-1,-1,-1,
1765570221534,CameraCapture,2932982541295448465,frame_captured_main,1765570221055,231,1536,864,43,-1,-1,-1,-1,-1,-1,-1,-1,-1,-1,-1,-1,-1,-1,-1,-1,-1,-1,-1,-1,
1765570221534,CameraCapture,2932982541295448465,frame_captured_tpu,1765570221055,231,300,300,43,-1,-1,-1,-1,-1,-1,-1,-1,-1,-1,-1,-1,-1,-1,-1,-1,-1,-1,-1,-1,
1765570221579,CameraCapture,2932982541295448465,frame_captured_main,1765570221099,232,1536,864,43,-1,-1,-1,-1,-1,-1,-1,-1,-1,-1,-1,-1,-1,-1,-1,-1,-1,-1,-1,-1,
1765570221579,CameraCapture,2932982541295448465,frame_captured_tpu,1765570221099,232,300,300,43,-1,-1,-1,-1,-1,-1,-1,-1,-1,-1,-1,-1,-1,-1,-1,-1,-1,-1,-1,-1,
1765570221621,CameraCapture,2932982541295448465,frame_captured_main,1765570221142,233,1536,864,43,-1,-1,-1,-1,-1,-1,-1,-1,-1,-1,-1,-1,-1,-1,-1,-1,-1,-1,-1,-1,
1765570221621,CameraCapture,2932982541295448465,frame_captured_tpu,1765570221142,233,300,300,43,-1,-1,-1,-1,-1,-1,-1,-1,-1,-1,-1,-1,-1,-1,-1,-1,-1,-1,-1,-1,
1765570221666,CameraCapture,2932982541295448465,frame_captured_main,1765570221186,234,1536,864,43,-1,-1,-1,-1,-1,-1,-1,-1,-1,-1,-1,-1,-1,-1,-1,-1,-1,-1,-1,-1,
1765570221666,CameraCapture,2932982541295448465,frame_captured_tpu,1765570221186,234,300,300,43,-1,-1,-1,-1,-1,-1,-1,-1,-1,-1,-1,-1,-1,-1,-1,-1,-1,-1,-1,-1,
1765570221709,CameraCapture,2932982541295448465,frame_captured_main,1765570221230,235,1536,864,43,-1,-1,-1,-1,-1,-1,-1,-1,-1,-1,-1,-1,-1,-1,-1,-1,-1,-1,-1,-1,
1765570221709,CameraCapture,2932982541295448465,frame_captured_tpu,1765570221230,235,300,300,43,-1,-1,-1,-1,-1,-1,-1,-1,-1,-1,-1,-1,-1,-1,-1,-1,-1,-1,-1,-1,
1765570221753,CameraCapture,2932982541295448465,frame_captured_main,1765570221274,236,1536,864,43,-1,-1,-1,-1,-1,-1,-1,-1,-1,-1,-1,-1,-1,-1,-1,-1,-1,-1,-1,-1,
1765570221753,CameraCapture,2932982541295448465,frame_captured_tpu,1765570221274,236,300,300,43,-1,-1,-1,-1,-1,-1,-1,-1,-1,-1,-1,-1,-1,-1,-1,-1,-1,-1,-1,-1,
1765570221796,CameraCapture,2932982541295448465,frame_captured_main,1765570221317,237,1536,864,43,-1,-1,-1,-1,-1,-1,-1,-1,-1,-1,-1,-1,-1,-1,-1,-1,-1,-1,-1,-1,
1765570221796,CameraCapture,2932982541295448465,frame_captured_tpu,1765570221317,237,300,300,43,-1,-1,-1,-1,-1,-1,-1,-1,-1,-1,-1,-1,-1,-1,-1,-1,-1,-1,-1,-1,
1765570221841,CameraCapture,2932982541295448465,frame_captured_main,1765570221361,238,1536,864,43,-1,-1,-1,-1,-1,-1,-1,-1,-1,-1,-1,-1,-1,-1,-1,-1,-1,-1,-1,-1,
1765570221841,CameraCapture,2932982541295448465,frame_captured_tpu,1765570221361,238,300,300,43,-1,-1,-1,-1,-1,-1,-1,-1,-1,-1,-1,-1,-1,-1,-1,-1,-1,-1,-1,-1,
1765570221884,CameraCapture,2932982541295448465,frame_captured_main,1765570221405,239,1536,864,43,-1,-1,-1,-1,-1,-1,-1,-1,-1,-1,-1,-1,-1,-1,-1,-1,-1,-1,-1,-1,
1765570221884,CameraCapture,2932982541295448465,frame_captured_tpu,1765570221405,239,300,300,43,-1,-1,-1,-1,-1,-1,-1,-1,-1,-1,-1,-1,-1,-1,-1,-1,-1,-1,-1,-1,
1765570221928,CameraCapture,2932982541295448465,frame_captured_main,1765570221449,240,1536,864,43,-1,-1,-1,-1,-1,-1,-1,-1,-1,-1,-1,-1,-1,-1,-1,-1,-1,-1,-1,-1,
1765570221928,CameraCapture,2932982541295448465,frame_captured_tpu,1765570221449,240,300,300,43,-1,-1,-1,-1,-1,-1,-1,-1,-1,-1,-1,-1,-1,-1,-1,-1,-1,-1,-1,-1,
1765570221971,CameraCapture,2932982541295448465,frame_captured_main,1765570221492,241,1536,864,43,-1,-1,-1,-1,-1,-1,-1,-1,-1,-1,-1,-1,-1,-1,-1,-1,-1,-1,-1,-1,
1765570221971,CameraCapture,2932982541295448465,frame_captured_tpu,1765570221492,241,300,300,43,-1,-1,-1,-1,-1,-1,-1,-1,-1,-1,-1,-1,-1,-1,-1,-1,-1,-1,-1,-1,
1765570222016,CameraCapture,2932982541295448465,frame_captured_main,1765570221536,242,1536,864,43,-1,-1,-1,-1,-1,-1,-1,-1,-1,-1,-1,-1,-1,-1,-1,-1,-1,-1,-1,-1,
1765570222016,CameraCapture,2932982541295448465,frame_captured_tpu,1765570221536,242,300,300,43,-1,-1,-1,-1,-1,-1,-1,-1,-1,-1,-1,-1,-1,-1,-1,-1,-1,-1,-1,-1,
1765570222059,CameraCapture,2932982541295448465,frame_captured_main,1765570221580,243,1536,864,43,-1,-1,-1,-1,-1,-1,-1,-1,-1,-1,-1,-1,-1,-1,-1,-1,-1,-1,-1,-1,
1765570222059,CameraCapture,2932982541295448465,frame_captured_tpu,1765570221580,243,300,300,43,-1,-1,-1,-1,-1,-1,-1,-1,-1,-1,-1,-1,-1,-1,-1,-1,-1,-1,-1,-1,
1765570222103,CameraCapture,2932982541295448465,frame_captured_main,1765570221623,244,1536,864,43,-1,-1,-1,-1,-1,-1,-1,-1,-1,-1,-1,-1,-1,-1,-1,-1,-1,-1,-1,-1,
1765570222103,CameraCapture,2932982541295448465,frame_captured_tpu,1765570221623,244,300,300,43,-1,-1,-1,-1,-1,-1,-1,-1,-1,-1,-1,-1,-1,-1,-1,-1,-1,-1,-1,-1,
1765570222147,CameraCapture,2932982541295448465,frame_captured_main,1765570221668,245,1536,864,43,-1,-1,-1,-1,-1,-1,-1,-1,-1,-1,-1,-1,-1,-1,-1,-1,-1,-1,-1,-1,
1765570222147,CameraCapture,2932982541295448465,frame_captured_tpu,1765570221668,245,300,300,43,-1,-1,-1,-1,-1,-1,-1,-1,-1,-1,-1,-1,-1,-1,-1,-1,-1,-1,-1,-1,
1765570222191,CameraCapture,2932982541295448465,frame_captured_main,1765570221711,246,1536,864,43,-1,-1,-1,-1,-1,-1,-1,-1,-1,-1,-1,-1,-1,-1,-1,-1,-1,-1,-1,-1,
1765570222191,CameraCapture,2932982541295448465,frame_captured_tpu,1765570221711,246,300,300,43,-1,-1,-1,-1,-1,-1,-1,-1,-1,-1,-1,-1,-1,-1,-1,-1,-1,-1,-1,-1,
1765570222234,CameraCapture,2932982541295448465,frame_captured_main,1765570221755,247,1536,864,43,-1,-1,-1,-1,-1,-1,-1,-1,-1,-1,-1,-1,-1,-1,-1,-1,-1,-1,-1,-1,
1765570222234,CameraCapture,2932982541295448465,frame_captured_tpu,1765570221755,247,300,300,43,-1,-1,-1,-1,-1,-1,-1,-1,-1,-1,-1,-1,-1,-1,-1,-1,-1,-1,-1,-1,
1765570222278,CameraCapture,2932982541295448465,frame_captured_main,1765570221798,248,1536,864,43,-1,-1,-1,-1,-1,-1,-1,-1,-1,-1,-1,-1,-1,-1,-1,-1,-1,-1,-1,-1,
1765570222278,CameraCapture,2932982541295448465,frame_captured_tpu,1765570221798,248,300,300,43,-1,-1,-1,-1,-1,-1,-1,-1,-1,-1,-1,-1,-1,-1,-1,-1,-1,-1,-1,-1,
1765570222321,CameraCapture,2932982541295448465,frame_captured_main,1765570221842,249,1536,864,43,-1,-1,-1,-1,-1,-1,-1,-1,-1,-1,-1,-1,-1,-1,-1,-1,-1,-1,-1,-1,
1765570222321,CameraCapture,2932982541295448465,frame_captured_tpu,1765570221842,249,300,300,43,-1,-1,-1,-1,-1,-1,-1,-1,-1,-1,-1,-1,-1,-1,-1,-1,-1,-1,-1,-1,
1765570222366,CameraCapture,2932982541295448465,frame_captured_main,1765570221886,250,1536,864,43,-1,-1,-1,-1,-1,-1,-1,-1,-1,-1,-1,-1,-1,-1,-1,-1,-1,-1,-1,-1,
1765570222366,CameraCapture,2932982541295448465,frame_captured_tpu,1765570221886,250,300,300,43,-1,-1,-1,-1,-1,-1,-1,-1,-1,-1,-1,-1,-1,-1,-1,-1,-1,-1,-1,-1,
1765570222409,CameraCapture,2932982541295448465,frame_captured_main,1765570221930,251,1536,864,43,-1,-1,-1,-1,-1,-1,-1,-1,-1,-1,-1,-1,-1,-1,-1,-1,-1,-1,-1,-1,
1765570222409,CameraCapture,2932982541295448465,frame_captured_tpu,1765570221930,251,300,300,43,-1,-1,-1,-1,-1,-1,-1,-1,-1,-1,-1,-1,-1,-1,-1,-1,-1,-1,-1,-1,
1765570222453,CameraCapture,2932982541295448465,frame_captured_main,1765570221973,252,1536,864,43,-1,-1,-1,-1,-1,-1,-1,-1,-1,-1,-1,-1,-1,-1,-1,-1,-1,-1,-1,-1,
1765570222453,CameraCapture,2932982541295448465,frame_captured_tpu,1765570221973,252,300,300,43,-1,-1,-1,-1,-1,-1,-1,-1,-1,-1,-1,-1,-1,-1,-1,-1,-1,-1,-1,-1,
1765570222496,CameraCapture,2932982541295448465,frame_captured_main,1765570222017,253,1536,864,43,-1,-1,-1,-1,-1,-1,-1,-1,-1,-1,-1,-1,-1,-1,-1,-1,-1,-1,-1,-1,
1765570222496,CameraCapture,2932982541295448465,frame_captured_tpu,1765570222017,253,300,300,43,-1,-1,-1,-1,-1,-1,-1,-1,-1,-1,-1,-1,-1,-1,-1,-1,-1,-1,-1,-1,
1765570222541,CameraCapture,2932982541295448465,frame_captured_main,1765570222061,254,1536,864,43,-1,-1,-1,-1,-1,-1,-1,-1,-1,-1,-1,-1,-1,-1,-1,-1,-1,-1,-1,-1,
1765570222541,CameraCapture,2932982541295448465,frame_captured_tpu,1765570222061,254,300,300,43,-1,-1,-1,-1,-1,-1,-1,-1,-1,-1,-1,-1,-1,-1,-1,-1,-1,-1,-1,-1,
1765570222584,CameraCapture,2932982541295448465,frame_captured_main,1765570222105,255,1536,864,43,-1,-1,-1,-1,-1,-1,-1,-1,-1,-1,-1,-1,-1,-1,-1,-1,-1,-1,-1,-1,
1765570222584,CameraCapture,2932982541295448465,frame_captured_tpu,1765570222105,255,300,300,43,-1,-1,-1,-1,-1,-1,-1,-1,-1,-1,-1,-1,-1,-1,-1,-1,-1,-1,-1,-1,
1765570222629,CameraCapture,2932982541295448465,frame_captured_main,1765570222149,256,1536,864,43,-1,-1,-1,-1,-1,-1,-1,-1,-1,-1,-1,-1,-1,-1,-1,-1,-1,-1,-1,-1,
1765570222629,CameraCapture,2932982541295448465,frame_captured_tpu,1765570222149,256,300,300,43,-1,-1,-1,-1,-1,-1,-1,-1,-1,-1,-1,-1,-1,-1,-1,-1,-1,-1,-1,-1,
1765570222671,CameraCapture,2932982541295448465,frame_captured_main,1765570222192,257,1536,864,43,-1,-1,-1,-1,-1,-1,-1,-1,-1,-1,-1,-1,-1,-1,-1,-1,-1,-1,-1,-1,
1765570222671,CameraCapture,2932982541295448465,frame_captured_tpu,1765570222192,257,300,300,43,-1,-1,-1,-1,-1,-1,-1,-1,-1,-1,-1,-1,-1,-1,-1,-1,-1,-1,-1,-1,
1765570222716,CameraCapture,2932982541295448465,frame_captured_main,1765570222237,258,1536,864,43,-1,-1,-1,-1,-1,-1,-1,-1,-1,-1,-1,-1,-1,-1,-1,-1,-1,-1,-1,-1,
1765570222716,CameraCapture,2932982541295448465,frame_captured_tpu,1765570222237,258,300,300,43,-1,-1,-1,-1,-1,-1,-1,-1,-1,-1,-1,-1,-1,-1,-1,-1,-1,-1,-1,-1,
1765570222759,CameraCapture,2932982541295448465,frame_captured_main,1765570222280,259,1536,864,43,-1,-1,-1,-1,-1,-1,-1,-1,-1,-1,-1,-1,-1,-1,-1,-1,-1,-1,-1,-1,
1765570222759,CameraCapture,2932982541295448465,frame_captured_tpu,1765570222280,259,300,300,43,-1,-1,-1,-1,-1,-1,-1,-1,-1,-1,-1,-1,-1,-1,-1,-1,-1,-1,-1,-1,
1765570222803,CameraCapture,2932982541295448465,frame_captured_main,1765570222323,260,1536,864,43,-1,-1,-1,-1,-1,-1,-1,-1,-1,-1,-1,-1,-1,-1,-1,-1,-1,-1,-1,-1,
1765570222803,CameraCapture,2932982541295448465,frame_captured_tpu,1765570222323,260,300,300,43,-1,-1,-1,-1,-1,-1,-1,-1,-1,-1,-1,-1,-1,-1,-1,-1,-1,-1,-1,-1,
1765570222846,CameraCapture,2932982541295448465,frame_captured_main,1765570222367,261,1536,864,43,-1,-1,-1,-1,-1,-1,-1,-1,-1,-1,-1,-1,-1,-1,-1,-1,-1,-1,-1,-1,
1765570222846,CameraCapture,2932982541295448465,frame_captured_tpu,1765570222367,261,300,300,43,-1,-1,-1,-1,-1,-1,-1,-1,-1,-1,-1,-1,-1,-1,-1,-1,-1,-1,-1,-1,
1765570222891,CameraCapture,2932982541295448465,frame_captured_main,1765570222412,262,1536,864,43,-1,-1,-1,-1,-1,-1,-1,-1,-1,-1,-1,-1,-1,-1,-1,-1,-1,-1,-1,-1,
1765570222891,CameraCapture,2932982541295448465,frame_captured_tpu,1765570222412,262,300,300,43,-1,-1,-1,-1,-1,-1,-1,-1,-1,-1,-1,-1,-1,-1,-1,-1,-1,-1,-1,-1,
1765570222934,CameraCapture,2932982541295448465,frame_captured_main,1765570222455,263,1536,864,43,-1,-1,-1,-1,-1,-1,-1,-1,-1,-1,-1,-1,-1,-1,-1,-1,-1,-1,-1,-1,
1765570222934,CameraCapture,2932982541295448465,frame_captured_tpu,1765570222455,263,300,300,43,-1,-1,-1,-1,-1,-1,-1,-1,-1,-1,-1,-1,-1,-1,-1,-1,-1,-1,-1,-1,
1765570222978,CameraCapture,2932982541295448465,frame_captured_main,1765570222498,264,1536,864,43,-1,-1,-1,-1,-1,-1,-1,-1,-1,-1,-1,-1,-1,-1,-1,-1,-1,-1,-1,-1,
1765570222978,CameraCapture,2932982541295448465,frame_captured_tpu,1765570222498,264,300,300,43,-1,-1,-1,-1,-1,-1,-1,-1,-1,-1,-1,-1,-1,-1,-1,-1,-1,-1,-1,-1,
1765570223021,CameraCapture,2932982541295448465,frame_captured_main,1765570222542,265,1536,864,43,-1,-1,-1,-1,-1,-1,-1,-1,-1,-1,-1,-1,-1,-1,-1,-1,-1,-1,-1,-1,
1765570223021,CameraCapture,2932982541295448465,frame_captured_tpu,1765570222542,265,300,300,43,-1,-1,-1,-1,-1,-1,-1,-1,-1,-1,-1,-1,-1,-1,-1,-1,-1,-1,-1,-1,
1765570223066,CameraCapture,2932982541295448465,frame_captured_main,1765570222587,266,1536,864,43,-1,-1,-1,-1,-1,-1,-1,-1,-1,-1,-1,-1,-1,-1,-1,-1,-1,-1,-1,-1,
1765570223066,CameraCapture,2932982541295448465,frame_captured_tpu,1765570222587,266,300,300,43,-1,-1,-1,-1,-1,-1,-1,-1,-1,-1,-1,-1,-1,-1,-1,-1,-1,-1,-1,-1,
1765570223109,CameraCapture,2932982541295448465,frame_captured_main,1765570222630,267,1536,864,43,-1,-1,-1,-1,-1,-1,-1,-1,-1,-1,-1,-1,-1,-1,-1,-1,-1,-1,-1,-1,
1765570223109,CameraCapture,2932982541295448465,frame_captured_tpu,1765570222630,267,300,300,43,-1,-1,-1,-1,-1,-1,-1,-1,-1,-1,-1,-1,-1,-1,-1,-1,-1,-1,-1,-1,
1765570223153,CameraCapture,2932982541295448465,frame_captured_main,1765570222673,268,1536,864,43,-1,-1,-1,-1,-1,-1,-1,-1,-1,-1,-1,-1,-1,-1,-1,-1,-1,-1,-1,-1,
1765570223153,CameraCapture,2932982541295448465,frame_captured_tpu,1765570222673,268,300,300,43,-1,-1,-1,-1,-1,-1,-1,-1,-1,-1,-1,-1,-1,-1,-1,-1,-1,-1,-1,-1,
1765570223196,CameraCapture,2932982541295448465,frame_captured_main,1765570222718,269,1536,864,43,-1,-1,-1,-1,-1,-1,-1,-1,-1,-1,-1,-1,-1,-1,-1,-1,-1,-1,-1,-1,
1765570223196,CameraCapture,2932982541295448465,frame_captured_tpu,1765570222718,269,300,300,43,-1,-1,-1,-1,-1,-1,-1,-1,-1,-1,-1,-1,-1,-1,-1,-1,-1,-1,-1,-1,
1765570223241,CameraCapture,2932982541295448465,frame_captured_main,1765570222762,270,1536,864,43,-1,-1,-1,-1,-1,-1,-1,-1,-1,-1,-1,-1,-1,-1,-1,-1,-1,-1,-1,-1,
1765570223241,CameraCapture,2932982541295448465,frame_captured_tpu,1765570222762,270,300,300,43,-1,-1,-1,-1,-1,-1,-1,-1,-1,-1,-1,-1,-1,-1,-1,-1,-1,-1,-1,-1,
1765570223284,CameraCapture,2932982541295448465,frame_captured_main,1765570222805,271,1536,864,43,-1,-1,-1,-1,-1,-1,-1,-1,-1,-1,-1,-1,-1,-1,-1,-1,-1,-1,-1,-1,
1765570223284,CameraCapture,2932982541295448465,frame_captured_tpu,1765570222805,271,300,300,43,-1,-1,-1,-1,-1,-1,-1,-1,-1,-1,-1,-1,-1,-1,-1,-1,-1,-1,-1,-1,
1765570223328,CameraCapture,2932982541295448465,frame_captured_main,1765570222848,272,1536,864,43,-1,-1,-1,-1,-1,-1,-1,-1,-1,-1,-1,-1,-1,-1,-1,-1,-1,-1,-1,-1,
1765570223328,CameraCapture,2932982541295448465,frame_captured_tpu,1765570222848,272,300,300,43,-1,-1,-1,-1,-1,-1,-1,-1,-1,-1,-1,-1,-1,-1,-1,-1,-1,-1,-1,-1,
1765570223371,CameraCapture,2932982541295448465,frame_captured_main,1765570222892,273,1536,864,43,-1,-1,-1,-1,-1,-1,-1,-1,-1,-1,-1,-1,-1,-1,-1,-1,-1,-1,-1,-1,
1765570223371,CameraCapture,2932982541295448465,frame_captured_tpu,1765570222892,273,300,300,43,-1,-1,-1,-1,-1,-1,-1,-1,-1,-1,-1,-1,-1,-1,-1,-1,-1,-1,-1,-1,
1765570223416,CameraCapture,2932982541295448465,frame_captured_main,1765570222937,274,1536,864,43,-1,-1,-1,-1,-1,-1,-1,-1,-1,-1,-1,-1,-1,-1,-1,-1,-1,-1,-1,-1,
1765570223416,CameraCapture,2932982541295448465,frame_captured_tpu,1765570222937,274,300,300,43,-1,-1,-1,-1,-1,-1,-1,-1,-1,-1,-1,-1,-1,-1,-1,-1,-1,-1,-1,-1,
1765570223459,CameraCapture,2932982541295448465,frame_captured_main,1765570222980,275,1536,864,43,-1,-1,-1,-1,-1,-1,-1,-1,-1,-1,-1,-1,-1,-1,-1,-1,-1,-1,-1,-1,
1765570223459,CameraCapture,2932982541295448465,frame_captured_tpu,1765570222980,275,300,300,43,-1,-1,-1,-1,-1,-1,-1,-1,-1,-1,-1,-1,-1,-1,-1,-1,-1,-1,-1,-1,
1765570223503,CameraCapture,2932982541295448465,frame_captured_main,1765570223023,276,1536,864,43,-1,-1,-1,-1,-1,-1,-1,-1,-1,-1,-1,-1,-1,-1,-1,-1,-1,-1,-1,-1,
1765570223503,CameraCapture,2932982541295448465,frame_captured_tpu,1765570223023,276,300,300,43,-1,-1,-1,-1,-1,-1,-1,-1,-1,-1,-1,-1,-1,-1,-1,-1,-1,-1,-1,-1,
1765570223547,CameraCapture,2932982541295448465,frame_captured_main,1765570223068,277,1536,864,43,-1,-1,-1,-1,-1,-1,-1,-1,-1,-1,-1,-1,-1,-1,-1,-1,-1,-1,-1,-1,
1765570223547,CameraCapture,2932982541295448465,frame_captured_tpu,1765570223068,277,300,300,43,-1,-1,-1,-1,-1,-1,-1,-1,-1,-1,-1,-1,-1,-1,-1,-1,-1,-1,-1,-1,
1765570223591,CameraCapture,2932982541295448465,frame_captured_main,1765570223112,278,1536,864,43,-1,-1,-1,-1,-1,-1,-1,-1,-1,-1,-1,-1,-1,-1,-1,-1,-1,-1,-1,-1,
1765570223591,CameraCapture,2932982541295448465,frame_captured_tpu,1765570223112,278,300,300,43,-1,-1,-1,-1,-1,-1,-1,-1,-1,-1,-1,-1,-1,-1,-1,-1,-1,-1,-1,-1,
1765570223634,CameraCapture,2932982541295448465,frame_captured_main,1765570223154,279,1536,864,43,-1,-1,-1,-1,-1,-1,-1,-1,-1,-1,-1,-1,-1,-1,-1,-1,-1,-1,-1,-1,
1765570223634,CameraCapture,2932982541295448465,frame_captured_tpu,1765570223154,279,300,300,43,-1,-1,-1,-1,-1,-1,-1,-1,-1,-1,-1,-1,-1,-1,-1,-1,-1,-1,-1,-1,
1765570223678,CameraCapture,2932982541295448465,frame_captured_main,1765570223198,280,1536,864,43,-1,-1,-1,-1,-1,-1,-1,-1,-1,-1,-1,-1,-1,-1,-1,-1,-1,-1,-1,-1,
1765570223678,CameraCapture,2932982541295448465,frame_captured_tpu,1765570223198,280,300,300,43,-1,-1,-1,-1,-1,-1,-1,-1,-1,-1,-1,-1,-1,-1,-1,-1,-1,-1,-1,-1,
1765570223721,CameraCapture,2932982541295448465,frame_captured_main,1765570223242,281,1536,864,43,-1,-1,-1,-1,-1,-1,-1,-1,-1,-1,-1,-1,-1,-1,-1,-1,-1,-1,-1,-1,
1765570223721,CameraCapture,2932982541295448465,frame_captured_tpu,1765570223242,281,300,300,43,-1,-1,-1,-1,-1,-1,-1,-1,-1,-1,-1,-1,-1,-1,-1,-1,-1,-1,-1,-1,
1765570223766,CameraCapture,2932982541295448465,frame_captured_main,1765570223286,282,1536,864,43,-1,-1,-1,-1,-1,-1,-1,-1,-1,-1,-1,-1,-1,-1,-1,-1,-1,-1,-1,-1,
1765570223766,CameraCapture,2932982541295448465,frame_captured_tpu,1765570223286,282,300,300,43,-1,-1,-1,-1,-1,-1,-1,-1,-1,-1,-1,-1,-1,-1,-1,-1,-1,-1,-1,-1,
1765570223809,CameraCapture,2932982541295448465,frame_captured_main,1765570223329,283,1536,864,43,-1,-1,-1,-1,-1,-1,-1,-1,-1,-1,-1,-1,-1,-1,-1,-1,-1,-1,-1,-1,
1765570223809,CameraCapture,2932982541295448465,frame_captured_tpu,1765570223329,283,300,300,43,-1,-1,-1,-1,-1,-1,-1,-1,-1,-1,-1,-1,-1,-1,-1,-1,-1,-1,-1,-1,
1765570223853,CameraCapture,2932982541295448465,frame_captured_main,1765570223373,284,1536,864,43,-1,-1,-1,-1,-1,-1,-1,-1,-1,-1,-1,-1,-1,-1,-1,-1,-1,-1,-1,-1,
1765570223853,CameraCapture,2932982541295448465,frame_captured_tpu,1765570223373,284,300,300,43,-1,-1,-1,-1,-1,-1,-1,-1,-1,-1,-1,-1,-1,-1,-1,-1,-1,-1,-1,-1,
1765570223896,CameraCapture,2932982541295448465,frame_captured_main,1765570223418,285,1536,864,43,-1,-1,-1,-1,-1,-1,-1,-1,-1,-1,-1,-1,-1,-1,-1,-1,-1,-1,-1,-1,
1765570223896,CameraCapture,2932982541295448465,frame_captured_tpu,1765570223418,285,300,300,43,-1,-1,-1,-1,-1,-1,-1,-1,-1,-1,-1,-1,-1,-1,-1,-1,-1,-1,-1,-1,
1765570223941,CameraCapture,2932982541295448465,frame_captured_main,1765570223462,286,1536,864,43,-1,-1,-1,-1,-1,-1,-1,-1,-1,-1,-1,-1,-1,-1,-1,-1,-1,-1,-1,-1,
1765570223941,CameraCapture,2932982541295448465,frame_captured_tpu,1765570223462,286,300,300,43,-1,-1,-1,-1,-1,-1,-1,-1,-1,-1,-1,-1,-1,-1,-1,-1,-1,-1,-1,-1,
1765570223984,CameraCapture,2932982541295448465,frame_captured_main,1765570223504,287,1536,864,43,-1,-1,-1,-1,-1,-1,-1,-1,-1,-1,-1,-1,-1,-1,-1,-1,-1,-1,-1,-1,
1765570223984,CameraCapture,2932982541295448465,frame_captured_tpu,1765570223504,287,300,300,43,-1,-1,-1,-1,-1,-1,-1,-1,-1,-1,-1,-1,-1,-1,-1,-1,-1,-1,-1,-1,
1765570224028,CameraCapture,2932982541295448465,frame_captured_main,1765570223548,288,1536,864,43,-1,-1,-1,-1,-1,-1,-1,-1,-1,-1,-1,-1,-1,-1,-1,-1,-1,-1,-1,-1,
1765570224028,CameraCapture,2932982541295448465,frame_captured_tpu,1765570223548,288,300,300,43,-1,-1,-1,-1,-1,-1,-1,-1,-1,-1,-1,-1,-1,-1,-1,-1,-1,-1,-1,-1,
1765570224071,CameraCapture,2932982541295448465,frame_captured_main,1765570223592,289,1536,864,43,-1,-1,-1,-1,-1,-1,-1,-1,-1,-1,-1,-1,-1,-1,-1,-1,-1,-1,-1,-1,
1765570224071,CameraCapture,2932982541295448465,frame_captured_tpu,1765570223592,289,300,300,43,-1,-1,-1,-1,-1,-1,-1,-1,-1,-1,-1,-1,-1,-1,-1,-1,-1,-1,-1,-1,
1765570224116,CameraCapture,2932982541295448465,frame_captured_main,1765570223637,290,1536,864,43,-1,-1,-1,-1,-1,-1,-1,-1,-1,-1,-1,-1,-1,-1,-1,-1,-1,-1,-1,-1,
1765570224116,CameraCapture,2932982541295448465,frame_captured_tpu,1765570223637,290,300,300,43,-1,-1,-1,-1,-1,-1,-1,-1,-1,-1,-1,-1,-1,-1,-1,-1,-1,-1,-1,-1,
1765570224159,CameraCapture,2932982541295448465,frame_captured_main,1765570223679,291,1536,864,43,-1,-1,-1,-1,-1,-1,-1,-1,-1,-1,-1,-1,-1,-1,-1,-1,-1,-1,-1,-1,
1765570224159,CameraCapture,2932982541295448465,frame_captured_tpu,1765570223679,291,300,300,43,-1,-1,-1,-1,-1,-1,-1,-1,-1,-1,-1,-1,-1,-1,-1,-1,-1,-1,-1,-1,
1765570224203,CameraCapture,2932982541295448465,frame_captured_main,1765570223723,292,1536,864,43,-1,-1,-1,-1,-1,-1,-1,-1,-1,-1,-1,-1,-1,-1,-1,-1,-1,-1,-1,-1,
1765570224203,CameraCapture,2932982541295448465,frame_captured_tpu,1765570223723,292,300,300,43,-1,-1,-1,-1,-1,-1,-1,-1,-1,-1,-1,-1,-1,-1,-1,-1,-1,-1,-1,-1,
1765570224247,CameraCapture,2932982541295448465,frame_captured_main,1765570223768,293,1536,864,43,-1,-1,-1,-1,-1,-1,-1,-1,-1,-1,-1,-1,-1,-1,-1,-1,-1,-1,-1,-1,
1765570224247,CameraCapture,2932982541295448465,frame_captured_tpu,1765570223768,293,300,300,43,-1,-1,-1,-1,-1,-1,-1,-1,-1,-1,-1,-1,-1,-1,-1,-1,-1,-1,-1,-1,
1765570224291,CameraCapture,2932982541295448465,frame_captured_main,1765570223811,294,1536,864,43,-1,-1,-1,-1,-1,-1,-1,-1,-1,-1,-1,-1,-1,-1,-1,-1,-1,-1,-1,-1,
1765570224291,CameraCapture,2932982541295448465,frame_captured_tpu,1765570223811,294,300,300,43,-1,-1,-1,-1,-1,-1,-1,-1,-1,-1,-1,-1,-1,-1,-1,-1,-1,-1,-1,-1,
1765570224334,CameraCapture,2932982541295448465,frame_captured_main,1765570223854,295,1536,864,43,-1,-1,-1,-1,-1,-1,-1,-1,-1,-1,-1,-1,-1,-1,-1,-1,-1,-1,-1,-1,
1765570224334,CameraCapture,2932982541295448465,frame_captured_tpu,1765570223854,295,300,300,43,-1,-1,-1,-1,-1,-1,-1,-1,-1,-1,-1,-1,-1,-1,-1,-1,-1,-1,-1,-1,
1765570224378,CameraCapture,2932982541295448465,frame_captured_main,1765570223898,296,1536,864,43,-1,-1,-1,-1,-1,-1,-1,-1,-1,-1,-1,-1,-1,-1,-1,-1,-1,-1,-1,-1,
1765570224378,CameraCapture,2932982541295448465,frame_captured_tpu,1765570223898,296,300,300,43,-1,-1,-1,-1,-1,-1,-1,-1,-1,-1,-1,-1,-1,-1,-1,-1,-1,-1,-1,-1,
1765570224421,CameraCapture,2932982541295448465,frame_captured_main,1765570223943,297,1536,864,43,-1,-1,-1,-1,-1,-1,-1,-1,-1,-1,-1,-1,-1,-1,-1,-1,-1,-1,-1,-1,
1765570224421,CameraCapture,2932982541295448465,frame_captured_tpu,1765570223943,297,300,300,43,-1,-1,-1,-1,-1,-1,-1,-1,-1,-1,-1,-1,-1,-1,-1,-1,-1,-1,-1,-1,
1765570224466,CameraCapture,2932982541295448465,frame_captured_main,1765570223987,298,1536,864,43,-1,-1,-1,-1,-1,-1,-1,-1,-1,-1,-1,-1,-1,-1,-1,-1,-1,-1,-1,-1,
1765570224466,CameraCapture,2932982541295448465,frame_captured_tpu,1765570223987,298,300,300,43,-1,-1,-1,-1,-1,-1,-1,-1,-1,-1,-1,-1,-1,-1,-1,-1,-1,-1,-1,-1,
1765570224509,CameraCapture,2932982541295448465,frame_captured_main,1765570224029,299,1536,864,43,-1,-1,-1,-1,-1,-1,-1,-1,-1,-1,-1,-1,-1,-1,-1,-1,-1,-1,-1,-1,
1765570224509,CameraCapture,2932982541295448465,frame_captured_tpu,1765570224029,299,300,300,43,-1,-1,-1,-1,-1,-1,-1,-1,-1,-1,-1,-1,-1,-1,-1,-1,-1,-1,-1,-1,
1765570224553,CameraCapture,2932982541295448465,frame_captured_main,1765570224073,300,1536,864,43,-1,-1,-1,-1,-1,-1,-1,-1,-1,-1,-1,-1,-1,-1,-1,-1,-1,-1,-1,-1,
1765570224553,CameraCapture,2932982541295448465,frame_captured_tpu,1765570224073,300,300,300,43,-1,-1,-1,-1,-1,-1,-1,-1,-1,-1,-1,-1,-1,-1,-1,-1,-1,-1,-1,-1,
1765570224596,CameraCapture,2932982541295448465,frame_captured_main,1765570224118,301,1536,864,43,-1,-1,-1,-1,-1,-1,-1,-1,-1,-1,-1,-1,-1,-1,-1,-1,-1,-1,-1,-1,
1765570224596,CameraCapture,2932982541295448465,frame_captured_tpu,1765570224118,301,300,300,43,-1,-1,-1,-1,-1,-1,-1,-1,-1,-1,-1,-1,-1,-1,-1,-1,-1,-1,-1,-1,
1765570224641,CameraCapture,2932982541295448465,frame_captured_main,1765570224162,302,1536,864,43,-1,-1,-1,-1,-1,-1,-1,-1,-1,-1,-1,-1,-1,-1,-1,-1,-1,-1,-1,-1,
1765570224641,CameraCapture,2932982541295448465,frame_captured_tpu,1765570224162,302,300,300,43,-1,-1,-1,-1,-1,-1,-1,-1,-1,-1,-1,-1,-1,-1,-1,-1,-1,-1,-1,-1,
1765570224684,CameraCapture,2932982541295448465,frame_captured_main,1765570224205,303,1536,864,43,-1,-1,-1,-1,-1,-1,-1,-1,-1,-1,-1,-1,-1,-1,-1,-1,-1,-1,-1,-1,
1765570224684,CameraCapture,2932982541295448465,frame_captured_tpu,1765570224205,303,300,300,43,-1,-1,-1,-1,-1,-1,-1,-1,-1,-1,-1,-1,-1,-1,-1,-1,-1,-1,-1,-1,
1765570224728,CameraCapture,2932982541295448465,frame_captured_main,1765570224248,304,1536,864,43,-1,-1,-1,-1,-1,-1,-1,-1,-1,-1,-1,-1,-1,-1,-1,-1,-1,-1,-1,-1,
1765570224728,CameraCapture,2932982541295448465,frame_captured_tpu,1765570224248,304,300,300,43,-1,-1,-1,-1,-1,-1,-1,-1,-1,-1,-1,-1,-1,-1,-1,-1,-1,-1,-1,-1,
1765570224771,CameraCapture,2932982541295448465,frame_captured_main,1765570224292,305,1536,864,43,-1,-1,-1,-1,-1,-1,-1,-1,-1,-1,-1,-1,-1,-1,-1,-1,-1,-1,-1,-1,
1765570224771,CameraCapture,2932982541295448465,frame_captured_tpu,1765570224292,305,300,300,43,-1,-1,-1,-1,-1,-1,-1,-1,-1,-1,-1,-1,-1,-1,-1,-1,-1,-1,-1,-1,
1765570224815,CameraCapture,2932982541295448465,frame_captured_main,1765570224336,306,1536,864,43,-1,-1,-1,-1,-1,-1,-1,-1,-1,-1,-1,-1,-1,-1,-1,-1,-1,-1,-1,-1,
1765570224815,CameraCapture,2932982541295448465,frame_captured_tpu,1765570224336,306,300,300,43,-1,-1,-1,-1,-1,-1,-1,-1,-1,-1,-1,-1,-1,-1,-1,-1,-1,-1,-1,-1,
1765570224859,CameraCapture,2932982541295448465,frame_captured_main,1765570224380,307,1536,864,43,-1,-1,-1,-1,-1,-1,-1,-1,-1,-1,-1,-1,-1,-1,-1,-1,-1,-1,-1,-1,
1765570224859,CameraCapture,2932982541295448465,frame_captured_tpu,1765570224380,307,300,300,43,-1,-1,-1,-1,-1,-1,-1,-1,-1,-1,-1,-1,-1,-1,-1,-1,-1,-1,-1,-1,
1765570224903,CameraCapture,2932982541295448465,frame_captured_main,1765570224424,308,1536,864,43,-1,-1,-1,-1,-1,-1,-1,-1,-1,-1,-1,-1,-1,-1,-1,-1,-1,-1,-1,-1,
1765570224903,CameraCapture,2932982541295448465,frame_captured_tpu,1765570224424,308,300,300,43,-1,-1,-1,-1,-1,-1,-1,-1,-1,-1,-1,-1,-1,-1,-1,-1,-1,-1,-1,-1,
1765570224946,CameraCapture,2932982541295448465,frame_captured_main,1765570224467,309,1536,864,43,-1,-1,-1,-1,-1,-1,-1,-1,-1,-1,-1,-1,-1,-1,-1,-1,-1,-1,-1,-1,
1765570224946,CameraCapture,2932982541295448465,frame_captured_tpu,1765570224467,309,300,300,43,-1,-1,-1,-1,-1,-1,-1,-1,-1,-1,-1,-1,-1,-1,-1,-1,-1,-1,-1,-1,
1765570224991,CameraCapture,2932982541295448465,frame_captured_main,1765570224511,310,1536,864,43,-1,-1,-1,-1,-1,-1,-1,-1,-1,-1,-1,-1,-1,-1,-1,-1,-1,-1,-1,-1,
1765570224991,CameraCapture,2932982541295448465,frame_captured_tpu,1765570224511,310,300,300,43,-1,-1,-1,-1,-1,-1,-1,-1,-1,-1,-1,-1,-1,-1,-1,-1,-1,-1,-1,-1,
1765570225034,CameraCapture,2932982541295448465,frame_captured_main,1765570224554,311,1536,864,43,-1,-1,-1,-1,-1,-1,-1,-1,-1,-1,-1,-1,-1,-1,-1,-1,-1,-1,-1,-1,
1765570225034,CameraCapture,2932982541295448465,frame_captured_tpu,1765570224554,311,300,300,43,-1,-1,-1,-1,-1,-1,-1,-1,-1,-1,-1,-1,-1,-1,-1,-1,-1,-1,-1,-1,
1765570225078,CameraCapture,2932982541295448465,frame_captured_main,1765570224599,312,1536,864,43,-1,-1,-1,-1,-1,-1,-1,-1,-1,-1,-1,-1,-1,-1,-1,-1,-1,-1,-1,-1,
1765570225078,CameraCapture,2932982541295448465,frame_captured_tpu,1765570224599,312,300,300,43,-1,-1,-1,-1,-1,-1,-1,-1,-1,-1,-1,-1,-1,-1,-1,-1,-1,-1,-1,-1,
1765570225120,CameraCapture,2932982541295448465,frame_captured_main,1765570224642,313,1536,864,43,-1,-1,-1,-1,-1,-1,-1,-1,-1,-1,-1,-1,-1,-1,-1,-1,-1,-1,-1,-1,
1765570225120,CameraCapture,2932982541295448465,frame_captured_tpu,1765570224642,313,300,300,43,-1,-1,-1,-1,-1,-1,-1,-1,-1,-1,-1,-1,-1,-1,-1,-1,-1,-1,-1,-1,
1765570225165,CameraCapture,2932982541295448465,frame_captured_main,1765570224686,314,1536,864,43,-1,-1,-1,-1,-1,-1,-1,-1,-1,-1,-1,-1,-1,-1,-1,-1,-1,-1,-1,-1,
1765570225165,CameraCapture,2932982541295448465,frame_captured_tpu,1765570224686,314,300,300,43,-1,-1,-1,-1,-1,-1,-1,-1,-1,-1,-1,-1,-1,-1,-1,-1,-1,-1,-1,-1,
1765570225209,CameraCapture,2932982541295448465,frame_captured_main,1765570224730,315,1536,864,43,-1,-1,-1,-1,-1,-1,-1,-1,-1,-1,-1,-1,-1,-1,-1,-1,-1,-1,-1,-1,
1765570225209,CameraCapture,2932982541295448465,frame_captured_tpu,1765570224730,315,300,300,43,-1,-1,-1,-1,-1,-1,-1,-1,-1,-1,-1,-1,-1,-1,-1,-1,-1,-1,-1,-1,
1765570225253,CameraCapture,2932982541295448465,frame_captured_main,1765570224774,316,1536,864,43,-1,-1,-1,-1,-1,-1,-1,-1,-1,-1,-1,-1,-1,-1,-1,-1,-1,-1,-1,-1,
1765570225253,CameraCapture,2932982541295448465,frame_captured_tpu,1765570224774,316,300,300,43,-1,-1,-1,-1,-1,-1,-1,-1,-1,-1,-1,-1,-1,-1,-1,-1,-1,-1,-1,-1,
1765570225295,CameraCapture,2932982541295448465,frame_captured_main,1765570224817,317,1536,864,43,-1,-1,-1,-1,-1,-1,-1,-1,-1,-1,-1,-1,-1,-1,-1,-1,-1,-1,-1,-1,
1765570225295,CameraCapture,2932982541295448465,frame_captured_tpu,1765570224817,317,300,300,43,-1,-1,-1,-1,-1,-1,-1,-1,-1,-1,-1,-1,-1,-1,-1,-1,-1,-1,-1,-1,
1765570225340,CameraCapture,2932982541295448465,frame_captured_main,1765570224860,318,1536,864,43,-1,-1,-1,-1,-1,-1,-1,-1,-1,-1,-1,-1,-1,-1,-1,-1,-1,-1,-1,-1,
1765570225340,CameraCapture,2932982541295448465,frame_captured_tpu,1765570224860,318,300,300,43,-1,-1,-1,-1,-1,-1,-1,-1,-1,-1,-1,-1,-1,-1,-1,-1,-1,-1,-1,-1,
1765570225384,CameraCapture,2932982541295448465,frame_captured_main,1765570224905,319,1536,864,43,-1,-1,-1,-1,-1,-1,-1,-1,-1,-1,-1,-1,-1,-1,-1,-1,-1,-1,-1,-1,
1765570225384,CameraCapture,2932982541295448465,frame_captured_tpu,1765570224905,319,300,300,43,-1,-1,-1,-1,-1,-1,-1,-1,-1,-1,-1,-1,-1,-1,-1,-1,-1,-1,-1,-1,
1765570225428,CameraCapture,2932982541295448465,frame_captured_main,1765570224949,320,1536,864,43,-1,-1,-1,-1,-1,-1,-1,-1,-1,-1,-1,-1,-1,-1,-1,-1,-1,-1,-1,-1,
1765570225428,CameraCapture,2932982541295448465,frame_captured_tpu,1765570224949,320,300,300,43,-1,-1,-1,-1,-1,-1,-1,-1,-1,-1,-1,-1,-1,-1,-1,-1,-1,-1,-1,-1,
1765570225470,CameraCapture,2932982541295448465,frame_captured_main,1765570224992,321,1536,864,43,-1,-1,-1,-1,-1,-1,-1,-1,-1,-1,-1,-1,-1,-1,-1,-1,-1,-1,-1,-1,
1765570225470,CameraCapture,2932982541295448465,frame_captured_tpu,1765570224992,321,300,300,43,-1,-1,-1,-1,-1,-1,-1,-1,-1,-1,-1,-1,-1,-1,-1,-1,-1,-1,-1,-1,
1765570225515,CameraCapture,2932982541295448465,frame_captured_main,1765570225035,322,1536,864,43,-1,-1,-1,-1,-1,-1,-1,-1,-1,-1,-1,-1,-1,-1,-1,-1,-1,-1,-1,-1,
1765570225515,CameraCapture,2932982541295448465,frame_captured_tpu,1765570225035,322,300,300,43,-1,-1,-1,-1,-1,-1,-1,-1,-1,-1,-1,-1,-1,-1,-1,-1,-1,-1,-1,-1,
1765570225558,CameraCapture,2932982541295448465,frame_captured_main,1765570225079,323,1536,864,43,-1,-1,-1,-1,-1,-1,-1,-1,-1,-1,-1,-1,-1,-1,-1,-1,-1,-1,-1,-1,
1765570225558,CameraCapture,2932982541295448465,frame_captured_tpu,1765570225079,323,300,300,43,-1,-1,-1,-1,-1,-1,-1,-1,-1,-1,-1,-1,-1,-1,-1,-1,-1,-1,-1,-1,
1765570225603,CameraCapture,2932982541295448465,frame_captured_main,1765570225124,324,1536,864,43,-1,-1,-1,-1,-1,-1,-1,-1,-1,-1,-1,-1,-1,-1,-1,-1,-1,-1,-1,-1,
1765570225603,CameraCapture,2932982541295448465,frame_captured_tpu,1765570225124,324,300,300,43,-1,-1,-1,-1,-1,-1,-1,-1,-1,-1,-1,-1,-1,-1,-1,-1,-1,-1,-1,-1,
1765570225645,CameraCapture,2932982541295448465,frame_captured_main,1765570225167,325,1536,864,43,-1,-1,-1,-1,-1,-1,-1,-1,-1,-1,-1,-1,-1,-1,-1,-1,-1,-1,-1,-1,
1765570225645,CameraCapture,2932982541295448465,frame_captured_tpu,1765570225167,325,300,300,43,-1,-1,-1,-1,-1,-1,-1,-1,-1,-1,-1,-1,-1,-1,-1,-1,-1,-1,-1,-1,
1765570225690,CameraCapture,2932982541295448465,frame_captured_main,1765570225210,326,1536,864,43,-1,-1,-1,-1,-1,-1,-1,-1,-1,-1,-1,-1,-1,-1,-1,-1,-1,-1,-1,-1,
1765570225690,CameraCapture,2932982541295448465,frame_captured_tpu,1765570225210,326,300,300,43,-1,-1,-1,-1,-1,-1,-1,-1,-1,-1,-1,-1,-1,-1,-1,-1,-1,-1,-1,-1,
1765570225733,CameraCapture,2932982541295448465,frame_captured_main,1765570225254,327,1536,864,43,-1,-1,-1,-1,-1,-1,-1,-1,-1,-1,-1,-1,-1,-1,-1,-1,-1,-1,-1,-1,
1765570225733,CameraCapture,2932982541295448465,frame_captured_tpu,1765570225254,327,300,300,43,-1,-1,-1,-1,-1,-1,-1,-1,-1,-1,-1,-1,-1,-1,-1,-1,-1,-1,-1,-1,
1765570225779,CameraCapture,2932982541295448465,frame_captured_main,1765570225299,328,1536,864,43,-1,-1,-1,-1,-1,-1,-1,-1,-1,-1,-1,-1,-1,-1,-1,-1,-1,-1,-1,-1,
1765570225779,CameraCapture,2932982541295448465,frame_captured_tpu,1765570225299,328,300,300,43,-1,-1,-1,-1,-1,-1,-1,-1,-1,-1,-1,-1,-1,-1,-1,-1,-1,-1,-1,-1,
1765570225820,CameraCapture,2932982541295448465,frame_captured_main,1765570225342,329,1536,864,43,-1,-1,-1,-1,-1,-1,-1,-1,-1,-1,-1,-1,-1,-1,-1,-1,-1,-1,-1,-1,
1765570225820,CameraCapture,2932982541295448465,frame_captured_tpu,1765570225342,329,300,300,43,-1,-1,-1,-1,-1,-1,-1,-1,-1,-1,-1,-1,-1,-1,-1,-1,-1,-1,-1,-1,
1765570225865,CameraCapture,2932982541295448465,frame_captured_main,1765570225385,330,1536,864,43,-1,-1,-1,-1,-1,-1,-1,-1,-1,-1,-1,-1,-1,-1,-1,-1,-1,-1,-1,-1,
1765570225865,CameraCapture,2932982541295448465,frame_captured_tpu,1765570225385,330,300,300,43,-1,-1,-1,-1,-1,-1,-1,-1,-1,-1,-1,-1,-1,-1,-1,-1,-1,-1,-1,-1,
1765570225909,CameraCapture,2932982541295448465,frame_captured_main,1765570225429,331,1536,864,43,-1,-1,-1,-1,-1,-1,-1,-1,-1,-1,-1,-1,-1,-1,-1,-1,-1,-1,-1,-1,
1765570225909,CameraCapture,2932982541295448465,frame_captured_tpu,1765570225429,331,300,300,43,-1,-1,-1,-1,-1,-1,-1,-1,-1,-1,-1,-1,-1,-1,-1,-1,-1,-1,-1,-1,
1765570225952,CameraCapture,2932982541295448465,frame_captured_main,1765570225473,332,1536,864,43,-1,-1,-1,-1,-1,-1,-1,-1,-1,-1,-1,-1,-1,-1,-1,-1,-1,-1,-1,-1,
1765570225952,CameraCapture,2932982541295448465,frame_captured_tpu,1765570225473,332,300,300,43,-1,-1,-1,-1,-1,-1,-1,-1,-1,-1,-1,-1,-1,-1,-1,-1,-1,-1,-1,-1,
1765570225995,CameraCapture,2932982541295448465,frame_captured_main,1765570225517,333,1536,864,43,-1,-1,-1,-1,-1,-1,-1,-1,-1,-1,-1,-1,-1,-1,-1,-1,-1,-1,-1,-1,
1765570225995,CameraCapture,2932982541295448465,frame_captured_tpu,1765570225517,333,300,300,43,-1,-1,-1,-1,-1,-1,-1,-1,-1,-1,-1,-1,-1,-1,-1,-1,-1,-1,-1,-1,
1765570226040,CameraCapture,2932982541295448465,frame_captured_main,1765570225560,334,1536,864,43,-1,-1,-1,-1,-1,-1,-1,-1,-1,-1,-1,-1,-1,-1,-1,-1,-1,-1,-1,-1,
1765570226040,CameraCapture,2932982541295448465,frame_captured_tpu,1765570225560,334,300,300,43,-1,-1,-1,-1,-1,-1,-1,-1,-1,-1,-1,-1,-1,-1,-1,-1,-1,-1,-1,-1,
1765570226083,CameraCapture,2932982541295448465,frame_captured_main,1765570225604,335,1536,864,43,-1,-1,-1,-1,-1,-1,-1,-1,-1,-1,-1,-1,-1,-1,-1,-1,-1,-1,-1,-1,
1765570226083,CameraCapture,2932982541295448465,frame_captured_tpu,1765570225604,335,300,300,43,-1,-1,-1,-1,-1,-1,-1,-1,-1,-1,-1,-1,-1,-1,-1,-1,-1,-1,-1,-1,
1765570226127,CameraCapture,2932982541295448465,frame_captured_main,1765570225648,336,1536,864,43,-1,-1,-1,-1,-1,-1,-1,-1,-1,-1,-1,-1,-1,-1,-1,-1,-1,-1,-1,-1,
1765570226127,CameraCapture,2932982541295448465,frame_captured_tpu,1765570225648,336,300,300,43,-1,-1,-1,-1,-1,-1,-1,-1,-1,-1,-1,-1,-1,-1,-1,-1,-1,-1,-1,-1,
1765570226171,CameraCapture,2932982541295448465,frame_captured_main,1765570225692,337,1536,864,43,-1,-1,-1,-1,-1,-1,-1,-1,-1,-1,-1,-1,-1,-1,-1,-1,-1,-1,-1,-1,
1765570226171,CameraCapture,2932982541295448465,frame_captured_tpu,1765570225692,337,300,300,43,-1,-1,-1,-1,-1,-1,-1,-1,-1,-1,-1,-1,-1,-1,-1,-1,-1,-1,-1,-1,
1765570226215,CameraCapture,2932982541295448465,frame_captured_main,1765570225735,338,1536,864,43,-1,-1,-1,-1,-1,-1,-1,-1,-1,-1,-1,-1,-1,-1,-1,-1,-1,-1,-1,-1,
1765570226215,CameraCapture,2932982541295448465,frame_captured_tpu,1765570225735,338,300,300,43,-1,-1,-1,-1,-1,-1,-1,-1,-1,-1,-1,-1,-1,-1,-1,-1,-1,-1,-1,-1,
1765570226258,CameraCapture,2932982541295448465,frame_captured_main,1765570225779,339,1536,864,43,-1,-1,-1,-1,-1,-1,-1,-1,-1,-1,-1,-1,-1,-1,-1,-1,-1,-1,-1,-1,
1765570226258,CameraCapture,2932982541295448465,frame_captured_tpu,1765570225779,339,300,300,43,-1,-1,-1,-1,-1,-1,-1,-1,-1,-1,-1,-1,-1,-1,-1,-1,-1,-1,-1,-1,
1765570226302,CameraCapture,2932982541295448465,frame_captured_main,1765570225823,340,1536,864,43,-1,-1,-1,-1,-1,-1,-1,-1,-1,-1,-1,-1,-1,-1,-1,-1,-1,-1,-1,-1,
1765570226302,CameraCapture,2932982541295448465,frame_captured_tpu,1765570225823,340,300,300,43,-1,-1,-1,-1,-1,-1,-1,-1,-1,-1,-1,-1,-1,-1,-1,-1,-1,-1,-1,-1,
1765570226345,CameraCapture,2932982541295448465,frame_captured_main,1765570225867,341,1536,864,43,-1,-1,-1,-1,-1,-1,-1,-1,-1,-1,-1,-1,-1,-1,-1,-1,-1,-1,-1,-1,
1765570226345,CameraCapture,2932982541295448465,frame_captured_tpu,1765570225867,341,300,300,43,-1,-1,-1,-1,-1,-1,-1,-1,-1,-1,-1,-1,-1,-1,-1,-1,-1,-1,-1,-1,
1765570226391,CameraCapture,2932982541295448465,frame_captured_main,1765570225911,342,1536,864,43,-1,-1,-1,-1,-1,-1,-1,-1,-1,-1,-1,-1,-1,-1,-1,-1,-1,-1,-1,-1,
1765570226391,CameraCapture,2932982541295448465,frame_captured_tpu,1765570225911,342,300,300,43,-1,-1,-1,-1,-1,-1,-1,-1,-1,-1,-1,-1,-1,-1,-1,-1,-1,-1,-1,-1,
1765570226433,CameraCapture,2932982541295448465,frame_captured_main,1765570225954,343,1536,864,43,-1,-1,-1,-1,-1,-1,-1,-1,-1,-1,-1,-1,-1,-1,-1,-1,-1,-1,-1,-1,
1765570226433,CameraCapture,2932982541295448465,frame_captured_tpu,1765570225954,343,300,300,43,-1,-1,-1,-1,-1,-1,-1,-1,-1,-1,-1,-1,-1,-1,-1,-1,-1,-1,-1,-1,
1765570226477,CameraCapture,2932982541295448465,frame_captured_main,1765570225998,344,1536,864,43,-1,-1,-1,-1,-1,-1,-1,-1,-1,-1,-1,-1,-1,-1,-1,-1,-1,-1,-1,-1,
1765570226477,CameraCapture,2932982541295448465,frame_captured_tpu,1765570225998,344,300,300,43,-1,-1,-1,-1,-1,-1,-1,-1,-1,-1,-1,-1,-1,-1,-1,-1,-1,-1,-1,-1,
1765570226520,CameraCapture,2932982541295448465,frame_captured_main,1765570226042,345,1536,864,43,-1,-1,-1,-1,-1,-1,-1,-1,-1,-1,-1,-1,-1,-1,-1,-1,-1,-1,-1,-1,
1765570226520,CameraCapture,2932982541295448465,frame_captured_tpu,1765570226042,345,300,300,43,-1,-1,-1,-1,-1,-1,-1,-1,-1,-1,-1,-1,-1,-1,-1,-1,-1,-1,-1,-1,
1765570226566,CameraCapture,2932982541295448465,frame_captured_main,1765570226085,346,1536,864,43,-1,-1,-1,-1,-1,-1,-1,-1,-1,-1,-1,-1,-1,-1,-1,-1,-1,-1,-1,-1,
1765570226566,CameraCapture,2932982541295448465,frame_captured_tpu,1765570226085,346,300,300,43,-1,-1,-1,-1,-1,-1,-1,-1,-1,-1,-1,-1,-1,-1,-1,-1,-1,-1,-1,-1,
1765570226608,CameraCapture,2932982541295448465,frame_captured_main,1765570226129,347,1536,864,43,-1,-1,-1,-1,-1,-1,-1,-1,-1,-1,-1,-1,-1,-1,-1,-1,-1,-1,-1,-1,
1765570226608,CameraCapture,2932982541295448465,frame_captured_tpu,1765570226129,347,300,300,43,-1,-1,-1,-1,-1,-1,-1,-1,-1,-1,-1,-1,-1,-1,-1,-1,-1,-1,-1,-1,
1765570226652,CameraCapture,2932982541295448465,frame_captured_main,1765570226173,348,1536,864,43,-1,-1,-1,-1,-1,-1,-1,-1,-1,-1,-1,-1,-1,-1,-1,-1,-1,-1,-1,-1,
1765570226652,CameraCapture,2932982541295448465,frame_captured_tpu,1765570226173,348,300,300,43,-1,-1,-1,-1,-1,-1,-1,-1,-1,-1,-1,-1,-1,-1,-1,-1,-1,-1,-1,-1,
1765570226695,CameraCapture,2932982541295448465,frame_captured_main,1765570226217,349,1536,864,43,-1,-1,-1,-1,-1,-1,-1,-1,-1,-1,-1,-1,-1,-1,-1,-1,-1,-1,-1,-1,
1765570226695,CameraCapture,2932982541295448465,frame_captured_tpu,1765570226217,349,300,300,43,-1,-1,-1,-1,-1,-1,-1,-1,-1,-1,-1,-1,-1,-1,-1,-1,-1,-1,-1,-1,
1765570226740,CameraCapture,2932982541295448465,frame_captured_main,1765570226260,350,1536,864,43,-1,-1,-1,-1,-1,-1,-1,-1,-1,-1,-1,-1,-1,-1,-1,-1,-1,-1,-1,-1,
1765570226740,CameraCapture,2932982541295448465,frame_captured_tpu,1765570226260,350,300,300,43,-1,-1,-1,-1,-1,-1,-1,-1,-1,-1,-1,-1,-1,-1,-1,-1,-1,-1,-1,-1,
1765570226783,CameraCapture,2932982541295448465,frame_captured_main,1765570226304,351,1536,864,43,-1,-1,-1,-1,-1,-1,-1,-1,-1,-1,-1,-1,-1,-1,-1,-1,-1,-1,-1,-1,
1765570226783,CameraCapture,2932982541295448465,frame_captured_tpu,1765570226304,351,300,300,43,-1,-1,-1,-1,-1,-1,-1,-1,-1,-1,-1,-1,-1,-1,-1,-1,-1,-1,-1,-1,
1765570226827,CameraCapture,2932982541295448465,frame_captured_main,1765570226348,352,1536,864,43,-1,-1,-1,-1,-1,-1,-1,-1,-1,-1,-1,-1,-1,-1,-1,-1,-1,-1,-1,-1,
1765570226827,CameraCapture,2932982541295448465,frame_captured_tpu,1765570226348,352,300,300,43,-1,-1,-1,-1,-1,-1,-1,-1,-1,-1,-1,-1,-1,-1,-1,-1,-1,-1,-1,-1,
1765570226870,CameraCapture,2932982541295448465,frame_captured_main,1765570226391,353,1536,864,43,-1,-1,-1,-1,-1,-1,-1,-1,-1,-1,-1,-1,-1,-1,-1,-1,-1,-1,-1,-1,
1765570226870,CameraCapture,2932982541295448465,frame_captured_tpu,1765570226391,353,300,300,43,-1,-1,-1,-1,-1,-1,-1,-1,-1,-1,-1,-1,-1,-1,-1,-1,-1,-1,-1,-1,
1765570226915,CameraCapture,2932982541295448465,frame_captured_main,1765570226435,354,1536,864,43,-1,-1,-1,-1,-1,-1,-1,-1,-1,-1,-1,-1,-1,-1,-1,-1,-1,-1,-1,-1,
1765570226915,CameraCapture,2932982541295448465,frame_captured_tpu,1765570226435,354,300,300,43,-1,-1,-1,-1,-1,-1,-1,-1,-1,-1,-1,-1,-1,-1,-1,-1,-1,-1,-1,-1,
1765570226958,CameraCapture,2932982541295448465,frame_captured_main,1765570226479,355,1536,864,43,-1,-1,-1,-1,-1,-1,-1,-1,-1,-1,-1,-1,-1,-1,-1,-1,-1,-1,-1,-1,
1765570226958,CameraCapture,2932982541295448465,frame_captured_tpu,1765570226479,355,300,300,43,-1,-1,-1,-1,-1,-1,-1,-1,-1,-1,-1,-1,-1,-1,-1,-1,-1,-1,-1,-1,
1765570227002,CameraCapture,2932982541295448465,frame_captured_main,1765570226523,356,1536,864,43,-1,-1,-1,-1,-1,-1,-1,-1,-1,-1,-1,-1,-1,-1,-1,-1,-1,-1,-1,-1,
1765570227002,CameraCapture,2932982541295448465,frame_captured_tpu,1765570226523,356,300,300,43,-1,-1,-1,-1,-1,-1,-1,-1,-1,-1,-1,-1,-1,-1,-1,-1,-1,-1,-1,-1,
1765570227045,CameraCapture,2932982541295448465,frame_captured_main,1765570226566,357,1536,864,43,-1,-1,-1,-1,-1,-1,-1,-1,-1,-1,-1,-1,-1,-1,-1,-1,-1,-1,-1,-1,
1765570227045,CameraCapture,2932982541295448465,frame_captured_tpu,1765570226566,357,300,300,43,-1,-1,-1,-1,-1,-1,-1,-1,-1,-1,-1,-1,-1,-1,-1,-1,-1,-1,-1,-1,
1765570227090,CameraCapture,2932982541295448465,frame_captured_main,1765570226610,358,1536,864,43,-1,-1,-1,-1,-1,-1,-1,-1,-1,-1,-1,-1,-1,-1,-1,-1,-1,-1,-1,-1,
1765570227090,CameraCapture,2932982541295448465,frame_captured_tpu,1765570226610,358,300,300,43,-1,-1,-1,-1,-1,-1,-1,-1,-1,-1,-1,-1,-1,-1,-1,-1,-1,-1,-1,-1,
1765570227134,CameraCapture,2932982541295448465,frame_captured_main,1765570226654,359,1536,864,43,-1,-1,-1,-1,-1,-1,-1,-1,-1,-1,-1,-1,-1,-1,-1,-1,-1,-1,-1,-1,
1765570227134,CameraCapture,2932982541295448465,frame_captured_tpu,1765570226654,359,300,300,43,-1,-1,-1,-1,-1,-1,-1,-1,-1,-1,-1,-1,-1,-1,-1,-1,-1,-1,-1,-1,
1765570227177,CameraCapture,2932982541295448465,frame_captured_main,1765570226698,360,1536,864,43,-1,-1,-1,-1,-1,-1,-1,-1,-1,-1,-1,-1,-1,-1,-1,-1,-1,-1,-1,-1,
1765570227177,CameraCapture,2932982541295448465,frame_captured_tpu,1765570226698,360,300,300,43,-1,-1,-1,-1,-1,-1,-1,-1,-1,-1,-1,-1,-1,-1,-1,-1,-1,-1,-1,-1,
1765570227220,CameraCapture,2932982541295448465,frame_captured_main,1765570226741,361,1536,864,43,-1,-1,-1,-1,-1,-1,-1,-1,-1,-1,-1,-1,-1,-1,-1,-1,-1,-1,-1,-1,
1765570227220,CameraCapture,2932982541295448465,frame_captured_tpu,1765570226741,361,300,300,43,-1,-1,-1,-1,-1,-1,-1,-1,-1,-1,-1,-1,-1,-1,-1,-1,-1,-1,-1,-1,
1765570227265,CameraCapture,2932982541295448465,frame_captured_main,1765570226786,362,1536,864,43,-1,-1,-1,-1,-1,-1,-1,-1,-1,-1,-1,-1,-1,-1,-1,-1,-1,-1,-1,-1,
1765570227265,CameraCapture,2932982541295448465,frame_captured_tpu,1765570226786,362,300,300,43,-1,-1,-1,-1,-1,-1,-1,-1,-1,-1,-1,-1,-1,-1,-1,-1,-1,-1,-1,-1,
1765570227308,CameraCapture,2932982541295448465,frame_captured_main,1765570226829,363,1536,864,43,-1,-1,-1,-1,-1,-1,-1,-1,-1,-1,-1,-1,-1,-1,-1,-1,-1,-1,-1,-1,
1765570227308,CameraCapture,2932982541295448465,frame_captured_tpu,1765570226829,363,300,300,43,-1,-1,-1,-1,-1,-1,-1,-1,-1,-1,-1,-1,-1,-1,-1,-1,-1,-1,-1,-1,
1765570227352,CameraCapture,2932982541295448465,frame_captured_main,1765570226873,364,1536,864,43,-1,-1,-1,-1,-1,-1,-1,-1,-1,-1,-1,-1,-1,-1,-1,-1,-1,-1,-1,-1,
1765570227352,CameraCapture,2932982541295448465,frame_captured_tpu,1765570226873,364,300,300,43,-1,-1,-1,-1,-1,-1,-1,-1,-1,-1,-1,-1,-1,-1,-1,-1,-1,-1,-1,-1,
1765570227395,CameraCapture,2932982541295448465,frame_captured_main,1765570226917,365,1536,864,43,-1,-1,-1,-1,-1,-1,-1,-1,-1,-1,-1,-1,-1,-1,-1,-1,-1,-1,-1,-1,
1765570227395,CameraCapture,2932982541295448465,frame_captured_tpu,1765570226917,365,300,300,43,-1,-1,-1,-1,-1,-1,-1,-1,-1,-1,-1,-1,-1,-1,-1,-1,-1,-1,-1,-1,
1765570227440,CameraCapture,2932982541295448465,frame_captured_main,1765570226961,366,1536,864,43,-1,-1,-1,-1,-1,-1,-1,-1,-1,-1,-1,-1,-1,-1,-1,-1,-1,-1,-1,-1,
1765570227440,CameraCapture,2932982541295448465,frame_captured_tpu,1765570226961,366,300,300,43,-1,-1,-1,-1,-1,-1,-1,-1,-1,-1,-1,-1,-1,-1,-1,-1,-1,-1,-1,-1,
1765570227483,CameraCapture,2932982541295448465,frame_captured_main,1765570227004,367,1536,864,43,-1,-1,-1,-1,-1,-1,-1,-1,-1,-1,-1,-1,-1,-1,-1,-1,-1,-1,-1,-1,
1765570227483,CameraCapture,2932982541295448465,frame_captured_tpu,1765570227004,367,300,300,43,-1,-1,-1,-1,-1,-1,-1,-1,-1,-1,-1,-1,-1,-1,-1,-1,-1,-1,-1,-1,
1765570227527,CameraCapture,2932982541295448465,frame_captured_main,1765570227048,368,1536,864,43,-1,-1,-1,-1,-1,-1,-1,-1,-1,-1,-1,-1,-1,-1,-1,-1,-1,-1,-1,-1,
1765570227527,CameraCapture,2932982541295448465,frame_captured_tpu,1765570227048,368,300,300,43,-1,-1,-1,-1,-1,-1,-1,-1,-1,-1,-1,-1,-1,-1,-1,-1,-1,-1,-1,-1,
1765570227570,CameraCapture,2932982541295448465,frame_captured_main,1765570227092,369,1536,864,43,-1,-1,-1,-1,-1,-1,-1,-1,-1,-1,-1,-1,-1,-1,-1,-1,-1,-1,-1,-1,
1765570227570,CameraCapture,2932982541295448465,frame_captured_tpu,1765570227092,369,300,300,43,-1,-1,-1,-1,-1,-1,-1,-1,-1,-1,-1,-1,-1,-1,-1,-1,-1,-1,-1,-1,
1765570227615,CameraCapture,2932982541295448465,frame_captured_main,1765570227136,370,1536,864,43,-1,-1,-1,-1,-1,-1,-1,-1,-1,-1,-1,-1,-1,-1,-1,-1,-1,-1,-1,-1,
1765570227615,CameraCapture,2932982541295448465,frame_captured_tpu,1765570227136,370,300,300,43,-1,-1,-1,-1,-1,-1,-1,-1,-1,-1,-1,-1,-1,-1,-1,-1,-1,-1,-1,-1,
1765570227658,CameraCapture,2932982541295448465,frame_captured_main,1765570227179,371,1536,864,43,-1,-1,-1,-1,-1,-1,-1,-1,-1,-1,-1,-1,-1,-1,-1,-1,-1,-1,-1,-1,
1765570227658,CameraCapture,2932982541295448465,frame_captured_tpu,1765570227179,371,300,300,43,-1,-1,-1,-1,-1,-1,-1,-1,-1,-1,-1,-1,-1,-1,-1,-1,-1,-1,-1,-1,
1765570227702,CameraCapture,2932982541295448465,frame_captured_main,1765570227223,372,1536,864,43,-1,-1,-1,-1,-1,-1,-1,-1,-1,-1,-1,-1,-1,-1,-1,-1,-1,-1,-1,-1,
1765570227702,CameraCapture,2932982541295448465,frame_captured_tpu,1765570227223,372,300,300,43,-1,-1,-1,-1,-1,-1,-1,-1,-1,-1,-1,-1,-1,-1,-1,-1,-1,-1,-1,-1,
1765570227745,CameraCapture,2932982541295448465,frame_captured_main,1765570227267,373,1536,864,43,-1,-1,-1,-1,-1,-1,-1,-1,-1,-1,-1,-1,-1,-1,-1,-1,-1,-1,-1,-1,
1765570227745,CameraCapture,2932982541295448465,frame_captured_tpu,1765570227267,373,300,300,43,-1,-1,-1,-1,-1,-1,-1,-1,-1,-1,-1,-1,-1,-1,-1,-1,-1,-1,-1,-1,
1765570227790,CameraCapture,2932982541295448465,frame_captured_main,1765570227310,374,1536,864,43,-1,-1,-1,-1,-1,-1,-1,-1,-1,-1,-1,-1,-1,-1,-1,-1,-1,-1,-1,-1,
1765570227790,CameraCapture,2932982541295448465,frame_captured_tpu,1765570227310,374,300,300,43,-1,-1,-1,-1,-1,-1,-1,-1,-1,-1,-1,-1,-1,-1,-1,-1,-1,-1,-1,-1,
1765570227834,CameraCapture,2932982541295448465,frame_captured_main,1765570227354,375,1536,864,43,-1,-1,-1,-1,-1,-1,-1,-1,-1,-1,-1,-1,-1,-1,-1,-1,-1,-1,-1,-1,
1765570227834,CameraCapture,2932982541295448465,frame_captured_tpu,1765570227354,375,300,300,43,-1,-1,-1,-1,-1,-1,-1,-1,-1,-1,-1,-1,-1,-1,-1,-1,-1,-1,-1,-1,
1765570227877,CameraCapture,2932982541295448465,frame_captured_main,1765570227398,376,1536,864,43,-1,-1,-1,-1,-1,-1,-1,-1,-1,-1,-1,-1,-1,-1,-1,-1,-1,-1,-1,-1,
1765570227877,CameraCapture,2932982541295448465,frame_captured_tpu,1765570227398,376,300,300,43,-1,-1,-1,-1,-1,-1,-1,-1,-1,-1,-1,-1,-1,-1,-1,-1,-1,-1,-1,-1,
1765570227920,CameraCapture,2932982541295448465,frame_captured_main,1765570227442,377,1536,864,43,-1,-1,-1,-1,-1,-1,-1,-1,-1,-1,-1,-1,-1,-1,-1,-1,-1,-1,-1,-1,
1765570227920,CameraCapture,2932982541295448465,frame_captured_tpu,1765570227442,377,300,300,43,-1,-1,-1,-1,-1,-1,-1,-1,-1,-1,-1,-1,-1,-1,-1,-1,-1,-1,-1,-1,
1765570227965,CameraCapture,2932982541295448465,frame_captured_main,1765570227486,378,1536,864,43,-1,-1,-1,-1,-1,-1,-1,-1,-1,-1,-1,-1,-1,-1,-1,-1,-1,-1,-1,-1,
1765570227965,CameraCapture,2932982541295448465,frame_captured_tpu,1765570227486,378,300,300,43,-1,-1,-1,-1,-1,-1,-1,-1,-1,-1,-1,-1,-1,-1,-1,-1,-1,-1,-1,-1,
1765570228008,CameraCapture,2932982541295448465,frame_captured_main,1765570227529,379,1536,864,43,-1,-1,-1,-1,-1,-1,-1,-1,-1,-1,-1,-1,-1,-1,-1,-1,-1,-1,-1,-1,
1765570228008,CameraCapture,2932982541295448465,frame_captured_tpu,1765570227529,379,300,300,43,-1,-1,-1,-1,-1,-1,-1,-1,-1,-1,-1,-1,-1,-1,-1,-1,-1,-1,-1,-1,
1765570228052,CameraCapture,2932982541295448465,frame_captured_main,1765570227573,380,1536,864,43,-1,-1,-1,-1,-1,-1,-1,-1,-1,-1,-1,-1,-1,-1,-1,-1,-1,-1,-1,-1,
1765570228052,CameraCapture,2932982541295448465,frame_captured_tpu,1765570227573,380,300,300,43,-1,-1,-1,-1,-1,-1,-1,-1,-1,-1,-1,-1,-1,-1,-1,-1,-1,-1,-1,-1,
1765570228095,CameraCapture,2932982541295448465,frame_captured_main,1765570227617,381,1536,864,43,-1,-1,-1,-1,-1,-1,-1,-1,-1,-1,-1,-1,-1,-1,-1,-1,-1,-1,-1,-1,
1765570228095,CameraCapture,2932982541295448465,frame_captured_tpu,1765570227617,381,300,300,43,-1,-1,-1,-1,-1,-1,-1,-1,-1,-1,-1,-1,-1,-1,-1,-1,-1,-1,-1,-1,
1765570228140,CameraCapture,2932982541295448465,frame_captured_main,1765570227661,382,1536,864,43,-1,-1,-1,-1,-1,-1,-1,-1,-1,-1,-1,-1,-1,-1,-1,-1,-1,-1,-1,-1,
1765570228140,CameraCapture,2932982541295448465,frame_captured_tpu,1765570227661,382,300,300,43,-1,-1,-1,-1,-1,-1,-1,-1,-1,-1,-1,-1,-1,-1,-1,-1,-1,-1,-1,-1,
1765570228183,CameraCapture,2932982541295448465,frame_captured_main,1765570227704,383,1536,864,43,-1,-1,-1,-1,-1,-1,-1,-1,-1,-1,-1,-1,-1,-1,-1,-1,-1,-1,-1,-1,
1765570228183,CameraCapture,2932982541295448465,frame_captured_tpu,1765570227704,383,300,300,43,-1,-1,-1,-1,-1,-1,-1,-1,-1,-1,-1,-1,-1,-1,-1,-1,-1,-1,-1,-1,
1765570228227,CameraCapture,2932982541295448465,frame_captured_main,1765570227748,384,1536,864,43,-1,-1,-1,-1,-1,-1,-1,-1,-1,-1,-1,-1,-1,-1,-1,-1,-1,-1,-1,-1,
1765570228227,CameraCapture,2932982541295448465,frame_captured_tpu,1765570227748,384,300,300,43,-1,-1,-1,-1,-1,-1,-1,-1,-1,-1,-1,-1,-1,-1,-1,-1,-1,-1,-1,-1,
1765570228270,CameraCapture,2932982541295448465,frame_captured_main,1765570227792,385,1536,864,43,-1,-1,-1,-1,-1,-1,-1,-1,-1,-1,-1,-1,-1,-1,-1,-1,-1,-1,-1,-1,
1765570228270,CameraCapture,2932982541295448465,frame_captured_tpu,1765570227792,385,300,300,43,-1,-1,-1,-1,-1,-1,-1,-1,-1,-1,-1,-1,-1,-1,-1,-1,-1,-1,-1,-1,
1765570228315,CameraCapture,2932982541295448465,frame_captured_main,1765570227836,386,1536,864,43,-1,-1,-1,-1,-1,-1,-1,-1,-1,-1,-1,-1,-1,-1,-1,-1,-1,-1,-1,-1,
1765570228315,CameraCapture,2932982541295448465,frame_captured_tpu,1765570227836,386,300,300,43,-1,-1,-1,-1,-1,-1,-1,-1,-1,-1,-1,-1,-1,-1,-1,-1,-1,-1,-1,-1,
1765570228358,CameraCapture,2932982541295448465,frame_captured_main,1765570227879,387,1536,864,43,-1,-1,-1,-1,-1,-1,-1,-1,-1,-1,-1,-1,-1,-1,-1,-1,-1,-1,-1,-1,
1765570228358,CameraCapture,2932982541295448465,frame_captured_tpu,1765570227879,387,300,300,43,-1,-1,-1,-1,-1,-1,-1,-1,-1,-1,-1,-1,-1,-1,-1,-1,-1,-1,-1,-1,
1765570228402,CameraCapture,2932982541295448465,frame_captured_main,1765570227922,388,1536,864,43,-1,-1,-1,-1,-1,-1,-1,-1,-1,-1,-1,-1,-1,-1,-1,-1,-1,-1,-1,-1,
1765570228402,CameraCapture,2932982541295448465,frame_captured_tpu,1765570227922,388,300,300,43,-1,-1,-1,-1,-1,-1,-1,-1,-1,-1,-1,-1,-1,-1,-1,-1,-1,-1,-1,-1,
1765570228445,CameraCapture,2932982541295448465,frame_captured_main,1765570227967,389,1536,864,43,-1,-1,-1,-1,-1,-1,-1,-1,-1,-1,-1,-1,-1,-1,-1,-1,-1,-1,-1,-1,
1765570228445,CameraCapture,2932982541295448465,frame_captured_tpu,1765570227967,389,300,300,43,-1,-1,-1,-1,-1,-1,-1,-1,-1,-1,-1,-1,-1,-1,-1,-1,-1,-1,-1,-1,
1765570228490,CameraCapture,2932982541295448465,frame_captured_main,1765570228011,390,1536,864,43,-1,-1,-1,-1,-1,-1,-1,-1,-1,-1,-1,-1,-1,-1,-1,-1,-1,-1,-1,-1,
1765570228490,CameraCapture,2932982541295448465,frame_captured_tpu,1765570228011,390,300,300,43,-1,-1,-1,-1,-1,-1,-1,-1,-1,-1,-1,-1,-1,-1,-1,-1,-1,-1,-1,-1,
1765570228533,CameraCapture,2932982541295448465,frame_captured_main,1765570228054,391,1536,864,43,-1,-1,-1,-1,-1,-1,-1,-1,-1,-1,-1,-1,-1,-1,-1,-1,-1,-1,-1,-1,
1765570228533,CameraCapture,2932982541295448465,frame_captured_tpu,1765570228054,391,300,300,43,-1,-1,-1,-1,-1,-1,-1,-1,-1,-1,-1,-1,-1,-1,-1,-1,-1,-1,-1,-1,
1765570228577,CameraCapture,2932982541295448465,frame_captured_main,1765570228097,392,1536,864,43,-1,-1,-1,-1,-1,-1,-1,-1,-1,-1,-1,-1,-1,-1,-1,-1,-1,-1,-1,-1,
1765570228577,CameraCapture,2932982541295448465,frame_captured_tpu,1765570228097,392,300,300,43,-1,-1,-1,-1,-1,-1,-1,-1,-1,-1,-1,-1,-1,-1,-1,-1,-1,-1,-1,-1,
1765570228620,CameraCapture,2932982541295448465,frame_captured_main,1765570228142,393,1536,864,43,-1,-1,-1,-1,-1,-1,-1,-1,-1,-1,-1,-1,-1,-1,-1,-1,-1,-1,-1,-1,
1765570228620,CameraCapture,2932982541295448465,frame_captured_tpu,1765570228142,393,300,300,43,-1,-1,-1,-1,-1,-1,-1,-1,-1,-1,-1,-1,-1,-1,-1,-1,-1,-1,-1,-1,
1765570228665,CameraCapture,2932982541295448465,frame_captured_main,1765570228186,394,1536,864,43,-1,-1,-1,-1,-1,-1,-1,-1,-1,-1,-1,-1,-1,-1,-1,-1,-1,-1,-1,-1,
1765570228665,CameraCapture,2932982541295448465,frame_captured_tpu,1765570228186,394,300,300,43,-1,-1,-1,-1,-1,-1,-1,-1,-1,-1,-1,-1,-1,-1,-1,-1,-1,-1,-1,-1,
1765570228708,CameraCapture,2932982541295448465,frame_captured_main,1765570228229,395,1536,864,43,-1,-1,-1,-1,-1,-1,-1,-1,-1,-1,-1,-1,-1,-1,-1,-1,-1,-1,-1,-1,
1765570228708,CameraCapture,2932982541295448465,frame_captured_tpu,1765570228229,395,300,300,43,-1,-1,-1,-1,-1,-1,-1,-1,-1,-1,-1,-1,-1,-1,-1,-1,-1,-1,-1,-1,
1765570228752,CameraCapture,2932982541295448465,frame_captured_main,1765570228272,396,1536,864,43,-1,-1,-1,-1,-1,-1,-1,-1,-1,-1,-1,-1,-1,-1,-1,-1,-1,-1,-1,-1,
1765570228752,CameraCapture,2932982541295448465,frame_captured_tpu,1765570228272,396,300,300,43,-1,-1,-1,-1,-1,-1,-1,-1,-1,-1,-1,-1,-1,-1,-1,-1,-1,-1,-1,-1,
1765570228795,CameraCapture,2932982541295448465,frame_captured_main,1765570228317,397,1536,864,43,-1,-1,-1,-1,-1,-1,-1,-1,-1,-1,-1,-1,-1,-1,-1,-1,-1,-1,-1,-1,
1765570228795,CameraCapture,2932982541295448465,frame_captured_tpu,1765570228317,397,300,300,43,-1,-1,-1,-1,-1,-1,-1,-1,-1,-1,-1,-1,-1,-1,-1,-1,-1,-1,-1,-1,
1765570228840,CameraCapture,2932982541295448465,frame_captured_main,1765570228361,398,1536,864,43,-1,-1,-1,-1,-1,-1,-1,-1,-1,-1,-1,-1,-1,-1,-1,-1,-1,-1,-1,-1,
1765570228840,CameraCapture,2932982541295448465,frame_captured_tpu,1765570228361,398,300,300,43,-1,-1,-1,-1,-1,-1,-1,-1,-1,-1,-1,-1,-1,-1,-1,-1,-1,-1,-1,-1,
1765570228883,CameraCapture,2932982541295448465,frame_captured_main,1765570228404,399,1536,864,43,-1,-1,-1,-1,-1,-1,-1,-1,-1,-1,-1,-1,-1,-1,-1,-1,-1,-1,-1,-1,
1765570228883,CameraCapture,2932982541295448465,frame_captured_tpu,1765570228404,399,300,300,43,-1,-1,-1,-1,-1,-1,-1,-1,-1,-1,-1,-1,-1,-1,-1,-1,-1,-1,-1,-1,
1765570228928,CameraCapture,2932982541295448465,frame_captured_main,1765570228447,400,1536,864,43,-1,-1,-1,-1,-1,-1,-1,-1,-1,-1,-1,-1,-1,-1,-1,-1,-1,-1,-1,-1,
1765570228928,CameraCapture,2932982541295448465,frame_captured_tpu,1765570228447,400,300,300,43,-1,-1,-1,-1,-1,-1,-1,-1,-1,-1,-1,-1,-1,-1,-1,-1,-1,-1,-1,-1,
1765570228970,CameraCapture,2932982541295448465,frame_captured_main,1765570228492,401,1536,864,43,-1,-1,-1,-1,-1,-1,-1,-1,-1,-1,-1,-1,-1,-1,-1,-1,-1,-1,-1,-1,
1765570228970,CameraCapture,2932982541295448465,frame_captured_tpu,1765570228492,401,300,300,43,-1,-1,-1,-1,-1,-1,-1,-1,-1,-1,-1,-1,-1,-1,-1,-1,-1,-1,-1,-1,
1765570229016,CameraCapture,2932982541295448465,frame_captured_main,1765570228536,402,1536,864,43,-1,-1,-1,-1,-1,-1,-1,-1,-1,-1,-1,-1,-1,-1,-1,-1,-1,-1,-1,-1,
1765570229016,CameraCapture,2932982541295448465,frame_captured_tpu,1765570228536,402,300,300,43,-1,-1,-1,-1,-1,-1,-1,-1,-1,-1,-1,-1,-1,-1,-1,-1,-1,-1,-1,-1,
1765570229058,CameraCapture,2932982541295448465,frame_captured_main,1765570228579,403,1536,864,43,-1,-1,-1,-1,-1,-1,-1,-1,-1,-1,-1,-1,-1,-1,-1,-1,-1,-1,-1,-1,
1765570229058,CameraCapture,2932982541295448465,frame_captured_tpu,1765570228579,403,300,300,43,-1,-1,-1,-1,-1,-1,-1,-1,-1,-1,-1,-1,-1,-1,-1,-1,-1,-1,-1,-1,
1765570229102,CameraCapture,2932982541295448465,frame_captured_main,1765570228622,404,1536,864,43,-1,-1,-1,-1,-1,-1,-1,-1,-1,-1,-1,-1,-1,-1,-1,-1,-1,-1,-1,-1,
1765570229102,CameraCapture,2932982541295448465,frame_captured_tpu,1765570228622,404,300,300,43,-1,-1,-1,-1,-1,-1,-1,-1,-1,-1,-1,-1,-1,-1,-1,-1,-1,-1,-1,-1,
1765570229145,CameraCapture,2932982541295448465,frame_captured_main,1765570228667,405,1536,864,43,-1,-1,-1,-1,-1,-1,-1,-1,-1,-1,-1,-1,-1,-1,-1,-1,-1,-1,-1,-1,
1765570229145,CameraCapture,2932982541295448465,frame_captured_tpu,1765570228667,405,300,300,43,-1,-1,-1,-1,-1,-1,-1,-1,-1,-1,-1,-1,-1,-1,-1,-1,-1,-1,-1,-1,
1765570229190,CameraCapture,2932982541295448465,frame_captured_main,1765570228711,406,1536,864,43,-1,-1,-1,-1,-1,-1,-1,-1,-1,-1,-1,-1,-1,-1,-1,-1,-1,-1,-1,-1,
1765570229190,CameraCapture,2932982541295448465,frame_captured_tpu,1765570228711,406,300,300,43,-1,-1,-1,-1,-1,-1,-1,-1,-1,-1,-1,-1,-1,-1,-1,-1,-1,-1,-1,-1,
1765570229233,CameraCapture,2932982541295448465,frame_captured_main,1765570228754,407,1536,864,43,-1,-1,-1,-1,-1,-1,-1,-1,-1,-1,-1,-1,-1,-1,-1,-1,-1,-1,-1,-1,
1765570229233,CameraCapture,2932982541295448465,frame_captured_tpu,1765570228754,407,300,300,43,-1,-1,-1,-1,-1,-1,-1,-1,-1,-1,-1,-1,-1,-1,-1,-1,-1,-1,-1,-1,
1765570229277,CameraCapture,2932982541295448465,frame_captured_main,1765570228797,408,1536,864,43,-1,-1,-1,-1,-1,-1,-1,-1,-1,-1,-1,-1,-1,-1,-1,-1,-1,-1,-1,-1,
1765570229277,CameraCapture,2932982541295448465,frame_captured_tpu,1765570228797,408,300,300,43,-1,-1,-1,-1,-1,-1,-1,-1,-1,-1,-1,-1,-1,-1,-1,-1,-1,-1,-1,-1,
1765570229319,CameraCapture,2932982541295448465,frame_captured_main,1765570228841,409,1536,864,43,-1,-1,-1,-1,-1,-1,-1,-1,-1,-1,-1,-1,-1,-1,-1,-1,-1,-1,-1,-1,
1765570229319,CameraCapture,2932982541295448465,frame_captured_tpu,1765570228841,409,300,300,43,-1,-1,-1,-1,-1,-1,-1,-1,-1,-1,-1,-1,-1,-1,-1,-1,-1,-1,-1,-1,
1765570229364,CameraCapture,2932982541295448465,frame_captured_main,1765570228885,410,1536,864,43,-1,-1,-1,-1,-1,-1,-1,-1,-1,-1,-1,-1,-1,-1,-1,-1,-1,-1,-1,-1,
1765570229364,CameraCapture,2932982541295448465,frame_captured_tpu,1765570228885,410,300,300,43,-1,-1,-1,-1,-1,-1,-1,-1,-1,-1,-1,-1,-1,-1,-1,-1,-1,-1,-1,-1,
1765570229408,CameraCapture,2932982541295448465,frame_captured_main,1765570228930,411,1536,864,43,-1,-1,-1,-1,-1,-1,-1,-1,-1,-1,-1,-1,-1,-1,-1,-1,-1,-1,-1,-1,
1765570229408,CameraCapture,2932982541295448465,frame_captured_tpu,1765570228930,411,300,300,43,-1,-1,-1,-1,-1,-1,-1,-1,-1,-1,-1,-1,-1,-1,-1,-1,-1,-1,-1,-1,
1765570229452,CameraCapture,2932982541295448465,frame_captured_main,1765570228972,412,1536,864,43,-1,-1,-1,-1,-1,-1,-1,-1,-1,-1,-1,-1,-1,-1,-1,-1,-1,-1,-1,-1,
1765570229452,CameraCapture,2932982541295448465,frame_captured_tpu,1765570228972,412,300,300,43,-1,-1,-1,-1,-1,-1,-1,-1,-1,-1,-1,-1,-1,-1,-1,-1,-1,-1,-1,-1,
1765570229495,CameraCapture,2932982541295448465,frame_captured_main,1765570229016,413,1536,864,43,-1,-1,-1,-1,-1,-1,-1,-1,-1,-1,-1,-1,-1,-1,-1,-1,-1,-1,-1,-1,
1765570229495,CameraCapture,2932982541295448465,frame_captured_tpu,1765570229016,413,300,300,43,-1,-1,-1,-1,-1,-1,-1,-1,-1,-1,-1,-1,-1,-1,-1,-1,-1,-1,-1,-1,
1765570229539,CameraCapture,2932982541295448465,frame_captured_main,1765570229060,414,1536,864,43,-1,-1,-1,-1,-1,-1,-1,-1,-1,-1,-1,-1,-1,-1,-1,-1,-1,-1,-1,-1,
1765570229539,CameraCapture,2932982541295448465,frame_captured_tpu,1765570229060,414,300,300,43,-1,-1,-1,-1,-1,-1,-1,-1,-1,-1,-1,-1,-1,-1,-1,-1,-1,-1,-1,-1,
1765570229584,CameraCapture,2932982541295448465,frame_captured_main,1765570229105,415,1536,864,43,-1,-1,-1,-1,-1,-1,-1,-1,-1,-1,-1,-1,-1,-1,-1,-1,-1,-1,-1,-1,
1765570229584,CameraCapture,2932982541295448465,frame_captured_tpu,1765570229105,415,300,300,43,-1,-1,-1,-1,-1,-1,-1,-1,-1,-1,-1,-1,-1,-1,-1,-1,-1,-1,-1,-1,
1765570229627,CameraCapture,2932982541295448465,frame_captured_main,1765570229147,416,1536,864,43,-1,-1,-1,-1,-1,-1,-1,-1,-1,-1,-1,-1,-1,-1,-1,-1,-1,-1,-1,-1,
1765570229627,CameraCapture,2932982541295448465,frame_captured_tpu,1765570229147,416,300,300,43,-1,-1,-1,-1,-1,-1,-1,-1,-1,-1,-1,-1,-1,-1,-1,-1,-1,-1,-1,-1,
1765570229669,CameraCapture,2932982541295448465,frame_captured_main,1765570229191,417,1536,864,43,-1,-1,-1,-1,-1,-1,-1,-1,-1,-1,-1,-1,-1,-1,-1,-1,-1,-1,-1,-1,
1765570229669,CameraCapture,2932982541295448465,frame_captured_tpu,1765570229191,417,300,300,43,-1,-1,-1,-1,-1,-1,-1,-1,-1,-1,-1,-1,-1,-1,-1,-1,-1,-1,-1,-1,
1765570229715,CameraCapture,2932982541295448465,frame_captured_main,1765570229236,418,1536,864,43,-1,-1,-1,-1,-1,-1,-1,-1,-1,-1,-1,-1,-1,-1,-1,-1,-1,-1,-1,-1,
1765570229715,CameraCapture,2932982541295448465,frame_captured_tpu,1765570229236,418,300,300,43,-1,-1,-1,-1,-1,-1,-1,-1,-1,-1,-1,-1,-1,-1,-1,-1,-1,-1,-1,-1,
1765570229758,CameraCapture,2932982541295448465,frame_captured_main,1765570229279,419,1536,864,43,-1,-1,-1,-1,-1,-1,-1,-1,-1,-1,-1,-1,-1,-1,-1,-1,-1,-1,-1,-1,
1765570229758,CameraCapture,2932982541295448465,frame_captured_tpu,1765570229279,419,300,300,43,-1,-1,-1,-1,-1,-1,-1,-1,-1,-1,-1,-1,-1,-1,-1,-1,-1,-1,-1,-1,
1765570229802,CameraCapture,2932982541295448465,frame_captured_main,1765570229322,420,1536,864,43,-1,-1,-1,-1,-1,-1,-1,-1,-1,-1,-1,-1,-1,-1,-1,-1,-1,-1,-1,-1,
1765570229802,CameraCapture,2932982541295448465,frame_captured_tpu,1765570229322,420,300,300,43,-1,-1,-1,-1,-1,-1,-1,-1,-1,-1,-1,-1,-1,-1,-1,-1,-1,-1,-1,-1,
1765570229844,CameraCapture,2932982541295448465,frame_captured_main,1765570229366,421,1536,864,43,-1,-1,-1,-1,-1,-1,-1,-1,-1,-1,-1,-1,-1,-1,-1,-1,-1,-1,-1,-1,
1765570229844,CameraCapture,2932982541295448465,frame_captured_tpu,1765570229366,421,300,300,43,-1,-1,-1,-1,-1,-1,-1,-1,-1,-1,-1,-1,-1,-1,-1,-1,-1,-1,-1,-1,
1765570229889,CameraCapture,2932982541295448465,frame_captured_main,1765570229410,422,1536,864,43,-1,-1,-1,-1,-1,-1,-1,-1,-1,-1,-1,-1,-1,-1,-1,-1,-1,-1,-1,-1,
1765570229889,CameraCapture,2932982541295448465,frame_captured_tpu,1765570229410,422,300,300,43,-1,-1,-1,-1,-1,-1,-1,-1,-1,-1,-1,-1,-1,-1,-1,-1,-1,-1,-1,-1,
1765570229933,CameraCapture,2932982541295448465,frame_captured_main,1765570229455,423,1536,864,43,-1,-1,-1,-1,-1,-1,-1,-1,-1,-1,-1,-1,-1,-1,-1,-1,-1,-1,-1,-1,
1765570229933,CameraCapture,2932982541295448465,frame_captured_tpu,1765570229455,423,300,300,43,-1,-1,-1,-1,-1,-1,-1,-1,-1,-1,-1,-1,-1,-1,-1,-1,-1,-1,-1,-1,
1765570229977,CameraCapture,2932982541295448465,frame_captured_main,1765570229498,424,1536,864,43,-1,-1,-1,-1,-1,-1,-1,-1,-1,-1,-1,-1,-1,-1,-1,-1,-1,-1,-1,-1,
1765570229977,CameraCapture,2932982541295448465,frame_captured_tpu,1765570229498,424,300,300,43,-1,-1,-1,-1,-1,-1,-1,-1,-1,-1,-1,-1,-1,-1,-1,-1,-1,-1,-1,-1,
1765570230019,CameraCapture,2932982541295448465,frame_captured_main,1765570229541,425,1536,864,43,-1,-1,-1,-1,-1,-1,-1,-1,-1,-1,-1,-1,-1,-1,-1,-1,-1,-1,-1,-1,
1765570230019,CameraCapture,2932982541295448465,frame_captured_tpu,1765570229541,425,300,300,43,-1,-1,-1,-1,-1,-1,-1,-1,-1,-1,-1,-1,-1,-1,-1,-1,-1,-1,-1,-1,
1765570230065,CameraCapture,2932982541295448465,frame_captured_main,1765570229586,426,1536,864,43,-1,-1,-1,-1,-1,-1,-1,-1,-1,-1,-1,-1,-1,-1,-1,-1,-1,-1,-1,-1,
1765570230065,CameraCapture,2932982541295448465,frame_captured_tpu,1765570229586,426,300,300,43,-1,-1,-1,-1,-1,-1,-1,-1,-1,-1,-1,-1,-1,-1,-1,-1,-1,-1,-1,-1,
1765570230109,CameraCapture,2932982541295448465,frame_captured_main,1765570229629,427,1536,864,43,-1,-1,-1,-1,-1,-1,-1,-1,-1,-1,-1,-1,-1,-1,-1,-1,-1,-1,-1,-1,
1765570230109,CameraCapture,2932982541295448465,frame_captured_tpu,1765570229629,427,300,300,43,-1,-1,-1,-1,-1,-1,-1,-1,-1,-1,-1,-1,-1,-1,-1,-1,-1,-1,-1,-1,
1765570230152,CameraCapture,2932982541295448465,frame_captured_main,1765570229672,428,1536,864,43,-1,-1,-1,-1,-1,-1,-1,-1,-1,-1,-1,-1,-1,-1,-1,-1,-1,-1,-1,-1,
1765570230152,CameraCapture,2932982541295448465,frame_captured_tpu,1765570229672,428,300,300,43,-1,-1,-1,-1,-1,-1,-1,-1,-1,-1,-1,-1,-1,-1,-1,-1,-1,-1,-1,-1,
1765570230196,CameraCapture,2932982541295448465,frame_captured_main,1765570229716,429,1536,864,43,-1,-1,-1,-1,-1,-1,-1,-1,-1,-1,-1,-1,-1,-1,-1,-1,-1,-1,-1,-1,
1765570230196,CameraCapture,2932982541295448465,frame_captured_tpu,1765570229716,429,300,300,43,-1,-1,-1,-1,-1,-1,-1,-1,-1,-1,-1,-1,-1,-1,-1,-1,-1,-1,-1,-1,
1765570230240,CameraCapture,2932982541295448465,frame_captured_main,1765570229761,430,1536,864,43,-1,-1,-1,-1,-1,-1,-1,-1,-1,-1,-1,-1,-1,-1,-1,-1,-1,-1,-1,-1,
1765570230240,CameraCapture,2932982541295448465,frame_captured_tpu,1765570229761,430,300,300,43,-1,-1,-1,-1,-1,-1,-1,-1,-1,-1,-1,-1,-1,-1,-1,-1,-1,-1,-1,-1,
1765570230283,CameraCapture,2932982541295448465,frame_captured_main,1765570229803,431,1536,864,43,-1,-1,-1,-1,-1,-1,-1,-1,-1,-1,-1,-1,-1,-1,-1,-1,-1,-1,-1,-1,
1765570230283,CameraCapture,2932982541295448465,frame_captured_tpu,1765570229803,431,300,300,43,-1,-1,-1,-1,-1,-1,-1,-1,-1,-1,-1,-1,-1,-1,-1,-1,-1,-1,-1,-1,
1765570230327,CameraCapture,2932982541295448465,frame_captured_main,1765570229847,432,1536,864,43,-1,-1,-1,-1,-1,-1,-1,-1,-1,-1,-1,-1,-1,-1,-1,-1,-1,-1,-1,-1,
1765570230327,CameraCapture,2932982541295448465,frame_captured_tpu,1765570229847,432,300,300,43,-1,-1,-1,-1,-1,-1,-1,-1,-1,-1,-1,-1,-1,-1,-1,-1,-1,-1,-1,-1,
1765570230370,CameraCapture,2932982541295448465,frame_captured_main,1765570229892,433,1536,864,43,-1,-1,-1,-1,-1,-1,-1,-1,-1,-1,-1,-1,-1,-1,-1,-1,-1,-1,-1,-1,
1765570230370,CameraCapture,2932982541295448465,frame_captured_tpu,1765570229892,433,300,300,43,-1,-1,-1,-1,-1,-1,-1,-1,-1,-1,-1,-1,-1,-1,-1,-1,-1,-1,-1,-1,
1765570230415,CameraCapture,2932982541295448465,frame_captured_main,1765570229936,434,1536,864,43,-1,-1,-1,-1,-1,-1,-1,-1,-1,-1,-1,-1,-1,-1,-1,-1,-1,-1,-1,-1,
1765570230415,CameraCapture,2932982541295448465,frame_captured_tpu,1765570229936,434,300,300,43,-1,-1,-1,-1,-1,-1,-1,-1,-1,-1,-1,-1,-1,-1,-1,-1,-1,-1,-1,-1,
1765570230458,CameraCapture,2932982541295448465,frame_captured_main,1765570229978,435,1536,864,43,-1,-1,-1,-1,-1,-1,-1,-1,-1,-1,-1,-1,-1,-1,-1,-1,-1,-1,-1,-1,
1765570230458,CameraCapture,2932982541295448465,frame_captured_tpu,1765570229978,435,300,300,43,-1,-1,-1,-1,-1,-1,-1,-1,-1,-1,-1,-1,-1,-1,-1,-1,-1,-1,-1,-1,
1765570230502,CameraCapture,2932982541295448465,frame_captured_main,1765570230022,436,1536,864,43,-1,-1,-1,-1,-1,-1,-1,-1,-1,-1,-1,-1,-1,-1,-1,-1,-1,-1,-1,-1,
1765570230502,CameraCapture,2932982541295448465,frame_captured_tpu,1765570230022,436,300,300,43,-1,-1,-1,-1,-1,-1,-1,-1,-1,-1,-1,-1,-1,-1,-1,-1,-1,-1,-1,-1,
1765570230545,CameraCapture,2932982541295448465,frame_captured_main,1765570230066,437,1536,864,43,-1,-1,-1,-1,-1,-1,-1,-1,-1,-1,-1,-1,-1,-1,-1,-1,-1,-1,-1,-1,
1765570230545,CameraCapture,2932982541295448465,frame_captured_tpu,1765570230066,437,300,300,43,-1,-1,-1,-1,-1,-1,-1,-1,-1,-1,-1,-1,-1,-1,-1,-1,-1,-1,-1,-1,
1765570230590,CameraCapture,2932982541295448465,frame_captured_main,1765570230110,438,1536,864,43,-1,-1,-1,-1,-1,-1,-1,-1,-1,-1,-1,-1,-1,-1,-1,-1,-1,-1,-1,-1,
1765570230590,CameraCapture,2932982541295448465,frame_captured_tpu,1765570230110,438,300,300,43,-1,-1,-1,-1,-1,-1,-1,-1,-1,-1,-1,-1,-1,-1,-1,-1,-1,-1,-1,-1,
1765570230633,CameraCapture,2932982541295448465,frame_captured_main,1765570230153,439,1536,864,43,-1,-1,-1,-1,-1,-1,-1,-1,-1,-1,-1,-1,-1,-1,-1,-1,-1,-1,-1,-1,
1765570230633,CameraCapture,2932982541295448465,frame_captured_tpu,1765570230153,439,300,300,43,-1,-1,-1,-1,-1,-1,-1,-1,-1,-1,-1,-1,-1,-1,-1,-1,-1,-1,-1,-1,
1765570230678,CameraCapture,2932982541295448465,frame_captured_main,1765570230197,440,1536,864,43,-1,-1,-1,-1,-1,-1,-1,-1,-1,-1,-1,-1,-1,-1,-1,-1,-1,-1,-1,-1,
1765570230678,CameraCapture,2932982541295448465,frame_captured_tpu,1765570230197,440,300,300,43,-1,-1,-1,-1,-1,-1,-1,-1,-1,-1,-1,-1,-1,-1,-1,-1,-1,-1,-1,-1,
1765570230720,CameraCapture,2932982541295448465,frame_captured_main,1765570230242,441,1536,864,43,-1,-1,-1,-1,-1,-1,-1,-1,-1,-1,-1,-1,-1,-1,-1,-1,-1,-1,-1,-1,
1765570230720,CameraCapture,2932982541295448465,frame_captured_tpu,1765570230242,441,300,300,43,-1,-1,-1,-1,-1,-1,-1,-1,-1,-1,-1,-1,-1,-1,-1,-1,-1,-1,-1,-1,
1765570230765,CameraCapture,2932982541295448465,frame_captured_main,1765570230286,442,1536,864,43,-1,-1,-1,-1,-1,-1,-1,-1,-1,-1,-1,-1,-1,-1,-1,-1,-1,-1,-1,-1,
1765570230765,CameraCapture,2932982541295448465,frame_captured_tpu,1765570230286,442,300,300,43,-1,-1,-1,-1,-1,-1,-1,-1,-1,-1,-1,-1,-1,-1,-1,-1,-1,-1,-1,-1,
1765570230808,CameraCapture,2932982541295448465,frame_captured_main,1765570230329,443,1536,864,43,-1,-1,-1,-1,-1,-1,-1,-1,-1,-1,-1,-1,-1,-1,-1,-1,-1,-1,-1,-1,
1765570230808,CameraCapture,2932982541295448465,frame_captured_tpu,1765570230329,443,300,300,43,-1,-1,-1,-1,-1,-1,-1,-1,-1,-1,-1,-1,-1,-1,-1,-1,-1,-1,-1,-1,
1765570230852,CameraCapture,2932982541295448465,frame_captured_main,1765570230372,444,1536,864,43,-1,-1,-1,-1,-1,-1,-1,-1,-1,-1,-1,-1,-1,-1,-1,-1,-1,-1,-1,-1,
1765570230852,CameraCapture,2932982541295448465,frame_captured_tpu,1765570230372,444,300,300,43,-1,-1,-1,-1,-1,-1,-1,-1,-1,-1,-1,-1,-1,-1,-1,-1,-1,-1,-1,-1,
1765570230895,CameraCapture,2932982541295448465,frame_captured_main,1765570230417,445,1536,864,43,-1,-1,-1,-1,-1,-1,-1,-1,-1,-1,-1,-1,-1,-1,-1,-1,-1,-1,-1,-1,
1765570230895,CameraCapture,2932982541295448465,frame_captured_tpu,1765570230417,445,300,300,43,-1,-1,-1,-1,-1,-1,-1,-1,-1,-1,-1,-1,-1,-1,-1,-1,-1,-1,-1,-1,
1765570230940,CameraCapture,2932982541295448465,frame_captured_main,1765570230461,446,1536,864,43,-1,-1,-1,-1,-1,-1,-1,-1,-1,-1,-1,-1,-1,-1,-1,-1,-1,-1,-1,-1,
1765570230940,CameraCapture,2932982541295448465,frame_captured_tpu,1765570230461,446,300,300,43,-1,-1,-1,-1,-1,-1,-1,-1,-1,-1,-1,-1,-1,-1,-1,-1,-1,-1,-1,-1,
1765570230983,CameraCapture,2932982541295448465,frame_captured_main,1765570230503,447,1536,864,43,-1,-1,-1,-1,-1,-1,-1,-1,-1,-1,-1,-1,-1,-1,-1,-1,-1,-1,-1,-1,
1765570230983,CameraCapture,2932982541295448465,frame_captured_tpu,1765570230503,447,300,300,43,-1,-1,-1,-1,-1,-1,-1,-1,-1,-1,-1,-1,-1,-1,-1,-1,-1,-1,-1,-1,
1765570231027,CameraCapture,2932982541295448465,frame_captured_main,1765570230547,448,1536,864,43,-1,-1,-1,-1,-1,-1,-1,-1,-1,-1,-1,-1,-1,-1,-1,-1,-1,-1,-1,-1,
1765570231027,CameraCapture,2932982541295448465,frame_captured_tpu,1765570230547,448,300,300,43,-1,-1,-1,-1,-1,-1,-1,-1,-1,-1,-1,-1,-1,-1,-1,-1,-1,-1,-1,-1,
1765570231070,CameraCapture,2932982541295448465,frame_captured_main,1765570230592,449,1536,864,43,-1,-1,-1,-1,-1,-1,-1,-1,-1,-1,-1,-1,-1,-1,-1,-1,-1,-1,-1,-1,
1765570231070,CameraCapture,2932982541295448465,frame_captured_tpu,1765570230592,449,300,300,43,-1,-1,-1,-1,-1,-1,-1,-1,-1,-1,-1,-1,-1,-1,-1,-1,-1,-1,-1,-1,
1765570231115,CameraCapture,2932982541295448465,frame_captured_main,1765570230635,450,1536,864,43,-1,-1,-1,-1,-1,-1,-1,-1,-1,-1,-1,-1,-1,-1,-1,-1,-1,-1,-1,-1,
1765570231115,CameraCapture,2932982541295448465,frame_captured_tpu,1765570230635,450,300,300,43,-1,-1,-1,-1,-1,-1,-1,-1,-1,-1,-1,-1,-1,-1,-1,-1,-1,-1,-1,-1,
1765570231158,CameraCapture,2932982541295448465,frame_captured_main,1765570230679,451,1536,864,43,-1,-1,-1,-1,-1,-1,-1,-1,-1,-1,-1,-1,-1,-1,-1,-1,-1,-1,-1,-1,
1765570231158,CameraCapture,2932982541295448465,frame_captured_tpu,1765570230679,451,300,300,43,-1,-1,-1,-1,-1,-1,-1,-1,-1,-1,-1,-1,-1,-1,-1,-1,-1,-1,-1,-1,
1765570231202,CameraCapture,2932982541295448465,frame_captured_main,1765570230722,452,1536,864,43,-1,-1,-1,-1,-1,-1,-1,-1,-1,-1,-1,-1,-1,-1,-1,-1,-1,-1,-1,-1,
1765570231202,CameraCapture,2932982541295448465,frame_captured_tpu,1765570230722,452,300,300,43,-1,-1,-1,-1,-1,-1,-1,-1,-1,-1,-1,-1,-1,-1,-1,-1,-1,-1,-1,-1,
1765570231245,CameraCapture,2932982541295448465,frame_captured_main,1765570230767,453,1536,864,43,-1,-1,-1,-1,-1,-1,-1,-1,-1,-1,-1,-1,-1,-1,-1,-1,-1,-1,-1,-1,
1765570231245,CameraCapture,2932982541295448465,frame_captured_tpu,1765570230767,453,300,300,43,-1,-1,-1,-1,-1,-1,-1,-1,-1,-1,-1,-1,-1,-1,-1,-1,-1,-1,-1,-1,
1765570231290,CameraCapture,2932982541295448465,frame_captured_main,1765570230811,454,1536,864,43,-1,-1,-1,-1,-1,-1,-1,-1,-1,-1,-1,-1,-1,-1,-1,-1,-1,-1,-1,-1,
1765570231290,CameraCapture,2932982541295448465,frame_captured_tpu,1765570230811,454,300,300,43,-1,-1,-1,-1,-1,-1,-1,-1,-1,-1,-1,-1,-1,-1,-1,-1,-1,-1,-1,-1,
1765570231333,CameraCapture,2932982541295448465,frame_captured_main,1765570230853,455,1536,864,43,-1,-1,-1,-1,-1,-1,-1,-1,-1,-1,-1,-1,-1,-1,-1,-1,-1,-1,-1,-1,
1765570231333,CameraCapture,2932982541295448465,frame_captured_tpu,1765570230853,455,300,300,43,-1,-1,-1,-1,-1,-1,-1,-1,-1,-1,-1,-1,-1,-1,-1,-1,-1,-1,-1,-1,
1765570231378,CameraCapture,2932982541295448465,frame_captured_main,1765570230898,456,1536,864,43,-1,-1,-1,-1,-1,-1,-1,-1,-1,-1,-1,-1,-1,-1,-1,-1,-1,-1,-1,-1,
1765570231378,CameraCapture,2932982541295448465,frame_captured_tpu,1765570230898,456,300,300,43,-1,-1,-1,-1,-1,-1,-1,-1,-1,-1,-1,-1,-1,-1,-1,-1,-1,-1,-1,-1,
1765570231420,CameraCapture,2932982541295448465,frame_captured_main,1765570230942,457,1536,864,43,-1,-1,-1,-1,-1,-1,-1,-1,-1,-1,-1,-1,-1,-1,-1,-1,-1,-1,-1,-1,
1765570231420,CameraCapture,2932982541295448465,frame_captured_tpu,1765570230942,457,300,300,43,-1,-1,-1,-1,-1,-1,-1,-1,-1,-1,-1,-1,-1,-1,-1,-1,-1,-1,-1,-1,
1765570231464,CameraCapture,2932982541295448465,frame_captured_main,1765570230985,458,1536,864,43,-1,-1,-1,-1,-1,-1,-1,-1,-1,-1,-1,-1,-1,-1,-1,-1,-1,-1,-1,-1,
1765570231464,CameraCapture,2932982541295448465,frame_captured_tpu,1765570230985,458,300,300,43,-1,-1,-1,-1,-1,-1,-1,-1,-1,-1,-1,-1,-1,-1,-1,-1,-1,-1,-1,-1,
1765570231508,CameraCapture,2932982541295448465,frame_captured_main,1765570231028,459,1536,864,43,-1,-1,-1,-1,-1,-1,-1,-1,-1,-1,-1,-1,-1,-1,-1,-1,-1,-1,-1,-1,
1765570231508,CameraCapture,2932982541295448465,frame_captured_tpu,1765570231028,459,300,300,43,-1,-1,-1,-1,-1,-1,-1,-1,-1,-1,-1,-1,-1,-1,-1,-1,-1,-1,-1,-1,
1765570231552,CameraCapture,2932982541295448465,frame_captured_main,1765570231072,460,1536,864,43,-1,-1,-1,-1,-1,-1,-1,-1,-1,-1,-1,-1,-1,-1,-1,-1,-1,-1,-1,-1,
1765570231552,CameraCapture,2932982541295448465,frame_captured_tpu,1765570231072,460,300,300,43,-1,-1,-1,-1,-1,-1,-1,-1,-1,-1,-1,-1,-1,-1,-1,-1,-1,-1,-1,-1,
1765570231595,CameraCapture,2932982541295448465,frame_captured_main,1765570231116,461,1536,864,43,-1,-1,-1,-1,-1,-1,-1,-1,-1,-1,-1,-1,-1,-1,-1,-1,-1,-1,-1,-1,
1765570231595,CameraCapture,2932982541295448465,frame_captured_tpu,1765570231116,461,300,300,43,-1,-1,-1,-1,-1,-1,-1,-1,-1,-1,-1,-1,-1,-1,-1,-1,-1,-1,-1,-1,
1765570231639,CameraCapture,2932982541295448465,frame_captured_main,1765570231159,462,1536,864,43,-1,-1,-1,-1,-1,-1,-1,-1,-1,-1,-1,-1,-1,-1,-1,-1,-1,-1,-1,-1,
1765570231639,CameraCapture,2932982541295448465,frame_captured_tpu,1765570231159,462,300,300,43,-1,-1,-1,-1,-1,-1,-1,-1,-1,-1,-1,-1,-1,-1,-1,-1,-1,-1,-1,-1,
1765570231683,CameraCapture,2932982541295448465,frame_captured_main,1765570231203,463,1536,864,43,-1,-1,-1,-1,-1,-1,-1,-1,-1,-1,-1,-1,-1,-1,-1,-1,-1,-1,-1,-1,
1765570231683,CameraCapture,2932982541295448465,frame_captured_tpu,1765570231203,463,300,300,43,-1,-1,-1,-1,-1,-1,-1,-1,-1,-1,-1,-1,-1,-1,-1,-1,-1,-1,-1,-1,
1765570231727,CameraCapture,2932982541295448465,frame_captured_main,1765570231247,464,1536,864,43,-1,-1,-1,-1,-1,-1,-1,-1,-1,-1,-1,-1,-1,-1,-1,-1,-1,-1,-1,-1,
1765570231727,CameraCapture,2932982541295448465,frame_captured_tpu,1765570231247,464,300,300,43,-1,-1,-1,-1,-1,-1,-1,-1,-1,-1,-1,-1,-1,-1,-1,-1,-1,-1,-1,-1,
1765570231770,CameraCapture,2932982541295448465,frame_captured_main,1765570231292,465,1536,864,43,-1,-1,-1,-1,-1,-1,-1,-1,-1,-1,-1,-1,-1,-1,-1,-1,-1,-1,-1,-1,
1765570231770,CameraCapture,2932982541295448465,frame_captured_tpu,1765570231292,465,300,300,43,-1,-1,-1,-1,-1,-1,-1,-1,-1,-1,-1,-1,-1,-1,-1,-1,-1,-1,-1,-1,
1765570231814,CameraCapture,2932982541295448465,frame_captured_main,1765570231334,466,1536,864,43,-1,-1,-1,-1,-1,-1,-1,-1,-1,-1,-1,-1,-1,-1,-1,-1,-1,-1,-1,-1,
1765570231814,CameraCapture,2932982541295448465,frame_captured_tpu,1765570231334,466,300,300,43,-1,-1,-1,-1,-1,-1,-1,-1,-1,-1,-1,-1,-1,-1,-1,-1,-1,-1,-1,-1,
1765570231858,CameraCapture,2932982541295448465,frame_captured_main,1765570231378,467,1536,864,43,-1,-1,-1,-1,-1,-1,-1,-1,-1,-1,-1,-1,-1,-1,-1,-1,-1,-1,-1,-1,
1765570231858,CameraCapture,2932982541295448465,frame_captured_tpu,1765570231378,467,300,300,43,-1,-1,-1,-1,-1,-1,-1,-1,-1,-1,-1,-1,-1,-1,-1,-1,-1,-1,-1,-1,
1765570231903,CameraCapture,2932982541295448465,frame_captured_main,1765570231422,468,1536,864,43,-1,-1,-1,-1,-1,-1,-1,-1,-1,-1,-1,-1,-1,-1,-1,-1,-1,-1,-1,-1,
1765570231903,CameraCapture,2932982541295448465,frame_captured_tpu,1765570231422,468,300,300,43,-1,-1,-1,-1,-1,-1,-1,-1,-1,-1,-1,-1,-1,-1,-1,-1,-1,-1,-1,-1,
1765570231945,CameraCapture,2932982541295448465,frame_captured_main,1765570231467,469,1536,864,43,-1,-1,-1,-1,-1,-1,-1,-1,-1,-1,-1,-1,-1,-1,-1,-1,-1,-1,-1,-1,
1765570231945,CameraCapture,2932982541295448465,frame_captured_tpu,1765570231467,469,300,300,43,-1,-1,-1,-1,-1,-1,-1,-1,-1,-1,-1,-1,-1,-1,-1,-1,-1,-1,-1,-1,
1765570231989,CameraCapture,2932982541295448465,frame_captured_main,1765570231509,470,1536,864,43,-1,-1,-1,-1,-1,-1,-1,-1,-1,-1,-1,-1,-1,-1,-1,-1,-1,-1,-1,-1,
1765570231989,CameraCapture,2932982541295448465,frame_captured_tpu,1765570231509,470,300,300,43,-1,-1,-1,-1,-1,-1,-1,-1,-1,-1,-1,-1,-1,-1,-1,-1,-1,-1,-1,-1,
1765570232033,CameraCapture,2932982541295448465,frame_captured_main,1765570231554,471,1536,864,43,-1,-1,-1,-1,-1,-1,-1,-1,-1,-1,-1,-1,-1,-1,-1,-1,-1,-1,-1,-1,
1765570232033,CameraCapture,2932982541295448465,frame_captured_tpu,1765570231554,471,300,300,43,-1,-1,-1,-1,-1,-1,-1,-1,-1,-1,-1,-1,-1,-1,-1,-1,-1,-1,-1,-1,
1765570232077,CameraCapture,2932982541295448465,frame_captured_main,1765570231597,472,1536,864,43,-1,-1,-1,-1,-1,-1,-1,-1,-1,-1,-1,-1,-1,-1,-1,-1,-1,-1,-1,-1,
1765570232077,CameraCapture,2932982541295448465,frame_captured_tpu,1765570231597,472,300,300,43,-1,-1,-1,-1,-1,-1,-1,-1,-1,-1,-1,-1,-1,-1,-1,-1,-1,-1,-1,-1,
1765570232120,CameraCapture,2932982541295448465,frame_captured_main,1765570231642,473,1536,864,43,-1,-1,-1,-1,-1,-1,-1,-1,-1,-1,-1,-1,-1,-1,-1,-1,-1,-1,-1,-1,
1765570232120,CameraCapture,2932982541295448465,frame_captured_tpu,1765570231642,473,300,300,43,-1,-1,-1,-1,-1,-1,-1,-1,-1,-1,-1,-1,-1,-1,-1,-1,-1,-1,-1,-1,
1765570232165,CameraCapture,2932982541295448465,frame_captured_main,1765570231684,474,1536,864,43,-1,-1,-1,-1,-1,-1,-1,-1,-1,-1,-1,-1,-1,-1,-1,-1,-1,-1,-1,-1,
1765570232165,CameraCapture,2932982541295448465,frame_captured_tpu,1765570231684,474,300,300,43,-1,-1,-1,-1,-1,-1,-1,-1,-1,-1,-1,-1,-1,-1,-1,-1,-1,-1,-1,-1,
1765570232208,CameraCapture,2932982541295448465,frame_captured_main,1765570231729,475,1536,864,43,-1,-1,-1,-1,-1,-1,-1,-1,-1,-1,-1,-1,-1,-1,-1,-1,-1,-1,-1,-1,
1765570232208,CameraCapture,2932982541295448465,frame_captured_tpu,1765570231729,475,300,300,43,-1,-1,-1,-1,-1,-1,-1,-1,-1,-1,-1,-1,-1,-1,-1,-1,-1,-1,-1,-1,
1765570232252,CameraCapture,2932982541295448465,frame_captured_main,1765570231772,476,1536,864,43,-1,-1,-1,-1,-1,-1,-1,-1,-1,-1,-1,-1,-1,-1,-1,-1,-1,-1,-1,-1,
1765570232252,CameraCapture,2932982541295448465,frame_captured_tpu,1765570231772,476,300,300,43,-1,-1,-1,-1,-1,-1,-1,-1,-1,-1,-1,-1,-1,-1,-1,-1,-1,-1,-1,-1,
1765570232295,CameraCapture,2932982541295448465,frame_captured_main,1765570231816,477,1536,864,43,-1,-1,-1,-1,-1,-1,-1,-1,-1,-1,-1,-1,-1,-1,-1,-1,-1,-1,-1,-1,
1765570232295,CameraCapture,2932982541295448465,frame_captured_tpu,1765570231816,477,300,300,43,-1,-1,-1,-1,-1,-1,-1,-1,-1,-1,-1,-1,-1,-1,-1,-1,-1,-1,-1,-1,
1765570232339,CameraCapture,2932982541295448465,frame_captured_main,1765570231859,478,1536,864,43,-1,-1,-1,-1,-1,-1,-1,-1,-1,-1,-1,-1,-1,-1,-1,-1,-1,-1,-1,-1,
1765570232339,CameraCapture,2932982541295448465,frame_captured_tpu,1765570231859,478,300,300,43,-1,-1,-1,-1,-1,-1,-1,-1,-1,-1,-1,-1,-1,-1,-1,-1,-1,-1,-1,-1,
1765570232383,CameraCapture,2932982541295448465,frame_captured_main,1765570231904,479,1536,864,43,-1,-1,-1,-1,-1,-1,-1,-1,-1,-1,-1,-1,-1,-1,-1,-1,-1,-1,-1,-1,
1765570232383,CameraCapture,2932982541295448465,frame_captured_tpu,1765570231904,479,300,300,43,-1,-1,-1,-1,-1,-1,-1,-1,-1,-1,-1,-1,-1,-1,-1,-1,-1,-1,-1,-1,
1765570232427,CameraCapture,2932982541295448465,frame_captured_main,1765570231948,480,1536,864,43,-1,-1,-1,-1,-1,-1,-1,-1,-1,-1,-1,-1,-1,-1,-1,-1,-1,-1,-1,-1,
1765570232427,CameraCapture,2932982541295448465,frame_captured_tpu,1765570231948,480,300,300,43,-1,-1,-1,-1,-1,-1,-1,-1,-1,-1,-1,-1,-1,-1,-1,-1,-1,-1,-1,-1,
1765570232469,CameraCapture,2932982541295448465,frame_captured_main,1765570231991,481,1536,864,43,-1,-1,-1,-1,-1,-1,-1,-1,-1,-1,-1,-1,-1,-1,-1,-1,-1,-1,-1,-1,
1765570232469,CameraCapture,2932982541295448465,frame_captured_tpu,1765570231991,481,300,300,43,-1,-1,-1,-1,-1,-1,-1,-1,-1,-1,-1,-1,-1,-1,-1,-1,-1,-1,-1,-1,
1765570232514,CameraCapture,2932982541295448465,frame_captured_main,1765570232034,482,1536,864,43,-1,-1,-1,-1,-1,-1,-1,-1,-1,-1,-1,-1,-1,-1,-1,-1,-1,-1,-1,-1,
1765570232514,CameraCapture,2932982541295448465,frame_captured_tpu,1765570232034,482,300,300,43,-1,-1,-1,-1,-1,-1,-1,-1,-1,-1,-1,-1,-1,-1,-1,-1,-1,-1,-1,-1,
1765570232558,CameraCapture,2932982541295448465,frame_captured_main,1765570232079,483,1536,864,43,-1,-1,-1,-1,-1,-1,-1,-1,-1,-1,-1,-1,-1,-1,-1,-1,-1,-1,-1,-1,
1765570232558,CameraCapture,2932982541295448465,frame_captured_tpu,1765570232079,483,300,300,43,-1,-1,-1,-1,-1,-1,-1,-1,-1,-1,-1,-1,-1,-1,-1,-1,-1,-1,-1,-1,
1765570232602,CameraCapture,2932982541295448465,frame_captured_main,1765570232123,484,1536,864,43,-1,-1,-1,-1,-1,-1,-1,-1,-1,-1,-1,-1,-1,-1,-1,-1,-1,-1,-1,-1,
1765570232602,CameraCapture,2932982541295448465,frame_captured_tpu,1765570232123,484,300,300,43,-1,-1,-1,-1,-1,-1,-1,-1,-1,-1,-1,-1,-1,-1,-1,-1,-1,-1,-1,-1,
1765570232644,CameraCapture,2932982541295448465,frame_captured_main,1765570232166,485,1536,864,43,-1,-1,-1,-1,-1,-1,-1,-1,-1,-1,-1,-1,-1,-1,-1,-1,-1,-1,-1,-1,
1765570232644,CameraCapture,2932982541295448465,frame_captured_tpu,1765570232166,485,300,300,43,-1,-1,-1,-1,-1,-1,-1,-1,-1,-1,-1,-1,-1,-1,-1,-1,-1,-1,-1,-1,
1765570232689,CameraCapture,2932982541295448465,frame_captured_main,1765570232209,486,1536,864,43,-1,-1,-1,-1,-1,-1,-1,-1,-1,-1,-1,-1,-1,-1,-1,-1,-1,-1,-1,-1,
1765570232689,CameraCapture,2932982541295448465,frame_captured_tpu,1765570232209,486,300,300,43,-1,-1,-1,-1,-1,-1,-1,-1,-1,-1,-1,-1,-1,-1,-1,-1,-1,-1,-1,-1,
1765570232733,CameraCapture,2932982541295448465,frame_captured_main,1765570232254,487,1536,864,43,-1,-1,-1,-1,-1,-1,-1,-1,-1,-1,-1,-1,-1,-1,-1,-1,-1,-1,-1,-1,
1765570232733,CameraCapture,2932982541295448465,frame_captured_tpu,1765570232254,487,300,300,43,-1,-1,-1,-1,-1,-1,-1,-1,-1,-1,-1,-1,-1,-1,-1,-1,-1,-1,-1,-1,
1765570232777,CameraCapture,2932982541295448465,frame_captured_main,1765570232298,488,1536,864,43,-1,-1,-1,-1,-1,-1,-1,-1,-1,-1,-1,-1,-1,-1,-1,-1,-1,-1,-1,-1,
1765570232777,CameraCapture,2932982541295448465,frame_captured_tpu,1765570232298,488,300,300,43,-1,-1,-1,-1,-1,-1,-1,-1,-1,-1,-1,-1,-1,-1,-1,-1,-1,-1,-1,-1,
1765570232819,CameraCapture,2932982541295448465,frame_captured_main,1765570232341,489,1536,864,43,-1,-1,-1,-1,-1,-1,-1,-1,-1,-1,-1,-1,-1,-1,-1,-1,-1,-1,-1,-1,
1765570232819,CameraCapture,2932982541295448465,frame_captured_tpu,1765570232341,489,300,300,43,-1,-1,-1,-1,-1,-1,-1,-1,-1,-1,-1,-1,-1,-1,-1,-1,-1,-1,-1,-1,
1765570232864,CameraCapture,2932982541295448465,frame_captured_main,1765570232384,490,1536,864,43,-1,-1,-1,-1,-1,-1,-1,-1,-1,-1,-1,-1,-1,-1,-1,-1,-1,-1,-1,-1,
1765570232864,CameraCapture,2932982541295448465,frame_captured_tpu,1765570232384,490,300,300,43,-1,-1,-1,-1,-1,-1,-1,-1,-1,-1,-1,-1,-1,-1,-1,-1,-1,-1,-1,-1,
1765570232908,CameraCapture,2932982541295448465,frame_captured_main,1765570232429,491,1536,864,43,-1,-1,-1,-1,-1,-1,-1,-1,-1,-1,-1,-1,-1,-1,-1,-1,-1,-1,-1,-1,
1765570232908,CameraCapture,2932982541295448465,frame_captured_tpu,1765570232429,491,300,300,43,-1,-1,-1,-1,-1,-1,-1,-1,-1,-1,-1,-1,-1,-1,-1,-1,-1,-1,-1,-1,
1765570232952,CameraCapture,2932982541295448465,frame_captured_main,1765570232473,492,1536,864,43,-1,-1,-1,-1,-1,-1,-1,-1,-1,-1,-1,-1,-1,-1,-1,-1,-1,-1,-1,-1,
1765570232952,CameraCapture,2932982541295448465,frame_captured_tpu,1765570232473,492,300,300,43,-1,-1,-1,-1,-1,-1,-1,-1,-1,-1,-1,-1,-1,-1,-1,-1,-1,-1,-1,-1,
1765570232994,CameraCapture,2932982541295448465,frame_captured_main,1765570232516,493,1536,864,43,-1,-1,-1,-1,-1,-1,-1,-1,-1,-1,-1,-1,-1,-1,-1,-1,-1,-1,-1,-1,
1765570232994,CameraCapture,2932982541295448465,frame_captured_tpu,1765570232516,493,300,300,43,-1,-1,-1,-1,-1,-1,-1,-1,-1,-1,-1,-1,-1,-1,-1,-1,-1,-1,-1,-1,
1765570233040,CameraCapture,2932982541295448465,frame_captured_main,1765570232559,494,1536,864,43,-1,-1,-1,-1,-1,-1,-1,-1,-1,-1,-1,-1,-1,-1,-1,-1,-1,-1,-1,-1,
1765570233040,CameraCapture,2932982541295448465,frame_captured_tpu,1765570232559,494,300,300,43,-1,-1,-1,-1,-1,-1,-1,-1,-1,-1,-1,-1,-1,-1,-1,-1,-1,-1,-1,-1,
1765570233083,CameraCapture,2932982541295448465,frame_captured_main,1765570232604,495,1536,864,43,-1,-1,-1,-1,-1,-1,-1,-1,-1,-1,-1,-1,-1,-1,-1,-1,-1,-1,-1,-1,
1765570233083,CameraCapture,2932982541295448465,frame_captured_tpu,1765570232604,495,300,300,43,-1,-1,-1,-1,-1,-1,-1,-1,-1,-1,-1,-1,-1,-1,-1,-1,-1,-1,-1,-1,
1765570233127,CameraCapture,2932982541295448465,frame_captured_main,1765570232648,496,1536,864,43,-1,-1,-1,-1,-1,-1,-1,-1,-1,-1,-1,-1,-1,-1,-1,-1,-1,-1,-1,-1,
1765570233127,CameraCapture,2932982541295448465,frame_captured_tpu,1765570232648,496,300,300,43,-1,-1,-1,-1,-1,-1,-1,-1,-1,-1,-1,-1,-1,-1,-1,-1,-1,-1,-1,-1,
1765570233169,CameraCapture,2932982541295448465,frame_captured_main,1765570232690,497,1536,864,43,-1,-1,-1,-1,-1,-1,-1,-1,-1,-1,-1,-1,-1,-1,-1,-1,-1,-1,-1,-1,
1765570233169,CameraCapture,2932982541295448465,frame_captured_tpu,1765570232690,497,300,300,43,-1,-1,-1,-1,-1,-1,-1,-1,-1,-1,-1,-1,-1,-1,-1,-1,-1,-1,-1,-1,
1765570233214,CameraCapture,2932982541295448465,frame_captured_main,1765570232734,498,1536,864,43,-1,-1,-1,-1,-1,-1,-1,-1,-1,-1,-1,-1,-1,-1,-1,-1,-1,-1,-1,-1,
1765570233214,CameraCapture,2932982541295448465,frame_captured_tpu,1765570232734,498,300,300,43,-1,-1,-1,-1,-1,-1,-1,-1,-1,-1,-1,-1,-1,-1,-1,-1,-1,-1,-1,-1,
1765570233258,CameraCapture,2932982541295448465,frame_captured_main,1765570232779,499,1536,864,43,-1,-1,-1,-1,-1,-1,-1,-1,-1,-1,-1,-1,-1,-1,-1,-1,-1,-1,-1,-1,
1765570233258,CameraCapture,2932982541295448465,frame_captured_tpu,1765570232779,499,300,300,43,-1,-1,-1,-1,-1,-1,-1,-1,-1,-1,-1,-1,-1,-1,-1,-1,-1,-1,-1,-1,
1765570233302,CameraCapture,2932982541295448465,frame_captured_main,1765570232823,500,1536,864,43,-1,-1,-1,-1,-1,-1,-1,-1,-1,-1,-1,-1,-1,-1,-1,-1,-1,-1,-1,-1,
1765570233302,CameraCapture,2932982541295448465,frame_captured_tpu,1765570232823,500,300,300,43,-1,-1,-1,-1,-1,-1,-1,-1,-1,-1,-1,-1,-1,-1,-1,-1,-1,-1,-1,-1,
1765570233345,CameraCapture,2932982541295448465,frame_captured_main,1765570232866,501,1536,864,43,-1,-1,-1,-1,-1,-1,-1,-1,-1,-1,-1,-1,-1,-1,-1,-1,-1,-1,-1,-1,
1765570233345,CameraCapture,2932982541295448465,frame_captured_tpu,1765570232866,501,300,300,43,-1,-1,-1,-1,-1,-1,-1,-1,-1,-1,-1,-1,-1,-1,-1,-1,-1,-1,-1,-1,
1765570233390,CameraCapture,2932982541295448465,frame_captured_main,1765570232909,502,1536,864,43,-1,-1,-1,-1,-1,-1,-1,-1,-1,-1,-1,-1,-1,-1,-1,-1,-1,-1,-1,-1,
1765570233390,CameraCapture,2932982541295448465,frame_captured_tpu,1765570232909,502,300,300,43,-1,-1,-1,-1,-1,-1,-1,-1,-1,-1,-1,-1,-1,-1,-1,-1,-1,-1,-1,-1,
1765570233432,CameraCapture,2932982541295448465,frame_captured_main,1765570232953,503,1536,864,43,-1,-1,-1,-1,-1,-1,-1,-1,-1,-1,-1,-1,-1,-1,-1,-1,-1,-1,-1,-1,
1765570233432,CameraCapture,2932982541295448465,frame_captured_tpu,1765570232953,503,300,300,43,-1,-1,-1,-1,-1,-1,-1,-1,-1,-1,-1,-1,-1,-1,-1,-1,-1,-1,-1,-1,
1765570233477,CameraCapture,2932982541295448465,frame_captured_main,1765570232998,504,1536,864,43,-1,-1,-1,-1,-1,-1,-1,-1,-1,-1,-1,-1,-1,-1,-1,-1,-1,-1,-1,-1,
1765570233477,CameraCapture,2932982541295448465,frame_captured_tpu,1765570232998,504,300,300,43,-1,-1,-1,-1,-1,-1,-1,-1,-1,-1,-1,-1,-1,-1,-1,-1,-1,-1,-1,-1,
1765570233519,CameraCapture,2932982541295448465,frame_captured_main,1765570233040,505,1536,864,43,-1,-1,-1,-1,-1,-1,-1,-1,-1,-1,-1,-1,-1,-1,-1,-1,-1,-1,-1,-1,
1765570233519,CameraCapture,2932982541295448465,frame_captured_tpu,1765570233040,505,300,300,43,-1,-1,-1,-1,-1,-1,-1,-1,-1,-1,-1,-1,-1,-1,-1,-1,-1,-1,-1,-1,
1765570233564,CameraCapture,2932982541295448465,frame_captured_main,1765570233084,506,1536,864,43,-1,-1,-1,-1,-1,-1,-1,-1,-1,-1,-1,-1,-1,-1,-1,-1,-1,-1,-1,-1,
1765570233564,CameraCapture,2932982541295448465,frame_captured_tpu,1765570233084,506,300,300,43,-1,-1,-1,-1,-1,-1,-1,-1,-1,-1,-1,-1,-1,-1,-1,-1,-1,-1,-1,-1,
1765570233607,CameraCapture,2932982541295448465,frame_captured_main,1765570233128,507,1536,864,43,-1,-1,-1,-1,-1,-1,-1,-1,-1,-1,-1,-1,-1,-1,-1,-1,-1,-1,-1,-1,
1765570233607,CameraCapture,2932982541295448465,frame_captured_tpu,1765570233128,507,300,300,43,-1,-1,-1,-1,-1,-1,-1,-1,-1,-1,-1,-1,-1,-1,-1,-1,-1,-1,-1,-1,
1765570233652,CameraCapture,2932982541295448465,frame_captured_main,1765570233173,508,1536,864,43,-1,-1,-1,-1,-1,-1,-1,-1,-1,-1,-1,-1,-1,-1,-1,-1,-1,-1,-1,-1,
1765570233652,CameraCapture,2932982541295448465,frame_captured_tpu,1765570233173,508,300,300,43,-1,-1,-1,-1,-1,-1,-1,-1,-1,-1,-1,-1,-1,-1,-1,-1,-1,-1,-1,-1,
1765570233694,CameraCapture,2932982541295448465,frame_captured_main,1765570233215,509,1536,864,43,-1,-1,-1,-1,-1,-1,-1,-1,-1,-1,-1,-1,-1,-1,-1,-1,-1,-1,-1,-1,
1765570233694,CameraCapture,2932982541295448465,frame_captured_tpu,1765570233215,509,300,300,43,-1,-1,-1,-1,-1,-1,-1,-1,-1,-1,-1,-1,-1,-1,-1,-1,-1,-1,-1,-1,
1765570233739,CameraCapture,2932982541295448465,frame_captured_main,1765570233259,510,1536,864,43,-1,-1,-1,-1,-1,-1,-1,-1,-1,-1,-1,-1,-1,-1,-1,-1,-1,-1,-1,-1,
1765570233739,CameraCapture,2932982541295448465,frame_captured_tpu,1765570233259,510,300,300,43,-1,-1,-1,-1,-1,-1,-1,-1,-1,-1,-1,-1,-1,-1,-1,-1,-1,-1,-1,-1,
1765570233782,CameraCapture,2932982541295448465,frame_captured_main,1765570233303,511,1536,864,43,-1,-1,-1,-1,-1,-1,-1,-1,-1,-1,-1,-1,-1,-1,-1,-1,-1,-1,-1,-1,
1765570233782,CameraCapture,2932982541295448465,frame_captured_tpu,1765570233303,511,300,300,43,-1,-1,-1,-1,-1,-1,-1,-1,-1,-1,-1,-1,-1,-1,-1,-1,-1,-1,-1,-1,
1765570233826,CameraCapture,2932982541295448465,frame_captured_main,1765570233347,512,1536,864,43,-1,-1,-1,-1,-1,-1,-1,-1,-1,-1,-1,-1,-1,-1,-1,-1,-1,-1,-1,-1,
1765570233826,CameraCapture,2932982541295448465,frame_captured_tpu,1765570233347,512,300,300,43,-1,-1,-1,-1,-1,-1,-1,-1,-1,-1,-1,-1,-1,-1,-1,-1,-1,-1,-1,-1,
1765570233869,CameraCapture,2932982541295448465,frame_captured_main,1765570233390,513,1536,864,43,-1,-1,-1,-1,-1,-1,-1,-1,-1,-1,-1,-1,-1,-1,-1,-1,-1,-1,-1,-1,
1765570233869,CameraCapture,2932982541295448465,frame_captured_tpu,1765570233390,513,300,300,43,-1,-1,-1,-1,-1,-1,-1,-1,-1,-1,-1,-1,-1,-1,-1,-1,-1,-1,-1,-1,
1765570233914,CameraCapture,2932982541295448465,frame_captured_main,1765570233434,514,1536,864,43,-1,-1,-1,-1,-1,-1,-1,-1,-1,-1,-1,-1,-1,-1,-1,-1,-1,-1,-1,-1,
1765570233914,CameraCapture,2932982541295448465,frame_captured_tpu,1765570233434,514,300,300,43,-1,-1,-1,-1,-1,-1,-1,-1,-1,-1,-1,-1,-1,-1,-1,-1,-1,-1,-1,-1,
1765570233957,CameraCapture,2932982541295448465,frame_captured_main,1765570233478,515,1536,864,43,-1,-1,-1,-1,-1,-1,-1,-1,-1,-1,-1,-1,-1,-1,-1,-1,-1,-1,-1,-1,
1765570233957,CameraCapture,2932982541295448465,frame_captured_tpu,1765570233478,515,300,300,43,-1,-1,-1,-1,-1,-1,-1,-1,-1,-1,-1,-1,-1,-1,-1,-1,-1,-1,-1,-1,
1765570234002,CameraCapture,2932982541295448465,frame_captured_main,1765570233522,516,1536,864,43,-1,-1,-1,-1,-1,-1,-1,-1,-1,-1,-1,-1,-1,-1,-1,-1,-1,-1,-1,-1,
1765570234002,CameraCapture,2932982541295448465,frame_captured_tpu,1765570233522,516,300,300,43,-1,-1,-1,-1,-1,-1,-1,-1,-1,-1,-1,-1,-1,-1,-1,-1,-1,-1,-1,-1,
1765570234044,CameraCapture,2932982541295448465,frame_captured_main,1765570233565,517,1536,864,43,-1,-1,-1,-1,-1,-1,-1,-1,-1,-1,-1,-1,-1,-1,-1,-1,-1,-1,-1,-1,
1765570234044,CameraCapture,2932982541295448465,frame_captured_tpu,1765570233565,517,300,300,43,-1,-1,-1,-1,-1,-1,-1,-1,-1,-1,-1,-1,-1,-1,-1,-1,-1,-1,-1,-1,
1765570234089,CameraCapture,2932982541295448465,frame_captured_main,1765570233609,518,1536,864,43,-1,-1,-1,-1,-1,-1,-1,-1,-1,-1,-1,-1,-1,-1,-1,-1,-1,-1,-1,-1,
1765570234089,CameraCapture,2932982541295448465,frame_captured_tpu,1765570233609,518,300,300,43,-1,-1,-1,-1,-1,-1,-1,-1,-1,-1,-1,-1,-1,-1,-1,-1,-1,-1,-1,-1,
1765570234132,CameraCapture,2932982541295448465,frame_captured_main,1765570233653,519,1536,864,43,-1,-1,-1,-1,-1,-1,-1,-1,-1,-1,-1,-1,-1,-1,-1,-1,-1,-1,-1,-1,
1765570234132,CameraCapture,2932982541295448465,frame_captured_tpu,1765570233653,519,300,300,43,-1,-1,-1,-1,-1,-1,-1,-1,-1,-1,-1,-1,-1,-1,-1,-1,-1,-1,-1,-1,
1765570234176,CameraCapture,2932982541295448465,frame_captured_main,1765570233697,520,1536,864,43,-1,-1,-1,-1,-1,-1,-1,-1,-1,-1,-1,-1,-1,-1,-1,-1,-1,-1,-1,-1,
1765570234176,CameraCapture,2932982541295448465,frame_captured_tpu,1765570233697,520,300,300,43,-1,-1,-1,-1,-1,-1,-1,-1,-1,-1,-1,-1,-1,-1,-1,-1,-1,-1,-1,-1,
1765570234219,CameraCapture,2932982541295448465,frame_captured_main,1765570233740,521,1536,864,43,-1,-1,-1,-1,-1,-1,-1,-1,-1,-1,-1,-1,-1,-1,-1,-1,-1,-1,-1,-1,
1765570234219,CameraCapture,2932982541295448465,frame_captured_tpu,1765570233740,521,300,300,43,-1,-1,-1,-1,-1,-1,-1,-1,-1,-1,-1,-1,-1,-1,-1,-1,-1,-1,-1,-1,
1765570234264,CameraCapture,2932982541295448465,frame_captured_main,1765570233784,522,1536,864,43,-1,-1,-1,-1,-1,-1,-1,-1,-1,-1,-1,-1,-1,-1,-1,-1,-1,-1,-1,-1,
1765570234264,CameraCapture,2932982541295448465,frame_captured_tpu,1765570233784,522,300,300,43,-1,-1,-1,-1,-1,-1,-1,-1,-1,-1,-1,-1,-1,-1,-1,-1,-1,-1,-1,-1,
1765570234307,CameraCapture,2932982541295448465,frame_captured_main,1765570233828,523,1536,864,43,-1,-1,-1,-1,-1,-1,-1,-1,-1,-1,-1,-1,-1,-1,-1,-1,-1,-1,-1,-1,
1765570234307,CameraCapture,2932982541295448465,frame_captured_tpu,1765570233828,523,300,300,43,-1,-1,-1,-1,-1,-1,-1,-1,-1,-1,-1,-1,-1,-1,-1,-1,-1,-1,-1,-1,
1765570234351,CameraCapture,2932982541295448465,frame_captured_main,1765570233872,524,1536,864,43,-1,-1,-1,-1,-1,-1,-1,-1,-1,-1,-1,-1,-1,-1,-1,-1,-1,-1,-1,-1,
1765570234351,CameraCapture,2932982541295448465,frame_captured_tpu,1765570233872,524,300,300,43,-1,-1,-1,-1,-1,-1,-1,-1,-1,-1,-1,-1,-1,-1,-1,-1,-1,-1,-1,-1,
1765570234394,CameraCapture,2932982541295448465,frame_captured_main,1765570233915,525,1536,864,43,-1,-1,-1,-1,-1,-1,-1,-1,-1,-1,-1,-1,-1,-1,-1,-1,-1,-1,-1,-1,
1765570234394,CameraCapture,2932982541295448465,frame_captured_tpu,1765570233915,525,300,300,43,-1,-1,-1,-1,-1,-1,-1,-1,-1,-1,-1,-1,-1,-1,-1,-1,-1,-1,-1,-1,
1765570234439,CameraCapture,2932982541295448465,frame_captured_main,1765570233959,526,1536,864,43,-1,-1,-1,-1,-1,-1,-1,-1,-1,-1,-1,-1,-1,-1,-1,-1,-1,-1,-1,-1,
1765570234439,CameraCapture,2932982541295448465,frame_captured_tpu,1765570233959,526,300,300,43,-1,-1,-1,-1,-1,-1,-1,-1,-1,-1,-1,-1,-1,-1,-1,-1,-1,-1,-1,-1,
1765570234483,CameraCapture,2932982541295448465,frame_captured_main,1765570234004,527,1536,864,43,-1,-1,-1,-1,-1,-1,-1,-1,-1,-1,-1,-1,-1,-1,-1,-1,-1,-1,-1,-1,
1765570234483,CameraCapture,2932982541295448465,frame_captured_tpu,1765570234004,527,300,300,43,-1,-1,-1,-1,-1,-1,-1,-1,-1,-1,-1,-1,-1,-1,-1,-1,-1,-1,-1,-1,
1765570234526,CameraCapture,2932982541295448465,frame_captured_main,1765570234047,528,1536,864,43,-1,-1,-1,-1,-1,-1,-1,-1,-1,-1,-1,-1,-1,-1,-1,-1,-1,-1,-1,-1,
1765570234526,CameraCapture,2932982541295448465,frame_captured_tpu,1765570234047,528,300,300,43,-1,-1,-1,-1,-1,-1,-1,-1,-1,-1,-1,-1,-1,-1,-1,-1,-1,-1,-1,-1,
1765570234569,CameraCapture,2932982541295448465,frame_captured_main,1765570234090,529,1536,864,43,-1,-1,-1,-1,-1,-1,-1,-1,-1,-1,-1,-1,-1,-1,-1,-1,-1,-1,-1,-1,
1765570234569,CameraCapture,2932982541295448465,frame_captured_tpu,1765570234090,529,300,300,43,-1,-1,-1,-1,-1,-1,-1,-1,-1,-1,-1,-1,-1,-1,-1,-1,-1,-1,-1,-1,
1765570234614,CameraCapture,2932982541295448465,frame_captured_main,1765570234134,530,1536,864,43,-1,-1,-1,-1,-1,-1,-1,-1,-1,-1,-1,-1,-1,-1,-1,-1,-1,-1,-1,-1,
1765570234614,CameraCapture,2932982541295448465,frame_captured_tpu,1765570234134,530,300,300,43,-1,-1,-1,-1,-1,-1,-1,-1,-1,-1,-1,-1,-1,-1,-1,-1,-1,-1,-1,-1,
1765570234657,CameraCapture,2932982541295448465,frame_captured_main,1765570234178,531,1536,864,43,-1,-1,-1,-1,-1,-1,-1,-1,-1,-1,-1,-1,-1,-1,-1,-1,-1,-1,-1,-1,
1765570234657,CameraCapture,2932982541295448465,frame_captured_tpu,1765570234178,531,300,300,43,-1,-1,-1,-1,-1,-1,-1,-1,-1,-1,-1,-1,-1,-1,-1,-1,-1,-1,-1,-1,
1765570234701,CameraCapture,2932982541295448465,frame_captured_main,1765570234222,532,1536,864,43,-1,-1,-1,-1,-1,-1,-1,-1,-1,-1,-1,-1,-1,-1,-1,-1,-1,-1,-1,-1,
1765570234701,CameraCapture,2932982541295448465,frame_captured_tpu,1765570234222,532,300,300,43,-1,-1,-1,-1,-1,-1,-1,-1,-1,-1,-1,-1,-1,-1,-1,-1,-1,-1,-1,-1,
1765570234744,CameraCapture,2932982541295448465,frame_captured_main,1765570234265,533,1536,864,43,-1,-1,-1,-1,-1,-1,-1,-1,-1,-1,-1,-1,-1,-1,-1,-1,-1,-1,-1,-1,
1765570234744,CameraCapture,2932982541295448465,frame_captured_tpu,1765570234265,533,300,300,43,-1,-1,-1,-1,-1,-1,-1,-1,-1,-1,-1,-1,-1,-1,-1,-1,-1,-1,-1,-1,
1765570234789,CameraCapture,2932982541295448465,frame_captured_main,1765570234309,534,1536,864,43,-1,-1,-1,-1,-1,-1,-1,-1,-1,-1,-1,-1,-1,-1,-1,-1,-1,-1,-1,-1,
1765570234789,CameraCapture,2932982541295448465,frame_captured_tpu,1765570234309,534,300,300,43,-1,-1,-1,-1,-1,-1,-1,-1,-1,-1,-1,-1,-1,-1,-1,-1,-1,-1,-1,-1,
1765570234832,CameraCapture,2932982541295448465,frame_captured_main,1765570234353,535,1536,864,43,-1,-1,-1,-1,-1,-1,-1,-1,-1,-1,-1,-1,-1,-1,-1,-1,-1,-1,-1,-1,
1765570234832,CameraCapture,2932982541295448465,frame_captured_tpu,1765570234353,535,300,300,43,-1,-1,-1,-1,-1,-1,-1,-1,-1,-1,-1,-1,-1,-1,-1,-1,-1,-1,-1,-1,
1765570234876,CameraCapture,2932982541295448465,frame_captured_main,1765570234396,536,1536,864,43,-1,-1,-1,-1,-1,-1,-1,-1,-1,-1,-1,-1,-1,-1,-1,-1,-1,-1,-1,-1,
1765570234876,CameraCapture,2932982541295448465,frame_captured_tpu,1765570234396,536,300,300,43,-1,-1,-1,-1,-1,-1,-1,-1,-1,-1,-1,-1,-1,-1,-1,-1,-1,-1,-1,-1,
1765570234919,CameraCapture,2932982541295448465,frame_captured_main,1765570234440,537,1536,864,43,-1,-1,-1,-1,-1,-1,-1,-1,-1,-1,-1,-1,-1,-1,-1,-1,-1,-1,-1,-1,
1765570234919,CameraCapture,2932982541295448465,frame_captured_tpu,1765570234440,537,300,300,43,-1,-1,-1,-1,-1,-1,-1,-1,-1,-1,-1,-1,-1,-1,-1,-1,-1,-1,-1,-1,
1765570234965,CameraCapture,2932982541295448465,frame_captured_main,1765570234485,538,1536,864,43,-1,-1,-1,-1,-1,-1,-1,-1,-1,-1,-1,-1,-1,-1,-1,-1,-1,-1,-1,-1,
1765570234965,CameraCapture,2932982541295448465,frame_captured_tpu,1765570234485,538,300,300,43,-1,-1,-1,-1,-1,-1,-1,-1,-1,-1,-1,-1,-1,-1,-1,-1,-1,-1,-1,-1,
1765570235007,CameraCapture,2932982541295448465,frame_captured_main,1765570234528,539,1536,864,43,-1,-1,-1,-1,-1,-1,-1,-1,-1,-1,-1,-1,-1,-1,-1,-1,-1,-1,-1,-1,
1765570235007,CameraCapture,2932982541295448465,frame_captured_tpu,1765570234528,539,300,300,43,-1,-1,-1,-1,-1,-1,-1,-1,-1,-1,-1,-1,-1,-1,-1,-1,-1,-1,-1,-1,
1765570235052,CameraCapture,2932982541295448465,frame_captured_main,1765570234572,540,1536,864,43,-1,-1,-1,-1,-1,-1,-1,-1,-1,-1,-1,-1,-1,-1,-1,-1,-1,-1,-1,-1,
1765570235052,CameraCapture,2932982541295448465,frame_captured_tpu,1765570234572,540,300,300,43,-1,-1,-1,-1,-1,-1,-1,-1,-1,-1,-1,-1,-1,-1,-1,-1,-1,-1,-1,-1,
1765570235094,CameraCapture,2932982541295448465,frame_captured_main,1765570234615,541,1536,864,43,-1,-1,-1,-1,-1,-1,-1,-1,-1,-1,-1,-1,-1,-1,-1,-1,-1,-1,-1,-1,
1765570235094,CameraCapture,2932982541295448465,frame_captured_tpu,1765570234615,541,300,300,43,-1,-1,-1,-1,-1,-1,-1,-1,-1,-1,-1,-1,-1,-1,-1,-1,-1,-1,-1,-1,
1765570235139,CameraCapture,2932982541295448465,frame_captured_main,1765570234660,542,1536,864,43,-1,-1,-1,-1,-1,-1,-1,-1,-1,-1,-1,-1,-1,-1,-1,-1,-1,-1,-1,-1,
1765570235139,CameraCapture,2932982541295448465,frame_captured_tpu,1765570234660,542,300,300,43,-1,-1,-1,-1,-1,-1,-1,-1,-1,-1,-1,-1,-1,-1,-1,-1,-1,-1,-1,-1,
1765570235182,CameraCapture,2932982541295448465,frame_captured_main,1765570234703,543,1536,864,43,-1,-1,-1,-1,-1,-1,-1,-1,-1,-1,-1,-1,-1,-1,-1,-1,-1,-1,-1,-1,
1765570235182,CameraCapture,2932982541295448465,frame_captured_tpu,1765570234703,543,300,300,43,-1,-1,-1,-1,-1,-1,-1,-1,-1,-1,-1,-1,-1,-1,-1,-1,-1,-1,-1,-1,
1765570235226,CameraCapture,2932982541295448465,frame_captured_main,1765570234746,544,1536,864,43,-1,-1,-1,-1,-1,-1,-1,-1,-1,-1,-1,-1,-1,-1,-1,-1,-1,-1,-1,-1,
1765570235226,CameraCapture,2932982541295448465,frame_captured_tpu,1765570234746,544,300,300,43,-1,-1,-1,-1,-1,-1,-1,-1,-1,-1,-1,-1,-1,-1,-1,-1,-1,-1,-1,-1,
1765570235269,CameraCapture,2932982541295448465,frame_captured_main,1765570234790,545,1536,864,43,-1,-1,-1,-1,-1,-1,-1,-1,-1,-1,-1,-1,-1,-1,-1,-1,-1,-1,-1,-1,
1765570235269,CameraCapture,2932982541295448465,frame_captured_tpu,1765570234790,545,300,300,43,-1,-1,-1,-1,-1,-1,-1,-1,-1,-1,-1,-1,-1,-1,-1,-1,-1,-1,-1,-1,
1765570235314,CameraCapture,2932982541295448465,frame_captured_main,1765570234835,546,1536,864,43,-1,-1,-1,-1,-1,-1,-1,-1,-1,-1,-1,-1,-1,-1,-1,-1,-1,-1,-1,-1,
1765570235314,CameraCapture,2932982541295448465,frame_captured_tpu,1765570234835,546,300,300,43,-1,-1,-1,-1,-1,-1,-1,-1,-1,-1,-1,-1,-1,-1,-1,-1,-1,-1,-1,-1,
1765570235357,CameraCapture,2932982541295448465,frame_captured_main,1765570234878,547,1536,864,43,-1,-1,-1,-1,-1,-1,-1,-1,-1,-1,-1,-1,-1,-1,-1,-1,-1,-1,-1,-1,
1765570235357,CameraCapture,2932982541295448465,frame_captured_tpu,1765570234878,547,300,300,43,-1,-1,-1,-1,-1,-1,-1,-1,-1,-1,-1,-1,-1,-1,-1,-1,-1,-1,-1,-1,
1765570235401,CameraCapture,2932982541295448465,frame_captured_main,1765570234921,548,1536,864,43,-1,-1,-1,-1,-1,-1,-1,-1,-1,-1,-1,-1,-1,-1,-1,-1,-1,-1,-1,-1,
1765570235401,CameraCapture,2932982541295448465,frame_captured_tpu,1765570234921,548,300,300,43,-1,-1,-1,-1,-1,-1,-1,-1,-1,-1,-1,-1,-1,-1,-1,-1,-1,-1,-1,-1,
1765570235445,CameraCapture,2932982541295448465,frame_captured_main,1765570234965,549,1536,864,43,-1,-1,-1,-1,-1,-1,-1,-1,-1,-1,-1,-1,-1,-1,-1,-1,-1,-1,-1,-1,
1765570235445,CameraCapture,2932982541295448465,frame_captured_tpu,1765570234965,549,300,300,43,-1,-1,-1,-1,-1,-1,-1,-1,-1,-1,-1,-1,-1,-1,-1,-1,-1,-1,-1,-1,
1765570235489,CameraCapture,2932982541295448465,frame_captured_main,1765570235010,550,1536,864,43,-1,-1,-1,-1,-1,-1,-1,-1,-1,-1,-1,-1,-1,-1,-1,-1,-1,-1,-1,-1,
1765570235489,CameraCapture,2932982541295448465,frame_captured_tpu,1765570235010,550,300,300,43,-1,-1,-1,-1,-1,-1,-1,-1,-1,-1,-1,-1,-1,-1,-1,-1,-1,-1,-1,-1,
1765570235532,CameraCapture,2932982541295448465,frame_captured_main,1765570235053,551,1536,864,43,-1,-1,-1,-1,-1,-1,-1,-1,-1,-1,-1,-1,-1,-1,-1,-1,-1,-1,-1,-1,
1765570235532,CameraCapture,2932982541295448465,frame_captured_tpu,1765570235053,551,300,300,43,-1,-1,-1,-1,-1,-1,-1,-1,-1,-1,-1,-1,-1,-1,-1,-1,-1,-1,-1,-1,
1765570235576,CameraCapture,2932982541295448465,frame_captured_main,1765570235096,552,1536,864,43,-1,-1,-1,-1,-1,-1,-1,-1,-1,-1,-1,-1,-1,-1,-1,-1,-1,-1,-1,-1,
1765570235576,CameraCapture,2932982541295448465,frame_captured_tpu,1765570235096,552,300,300,43,-1,-1,-1,-1,-1,-1,-1,-1,-1,-1,-1,-1,-1,-1,-1,-1,-1,-1,-1,-1,
1765570235619,CameraCapture,2932982541295448465,frame_captured_main,1765570235140,553,1536,864,43,-1,-1,-1,-1,-1,-1,-1,-1,-1,-1,-1,-1,-1,-1,-1,-1,-1,-1,-1,-1,
1765570235619,CameraCapture,2932982541295448465,frame_captured_tpu,1765570235140,553,300,300,43,-1,-1,-1,-1,-1,-1,-1,-1,-1,-1,-1,-1,-1,-1,-1,-1,-1,-1,-1,-1,
1765570235665,CameraCapture,2932982541295448465,frame_captured_main,1765570235185,554,1536,864,43,-1,-1,-1,-1,-1,-1,-1,-1,-1,-1,-1,-1,-1,-1,-1,-1,-1,-1,-1,-1,
1765570235665,CameraCapture,2932982541295448465,frame_captured_tpu,1765570235185,554,300,300,43,-1,-1,-1,-1,-1,-1,-1,-1,-1,-1,-1,-1,-1,-1,-1,-1,-1,-1,-1,-1,
1765570235707,CameraCapture,2932982541295448465,frame_captured_main,1765570235228,555,1536,864,43,-1,-1,-1,-1,-1,-1,-1,-1,-1,-1,-1,-1,-1,-1,-1,-1,-1,-1,-1,-1,
1765570235707,CameraCapture,2932982541295448465,frame_captured_tpu,1765570235228,555,300,300,43,-1,-1,-1,-1,-1,-1,-1,-1,-1,-1,-1,-1,-1,-1,-1,-1,-1,-1,-1,-1,
1765570235751,CameraCapture,2932982541295448465,frame_captured_main,1765570235271,556,1536,864,43,-1,-1,-1,-1,-1,-1,-1,-1,-1,-1,-1,-1,-1,-1,-1,-1,-1,-1,-1,-1,
1765570235751,CameraCapture,2932982541295448465,frame_captured_tpu,1765570235271,556,300,300,43,-1,-1,-1,-1,-1,-1,-1,-1,-1,-1,-1,-1,-1,-1,-1,-1,-1,-1,-1,-1,
1765570235794,CameraCapture,2932982541295448465,frame_captured_main,1765570235316,557,1536,864,43,-1,-1,-1,-1,-1,-1,-1,-1,-1,-1,-1,-1,-1,-1,-1,-1,-1,-1,-1,-1,
1765570235794,CameraCapture,2932982541295448465,frame_captured_tpu,1765570235316,557,300,300,43,-1,-1,-1,-1,-1,-1,-1,-1,-1,-1,-1,-1,-1,-1,-1,-1,-1,-1,-1,-1,
1765570235841,CameraCapture,2932982541295448465,frame_captured_main,1765570235359,558,1536,864,43,-1,-1,-1,-1,-1,-1,-1,-1,-1,-1,-1,-1,-1,-1,-1,-1,-1,-1,-1,-1,
1765570235841,CameraCapture,2932982541295448465,frame_captured_tpu,1765570235359,558,300,300,43,-1,-1,-1,-1,-1,-1,-1,-1,-1,-1,-1,-1,-1,-1,-1,-1,-1,-1,-1,-1,
1765570235882,CameraCapture,2932982541295448465,frame_captured_main,1765570235403,559,1536,864,43,-1,-1,-1,-1,-1,-1,-1,-1,-1,-1,-1,-1,-1,-1,-1,-1,-1,-1,-1,-1,
1765570235882,CameraCapture,2932982541295448465,frame_captured_tpu,1765570235403,559,300,300,43,-1,-1,-1,-1,-1,-1,-1,-1,-1,-1,-1,-1,-1,-1,-1,-1,-1,-1,-1,-1,
1765570235927,CameraCapture,2932982541295448465,frame_captured_main,1765570235446,560,1536,864,43,-1,-1,-1,-1,-1,-1,-1,-1,-1,-1,-1,-1,-1,-1,-1,-1,-1,-1,-1,-1,
1765570235927,CameraCapture,2932982541295448465,frame_captured_tpu,1765570235446,560,300,300,43,-1,-1,-1,-1,-1,-1,-1,-1,-1,-1,-1,-1,-1,-1,-1,-1,-1,-1,-1,-1,
1765570235969,CameraCapture,2932982541295448465,frame_captured_main,1765570235490,561,1536,864,43,-1,-1,-1,-1,-1,-1,-1,-1,-1,-1,-1,-1,-1,-1,-1,-1,-1,-1,-1,-1,
1765570235969,CameraCapture,2932982541295448465,frame_captured_tpu,1765570235490,561,300,300,43,-1,-1,-1,-1,-1,-1,-1,-1,-1,-1,-1,-1,-1,-1,-1,-1,-1,-1,-1,-1,
1765570236014,CameraCapture,2932982541295448465,frame_captured_main,1765570235535,562,1536,864,43,-1,-1,-1,-1,-1,-1,-1,-1,-1,-1,-1,-1,-1,-1,-1,-1,-1,-1,-1,-1,
1765570236014,CameraCapture,2932982541295448465,frame_captured_tpu,1765570235535,562,300,300,43,-1,-1,-1,-1,-1,-1,-1,-1,-1,-1,-1,-1,-1,-1,-1,-1,-1,-1,-1,-1,
1765570236057,CameraCapture,2932982541295448465,frame_captured_main,1765570235578,563,1536,864,43,-1,-1,-1,-1,-1,-1,-1,-1,-1,-1,-1,-1,-1,-1,-1,-1,-1,-1,-1,-1,
1765570236057,CameraCapture,2932982541295448465,frame_captured_tpu,1765570235578,563,300,300,43,-1,-1,-1,-1,-1,-1,-1,-1,-1,-1,-1,-1,-1,-1,-1,-1,-1,-1,-1,-1,
1765570236102,CameraCapture,2932982541295448465,frame_captured_main,1765570235621,564,1536,864,43,-1,-1,-1,-1,-1,-1,-1,-1,-1,-1,-1,-1,-1,-1,-1,-1,-1,-1,-1,-1,
1765570236102,CameraCapture,2932982541295448465,frame_captured_tpu,1765570235621,564,300,300,43,-1,-1,-1,-1,-1,-1,-1,-1,-1,-1,-1,-1,-1,-1,-1,-1,-1,-1,-1,-1,
1765570236144,CameraCapture,2932982541295448465,frame_captured_main,1765570235665,565,1536,864,43,-1,-1,-1,-1,-1,-1,-1,-1,-1,-1,-1,-1,-1,-1,-1,-1,-1,-1,-1,-1,
1765570236144,CameraCapture,2932982541295448465,frame_captured_tpu,1765570235665,565,300,300,43,-1,-1,-1,-1,-1,-1,-1,-1,-1,-1,-1,-1,-1,-1,-1,-1,-1,-1,-1,-1,
1765570236189,CameraCapture,2932982541295448465,frame_captured_main,1765570235710,566,1536,864,43,-1,-1,-1,-1,-1,-1,-1,-1,-1,-1,-1,-1,-1,-1,-1,-1,-1,-1,-1,-1,
1765570236189,CameraCapture,2932982541295448465,frame_captured_tpu,1765570235710,566,300,300,43,-1,-1,-1,-1,-1,-1,-1,-1,-1,-1,-1,-1,-1,-1,-1,-1,-1,-1,-1,-1,
1765570236232,CameraCapture,2932982541295448465,frame_captured_main,1765570235753,567,1536,864,43,-1,-1,-1,-1,-1,-1,-1,-1,-1,-1,-1,-1,-1,-1,-1,-1,-1,-1,-1,-1,
1765570236232,CameraCapture,2932982541295448465,frame_captured_tpu,1765570235753,567,300,300,43,-1,-1,-1,-1,-1,-1,-1,-1,-1,-1,-1,-1,-1,-1,-1,-1,-1,-1,-1,-1,
1765570236276,CameraCapture,2932982541295448465,frame_captured_main,1765570235796,568,1536,864,43,-1,-1,-1,-1,-1,-1,-1,-1,-1,-1,-1,-1,-1,-1,-1,-1,-1,-1,-1,-1,
1765570236276,CameraCapture,2932982541295448465,frame_captured_tpu,1765570235796,568,300,300,43,-1,-1,-1,-1,-1,-1,-1,-1,-1,-1,-1,-1,-1,-1,-1,-1,-1,-1,-1,-1,
1765570236319,CameraCapture,2932982541295448465,frame_captured_main,1765570235840,569,1536,864,43,-1,-1,-1,-1,-1,-1,-1,-1,-1,-1,-1,-1,-1,-1,-1,-1,-1,-1,-1,-1,
1765570236319,CameraCapture,2932982541295448465,frame_captured_tpu,1765570235840,569,300,300,43,-1,-1,-1,-1,-1,-1,-1,-1,-1,-1,-1,-1,-1,-1,-1,-1,-1,-1,-1,-1,
1765570236364,CameraCapture,2932982541295448465,frame_captured_main,1765570235884,570,1536,864,43,-1,-1,-1,-1,-1,-1,-1,-1,-1,-1,-1,-1,-1,-1,-1,-1,-1,-1,-1,-1,
1765570236364,CameraCapture,2932982541295448465,frame_captured_tpu,1765570235884,570,300,300,43,-1,-1,-1,-1,-1,-1,-1,-1,-1,-1,-1,-1,-1,-1,-1,-1,-1,-1,-1,-1,
1765570236408,CameraCapture,2932982541295448465,frame_captured_main,1765570235927,571,1536,864,43,-1,-1,-1,-1,-1,-1,-1,-1,-1,-1,-1,-1,-1,-1,-1,-1,-1,-1,-1,-1,
1765570236408,CameraCapture,2932982541295448465,frame_captured_tpu,1765570235927,571,300,300,43,-1,-1,-1,-1,-1,-1,-1,-1,-1,-1,-1,-1,-1,-1,-1,-1,-1,-1,-1,-1,
1765570236451,CameraCapture,2932982541295448465,frame_captured_main,1765570235971,572,1536,864,43,-1,-1,-1,-1,-1,-1,-1,-1,-1,-1,-1,-1,-1,-1,-1,-1,-1,-1,-1,-1,
1765570236451,CameraCapture,2932982541295448465,frame_captured_tpu,1765570235971,572,300,300,43,-1,-1,-1,-1,-1,-1,-1,-1,-1,-1,-1,-1,-1,-1,-1,-1,-1,-1,-1,-1,
1765570236494,CameraCapture,2932982541295448465,frame_captured_main,1765570236016,573,1536,864,43,-1,-1,-1,-1,-1,-1,-1,-1,-1,-1,-1,-1,-1,-1,-1,-1,-1,-1,-1,-1,
1765570236494,CameraCapture,2932982541295448465,frame_captured_tpu,1765570236016,573,300,300,43,-1,-1,-1,-1,-1,-1,-1,-1,-1,-1,-1,-1,-1,-1,-1,-1,-1,-1,-1,-1,
1765570236539,CameraCapture,2932982541295448465,frame_captured_main,1765570236060,574,1536,864,43,-1,-1,-1,-1,-1,-1,-1,-1,-1,-1,-1,-1,-1,-1,-1,-1,-1,-1,-1,-1,
1765570236539,CameraCapture,2932982541295448465,frame_captured_tpu,1765570236060,574,300,300,43,-1,-1,-1,-1,-1,-1,-1,-1,-1,-1,-1,-1,-1,-1,-1,-1,-1,-1,-1,-1,
1765570236582,CameraCapture,2932982541295448465,frame_captured_main,1765570236102,575,1536,864,43,-1,-1,-1,-1,-1,-1,-1,-1,-1,-1,-1,-1,-1,-1,-1,-1,-1,-1,-1,-1,
1765570236582,CameraCapture,2932982541295448465,frame_captured_tpu,1765570236102,575,300,300,43,-1,-1,-1,-1,-1,-1,-1,-1,-1,-1,-1,-1,-1,-1,-1,-1,-1,-1,-1,-1,
1765570236626,CameraCapture,2932982541295448465,frame_captured_main,1765570236146,576,1536,864,43,-1,-1,-1,-1,-1,-1,-1,-1,-1,-1,-1,-1,-1,-1,-1,-1,-1,-1,-1,-1,
1765570236626,CameraCapture,2932982541295448465,frame_captured_tpu,1765570236146,576,300,300,43,-1,-1,-1,-1,-1,-1,-1,-1,-1,-1,-1,-1,-1,-1,-1,-1,-1,-1,-1,-1,
1765570236669,CameraCapture,2932982541295448465,frame_captured_main,1765570236191,577,1536,864,43,-1,-1,-1,-1,-1,-1,-1,-1,-1,-1,-1,-1,-1,-1,-1,-1,-1,-1,-1,-1,
1765570236669,CameraCapture,2932982541295448465,frame_captured_tpu,1765570236191,577,300,300,43,-1,-1,-1,-1,-1,-1,-1,-1,-1,-1,-1,-1,-1,-1,-1,-1,-1,-1,-1,-1,
1765570236714,CameraCapture,2932982541295448465,frame_captured_main,1765570236235,578,1536,864,43,-1,-1,-1,-1,-1,-1,-1,-1,-1,-1,-1,-1,-1,-1,-1,-1,-1,-1,-1,-1,
1765570236714,CameraCapture,2932982541295448465,frame_captured_tpu,1765570236235,578,300,300,43,-1,-1,-1,-1,-1,-1,-1,-1,-1,-1,-1,-1,-1,-1,-1,-1,-1,-1,-1,-1,
1765570236757,CameraCapture,2932982541295448465,frame_captured_main,1765570236277,579,1536,864,43,-1,-1,-1,-1,-1,-1,-1,-1,-1,-1,-1,-1,-1,-1,-1,-1,-1,-1,-1,-1,
1765570236757,CameraCapture,2932982541295448465,frame_captured_tpu,1765570236277,579,300,300,43,-1,-1,-1,-1,-1,-1,-1,-1,-1,-1,-1,-1,-1,-1,-1,-1,-1,-1,-1,-1,
1765570236802,CameraCapture,2932982541295448465,frame_captured_main,1765570236321,580,1536,864,43,-1,-1,-1,-1,-1,-1,-1,-1,-1,-1,-1,-1,-1,-1,-1,-1,-1,-1,-1,-1,
1765570236802,CameraCapture,2932982541295448465,frame_captured_tpu,1765570236321,580,300,300,43,-1,-1,-1,-1,-1,-1,-1,-1,-1,-1,-1,-1,-1,-1,-1,-1,-1,-1,-1,-1,
1765570236845,CameraCapture,2932982541295448465,frame_captured_main,1765570236366,581,1536,864,43,-1,-1,-1,-1,-1,-1,-1,-1,-1,-1,-1,-1,-1,-1,-1,-1,-1,-1,-1,-1,
1765570236845,CameraCapture,2932982541295448465,frame_captured_tpu,1765570236366,581,300,300,43,-1,-1,-1,-1,-1,-1,-1,-1,-1,-1,-1,-1,-1,-1,-1,-1,-1,-1,-1,-1,
1765570236889,CameraCapture,2932982541295448465,frame_captured_main,1765570236409,582,1536,864,43,-1,-1,-1,-1,-1,-1,-1,-1,-1,-1,-1,-1,-1,-1,-1,-1,-1,-1,-1,-1,
1765570236889,CameraCapture,2932982541295448465,frame_captured_tpu,1765570236409,582,300,300,43,-1,-1,-1,-1,-1,-1,-1,-1,-1,-1,-1,-1,-1,-1,-1,-1,-1,-1,-1,-1,
1765570236932,CameraCapture,2932982541295448465,frame_captured_main,1765570236453,583,1536,864,43,-1,-1,-1,-1,-1,-1,-1,-1,-1,-1,-1,-1,-1,-1,-1,-1,-1,-1,-1,-1,
1765570236932,CameraCapture,2932982541295448465,frame_captured_tpu,1765570236453,583,300,300,43,-1,-1,-1,-1,-1,-1,-1,-1,-1,-1,-1,-1,-1,-1,-1,-1,-1,-1,-1,-1,
1765570236976,CameraCapture,2932982541295448465,frame_captured_main,1765570236496,584,1536,864,43,-1,-1,-1,-1,-1,-1,-1,-1,-1,-1,-1,-1,-1,-1,-1,-1,-1,-1,-1,-1,
1765570236976,CameraCapture,2932982541295448465,frame_captured_tpu,1765570236496,584,300,300,43,-1,-1,-1,-1,-1,-1,-1,-1,-1,-1,-1,-1,-1,-1,-1,-1,-1,-1,-1,-1,
1765570237019,CameraCapture,2932982541295448465,frame_captured_main,1765570236541,585,1536,864,43,-1,-1,-1,-1,-1,-1,-1,-1,-1,-1,-1,-1,-1,-1,-1,-1,-1,-1,-1,-1,
1765570237019,CameraCapture,2932982541295448465,frame_captured_tpu,1765570236541,585,300,300,43,-1,-1,-1,-1,-1,-1,-1,-1,-1,-1,-1,-1,-1,-1,-1,-1,-1,-1,-1,-1,
1765570237064,CameraCapture,2932982541295448465,frame_captured_main,1765570236585,586,1536,864,43,-1,-1,-1,-1,-1,-1,-1,-1,-1,-1,-1,-1,-1,-1,-1,-1,-1,-1,-1,-1,
1765570237064,CameraCapture,2932982541295448465,frame_captured_tpu,1765570236585,586,300,300,43,-1,-1,-1,-1,-1,-1,-1,-1,-1,-1,-1,-1,-1,-1,-1,-1,-1,-1,-1,-1,
1765570237107,CameraCapture,2932982541295448465,frame_captured_main,1765570236627,587,1536,864,43,-1,-1,-1,-1,-1,-1,-1,-1,-1,-1,-1,-1,-1,-1,-1,-1,-1,-1,-1,-1,
1765570237107,CameraCapture,2932982541295448465,frame_captured_tpu,1765570236627,587,300,300,43,-1,-1,-1,-1,-1,-1,-1,-1,-1,-1,-1,-1,-1,-1,-1,-1,-1,-1,-1,-1,
1765570237151,CameraCapture,2932982541295448465,frame_captured_main,1765570236671,588,1536,864,43,-1,-1,-1,-1,-1,-1,-1,-1,-1,-1,-1,-1,-1,-1,-1,-1,-1,-1,-1,-1,
1765570237151,CameraCapture,2932982541295448465,frame_captured_tpu,1765570236671,588,300,300,43,-1,-1,-1,-1,-1,-1,-1,-1,-1,-1,-1,-1,-1,-1,-1,-1,-1,-1,-1,-1,
1765570237194,CameraCapture,2932982541295448465,frame_captured_main,1765570236716,589,1536,864,43,-1,-1,-1,-1,-1,-1,-1,-1,-1,-1,-1,-1,-1,-1,-1,-1,-1,-1,-1,-1,
1765570237194,CameraCapture,2932982541295448465,frame_captured_tpu,1765570236716,589,300,300,43,-1,-1,-1,-1,-1,-1,-1,-1,-1,-1,-1,-1,-1,-1,-1,-1,-1,-1,-1,-1,
1765570237239,CameraCapture,2932982541295448465,frame_captured_main,1765570236760,590,1536,864,43,-1,-1,-1,-1,-1,-1,-1,-1,-1,-1,-1,-1,-1,-1,-1,-1,-1,-1,-1,-1,
1765570237239,CameraCapture,2932982541295448465,frame_captured_tpu,1765570236760,590,300,300,43,-1,-1,-1,-1,-1,-1,-1,-1,-1,-1,-1,-1,-1,-1,-1,-1,-1,-1,-1,-1,
1765570237282,CameraCapture,2932982541295448465,frame_captured_main,1765570236802,591,1536,864,43,-1,-1,-1,-1,-1,-1,-1,-1,-1,-1,-1,-1,-1,-1,-1,-1,-1,-1,-1,-1,
1765570237282,CameraCapture,2932982541295448465,frame_captured_tpu,1765570236802,591,300,300,43,-1,-1,-1,-1,-1,-1,-1,-1,-1,-1,-1,-1,-1,-1,-1,-1,-1,-1,-1,-1,
1765570237326,CameraCapture,2932982541295448465,frame_captured_main,1765570236846,592,1536,864,43,-1,-1,-1,-1,-1,-1,-1,-1,-1,-1,-1,-1,-1,-1,-1,-1,-1,-1,-1,-1,
1765570237326,CameraCapture,2932982541295448465,frame_captured_tpu,1765570236846,592,300,300,43,-1,-1,-1,-1,-1,-1,-1,-1,-1,-1,-1,-1,-1,-1,-1,-1,-1,-1,-1,-1,
1765570237369,CameraCapture,2932982541295448465,frame_captured_main,1765570236890,593,1536,864,43,-1,-1,-1,-1,-1,-1,-1,-1,-1,-1,-1,-1,-1,-1,-1,-1,-1,-1,-1,-1,
1765570237369,CameraCapture,2932982541295448465,frame_captured_tpu,1765570236890,593,300,300,43,-1,-1,-1,-1,-1,-1,-1,-1,-1,-1,-1,-1,-1,-1,-1,-1,-1,-1,-1,-1,
1765570237414,CameraCapture,2932982541295448465,frame_captured_main,1765570236935,594,1536,864,43,-1,-1,-1,-1,-1,-1,-1,-1,-1,-1,-1,-1,-1,-1,-1,-1,-1,-1,-1,-1,
1765570237414,CameraCapture,2932982541295448465,frame_captured_tpu,1765570236935,594,300,300,43,-1,-1,-1,-1,-1,-1,-1,-1,-1,-1,-1,-1,-1,-1,-1,-1,-1,-1,-1,-1,
1765570237457,CameraCapture,2932982541295448465,frame_captured_main,1765570236977,595,1536,864,43,-1,-1,-1,-1,-1,-1,-1,-1,-1,-1,-1,-1,-1,-1,-1,-1,-1,-1,-1,-1,
1765570237457,CameraCapture,2932982541295448465,frame_captured_tpu,1765570236977,595,300,300,43,-1,-1,-1,-1,-1,-1,-1,-1,-1,-1,-1,-1,-1,-1,-1,-1,-1,-1,-1,-1,
1765570237502,CameraCapture,2932982541295448465,frame_captured_main,1765570237021,596,1536,864,43,-1,-1,-1,-1,-1,-1,-1,-1,-1,-1,-1,-1,-1,-1,-1,-1,-1,-1,-1,-1,
1765570237502,CameraCapture,2932982541295448465,frame_captured_tpu,1765570237021,596,300,300,43,-1,-1,-1,-1,-1,-1,-1,-1,-1,-1,-1,-1,-1,-1,-1,-1,-1,-1,-1,-1,
1765570237544,CameraCapture,2932982541295448465,frame_captured_main,1765570237066,597,1536,864,43,-1,-1,-1,-1,-1,-1,-1,-1,-1,-1,-1,-1,-1,-1,-1,-1,-1,-1,-1,-1,
1765570237544,CameraCapture,2932982541295448465,frame_captured_tpu,1765570237066,597,300,300,43,-1,-1,-1,-1,-1,-1,-1,-1,-1,-1,-1,-1,-1,-1,-1,-1,-1,-1,-1,-1,
1765570237589,CameraCapture,2932982541295448465,frame_captured_main,1765570237110,598,1536,864,43,-1,-1,-1,-1,-1,-1,-1,-1,-1,-1,-1,-1,-1,-1,-1,-1,-1,-1,-1,-1,
1765570237589,CameraCapture,2932982541295448465,frame_captured_tpu,1765570237110,598,300,300,43,-1,-1,-1,-1,-1,-1,-1,-1,-1,-1,-1,-1,-1,-1,-1,-1,-1,-1,-1,-1,
1765570237632,CameraCapture,2932982541295448465,frame_captured_main,1765570237153,599,1536,864,43,-1,-1,-1,-1,-1,-1,-1,-1,-1,-1,-1,-1,-1,-1,-1,-1,-1,-1,-1,-1,
1765570237632,CameraCapture,2932982541295448465,frame_captured_tpu,1765570237153,599,300,300,43,-1,-1,-1,-1,-1,-1,-1,-1,-1,-1,-1,-1,-1,-1,-1,-1,-1,-1,-1,-1,
1765570237676,CameraCapture,2932982541295448465,frame_captured_main,1765570237197,600,1536,864,43,-1,-1,-1,-1,-1,-1,-1,-1,-1,-1,-1,-1,-1,-1,-1,-1,-1,-1,-1,-1,
1765570237676,CameraCapture,2932982541295448465,frame_captured_tpu,1765570237197,600,300,300,43,-1,-1,-1,-1,-1,-1,-1,-1,-1,-1,-1,-1,-1,-1,-1,-1,-1,-1,-1,-1,
1765570238841,CameraCapture,2932982541295448465,frame_captured_main,1765570237240,601,1536,864,43,-1,-1,-1,-1,-1,-1,-1,-1,-1,-1,-1,-1,-1,-1,-1,-1,-1,-1,-1,-1,
1765570238841,CameraCapture,2932982541295448465,frame_captured_tpu,1765570237240,601,300,300,43,-1,-1,-1,-1,-1,-1,-1,-1,-1,-1,-1,-1,-1,-1,-1,-1,-1,-1,-1,-1,
1765570238845,CameraCapture,2932982541295448465,frame_captured_main,1765570237284,602,1536,864,43,-1,-1,-1,-1,-1,-1,-1,-1,-1,-1,-1,-1,-1,-1,-1,-1,-1,-1,-1,-1,
1765570238845,CameraCapture,2932982541295448465,frame_captured_tpu,1765570237284,602,300,300,43,-1,-1,-1,-1,-1,-1,-1,-1,-1,-1,-1,-1,-1,-1,-1,-1,-1,-1,-1,-1,
1765570238849,CameraCapture,2932982541295448465,frame_captured_main,1765570237327,603,1536,864,43,-1,-1,-1,-1,-1,-1,-1,-1,-1,-1,-1,-1,-1,-1,-1,-1,-1,-1,-1,-1,
1765570238849,CameraCapture,2932982541295448465,frame_captured_tpu,1765570237327,603,300,300,43,-1,-1,-1,-1,-1,-1,-1,-1,-1,-1,-1,-1,-1,-1,-1,-1,-1,-1,-1,-1,
1765570238858,CameraCapture,2932982541295448465,frame_captured_main,1765570237372,604,1536,864,43,-1,-1,-1,-1,-1,-1,-1,-1,-1,-1,-1,-1,-1,-1,-1,-1,-1,-1,-1,-1,
1765570238858,CameraCapture,2932982541295448465,frame_captured_tpu,1765570237372,604,300,300,43,-1,-1,-1,-1,-1,-1,-1,-1,-1,-1,-1,-1,-1,-1,-1,-1,-1,-1,-1,-1,
1765570238862,CameraCapture,2932982541295448465,frame_captured_main,1765570237415,605,1536,864,43,-1,-1,-1,-1,-1,-1,-1,-1,-1,-1,-1,-1,-1,-1,-1,-1,-1,-1,-1,-1,
1765570238862,CameraCapture,2932982541295448465,frame_captured_tpu,1765570237415,605,300,300,43,-1,-1,-1,-1,-1,-1,-1,-1,-1,-1,-1,-1,-1,-1,-1,-1,-1,-1,-1,-1,
1765570238866,CameraCapture,2932982541295448465,frame_captured_main,1765570237459,606,1536,864,43,-1,-1,-1,-1,-1,-1,-1,-1,-1,-1,-1,-1,-1,-1,-1,-1,-1,-1,-1,-1,
1765570238866,CameraCapture,2932982541295448465,frame_captured_tpu,1765570237459,606,300,300,43,-1,-1,-1,-1,-1,-1,-1,-1,-1,-1,-1,-1,-1,-1,-1,-1,-1,-1,-1,-1,
1765570238869,CameraCapture,2932982541295448465,frame_captured_main,1765570237503,607,1536,864,43,-1,-1,-1,-1,-1,-1,-1,-1,-1,-1,-1,-1,-1,-1,-1,-1,-1,-1,-1,-1,
1765570238869,CameraCapture,2932982541295448465,frame_captured_tpu,1765570237503,607,300,300,43,-1,-1,-1,-1,-1,-1,-1,-1,-1,-1,-1,-1,-1,-1,-1,-1,-1,-1,-1,-1,
1765570238905,CameraCapture,2932982541295448465,frame_captured_main,1765570238421,608,1536,864,43,-1,-1,-1,-1,-1,-1,-1,-1,-1,-1,-1,-1,-1,-1,-1,-1,-1,-1,-1,-1,
1765570238905,CameraCapture,2932982541295448465,frame_captured_tpu,1765570238421,608,300,300,43,-1,-1,-1,-1,-1,-1,-1,-1,-1,-1,-1,-1,-1,-1,-1,-1,-1,-1,-1,-1,
1765570238946,CameraCapture,2932982541295448465,frame_captured_main,1765570238465,609,1536,864,43,-1,-1,-1,-1,-1,-1,-1,-1,-1,-1,-1,-1,-1,-1,-1,-1,-1,-1,-1,-1,
1765570238946,CameraCapture,2932982541295448465,frame_captured_tpu,1765570238465,609,300,300,43,-1,-1,-1,-1,-1,-1,-1,-1,-1,-1,-1,-1,-1,-1,-1,-1,-1,-1,-1,-1,
1765570238988,CameraCapture,2932982541295448465,frame_captured_main,1765570238508,610,1536,864,43,-1,-1,-1,-1,-1,-1,-1,-1,-1,-1,-1,-1,-1,-1,-1,-1,-1,-1,-1,-1,
1765570238988,CameraCapture,2932982541295448465,frame_captured_tpu,1765570238508,610,300,300,43,-1,-1,-1,-1,-1,-1,-1,-1,-1,-1,-1,-1,-1,-1,-1,-1,-1,-1,-1,-1,
1765570239031,CameraCapture,2932982541295448465,frame_captured_main,1765570238552,611,1536,864,43,-1,-1,-1,-1,-1,-1,-1,-1,-1,-1,-1,-1,-1,-1,-1,-1,-1,-1,-1,-1,
1765570239031,CameraCapture,2932982541295448465,frame_captured_tpu,1765570238552,611,300,300,43,-1,-1,-1,-1,-1,-1,-1,-1,-1,-1,-1,-1,-1,-1,-1,-1,-1,-1,-1,-1,
1765570239076,CameraCapture,2932982541295448465,frame_captured_main,1765570238596,612,1536,864,43,-1,-1,-1,-1,-1,-1,-1,-1,-1,-1,-1,-1,-1,-1,-1,-1,-1,-1,-1,-1,
1765570239076,CameraCapture,2932982541295448465,frame_captured_tpu,1765570238596,612,300,300,43,-1,-1,-1,-1,-1,-1,-1,-1,-1,-1,-1,-1,-1,-1,-1,-1,-1,-1,-1,-1,
1765570239118,CameraCapture,2932982541295448465,frame_captured_main,1765570238640,613,1536,864,43,-1,-1,-1,-1,-1,-1,-1,-1,-1,-1,-1,-1,-1,-1,-1,-1,-1,-1,-1,-1,
1765570239118,CameraCapture,2932982541295448465,frame_captured_tpu,1765570238640,613,300,300,43,-1,-1,-1,-1,-1,-1,-1,-1,-1,-1,-1,-1,-1,-1,-1,-1,-1,-1,-1,-1,
1765570239163,CameraCapture,2932982541295448465,frame_captured_main,1765570238683,614,1536,864,43,-1,-1,-1,-1,-1,-1,-1,-1,-1,-1,-1,-1,-1,-1,-1,-1,-1,-1,-1,-1,
1765570239163,CameraCapture,2932982541295448465,frame_captured_tpu,1765570238683,614,300,300,43,-1,-1,-1,-1,-1,-1,-1,-1,-1,-1,-1,-1,-1,-1,-1,-1,-1,-1,-1,-1,
1765570239206,CameraCapture,2932982541295448465,frame_captured_main,1765570238727,615,1536,864,43,-1,-1,-1,-1,-1,-1,-1,-1,-1,-1,-1,-1,-1,-1,-1,-1,-1,-1,-1,-1,
1765570239206,CameraCapture,2932982541295448465,frame_captured_tpu,1765570238727,615,300,300,43,-1,-1,-1,-1,-1,-1,-1,-1,-1,-1,-1,-1,-1,-1,-1,-1,-1,-1,-1,-1,
1765570239250,CameraCapture,2932982541295448465,frame_captured_main,1765570238771,616,1536,864,43,-1,-1,-1,-1,-1,-1,-1,-1,-1,-1,-1,-1,-1,-1,-1,-1,-1,-1,-1,-1,
1765570239250,CameraCapture,2932982541295448465,frame_captured_tpu,1765570238771,616,300,300,43,-1,-1,-1,-1,-1,-1,-1,-1,-1,-1,-1,-1,-1,-1,-1,-1,-1,-1,-1,-1,
1765570239293,CameraCapture,2932982541295448465,frame_captured_main,1765570238815,617,1536,864,43,-1,-1,-1,-1,-1,-1,-1,-1,-1,-1,-1,-1,-1,-1,-1,-1,-1,-1,-1,-1,
1765570239293,CameraCapture,2932982541295448465,frame_captured_tpu,1765570238815,617,300,300,43,-1,-1,-1,-1,-1,-1,-1,-1,-1,-1,-1,-1,-1,-1,-1,-1,-1,-1,-1,-1,
1765570239338,CameraCapture,2932982541295448465,frame_captured_main,1765570238858,618,1536,864,43,-1,-1,-1,-1,-1,-1,-1,-1,-1,-1,-1,-1,-1,-1,-1,-1,-1,-1,-1,-1,
1765570239338,CameraCapture,2932982541295448465,frame_captured_tpu,1765570238858,618,300,300,43,-1,-1,-1,-1,-1,-1,-1,-1,-1,-1,-1,-1,-1,-1,-1,-1,-1,-1,-1,-1,
1765570239381,CameraCapture,2932982541295448465,frame_captured_main,1765570238902,619,1536,864,43,-1,-1,-1,-1,-1,-1,-1,-1,-1,-1,-1,-1,-1,-1,-1,-1,-1,-1,-1,-1,
1765570239381,CameraCapture,2932982541295448465,frame_captured_tpu,1765570238902,619,300,300,43,-1,-1,-1,-1,-1,-1,-1,-1,-1,-1,-1,-1,-1,-1,-1,-1,-1,-1,-1,-1,
1765570239425,CameraCapture,2932982541295448465,frame_captured_main,1765570238946,620,1536,864,43,-1,-1,-1,-1,-1,-1,-1,-1,-1,-1,-1,-1,-1,-1,-1,-1,-1,-1,-1,-1,
1765570239425,CameraCapture,2932982541295448465,frame_captured_tpu,1765570238946,620,300,300,43,-1,-1,-1,-1,-1,-1,-1,-1,-1,-1,-1,-1,-1,-1,-1,-1,-1,-1,-1,-1,
1765570239468,CameraCapture,2932982541295448465,frame_captured_main,1765570238990,621,1536,864,43,-1,-1,-1,-1,-1,-1,-1,-1,-1,-1,-1,-1,-1,-1,-1,-1,-1,-1,-1,-1,
1765570239468,CameraCapture,2932982541295448465,frame_captured_tpu,1765570238990,621,300,300,43,-1,-1,-1,-1,-1,-1,-1,-1,-1,-1,-1,-1,-1,-1,-1,-1,-1,-1,-1,-1,
1765570239513,CameraCapture,2932982541295448465,frame_captured_main,1765570239033,622,1536,864,43,-1,-1,-1,-1,-1,-1,-1,-1,-1,-1,-1,-1,-1,-1,-1,-1,-1,-1,-1,-1,
1765570239513,CameraCapture,2932982541295448465,frame_captured_tpu,1765570239033,622,300,300,43,-1,-1,-1,-1,-1,-1,-1,-1,-1,-1,-1,-1,-1,-1,-1,-1,-1,-1,-1,-1,
1765570239556,CameraCapture,2932982541295448465,frame_captured_main,1765570239077,623,1536,864,43,-1,-1,-1,-1,-1,-1,-1,-1,-1,-1,-1,-1,-1,-1,-1,-1,-1,-1,-1,-1,
1765570239556,CameraCapture,2932982541295448465,frame_captured_tpu,1765570239077,623,300,300,43,-1,-1,-1,-1,-1,-1,-1,-1,-1,-1,-1,-1,-1,-1,-1,-1,-1,-1,-1,-1,
1765570239600,CameraCapture,2932982541295448465,frame_captured_main,1765570239121,624,1536,864,43,-1,-1,-1,-1,-1,-1,-1,-1,-1,-1,-1,-1,-1,-1,-1,-1,-1,-1,-1,-1,
1765570239600,CameraCapture,2932982541295448465,frame_captured_tpu,1765570239121,624,300,300,43,-1,-1,-1,-1,-1,-1,-1,-1,-1,-1,-1,-1,-1,-1,-1,-1,-1,-1,-1,-1,
1765570239643,CameraCapture,2932982541295448465,frame_captured_main,1765570239164,625,1536,864,43,-1,-1,-1,-1,-1,-1,-1,-1,-1,-1,-1,-1,-1,-1,-1,-1,-1,-1,-1,-1,
1765570239643,CameraCapture,2932982541295448465,frame_captured_tpu,1765570239164,625,300,300,43,-1,-1,-1,-1,-1,-1,-1,-1,-1,-1,-1,-1,-1,-1,-1,-1,-1,-1,-1,-1,
1765570239688,CameraCapture,2932982541295448465,frame_captured_main,1765570239209,626,1536,864,43,-1,-1,-1,-1,-1,-1,-1,-1,-1,-1,-1,-1,-1,-1,-1,-1,-1,-1,-1,-1,
1765570239688,CameraCapture,2932982541295448465,frame_captured_tpu,1765570239209,626,300,300,43,-1,-1,-1,-1,-1,-1,-1,-1,-1,-1,-1,-1,-1,-1,-1,-1,-1,-1,-1,-1,
1765570239731,CameraCapture,2932982541295448465,frame_captured_main,1765570239252,627,1536,864,43,-1,-1,-1,-1,-1,-1,-1,-1,-1,-1,-1,-1,-1,-1,-1,-1,-1,-1,-1,-1,
1765570239731,CameraCapture,2932982541295448465,frame_captured_tpu,1765570239252,627,300,300,43,-1,-1,-1,-1,-1,-1,-1,-1,-1,-1,-1,-1,-1,-1,-1,-1,-1,-1,-1,-1,
1765570239776,CameraCapture,2932982541295448465,frame_captured_main,1765570239296,628,1536,864,43,-1,-1,-1,-1,-1,-1,-1,-1,-1,-1,-1,-1,-1,-1,-1,-1,-1,-1,-1,-1,
1765570239776,CameraCapture,2932982541295448465,frame_captured_tpu,1765570239296,628,300,300,43,-1,-1,-1,-1,-1,-1,-1,-1,-1,-1,-1,-1,-1,-1,-1,-1,-1,-1,-1,-1,
1765570239819,CameraCapture,2932982541295448465,frame_captured_main,1765570239339,629,1536,864,43,-1,-1,-1,-1,-1,-1,-1,-1,-1,-1,-1,-1,-1,-1,-1,-1,-1,-1,-1,-1,
1765570239819,CameraCapture,2932982541295448465,frame_captured_tpu,1765570239339,629,300,300,43,-1,-1,-1,-1,-1,-1,-1,-1,-1,-1,-1,-1,-1,-1,-1,-1,-1,-1,-1,-1,
1765570239863,CameraCapture,2932982541295448465,frame_captured_main,1765570239383,630,1536,864,43,-1,-1,-1,-1,-1,-1,-1,-1,-1,-1,-1,-1,-1,-1,-1,-1,-1,-1,-1,-1,
1765570239863,CameraCapture,2932982541295448465,frame_captured_tpu,1765570239383,630,300,300,43,-1,-1,-1,-1,-1,-1,-1,-1,-1,-1,-1,-1,-1,-1,-1,-1,-1,-1,-1,-1,
1765570239906,CameraCapture,2932982541295448465,frame_captured_main,1765570239427,631,1536,864,43,-1,-1,-1,-1,-1,-1,-1,-1,-1,-1,-1,-1,-1,-1,-1,-1,-1,-1,-1,-1,
1765570239906,CameraCapture,2932982541295448465,frame_captured_tpu,1765570239427,631,300,300,43,-1,-1,-1,-1,-1,-1,-1,-1,-1,-1,-1,-1,-1,-1,-1,-1,-1,-1,-1,-1,
1765570239950,CameraCapture,2932982541295448465,frame_captured_main,1765570239471,632,1536,864,43,-1,-1,-1,-1,-1,-1,-1,-1,-1,-1,-1,-1,-1,-1,-1,-1,-1,-1,-1,-1,
1765570239950,CameraCapture,2932982541295448465,frame_captured_tpu,1765570239471,632,300,300,43,-1,-1,-1,-1,-1,-1,-1,-1,-1,-1,-1,-1,-1,-1,-1,-1,-1,-1,-1,-1,
1765570239993,CameraCapture,2932982541295448465,frame_captured_main,1765570239514,633,1536,864,43,-1,-1,-1,-1,-1,-1,-1,-1,-1,-1,-1,-1,-1,-1,-1,-1,-1,-1,-1,-1,
1765570239993,CameraCapture,2932982541295448465,frame_captured_tpu,1765570239514,633,300,300,43,-1,-1,-1,-1,-1,-1,-1,-1,-1,-1,-1,-1,-1,-1,-1,-1,-1,-1,-1,-1,
1765570240038,CameraCapture,2932982541295448465,frame_captured_main,1765570239558,634,1536,864,43,-1,-1,-1,-1,-1,-1,-1,-1,-1,-1,-1,-1,-1,-1,-1,-1,-1,-1,-1,-1,
1765570240038,CameraCapture,2932982541295448465,frame_captured_tpu,1765570239558,634,300,300,43,-1,-1,-1,-1,-1,-1,-1,-1,-1,-1,-1,-1,-1,-1,-1,-1,-1,-1,-1,-1,
1765570240081,CameraCapture,2932982541295448465,frame_captured_main,1765570239602,635,1536,864,43,-1,-1,-1,-1,-1,-1,-1,-1,-1,-1,-1,-1,-1,-1,-1,-1,-1,-1,-1,-1,
1765570240081,CameraCapture,2932982541295448465,frame_captured_tpu,1765570239602,635,300,300,43,-1,-1,-1,-1,-1,-1,-1,-1,-1,-1,-1,-1,-1,-1,-1,-1,-1,-1,-1,-1,
1765570240125,CameraCapture,2932982541295448465,frame_captured_main,1765570239646,636,1536,864,43,-1,-1,-1,-1,-1,-1,-1,-1,-1,-1,-1,-1,-1,-1,-1,-1,-1,-1,-1,-1,
1765570240125,CameraCapture,2932982541295448465,frame_captured_tpu,1765570239646,636,300,300,43,-1,-1,-1,-1,-1,-1,-1,-1,-1,-1,-1,-1,-1,-1,-1,-1,-1,-1,-1,-1,
1765570240168,CameraCapture,2932982541295448465,frame_captured_main,1765570239690,637,1536,864,43,-1,-1,-1,-1,-1,-1,-1,-1,-1,-1,-1,-1,-1,-1,-1,-1,-1,-1,-1,-1,
1765570240168,CameraCapture,2932982541295448465,frame_captured_tpu,1765570239690,637,300,300,43,-1,-1,-1,-1,-1,-1,-1,-1,-1,-1,-1,-1,-1,-1,-1,-1,-1,-1,-1,-1,
1765570240213,CameraCapture,2932982541295448465,frame_captured_main,1765570239734,638,1536,864,43,-1,-1,-1,-1,-1,-1,-1,-1,-1,-1,-1,-1,-1,-1,-1,-1,-1,-1,-1,-1,
1765570240213,CameraCapture,2932982541295448465,frame_captured_tpu,1765570239734,638,300,300,43,-1,-1,-1,-1,-1,-1,-1,-1,-1,-1,-1,-1,-1,-1,-1,-1,-1,-1,-1,-1,
1765570240256,CameraCapture,2932982541295448465,frame_captured_main,1765570239777,639,1536,864,43,-1,-1,-1,-1,-1,-1,-1,-1,-1,-1,-1,-1,-1,-1,-1,-1,-1,-1,-1,-1,
1765570240256,CameraCapture,2932982541295448465,frame_captured_tpu,1765570239777,639,300,300,43,-1,-1,-1,-1,-1,-1,-1,-1,-1,-1,-1,-1,-1,-1,-1,-1,-1,-1,-1,-1,
1765570240301,CameraCapture,2932982541295448465,frame_captured_main,1765570239821,640,1536,864,43,-1,-1,-1,-1,-1,-1,-1,-1,-1,-1,-1,-1,-1,-1,-1,-1,-1,-1,-1,-1,
1765570240301,CameraCapture,2932982541295448465,frame_captured_tpu,1765570239821,640,300,300,43,-1,-1,-1,-1,-1,-1,-1,-1,-1,-1,-1,-1,-1,-1,-1,-1,-1,-1,-1,-1,
1765570240343,CameraCapture,2932982541295448465,frame_captured_main,1765570239865,641,1536,864,43,-1,-1,-1,-1,-1,-1,-1,-1,-1,-1,-1,-1,-1,-1,-1,-1,-1,-1,-1,-1,
1765570240343,CameraCapture,2932982541295448465,frame_captured_tpu,1765570239865,641,300,300,43,-1,-1,-1,-1,-1,-1,-1,-1,-1,-1,-1,-1,-1,-1,-1,-1,-1,-1,-1,-1,
1765570240388,CameraCapture,2932982541295448465,frame_captured_main,1765570239909,642,1536,864,43,-1,-1,-1,-1,-1,-1,-1,-1,-1,-1,-1,-1,-1,-1,-1,-1,-1,-1,-1,-1,
1765570240388,CameraCapture,2932982541295448465,frame_captured_tpu,1765570239909,642,300,300,43,-1,-1,-1,-1,-1,-1,-1,-1,-1,-1,-1,-1,-1,-1,-1,-1,-1,-1,-1,-1,
1765570240431,CameraCapture,2932982541295448465,frame_captured_main,1765570239952,643,1536,864,43,-1,-1,-1,-1,-1,-1,-1,-1,-1,-1,-1,-1,-1,-1,-1,-1,-1,-1,-1,-1,
1765570240431,CameraCapture,2932982541295448465,frame_captured_tpu,1765570239952,643,300,300,43,-1,-1,-1,-1,-1,-1,-1,-1,-1,-1,-1,-1,-1,-1,-1,-1,-1,-1,-1,-1,
1765570240475,CameraCapture,2932982541295448465,frame_captured_main,1765570239996,644,1536,864,43,-1,-1,-1,-1,-1,-1,-1,-1,-1,-1,-1,-1,-1,-1,-1,-1,-1,-1,-1,-1,
1765570240475,CameraCapture,2932982541295448465,frame_captured_tpu,1765570239996,644,300,300,43,-1,-1,-1,-1,-1,-1,-1,-1,-1,-1,-1,-1,-1,-1,-1,-1,-1,-1,-1,-1,
1765570240518,CameraCapture,2932982541295448465,frame_captured_main,1765570240040,645,1536,864,43,-1,-1,-1,-1,-1,-1,-1,-1,-1,-1,-1,-1,-1,-1,-1,-1,-1,-1,-1,-1,
1765570240518,CameraCapture,2932982541295448465,frame_captured_tpu,1765570240040,645,300,300,43,-1,-1,-1,-1,-1,-1,-1,-1,-1,-1,-1,-1,-1,-1,-1,-1,-1,-1,-1,-1,
1765570240563,CameraCapture,2932982541295448465,frame_captured_main,1765570240084,646,1536,864,43,-1,-1,-1,-1,-1,-1,-1,-1,-1,-1,-1,-1,-1,-1,-1,-1,-1,-1,-1,-1,
1765570240563,CameraCapture,2932982541295448465,frame_captured_tpu,1765570240084,646,300,300,43,-1,-1,-1,-1,-1,-1,-1,-1,-1,-1,-1,-1,-1,-1,-1,-1,-1,-1,-1,-1,
1765570240606,CameraCapture,2932982541295448465,frame_captured_main,1765570240127,647,1536,864,43,-1,-1,-1,-1,-1,-1,-1,-1,-1,-1,-1,-1,-1,-1,-1,-1,-1,-1,-1,-1,
1765570240606,CameraCapture,2932982541295448465,frame_captured_tpu,1765570240127,647,300,300,43,-1,-1,-1,-1,-1,-1,-1,-1,-1,-1,-1,-1,-1,-1,-1,-1,-1,-1,-1,-1,
1765570240650,CameraCapture,2932982541295448465,frame_captured_main,1765570240171,648,1536,864,43,-1,-1,-1,-1,-1,-1,-1,-1,-1,-1,-1,-1,-1,-1,-1,-1,-1,-1,-1,-1,
1765570240650,CameraCapture,2932982541295448465,frame_captured_tpu,1765570240171,648,300,300,43,-1,-1,-1,-1,-1,-1,-1,-1,-1,-1,-1,-1,-1,-1,-1,-1,-1,-1,-1,-1,
1765570240694,CameraCapture,2932982541295448465,frame_captured_main,1765570240215,649,1536,864,43,-1,-1,-1,-1,-1,-1,-1,-1,-1,-1,-1,-1,-1,-1,-1,-1,-1,-1,-1,-1,
1765570240694,CameraCapture,2932982541295448465,frame_captured_tpu,1765570240215,649,300,300,43,-1,-1,-1,-1,-1,-1,-1,-1,-1,-1,-1,-1,-1,-1,-1,-1,-1,-1,-1,-1,
1765570240738,CameraCapture,2932982541295448465,frame_captured_main,1765570240258,650,1536,864,43,-1,-1,-1,-1,-1,-1,-1,-1,-1,-1,-1,-1,-1,-1,-1,-1,-1,-1,-1,-1,
1765570240738,CameraCapture,2932982541295448465,frame_captured_tpu,1765570240258,650,300,300,43,-1,-1,-1,-1,-1,-1,-1,-1,-1,-1,-1,-1,-1,-1,-1,-1,-1,-1,-1,-1,
1765570240781,CameraCapture,2932982541295448465,frame_captured_main,1765570240302,651,1536,864,43,-1,-1,-1,-1,-1,-1,-1,-1,-1,-1,-1,-1,-1,-1,-1,-1,-1,-1,-1,-1,
1765570240781,CameraCapture,2932982541295448465,frame_captured_tpu,1765570240302,651,300,300,43,-1,-1,-1,-1,-1,-1,-1,-1,-1,-1,-1,-1,-1,-1,-1,-1,-1,-1,-1,-1,
1765570240825,CameraCapture,2932982541295448465,frame_captured_main,1765570240346,652,1536,864,43,-1,-1,-1,-1,-1,-1,-1,-1,-1,-1,-1,-1,-1,-1,-1,-1,-1,-1,-1,-1,
1765570240825,CameraCapture,2932982541295448465,frame_captured_tpu,1765570240346,652,300,300,43,-1,-1,-1,-1,-1,-1,-1,-1,-1,-1,-1,-1,-1,-1,-1,-1,-1,-1,-1,-1,
1765570240868,CameraCapture,2932982541295448465,frame_captured_main,1765570240390,653,1536,864,43,-1,-1,-1,-1,-1,-1,-1,-1,-1,-1,-1,-1,-1,-1,-1,-1,-1,-1,-1,-1,
1765570240868,CameraCapture,2932982541295448465,frame_captured_tpu,1765570240390,653,300,300,43,-1,-1,-1,-1,-1,-1,-1,-1,-1,-1,-1,-1,-1,-1,-1,-1,-1,-1,-1,-1,
1765570240913,CameraCapture,2932982541295448465,frame_captured_main,1765570240434,654,1536,864,43,-1,-1,-1,-1,-1,-1,-1,-1,-1,-1,-1,-1,-1,-1,-1,-1,-1,-1,-1,-1,
1765570240913,CameraCapture,2932982541295448465,frame_captured_tpu,1765570240434,654,300,300,43,-1,-1,-1,-1,-1,-1,-1,-1,-1,-1,-1,-1,-1,-1,-1,-1,-1,-1,-1,-1,
1765570240956,CameraCapture,2932982541295448465,frame_captured_main,1765570240477,655,1536,864,43,-1,-1,-1,-1,-1,-1,-1,-1,-1,-1,-1,-1,-1,-1,-1,-1,-1,-1,-1,-1,
1765570240956,CameraCapture,2932982541295448465,frame_captured_tpu,1765570240477,655,300,300,43,-1,-1,-1,-1,-1,-1,-1,-1,-1,-1,-1,-1,-1,-1,-1,-1,-1,-1,-1,-1,
1765570241000,CameraCapture,2932982541295448465,frame_captured_main,1765570240521,656,1536,864,43,-1,-1,-1,-1,-1,-1,-1,-1,-1,-1,-1,-1,-1,-1,-1,-1,-1,-1,-1,-1,
1765570241000,CameraCapture,2932982541295448465,frame_captured_tpu,1765570240521,656,300,300,43,-1,-1,-1,-1,-1,-1,-1,-1,-1,-1,-1,-1,-1,-1,-1,-1,-1,-1,-1,-1,
1765570241043,CameraCapture,2932982541295448465,frame_captured_main,1765570240565,657,1536,864,43,-1,-1,-1,-1,-1,-1,-1,-1,-1,-1,-1,-1,-1,-1,-1,-1,-1,-1,-1,-1,
1765570241043,CameraCapture,2932982541295448465,frame_captured_tpu,1765570240565,657,300,300,43,-1,-1,-1,-1,-1,-1,-1,-1,-1,-1,-1,-1,-1,-1,-1,-1,-1,-1,-1,-1,
1765570241088,CameraCapture,2932982541295448465,frame_captured_main,1765570240609,658,1536,864,43,-1,-1,-1,-1,-1,-1,-1,-1,-1,-1,-1,-1,-1,-1,-1,-1,-1,-1,-1,-1,
1765570241088,CameraCapture,2932982541295448465,frame_captured_tpu,1765570240609,658,300,300,43,-1,-1,-1,-1,-1,-1,-1,-1,-1,-1,-1,-1,-1,-1,-1,-1,-1,-1,-1,-1,
1765570241131,CameraCapture,2932982541295448465,frame_captured_main,1765570240652,659,1536,864,43,-1,-1,-1,-1,-1,-1,-1,-1,-1,-1,-1,-1,-1,-1,-1,-1,-1,-1,-1,-1,
1765570241131,CameraCapture,2932982541295448465,frame_captured_tpu,1765570240652,659,300,300,43,-1,-1,-1,-1,-1,-1,-1,-1,-1,-1,-1,-1,-1,-1,-1,-1,-1,-1,-1,-1,
1765570241175,CameraCapture,2932982541295448465,frame_captured_main,1765570240695,660,1536,864,43,-1,-1,-1,-1,-1,-1,-1,-1,-1,-1,-1,-1,-1,-1,-1,-1,-1,-1,-1,-1,
1765570241175,CameraCapture,2932982541295448465,frame_captured_tpu,1765570240695,660,300,300,43,-1,-1,-1,-1,-1,-1,-1,-1,-1,-1,-1,-1,-1,-1,-1,-1,-1,-1,-1,-1,
1765570241218,CameraCapture,2932982541295448465,frame_captured_main,1765570240740,661,1536,864,43,-1,-1,-1,-1,-1,-1,-1,-1,-1,-1,-1,-1,-1,-1,-1,-1,-1,-1,-1,-1,
1765570241218,CameraCapture,2932982541295448465,frame_captured_tpu,1765570240740,661,300,300,43,-1,-1,-1,-1,-1,-1,-1,-1,-1,-1,-1,-1,-1,-1,-1,-1,-1,-1,-1,-1,
1765570241263,CameraCapture,2932982541295448465,frame_captured_main,1765570240784,662,1536,864,43,-1,-1,-1,-1,-1,-1,-1,-1,-1,-1,-1,-1,-1,-1,-1,-1,-1,-1,-1,-1,
1765570241263,CameraCapture,2932982541295448465,frame_captured_tpu,1765570240784,662,300,300,43,-1,-1,-1,-1,-1,-1,-1,-1,-1,-1,-1,-1,-1,-1,-1,-1,-1,-1,-1,-1,
1765570241306,CameraCapture,2932982541295448465,frame_captured_main,1765570240827,663,1536,864,43,-1,-1,-1,-1,-1,-1,-1,-1,-1,-1,-1,-1,-1,-1,-1,-1,-1,-1,-1,-1,
1765570241306,CameraCapture,2932982541295448465,frame_captured_tpu,1765570240827,663,300,300,43,-1,-1,-1,-1,-1,-1,-1,-1,-1,-1,-1,-1,-1,-1,-1,-1,-1,-1,-1,-1,
1765570241350,CameraCapture,2932982541295448465,frame_captured_main,1765570240870,664,1536,864,43,-1,-1,-1,-1,-1,-1,-1,-1,-1,-1,-1,-1,-1,-1,-1,-1,-1,-1,-1,-1,
1765570241350,CameraCapture,2932982541295448465,frame_captured_tpu,1765570240870,664,300,300,43,-1,-1,-1,-1,-1,-1,-1,-1,-1,-1,-1,-1,-1,-1,-1,-1,-1,-1,-1,-1,
1765570241393,CameraCapture,2932982541295448465,frame_captured_main,1765570240915,665,1536,864,43,-1,-1,-1,-1,-1,-1,-1,-1,-1,-1,-1,-1,-1,-1,-1,-1,-1,-1,-1,-1,
1765570241393,CameraCapture,2932982541295448465,frame_captured_tpu,1765570240915,665,300,300,43,-1,-1,-1,-1,-1,-1,-1,-1,-1,-1,-1,-1,-1,-1,-1,-1,-1,-1,-1,-1,
1765570241438,CameraCapture,2932982541295448465,frame_captured_main,1765570240959,666,1536,864,43,-1,-1,-1,-1,-1,-1,-1,-1,-1,-1,-1,-1,-1,-1,-1,-1,-1,-1,-1,-1,
1765570241438,CameraCapture,2932982541295448465,frame_captured_tpu,1765570240959,666,300,300,43,-1,-1,-1,-1,-1,-1,-1,-1,-1,-1,-1,-1,-1,-1,-1,-1,-1,-1,-1,-1,
1765570241481,CameraCapture,2932982541295448465,frame_captured_main,1765570241002,667,1536,864,43,-1,-1,-1,-1,-1,-1,-1,-1,-1,-1,-1,-1,-1,-1,-1,-1,-1,-1,-1,-1,
1765570241481,CameraCapture,2932982541295448465,frame_captured_tpu,1765570241002,667,300,300,43,-1,-1,-1,-1,-1,-1,-1,-1,-1,-1,-1,-1,-1,-1,-1,-1,-1,-1,-1,-1,
1765570241526,CameraCapture,2932982541295448465,frame_captured_main,1765570241045,668,1536,864,43,-1,-1,-1,-1,-1,-1,-1,-1,-1,-1,-1,-1,-1,-1,-1,-1,-1,-1,-1,-1,
1765570241526,CameraCapture,2932982541295448465,frame_captured_tpu,1765570241045,668,300,300,43,-1,-1,-1,-1,-1,-1,-1,-1,-1,-1,-1,-1,-1,-1,-1,-1,-1,-1,-1,-1,
1765570241568,CameraCapture,2932982541295448465,frame_captured_main,1765570241090,669,1536,864,43,-1,-1,-1,-1,-1,-1,-1,-1,-1,-1,-1,-1,-1,-1,-1,-1,-1,-1,-1,-1,
1765570241568,CameraCapture,2932982541295448465,frame_captured_tpu,1765570241090,669,300,300,43,-1,-1,-1,-1,-1,-1,-1,-1,-1,-1,-1,-1,-1,-1,-1,-1,-1,-1,-1,-1,
1765570241613,CameraCapture,2932982541295448465,frame_captured_main,1765570241134,670,1536,864,43,-1,-1,-1,-1,-1,-1,-1,-1,-1,-1,-1,-1,-1,-1,-1,-1,-1,-1,-1,-1,
1765570241613,CameraCapture,2932982541295448465,frame_captured_tpu,1765570241134,670,300,300,43,-1,-1,-1,-1,-1,-1,-1,-1,-1,-1,-1,-1,-1,-1,-1,-1,-1,-1,-1,-1,
1765570241656,CameraCapture,2932982541295448465,frame_captured_main,1765570241177,671,1536,864,43,-1,-1,-1,-1,-1,-1,-1,-1,-1,-1,-1,-1,-1,-1,-1,-1,-1,-1,-1,-1,
1765570241656,CameraCapture,2932982541295448465,frame_captured_tpu,1765570241177,671,300,300,43,-1,-1,-1,-1,-1,-1,-1,-1,-1,-1,-1,-1,-1,-1,-1,-1,-1,-1,-1,-1,
1765570241700,CameraCapture,2932982541295448465,frame_captured_main,1765570241220,672,1536,864,43,-1,-1,-1,-1,-1,-1,-1,-1,-1,-1,-1,-1,-1,-1,-1,-1,-1,-1,-1,-1,
1765570241700,CameraCapture,2932982541295448465,frame_captured_tpu,1765570241220,672,300,300,43,-1,-1,-1,-1,-1,-1,-1,-1,-1,-1,-1,-1,-1,-1,-1,-1,-1,-1,-1,-1,
1765570241743,CameraCapture,2932982541295448465,frame_captured_main,1765570241265,673,1536,864,43,-1,-1,-1,-1,-1,-1,-1,-1,-1,-1,-1,-1,-1,-1,-1,-1,-1,-1,-1,-1,
1765570241743,CameraCapture,2932982541295448465,frame_captured_tpu,1765570241265,673,300,300,43,-1,-1,-1,-1,-1,-1,-1,-1,-1,-1,-1,-1,-1,-1,-1,-1,-1,-1,-1,-1,
1765570241788,CameraCapture,2932982541295448465,frame_captured_main,1765570241309,674,1536,864,43,-1,-1,-1,-1,-1,-1,-1,-1,-1,-1,-1,-1,-1,-1,-1,-1,-1,-1,-1,-1,
1765570241788,CameraCapture,2932982541295448465,frame_captured_tpu,1765570241309,674,300,300,43,-1,-1,-1,-1,-1,-1,-1,-1,-1,-1,-1,-1,-1,-1,-1,-1,-1,-1,-1,-1,
1765570241831,CameraCapture,2932982541295448465,frame_captured_main,1765570241353,675,1536,864,43,-1,-1,-1,-1,-1,-1,-1,-1,-1,-1,-1,-1,-1,-1,-1,-1,-1,-1,-1,-1,
1765570241831,CameraCapture,2932982541295448465,frame_captured_tpu,1765570241353,675,300,300,43,-1,-1,-1,-1,-1,-1,-1,-1,-1,-1,-1,-1,-1,-1,-1,-1,-1,-1,-1,-1,
1765570241875,CameraCapture,2932982541295448465,frame_captured_main,1765570241395,676,1536,864,43,-1,-1,-1,-1,-1,-1,-1,-1,-1,-1,-1,-1,-1,-1,-1,-1,-1,-1,-1,-1,
1765570241875,CameraCapture,2932982541295448465,frame_captured_tpu,1765570241395,676,300,300,43,-1,-1,-1,-1,-1,-1,-1,-1,-1,-1,-1,-1,-1,-1,-1,-1,-1,-1,-1,-1,
1765570241918,CameraCapture,2932982541295448465,frame_captured_main,1765570241440,677,1536,864,43,-1,-1,-1,-1,-1,-1,-1,-1,-1,-1,-1,-1,-1,-1,-1,-1,-1,-1,-1,-1,
1765570241918,CameraCapture,2932982541295448465,frame_captured_tpu,1765570241440,677,300,300,43,-1,-1,-1,-1,-1,-1,-1,-1,-1,-1,-1,-1,-1,-1,-1,-1,-1,-1,-1,-1,
1765570241962,CameraCapture,2932982541295448465,frame_captured_main,1765570241483,678,1536,864,43,-1,-1,-1,-1,-1,-1,-1,-1,-1,-1,-1,-1,-1,-1,-1,-1,-1,-1,-1,-1,
1765570241962,CameraCapture,2932982541295448465,frame_captured_tpu,1765570241483,678,300,300,43,-1,-1,-1,-1,-1,-1,-1,-1,-1,-1,-1,-1,-1,-1,-1,-1,-1,-1,-1,-1,
1765570242006,CameraCapture,2932982541295448465,frame_captured_main,1765570241528,679,1536,864,43,-1,-1,-1,-1,-1,-1,-1,-1,-1,-1,-1,-1,-1,-1,-1,-1,-1,-1,-1,-1,
1765570242006,CameraCapture,2932982541295448465,frame_captured_tpu,1765570241528,679,300,300,43,-1,-1,-1,-1,-1,-1,-1,-1,-1,-1,-1,-1,-1,-1,-1,-1,-1,-1,-1,-1,
1765570242050,CameraCapture,2932982541295448465,frame_captured_main,1765570241570,680,1536,864,43,-1,-1,-1,-1,-1,-1,-1,-1,-1,-1,-1,-1,-1,-1,-1,-1,-1,-1,-1,-1,
1765570242050,CameraCapture,2932982541295448465,frame_captured_tpu,1765570241570,680,300,300,43,-1,-1,-1,-1,-1,-1,-1,-1,-1,-1,-1,-1,-1,-1,-1,-1,-1,-1,-1,-1,
1765570242093,CameraCapture,2932982541295448465,frame_captured_main,1765570241614,681,1536,864,43,-1,-1,-1,-1,-1,-1,-1,-1,-1,-1,-1,-1,-1,-1,-1,-1,-1,-1,-1,-1,
1765570242093,CameraCapture,2932982541295448465,frame_captured_tpu,1765570241614,681,300,300,43,-1,-1,-1,-1,-1,-1,-1,-1,-1,-1,-1,-1,-1,-1,-1,-1,-1,-1,-1,-1,
1765570242138,CameraCapture,2932982541295448465,frame_captured_main,1765570241659,682,1536,864,43,-1,-1,-1,-1,-1,-1,-1,-1,-1,-1,-1,-1,-1,-1,-1,-1,-1,-1,-1,-1,
1765570242138,CameraCapture,2932982541295448465,frame_captured_tpu,1765570241659,682,300,300,43,-1,-1,-1,-1,-1,-1,-1,-1,-1,-1,-1,-1,-1,-1,-1,-1,-1,-1,-1,-1,
1765570242181,CameraCapture,2932982541295448465,frame_captured_main,1765570241702,683,1536,864,43,-1,-1,-1,-1,-1,-1,-1,-1,-1,-1,-1,-1,-1,-1,-1,-1,-1,-1,-1,-1,
1765570242181,CameraCapture,2932982541295448465,frame_captured_tpu,1765570241702,683,300,300,43,-1,-1,-1,-1,-1,-1,-1,-1,-1,-1,-1,-1,-1,-1,-1,-1,-1,-1,-1,-1,
1765570242225,CameraCapture,2932982541295448465,frame_captured_main,1765570241745,684,1536,864,43,-1,-1,-1,-1,-1,-1,-1,-1,-1,-1,-1,-1,-1,-1,-1,-1,-1,-1,-1,-1,
1765570242225,CameraCapture,2932982541295448465,frame_captured_tpu,1765570241745,684,300,300,43,-1,-1,-1,-1,-1,-1,-1,-1,-1,-1,-1,-1,-1,-1,-1,-1,-1,-1,-1,-1,
1765570242267,CameraCapture,2932982541295448465,frame_captured_main,1765570241789,685,1536,864,43,-1,-1,-1,-1,-1,-1,-1,-1,-1,-1,-1,-1,-1,-1,-1,-1,-1,-1,-1,-1,
1765570242267,CameraCapture,2932982541295448465,frame_captured_tpu,1765570241789,685,300,300,43,-1,-1,-1,-1,-1,-1,-1,-1,-1,-1,-1,-1,-1,-1,-1,-1,-1,-1,-1,-1,
1765570242312,CameraCapture,2932982541295448465,frame_captured_main,1765570241833,686,1536,864,43,-1,-1,-1,-1,-1,-1,-1,-1,-1,-1,-1,-1,-1,-1,-1,-1,-1,-1,-1,-1,
1765570242312,CameraCapture,2932982541295448465,frame_captured_tpu,1765570241833,686,300,300,43,-1,-1,-1,-1,-1,-1,-1,-1,-1,-1,-1,-1,-1,-1,-1,-1,-1,-1,-1,-1,
1765570242356,CameraCapture,2932982541295448465,frame_captured_main,1765570241878,687,1536,864,43,-1,-1,-1,-1,-1,-1,-1,-1,-1,-1,-1,-1,-1,-1,-1,-1,-1,-1,-1,-1,
1765570242356,CameraCapture,2932982541295448465,frame_captured_tpu,1765570241878,687,300,300,43,-1,-1,-1,-1,-1,-1,-1,-1,-1,-1,-1,-1,-1,-1,-1,-1,-1,-1,-1,-1,
1765570242400,CameraCapture,2932982541295448465,frame_captured_main,1765570241920,688,1536,864,43,-1,-1,-1,-1,-1,-1,-1,-1,-1,-1,-1,-1,-1,-1,-1,-1,-1,-1,-1,-1,
1765570242400,CameraCapture,2932982541295448465,frame_captured_tpu,1765570241920,688,300,300,43,-1,-1,-1,-1,-1,-1,-1,-1,-1,-1,-1,-1,-1,-1,-1,-1,-1,-1,-1,-1,
1765570242442,CameraCapture,2932982541295448465,frame_captured_main,1765570241964,689,1536,864,43,-1,-1,-1,-1,-1,-1,-1,-1,-1,-1,-1,-1,-1,-1,-1,-1,-1,-1,-1,-1,
1765570242442,CameraCapture,2932982541295448465,frame_captured_tpu,1765570241964,689,300,300,43,-1,-1,-1,-1,-1,-1,-1,-1,-1,-1,-1,-1,-1,-1,-1,-1,-1,-1,-1,-1,
1765570242487,CameraCapture,2932982541295448465,frame_captured_main,1765570242008,690,1536,864,43,-1,-1,-1,-1,-1,-1,-1,-1,-1,-1,-1,-1,-1,-1,-1,-1,-1,-1,-1,-1,
1765570242487,CameraCapture,2932982541295448465,frame_captured_tpu,1765570242008,690,300,300,43,-1,-1,-1,-1,-1,-1,-1,-1,-1,-1,-1,-1,-1,-1,-1,-1,-1,-1,-1,-1,
1765570242531,CameraCapture,2932982541295448465,frame_captured_main,1765570242053,691,1536,864,43,-1,-1,-1,-1,-1,-1,-1,-1,-1,-1,-1,-1,-1,-1,-1,-1,-1,-1,-1,-1,
1765570242531,CameraCapture,2932982541295448465,frame_captured_tpu,1765570242053,691,300,300,43,-1,-1,-1,-1,-1,-1,-1,-1,-1,-1,-1,-1,-1,-1,-1,-1,-1,-1,-1,-1,
1765570242575,CameraCapture,2932982541295448465,frame_captured_main,1765570242096,692,1536,864,43,-1,-1,-1,-1,-1,-1,-1,-1,-1,-1,-1,-1,-1,-1,-1,-1,-1,-1,-1,-1,
1765570242575,CameraCapture,2932982541295448465,frame_captured_tpu,1765570242096,692,300,300,43,-1,-1,-1,-1,-1,-1,-1,-1,-1,-1,-1,-1,-1,-1,-1,-1,-1,-1,-1,-1,
1765570242618,CameraCapture,2932982541295448465,frame_captured_main,1765570242139,693,1536,864,43,-1,-1,-1,-1,-1,-1,-1,-1,-1,-1,-1,-1,-1,-1,-1,-1,-1,-1,-1,-1,
1765570242618,CameraCapture,2932982541295448465,frame_captured_tpu,1765570242139,693,300,300,43,-1,-1,-1,-1,-1,-1,-1,-1,-1,-1,-1,-1,-1,-1,-1,-1,-1,-1,-1,-1,
1765570242663,CameraCapture,2932982541295448465,frame_captured_main,1765570242184,694,1536,864,43,-1,-1,-1,-1,-1,-1,-1,-1,-1,-1,-1,-1,-1,-1,-1,-1,-1,-1,-1,-1,
1765570242663,CameraCapture,2932982541295448465,frame_captured_tpu,1765570242184,694,300,300,43,-1,-1,-1,-1,-1,-1,-1,-1,-1,-1,-1,-1,-1,-1,-1,-1,-1,-1,-1,-1,
1765570242706,CameraCapture,2932982541295448465,frame_captured_main,1765570242227,695,1536,864,43,-1,-1,-1,-1,-1,-1,-1,-1,-1,-1,-1,-1,-1,-1,-1,-1,-1,-1,-1,-1,
1765570242706,CameraCapture,2932982541295448465,frame_captured_tpu,1765570242227,695,300,300,43,-1,-1,-1,-1,-1,-1,-1,-1,-1,-1,-1,-1,-1,-1,-1,-1,-1,-1,-1,-1,
1765570242750,CameraCapture,2932982541295448465,frame_captured_main,1765570242271,696,1536,864,43,-1,-1,-1,-1,-1,-1,-1,-1,-1,-1,-1,-1,-1,-1,-1,-1,-1,-1,-1,-1,
1765570242750,CameraCapture,2932982541295448465,frame_captured_tpu,1765570242271,696,300,300,43,-1,-1,-1,-1,-1,-1,-1,-1,-1,-1,-1,-1,-1,-1,-1,-1,-1,-1,-1,-1,
1765570242792,CameraCapture,2932982541295448465,frame_captured_main,1765570242314,697,1536,864,43,-1,-1,-1,-1,-1,-1,-1,-1,-1,-1,-1,-1,-1,-1,-1,-1,-1,-1,-1,-1,
1765570242792,CameraCapture,2932982541295448465,frame_captured_tpu,1765570242314,697,300,300,43,-1,-1,-1,-1,-1,-1,-1,-1,-1,-1,-1,-1,-1,-1,-1,-1,-1,-1,-1,-1,
1765570242837,CameraCapture,2932982541295448465,frame_captured_main,1765570242358,698,1536,864,43,-1,-1,-1,-1,-1,-1,-1,-1,-1,-1,-1,-1,-1,-1,-1,-1,-1,-1,-1,-1,
1765570242837,CameraCapture,2932982541295448465,frame_captured_tpu,1765570242358,698,300,300,43,-1,-1,-1,-1,-1,-1,-1,-1,-1,-1,-1,-1,-1,-1,-1,-1,-1,-1,-1,-1,
1765570242881,CameraCapture,2932982541295448465,frame_captured_main,1765570242402,699,1536,864,43,-1,-1,-1,-1,-1,-1,-1,-1,-1,-1,-1,-1,-1,-1,-1,-1,-1,-1,-1,-1,
1765570242881,CameraCapture,2932982541295448465,frame_captured_tpu,1765570242402,699,300,300,43,-1,-1,-1,-1,-1,-1,-1,-1,-1,-1,-1,-1,-1,-1,-1,-1,-1,-1,-1,-1,
1765570242925,CameraCapture,2932982541295448465,frame_captured_main,1765570242446,700,1536,864,43,-1,-1,-1,-1,-1,-1,-1,-1,-1,-1,-1,-1,-1,-1,-1,-1,-1,-1,-1,-1,
1765570242925,CameraCapture,2932982541295448465,frame_captured_tpu,1765570242446,700,300,300,43,-1,-1,-1,-1,-1,-1,-1,-1,-1,-1,-1,-1,-1,-1,-1,-1,-1,-1,-1,-1,
1765570242967,CameraCapture,2932982541295448465,frame_captured_main,1765570242489,701,1536,864,43,-1,-1,-1,-1,-1,-1,-1,-1,-1,-1,-1,-1,-1,-1,-1,-1,-1,-1,-1,-1,
1765570242967,CameraCapture,2932982541295448465,frame_captured_tpu,1765570242489,701,300,300,43,-1,-1,-1,-1,-1,-1,-1,-1,-1,-1,-1,-1,-1,-1,-1,-1,-1,-1,-1,-1,
1765570243012,CameraCapture,2932982541295448465,frame_captured_main,1765570242533,702,1536,864,43,-1,-1,-1,-1,-1,-1,-1,-1,-1,-1,-1,-1,-1,-1,-1,-1,-1,-1,-1,-1,
1765570243012,CameraCapture,2932982541295448465,frame_captured_tpu,1765570242533,702,300,300,43,-1,-1,-1,-1,-1,-1,-1,-1,-1,-1,-1,-1,-1,-1,-1,-1,-1,-1,-1,-1,
1765570243056,CameraCapture,2932982541295448465,frame_captured_main,1765570242576,703,1536,864,43,-1,-1,-1,-1,-1,-1,-1,-1,-1,-1,-1,-1,-1,-1,-1,-1,-1,-1,-1,-1,
1765570243056,CameraCapture,2932982541295448465,frame_captured_tpu,1765570242576,703,300,300,43,-1,-1,-1,-1,-1,-1,-1,-1,-1,-1,-1,-1,-1,-1,-1,-1,-1,-1,-1,-1,
1765570243101,CameraCapture,2932982541295448465,frame_captured_main,1765570242621,704,1536,864,43,-1,-1,-1,-1,-1,-1,-1,-1,-1,-1,-1,-1,-1,-1,-1,-1,-1,-1,-1,-1,
1765570243101,CameraCapture,2932982541295448465,frame_captured_tpu,1765570242621,704,300,300,43,-1,-1,-1,-1,-1,-1,-1,-1,-1,-1,-1,-1,-1,-1,-1,-1,-1,-1,-1,-1,
1765570243142,CameraCapture,2932982541295448465,frame_captured_main,1765570242664,705,1536,864,43,-1,-1,-1,-1,-1,-1,-1,-1,-1,-1,-1,-1,-1,-1,-1,-1,-1,-1,-1,-1,
1765570243142,CameraCapture,2932982541295448465,frame_captured_tpu,1765570242664,705,300,300,43,-1,-1,-1,-1,-1,-1,-1,-1,-1,-1,-1,-1,-1,-1,-1,-1,-1,-1,-1,-1,
1765570243187,CameraCapture,2932982541295448465,frame_captured_main,1765570242708,706,1536,864,43,-1,-1,-1,-1,-1,-1,-1,-1,-1,-1,-1,-1,-1,-1,-1,-1,-1,-1,-1,-1,
1765570243187,CameraCapture,2932982541295448465,frame_captured_tpu,1765570242708,706,300,300,43,-1,-1,-1,-1,-1,-1,-1,-1,-1,-1,-1,-1,-1,-1,-1,-1,-1,-1,-1,-1,
1765570243231,CameraCapture,2932982541295448465,frame_captured_main,1765570242752,707,1536,864,43,-1,-1,-1,-1,-1,-1,-1,-1,-1,-1,-1,-1,-1,-1,-1,-1,-1,-1,-1,-1,
1765570243231,CameraCapture,2932982541295448465,frame_captured_tpu,1765570242752,707,300,300,43,-1,-1,-1,-1,-1,-1,-1,-1,-1,-1,-1,-1,-1,-1,-1,-1,-1,-1,-1,-1,
1765570243275,CameraCapture,2932982541295448465,frame_captured_main,1765570242796,708,1536,864,43,-1,-1,-1,-1,-1,-1,-1,-1,-1,-1,-1,-1,-1,-1,-1,-1,-1,-1,-1,-1,
1765570243275,CameraCapture,2932982541295448465,frame_captured_tpu,1765570242796,708,300,300,43,-1,-1,-1,-1,-1,-1,-1,-1,-1,-1,-1,-1,-1,-1,-1,-1,-1,-1,-1,-1,
1765570243317,CameraCapture,2932982541295448465,frame_captured_main,1765570242839,709,1536,864,43,-1,-1,-1,-1,-1,-1,-1,-1,-1,-1,-1,-1,-1,-1,-1,-1,-1,-1,-1,-1,
1765570243317,CameraCapture,2932982541295448465,frame_captured_tpu,1765570242839,709,300,300,43,-1,-1,-1,-1,-1,-1,-1,-1,-1,-1,-1,-1,-1,-1,-1,-1,-1,-1,-1,-1,
1765570243362,CameraCapture,2932982541295448465,frame_captured_main,1765570242883,710,1536,864,43,-1,-1,-1,-1,-1,-1,-1,-1,-1,-1,-1,-1,-1,-1,-1,-1,-1,-1,-1,-1,
1765570243362,CameraCapture,2932982541295448465,frame_captured_tpu,1765570242883,710,300,300,43,-1,-1,-1,-1,-1,-1,-1,-1,-1,-1,-1,-1,-1,-1,-1,-1,-1,-1,-1,-1,
1765570243406,CameraCapture,2932982541295448465,frame_captured_main,1765570242927,711,1536,864,43,-1,-1,-1,-1,-1,-1,-1,-1,-1,-1,-1,-1,-1,-1,-1,-1,-1,-1,-1,-1,
1765570243406,CameraCapture,2932982541295448465,frame_captured_tpu,1765570242927,711,300,300,43,-1,-1,-1,-1,-1,-1,-1,-1,-1,-1,-1,-1,-1,-1,-1,-1,-1,-1,-1,-1,
1765570243450,CameraCapture,2932982541295448465,frame_captured_main,1765570242971,712,1536,864,43,-1,-1,-1,-1,-1,-1,-1,-1,-1,-1,-1,-1,-1,-1,-1,-1,-1,-1,-1,-1,
1765570243450,CameraCapture,2932982541295448465,frame_captured_tpu,1765570242971,712,300,300,43,-1,-1,-1,-1,-1,-1,-1,-1,-1,-1,-1,-1,-1,-1,-1,-1,-1,-1,-1,-1,
1765570243492,CameraCapture,2932982541295448465,frame_captured_main,1765570243014,713,1536,864,43,-1,-1,-1,-1,-1,-1,-1,-1,-1,-1,-1,-1,-1,-1,-1,-1,-1,-1,-1,-1,
1765570243492,CameraCapture,2932982541295448465,frame_captured_tpu,1765570243014,713,300,300,43,-1,-1,-1,-1,-1,-1,-1,-1,-1,-1,-1,-1,-1,-1,-1,-1,-1,-1,-1,-1,
1765570243537,CameraCapture,2932982541295448465,frame_captured_main,1765570243058,714,1536,864,43,-1,-1,-1,-1,-1,-1,-1,-1,-1,-1,-1,-1,-1,-1,-1,-1,-1,-1,-1,-1,
1765570243537,CameraCapture,2932982541295448465,frame_captured_tpu,1765570243058,714,300,300,43,-1,-1,-1,-1,-1,-1,-1,-1,-1,-1,-1,-1,-1,-1,-1,-1,-1,-1,-1,-1,
1765570243581,CameraCapture,2932982541295448465,frame_captured_main,1765570243102,715,1536,864,43,-1,-1,-1,-1,-1,-1,-1,-1,-1,-1,-1,-1,-1,-1,-1,-1,-1,-1,-1,-1,
1765570243581,CameraCapture,2932982541295448465,frame_captured_tpu,1765570243102,715,300,300,43,-1,-1,-1,-1,-1,-1,-1,-1,-1,-1,-1,-1,-1,-1,-1,-1,-1,-1,-1,-1,
1765570243625,CameraCapture,2932982541295448465,frame_captured_main,1765570243145,716,1536,864,43,-1,-1,-1,-1,-1,-1,-1,-1,-1,-1,-1,-1,-1,-1,-1,-1,-1,-1,-1,-1,
1765570243625,CameraCapture,2932982541295448465,frame_captured_tpu,1765570243145,716,300,300,43,-1,-1,-1,-1,-1,-1,-1,-1,-1,-1,-1,-1,-1,-1,-1,-1,-1,-1,-1,-1,
1765570243667,CameraCapture,2932982541295448465,frame_captured_main,1765570243189,717,1536,864,43,-1,-1,-1,-1,-1,-1,-1,-1,-1,-1,-1,-1,-1,-1,-1,-1,-1,-1,-1,-1,
1765570243667,CameraCapture,2932982541295448465,frame_captured_tpu,1765570243189,717,300,300,43,-1,-1,-1,-1,-1,-1,-1,-1,-1,-1,-1,-1,-1,-1,-1,-1,-1,-1,-1,-1,
1765570243713,CameraCapture,2932982541295448465,frame_captured_main,1765570243233,718,1536,864,43,-1,-1,-1,-1,-1,-1,-1,-1,-1,-1,-1,-1,-1,-1,-1,-1,-1,-1,-1,-1,
1765570243713,CameraCapture,2932982541295448465,frame_captured_tpu,1765570243233,718,300,300,43,-1,-1,-1,-1,-1,-1,-1,-1,-1,-1,-1,-1,-1,-1,-1,-1,-1,-1,-1,-1,
1765570243756,CameraCapture,2932982541295448465,frame_captured_main,1765570243277,719,1536,864,43,-1,-1,-1,-1,-1,-1,-1,-1,-1,-1,-1,-1,-1,-1,-1,-1,-1,-1,-1,-1,
1765570243756,CameraCapture,2932982541295448465,frame_captured_tpu,1765570243277,719,300,300,43,-1,-1,-1,-1,-1,-1,-1,-1,-1,-1,-1,-1,-1,-1,-1,-1,-1,-1,-1,-1,
1765570243800,CameraCapture,2932982541295448465,frame_captured_main,1765570243321,720,1536,864,43,-1,-1,-1,-1,-1,-1,-1,-1,-1,-1,-1,-1,-1,-1,-1,-1,-1,-1,-1,-1,
1765570243800,CameraCapture,2932982541295448465,frame_captured_tpu,1765570243321,720,300,300,43,-1,-1,-1,-1,-1,-1,-1,-1,-1,-1,-1,-1,-1,-1,-1,-1,-1,-1,-1,-1,
1765570243843,CameraCapture,2932982541295448465,frame_captured_main,1765570243365,721,1536,864,43,-1,-1,-1,-1,-1,-1,-1,-1,-1,-1,-1,-1,-1,-1,-1,-1,-1,-1,-1,-1,
1765570243843,CameraCapture,2932982541295448465,frame_captured_tpu,1765570243365,721,300,300,43,-1,-1,-1,-1,-1,-1,-1,-1,-1,-1,-1,-1,-1,-1,-1,-1,-1,-1,-1,-1,
1765570243887,CameraCapture,2932982541295448465,frame_captured_main,1765570243408,722,1536,864,43,-1,-1,-1,-1,-1,-1,-1,-1,-1,-1,-1,-1,-1,-1,-1,-1,-1,-1,-1,-1,
1765570243887,CameraCapture,2932982541295448465,frame_captured_tpu,1765570243408,722,300,300,43,-1,-1,-1,-1,-1,-1,-1,-1,-1,-1,-1,-1,-1,-1,-1,-1,-1,-1,-1,-1,
1765570243931,CameraCapture,2932982541295448465,frame_captured_main,1765570243452,723,1536,864,43,-1,-1,-1,-1,-1,-1,-1,-1,-1,-1,-1,-1,-1,-1,-1,-1,-1,-1,-1,-1,
1765570243931,CameraCapture,2932982541295448465,frame_captured_tpu,1765570243452,723,300,300,43,-1,-1,-1,-1,-1,-1,-1,-1,-1,-1,-1,-1,-1,-1,-1,-1,-1,-1,-1,-1,
1765570243975,CameraCapture,2932982541295448465,frame_captured_main,1765570243496,724,1536,864,43,-1,-1,-1,-1,-1,-1,-1,-1,-1,-1,-1,-1,-1,-1,-1,-1,-1,-1,-1,-1,
1765570243975,CameraCapture,2932982541295448465,frame_captured_tpu,1765570243496,724,300,300,43,-1,-1,-1,-1,-1,-1,-1,-1,-1,-1,-1,-1,-1,-1,-1,-1,-1,-1,-1,-1,
1765570244018,CameraCapture,2932982541295448465,frame_captured_main,1765570243540,725,1536,864,43,-1,-1,-1,-1,-1,-1,-1,-1,-1,-1,-1,-1,-1,-1,-1,-1,-1,-1,-1,-1,
1765570244018,CameraCapture,2932982541295448465,frame_captured_tpu,1765570243540,725,300,300,43,-1,-1,-1,-1,-1,-1,-1,-1,-1,-1,-1,-1,-1,-1,-1,-1,-1,-1,-1,-1,
1765570244063,CameraCapture,2932982541295448465,frame_captured_main,1765570243584,726,1536,864,43,-1,-1,-1,-1,-1,-1,-1,-1,-1,-1,-1,-1,-1,-1,-1,-1,-1,-1,-1,-1,
1765570244063,CameraCapture,2932982541295448465,frame_captured_tpu,1765570243584,726,300,300,43,-1,-1,-1,-1,-1,-1,-1,-1,-1,-1,-1,-1,-1,-1,-1,-1,-1,-1,-1,-1,
1765570244106,CameraCapture,2932982541295448465,frame_captured_main,1765570243626,727,1536,864,43,-1,-1,-1,-1,-1,-1,-1,-1,-1,-1,-1,-1,-1,-1,-1,-1,-1,-1,-1,-1,
1765570244106,CameraCapture,2932982541295448465,frame_captured_tpu,1765570243626,727,300,300,43,-1,-1,-1,-1,-1,-1,-1,-1,-1,-1,-1,-1,-1,-1,-1,-1,-1,-1,-1,-1,
1765570244150,CameraCapture,2932982541295448465,frame_captured_main,1765570243670,728,1536,864,43,-1,-1,-1,-1,-1,-1,-1,-1,-1,-1,-1,-1,-1,-1,-1,-1,-1,-1,-1,-1,
1765570244150,CameraCapture,2932982541295448465,frame_captured_tpu,1765570243670,728,300,300,43,-1,-1,-1,-1,-1,-1,-1,-1,-1,-1,-1,-1,-1,-1,-1,-1,-1,-1,-1,-1,
1765570244193,CameraCapture,2932982541295448465,frame_captured_main,1765570243715,729,1536,864,43,-1,-1,-1,-1,-1,-1,-1,-1,-1,-1,-1,-1,-1,-1,-1,-1,-1,-1,-1,-1,
1765570244193,CameraCapture,2932982541295448465,frame_captured_tpu,1765570243715,729,300,300,43,-1,-1,-1,-1,-1,-1,-1,-1,-1,-1,-1,-1,-1,-1,-1,-1,-1,-1,-1,-1,
1765570244238,CameraCapture,2932982541295448465,frame_captured_main,1765570243758,730,1536,864,43,-1,-1,-1,-1,-1,-1,-1,-1,-1,-1,-1,-1,-1,-1,-1,-1,-1,-1,-1,-1,
1765570244238,CameraCapture,2932982541295448465,frame_captured_tpu,1765570243758,730,300,300,43,-1,-1,-1,-1,-1,-1,-1,-1,-1,-1,-1,-1,-1,-1,-1,-1,-1,-1,-1,-1,
1765570244281,CameraCapture,2932982541295448465,frame_captured_main,1765570243802,731,1536,864,43,-1,-1,-1,-1,-1,-1,-1,-1,-1,-1,-1,-1,-1,-1,-1,-1,-1,-1,-1,-1,
1765570244281,CameraCapture,2932982541295448465,frame_captured_tpu,1765570243802,731,300,300,43,-1,-1,-1,-1,-1,-1,-1,-1,-1,-1,-1,-1,-1,-1,-1,-1,-1,-1,-1,-1,
1765570244325,CameraCapture,2932982541295448465,frame_captured_main,1765570243846,732,1536,864,43,-1,-1,-1,-1,-1,-1,-1,-1,-1,-1,-1,-1,-1,-1,-1,-1,-1,-1,-1,-1,
1765570244325,CameraCapture,2932982541295448465,frame_captured_tpu,1765570243846,732,300,300,43,-1,-1,-1,-1,-1,-1,-1,-1,-1,-1,-1,-1,-1,-1,-1,-1,-1,-1,-1,-1,
1765570244368,CameraCapture,2932982541295448465,frame_captured_main,1765570243890,733,1536,864,43,-1,-1,-1,-1,-1,-1,-1,-1,-1,-1,-1,-1,-1,-1,-1,-1,-1,-1,-1,-1,
1765570244368,CameraCapture,2932982541295448465,frame_captured_tpu,1765570243890,733,300,300,43,-1,-1,-1,-1,-1,-1,-1,-1,-1,-1,-1,-1,-1,-1,-1,-1,-1,-1,-1,-1,
1765570244412,CameraCapture,2932982541295448465,frame_captured_main,1765570243932,734,1536,864,43,-1,-1,-1,-1,-1,-1,-1,-1,-1,-1,-1,-1,-1,-1,-1,-1,-1,-1,-1,-1,
1765570244412,CameraCapture,2932982541295448465,frame_captured_tpu,1765570243932,734,300,300,43,-1,-1,-1,-1,-1,-1,-1,-1,-1,-1,-1,-1,-1,-1,-1,-1,-1,-1,-1,-1,
1765570244456,CameraCapture,2932982541295448465,frame_captured_main,1765570243977,735,1536,864,43,-1,-1,-1,-1,-1,-1,-1,-1,-1,-1,-1,-1,-1,-1,-1,-1,-1,-1,-1,-1,
1765570244456,CameraCapture,2932982541295448465,frame_captured_tpu,1765570243977,735,300,300,43,-1,-1,-1,-1,-1,-1,-1,-1,-1,-1,-1,-1,-1,-1,-1,-1,-1,-1,-1,-1,
1765570244500,CameraCapture,2932982541295448465,frame_captured_main,1765570244021,736,1536,864,43,-1,-1,-1,-1,-1,-1,-1,-1,-1,-1,-1,-1,-1,-1,-1,-1,-1,-1,-1,-1,
1765570244500,CameraCapture,2932982541295448465,frame_captured_tpu,1765570244021,736,300,300,43,-1,-1,-1,-1,-1,-1,-1,-1,-1,-1,-1,-1,-1,-1,-1,-1,-1,-1,-1,-1,
1765570244543,CameraCapture,2932982541295448465,frame_captured_main,1765570244065,737,1536,864,43,-1,-1,-1,-1,-1,-1,-1,-1,-1,-1,-1,-1,-1,-1,-1,-1,-1,-1,-1,-1,
1765570244543,CameraCapture,2932982541295448465,frame_captured_tpu,1765570244065,737,300,300,43,-1,-1,-1,-1,-1,-1,-1,-1,-1,-1,-1,-1,-1,-1,-1,-1,-1,-1,-1,-1,
1765570244588,CameraCapture,2932982541295448465,frame_captured_main,1765570244108,738,1536,864,43,-1,-1,-1,-1,-1,-1,-1,-1,-1,-1,-1,-1,-1,-1,-1,-1,-1,-1,-1,-1,
1765570244588,CameraCapture,2932982541295448465,frame_captured_tpu,1765570244108,738,300,300,43,-1,-1,-1,-1,-1,-1,-1,-1,-1,-1,-1,-1,-1,-1,-1,-1,-1,-1,-1,-1,
1765570244631,CameraCapture,2932982541295448465,frame_captured_main,1765570244152,739,1536,864,43,-1,-1,-1,-1,-1,-1,-1,-1,-1,-1,-1,-1,-1,-1,-1,-1,-1,-1,-1,-1,
1765570244631,CameraCapture,2932982541295448465,frame_captured_tpu,1765570244152,739,300,300,43,-1,-1,-1,-1,-1,-1,-1,-1,-1,-1,-1,-1,-1,-1,-1,-1,-1,-1,-1,-1,
1765570244675,CameraCapture,2932982541295448465,frame_captured_main,1765570244196,740,1536,864,43,-1,-1,-1,-1,-1,-1,-1,-1,-1,-1,-1,-1,-1,-1,-1,-1,-1,-1,-1,-1,
1765570244675,CameraCapture,2932982541295448465,frame_captured_tpu,1765570244196,740,300,300,43,-1,-1,-1,-1,-1,-1,-1,-1,-1,-1,-1,-1,-1,-1,-1,-1,-1,-1,-1,-1,
1765570244718,CameraCapture,2932982541295448465,frame_captured_main,1765570244240,741,1536,864,43,-1,-1,-1,-1,-1,-1,-1,-1,-1,-1,-1,-1,-1,-1,-1,-1,-1,-1,-1,-1,
1765570244718,CameraCapture,2932982541295448465,frame_captured_tpu,1765570244240,741,300,300,43,-1,-1,-1,-1,-1,-1,-1,-1,-1,-1,-1,-1,-1,-1,-1,-1,-1,-1,-1,-1,
1765570244762,CameraCapture,2932982541295448465,frame_captured_main,1765570244282,742,1536,864,43,-1,-1,-1,-1,-1,-1,-1,-1,-1,-1,-1,-1,-1,-1,-1,-1,-1,-1,-1,-1,
1765570244762,CameraCapture,2932982541295448465,frame_captured_tpu,1765570244282,742,300,300,43,-1,-1,-1,-1,-1,-1,-1,-1,-1,-1,-1,-1,-1,-1,-1,-1,-1,-1,-1,-1,
1765570244806,CameraCapture,2932982541295448465,frame_captured_main,1765570244326,743,1536,864,43,-1,-1,-1,-1,-1,-1,-1,-1,-1,-1,-1,-1,-1,-1,-1,-1,-1,-1,-1,-1,
1765570244806,CameraCapture,2932982541295448465,frame_captured_tpu,1765570244326,743,300,300,43,-1,-1,-1,-1,-1,-1,-1,-1,-1,-1,-1,-1,-1,-1,-1,-1,-1,-1,-1,-1,
1765570244850,CameraCapture,2932982541295448465,frame_captured_main,1765570244371,744,1536,864,43,-1,-1,-1,-1,-1,-1,-1,-1,-1,-1,-1,-1,-1,-1,-1,-1,-1,-1,-1,-1,
1765570244850,CameraCapture,2932982541295448465,frame_captured_tpu,1765570244371,744,300,300,43,-1,-1,-1,-1,-1,-1,-1,-1,-1,-1,-1,-1,-1,-1,-1,-1,-1,-1,-1,-1,
1765570244892,CameraCapture,2932982541295448465,frame_captured_main,1765570244414,745,1536,864,43,-1,-1,-1,-1,-1,-1,-1,-1,-1,-1,-1,-1,-1,-1,-1,-1,-1,-1,-1,-1,
1765570244892,CameraCapture,2932982541295448465,frame_captured_tpu,1765570244414,745,300,300,43,-1,-1,-1,-1,-1,-1,-1,-1,-1,-1,-1,-1,-1,-1,-1,-1,-1,-1,-1,-1,
1765570244937,CameraCapture,2932982541295448465,frame_captured_main,1765570244457,746,1536,864,43,-1,-1,-1,-1,-1,-1,-1,-1,-1,-1,-1,-1,-1,-1,-1,-1,-1,-1,-1,-1,
1765570244937,CameraCapture,2932982541295448465,frame_captured_tpu,1765570244457,746,300,300,43,-1,-1,-1,-1,-1,-1,-1,-1,-1,-1,-1,-1,-1,-1,-1,-1,-1,-1,-1,-1,
1765570244981,CameraCapture,2932982541295448465,frame_captured_main,1765570244502,747,1536,864,43,-1,-1,-1,-1,-1,-1,-1,-1,-1,-1,-1,-1,-1,-1,-1,-1,-1,-1,-1,-1,
1765570244981,CameraCapture,2932982541295448465,frame_captured_tpu,1765570244502,747,300,300,43,-1,-1,-1,-1,-1,-1,-1,-1,-1,-1,-1,-1,-1,-1,-1,-1,-1,-1,-1,-1,
1765570245025,CameraCapture,2932982541295448465,frame_captured_main,1765570244545,748,1536,864,43,-1,-1,-1,-1,-1,-1,-1,-1,-1,-1,-1,-1,-1,-1,-1,-1,-1,-1,-1,-1,
1765570245025,CameraCapture,2932982541295448465,frame_captured_tpu,1765570244545,748,300,300,43,-1,-1,-1,-1,-1,-1,-1,-1,-1,-1,-1,-1,-1,-1,-1,-1,-1,-1,-1,-1,
1765570245068,CameraCapture,2932982541295448465,frame_captured_main,1765570244590,749,1536,864,43,-1,-1,-1,-1,-1,-1,-1,-1,-1,-1,-1,-1,-1,-1,-1,-1,-1,-1,-1,-1,
1765570245068,CameraCapture,2932982541295448465,frame_captured_tpu,1765570244590,749,300,300,43,-1,-1,-1,-1,-1,-1,-1,-1,-1,-1,-1,-1,-1,-1,-1,-1,-1,-1,-1,-1,
1765570245112,CameraCapture,2932982541295448465,frame_captured_main,1765570244632,750,1536,864,43,-1,-1,-1,-1,-1,-1,-1,-1,-1,-1,-1,-1,-1,-1,-1,-1,-1,-1,-1,-1,
1765570245112,CameraCapture,2932982541295448465,frame_captured_tpu,1765570244632,750,300,300,43,-1,-1,-1,-1,-1,-1,-1,-1,-1,-1,-1,-1,-1,-1,-1,-1,-1,-1,-1,-1,
1765570245156,CameraCapture,2932982541295448465,frame_captured_main,1765570244677,751,1536,864,43,-1,-1,-1,-1,-1,-1,-1,-1,-1,-1,-1,-1,-1,-1,-1,-1,-1,-1,-1,-1,
1765570245156,CameraCapture,2932982541295448465,frame_captured_tpu,1765570244677,751,300,300,43,-1,-1,-1,-1,-1,-1,-1,-1,-1,-1,-1,-1,-1,-1,-1,-1,-1,-1,-1,-1,
1765570245200,CameraCapture,2932982541295448465,frame_captured_main,1765570244721,752,1536,864,43,-1,-1,-1,-1,-1,-1,-1,-1,-1,-1,-1,-1,-1,-1,-1,-1,-1,-1,-1,-1,
1765570245200,CameraCapture,2932982541295448465,frame_captured_tpu,1765570244721,752,300,300,43,-1,-1,-1,-1,-1,-1,-1,-1,-1,-1,-1,-1,-1,-1,-1,-1,-1,-1,-1,-1,
1765570245242,CameraCapture,2932982541295448465,frame_captured_main,1765570244764,753,1536,864,43,-1,-1,-1,-1,-1,-1,-1,-1,-1,-1,-1,-1,-1,-1,-1,-1,-1,-1,-1,-1,
1765570245242,CameraCapture,2932982541295448465,frame_captured_tpu,1765570244764,753,300,300,43,-1,-1,-1,-1,-1,-1,-1,-1,-1,-1,-1,-1,-1,-1,-1,-1,-1,-1,-1,-1,
1765570245287,CameraCapture,2932982541295448465,frame_captured_main,1765570244807,754,1536,864,43,-1,-1,-1,-1,-1,-1,-1,-1,-1,-1,-1,-1,-1,-1,-1,-1,-1,-1,-1,-1,
1765570245287,CameraCapture,2932982541295448465,frame_captured_tpu,1765570244807,754,300,300,43,-1,-1,-1,-1,-1,-1,-1,-1,-1,-1,-1,-1,-1,-1,-1,-1,-1,-1,-1,-1,
1765570245331,CameraCapture,2932982541295448465,frame_captured_main,1765570244852,755,1536,864,43,-1,-1,-1,-1,-1,-1,-1,-1,-1,-1,-1,-1,-1,-1,-1,-1,-1,-1,-1,-1,
1765570245331,CameraCapture,2932982541295448465,frame_captured_tpu,1765570244852,755,300,300,43,-1,-1,-1,-1,-1,-1,-1,-1,-1,-1,-1,-1,-1,-1,-1,-1,-1,-1,-1,-1,
1765570245375,CameraCapture,2932982541295448465,frame_captured_main,1765570244896,756,1536,864,43,-1,-1,-1,-1,-1,-1,-1,-1,-1,-1,-1,-1,-1,-1,-1,-1,-1,-1,-1,-1,
1765570245375,CameraCapture,2932982541295448465,frame_captured_tpu,1765570244896,756,300,300,43,-1,-1,-1,-1,-1,-1,-1,-1,-1,-1,-1,-1,-1,-1,-1,-1,-1,-1,-1,-1,
1765570245417,CameraCapture,2932982541295448465,frame_captured_main,1765570244939,757,1536,864,43,-1,-1,-1,-1,-1,-1,-1,-1,-1,-1,-1,-1,-1,-1,-1,-1,-1,-1,-1,-1,
1765570245417,CameraCapture,2932982541295448465,frame_captured_tpu,1765570244939,757,300,300,43,-1,-1,-1,-1,-1,-1,-1,-1,-1,-1,-1,-1,-1,-1,-1,-1,-1,-1,-1,-1,
1765570245462,CameraCapture,2932982541295448465,frame_captured_main,1765570244982,758,1536,864,43,-1,-1,-1,-1,-1,-1,-1,-1,-1,-1,-1,-1,-1,-1,-1,-1,-1,-1,-1,-1,
1765570245462,CameraCapture,2932982541295448465,frame_captured_tpu,1765570244982,758,300,300,43,-1,-1,-1,-1,-1,-1,-1,-1,-1,-1,-1,-1,-1,-1,-1,-1,-1,-1,-1,-1,
1765570245506,CameraCapture,2932982541295448465,frame_captured_main,1765570245027,759,1536,864,43,-1,-1,-1,-1,-1,-1,-1,-1,-1,-1,-1,-1,-1,-1,-1,-1,-1,-1,-1,-1,
1765570245506,CameraCapture,2932982541295448465,frame_captured_tpu,1765570245027,759,300,300,43,-1,-1,-1,-1,-1,-1,-1,-1,-1,-1,-1,-1,-1,-1,-1,-1,-1,-1,-1,-1,
1765570245550,CameraCapture,2932982541295448465,frame_captured_main,1765570245071,760,1536,864,43,-1,-1,-1,-1,-1,-1,-1,-1,-1,-1,-1,-1,-1,-1,-1,-1,-1,-1,-1,-1,
1765570245550,CameraCapture,2932982541295448465,frame_captured_tpu,1765570245071,760,300,300,43,-1,-1,-1,-1,-1,-1,-1,-1,-1,-1,-1,-1,-1,-1,-1,-1,-1,-1,-1,-1,
1765570245594,CameraCapture,2932982541295448465,frame_captured_main,1765570245114,761,1536,864,43,-1,-1,-1,-1,-1,-1,-1,-1,-1,-1,-1,-1,-1,-1,-1,-1,-1,-1,-1,-1,
1765570245594,CameraCapture,2932982541295448465,frame_captured_tpu,1765570245114,761,300,300,43,-1,-1,-1,-1,-1,-1,-1,-1,-1,-1,-1,-1,-1,-1,-1,-1,-1,-1,-1,-1,
1765570245637,CameraCapture,2932982541295448465,frame_captured_main,1765570245157,762,1536,864,43,-1,-1,-1,-1,-1,-1,-1,-1,-1,-1,-1,-1,-1,-1,-1,-1,-1,-1,-1,-1,
1765570245637,CameraCapture,2932982541295448465,frame_captured_tpu,1765570245157,762,300,300,43,-1,-1,-1,-1,-1,-1,-1,-1,-1,-1,-1,-1,-1,-1,-1,-1,-1,-1,-1,-1,
1765570245681,CameraCapture,2932982541295448465,frame_captured_main,1765570245202,763,1536,864,43,-1,-1,-1,-1,-1,-1,-1,-1,-1,-1,-1,-1,-1,-1,-1,-1,-1,-1,-1,-1,
1765570245681,CameraCapture,2932982541295448465,frame_captured_tpu,1765570245202,763,300,300,43,-1,-1,-1,-1,-1,-1,-1,-1,-1,-1,-1,-1,-1,-1,-1,-1,-1,-1,-1,-1,
1765570245725,CameraCapture,2932982541295448465,frame_captured_main,1765570245246,764,1536,864,43,-1,-1,-1,-1,-1,-1,-1,-1,-1,-1,-1,-1,-1,-1,-1,-1,-1,-1,-1,-1,
1765570245725,CameraCapture,2932982541295448465,frame_captured_tpu,1765570245246,764,300,300,43,-1,-1,-1,-1,-1,-1,-1,-1,-1,-1,-1,-1,-1,-1,-1,-1,-1,-1,-1,-1,
1765570245768,CameraCapture,2932982541295448465,frame_captured_main,1765570245290,765,1536,864,43,-1,-1,-1,-1,-1,-1,-1,-1,-1,-1,-1,-1,-1,-1,-1,-1,-1,-1,-1,-1,
1765570245768,CameraCapture,2932982541295448465,frame_captured_tpu,1765570245290,765,300,300,43,-1,-1,-1,-1,-1,-1,-1,-1,-1,-1,-1,-1,-1,-1,-1,-1,-1,-1,-1,-1,
1765570245812,CameraCapture,2932982541295448465,frame_captured_main,1765570245332,766,1536,864,43,-1,-1,-1,-1,-1,-1,-1,-1,-1,-1,-1,-1,-1,-1,-1,-1,-1,-1,-1,-1,
1765570245812,CameraCapture,2932982541295448465,frame_captured_tpu,1765570245332,766,300,300,43,-1,-1,-1,-1,-1,-1,-1,-1,-1,-1,-1,-1,-1,-1,-1,-1,-1,-1,-1,-1,
1765570245856,CameraCapture,2932982541295448465,frame_captured_main,1765570245377,767,1536,864,43,-1,-1,-1,-1,-1,-1,-1,-1,-1,-1,-1,-1,-1,-1,-1,-1,-1,-1,-1,-1,
1765570245856,CameraCapture,2932982541295448465,frame_captured_tpu,1765570245377,767,300,300,43,-1,-1,-1,-1,-1,-1,-1,-1,-1,-1,-1,-1,-1,-1,-1,-1,-1,-1,-1,-1,
1765570245900,CameraCapture,2932982541295448465,frame_captured_main,1765570245421,768,1536,864,43,-1,-1,-1,-1,-1,-1,-1,-1,-1,-1,-1,-1,-1,-1,-1,-1,-1,-1,-1,-1,
1765570245900,CameraCapture,2932982541295448465,frame_captured_tpu,1765570245421,768,300,300,43,-1,-1,-1,-1,-1,-1,-1,-1,-1,-1,-1,-1,-1,-1,-1,-1,-1,-1,-1,-1,
1765570245942,CameraCapture,2932982541295448465,frame_captured_main,1765570245463,769,1536,864,43,-1,-1,-1,-1,-1,-1,-1,-1,-1,-1,-1,-1,-1,-1,-1,-1,-1,-1,-1,-1,
1765570245942,CameraCapture,2932982541295448465,frame_captured_tpu,1765570245463,769,300,300,43,-1,-1,-1,-1,-1,-1,-1,-1,-1,-1,-1,-1,-1,-1,-1,-1,-1,-1,-1,-1,
1765570245987,CameraCapture,2932982541295448465,frame_captured_main,1765570245507,770,1536,864,43,-1,-1,-1,-1,-1,-1,-1,-1,-1,-1,-1,-1,-1,-1,-1,-1,-1,-1,-1,-1,
1765570245987,CameraCapture,2932982541295448465,frame_captured_tpu,1765570245507,770,300,300,43,-1,-1,-1,-1,-1,-1,-1,-1,-1,-1,-1,-1,-1,-1,-1,-1,-1,-1,-1,-1,
1765570246031,CameraCapture,2932982541295448465,frame_captured_main,1765570245551,771,1536,864,43,-1,-1,-1,-1,-1,-1,-1,-1,-1,-1,-1,-1,-1,-1,-1,-1,-1,-1,-1,-1,
1765570246031,CameraCapture,2932982541295448465,frame_captured_tpu,1765570245551,771,300,300,43,-1,-1,-1,-1,-1,-1,-1,-1,-1,-1,-1,-1,-1,-1,-1,-1,-1,-1,-1,-1,
1765570246075,CameraCapture,2932982541295448465,frame_captured_main,1765570245596,772,1536,864,43,-1,-1,-1,-1,-1,-1,-1,-1,-1,-1,-1,-1,-1,-1,-1,-1,-1,-1,-1,-1,
1765570246075,CameraCapture,2932982541295448465,frame_captured_tpu,1765570245596,772,300,300,43,-1,-1,-1,-1,-1,-1,-1,-1,-1,-1,-1,-1,-1,-1,-1,-1,-1,-1,-1,-1,
1765570246117,CameraCapture,2932982541295448465,frame_captured_main,1765570245638,773,1536,864,43,-1,-1,-1,-1,-1,-1,-1,-1,-1,-1,-1,-1,-1,-1,-1,-1,-1,-1,-1,-1,
1765570246117,CameraCapture,2932982541295448465,frame_captured_tpu,1765570245638,773,300,300,43,-1,-1,-1,-1,-1,-1,-1,-1,-1,-1,-1,-1,-1,-1,-1,-1,-1,-1,-1,-1,
1765570246162,CameraCapture,2932982541295448465,frame_captured_main,1765570245682,774,1536,864,43,-1,-1,-1,-1,-1,-1,-1,-1,-1,-1,-1,-1,-1,-1,-1,-1,-1,-1,-1,-1,
1765570246162,CameraCapture,2932982541295448465,frame_captured_tpu,1765570245682,774,300,300,43,-1,-1,-1,-1,-1,-1,-1,-1,-1,-1,-1,-1,-1,-1,-1,-1,-1,-1,-1,-1,
1765570246206,CameraCapture,2932982541295448465,frame_captured_main,1765570245727,775,1536,864,43,-1,-1,-1,-1,-1,-1,-1,-1,-1,-1,-1,-1,-1,-1,-1,-1,-1,-1,-1,-1,
1765570246206,CameraCapture,2932982541295448465,frame_captured_tpu,1765570245727,775,300,300,43,-1,-1,-1,-1,-1,-1,-1,-1,-1,-1,-1,-1,-1,-1,-1,-1,-1,-1,-1,-1,
1765570246250,CameraCapture,2932982541295448465,frame_captured_main,1765570245771,776,1536,864,43,-1,-1,-1,-1,-1,-1,-1,-1,-1,-1,-1,-1,-1,-1,-1,-1,-1,-1,-1,-1,
1765570246250,CameraCapture,2932982541295448465,frame_captured_tpu,1765570245771,776,300,300,43,-1,-1,-1,-1,-1,-1,-1,-1,-1,-1,-1,-1,-1,-1,-1,-1,-1,-1,-1,-1,
1765570246292,CameraCapture,2932982541295448465,frame_captured_main,1765570245813,777,1536,864,43,-1,-1,-1,-1,-1,-1,-1,-1,-1,-1,-1,-1,-1,-1,-1,-1,-1,-1,-1,-1,
1765570246292,CameraCapture,2932982541295448465,frame_captured_tpu,1765570245813,777,300,300,43,-1,-1,-1,-1,-1,-1,-1,-1,-1,-1,-1,-1,-1,-1,-1,-1,-1,-1,-1,-1,
1765570246337,CameraCapture,2932982541295448465,frame_captured_main,1765570245857,778,1536,864,43,-1,-1,-1,-1,-1,-1,-1,-1,-1,-1,-1,-1,-1,-1,-1,-1,-1,-1,-1,-1,
1765570246337,CameraCapture,2932982541295448465,frame_captured_tpu,1765570245857,778,300,300,43,-1,-1,-1,-1,-1,-1,-1,-1,-1,-1,-1,-1,-1,-1,-1,-1,-1,-1,-1,-1,
1765570246381,CameraCapture,2932982541295448465,frame_captured_main,1765570245902,779,1536,864,43,-1,-1,-1,-1,-1,-1,-1,-1,-1,-1,-1,-1,-1,-1,-1,-1,-1,-1,-1,-1,
1765570246381,CameraCapture,2932982541295448465,frame_captured_tpu,1765570245902,779,300,300,43,-1,-1,-1,-1,-1,-1,-1,-1,-1,-1,-1,-1,-1,-1,-1,-1,-1,-1,-1,-1,
1765570246425,CameraCapture,2932982541295448465,frame_captured_main,1765570245946,780,1536,864,43,-1,-1,-1,-1,-1,-1,-1,-1,-1,-1,-1,-1,-1,-1,-1,-1,-1,-1,-1,-1,
1765570246425,CameraCapture,2932982541295448465,frame_captured_tpu,1765570245946,780,300,300,43,-1,-1,-1,-1,-1,-1,-1,-1,-1,-1,-1,-1,-1,-1,-1,-1,-1,-1,-1,-1,
1765570246467,CameraCapture,2932982541295448465,frame_captured_main,1765570245988,781,1536,864,43,-1,-1,-1,-1,-1,-1,-1,-1,-1,-1,-1,-1,-1,-1,-1,-1,-1,-1,-1,-1,
1765570246467,CameraCapture,2932982541295448465,frame_captured_tpu,1765570245988,781,300,300,43,-1,-1,-1,-1,-1,-1,-1,-1,-1,-1,-1,-1,-1,-1,-1,-1,-1,-1,-1,-1,
1765570246513,CameraCapture,2932982541295448465,frame_captured_main,1765570246033,782,1536,864,43,-1,-1,-1,-1,-1,-1,-1,-1,-1,-1,-1,-1,-1,-1,-1,-1,-1,-1,-1,-1,
1765570246513,CameraCapture,2932982541295448465,frame_captured_tpu,1765570246033,782,300,300,43,-1,-1,-1,-1,-1,-1,-1,-1,-1,-1,-1,-1,-1,-1,-1,-1,-1,-1,-1,-1,
1765570246557,CameraCapture,2932982541295448465,frame_captured_main,1765570246077,783,1536,864,43,-1,-1,-1,-1,-1,-1,-1,-1,-1,-1,-1,-1,-1,-1,-1,-1,-1,-1,-1,-1,
1765570246557,CameraCapture,2932982541295448465,frame_captured_tpu,1765570246077,783,300,300,43,-1,-1,-1,-1,-1,-1,-1,-1,-1,-1,-1,-1,-1,-1,-1,-1,-1,-1,-1,-1,
1765570246599,CameraCapture,2932982541295448465,frame_captured_main,1765570246120,784,1536,864,43,-1,-1,-1,-1,-1,-1,-1,-1,-1,-1,-1,-1,-1,-1,-1,-1,-1,-1,-1,-1,
1765570246599,CameraCapture,2932982541295448465,frame_captured_tpu,1765570246120,784,300,300,43,-1,-1,-1,-1,-1,-1,-1,-1,-1,-1,-1,-1,-1,-1,-1,-1,-1,-1,-1,-1,
1765570246642,CameraCapture,2932982541295448465,frame_captured_main,1765570246163,785,1536,864,43,-1,-1,-1,-1,-1,-1,-1,-1,-1,-1,-1,-1,-1,-1,-1,-1,-1,-1,-1,-1,
1765570246642,CameraCapture,2932982541295448465,frame_captured_tpu,1765570246163,785,300,300,43,-1,-1,-1,-1,-1,-1,-1,-1,-1,-1,-1,-1,-1,-1,-1,-1,-1,-1,-1,-1,
1765570246687,CameraCapture,2932982541295448465,frame_captured_main,1765570246207,786,1536,864,43,-1,-1,-1,-1,-1,-1,-1,-1,-1,-1,-1,-1,-1,-1,-1,-1,-1,-1,-1,-1,
1765570246687,CameraCapture,2932982541295448465,frame_captured_tpu,1765570246207,786,300,300,43,-1,-1,-1,-1,-1,-1,-1,-1,-1,-1,-1,-1,-1,-1,-1,-1,-1,-1,-1,-1,
1765570246731,CameraCapture,2932982541295448465,frame_captured_main,1765570246252,787,1536,864,43,-1,-1,-1,-1,-1,-1,-1,-1,-1,-1,-1,-1,-1,-1,-1,-1,-1,-1,-1,-1,
1765570246731,CameraCapture,2932982541295448465,frame_captured_tpu,1765570246252,787,300,300,43,-1,-1,-1,-1,-1,-1,-1,-1,-1,-1,-1,-1,-1,-1,-1,-1,-1,-1,-1,-1,
1765570246775,CameraCapture,2932982541295448465,frame_captured_main,1765570246295,788,1536,864,43,-1,-1,-1,-1,-1,-1,-1,-1,-1,-1,-1,-1,-1,-1,-1,-1,-1,-1,-1,-1,
1765570246775,CameraCapture,2932982541295448465,frame_captured_tpu,1765570246295,788,300,300,43,-1,-1,-1,-1,-1,-1,-1,-1,-1,-1,-1,-1,-1,-1,-1,-1,-1,-1,-1,-1,
1765570246817,CameraCapture,2932982541295448465,frame_captured_main,1765570246338,789,1536,864,43,-1,-1,-1,-1,-1,-1,-1,-1,-1,-1,-1,-1,-1,-1,-1,-1,-1,-1,-1,-1,
1765570246817,CameraCapture,2932982541295448465,frame_captured_tpu,1765570246338,789,300,300,43,-1,-1,-1,-1,-1,-1,-1,-1,-1,-1,-1,-1,-1,-1,-1,-1,-1,-1,-1,-1,
1765570246862,CameraCapture,2932982541295448465,frame_captured_main,1765570246382,790,1536,864,43,-1,-1,-1,-1,-1,-1,-1,-1,-1,-1,-1,-1,-1,-1,-1,-1,-1,-1,-1,-1,
1765570246862,CameraCapture,2932982541295448465,frame_captured_tpu,1765570246382,790,300,300,43,-1,-1,-1,-1,-1,-1,-1,-1,-1,-1,-1,-1,-1,-1,-1,-1,-1,-1,-1,-1,
1765570246905,CameraCapture,2932982541295448465,frame_captured_main,1765570246426,791,1536,864,43,-1,-1,-1,-1,-1,-1,-1,-1,-1,-1,-1,-1,-1,-1,-1,-1,-1,-1,-1,-1,
1765570246905,CameraCapture,2932982541295448465,frame_captured_tpu,1765570246426,791,300,300,43,-1,-1,-1,-1,-1,-1,-1,-1,-1,-1,-1,-1,-1,-1,-1,-1,-1,-1,-1,-1,
1765570246949,CameraCapture,2932982541295448465,frame_captured_main,1765570246470,792,1536,864,43,-1,-1,-1,-1,-1,-1,-1,-1,-1,-1,-1,-1,-1,-1,-1,-1,-1,-1,-1,-1,
1765570246949,CameraCapture,2932982541295448465,frame_captured_tpu,1765570246470,792,300,300,43,-1,-1,-1,-1,-1,-1,-1,-1,-1,-1,-1,-1,-1,-1,-1,-1,-1,-1,-1,-1,
1765570246993,CameraCapture,2932982541295448465,frame_captured_main,1765570246514,793,1536,864,43,-1,-1,-1,-1,-1,-1,-1,-1,-1,-1,-1,-1,-1,-1,-1,-1,-1,-1,-1,-1,
1765570246993,CameraCapture,2932982541295448465,frame_captured_tpu,1765570246514,793,300,300,43,-1,-1,-1,-1,-1,-1,-1,-1,-1,-1,-1,-1,-1,-1,-1,-1,-1,-1,-1,-1,
1765570247038,CameraCapture,2932982541295448465,frame_captured_main,1765570246557,794,1536,864,43,-1,-1,-1,-1,-1,-1,-1,-1,-1,-1,-1,-1,-1,-1,-1,-1,-1,-1,-1,-1,
1765570247038,CameraCapture,2932982541295448465,frame_captured_tpu,1765570246557,794,300,300,43,-1,-1,-1,-1,-1,-1,-1,-1,-1,-1,-1,-1,-1,-1,-1,-1,-1,-1,-1,-1,
1765570247080,CameraCapture,2932982541295448465,frame_captured_main,1765570246601,795,1536,864,43,-1,-1,-1,-1,-1,-1,-1,-1,-1,-1,-1,-1,-1,-1,-1,-1,-1,-1,-1,-1,
1765570247080,CameraCapture,2932982541295448465,frame_captured_tpu,1765570246601,795,300,300,43,-1,-1,-1,-1,-1,-1,-1,-1,-1,-1,-1,-1,-1,-1,-1,-1,-1,-1,-1,-1,
1765570247124,CameraCapture,2932982541295448465,frame_captured_main,1765570246645,796,1536,864,43,-1,-1,-1,-1,-1,-1,-1,-1,-1,-1,-1,-1,-1,-1,-1,-1,-1,-1,-1,-1,
1765570247124,CameraCapture,2932982541295448465,frame_captured_tpu,1765570246645,796,300,300,43,-1,-1,-1,-1,-1,-1,-1,-1,-1,-1,-1,-1,-1,-1,-1,-1,-1,-1,-1,-1,
1765570247167,CameraCapture,2932982541295448465,frame_captured_main,1765570246688,797,1536,864,43,-1,-1,-1,-1,-1,-1,-1,-1,-1,-1,-1,-1,-1,-1,-1,-1,-1,-1,-1,-1,
1765570247167,CameraCapture,2932982541295448465,frame_captured_tpu,1765570246688,797,300,300,43,-1,-1,-1,-1,-1,-1,-1,-1,-1,-1,-1,-1,-1,-1,-1,-1,-1,-1,-1,-1,
1765570247212,CameraCapture,2932982541295448465,frame_captured_main,1765570246732,798,1536,864,43,-1,-1,-1,-1,-1,-1,-1,-1,-1,-1,-1,-1,-1,-1,-1,-1,-1,-1,-1,-1,
1765570247212,CameraCapture,2932982541295448465,frame_captured_tpu,1765570246732,798,300,300,43,-1,-1,-1,-1,-1,-1,-1,-1,-1,-1,-1,-1,-1,-1,-1,-1,-1,-1,-1,-1,
1765570247255,CameraCapture,2932982541295448465,frame_captured_main,1765570246776,799,1536,864,43,-1,-1,-1,-1,-1,-1,-1,-1,-1,-1,-1,-1,-1,-1,-1,-1,-1,-1,-1,-1,
1765570247255,CameraCapture,2932982541295448465,frame_captured_tpu,1765570246776,799,300,300,43,-1,-1,-1,-1,-1,-1,-1,-1,-1,-1,-1,-1,-1,-1,-1,-1,-1,-1,-1,-1,
1765570247300,CameraCapture,2932982541295448465,frame_captured_main,1765570246821,800,1536,864,43,-1,-1,-1,-1,-1,-1,-1,-1,-1,-1,-1,-1,-1,-1,-1,-1,-1,-1,-1,-1,
1765570247300,CameraCapture,2932982541295448465,frame_captured_tpu,1765570246821,800,300,300,43,-1,-1,-1,-1,-1,-1,-1,-1,-1,-1,-1,-1,-1,-1,-1,-1,-1,-1,-1,-1,
1765570247342,CameraCapture,2932982541295448465,frame_captured_main,1765570246863,801,1536,864,43,-1,-1,-1,-1,-1,-1,-1,-1,-1,-1,-1,-1,-1,-1,-1,-1,-1,-1,-1,-1,
1765570247342,CameraCapture,2932982541295448465,frame_captured_tpu,1765570246863,801,300,300,43,-1,-1,-1,-1,-1,-1,-1,-1,-1,-1,-1,-1,-1,-1,-1,-1,-1,-1,-1,-1,
1765570247387,CameraCapture,2932982541295448465,frame_captured_main,1765570246907,802,1536,864,43,-1,-1,-1,-1,-1,-1,-1,-1,-1,-1,-1,-1,-1,-1,-1,-1,-1,-1,-1,-1,
1765570247387,CameraCapture,2932982541295448465,frame_captured_tpu,1765570246907,802,300,300,43,-1,-1,-1,-1,-1,-1,-1,-1,-1,-1,-1,-1,-1,-1,-1,-1,-1,-1,-1,-1,
1765570247430,CameraCapture,2932982541295448465,frame_captured_main,1765570246951,803,1536,864,43,-1,-1,-1,-1,-1,-1,-1,-1,-1,-1,-1,-1,-1,-1,-1,-1,-1,-1,-1,-1,
1765570247430,CameraCapture,2932982541295448465,frame_captured_tpu,1765570246951,803,300,300,43,-1,-1,-1,-1,-1,-1,-1,-1,-1,-1,-1,-1,-1,-1,-1,-1,-1,-1,-1,-1,
1765570247475,CameraCapture,2932982541295448465,frame_captured_main,1765570246994,804,1536,864,43,-1,-1,-1,-1,-1,-1,-1,-1,-1,-1,-1,-1,-1,-1,-1,-1,-1,-1,-1,-1,
1765570247475,CameraCapture,2932982541295448465,frame_captured_tpu,1765570246994,804,300,300,43,-1,-1,-1,-1,-1,-1,-1,-1,-1,-1,-1,-1,-1,-1,-1,-1,-1,-1,-1,-1,
1765570247517,CameraCapture,2932982541295448465,frame_captured_main,1765570247038,805,1536,864,43,-1,-1,-1,-1,-1,-1,-1,-1,-1,-1,-1,-1,-1,-1,-1,-1,-1,-1,-1,-1,
1765570247517,CameraCapture,2932982541295448465,frame_captured_tpu,1765570247038,805,300,300,43,-1,-1,-1,-1,-1,-1,-1,-1,-1,-1,-1,-1,-1,-1,-1,-1,-1,-1,-1,-1,
1765570247562,CameraCapture,2932982541295448465,frame_captured_main,1765570247082,806,1536,864,43,-1,-1,-1,-1,-1,-1,-1,-1,-1,-1,-1,-1,-1,-1,-1,-1,-1,-1,-1,-1,
1765570247562,CameraCapture,2932982541295448465,frame_captured_tpu,1765570247082,806,300,300,43,-1,-1,-1,-1,-1,-1,-1,-1,-1,-1,-1,-1,-1,-1,-1,-1,-1,-1,-1,-1,
1765570247605,CameraCapture,2932982541295448465,frame_captured_main,1765570247126,807,1536,864,43,-1,-1,-1,-1,-1,-1,-1,-1,-1,-1,-1,-1,-1,-1,-1,-1,-1,-1,-1,-1,
1765570247605,CameraCapture,2932982541295448465,frame_captured_tpu,1765570247126,807,300,300,43,-1,-1,-1,-1,-1,-1,-1,-1,-1,-1,-1,-1,-1,-1,-1,-1,-1,-1,-1,-1,
1765570247649,CameraCapture,2932982541295448465,frame_captured_main,1765570247169,808,1536,864,43,-1,-1,-1,-1,-1,-1,-1,-1,-1,-1,-1,-1,-1,-1,-1,-1,-1,-1,-1,-1,
1765570247649,CameraCapture,2932982541295448465,frame_captured_tpu,1765570247169,808,300,300,43,-1,-1,-1,-1,-1,-1,-1,-1,-1,-1,-1,-1,-1,-1,-1,-1,-1,-1,-1,-1,
1765570247692,CameraCapture,2932982541295448465,frame_captured_main,1765570247213,809,1536,864,43,-1,-1,-1,-1,-1,-1,-1,-1,-1,-1,-1,-1,-1,-1,-1,-1,-1,-1,-1,-1,
1765570247692,CameraCapture,2932982541295448465,frame_captured_tpu,1765570247213,809,300,300,43,-1,-1,-1,-1,-1,-1,-1,-1,-1,-1,-1,-1,-1,-1,-1,-1,-1,-1,-1,-1,
1765570247737,CameraCapture,2932982541295448465,frame_captured_main,1765570247257,810,1536,864,43,-1,-1,-1,-1,-1,-1,-1,-1,-1,-1,-1,-1,-1,-1,-1,-1,-1,-1,-1,-1,
1765570247737,CameraCapture,2932982541295448465,frame_captured_tpu,1765570247257,810,300,300,43,-1,-1,-1,-1,-1,-1,-1,-1,-1,-1,-1,-1,-1,-1,-1,-1,-1,-1,-1,-1,
1765570247780,CameraCapture,2932982541295448465,frame_captured_main,1765570247301,811,1536,864,43,-1,-1,-1,-1,-1,-1,-1,-1,-1,-1,-1,-1,-1,-1,-1,-1,-1,-1,-1,-1,
1765570247780,CameraCapture,2932982541295448465,frame_captured_tpu,1765570247301,811,300,300,43,-1,-1,-1,-1,-1,-1,-1,-1,-1,-1,-1,-1,-1,-1,-1,-1,-1,-1,-1,-1,
1765570247824,CameraCapture,2932982541295448465,frame_captured_main,1765570247344,812,1536,864,43,-1,-1,-1,-1,-1,-1,-1,-1,-1,-1,-1,-1,-1,-1,-1,-1,-1,-1,-1,-1,
1765570247824,CameraCapture,2932982541295448465,frame_captured_tpu,1765570247344,812,300,300,43,-1,-1,-1,-1,-1,-1,-1,-1,-1,-1,-1,-1,-1,-1,-1,-1,-1,-1,-1,-1,
1765570247867,CameraCapture,2932982541295448465,frame_captured_main,1765570247388,813,1536,864,43,-1,-1,-1,-1,-1,-1,-1,-1,-1,-1,-1,-1,-1,-1,-1,-1,-1,-1,-1,-1,
1765570247867,CameraCapture,2932982541295448465,frame_captured_tpu,1765570247388,813,300,300,43,-1,-1,-1,-1,-1,-1,-1,-1,-1,-1,-1,-1,-1,-1,-1,-1,-1,-1,-1,-1,
1765570247912,CameraCapture,2932982541295448465,frame_captured_main,1765570247433,814,1536,864,43,-1,-1,-1,-1,-1,-1,-1,-1,-1,-1,-1,-1,-1,-1,-1,-1,-1,-1,-1,-1,
1765570247912,CameraCapture,2932982541295448465,frame_captured_tpu,1765570247433,814,300,300,43,-1,-1,-1,-1,-1,-1,-1,-1,-1,-1,-1,-1,-1,-1,-1,-1,-1,-1,-1,-1,
1765570247956,CameraCapture,2932982541295448465,frame_captured_main,1765570247477,815,1536,864,43,-1,-1,-1,-1,-1,-1,-1,-1,-1,-1,-1,-1,-1,-1,-1,-1,-1,-1,-1,-1,
1765570247956,CameraCapture,2932982541295448465,frame_captured_tpu,1765570247477,815,300,300,43,-1,-1,-1,-1,-1,-1,-1,-1,-1,-1,-1,-1,-1,-1,-1,-1,-1,-1,-1,-1,
1765570247999,CameraCapture,2932982541295448465,frame_captured_main,1765570247519,816,1536,864,43,-1,-1,-1,-1,-1,-1,-1,-1,-1,-1,-1,-1,-1,-1,-1,-1,-1,-1,-1,-1,
1765570247999,CameraCapture,2932982541295448465,frame_captured_tpu,1765570247519,816,300,300,43,-1,-1,-1,-1,-1,-1,-1,-1,-1,-1,-1,-1,-1,-1,-1,-1,-1,-1,-1,-1,
1765570248042,CameraCapture,2932982541295448465,frame_captured_main,1765570247563,817,1536,864,43,-1,-1,-1,-1,-1,-1,-1,-1,-1,-1,-1,-1,-1,-1,-1,-1,-1,-1,-1,-1,
1765570248042,CameraCapture,2932982541295448465,frame_captured_tpu,1765570247563,817,300,300,43,-1,-1,-1,-1,-1,-1,-1,-1,-1,-1,-1,-1,-1,-1,-1,-1,-1,-1,-1,-1,
1765570248087,CameraCapture,2932982541295448465,frame_captured_main,1765570247608,818,1536,864,43,-1,-1,-1,-1,-1,-1,-1,-1,-1,-1,-1,-1,-1,-1,-1,-1,-1,-1,-1,-1,
1765570248087,CameraCapture,2932982541295448465,frame_captured_tpu,1765570247608,818,300,300,43,-1,-1,-1,-1,-1,-1,-1,-1,-1,-1,-1,-1,-1,-1,-1,-1,-1,-1,-1,-1,
1765570248130,CameraCapture,2932982541295448465,frame_captured_main,1765570247651,819,1536,864,43,-1,-1,-1,-1,-1,-1,-1,-1,-1,-1,-1,-1,-1,-1,-1,-1,-1,-1,-1,-1,
1765570248130,CameraCapture,2932982541295448465,frame_captured_tpu,1765570247651,819,300,300,43,-1,-1,-1,-1,-1,-1,-1,-1,-1,-1,-1,-1,-1,-1,-1,-1,-1,-1,-1,-1,
1765570248174,CameraCapture,2932982541295448465,frame_captured_main,1765570247694,820,1536,864,43,-1,-1,-1,-1,-1,-1,-1,-1,-1,-1,-1,-1,-1,-1,-1,-1,-1,-1,-1,-1,
1765570248174,CameraCapture,2932982541295448465,frame_captured_tpu,1765570247694,820,300,300,43,-1,-1,-1,-1,-1,-1,-1,-1,-1,-1,-1,-1,-1,-1,-1,-1,-1,-1,-1,-1,
1765570248217,CameraCapture,2932982541295448465,frame_captured_main,1765570247739,821,1536,864,43,-1,-1,-1,-1,-1,-1,-1,-1,-1,-1,-1,-1,-1,-1,-1,-1,-1,-1,-1,-1,
1765570248217,CameraCapture,2932982541295448465,frame_captured_tpu,1765570247739,821,300,300,43,-1,-1,-1,-1,-1,-1,-1,-1,-1,-1,-1,-1,-1,-1,-1,-1,-1,-1,-1,-1,
1765570248262,CameraCapture,2932982541295448465,frame_captured_main,1765570247783,822,1536,864,43,-1,-1,-1,-1,-1,-1,-1,-1,-1,-1,-1,-1,-1,-1,-1,-1,-1,-1,-1,-1,
1765570248262,CameraCapture,2932982541295448465,frame_captured_tpu,1765570247783,822,300,300,43,-1,-1,-1,-1,-1,-1,-1,-1,-1,-1,-1,-1,-1,-1,-1,-1,-1,-1,-1,-1,
1765570248305,CameraCapture,2932982541295448465,frame_captured_main,1765570247826,823,1536,864,43,-1,-1,-1,-1,-1,-1,-1,-1,-1,-1,-1,-1,-1,-1,-1,-1,-1,-1,-1,-1,
1765570248305,CameraCapture,2932982541295448465,frame_captured_tpu,1765570247826,823,300,300,43,-1,-1,-1,-1,-1,-1,-1,-1,-1,-1,-1,-1,-1,-1,-1,-1,-1,-1,-1,-1,
1765570248350,CameraCapture,2932982541295448465,frame_captured_main,1765570247870,824,1536,864,43,-1,-1,-1,-1,-1,-1,-1,-1,-1,-1,-1,-1,-1,-1,-1,-1,-1,-1,-1,-1,
1765570248350,CameraCapture,2932982541295448465,frame_captured_tpu,1765570247870,824,300,300,43,-1,-1,-1,-1,-1,-1,-1,-1,-1,-1,-1,-1,-1,-1,-1,-1,-1,-1,-1,-1,
1765570248392,CameraCapture,2932982541295448465,frame_captured_main,1765570247913,825,1536,864,43,-1,-1,-1,-1,-1,-1,-1,-1,-1,-1,-1,-1,-1,-1,-1,-1,-1,-1,-1,-1,
1765570248392,CameraCapture,2932982541295448465,frame_captured_tpu,1765570247913,825,300,300,43,-1,-1,-1,-1,-1,-1,-1,-1,-1,-1,-1,-1,-1,-1,-1,-1,-1,-1,-1,-1,
1765570248437,CameraCapture,2932982541295448465,frame_captured_main,1765570247957,826,1536,864,43,-1,-1,-1,-1,-1,-1,-1,-1,-1,-1,-1,-1,-1,-1,-1,-1,-1,-1,-1,-1,
1765570248437,CameraCapture,2932982541295448465,frame_captured_tpu,1765570247957,826,300,300,43,-1,-1,-1,-1,-1,-1,-1,-1,-1,-1,-1,-1,-1,-1,-1,-1,-1,-1,-1,-1,
1765570248480,CameraCapture,2932982541295448465,frame_captured_main,1765570248001,827,1536,864,43,-1,-1,-1,-1,-1,-1,-1,-1,-1,-1,-1,-1,-1,-1,-1,-1,-1,-1,-1,-1,
1765570248480,CameraCapture,2932982541295448465,frame_captured_tpu,1765570248001,827,300,300,43,-1,-1,-1,-1,-1,-1,-1,-1,-1,-1,-1,-1,-1,-1,-1,-1,-1,-1,-1,-1,
1765570248524,CameraCapture,2932982541295448465,frame_captured_main,1765570248044,828,1536,864,43,-1,-1,-1,-1,-1,-1,-1,-1,-1,-1,-1,-1,-1,-1,-1,-1,-1,-1,-1,-1,
1765570248524,CameraCapture,2932982541295448465,frame_captured_tpu,1765570248044,828,300,300,43,-1,-1,-1,-1,-1,-1,-1,-1,-1,-1,-1,-1,-1,-1,-1,-1,-1,-1,-1,-1,
1765570248567,CameraCapture,2932982541295448465,frame_captured_main,1765570248088,829,1536,864,43,-1,-1,-1,-1,-1,-1,-1,-1,-1,-1,-1,-1,-1,-1,-1,-1,-1,-1,-1,-1,
1765570248567,CameraCapture,2932982541295448465,frame_captured_tpu,1765570248088,829,300,300,43,-1,-1,-1,-1,-1,-1,-1,-1,-1,-1,-1,-1,-1,-1,-1,-1,-1,-1,-1,-1,
1765570248612,CameraCapture,2932982541295448465,frame_captured_main,1765570248133,830,1536,864,43,-1,-1,-1,-1,-1,-1,-1,-1,-1,-1,-1,-1,-1,-1,-1,-1,-1,-1,-1,-1,
1765570248612,CameraCapture,2932982541295448465,frame_captured_tpu,1765570248133,830,300,300,43,-1,-1,-1,-1,-1,-1,-1,-1,-1,-1,-1,-1,-1,-1,-1,-1,-1,-1,-1,-1,
1765570248655,CameraCapture,2932982541295448465,frame_captured_main,1765570248176,831,1536,864,43,-1,-1,-1,-1,-1,-1,-1,-1,-1,-1,-1,-1,-1,-1,-1,-1,-1,-1,-1,-1,
1765570248655,CameraCapture,2932982541295448465,frame_captured_tpu,1765570248176,831,300,300,43,-1,-1,-1,-1,-1,-1,-1,-1,-1,-1,-1,-1,-1,-1,-1,-1,-1,-1,-1,-1,
1765570248700,CameraCapture,2932982541295448465,frame_captured_main,1765570248219,832,1536,864,43,-1,-1,-1,-1,-1,-1,-1,-1,-1,-1,-1,-1,-1,-1,-1,-1,-1,-1,-1,-1,
1765570248700,CameraCapture,2932982541295448465,frame_captured_tpu,1765570248219,832,300,300,43,-1,-1,-1,-1,-1,-1,-1,-1,-1,-1,-1,-1,-1,-1,-1,-1,-1,-1,-1,-1,
1765570248742,CameraCapture,2932982541295448465,frame_captured_main,1765570248263,833,1536,864,43,-1,-1,-1,-1,-1,-1,-1,-1,-1,-1,-1,-1,-1,-1,-1,-1,-1,-1,-1,-1,
1765570248742,CameraCapture,2932982541295448465,frame_captured_tpu,1765570248263,833,300,300,43,-1,-1,-1,-1,-1,-1,-1,-1,-1,-1,-1,-1,-1,-1,-1,-1,-1,-1,-1,-1,
1765570248787,CameraCapture,2932982541295448465,frame_captured_main,1765570248308,834,1536,864,43,-1,-1,-1,-1,-1,-1,-1,-1,-1,-1,-1,-1,-1,-1,-1,-1,-1,-1,-1,-1,
1765570248787,CameraCapture,2932982541295448465,frame_captured_tpu,1765570248308,834,300,300,43,-1,-1,-1,-1,-1,-1,-1,-1,-1,-1,-1,-1,-1,-1,-1,-1,-1,-1,-1,-1,
1765570248830,CameraCapture,2932982541295448465,frame_captured_main,1765570248351,835,1536,864,43,-1,-1,-1,-1,-1,-1,-1,-1,-1,-1,-1,-1,-1,-1,-1,-1,-1,-1,-1,-1,
1765570248830,CameraCapture,2932982541295448465,frame_captured_tpu,1765570248351,835,300,300,43,-1,-1,-1,-1,-1,-1,-1,-1,-1,-1,-1,-1,-1,-1,-1,-1,-1,-1,-1,-1,
1765570248874,CameraCapture,2932982541295448465,frame_captured_main,1765570248394,836,1536,864,43,-1,-1,-1,-1,-1,-1,-1,-1,-1,-1,-1,-1,-1,-1,-1,-1,-1,-1,-1,-1,
1765570248874,CameraCapture,2932982541295448465,frame_captured_tpu,1765570248394,836,300,300,43,-1,-1,-1,-1,-1,-1,-1,-1,-1,-1,-1,-1,-1,-1,-1,-1,-1,-1,-1,-1,
1765570248917,CameraCapture,2932982541295448465,frame_captured_main,1765570248438,837,1536,864,43,-1,-1,-1,-1,-1,-1,-1,-1,-1,-1,-1,-1,-1,-1,-1,-1,-1,-1,-1,-1,
1765570248917,CameraCapture,2932982541295448465,frame_captured_tpu,1765570248438,837,300,300,43,-1,-1,-1,-1,-1,-1,-1,-1,-1,-1,-1,-1,-1,-1,-1,-1,-1,-1,-1,-1,
1765570248962,CameraCapture,2932982541295448465,frame_captured_main,1765570248483,838,1536,864,43,-1,-1,-1,-1,-1,-1,-1,-1,-1,-1,-1,-1,-1,-1,-1,-1,-1,-1,-1,-1,
1765570248962,CameraCapture,2932982541295448465,frame_captured_tpu,1765570248483,838,300,300,43,-1,-1,-1,-1,-1,-1,-1,-1,-1,-1,-1,-1,-1,-1,-1,-1,-1,-1,-1,-1,
1765570249005,CameraCapture,2932982541295448465,frame_captured_main,1765570248526,839,1536,864,43,-1,-1,-1,-1,-1,-1,-1,-1,-1,-1,-1,-1,-1,-1,-1,-1,-1,-1,-1,-1,
1765570249005,CameraCapture,2932982541295448465,frame_captured_tpu,1765570248526,839,300,300,43,-1,-1,-1,-1,-1,-1,-1,-1,-1,-1,-1,-1,-1,-1,-1,-1,-1,-1,-1,-1,
1765570249049,CameraCapture,2932982541295448465,frame_captured_main,1765570248569,840,1536,864,43,-1,-1,-1,-1,-1,-1,-1,-1,-1,-1,-1,-1,-1,-1,-1,-1,-1,-1,-1,-1,
1765570249049,CameraCapture,2932982541295448465,frame_captured_tpu,1765570248569,840,300,300,43,-1,-1,-1,-1,-1,-1,-1,-1,-1,-1,-1,-1,-1,-1,-1,-1,-1,-1,-1,-1,
1765570249092,CameraCapture,2932982541295448465,frame_captured_main,1765570248614,841,1536,864,43,-1,-1,-1,-1,-1,-1,-1,-1,-1,-1,-1,-1,-1,-1,-1,-1,-1,-1,-1,-1,
1765570249092,CameraCapture,2932982541295448465,frame_captured_tpu,1765570248614,841,300,300,43,-1,-1,-1,-1,-1,-1,-1,-1,-1,-1,-1,-1,-1,-1,-1,-1,-1,-1,-1,-1,
1765570249138,CameraCapture,2932982541295448465,frame_captured_main,1765570248658,842,1536,864,43,-1,-1,-1,-1,-1,-1,-1,-1,-1,-1,-1,-1,-1,-1,-1,-1,-1,-1,-1,-1,
1765570249138,CameraCapture,2932982541295448465,frame_captured_tpu,1765570248658,842,300,300,43,-1,-1,-1,-1,-1,-1,-1,-1,-1,-1,-1,-1,-1,-1,-1,-1,-1,-1,-1,-1,
1765570249180,CameraCapture,2932982541295448465,frame_captured_main,1765570248700,843,1536,864,43,-1,-1,-1,-1,-1,-1,-1,-1,-1,-1,-1,-1,-1,-1,-1,-1,-1,-1,-1,-1,
1765570249180,CameraCapture,2932982541295448465,frame_captured_tpu,1765570248700,843,300,300,43,-1,-1,-1,-1,-1,-1,-1,-1,-1,-1,-1,-1,-1,-1,-1,-1,-1,-1,-1,-1,
1765570249224,CameraCapture,2932982541295448465,frame_captured_main,1765570248744,844,1536,864,43,-1,-1,-1,-1,-1,-1,-1,-1,-1,-1,-1,-1,-1,-1,-1,-1,-1,-1,-1,-1,
1765570249224,CameraCapture,2932982541295448465,frame_captured_tpu,1765570248744,844,300,300,43,-1,-1,-1,-1,-1,-1,-1,-1,-1,-1,-1,-1,-1,-1,-1,-1,-1,-1,-1,-1,
1765570249267,CameraCapture,2932982541295448465,frame_captured_main,1765570248789,845,1536,864,43,-1,-1,-1,-1,-1,-1,-1,-1,-1,-1,-1,-1,-1,-1,-1,-1,-1,-1,-1,-1,
1765570249267,CameraCapture,2932982541295448465,frame_captured_tpu,1765570248789,845,300,300,43,-1,-1,-1,-1,-1,-1,-1,-1,-1,-1,-1,-1,-1,-1,-1,-1,-1,-1,-1,-1,
1765570249312,CameraCapture,2932982541295448465,frame_captured_main,1765570248832,846,1536,864,43,-1,-1,-1,-1,-1,-1,-1,-1,-1,-1,-1,-1,-1,-1,-1,-1,-1,-1,-1,-1,
1765570249312,CameraCapture,2932982541295448465,frame_captured_tpu,1765570248832,846,300,300,43,-1,-1,-1,-1,-1,-1,-1,-1,-1,-1,-1,-1,-1,-1,-1,-1,-1,-1,-1,-1,
1765570249355,CameraCapture,2932982541295448465,frame_captured_main,1765570248875,847,1536,864,43,-1,-1,-1,-1,-1,-1,-1,-1,-1,-1,-1,-1,-1,-1,-1,-1,-1,-1,-1,-1,
1765570249355,CameraCapture,2932982541295448465,frame_captured_tpu,1765570248875,847,300,300,43,-1,-1,-1,-1,-1,-1,-1,-1,-1,-1,-1,-1,-1,-1,-1,-1,-1,-1,-1,-1,
1765570249400,CameraCapture,2932982541295448465,frame_captured_main,1765570248920,848,1536,864,43,-1,-1,-1,-1,-1,-1,-1,-1,-1,-1,-1,-1,-1,-1,-1,-1,-1,-1,-1,-1,
1765570249400,CameraCapture,2932982541295448465,frame_captured_tpu,1765570248920,848,300,300,43,-1,-1,-1,-1,-1,-1,-1,-1,-1,-1,-1,-1,-1,-1,-1,-1,-1,-1,-1,-1,
1765570249442,CameraCapture,2932982541295448465,frame_captured_main,1765570248964,849,1536,864,43,-1,-1,-1,-1,-1,-1,-1,-1,-1,-1,-1,-1,-1,-1,-1,-1,-1,-1,-1,-1,
1765570249442,CameraCapture,2932982541295448465,frame_captured_tpu,1765570248964,849,300,300,43,-1,-1,-1,-1,-1,-1,-1,-1,-1,-1,-1,-1,-1,-1,-1,-1,-1,-1,-1,-1,
1765570249487,CameraCapture,2932982541295448465,frame_captured_main,1765570249008,850,1536,864,43,-1,-1,-1,-1,-1,-1,-1,-1,-1,-1,-1,-1,-1,-1,-1,-1,-1,-1,-1,-1,
1765570249487,CameraCapture,2932982541295448465,frame_captured_tpu,1765570249008,850,300,300,43,-1,-1,-1,-1,-1,-1,-1,-1,-1,-1,-1,-1,-1,-1,-1,-1,-1,-1,-1,-1,
1765570249530,CameraCapture,2932982541295448465,frame_captured_main,1765570249050,851,1536,864,43,-1,-1,-1,-1,-1,-1,-1,-1,-1,-1,-1,-1,-1,-1,-1,-1,-1,-1,-1,-1,
1765570249530,CameraCapture,2932982541295448465,frame_captured_tpu,1765570249050,851,300,300,43,-1,-1,-1,-1,-1,-1,-1,-1,-1,-1,-1,-1,-1,-1,-1,-1,-1,-1,-1,-1,
1765570249574,CameraCapture,2932982541295448465,frame_captured_main,1765570249094,852,1536,864,43,-1,-1,-1,-1,-1,-1,-1,-1,-1,-1,-1,-1,-1,-1,-1,-1,-1,-1,-1,-1,
1765570249574,CameraCapture,2932982541295448465,frame_captured_tpu,1765570249094,852,300,300,43,-1,-1,-1,-1,-1,-1,-1,-1,-1,-1,-1,-1,-1,-1,-1,-1,-1,-1,-1,-1,
1765570249617,CameraCapture,2932982541295448465,frame_captured_main,1765570249139,853,1536,864,43,-1,-1,-1,-1,-1,-1,-1,-1,-1,-1,-1,-1,-1,-1,-1,-1,-1,-1,-1,-1,
1765570249617,CameraCapture,2932982541295448465,frame_captured_tpu,1765570249139,853,300,300,43,-1,-1,-1,-1,-1,-1,-1,-1,-1,-1,-1,-1,-1,-1,-1,-1,-1,-1,-1,-1,
1765570249662,CameraCapture,2932982541295448465,frame_captured_main,1765570249183,854,1536,864,43,-1,-1,-1,-1,-1,-1,-1,-1,-1,-1,-1,-1,-1,-1,-1,-1,-1,-1,-1,-1,
1765570249662,CameraCapture,2932982541295448465,frame_captured_tpu,1765570249183,854,300,300,43,-1,-1,-1,-1,-1,-1,-1,-1,-1,-1,-1,-1,-1,-1,-1,-1,-1,-1,-1,-1,
1765570249705,CameraCapture,2932982541295448465,frame_captured_main,1765570249225,855,1536,864,43,-1,-1,-1,-1,-1,-1,-1,-1,-1,-1,-1,-1,-1,-1,-1,-1,-1,-1,-1,-1,
1765570249705,CameraCapture,2932982541295448465,frame_captured_tpu,1765570249225,855,300,300,43,-1,-1,-1,-1,-1,-1,-1,-1,-1,-1,-1,-1,-1,-1,-1,-1,-1,-1,-1,-1,
1765570249749,CameraCapture,2932982541295448465,frame_captured_main,1765570249269,856,1536,864,43,-1,-1,-1,-1,-1,-1,-1,-1,-1,-1,-1,-1,-1,-1,-1,-1,-1,-1,-1,-1,
1765570249749,CameraCapture,2932982541295448465,frame_captured_tpu,1765570249269,856,300,300,43,-1,-1,-1,-1,-1,-1,-1,-1,-1,-1,-1,-1,-1,-1,-1,-1,-1,-1,-1,-1,
1765570249792,CameraCapture,2932982541295448465,frame_captured_main,1765570249314,857,1536,864,43,-1,-1,-1,-1,-1,-1,-1,-1,-1,-1,-1,-1,-1,-1,-1,-1,-1,-1,-1,-1,
1765570249792,CameraCapture,2932982541295448465,frame_captured_tpu,1765570249314,857,300,300,43,-1,-1,-1,-1,-1,-1,-1,-1,-1,-1,-1,-1,-1,-1,-1,-1,-1,-1,-1,-1,
1765570249837,CameraCapture,2932982541295448465,frame_captured_main,1765570249358,858,1536,864,43,-1,-1,-1,-1,-1,-1,-1,-1,-1,-1,-1,-1,-1,-1,-1,-1,-1,-1,-1,-1,
1765570249837,CameraCapture,2932982541295448465,frame_captured_tpu,1765570249358,858,300,300,43,-1,-1,-1,-1,-1,-1,-1,-1,-1,-1,-1,-1,-1,-1,-1,-1,-1,-1,-1,-1,
1765570249880,CameraCapture,2932982541295448465,frame_captured_main,1765570249400,859,1536,864,43,-1,-1,-1,-1,-1,-1,-1,-1,-1,-1,-1,-1,-1,-1,-1,-1,-1,-1,-1,-1,
1765570249880,CameraCapture,2932982541295448465,frame_captured_tpu,1765570249400,859,300,300,43,-1,-1,-1,-1,-1,-1,-1,-1,-1,-1,-1,-1,-1,-1,-1,-1,-1,-1,-1,-1,
1765570249924,CameraCapture,2932982541295448465,frame_captured_main,1765570249444,860,1536,864,43,-1,-1,-1,-1,-1,-1,-1,-1,-1,-1,-1,-1,-1,-1,-1,-1,-1,-1,-1,-1,
1765570249924,CameraCapture,2932982541295448465,frame_captured_tpu,1765570249444,860,300,300,43,-1,-1,-1,-1,-1,-1,-1,-1,-1,-1,-1,-1,-1,-1,-1,-1,-1,-1,-1,-1,
1765570249967,CameraCapture,2932982541295448465,frame_captured_main,1765570249488,861,1536,864,43,-1,-1,-1,-1,-1,-1,-1,-1,-1,-1,-1,-1,-1,-1,-1,-1,-1,-1,-1,-1,
1765570249967,CameraCapture,2932982541295448465,frame_captured_tpu,1765570249488,861,300,300,43,-1,-1,-1,-1,-1,-1,-1,-1,-1,-1,-1,-1,-1,-1,-1,-1,-1,-1,-1,-1,
1765570250011,CameraCapture,2932982541295448465,frame_captured_main,1765570249532,862,1536,864,43,-1,-1,-1,-1,-1,-1,-1,-1,-1,-1,-1,-1,-1,-1,-1,-1,-1,-1,-1,-1,
1765570250011,CameraCapture,2932982541295448465,frame_captured_tpu,1765570249532,862,300,300,43,-1,-1,-1,-1,-1,-1,-1,-1,-1,-1,-1,-1,-1,-1,-1,-1,-1,-1,-1,-1,
1765570250055,CameraCapture,2932982541295448465,frame_captured_main,1765570249576,863,1536,864,43,-1,-1,-1,-1,-1,-1,-1,-1,-1,-1,-1,-1,-1,-1,-1,-1,-1,-1,-1,-1,
1765570250055,CameraCapture,2932982541295448465,frame_captured_tpu,1765570249576,863,300,300,43,-1,-1,-1,-1,-1,-1,-1,-1,-1,-1,-1,-1,-1,-1,-1,-1,-1,-1,-1,-1,
1765570250100,CameraCapture,2932982541295448465,frame_captured_main,1765570249620,864,1536,864,43,-1,-1,-1,-1,-1,-1,-1,-1,-1,-1,-1,-1,-1,-1,-1,-1,-1,-1,-1,-1,
1765570250100,CameraCapture,2932982541295448465,frame_captured_tpu,1765570249620,864,300,300,43,-1,-1,-1,-1,-1,-1,-1,-1,-1,-1,-1,-1,-1,-1,-1,-1,-1,-1,-1,-1,
1765570250142,CameraCapture,2932982541295448465,frame_captured_main,1765570249664,865,1536,864,43,-1,-1,-1,-1,-1,-1,-1,-1,-1,-1,-1,-1,-1,-1,-1,-1,-1,-1,-1,-1,
1765570250142,CameraCapture,2932982541295448465,frame_captured_tpu,1765570249664,865,300,300,43,-1,-1,-1,-1,-1,-1,-1,-1,-1,-1,-1,-1,-1,-1,-1,-1,-1,-1,-1,-1,
1765570250187,CameraCapture,2932982541295448465,frame_captured_main,1765570249708,866,1536,864,43,-1,-1,-1,-1,-1,-1,-1,-1,-1,-1,-1,-1,-1,-1,-1,-1,-1,-1,-1,-1,
1765570250187,CameraCapture,2932982541295448465,frame_captured_tpu,1765570249708,866,300,300,43,-1,-1,-1,-1,-1,-1,-1,-1,-1,-1,-1,-1,-1,-1,-1,-1,-1,-1,-1,-1,
1765570250230,CameraCapture,2932982541295448465,frame_captured_main,1765570249751,867,1536,864,43,-1,-1,-1,-1,-1,-1,-1,-1,-1,-1,-1,-1,-1,-1,-1,-1,-1,-1,-1,-1,
1765570250230,CameraCapture,2932982541295448465,frame_captured_tpu,1765570249751,867,300,300,43,-1,-1,-1,-1,-1,-1,-1,-1,-1,-1,-1,-1,-1,-1,-1,-1,-1,-1,-1,-1,
1765570250274,CameraCapture,2932982541295448465,frame_captured_main,1765570249794,868,1536,864,43,-1,-1,-1,-1,-1,-1,-1,-1,-1,-1,-1,-1,-1,-1,-1,-1,-1,-1,-1,-1,
1765570250274,CameraCapture,2932982541295448465,frame_captured_tpu,1765570249794,868,300,300,43,-1,-1,-1,-1,-1,-1,-1,-1,-1,-1,-1,-1,-1,-1,-1,-1,-1,-1,-1,-1,
1765570250317,CameraCapture,2932982541295448465,frame_captured_main,1765570249839,869,1536,864,43,-1,-1,-1,-1,-1,-1,-1,-1,-1,-1,-1,-1,-1,-1,-1,-1,-1,-1,-1,-1,
1765570250317,CameraCapture,2932982541295448465,frame_captured_tpu,1765570249839,869,300,300,43,-1,-1,-1,-1,-1,-1,-1,-1,-1,-1,-1,-1,-1,-1,-1,-1,-1,-1,-1,-1,
1765570250362,CameraCapture,2932982541295448465,frame_captured_main,1765570249883,870,1536,864,43,-1,-1,-1,-1,-1,-1,-1,-1,-1,-1,-1,-1,-1,-1,-1,-1,-1,-1,-1,-1,
1765570250362,CameraCapture,2932982541295448465,frame_captured_tpu,1765570249883,870,300,300,43,-1,-1,-1,-1,-1,-1,-1,-1,-1,-1,-1,-1,-1,-1,-1,-1,-1,-1,-1,-1,
1765570250405,CameraCapture,2932982541295448465,frame_captured_main,1765570249926,871,1536,864,43,-1,-1,-1,-1,-1,-1,-1,-1,-1,-1,-1,-1,-1,-1,-1,-1,-1,-1,-1,-1,
1765570250405,CameraCapture,2932982541295448465,frame_captured_tpu,1765570249926,871,300,300,43,-1,-1,-1,-1,-1,-1,-1,-1,-1,-1,-1,-1,-1,-1,-1,-1,-1,-1,-1,-1,
1765570250449,CameraCapture,2932982541295448465,frame_captured_main,1765570249969,872,1536,864,43,-1,-1,-1,-1,-1,-1,-1,-1,-1,-1,-1,-1,-1,-1,-1,-1,-1,-1,-1,-1,
1765570250449,CameraCapture,2932982541295448465,frame_captured_tpu,1765570249969,872,300,300,43,-1,-1,-1,-1,-1,-1,-1,-1,-1,-1,-1,-1,-1,-1,-1,-1,-1,-1,-1,-1,
1765570250492,CameraCapture,2932982541295448465,frame_captured_main,1765570250014,873,1536,864,43,-1,-1,-1,-1,-1,-1,-1,-1,-1,-1,-1,-1,-1,-1,-1,-1,-1,-1,-1,-1,
1765570250492,CameraCapture,2932982541295448465,frame_captured_tpu,1765570250014,873,300,300,43,-1,-1,-1,-1,-1,-1,-1,-1,-1,-1,-1,-1,-1,-1,-1,-1,-1,-1,-1,-1,
1765570250537,CameraCapture,2932982541295448465,frame_captured_main,1765570250058,874,1536,864,43,-1,-1,-1,-1,-1,-1,-1,-1,-1,-1,-1,-1,-1,-1,-1,-1,-1,-1,-1,-1,
1765570250537,CameraCapture,2932982541295448465,frame_captured_tpu,1765570250058,874,300,300,43,-1,-1,-1,-1,-1,-1,-1,-1,-1,-1,-1,-1,-1,-1,-1,-1,-1,-1,-1,-1,
1765570250580,CameraCapture,2932982541295448465,frame_captured_main,1765570250101,875,1536,864,43,-1,-1,-1,-1,-1,-1,-1,-1,-1,-1,-1,-1,-1,-1,-1,-1,-1,-1,-1,-1,
1765570250580,CameraCapture,2932982541295448465,frame_captured_tpu,1765570250101,875,300,300,43,-1,-1,-1,-1,-1,-1,-1,-1,-1,-1,-1,-1,-1,-1,-1,-1,-1,-1,-1,-1,
1765570250624,CameraCapture,2932982541295448465,frame_captured_main,1765570250145,876,1536,864,43,-1,-1,-1,-1,-1,-1,-1,-1,-1,-1,-1,-1,-1,-1,-1,-1,-1,-1,-1,-1,
1765570250624,CameraCapture,2932982541295448465,frame_captured_tpu,1765570250145,876,300,300,43,-1,-1,-1,-1,-1,-1,-1,-1,-1,-1,-1,-1,-1,-1,-1,-1,-1,-1,-1,-1,
1765570250666,CameraCapture,2932982541295448465,frame_captured_main,1765570250188,877,1536,864,43,-1,-1,-1,-1,-1,-1,-1,-1,-1,-1,-1,-1,-1,-1,-1,-1,-1,-1,-1,-1,
1765570250666,CameraCapture,2932982541295448465,frame_captured_tpu,1765570250188,877,300,300,43,-1,-1,-1,-1,-1,-1,-1,-1,-1,-1,-1,-1,-1,-1,-1,-1,-1,-1,-1,-1,
1765570250711,CameraCapture,2932982541295448465,frame_captured_main,1765570250231,878,1536,864,43,-1,-1,-1,-1,-1,-1,-1,-1,-1,-1,-1,-1,-1,-1,-1,-1,-1,-1,-1,-1,
1765570250711,CameraCapture,2932982541295448465,frame_captured_tpu,1765570250231,878,300,300,43,-1,-1,-1,-1,-1,-1,-1,-1,-1,-1,-1,-1,-1,-1,-1,-1,-1,-1,-1,-1,
1765570250755,CameraCapture,2932982541295448465,frame_captured_main,1765570250275,879,1536,864,43,-1,-1,-1,-1,-1,-1,-1,-1,-1,-1,-1,-1,-1,-1,-1,-1,-1,-1,-1,-1,
1765570250755,CameraCapture,2932982541295448465,frame_captured_tpu,1765570250275,879,300,300,43,-1,-1,-1,-1,-1,-1,-1,-1,-1,-1,-1,-1,-1,-1,-1,-1,-1,-1,-1,-1,
1765570250799,CameraCapture,2932982541295448465,frame_captured_main,1765570250319,880,1536,864,43,-1,-1,-1,-1,-1,-1,-1,-1,-1,-1,-1,-1,-1,-1,-1,-1,-1,-1,-1,-1,
1765570250799,CameraCapture,2932982541295448465,frame_captured_tpu,1765570250319,880,300,300,43,-1,-1,-1,-1,-1,-1,-1,-1,-1,-1,-1,-1,-1,-1,-1,-1,-1,-1,-1,-1,
1765570250842,CameraCapture,2932982541295448465,frame_captured_main,1765570250364,881,1536,864,43,-1,-1,-1,-1,-1,-1,-1,-1,-1,-1,-1,-1,-1,-1,-1,-1,-1,-1,-1,-1,
1765570250842,CameraCapture,2932982541295448465,frame_captured_tpu,1765570250364,881,300,300,43,-1,-1,-1,-1,-1,-1,-1,-1,-1,-1,-1,-1,-1,-1,-1,-1,-1,-1,-1,-1,
1765570250886,CameraCapture,2932982541295448465,frame_captured_main,1765570250406,882,1536,864,43,-1,-1,-1,-1,-1,-1,-1,-1,-1,-1,-1,-1,-1,-1,-1,-1,-1,-1,-1,-1,
1765570250886,CameraCapture,2932982541295448465,frame_captured_tpu,1765570250406,882,300,300,43,-1,-1,-1,-1,-1,-1,-1,-1,-1,-1,-1,-1,-1,-1,-1,-1,-1,-1,-1,-1,
1765570250930,CameraCapture,2932982541295448465,frame_captured_main,1765570250451,883,1536,864,43,-1,-1,-1,-1,-1,-1,-1,-1,-1,-1,-1,-1,-1,-1,-1,-1,-1,-1,-1,-1,
1765570250930,CameraCapture,2932982541295448465,frame_captured_tpu,1765570250451,883,300,300,43,-1,-1,-1,-1,-1,-1,-1,-1,-1,-1,-1,-1,-1,-1,-1,-1,-1,-1,-1,-1,
1765570250974,CameraCapture,2932982541295448465,frame_captured_main,1765570250495,884,1536,864,43,-1,-1,-1,-1,-1,-1,-1,-1,-1,-1,-1,-1,-1,-1,-1,-1,-1,-1,-1,-1,
1765570250974,CameraCapture,2932982541295448465,frame_captured_tpu,1765570250495,884,300,300,43,-1,-1,-1,-1,-1,-1,-1,-1,-1,-1,-1,-1,-1,-1,-1,-1,-1,-1,-1,-1,
1765570251017,CameraCapture,2932982541295448465,frame_captured_main,1765570250539,885,1536,864,43,-1,-1,-1,-1,-1,-1,-1,-1,-1,-1,-1,-1,-1,-1,-1,-1,-1,-1,-1,-1,
1765570251017,CameraCapture,2932982541295448465,frame_captured_tpu,1765570250539,885,300,300,43,-1,-1,-1,-1,-1,-1,-1,-1,-1,-1,-1,-1,-1,-1,-1,-1,-1,-1,-1,-1,
1765570251062,CameraCapture,2932982541295448465,frame_captured_main,1765570250581,886,1536,864,43,-1,-1,-1,-1,-1,-1,-1,-1,-1,-1,-1,-1,-1,-1,-1,-1,-1,-1,-1,-1,
1765570251062,CameraCapture,2932982541295448465,frame_captured_tpu,1765570250581,886,300,300,43,-1,-1,-1,-1,-1,-1,-1,-1,-1,-1,-1,-1,-1,-1,-1,-1,-1,-1,-1,-1,
1765570251105,CameraCapture,2932982541295448465,frame_captured_main,1765570250626,887,1536,864,43,-1,-1,-1,-1,-1,-1,-1,-1,-1,-1,-1,-1,-1,-1,-1,-1,-1,-1,-1,-1,
1765570251105,CameraCapture,2932982541295448465,frame_captured_tpu,1765570250626,887,300,300,43,-1,-1,-1,-1,-1,-1,-1,-1,-1,-1,-1,-1,-1,-1,-1,-1,-1,-1,-1,-1,
1765570251149,CameraCapture,2932982541295448465,frame_captured_main,1765570250670,888,1536,864,43,-1,-1,-1,-1,-1,-1,-1,-1,-1,-1,-1,-1,-1,-1,-1,-1,-1,-1,-1,-1,
1765570251149,CameraCapture,2932982541295448465,frame_captured_tpu,1765570250670,888,300,300,43,-1,-1,-1,-1,-1,-1,-1,-1,-1,-1,-1,-1,-1,-1,-1,-1,-1,-1,-1,-1,
1765570251192,CameraCapture,2932982541295448465,frame_captured_main,1765570250714,889,1536,864,43,-1,-1,-1,-1,-1,-1,-1,-1,-1,-1,-1,-1,-1,-1,-1,-1,-1,-1,-1,-1,
1765570251192,CameraCapture,2932982541295448465,frame_captured_tpu,1765570250714,889,300,300,43,-1,-1,-1,-1,-1,-1,-1,-1,-1,-1,-1,-1,-1,-1,-1,-1,-1,-1,-1,-1,
1765570251237,CameraCapture,2932982541295448465,frame_captured_main,1765570250756,890,1536,864,43,-1,-1,-1,-1,-1,-1,-1,-1,-1,-1,-1,-1,-1,-1,-1,-1,-1,-1,-1,-1,
1765570251237,CameraCapture,2932982541295448465,frame_captured_tpu,1765570250756,890,300,300,43,-1,-1,-1,-1,-1,-1,-1,-1,-1,-1,-1,-1,-1,-1,-1,-1,-1,-1,-1,-1,
1765570251281,CameraCapture,2932982541295448465,frame_captured_main,1765570250801,891,1536,864,43,-1,-1,-1,-1,-1,-1,-1,-1,-1,-1,-1,-1,-1,-1,-1,-1,-1,-1,-1,-1,
1765570251281,CameraCapture,2932982541295448465,frame_captured_tpu,1765570250801,891,300,300,43,-1,-1,-1,-1,-1,-1,-1,-1,-1,-1,-1,-1,-1,-1,-1,-1,-1,-1,-1,-1,
1765570251325,CameraCapture,2932982541295448465,frame_captured_main,1765570250844,892,1536,864,43,-1,-1,-1,-1,-1,-1,-1,-1,-1,-1,-1,-1,-1,-1,-1,-1,-1,-1,-1,-1,
1765570251325,CameraCapture,2932982541295448465,frame_captured_tpu,1765570250844,892,300,300,43,-1,-1,-1,-1,-1,-1,-1,-1,-1,-1,-1,-1,-1,-1,-1,-1,-1,-1,-1,-1,
1765570251367,CameraCapture,2932982541295448465,frame_captured_main,1765570250888,893,1536,864,43,-1,-1,-1,-1,-1,-1,-1,-1,-1,-1,-1,-1,-1,-1,-1,-1,-1,-1,-1,-1,
1765570251367,CameraCapture,2932982541295448465,frame_captured_tpu,1765570250888,893,300,300,43,-1,-1,-1,-1,-1,-1,-1,-1,-1,-1,-1,-1,-1,-1,-1,-1,-1,-1,-1,-1,
1765570251412,CameraCapture,2932982541295448465,frame_captured_main,1765570250933,894,1536,864,43,-1,-1,-1,-1,-1,-1,-1,-1,-1,-1,-1,-1,-1,-1,-1,-1,-1,-1,-1,-1,
1765570251412,CameraCapture,2932982541295448465,frame_captured_tpu,1765570250933,894,300,300,43,-1,-1,-1,-1,-1,-1,-1,-1,-1,-1,-1,-1,-1,-1,-1,-1,-1,-1,-1,-1,
1765570251456,CameraCapture,2932982541295448465,frame_captured_main,1765570250977,895,1536,864,43,-1,-1,-1,-1,-1,-1,-1,-1,-1,-1,-1,-1,-1,-1,-1,-1,-1,-1,-1,-1,
1765570251456,CameraCapture,2932982541295448465,frame_captured_tpu,1765570250977,895,300,300,43,-1,-1,-1,-1,-1,-1,-1,-1,-1,-1,-1,-1,-1,-1,-1,-1,-1,-1,-1,-1,
1765570251501,CameraCapture,2932982541295448465,frame_captured_main,1765570251022,896,1536,864,43,-1,-1,-1,-1,-1,-1,-1,-1,-1,-1,-1,-1,-1,-1,-1,-1,-1,-1,-1,-1,
1765570251501,CameraCapture,2932982541295448465,frame_captured_tpu,1765570251022,896,300,300,43,-1,-1,-1,-1,-1,-1,-1,-1,-1,-1,-1,-1,-1,-1,-1,-1,-1,-1,-1,-1,
1765570251544,CameraCapture,2932982541295448465,frame_captured_main,1765570251066,897,1536,864,43,-1,-1,-1,-1,-1,-1,-1,-1,-1,-1,-1,-1,-1,-1,-1,-1,-1,-1,-1,-1,
1765570251544,CameraCapture,2932982541295448465,frame_captured_tpu,1765570251066,897,300,300,43,-1,-1,-1,-1,-1,-1,-1,-1,-1,-1,-1,-1,-1,-1,-1,-1,-1,-1,-1,-1,
1765570251589,CameraCapture,2932982541295448465,frame_captured_main,1765570251109,898,1536,864,43,-1,-1,-1,-1,-1,-1,-1,-1,-1,-1,-1,-1,-1,-1,-1,-1,-1,-1,-1,-1,
1765570251589,CameraCapture,2932982541295448465,frame_captured_tpu,1765570251109,898,300,300,43,-1,-1,-1,-1,-1,-1,-1,-1,-1,-1,-1,-1,-1,-1,-1,-1,-1,-1,-1,-1,
1765570251635,CameraCapture,2932982541295448465,frame_captured_main,1765570251154,899,1536,864,43,-1,-1,-1,-1,-1,-1,-1,-1,-1,-1,-1,-1,-1,-1,-1,-1,-1,-1,-1,-1,
1765570251635,CameraCapture,2932982541295448465,frame_captured_tpu,1765570251154,899,300,300,43,-1,-1,-1,-1,-1,-1,-1,-1,-1,-1,-1,-1,-1,-1,-1,-1,-1,-1,-1,-1,
1765570251677,CameraCapture,2932982541295448465,frame_captured_main,1765570251197,900,1536,864,43,-1,-1,-1,-1,-1,-1,-1,-1,-1,-1,-1,-1,-1,-1,-1,-1,-1,-1,-1,-1,
1765570251677,CameraCapture,2932982541295448465,frame_captured_tpu,1765570251197,900,300,300,43,-1,-1,-1,-1,-1,-1,-1,-1,-1,-1,-1,-1,-1,-1,-1,-1,-1,-1,-1,-1,
1765570251720,CameraCapture,2932982541295448465,frame_captured_main,1765570251241,901,1536,864,43,-1,-1,-1,-1,-1,-1,-1,-1,-1,-1,-1,-1,-1,-1,-1,-1,-1,-1,-1,-1,
1765570251720,CameraCapture,2932982541295448465,frame_captured_tpu,1765570251241,901,300,300,43,-1,-1,-1,-1,-1,-1,-1,-1,-1,-1,-1,-1,-1,-1,-1,-1,-1,-1,-1,-1,
1765570251766,CameraCapture,2932982541295448465,frame_captured_main,1765570251287,902,1536,864,43,-1,-1,-1,-1,-1,-1,-1,-1,-1,-1,-1,-1,-1,-1,-1,-1,-1,-1,-1,-1,
1765570251766,CameraCapture,2932982541295448465,frame_captured_tpu,1765570251287,902,300,300,43,-1,-1,-1,-1,-1,-1,-1,-1,-1,-1,-1,-1,-1,-1,-1,-1,-1,-1,-1,-1,
1765570251810,CameraCapture,2932982541295448465,frame_captured_main,1765570251331,903,1536,864,43,-1,-1,-1,-1,-1,-1,-1,-1,-1,-1,-1,-1,-1,-1,-1,-1,-1,-1,-1,-1,
1765570251810,CameraCapture,2932982541295448465,frame_captured_tpu,1765570251331,903,300,300,43,-1,-1,-1,-1,-1,-1,-1,-1,-1,-1,-1,-1,-1,-1,-1,-1,-1,-1,-1,-1,
1765570251854,CameraCapture,2932982541295448465,frame_captured_main,1765570251374,904,1536,864,43,-1,-1,-1,-1,-1,-1,-1,-1,-1,-1,-1,-1,-1,-1,-1,-1,-1,-1,-1,-1,
1765570251854,CameraCapture,2932982541295448465,frame_captured_tpu,1765570251374,904,300,300,43,-1,-1,-1,-1,-1,-1,-1,-1,-1,-1,-1,-1,-1,-1,-1,-1,-1,-1,-1,-1,
1765570251897,CameraCapture,2932982541295448465,frame_captured_main,1765570251418,905,1536,864,43,-1,-1,-1,-1,-1,-1,-1,-1,-1,-1,-1,-1,-1,-1,-1,-1,-1,-1,-1,-1,
1765570251897,CameraCapture,2932982541295448465,frame_captured_tpu,1765570251418,905,300,300,43,-1,-1,-1,-1,-1,-1,-1,-1,-1,-1,-1,-1,-1,-1,-1,-1,-1,-1,-1,-1,
1765570251942,CameraCapture,2932982541295448465,frame_captured_main,1765570251462,906,1536,864,43,-1,-1,-1,-1,-1,-1,-1,-1,-1,-1,-1,-1,-1,-1,-1,-1,-1,-1,-1,-1,
1765570251942,CameraCapture,2932982541295448465,frame_captured_tpu,1765570251462,906,300,300,43,-1,-1,-1,-1,-1,-1,-1,-1,-1,-1,-1,-1,-1,-1,-1,-1,-1,-1,-1,-1,
1765570251987,CameraCapture,2932982541295448465,frame_captured_main,1765570251507,907,1536,864,43,-1,-1,-1,-1,-1,-1,-1,-1,-1,-1,-1,-1,-1,-1,-1,-1,-1,-1,-1,-1,
1765570251987,CameraCapture,2932982541295448465,frame_captured_tpu,1765570251507,907,300,300,43,-1,-1,-1,-1,-1,-1,-1,-1,-1,-1,-1,-1,-1,-1,-1,-1,-1,-1,-1,-1,
1765570252031,CameraCapture,2932982541295448465,frame_captured_main,1765570251550,908,1536,864,43,-1,-1,-1,-1,-1,-1,-1,-1,-1,-1,-1,-1,-1,-1,-1,-1,-1,-1,-1,-1,
1765570252031,CameraCapture,2932982541295448465,frame_captured_tpu,1765570251550,908,300,300,43,-1,-1,-1,-1,-1,-1,-1,-1,-1,-1,-1,-1,-1,-1,-1,-1,-1,-1,-1,-1,
1765570252073,CameraCapture,2932982541295448465,frame_captured_main,1765570251594,909,1536,864,43,-1,-1,-1,-1,-1,-1,-1,-1,-1,-1,-1,-1,-1,-1,-1,-1,-1,-1,-1,-1,
1765570252073,CameraCapture,2932982541295448465,frame_captured_tpu,1765570251594,909,300,300,43,-1,-1,-1,-1,-1,-1,-1,-1,-1,-1,-1,-1,-1,-1,-1,-1,-1,-1,-1,-1,
1765570252120,CameraCapture,2932982541295448465,frame_captured_main,1765570251640,910,1536,864,43,-1,-1,-1,-1,-1,-1,-1,-1,-1,-1,-1,-1,-1,-1,-1,-1,-1,-1,-1,-1,
1765570252120,CameraCapture,2932982541295448465,frame_captured_tpu,1765570251640,910,300,300,43,-1,-1,-1,-1,-1,-1,-1,-1,-1,-1,-1,-1,-1,-1,-1,-1,-1,-1,-1,-1,
1765570252162,CameraCapture,2932982541295448465,frame_captured_main,1765570251683,911,1536,864,43,-1,-1,-1,-1,-1,-1,-1,-1,-1,-1,-1,-1,-1,-1,-1,-1,-1,-1,-1,-1,
1765570252162,CameraCapture,2932982541295448465,frame_captured_tpu,1765570251683,911,300,300,43,-1,-1,-1,-1,-1,-1,-1,-1,-1,-1,-1,-1,-1,-1,-1,-1,-1,-1,-1,-1,
1765570252207,CameraCapture,2932982541295448465,frame_captured_main,1765570251728,912,1536,864,43,-1,-1,-1,-1,-1,-1,-1,-1,-1,-1,-1,-1,-1,-1,-1,-1,-1,-1,-1,-1,
1765570252207,CameraCapture,2932982541295448465,frame_captured_tpu,1765570251728,912,300,300,43,-1,-1,-1,-1,-1,-1,-1,-1,-1,-1,-1,-1,-1,-1,-1,-1,-1,-1,-1,-1,
1765570252251,CameraCapture,2932982541295448465,frame_captured_main,1765570251771,913,1536,864,43,-1,-1,-1,-1,-1,-1,-1,-1,-1,-1,-1,-1,-1,-1,-1,-1,-1,-1,-1,-1,
1765570252251,CameraCapture,2932982541295448465,frame_captured_tpu,1765570251771,913,300,300,43,-1,-1,-1,-1,-1,-1,-1,-1,-1,-1,-1,-1,-1,-1,-1,-1,-1,-1,-1,-1,
1765570252295,CameraCapture,2932982541295448465,frame_captured_main,1765570251815,914,1536,864,43,-1,-1,-1,-1,-1,-1,-1,-1,-1,-1,-1,-1,-1,-1,-1,-1,-1,-1,-1,-1,
1765570252295,CameraCapture,2932982541295448465,frame_captured_tpu,1765570251815,914,300,300,43,-1,-1,-1,-1,-1,-1,-1,-1,-1,-1,-1,-1,-1,-1,-1,-1,-1,-1,-1,-1,
1765570252339,CameraCapture,2932982541295448465,frame_captured_main,1765570251860,915,1536,864,43,-1,-1,-1,-1,-1,-1,-1,-1,-1,-1,-1,-1,-1,-1,-1,-1,-1,-1,-1,-1,
1765570252339,CameraCapture,2932982541295448465,frame_captured_tpu,1765570251860,915,300,300,43,-1,-1,-1,-1,-1,-1,-1,-1,-1,-1,-1,-1,-1,-1,-1,-1,-1,-1,-1,-1,
1765570252383,CameraCapture,2932982541295448465,frame_captured_main,1765570251903,916,1536,864,43,-1,-1,-1,-1,-1,-1,-1,-1,-1,-1,-1,-1,-1,-1,-1,-1,-1,-1,-1,-1,
1765570252383,CameraCapture,2932982541295448465,frame_captured_tpu,1765570251903,916,300,300,43,-1,-1,-1,-1,-1,-1,-1,-1,-1,-1,-1,-1,-1,-1,-1,-1,-1,-1,-1,-1,
1765570252426,CameraCapture,2932982541295448465,frame_captured_main,1765570251948,917,1536,864,43,-1,-1,-1,-1,-1,-1,-1,-1,-1,-1,-1,-1,-1,-1,-1,-1,-1,-1,-1,-1,
1765570252426,CameraCapture,2932982541295448465,frame_captured_tpu,1765570251948,917,300,300,43,-1,-1,-1,-1,-1,-1,-1,-1,-1,-1,-1,-1,-1,-1,-1,-1,-1,-1,-1,-1,
1765570252472,CameraCapture,2932982541295448465,frame_captured_main,1765570251993,918,1536,864,43,-1,-1,-1,-1,-1,-1,-1,-1,-1,-1,-1,-1,-1,-1,-1,-1,-1,-1,-1,-1,
1765570252472,CameraCapture,2932982541295448465,frame_captured_tpu,1765570251993,918,300,300,43,-1,-1,-1,-1,-1,-1,-1,-1,-1,-1,-1,-1,-1,-1,-1,-1,-1,-1,-1,-1,
1765570252516,CameraCapture,2932982541295448465,frame_captured_main,1765570252037,919,1536,864,43,-1,-1,-1,-1,-1,-1,-1,-1,-1,-1,-1,-1,-1,-1,-1,-1,-1,-1,-1,-1,
1765570252516,CameraCapture,2932982541295448465,frame_captured_tpu,1765570252037,919,300,300,43,-1,-1,-1,-1,-1,-1,-1,-1,-1,-1,-1,-1,-1,-1,-1,-1,-1,-1,-1,-1,
1765570252560,CameraCapture,2932982541295448465,frame_captured_main,1765570252080,920,1536,864,43,-1,-1,-1,-1,-1,-1,-1,-1,-1,-1,-1,-1,-1,-1,-1,-1,-1,-1,-1,-1,
1765570252560,CameraCapture,2932982541295448465,frame_captured_tpu,1765570252080,920,300,300,43,-1,-1,-1,-1,-1,-1,-1,-1,-1,-1,-1,-1,-1,-1,-1,-1,-1,-1,-1,-1,
1765570252603,CameraCapture,2932982541295448465,frame_captured_main,1765570252124,921,1536,864,43,-1,-1,-1,-1,-1,-1,-1,-1,-1,-1,-1,-1,-1,-1,-1,-1,-1,-1,-1,-1,
1765570252603,CameraCapture,2932982541295448465,frame_captured_tpu,1765570252124,921,300,300,43,-1,-1,-1,-1,-1,-1,-1,-1,-1,-1,-1,-1,-1,-1,-1,-1,-1,-1,-1,-1,
1765570252648,CameraCapture,2932982541295448465,frame_captured_main,1765570252168,922,1536,864,43,-1,-1,-1,-1,-1,-1,-1,-1,-1,-1,-1,-1,-1,-1,-1,-1,-1,-1,-1,-1,
1765570252648,CameraCapture,2932982541295448465,frame_captured_tpu,1765570252168,922,300,300,43,-1,-1,-1,-1,-1,-1,-1,-1,-1,-1,-1,-1,-1,-1,-1,-1,-1,-1,-1,-1,
1765570252692,CameraCapture,2932982541295448465,frame_captured_main,1765570252212,923,1536,864,43,-1,-1,-1,-1,-1,-1,-1,-1,-1,-1,-1,-1,-1,-1,-1,-1,-1,-1,-1,-1,
1765570252692,CameraCapture,2932982541295448465,frame_captured_tpu,1765570252212,923,300,300,43,-1,-1,-1,-1,-1,-1,-1,-1,-1,-1,-1,-1,-1,-1,-1,-1,-1,-1,-1,-1,
1765570252736,CameraCapture,2932982541295448465,frame_captured_main,1765570252256,924,1536,864,43,-1,-1,-1,-1,-1,-1,-1,-1,-1,-1,-1,-1,-1,-1,-1,-1,-1,-1,-1,-1,
1765570252736,CameraCapture,2932982541295448465,frame_captured_tpu,1765570252256,924,300,300,43,-1,-1,-1,-1,-1,-1,-1,-1,-1,-1,-1,-1,-1,-1,-1,-1,-1,-1,-1,-1,
1765570252780,CameraCapture,2932982541295448465,frame_captured_main,1765570252302,925,1536,864,43,-1,-1,-1,-1,-1,-1,-1,-1,-1,-1,-1,-1,-1,-1,-1,-1,-1,-1,-1,-1,
1765570252780,CameraCapture,2932982541295448465,frame_captured_tpu,1765570252302,925,300,300,43,-1,-1,-1,-1,-1,-1,-1,-1,-1,-1,-1,-1,-1,-1,-1,-1,-1,-1,-1,-1,
1765570252825,CameraCapture,2932982541295448465,frame_captured_main,1765570252346,926,1536,864,43,-1,-1,-1,-1,-1,-1,-1,-1,-1,-1,-1,-1,-1,-1,-1,-1,-1,-1,-1,-1,
1765570252825,CameraCapture,2932982541295448465,frame_captured_tpu,1765570252346,926,300,300,43,-1,-1,-1,-1,-1,-1,-1,-1,-1,-1,-1,-1,-1,-1,-1,-1,-1,-1,-1,-1,
1765570252868,CameraCapture,2932982541295448465,frame_captured_main,1765570252389,927,1536,864,43,-1,-1,-1,-1,-1,-1,-1,-1,-1,-1,-1,-1,-1,-1,-1,-1,-1,-1,-1,-1,
1765570252868,CameraCapture,2932982541295448465,frame_captured_tpu,1765570252389,927,300,300,43,-1,-1,-1,-1,-1,-1,-1,-1,-1,-1,-1,-1,-1,-1,-1,-1,-1,-1,-1,-1,
1765570252914,CameraCapture,2932982541295448465,frame_captured_main,1765570252434,928,1536,864,43,-1,-1,-1,-1,-1,-1,-1,-1,-1,-1,-1,-1,-1,-1,-1,-1,-1,-1,-1,-1,
1765570252914,CameraCapture,2932982541295448465,frame_captured_tpu,1765570252434,928,300,300,43,-1,-1,-1,-1,-1,-1,-1,-1,-1,-1,-1,-1,-1,-1,-1,-1,-1,-1,-1,-1,
1765570252956,CameraCapture,2932982541295448465,frame_captured_main,1765570252477,929,1536,864,43,-1,-1,-1,-1,-1,-1,-1,-1,-1,-1,-1,-1,-1,-1,-1,-1,-1,-1,-1,-1,
1765570252956,CameraCapture,2932982541295448465,frame_captured_tpu,1765570252477,929,300,300,43,-1,-1,-1,-1,-1,-1,-1,-1,-1,-1,-1,-1,-1,-1,-1,-1,-1,-1,-1,-1,
1765570253002,CameraCapture,2932982541295448465,frame_captured_main,1765570252522,930,1536,864,43,-1,-1,-1,-1,-1,-1,-1,-1,-1,-1,-1,-1,-1,-1,-1,-1,-1,-1,-1,-1,
1765570253002,CameraCapture,2932982541295448465,frame_captured_tpu,1765570252522,930,300,300,43,-1,-1,-1,-1,-1,-1,-1,-1,-1,-1,-1,-1,-1,-1,-1,-1,-1,-1,-1,-1,
1765570253045,CameraCapture,2932982541295448465,frame_captured_main,1765570252565,931,1536,864,43,-1,-1,-1,-1,-1,-1,-1,-1,-1,-1,-1,-1,-1,-1,-1,-1,-1,-1,-1,-1,
1765570253045,CameraCapture,2932982541295448465,frame_captured_tpu,1765570252565,931,300,300,43,-1,-1,-1,-1,-1,-1,-1,-1,-1,-1,-1,-1,-1,-1,-1,-1,-1,-1,-1,-1,
1765570253089,CameraCapture,2932982541295448465,frame_captured_main,1765570252609,932,1536,864,43,-1,-1,-1,-1,-1,-1,-1,-1,-1,-1,-1,-1,-1,-1,-1,-1,-1,-1,-1,-1,
1765570253089,CameraCapture,2932982541295448465,frame_captured_tpu,1765570252609,932,300,300,43,-1,-1,-1,-1,-1,-1,-1,-1,-1,-1,-1,-1,-1,-1,-1,-1,-1,-1,-1,-1,
1765570253133,CameraCapture,2932982541295448465,frame_captured_main,1765570252655,933,1536,864,43,-1,-1,-1,-1,-1,-1,-1,-1,-1,-1,-1,-1,-1,-1,-1,-1,-1,-1,-1,-1,
1765570253133,CameraCapture,2932982541295448465,frame_captured_tpu,1765570252655,933,300,300,43,-1,-1,-1,-1,-1,-1,-1,-1,-1,-1,-1,-1,-1,-1,-1,-1,-1,-1,-1,-1,
1765570253178,CameraCapture,2932982541295448465,frame_captured_main,1765570252699,934,1536,864,43,-1,-1,-1,-1,-1,-1,-1,-1,-1,-1,-1,-1,-1,-1,-1,-1,-1,-1,-1,-1,
1765570253178,CameraCapture,2932982541295448465,frame_captured_tpu,1765570252699,934,300,300,43,-1,-1,-1,-1,-1,-1,-1,-1,-1,-1,-1,-1,-1,-1,-1,-1,-1,-1,-1,-1,
1765570253222,CameraCapture,2932982541295448465,frame_captured_main,1765570252743,935,1536,864,43,-1,-1,-1,-1,-1,-1,-1,-1,-1,-1,-1,-1,-1,-1,-1,-1,-1,-1,-1,-1,
1765570253222,CameraCapture,2932982541295448465,frame_captured_tpu,1765570252743,935,300,300,43,-1,-1,-1,-1,-1,-1,-1,-1,-1,-1,-1,-1,-1,-1,-1,-1,-1,-1,-1,-1,
1765570253266,CameraCapture,2932982541295448465,frame_captured_main,1765570252786,936,1536,864,43,-1,-1,-1,-1,-1,-1,-1,-1,-1,-1,-1,-1,-1,-1,-1,-1,-1,-1,-1,-1,
1765570253266,CameraCapture,2932982541295448465,frame_captured_tpu,1765570252786,936,300,300,43,-1,-1,-1,-1,-1,-1,-1,-1,-1,-1,-1,-1,-1,-1,-1,-1,-1,-1,-1,-1,
1765570253309,CameraCapture,2932982541295448465,frame_captured_main,1765570252830,937,1536,864,43,-1,-1,-1,-1,-1,-1,-1,-1,-1,-1,-1,-1,-1,-1,-1,-1,-1,-1,-1,-1,
1765570253309,CameraCapture,2932982541295448465,frame_captured_tpu,1765570252830,937,300,300,43,-1,-1,-1,-1,-1,-1,-1,-1,-1,-1,-1,-1,-1,-1,-1,-1,-1,-1,-1,-1,
1765570253355,CameraCapture,2932982541295448465,frame_captured_main,1765570252874,938,1536,864,43,-1,-1,-1,-1,-1,-1,-1,-1,-1,-1,-1,-1,-1,-1,-1,-1,-1,-1,-1,-1,
1765570253355,CameraCapture,2932982541295448465,frame_captured_tpu,1765570252874,938,300,300,43,-1,-1,-1,-1,-1,-1,-1,-1,-1,-1,-1,-1,-1,-1,-1,-1,-1,-1,-1,-1,
1765570253398,CameraCapture,2932982541295448465,frame_captured_main,1765570252918,939,1536,864,43,-1,-1,-1,-1,-1,-1,-1,-1,-1,-1,-1,-1,-1,-1,-1,-1,-1,-1,-1,-1,
1765570253398,CameraCapture,2932982541295448465,frame_captured_tpu,1765570252918,939,300,300,43,-1,-1,-1,-1,-1,-1,-1,-1,-1,-1,-1,-1,-1,-1,-1,-1,-1,-1,-1,-1,
1765570253442,CameraCapture,2932982541295448465,frame_captured_main,1765570252963,940,1536,864,43,-1,-1,-1,-1,-1,-1,-1,-1,-1,-1,-1,-1,-1,-1,-1,-1,-1,-1,-1,-1,
1765570253442,CameraCapture,2932982541295448465,frame_captured_tpu,1765570252963,940,300,300,43,-1,-1,-1,-1,-1,-1,-1,-1,-1,-1,-1,-1,-1,-1,-1,-1,-1,-1,-1,-1,
1765570253486,CameraCapture,2932982541295448465,frame_captured_main,1765570253008,941,1536,864,43,-1,-1,-1,-1,-1,-1,-1,-1,-1,-1,-1,-1,-1,-1,-1,-1,-1,-1,-1,-1,
1765570253486,CameraCapture,2932982541295448465,frame_captured_tpu,1765570253008,941,300,300,43,-1,-1,-1,-1,-1,-1,-1,-1,-1,-1,-1,-1,-1,-1,-1,-1,-1,-1,-1,-1,
1765570253531,CameraCapture,2932982541295448465,frame_captured_main,1765570253052,942,1536,864,43,-1,-1,-1,-1,-1,-1,-1,-1,-1,-1,-1,-1,-1,-1,-1,-1,-1,-1,-1,-1,
1765570253531,CameraCapture,2932982541295448465,frame_captured_tpu,1765570253052,942,300,300,43,-1,-1,-1,-1,-1,-1,-1,-1,-1,-1,-1,-1,-1,-1,-1,-1,-1,-1,-1,-1,
1765570253575,CameraCapture,2932982541295448465,frame_captured_main,1765570253096,943,1536,864,43,-1,-1,-1,-1,-1,-1,-1,-1,-1,-1,-1,-1,-1,-1,-1,-1,-1,-1,-1,-1,
1765570253575,CameraCapture,2932982541295448465,frame_captured_tpu,1765570253096,943,300,300,43,-1,-1,-1,-1,-1,-1,-1,-1,-1,-1,-1,-1,-1,-1,-1,-1,-1,-1,-1,-1,
1765570253619,CameraCapture,2932982541295448465,frame_captured_main,1765570253139,944,1536,864,43,-1,-1,-1,-1,-1,-1,-1,-1,-1,-1,-1,-1,-1,-1,-1,-1,-1,-1,-1,-1,
1765570253619,CameraCapture,2932982541295448465,frame_captured_tpu,1765570253139,944,300,300,43,-1,-1,-1,-1,-1,-1,-1,-1,-1,-1,-1,-1,-1,-1,-1,-1,-1,-1,-1,-1,
1765570253662,CameraCapture,2932982541295448465,frame_captured_main,1765570253183,945,1536,864,43,-1,-1,-1,-1,-1,-1,-1,-1,-1,-1,-1,-1,-1,-1,-1,-1,-1,-1,-1,-1,
1765570253662,CameraCapture,2932982541295448465,frame_captured_tpu,1765570253183,945,300,300,43,-1,-1,-1,-1,-1,-1,-1,-1,-1,-1,-1,-1,-1,-1,-1,-1,-1,-1,-1,-1,
1765570253707,CameraCapture,2932982541295448465,frame_captured_main,1765570253227,946,1536,864,43,-1,-1,-1,-1,-1,-1,-1,-1,-1,-1,-1,-1,-1,-1,-1,-1,-1,-1,-1,-1,
1765570253707,CameraCapture,2932982541295448465,frame_captured_tpu,1765570253227,946,300,300,43,-1,-1,-1,-1,-1,-1,-1,-1,-1,-1,-1,-1,-1,-1,-1,-1,-1,-1,-1,-1,
1765570253751,CameraCapture,2932982541295448465,frame_captured_main,1765570253271,947,1536,864,43,-1,-1,-1,-1,-1,-1,-1,-1,-1,-1,-1,-1,-1,-1,-1,-1,-1,-1,-1,-1,
1765570253751,CameraCapture,2932982541295448465,frame_captured_tpu,1765570253271,947,300,300,43,-1,-1,-1,-1,-1,-1,-1,-1,-1,-1,-1,-1,-1,-1,-1,-1,-1,-1,-1,-1,
1765570253795,CameraCapture,2932982541295448465,frame_captured_main,1765570253316,948,1536,864,43,-1,-1,-1,-1,-1,-1,-1,-1,-1,-1,-1,-1,-1,-1,-1,-1,-1,-1,-1,-1,
1765570253795,CameraCapture,2932982541295448465,frame_captured_tpu,1765570253316,948,300,300,43,-1,-1,-1,-1,-1,-1,-1,-1,-1,-1,-1,-1,-1,-1,-1,-1,-1,-1,-1,-1,
1765570253839,CameraCapture,2932982541295448465,frame_captured_main,1765570253361,949,1536,864,43,-1,-1,-1,-1,-1,-1,-1,-1,-1,-1,-1,-1,-1,-1,-1,-1,-1,-1,-1,-1,
1765570253839,CameraCapture,2932982541295448465,frame_captured_tpu,1765570253361,949,300,300,43,-1,-1,-1,-1,-1,-1,-1,-1,-1,-1,-1,-1,-1,-1,-1,-1,-1,-1,-1,-1,
1765570253884,CameraCapture,2932982541295448465,frame_captured_main,1765570253405,950,1536,864,43,-1,-1,-1,-1,-1,-1,-1,-1,-1,-1,-1,-1,-1,-1,-1,-1,-1,-1,-1,-1,
1765570253884,CameraCapture,2932982541295448465,frame_captured_tpu,1765570253405,950,300,300,43,-1,-1,-1,-1,-1,-1,-1,-1,-1,-1,-1,-1,-1,-1,-1,-1,-1,-1,-1,-1,
1765570253928,CameraCapture,2932982541295448465,frame_captured_main,1765570253449,951,1536,864,43,-1,-1,-1,-1,-1,-1,-1,-1,-1,-1,-1,-1,-1,-1,-1,-1,-1,-1,-1,-1,
1765570253928,CameraCapture,2932982541295448465,frame_captured_tpu,1765570253449,951,300,300,43,-1,-1,-1,-1,-1,-1,-1,-1,-1,-1,-1,-1,-1,-1,-1,-1,-1,-1,-1,-1,
1765570253972,CameraCapture,2932982541295448465,frame_captured_main,1765570253492,952,1536,864,43,-1,-1,-1,-1,-1,-1,-1,-1,-1,-1,-1,-1,-1,-1,-1,-1,-1,-1,-1,-1,
1765570253972,CameraCapture,2932982541295448465,frame_captured_tpu,1765570253492,952,300,300,43,-1,-1,-1,-1,-1,-1,-1,-1,-1,-1,-1,-1,-1,-1,-1,-1,-1,-1,-1,-1,
1765570254015,CameraCapture,2932982541295448465,frame_captured_main,1765570253536,953,1536,864,43,-1,-1,-1,-1,-1,-1,-1,-1,-1,-1,-1,-1,-1,-1,-1,-1,-1,-1,-1,-1,
1765570254015,CameraCapture,2932982541295448465,frame_captured_tpu,1765570253536,953,300,300,43,-1,-1,-1,-1,-1,-1,-1,-1,-1,-1,-1,-1,-1,-1,-1,-1,-1,-1,-1,-1,
1765570254062,CameraCapture,2932982541295448465,frame_captured_main,1765570253581,954,1536,864,43,-1,-1,-1,-1,-1,-1,-1,-1,-1,-1,-1,-1,-1,-1,-1,-1,-1,-1,-1,-1,
1765570254062,CameraCapture,2932982541295448465,frame_captured_tpu,1765570253581,954,300,300,43,-1,-1,-1,-1,-1,-1,-1,-1,-1,-1,-1,-1,-1,-1,-1,-1,-1,-1,-1,-1,
1765570254104,CameraCapture,2932982541295448465,frame_captured_main,1765570253624,955,1536,864,43,-1,-1,-1,-1,-1,-1,-1,-1,-1,-1,-1,-1,-1,-1,-1,-1,-1,-1,-1,-1,
1765570254104,CameraCapture,2932982541295448465,frame_captured_tpu,1765570253624,955,300,300,43,-1,-1,-1,-1,-1,-1,-1,-1,-1,-1,-1,-1,-1,-1,-1,-1,-1,-1,-1,-1,
1765570254148,CameraCapture,2932982541295448465,frame_captured_main,1765570253669,956,1536,864,43,-1,-1,-1,-1,-1,-1,-1,-1,-1,-1,-1,-1,-1,-1,-1,-1,-1,-1,-1,-1,
1765570254148,CameraCapture,2932982541295448465,frame_captured_tpu,1765570253669,956,300,300,43,-1,-1,-1,-1,-1,-1,-1,-1,-1,-1,-1,-1,-1,-1,-1,-1,-1,-1,-1,-1,
1765570254192,CameraCapture,2932982541295448465,frame_captured_main,1765570253714,957,1536,864,43,-1,-1,-1,-1,-1,-1,-1,-1,-1,-1,-1,-1,-1,-1,-1,-1,-1,-1,-1,-1,
1765570254192,CameraCapture,2932982541295448465,frame_captured_tpu,1765570253714,957,300,300,43,-1,-1,-1,-1,-1,-1,-1,-1,-1,-1,-1,-1,-1,-1,-1,-1,-1,-1,-1,-1,
1765570254237,CameraCapture,2932982541295448465,frame_captured_main,1765570253758,958,1536,864,43,-1,-1,-1,-1,-1,-1,-1,-1,-1,-1,-1,-1,-1,-1,-1,-1,-1,-1,-1,-1,
1765570254237,CameraCapture,2932982541295448465,frame_captured_tpu,1765570253758,958,300,300,43,-1,-1,-1,-1,-1,-1,-1,-1,-1,-1,-1,-1,-1,-1,-1,-1,-1,-1,-1,-1,
1765570254281,CameraCapture,2932982541295448465,frame_captured_main,1765570253802,959,1536,864,43,-1,-1,-1,-1,-1,-1,-1,-1,-1,-1,-1,-1,-1,-1,-1,-1,-1,-1,-1,-1,
1765570254281,CameraCapture,2932982541295448465,frame_captured_tpu,1765570253802,959,300,300,43,-1,-1,-1,-1,-1,-1,-1,-1,-1,-1,-1,-1,-1,-1,-1,-1,-1,-1,-1,-1,
1765570254325,CameraCapture,2932982541295448465,frame_captured_main,1765570253845,960,1536,864,43,-1,-1,-1,-1,-1,-1,-1,-1,-1,-1,-1,-1,-1,-1,-1,-1,-1,-1,-1,-1,
1765570254325,CameraCapture,2932982541295448465,frame_captured_tpu,1765570253845,960,300,300,43,-1,-1,-1,-1,-1,-1,-1,-1,-1,-1,-1,-1,-1,-1,-1,-1,-1,-1,-1,-1,
1765570254368,CameraCapture,2932982541295448465,frame_captured_main,1765570253889,961,1536,864,43,-1,-1,-1,-1,-1,-1,-1,-1,-1,-1,-1,-1,-1,-1,-1,-1,-1,-1,-1,-1,
1765570254368,CameraCapture,2932982541295448465,frame_captured_tpu,1765570253889,961,300,300,43,-1,-1,-1,-1,-1,-1,-1,-1,-1,-1,-1,-1,-1,-1,-1,-1,-1,-1,-1,-1,
1765570254414,CameraCapture,2932982541295448465,frame_captured_main,1765570253934,962,1536,864,43,-1,-1,-1,-1,-1,-1,-1,-1,-1,-1,-1,-1,-1,-1,-1,-1,-1,-1,-1,-1,
1765570254414,CameraCapture,2932982541295448465,frame_captured_tpu,1765570253934,962,300,300,43,-1,-1,-1,-1,-1,-1,-1,-1,-1,-1,-1,-1,-1,-1,-1,-1,-1,-1,-1,-1,
1765570254457,CameraCapture,2932982541295448465,frame_captured_main,1765570253978,963,1536,864,43,-1,-1,-1,-1,-1,-1,-1,-1,-1,-1,-1,-1,-1,-1,-1,-1,-1,-1,-1,-1,
1765570254457,CameraCapture,2932982541295448465,frame_captured_tpu,1765570253978,963,300,300,43,-1,-1,-1,-1,-1,-1,-1,-1,-1,-1,-1,-1,-1,-1,-1,-1,-1,-1,-1,-1,
1765570254502,CameraCapture,2932982541295448465,frame_captured_main,1765570254023,964,1536,864,43,-1,-1,-1,-1,-1,-1,-1,-1,-1,-1,-1,-1,-1,-1,-1,-1,-1,-1,-1,-1,
1765570254502,CameraCapture,2932982541295448465,frame_captured_tpu,1765570254023,964,300,300,43,-1,-1,-1,-1,-1,-1,-1,-1,-1,-1,-1,-1,-1,-1,-1,-1,-1,-1,-1,-1,
1765570254545,CameraCapture,2932982541295448465,frame_captured_main,1765570254067,965,1536,864,43,-1,-1,-1,-1,-1,-1,-1,-1,-1,-1,-1,-1,-1,-1,-1,-1,-1,-1,-1,-1,
1765570254545,CameraCapture,2932982541295448465,frame_captured_tpu,1765570254067,965,300,300,43,-1,-1,-1,-1,-1,-1,-1,-1,-1,-1,-1,-1,-1,-1,-1,-1,-1,-1,-1,-1,
1765570254590,CameraCapture,2932982541295448465,frame_captured_main,1765570254111,966,1536,864,43,-1,-1,-1,-1,-1,-1,-1,-1,-1,-1,-1,-1,-1,-1,-1,-1,-1,-1,-1,-1,
1765570254590,CameraCapture,2932982541295448465,frame_captured_tpu,1765570254111,966,300,300,43,-1,-1,-1,-1,-1,-1,-1,-1,-1,-1,-1,-1,-1,-1,-1,-1,-1,-1,-1,-1,
1765570254634,CameraCapture,2932982541295448465,frame_captured_main,1765570254155,967,1536,864,43,-1,-1,-1,-1,-1,-1,-1,-1,-1,-1,-1,-1,-1,-1,-1,-1,-1,-1,-1,-1,
1765570254634,CameraCapture,2932982541295448465,frame_captured_tpu,1765570254155,967,300,300,43,-1,-1,-1,-1,-1,-1,-1,-1,-1,-1,-1,-1,-1,-1,-1,-1,-1,-1,-1,-1,
1765570254678,CameraCapture,2932982541295448465,frame_captured_main,1765570254198,968,1536,864,43,-1,-1,-1,-1,-1,-1,-1,-1,-1,-1,-1,-1,-1,-1,-1,-1,-1,-1,-1,-1,
1765570254678,CameraCapture,2932982541295448465,frame_captured_tpu,1765570254198,968,300,300,43,-1,-1,-1,-1,-1,-1,-1,-1,-1,-1,-1,-1,-1,-1,-1,-1,-1,-1,-1,-1,
1765570254721,CameraCapture,2932982541295448465,frame_captured_main,1765570254242,969,1536,864,43,-1,-1,-1,-1,-1,-1,-1,-1,-1,-1,-1,-1,-1,-1,-1,-1,-1,-1,-1,-1,
1765570254721,CameraCapture,2932982541295448465,frame_captured_tpu,1765570254242,969,300,300,43,-1,-1,-1,-1,-1,-1,-1,-1,-1,-1,-1,-1,-1,-1,-1,-1,-1,-1,-1,-1,
1765570254767,CameraCapture,2932982541295448465,frame_captured_main,1765570254286,970,1536,864,43,-1,-1,-1,-1,-1,-1,-1,-1,-1,-1,-1,-1,-1,-1,-1,-1,-1,-1,-1,-1,
1765570254767,CameraCapture,2932982541295448465,frame_captured_tpu,1765570254286,970,300,300,43,-1,-1,-1,-1,-1,-1,-1,-1,-1,-1,-1,-1,-1,-1,-1,-1,-1,-1,-1,-1,
1765570254811,CameraCapture,2932982541295448465,frame_captured_main,1765570254332,971,1536,864,43,-1,-1,-1,-1,-1,-1,-1,-1,-1,-1,-1,-1,-1,-1,-1,-1,-1,-1,-1,-1,
1765570254811,CameraCapture,2932982541295448465,frame_captured_tpu,1765570254332,971,300,300,43,-1,-1,-1,-1,-1,-1,-1,-1,-1,-1,-1,-1,-1,-1,-1,-1,-1,-1,-1,-1,
1765570254855,CameraCapture,2932982541295448465,frame_captured_main,1765570254376,972,1536,864,43,-1,-1,-1,-1,-1,-1,-1,-1,-1,-1,-1,-1,-1,-1,-1,-1,-1,-1,-1,-1,
1765570254855,CameraCapture,2932982541295448465,frame_captured_tpu,1765570254376,972,300,300,43,-1,-1,-1,-1,-1,-1,-1,-1,-1,-1,-1,-1,-1,-1,-1,-1,-1,-1,-1,-1,
1765570254898,CameraCapture,2932982541295448465,frame_captured_main,1765570254420,973,1536,864,43,-1,-1,-1,-1,-1,-1,-1,-1,-1,-1,-1,-1,-1,-1,-1,-1,-1,-1,-1,-1,
1765570254898,CameraCapture,2932982541295448465,frame_captured_tpu,1765570254420,973,300,300,43,-1,-1,-1,-1,-1,-1,-1,-1,-1,-1,-1,-1,-1,-1,-1,-1,-1,-1,-1,-1,
1765570254943,CameraCapture,2932982541295448465,frame_captured_main,1765570254463,974,1536,864,43,-1,-1,-1,-1,-1,-1,-1,-1,-1,-1,-1,-1,-1,-1,-1,-1,-1,-1,-1,-1,
1765570254943,CameraCapture,2932982541295448465,frame_captured_tpu,1765570254463,974,300,300,43,-1,-1,-1,-1,-1,-1,-1,-1,-1,-1,-1,-1,-1,-1,-1,-1,-1,-1,-1,-1,
1765570254987,CameraCapture,2932982541295448465,frame_captured_main,1765570254508,975,1536,864,43,-1,-1,-1,-1,-1,-1,-1,-1,-1,-1,-1,-1,-1,-1,-1,-1,-1,-1,-1,-1,
1765570254987,CameraCapture,2932982541295448465,frame_captured_tpu,1765570254508,975,300,300,43,-1,-1,-1,-1,-1,-1,-1,-1,-1,-1,-1,-1,-1,-1,-1,-1,-1,-1,-1,-1,
1765570255031,CameraCapture,2932982541295448465,frame_captured_main,1765570254551,976,1536,864,43,-1,-1,-1,-1,-1,-1,-1,-1,-1,-1,-1,-1,-1,-1,-1,-1,-1,-1,-1,-1,
1765570255031,CameraCapture,2932982541295448465,frame_captured_tpu,1765570254551,976,300,300,43,-1,-1,-1,-1,-1,-1,-1,-1,-1,-1,-1,-1,-1,-1,-1,-1,-1,-1,-1,-1,
1765570255074,CameraCapture,2932982541295448465,frame_captured_main,1765570254595,977,1536,864,43,-1,-1,-1,-1,-1,-1,-1,-1,-1,-1,-1,-1,-1,-1,-1,-1,-1,-1,-1,-1,
1765570255074,CameraCapture,2932982541295448465,frame_captured_tpu,1765570254595,977,300,300,43,-1,-1,-1,-1,-1,-1,-1,-1,-1,-1,-1,-1,-1,-1,-1,-1,-1,-1,-1,-1,
1765570255120,CameraCapture,2932982541295448465,frame_captured_main,1765570254639,978,1536,864,43,-1,-1,-1,-1,-1,-1,-1,-1,-1,-1,-1,-1,-1,-1,-1,-1,-1,-1,-1,-1,
1765570255120,CameraCapture,2932982541295448465,frame_captured_tpu,1765570254639,978,300,300,43,-1,-1,-1,-1,-1,-1,-1,-1,-1,-1,-1,-1,-1,-1,-1,-1,-1,-1,-1,-1,
1765570255164,CameraCapture,2932982541295448465,frame_captured_main,1765570254685,979,1536,864,43,-1,-1,-1,-1,-1,-1,-1,-1,-1,-1,-1,-1,-1,-1,-1,-1,-1,-1,-1,-1,
1765570255164,CameraCapture,2932982541295448465,frame_captured_tpu,1765570254685,979,300,300,43,-1,-1,-1,-1,-1,-1,-1,-1,-1,-1,-1,-1,-1,-1,-1,-1,-1,-1,-1,-1,
1765570255208,CameraCapture,2932982541295448465,frame_captured_main,1765570254729,980,1536,864,43,-1,-1,-1,-1,-1,-1,-1,-1,-1,-1,-1,-1,-1,-1,-1,-1,-1,-1,-1,-1,
1765570255208,CameraCapture,2932982541295448465,frame_captured_tpu,1765570254729,980,300,300,43,-1,-1,-1,-1,-1,-1,-1,-1,-1,-1,-1,-1,-1,-1,-1,-1,-1,-1,-1,-1,
1765570255251,CameraCapture,2932982541295448465,frame_captured_main,1765570254772,981,1536,864,43,-1,-1,-1,-1,-1,-1,-1,-1,-1,-1,-1,-1,-1,-1,-1,-1,-1,-1,-1,-1,
1765570255251,CameraCapture,2932982541295448465,frame_captured_tpu,1765570254772,981,300,300,43,-1,-1,-1,-1,-1,-1,-1,-1,-1,-1,-1,-1,-1,-1,-1,-1,-1,-1,-1,-1,
1765570255296,CameraCapture,2932982541295448465,frame_captured_main,1765570254816,982,1536,864,43,-1,-1,-1,-1,-1,-1,-1,-1,-1,-1,-1,-1,-1,-1,-1,-1,-1,-1,-1,-1,
1765570255296,CameraCapture,2932982541295448465,frame_captured_tpu,1765570254816,982,300,300,43,-1,-1,-1,-1,-1,-1,-1,-1,-1,-1,-1,-1,-1,-1,-1,-1,-1,-1,-1,-1,
1765570255340,CameraCapture,2932982541295448465,frame_captured_main,1765570254861,983,1536,864,43,-1,-1,-1,-1,-1,-1,-1,-1,-1,-1,-1,-1,-1,-1,-1,-1,-1,-1,-1,-1,
1765570255340,CameraCapture,2932982541295448465,frame_captured_tpu,1765570254861,983,300,300,43,-1,-1,-1,-1,-1,-1,-1,-1,-1,-1,-1,-1,-1,-1,-1,-1,-1,-1,-1,-1,
1765570255384,CameraCapture,2932982541295448465,frame_captured_main,1765570254904,984,1536,864,43,-1,-1,-1,-1,-1,-1,-1,-1,-1,-1,-1,-1,-1,-1,-1,-1,-1,-1,-1,-1,
1765570255384,CameraCapture,2932982541295448465,frame_captured_tpu,1765570254904,984,300,300,43,-1,-1,-1,-1,-1,-1,-1,-1,-1,-1,-1,-1,-1,-1,-1,-1,-1,-1,-1,-1,
1765570255427,CameraCapture,2932982541295448465,frame_captured_main,1765570254948,985,1536,864,43,-1,-1,-1,-1,-1,-1,-1,-1,-1,-1,-1,-1,-1,-1,-1,-1,-1,-1,-1,-1,
1765570255427,CameraCapture,2932982541295448465,frame_captured_tpu,1765570254948,985,300,300,43,-1,-1,-1,-1,-1,-1,-1,-1,-1,-1,-1,-1,-1,-1,-1,-1,-1,-1,-1,-1,
1765570255473,CameraCapture,2932982541295448465,frame_captured_main,1765570254993,986,1536,864,43,-1,-1,-1,-1,-1,-1,-1,-1,-1,-1,-1,-1,-1,-1,-1,-1,-1,-1,-1,-1,
1765570255473,CameraCapture,2932982541295448465,frame_captured_tpu,1765570254993,986,300,300,43,-1,-1,-1,-1,-1,-1,-1,-1,-1,-1,-1,-1,-1,-1,-1,-1,-1,-1,-1,-1,
1765570255516,CameraCapture,2932982541295448465,frame_captured_main,1765570255037,987,1536,864,43,-1,-1,-1,-1,-1,-1,-1,-1,-1,-1,-1,-1,-1,-1,-1,-1,-1,-1,-1,-1,
1765570255516,CameraCapture,2932982541295448465,frame_captured_tpu,1765570255037,987,300,300,43,-1,-1,-1,-1,-1,-1,-1,-1,-1,-1,-1,-1,-1,-1,-1,-1,-1,-1,-1,-1,
1765570255561,CameraCapture,2932982541295448465,frame_captured_main,1765570255081,988,1536,864,43,-1,-1,-1,-1,-1,-1,-1,-1,-1,-1,-1,-1,-1,-1,-1,-1,-1,-1,-1,-1,
1765570255561,CameraCapture,2932982541295448465,frame_captured_tpu,1765570255081,988,300,300,43,-1,-1,-1,-1,-1,-1,-1,-1,-1,-1,-1,-1,-1,-1,-1,-1,-1,-1,-1,-1,
1765570255605,CameraCapture,2932982541295448465,frame_captured_main,1765570255126,989,1536,864,43,-1,-1,-1,-1,-1,-1,-1,-1,-1,-1,-1,-1,-1,-1,-1,-1,-1,-1,-1,-1,
1765570255605,CameraCapture,2932982541295448465,frame_captured_tpu,1765570255126,989,300,300,43,-1,-1,-1,-1,-1,-1,-1,-1,-1,-1,-1,-1,-1,-1,-1,-1,-1,-1,-1,-1,
1765570255650,CameraCapture,2932982541295448465,frame_captured_main,1765570255169,990,1536,864,43,-1,-1,-1,-1,-1,-1,-1,-1,-1,-1,-1,-1,-1,-1,-1,-1,-1,-1,-1,-1,
1765570255650,CameraCapture,2932982541295448465,frame_captured_tpu,1765570255169,990,300,300,43,-1,-1,-1,-1,-1,-1,-1,-1,-1,-1,-1,-1,-1,-1,-1,-1,-1,-1,-1,-1,
1765570255693,CameraCapture,2932982541295448465,frame_captured_main,1765570255214,991,1536,864,43,-1,-1,-1,-1,-1,-1,-1,-1,-1,-1,-1,-1,-1,-1,-1,-1,-1,-1,-1,-1,
1765570255693,CameraCapture,2932982541295448465,frame_captured_tpu,1765570255214,991,300,300,43,-1,-1,-1,-1,-1,-1,-1,-1,-1,-1,-1,-1,-1,-1,-1,-1,-1,-1,-1,-1,
1765570255737,CameraCapture,2932982541295448465,frame_captured_main,1765570255257,992,1536,864,43,-1,-1,-1,-1,-1,-1,-1,-1,-1,-1,-1,-1,-1,-1,-1,-1,-1,-1,-1,-1,
1765570255737,CameraCapture,2932982541295448465,frame_captured_tpu,1765570255257,992,300,300,43,-1,-1,-1,-1,-1,-1,-1,-1,-1,-1,-1,-1,-1,-1,-1,-1,-1,-1,-1,-1,
1765570255781,CameraCapture,2932982541295448465,frame_captured_main,1765570255302,993,1536,864,43,-1,-1,-1,-1,-1,-1,-1,-1,-1,-1,-1,-1,-1,-1,-1,-1,-1,-1,-1,-1,
1765570255781,CameraCapture,2932982541295448465,frame_captured_tpu,1765570255302,993,300,300,43,-1,-1,-1,-1,-1,-1,-1,-1,-1,-1,-1,-1,-1,-1,-1,-1,-1,-1,-1,-1,
1765570255826,CameraCapture,2932982541295448465,frame_captured_main,1765570255347,994,1536,864,43,-1,-1,-1,-1,-1,-1,-1,-1,-1,-1,-1,-1,-1,-1,-1,-1,-1,-1,-1,-1,
1765570255826,CameraCapture,2932982541295448465,frame_captured_tpu,1765570255347,994,300,300,43,-1,-1,-1,-1,-1,-1,-1,-1,-1,-1,-1,-1,-1,-1,-1,-1,-1,-1,-1,-1,
1765570255869,CameraCapture,2932982541295448465,frame_captured_main,1765570255390,995,1536,864,43,-1,-1,-1,-1,-1,-1,-1,-1,-1,-1,-1,-1,-1,-1,-1,-1,-1,-1,-1,-1,
1765570255869,CameraCapture,2932982541295448465,frame_captured_tpu,1765570255390,995,300,300,43,-1,-1,-1,-1,-1,-1,-1,-1,-1,-1,-1,-1,-1,-1,-1,-1,-1,-1,-1,-1,
1765570255915,CameraCapture,2932982541295448465,frame_captured_main,1765570255435,996,1536,864,43,-1,-1,-1,-1,-1,-1,-1,-1,-1,-1,-1,-1,-1,-1,-1,-1,-1,-1,-1,-1,
1765570255915,CameraCapture,2932982541295448465,frame_captured_tpu,1765570255435,996,300,300,43,-1,-1,-1,-1,-1,-1,-1,-1,-1,-1,-1,-1,-1,-1,-1,-1,-1,-1,-1,-1,
1765570255957,CameraCapture,2932982541295448465,frame_captured_main,1765570255479,997,1536,864,43,-1,-1,-1,-1,-1,-1,-1,-1,-1,-1,-1,-1,-1,-1,-1,-1,-1,-1,-1,-1,
1765570255957,CameraCapture,2932982541295448465,frame_captured_tpu,1765570255479,997,300,300,43,-1,-1,-1,-1,-1,-1,-1,-1,-1,-1,-1,-1,-1,-1,-1,-1,-1,-1,-1,-1,
1765570256002,CameraCapture,2932982541295448465,frame_captured_main,1765570255522,998,1536,864,43,-1,-1,-1,-1,-1,-1,-1,-1,-1,-1,-1,-1,-1,-1,-1,-1,-1,-1,-1,-1,
1765570256002,CameraCapture,2932982541295448465,frame_captured_tpu,1765570255522,998,300,300,43,-1,-1,-1,-1,-1,-1,-1,-1,-1,-1,-1,-1,-1,-1,-1,-1,-1,-1,-1,-1,
1765570256046,CameraCapture,2932982541295448465,frame_captured_main,1765570255567,999,1536,864,43,-1,-1,-1,-1,-1,-1,-1,-1,-1,-1,-1,-1,-1,-1,-1,-1,-1,-1,-1,-1,
1765570256046,CameraCapture,2932982541295448465,frame_captured_tpu,1765570255567,999,300,300,43,-1,-1,-1,-1,-1,-1,-1,-1,-1,-1,-1,-1,-1,-1,-1,-1,-1,-1,-1,-1,
1765570256090,CameraCapture,2932982541295448465,frame_captured_main,1765570255610,1000,1536,864,43,-1,-1,-1,-1,-1,-1,-1,-1,-1,-1,-1,-1,-1,-1,-1,-1,-1,-1,-1,-1,
1765570256090,CameraCapture,2932982541295448465,frame_captured_tpu,1765570255610,1000,300,300,43,-1,-1,-1,-1,-1,-1,-1,-1,-1,-1,-1,-1,-1,-1,-1,-1,-1,-1,-1,-1,
1765570256134,CameraCapture,2932982541295448465,frame_captured_main,1765570255655,1001,1536,864,43,-1,-1,-1,-1,-1,-1,-1,-1,-1,-1,-1,-1,-1,-1,-1,-1,-1,-1,-1,-1,
1765570256134,CameraCapture,2932982541295448465,frame_captured_tpu,1765570255655,1001,300,300,43,-1,-1,-1,-1,-1,-1,-1,-1,-1,-1,-1,-1,-1,-1,-1,-1,-1,-1,-1,-1,
1765570256179,CameraCapture,2932982541295448465,frame_captured_main,1765570255700,1002,1536,864,43,-1,-1,-1,-1,-1,-1,-1,-1,-1,-1,-1,-1,-1,-1,-1,-1,-1,-1,-1,-1,
1765570256179,CameraCapture,2932982541295448465,frame_captured_tpu,1765570255700,1002,300,300,43,-1,-1,-1,-1,-1,-1,-1,-1,-1,-1,-1,-1,-1,-1,-1,-1,-1,-1,-1,-1,
1765570256223,CameraCapture,2932982541295448465,frame_captured_main,1765570255744,1003,1536,864,43,-1,-1,-1,-1,-1,-1,-1,-1,-1,-1,-1,-1,-1,-1,-1,-1,-1,-1,-1,-1,
1765570256223,CameraCapture,2932982541295448465,frame_captured_tpu,1765570255744,1003,300,300,43,-1,-1,-1,-1,-1,-1,-1,-1,-1,-1,-1,-1,-1,-1,-1,-1,-1,-1,-1,-1,
1765570256267,CameraCapture,2932982541295448465,frame_captured_main,1765570255788,1004,1536,864,43,-1,-1,-1,-1,-1,-1,-1,-1,-1,-1,-1,-1,-1,-1,-1,-1,-1,-1,-1,-1,
1765570256267,CameraCapture,2932982541295448465,frame_captured_tpu,1765570255788,1004,300,300,43,-1,-1,-1,-1,-1,-1,-1,-1,-1,-1,-1,-1,-1,-1,-1,-1,-1,-1,-1,-1,
1765570256310,CameraCapture,2932982541295448465,frame_captured_main,1765570255831,1005,1536,864,43,-1,-1,-1,-1,-1,-1,-1,-1,-1,-1,-1,-1,-1,-1,-1,-1,-1,-1,-1,-1,
1765570256310,CameraCapture,2932982541295448465,frame_captured_tpu,1765570255831,1005,300,300,43,-1,-1,-1,-1,-1,-1,-1,-1,-1,-1,-1,-1,-1,-1,-1,-1,-1,-1,-1,-1,
1765570256356,CameraCapture,2932982541295448465,frame_captured_main,1765570255876,1006,1536,864,43,-1,-1,-1,-1,-1,-1,-1,-1,-1,-1,-1,-1,-1,-1,-1,-1,-1,-1,-1,-1,
1765570256356,CameraCapture,2932982541295448465,frame_captured_tpu,1765570255876,1006,300,300,43,-1,-1,-1,-1,-1,-1,-1,-1,-1,-1,-1,-1,-1,-1,-1,-1,-1,-1,-1,-1,
1765570256399,CameraCapture,2932982541295448465,frame_captured_main,1765570255920,1007,1536,864,43,-1,-1,-1,-1,-1,-1,-1,-1,-1,-1,-1,-1,-1,-1,-1,-1,-1,-1,-1,-1,
1765570256399,CameraCapture,2932982541295448465,frame_captured_tpu,1765570255920,1007,300,300,43,-1,-1,-1,-1,-1,-1,-1,-1,-1,-1,-1,-1,-1,-1,-1,-1,-1,-1,-1,-1,
1765570256443,CameraCapture,2932982541295448465,frame_captured_main,1765570255963,1008,1536,864,43,-1,-1,-1,-1,-1,-1,-1,-1,-1,-1,-1,-1,-1,-1,-1,-1,-1,-1,-1,-1,
1765570256443,CameraCapture,2932982541295448465,frame_captured_tpu,1765570255963,1008,300,300,43,-1,-1,-1,-1,-1,-1,-1,-1,-1,-1,-1,-1,-1,-1,-1,-1,-1,-1,-1,-1,
1765570256486,CameraCapture,2932982541295448465,frame_captured_main,1765570256007,1009,1536,864,43,-1,-1,-1,-1,-1,-1,-1,-1,-1,-1,-1,-1,-1,-1,-1,-1,-1,-1,-1,-1,
1765570256486,CameraCapture,2932982541295448465,frame_captured_tpu,1765570256007,1009,300,300,43,-1,-1,-1,-1,-1,-1,-1,-1,-1,-1,-1,-1,-1,-1,-1,-1,-1,-1,-1,-1,
1765570256532,CameraCapture,2932982541295448465,frame_captured_main,1765570256052,1010,1536,864,43,-1,-1,-1,-1,-1,-1,-1,-1,-1,-1,-1,-1,-1,-1,-1,-1,-1,-1,-1,-1,
1765570256532,CameraCapture,2932982541295448465,frame_captured_tpu,1765570256052,1010,300,300,43,-1,-1,-1,-1,-1,-1,-1,-1,-1,-1,-1,-1,-1,-1,-1,-1,-1,-1,-1,-1,
1765570256575,CameraCapture,2932982541295448465,frame_captured_main,1765570256096,1011,1536,864,43,-1,-1,-1,-1,-1,-1,-1,-1,-1,-1,-1,-1,-1,-1,-1,-1,-1,-1,-1,-1,
1765570256575,CameraCapture,2932982541295448465,frame_captured_tpu,1765570256096,1011,300,300,43,-1,-1,-1,-1,-1,-1,-1,-1,-1,-1,-1,-1,-1,-1,-1,-1,-1,-1,-1,-1,
1765570256620,CameraCapture,2932982541295448465,frame_captured_main,1765570256140,1012,1536,864,43,-1,-1,-1,-1,-1,-1,-1,-1,-1,-1,-1,-1,-1,-1,-1,-1,-1,-1,-1,-1,
1765570256620,CameraCapture,2932982541295448465,frame_captured_tpu,1765570256140,1012,300,300,43,-1,-1,-1,-1,-1,-1,-1,-1,-1,-1,-1,-1,-1,-1,-1,-1,-1,-1,-1,-1,
1765570256663,CameraCapture,2932982541295448465,frame_captured_main,1765570256185,1013,1536,864,43,-1,-1,-1,-1,-1,-1,-1,-1,-1,-1,-1,-1,-1,-1,-1,-1,-1,-1,-1,-1,
1765570256663,CameraCapture,2932982541295448465,frame_captured_tpu,1765570256185,1013,300,300,43,-1,-1,-1,-1,-1,-1,-1,-1,-1,-1,-1,-1,-1,-1,-1,-1,-1,-1,-1,-1,
1765570256708,CameraCapture,2932982541295448465,frame_captured_main,1765570256228,1014,1536,864,43,-1,-1,-1,-1,-1,-1,-1,-1,-1,-1,-1,-1,-1,-1,-1,-1,-1,-1,-1,-1,
1765570256708,CameraCapture,2932982541295448465,frame_captured_tpu,1765570256228,1014,300,300,43,-1,-1,-1,-1,-1,-1,-1,-1,-1,-1,-1,-1,-1,-1,-1,-1,-1,-1,-1,-1,
1765570256752,CameraCapture,2932982541295448465,frame_captured_main,1765570256273,1015,1536,864,43,-1,-1,-1,-1,-1,-1,-1,-1,-1,-1,-1,-1,-1,-1,-1,-1,-1,-1,-1,-1,
1765570256752,CameraCapture,2932982541295448465,frame_captured_tpu,1765570256273,1015,300,300,43,-1,-1,-1,-1,-1,-1,-1,-1,-1,-1,-1,-1,-1,-1,-1,-1,-1,-1,-1,-1,
1765570256796,CameraCapture,2932982541295448465,frame_captured_main,1765570256316,1016,1536,864,43,-1,-1,-1,-1,-1,-1,-1,-1,-1,-1,-1,-1,-1,-1,-1,-1,-1,-1,-1,-1,
1765570256796,CameraCapture,2932982541295448465,frame_captured_tpu,1765570256316,1016,300,300,43,-1,-1,-1,-1,-1,-1,-1,-1,-1,-1,-1,-1,-1,-1,-1,-1,-1,-1,-1,-1,
1765570256839,CameraCapture,2932982541295448465,frame_captured_main,1765570256361,1017,1536,864,43,-1,-1,-1,-1,-1,-1,-1,-1,-1,-1,-1,-1,-1,-1,-1,-1,-1,-1,-1,-1,
1765570256839,CameraCapture,2932982541295448465,frame_captured_tpu,1765570256361,1017,300,300,43,-1,-1,-1,-1,-1,-1,-1,-1,-1,-1,-1,-1,-1,-1,-1,-1,-1,-1,-1,-1,
1765570256887,CameraCapture,2932982541295448465,frame_captured_main,1765570256406,1018,1536,864,43,-1,-1,-1,-1,-1,-1,-1,-1,-1,-1,-1,-1,-1,-1,-1,-1,-1,-1,-1,-1,
1765570256887,CameraCapture,2932982541295448465,frame_captured_tpu,1765570256406,1018,300,300,43,-1,-1,-1,-1,-1,-1,-1,-1,-1,-1,-1,-1,-1,-1,-1,-1,-1,-1,-1,-1,
1765570256929,CameraCapture,2932982541295448465,frame_captured_main,1765570256450,1019,1536,864,43,-1,-1,-1,-1,-1,-1,-1,-1,-1,-1,-1,-1,-1,-1,-1,-1,-1,-1,-1,-1,
1765570256929,CameraCapture,2932982541295448465,frame_captured_tpu,1765570256450,1019,300,300,43,-1,-1,-1,-1,-1,-1,-1,-1,-1,-1,-1,-1,-1,-1,-1,-1,-1,-1,-1,-1,
1765570256973,CameraCapture,2932982541295448465,frame_captured_main,1765570256494,1020,1536,864,43,-1,-1,-1,-1,-1,-1,-1,-1,-1,-1,-1,-1,-1,-1,-1,-1,-1,-1,-1,-1,
1765570256973,CameraCapture,2932982541295448465,frame_captured_tpu,1765570256494,1020,300,300,43,-1,-1,-1,-1,-1,-1,-1,-1,-1,-1,-1,-1,-1,-1,-1,-1,-1,-1,-1,-1,
1765570257016,CameraCapture,2932982541295448465,frame_captured_main,1765570256537,1021,1536,864,43,-1,-1,-1,-1,-1,-1,-1,-1,-1,-1,-1,-1,-1,-1,-1,-1,-1,-1,-1,-1,
1765570257016,CameraCapture,2932982541295448465,frame_captured_tpu,1765570256537,1021,300,300,43,-1,-1,-1,-1,-1,-1,-1,-1,-1,-1,-1,-1,-1,-1,-1,-1,-1,-1,-1,-1,
1765570257061,CameraCapture,2932982541295448465,frame_captured_main,1765570256581,1022,1536,864,43,-1,-1,-1,-1,-1,-1,-1,-1,-1,-1,-1,-1,-1,-1,-1,-1,-1,-1,-1,-1,
1765570257061,CameraCapture,2932982541295448465,frame_captured_tpu,1765570256581,1022,300,300,43,-1,-1,-1,-1,-1,-1,-1,-1,-1,-1,-1,-1,-1,-1,-1,-1,-1,-1,-1,-1,
1765570257105,CameraCapture,2932982541295448465,frame_captured_main,1765570256626,1023,1536,864,43,-1,-1,-1,-1,-1,-1,-1,-1,-1,-1,-1,-1,-1,-1,-1,-1,-1,-1,-1,-1,
1765570257105,CameraCapture,2932982541295448465,frame_captured_tpu,1765570256626,1023,300,300,43,-1,-1,-1,-1,-1,-1,-1,-1,-1,-1,-1,-1,-1,-1,-1,-1,-1,-1,-1,-1,
1765570257149,CameraCapture,2932982541295448465,frame_captured_main,1765570256669,1024,1536,864,43,-1,-1,-1,-1,-1,-1,-1,-1,-1,-1,-1,-1,-1,-1,-1,-1,-1,-1,-1,-1,
1765570257149,CameraCapture,2932982541295448465,frame_captured_tpu,1765570256669,1024,300,300,43,-1,-1,-1,-1,-1,-1,-1,-1,-1,-1,-1,-1,-1,-1,-1,-1,-1,-1,-1,-1,
1765570257193,CameraCapture,2932982541295448465,frame_captured_main,1765570256715,1025,1536,864,43,-1,-1,-1,-1,-1,-1,-1,-1,-1,-1,-1,-1,-1,-1,-1,-1,-1,-1,-1,-1,
1765570257193,CameraCapture,2932982541295448465,frame_captured_tpu,1765570256715,1025,300,300,43,-1,-1,-1,-1,-1,-1,-1,-1,-1,-1,-1,-1,-1,-1,-1,-1,-1,-1,-1,-1,
1765570257238,CameraCapture,2932982541295448465,frame_captured_main,1765570256759,1026,1536,864,43,-1,-1,-1,-1,-1,-1,-1,-1,-1,-1,-1,-1,-1,-1,-1,-1,-1,-1,-1,-1,
1765570257238,CameraCapture,2932982541295448465,frame_captured_tpu,1765570256759,1026,300,300,43,-1,-1,-1,-1,-1,-1,-1,-1,-1,-1,-1,-1,-1,-1,-1,-1,-1,-1,-1,-1,
1765570257281,CameraCapture,2932982541295448465,frame_captured_main,1765570256802,1027,1536,864,43,-1,-1,-1,-1,-1,-1,-1,-1,-1,-1,-1,-1,-1,-1,-1,-1,-1,-1,-1,-1,
1765570257281,CameraCapture,2932982541295448465,frame_captured_tpu,1765570256802,1027,300,300,43,-1,-1,-1,-1,-1,-1,-1,-1,-1,-1,-1,-1,-1,-1,-1,-1,-1,-1,-1,-1,
1765570257326,CameraCapture,2932982541295448465,frame_captured_main,1765570256847,1028,1536,864,43,-1,-1,-1,-1,-1,-1,-1,-1,-1,-1,-1,-1,-1,-1,-1,-1,-1,-1,-1,-1,
1765570257326,CameraCapture,2932982541295448465,frame_captured_tpu,1765570256847,1028,300,300,43,-1,-1,-1,-1,-1,-1,-1,-1,-1,-1,-1,-1,-1,-1,-1,-1,-1,-1,-1,-1,
1765570257369,CameraCapture,2932982541295448465,frame_captured_main,1765570256890,1029,1536,864,43,-1,-1,-1,-1,-1,-1,-1,-1,-1,-1,-1,-1,-1,-1,-1,-1,-1,-1,-1,-1,
1765570257369,CameraCapture,2932982541295448465,frame_captured_tpu,1765570256890,1029,300,300,43,-1,-1,-1,-1,-1,-1,-1,-1,-1,-1,-1,-1,-1,-1,-1,-1,-1,-1,-1,-1,
1765570257415,CameraCapture,2932982541295448465,frame_captured_main,1765570256934,1030,1536,864,43,-1,-1,-1,-1,-1,-1,-1,-1,-1,-1,-1,-1,-1,-1,-1,-1,-1,-1,-1,-1,
1765570257415,CameraCapture,2932982541295448465,frame_captured_tpu,1765570256934,1030,300,300,43,-1,-1,-1,-1,-1,-1,-1,-1,-1,-1,-1,-1,-1,-1,-1,-1,-1,-1,-1,-1,
1765570257458,CameraCapture,2932982541295448465,frame_captured_main,1765570256978,1031,1536,864,43,-1,-1,-1,-1,-1,-1,-1,-1,-1,-1,-1,-1,-1,-1,-1,-1,-1,-1,-1,-1,
1765570257458,CameraCapture,2932982541295448465,frame_captured_tpu,1765570256978,1031,300,300,43,-1,-1,-1,-1,-1,-1,-1,-1,-1,-1,-1,-1,-1,-1,-1,-1,-1,-1,-1,-1,
1765570257502,CameraCapture,2932982541295448465,frame_captured_main,1765570257022,1032,1536,864,43,-1,-1,-1,-1,-1,-1,-1,-1,-1,-1,-1,-1,-1,-1,-1,-1,-1,-1,-1,-1,
1765570257502,CameraCapture,2932982541295448465,frame_captured_tpu,1765570257022,1032,300,300,43,-1,-1,-1,-1,-1,-1,-1,-1,-1,-1,-1,-1,-1,-1,-1,-1,-1,-1,-1,-1,
1765570257545,CameraCapture,2932982541295448465,frame_captured_main,1765570257067,1033,1536,864,43,-1,-1,-1,-1,-1,-1,-1,-1,-1,-1,-1,-1,-1,-1,-1,-1,-1,-1,-1,-1,
1765570257545,CameraCapture,2932982541295448465,frame_captured_tpu,1765570257067,1033,300,300,43,-1,-1,-1,-1,-1,-1,-1,-1,-1,-1,-1,-1,-1,-1,-1,-1,-1,-1,-1,-1,
1765570257591,CameraCapture,2932982541295448465,frame_captured_main,1765570257112,1034,1536,864,43,-1,-1,-1,-1,-1,-1,-1,-1,-1,-1,-1,-1,-1,-1,-1,-1,-1,-1,-1,-1,
1765570257591,CameraCapture,2932982541295448465,frame_captured_tpu,1765570257112,1034,300,300,43,-1,-1,-1,-1,-1,-1,-1,-1,-1,-1,-1,-1,-1,-1,-1,-1,-1,-1,-1,-1,
1765570257642,CameraCapture,2932982541295448465,frame_captured_main,1765570257155,1035,1536,864,43,-1,-1,-1,-1,-1,-1,-1,-1,-1,-1,-1,-1,-1,-1,-1,-1,-1,-1,-1,-1,
1765570257642,CameraCapture,2932982541295448465,frame_captured_tpu,1765570257155,1035,300,300,43,-1,-1,-1,-1,-1,-1,-1,-1,-1,-1,-1,-1,-1,-1,-1,-1,-1,-1,-1,-1,
1765570257679,CameraCapture,2932982541295448465,frame_captured_main,1765570257199,1036,1536,864,43,-1,-1,-1,-1,-1,-1,-1,-1,-1,-1,-1,-1,-1,-1,-1,-1,-1,-1,-1,-1,
1765570257679,CameraCapture,2932982541295448465,frame_captured_tpu,1765570257199,1036,300,300,43,-1,-1,-1,-1,-1,-1,-1,-1,-1,-1,-1,-1,-1,-1,-1,-1,-1,-1,-1,-1,
1765570257722,CameraCapture,2932982541295448465,frame_captured_main,1765570257243,1037,1536,864,43,-1,-1,-1,-1,-1,-1,-1,-1,-1,-1,-1,-1,-1,-1,-1,-1,-1,-1,-1,-1,
1765570257722,CameraCapture,2932982541295448465,frame_captured_tpu,1765570257243,1037,300,300,43,-1,-1,-1,-1,-1,-1,-1,-1,-1,-1,-1,-1,-1,-1,-1,-1,-1,-1,-1,-1,
1765570257767,CameraCapture,2932982541295448465,frame_captured_main,1765570257287,1038,1536,864,43,-1,-1,-1,-1,-1,-1,-1,-1,-1,-1,-1,-1,-1,-1,-1,-1,-1,-1,-1,-1,
1765570257767,CameraCapture,2932982541295448465,frame_captured_tpu,1765570257287,1038,300,300,43,-1,-1,-1,-1,-1,-1,-1,-1,-1,-1,-1,-1,-1,-1,-1,-1,-1,-1,-1,-1,
1765570257812,CameraCapture,2932982541295448465,frame_captured_main,1765570257332,1039,1536,864,43,-1,-1,-1,-1,-1,-1,-1,-1,-1,-1,-1,-1,-1,-1,-1,-1,-1,-1,-1,-1,
1765570257812,CameraCapture,2932982541295448465,frame_captured_tpu,1765570257332,1039,300,300,43,-1,-1,-1,-1,-1,-1,-1,-1,-1,-1,-1,-1,-1,-1,-1,-1,-1,-1,-1,-1,
1765570257856,CameraCapture,2932982541295448465,frame_captured_main,1765570257377,1040,1536,864,43,-1,-1,-1,-1,-1,-1,-1,-1,-1,-1,-1,-1,-1,-1,-1,-1,-1,-1,-1,-1,
1765570257856,CameraCapture,2932982541295448465,frame_captured_tpu,1765570257377,1040,300,300,43,-1,-1,-1,-1,-1,-1,-1,-1,-1,-1,-1,-1,-1,-1,-1,-1,-1,-1,-1,-1,
1765570257899,CameraCapture,2932982541295448465,frame_captured_main,1765570257421,1041,1536,864,43,-1,-1,-1,-1,-1,-1,-1,-1,-1,-1,-1,-1,-1,-1,-1,-1,-1,-1,-1,-1,
1765570257899,CameraCapture,2932982541295448465,frame_captured_tpu,1765570257421,1041,300,300,43,-1,-1,-1,-1,-1,-1,-1,-1,-1,-1,-1,-1,-1,-1,-1,-1,-1,-1,-1,-1,
1765570257944,CameraCapture,2932982541295448465,frame_captured_main,1765570257465,1042,1536,864,43,-1,-1,-1,-1,-1,-1,-1,-1,-1,-1,-1,-1,-1,-1,-1,-1,-1,-1,-1,-1,
1765570257944,CameraCapture,2932982541295448465,frame_captured_tpu,1765570257465,1042,300,300,43,-1,-1,-1,-1,-1,-1,-1,-1,-1,-1,-1,-1,-1,-1,-1,-1,-1,-1,-1,-1,
1765570257987,CameraCapture,2932982541295448465,frame_captured_main,1765570257508,1043,1536,864,43,-1,-1,-1,-1,-1,-1,-1,-1,-1,-1,-1,-1,-1,-1,-1,-1,-1,-1,-1,-1,
1765570257987,CameraCapture,2932982541295448465,frame_captured_tpu,1765570257508,1043,300,300,43,-1,-1,-1,-1,-1,-1,-1,-1,-1,-1,-1,-1,-1,-1,-1,-1,-1,-1,-1,-1,
1765570258032,CameraCapture,2932982541295448465,frame_captured_main,1765570257552,1044,1536,864,43,-1,-1,-1,-1,-1,-1,-1,-1,-1,-1,-1,-1,-1,-1,-1,-1,-1,-1,-1,-1,
1765570258032,CameraCapture,2932982541295448465,frame_captured_tpu,1765570257552,1044,300,300,43,-1,-1,-1,-1,-1,-1,-1,-1,-1,-1,-1,-1,-1,-1,-1,-1,-1,-1,-1,-1,
1765570258076,CameraCapture,2932982541295448465,frame_captured_main,1765570257596,1045,1536,864,43,-1,-1,-1,-1,-1,-1,-1,-1,-1,-1,-1,-1,-1,-1,-1,-1,-1,-1,-1,-1,
1765570258076,CameraCapture,2932982541295448465,frame_captured_tpu,1765570257596,1045,300,300,43,-1,-1,-1,-1,-1,-1,-1,-1,-1,-1,-1,-1,-1,-1,-1,-1,-1,-1,-1,-1,
1765570258120,CameraCapture,2932982541295448465,frame_captured_main,1765570257640,1046,1536,864,43,-1,-1,-1,-1,-1,-1,-1,-1,-1,-1,-1,-1,-1,-1,-1,-1,-1,-1,-1,-1,
1765570258120,CameraCapture,2932982541295448465,frame_captured_tpu,1765570257640,1046,300,300,43,-1,-1,-1,-1,-1,-1,-1,-1,-1,-1,-1,-1,-1,-1,-1,-1,-1,-1,-1,-1,
1765570258164,CameraCapture,2932982541295448465,frame_captured_main,1765570257684,1047,1536,864,43,-1,-1,-1,-1,-1,-1,-1,-1,-1,-1,-1,-1,-1,-1,-1,-1,-1,-1,-1,-1,
1765570258164,CameraCapture,2932982541295448465,frame_captured_tpu,1765570257684,1047,300,300,43,-1,-1,-1,-1,-1,-1,-1,-1,-1,-1,-1,-1,-1,-1,-1,-1,-1,-1,-1,-1,
1765570258208,CameraCapture,2932982541295448465,frame_captured_main,1765570257729,1048,1536,864,43,-1,-1,-1,-1,-1,-1,-1,-1,-1,-1,-1,-1,-1,-1,-1,-1,-1,-1,-1,-1,
1765570258208,CameraCapture,2932982541295448465,frame_captured_tpu,1765570257729,1048,300,300,43,-1,-1,-1,-1,-1,-1,-1,-1,-1,-1,-1,-1,-1,-1,-1,-1,-1,-1,-1,-1,
1765570258252,CameraCapture,2932982541295448465,frame_captured_main,1765570257774,1049,1536,864,43,-1,-1,-1,-1,-1,-1,-1,-1,-1,-1,-1,-1,-1,-1,-1,-1,-1,-1,-1,-1,
1765570258252,CameraCapture,2932982541295448465,frame_captured_tpu,1765570257774,1049,300,300,43,-1,-1,-1,-1,-1,-1,-1,-1,-1,-1,-1,-1,-1,-1,-1,-1,-1,-1,-1,-1,
1765570258297,CameraCapture,2932982541295448465,frame_captured_main,1765570257817,1050,1536,864,43,-1,-1,-1,-1,-1,-1,-1,-1,-1,-1,-1,-1,-1,-1,-1,-1,-1,-1,-1,-1,
1765570258297,CameraCapture,2932982541295448465,frame_captured_tpu,1765570257817,1050,300,300,43,-1,-1,-1,-1,-1,-1,-1,-1,-1,-1,-1,-1,-1,-1,-1,-1,-1,-1,-1,-1,
1765570258341,CameraCapture,2932982541295448465,frame_captured_main,1765570257862,1051,1536,864,43,-1,-1,-1,-1,-1,-1,-1,-1,-1,-1,-1,-1,-1,-1,-1,-1,-1,-1,-1,-1,
1765570258341,CameraCapture,2932982541295448465,frame_captured_tpu,1765570257862,1051,300,300,43,-1,-1,-1,-1,-1,-1,-1,-1,-1,-1,-1,-1,-1,-1,-1,-1,-1,-1,-1,-1,
1765570258385,CameraCapture,2932982541295448465,frame_captured_main,1765570257905,1052,1536,864,43,-1,-1,-1,-1,-1,-1,-1,-1,-1,-1,-1,-1,-1,-1,-1,-1,-1,-1,-1,-1,
1765570258385,CameraCapture,2932982541295448465,frame_captured_tpu,1765570257905,1052,300,300,43,-1,-1,-1,-1,-1,-1,-1,-1,-1,-1,-1,-1,-1,-1,-1,-1,-1,-1,-1,-1,
1765570258428,CameraCapture,2932982541295448465,frame_captured_main,1765570257949,1053,1536,864,43,-1,-1,-1,-1,-1,-1,-1,-1,-1,-1,-1,-1,-1,-1,-1,-1,-1,-1,-1,-1,
1765570258428,CameraCapture,2932982541295448465,frame_captured_tpu,1765570257949,1053,300,300,43,-1,-1,-1,-1,-1,-1,-1,-1,-1,-1,-1,-1,-1,-1,-1,-1,-1,-1,-1,-1,
1765570258473,CameraCapture,2932982541295448465,frame_captured_main,1765570257993,1054,1536,864,43,-1,-1,-1,-1,-1,-1,-1,-1,-1,-1,-1,-1,-1,-1,-1,-1,-1,-1,-1,-1,
1765570258473,CameraCapture,2932982541295448465,frame_captured_tpu,1765570257993,1054,300,300,43,-1,-1,-1,-1,-1,-1,-1,-1,-1,-1,-1,-1,-1,-1,-1,-1,-1,-1,-1,-1,
1765570258517,CameraCapture,2932982541295448465,frame_captured_main,1765570258037,1055,1536,864,43,-1,-1,-1,-1,-1,-1,-1,-1,-1,-1,-1,-1,-1,-1,-1,-1,-1,-1,-1,-1,
1765570258517,CameraCapture,2932982541295448465,frame_captured_tpu,1765570258037,1055,300,300,43,-1,-1,-1,-1,-1,-1,-1,-1,-1,-1,-1,-1,-1,-1,-1,-1,-1,-1,-1,-1,
1765570258562,CameraCapture,2932982541295448465,frame_captured_main,1765570258083,1056,1536,864,43,-1,-1,-1,-1,-1,-1,-1,-1,-1,-1,-1,-1,-1,-1,-1,-1,-1,-1,-1,-1,
1765570258562,CameraCapture,2932982541295448465,frame_captured_tpu,1765570258083,1056,300,300,43,-1,-1,-1,-1,-1,-1,-1,-1,-1,-1,-1,-1,-1,-1,-1,-1,-1,-1,-1,-1,
1765570258605,CameraCapture,2932982541295448465,frame_captured_main,1765570258126,1057,1536,864,43,-1,-1,-1,-1,-1,-1,-1,-1,-1,-1,-1,-1,-1,-1,-1,-1,-1,-1,-1,-1,
1765570258605,CameraCapture,2932982541295448465,frame_captured_tpu,1765570258126,1057,300,300,43,-1,-1,-1,-1,-1,-1,-1,-1,-1,-1,-1,-1,-1,-1,-1,-1,-1,-1,-1,-1,
1765570258650,CameraCapture,2932982541295448465,frame_captured_main,1765570258171,1058,1536,864,43,-1,-1,-1,-1,-1,-1,-1,-1,-1,-1,-1,-1,-1,-1,-1,-1,-1,-1,-1,-1,
1765570258650,CameraCapture,2932982541295448465,frame_captured_tpu,1765570258171,1058,300,300,43,-1,-1,-1,-1,-1,-1,-1,-1,-1,-1,-1,-1,-1,-1,-1,-1,-1,-1,-1,-1,
1765570258694,CameraCapture,2932982541295448465,frame_captured_main,1765570258214,1059,1536,864,43,-1,-1,-1,-1,-1,-1,-1,-1,-1,-1,-1,-1,-1,-1,-1,-1,-1,-1,-1,-1,
1765570258694,CameraCapture,2932982541295448465,frame_captured_tpu,1765570258214,1059,300,300,43,-1,-1,-1,-1,-1,-1,-1,-1,-1,-1,-1,-1,-1,-1,-1,-1,-1,-1,-1,-1,
1765570258738,CameraCapture,2932982541295448465,frame_captured_main,1765570258258,1060,1536,864,43,-1,-1,-1,-1,-1,-1,-1,-1,-1,-1,-1,-1,-1,-1,-1,-1,-1,-1,-1,-1,
1765570258738,CameraCapture,2932982541295448465,frame_captured_tpu,1765570258258,1060,300,300,43,-1,-1,-1,-1,-1,-1,-1,-1,-1,-1,-1,-1,-1,-1,-1,-1,-1,-1,-1,-1,
1765570258781,CameraCapture,2932982541295448465,frame_captured_main,1765570258302,1061,1536,864,43,-1,-1,-1,-1,-1,-1,-1,-1,-1,-1,-1,-1,-1,-1,-1,-1,-1,-1,-1,-1,
1765570258781,CameraCapture,2932982541295448465,frame_captured_tpu,1765570258302,1061,300,300,43,-1,-1,-1,-1,-1,-1,-1,-1,-1,-1,-1,-1,-1,-1,-1,-1,-1,-1,-1,-1,
1765570258826,CameraCapture,2932982541295448465,frame_captured_main,1765570258346,1062,1536,864,43,-1,-1,-1,-1,-1,-1,-1,-1,-1,-1,-1,-1,-1,-1,-1,-1,-1,-1,-1,-1,
1765570258826,CameraCapture,2932982541295448465,frame_captured_tpu,1765570258346,1062,300,300,43,-1,-1,-1,-1,-1,-1,-1,-1,-1,-1,-1,-1,-1,-1,-1,-1,-1,-1,-1,-1,
1765570258871,CameraCapture,2932982541295448465,frame_captured_main,1765570258390,1063,1536,864,43,-1,-1,-1,-1,-1,-1,-1,-1,-1,-1,-1,-1,-1,-1,-1,-1,-1,-1,-1,-1,
1765570258871,CameraCapture,2932982541295448465,frame_captured_tpu,1765570258390,1063,300,300,43,-1,-1,-1,-1,-1,-1,-1,-1,-1,-1,-1,-1,-1,-1,-1,-1,-1,-1,-1,-1,
1765570258915,CameraCapture,2932982541295448465,frame_captured_main,1765570258436,1064,1536,864,43,-1,-1,-1,-1,-1,-1,-1,-1,-1,-1,-1,-1,-1,-1,-1,-1,-1,-1,-1,-1,
1765570258915,CameraCapture,2932982541295448465,frame_captured_tpu,1765570258436,1064,300,300,43,-1,-1,-1,-1,-1,-1,-1,-1,-1,-1,-1,-1,-1,-1,-1,-1,-1,-1,-1,-1,
1765570258958,CameraCapture,2932982541295448465,frame_captured_main,1765570258480,1065,1536,864,43,-1,-1,-1,-1,-1,-1,-1,-1,-1,-1,-1,-1,-1,-1,-1,-1,-1,-1,-1,-1,
1765570258958,CameraCapture,2932982541295448465,frame_captured_tpu,1765570258480,1065,300,300,43,-1,-1,-1,-1,-1,-1,-1,-1,-1,-1,-1,-1,-1,-1,-1,-1,-1,-1,-1,-1,
1765570259003,CameraCapture,2932982541295448465,frame_captured_main,1765570258524,1066,1536,864,43,-1,-1,-1,-1,-1,-1,-1,-1,-1,-1,-1,-1,-1,-1,-1,-1,-1,-1,-1,-1,
1765570259003,CameraCapture,2932982541295448465,frame_captured_tpu,1765570258524,1066,300,300,43,-1,-1,-1,-1,-1,-1,-1,-1,-1,-1,-1,-1,-1,-1,-1,-1,-1,-1,-1,-1,
1765570259047,CameraCapture,2932982541295448465,frame_captured_main,1765570258568,1067,1536,864,43,-1,-1,-1,-1,-1,-1,-1,-1,-1,-1,-1,-1,-1,-1,-1,-1,-1,-1,-1,-1,
1765570259047,CameraCapture,2932982541295448465,frame_captured_tpu,1765570258568,1067,300,300,43,-1,-1,-1,-1,-1,-1,-1,-1,-1,-1,-1,-1,-1,-1,-1,-1,-1,-1,-1,-1,
1765570259091,CameraCapture,2932982541295448465,frame_captured_main,1765570258611,1068,1536,864,43,-1,-1,-1,-1,-1,-1,-1,-1,-1,-1,-1,-1,-1,-1,-1,-1,-1,-1,-1,-1,
1765570259091,CameraCapture,2932982541295448465,frame_captured_tpu,1765570258611,1068,300,300,43,-1,-1,-1,-1,-1,-1,-1,-1,-1,-1,-1,-1,-1,-1,-1,-1,-1,-1,-1,-1,
1765570259134,CameraCapture,2932982541295448465,frame_captured_main,1765570258655,1069,1536,864,43,-1,-1,-1,-1,-1,-1,-1,-1,-1,-1,-1,-1,-1,-1,-1,-1,-1,-1,-1,-1,
1765570259134,CameraCapture,2932982541295448465,frame_captured_tpu,1765570258655,1069,300,300,43,-1,-1,-1,-1,-1,-1,-1,-1,-1,-1,-1,-1,-1,-1,-1,-1,-1,-1,-1,-1,
1765570259179,CameraCapture,2932982541295448465,frame_captured_main,1765570258699,1070,1536,864,43,-1,-1,-1,-1,-1,-1,-1,-1,-1,-1,-1,-1,-1,-1,-1,-1,-1,-1,-1,-1,
1765570259179,CameraCapture,2932982541295448465,frame_captured_tpu,1765570258699,1070,300,300,43,-1,-1,-1,-1,-1,-1,-1,-1,-1,-1,-1,-1,-1,-1,-1,-1,-1,-1,-1,-1,
1765570259223,CameraCapture,2932982541295448465,frame_captured_main,1765570258744,1071,1536,864,43,-1,-1,-1,-1,-1,-1,-1,-1,-1,-1,-1,-1,-1,-1,-1,-1,-1,-1,-1,-1,
1765570259223,CameraCapture,2932982541295448465,frame_captured_tpu,1765570258744,1071,300,300,43,-1,-1,-1,-1,-1,-1,-1,-1,-1,-1,-1,-1,-1,-1,-1,-1,-1,-1,-1,-1,
1765570259268,CameraCapture,2932982541295448465,frame_captured_main,1765570258789,1072,1536,864,43,-1,-1,-1,-1,-1,-1,-1,-1,-1,-1,-1,-1,-1,-1,-1,-1,-1,-1,-1,-1,
1765570259268,CameraCapture,2932982541295448465,frame_captured_tpu,1765570258789,1072,300,300,43,-1,-1,-1,-1,-1,-1,-1,-1,-1,-1,-1,-1,-1,-1,-1,-1,-1,-1,-1,-1,
1765570259311,CameraCapture,2932982541295448465,frame_captured_main,1765570258833,1073,1536,864,43,-1,-1,-1,-1,-1,-1,-1,-1,-1,-1,-1,-1,-1,-1,-1,-1,-1,-1,-1,-1,
1765570259311,CameraCapture,2932982541295448465,frame_captured_tpu,1765570258833,1073,300,300,43,-1,-1,-1,-1,-1,-1,-1,-1,-1,-1,-1,-1,-1,-1,-1,-1,-1,-1,-1,-1,
1765570259356,CameraCapture,2932982541295448465,frame_captured_main,1765570258876,1074,1536,864,43,-1,-1,-1,-1,-1,-1,-1,-1,-1,-1,-1,-1,-1,-1,-1,-1,-1,-1,-1,-1,
1765570259356,CameraCapture,2932982541295448465,frame_captured_tpu,1765570258876,1074,300,300,43,-1,-1,-1,-1,-1,-1,-1,-1,-1,-1,-1,-1,-1,-1,-1,-1,-1,-1,-1,-1,
1765570259400,CameraCapture,2932982541295448465,frame_captured_main,1765570258921,1075,1536,864,43,-1,-1,-1,-1,-1,-1,-1,-1,-1,-1,-1,-1,-1,-1,-1,-1,-1,-1,-1,-1,
1765570259400,CameraCapture,2932982541295448465,frame_captured_tpu,1765570258921,1075,300,300,43,-1,-1,-1,-1,-1,-1,-1,-1,-1,-1,-1,-1,-1,-1,-1,-1,-1,-1,-1,-1,
1765570259444,CameraCapture,2932982541295448465,frame_captured_main,1765570258964,1076,1536,864,43,-1,-1,-1,-1,-1,-1,-1,-1,-1,-1,-1,-1,-1,-1,-1,-1,-1,-1,-1,-1,
1765570259444,CameraCapture,2932982541295448465,frame_captured_tpu,1765570258964,1076,300,300,43,-1,-1,-1,-1,-1,-1,-1,-1,-1,-1,-1,-1,-1,-1,-1,-1,-1,-1,-1,-1,
1765570259487,CameraCapture,2932982541295448465,frame_captured_main,1765570259008,1077,1536,864,43,-1,-1,-1,-1,-1,-1,-1,-1,-1,-1,-1,-1,-1,-1,-1,-1,-1,-1,-1,-1,
1765570259487,CameraCapture,2932982541295448465,frame_captured_tpu,1765570259008,1077,300,300,43,-1,-1,-1,-1,-1,-1,-1,-1,-1,-1,-1,-1,-1,-1,-1,-1,-1,-1,-1,-1,
1765570259533,CameraCapture,2932982541295448465,frame_captured_main,1765570259053,1078,1536,864,43,-1,-1,-1,-1,-1,-1,-1,-1,-1,-1,-1,-1,-1,-1,-1,-1,-1,-1,-1,-1,
1765570259533,CameraCapture,2932982541295448465,frame_captured_tpu,1765570259053,1078,300,300,43,-1,-1,-1,-1,-1,-1,-1,-1,-1,-1,-1,-1,-1,-1,-1,-1,-1,-1,-1,-1,
1765570259576,CameraCapture,2932982541295448465,frame_captured_main,1765570259097,1079,1536,864,43,-1,-1,-1,-1,-1,-1,-1,-1,-1,-1,-1,-1,-1,-1,-1,-1,-1,-1,-1,-1,
1765570259576,CameraCapture,2932982541295448465,frame_captured_tpu,1765570259097,1079,300,300,43,-1,-1,-1,-1,-1,-1,-1,-1,-1,-1,-1,-1,-1,-1,-1,-1,-1,-1,-1,-1,
1765570259621,CameraCapture,2932982541295448465,frame_captured_main,1765570259142,1080,1536,864,43,-1,-1,-1,-1,-1,-1,-1,-1,-1,-1,-1,-1,-1,-1,-1,-1,-1,-1,-1,-1,
1765570259621,CameraCapture,2932982541295448465,frame_captured_tpu,1765570259142,1080,300,300,43,-1,-1,-1,-1,-1,-1,-1,-1,-1,-1,-1,-1,-1,-1,-1,-1,-1,-1,-1,-1,
1765570259664,CameraCapture,2932982541295448465,frame_captured_main,1765570259186,1081,1536,864,43,-1,-1,-1,-1,-1,-1,-1,-1,-1,-1,-1,-1,-1,-1,-1,-1,-1,-1,-1,-1,
1765570259664,CameraCapture,2932982541295448465,frame_captured_tpu,1765570259186,1081,300,300,43,-1,-1,-1,-1,-1,-1,-1,-1,-1,-1,-1,-1,-1,-1,-1,-1,-1,-1,-1,-1,
1765570259709,CameraCapture,2932982541295448465,frame_captured_main,1765570259229,1082,1536,864,43,-1,-1,-1,-1,-1,-1,-1,-1,-1,-1,-1,-1,-1,-1,-1,-1,-1,-1,-1,-1,
1765570259709,CameraCapture,2932982541295448465,frame_captured_tpu,1765570259229,1082,300,300,43,-1,-1,-1,-1,-1,-1,-1,-1,-1,-1,-1,-1,-1,-1,-1,-1,-1,-1,-1,-1,
1765570259753,CameraCapture,2932982541295448465,frame_captured_main,1765570259274,1083,1536,864,43,-1,-1,-1,-1,-1,-1,-1,-1,-1,-1,-1,-1,-1,-1,-1,-1,-1,-1,-1,-1,
1765570259753,CameraCapture,2932982541295448465,frame_captured_tpu,1765570259274,1083,300,300,43,-1,-1,-1,-1,-1,-1,-1,-1,-1,-1,-1,-1,-1,-1,-1,-1,-1,-1,-1,-1,
1765570259797,CameraCapture,2932982541295448465,frame_captured_main,1765570259317,1084,1536,864,43,-1,-1,-1,-1,-1,-1,-1,-1,-1,-1,-1,-1,-1,-1,-1,-1,-1,-1,-1,-1,
1765570259797,CameraCapture,2932982541295448465,frame_captured_tpu,1765570259317,1084,300,300,43,-1,-1,-1,-1,-1,-1,-1,-1,-1,-1,-1,-1,-1,-1,-1,-1,-1,-1,-1,-1,
1765570259840,CameraCapture,2932982541295448465,frame_captured_main,1765570259361,1085,1536,864,43,-1,-1,-1,-1,-1,-1,-1,-1,-1,-1,-1,-1,-1,-1,-1,-1,-1,-1,-1,-1,
1765570259840,CameraCapture,2932982541295448465,frame_captured_tpu,1765570259361,1085,300,300,43,-1,-1,-1,-1,-1,-1,-1,-1,-1,-1,-1,-1,-1,-1,-1,-1,-1,-1,-1,-1,
1765570259886,CameraCapture,2932982541295448465,frame_captured_main,1765570259406,1086,1536,864,43,-1,-1,-1,-1,-1,-1,-1,-1,-1,-1,-1,-1,-1,-1,-1,-1,-1,-1,-1,-1,
1765570259886,CameraCapture,2932982541295448465,frame_captured_tpu,1765570259406,1086,300,300,43,-1,-1,-1,-1,-1,-1,-1,-1,-1,-1,-1,-1,-1,-1,-1,-1,-1,-1,-1,-1,
1765570259929,CameraCapture,2932982541295448465,frame_captured_main,1765570259450,1087,1536,864,43,-1,-1,-1,-1,-1,-1,-1,-1,-1,-1,-1,-1,-1,-1,-1,-1,-1,-1,-1,-1,
1765570259929,CameraCapture,2932982541295448465,frame_captured_tpu,1765570259450,1087,300,300,43,-1,-1,-1,-1,-1,-1,-1,-1,-1,-1,-1,-1,-1,-1,-1,-1,-1,-1,-1,-1,
1765570259974,CameraCapture,2932982541295448465,frame_captured_main,1765570259495,1088,1536,864,43,-1,-1,-1,-1,-1,-1,-1,-1,-1,-1,-1,-1,-1,-1,-1,-1,-1,-1,-1,-1,
1765570259974,CameraCapture,2932982541295448465,frame_captured_tpu,1765570259495,1088,300,300,43,-1,-1,-1,-1,-1,-1,-1,-1,-1,-1,-1,-1,-1,-1,-1,-1,-1,-1,-1,-1,
1765570260017,CameraCapture,2932982541295448465,frame_captured_main,1765570259538,1089,1536,864,43,-1,-1,-1,-1,-1,-1,-1,-1,-1,-1,-1,-1,-1,-1,-1,-1,-1,-1,-1,-1,
1765570260017,CameraCapture,2932982541295448465,frame_captured_tpu,1765570259538,1089,300,300,43,-1,-1,-1,-1,-1,-1,-1,-1,-1,-1,-1,-1,-1,-1,-1,-1,-1,-1,-1,-1,
