produced_ts_epoch_ms,call_ts_epoch_ms,module,event,thread_id,cam_frame_id,cam_exposure_ms,cam_isp_latency_ms,cam_buffer_usage_percent,image_proc_ms,tpu_inference_ms,tpu_temp_c,tpu_model_score,tpu_class_id,logic_target_dist_m,logic_ballistic_drop_m,logic_windage_m,logic_servo_x_cmd,logic_servo_y_cmd,logic_solution_time_ms,enc_process_ms,enc_bitrate_mbps,enc_queue_depth,sys_cpu_temp_c,sys_cpu_usage_pct,sys_ram_usage_pct,sys_voltage_v
430,430,SystemMonitor,system_stats,0,NaN,NaN,NaN,NaN,NaN,NaN,NaN,NaN,NaN,NaN,NaN,NaN,NaN,NaN,NaN,NaN,NaN,NaN,61.15,25,51.5966,0
627,628,CameraCapture,frame_captured,0,0,7,0.208779,0,NaN,NaN,NaN,NaN,NaN,NaN,NaN,NaN,NaN,NaN,NaN,NaN,NaN,NaN,NaN,NaN,NaN,NaN
658,658,CameraCapture,frame_captured,0,1,7,0.247103,0.666667,NaN,NaN,NaN,NaN,NaN,NaN,NaN,NaN,NaN,NaN,NaN,NaN,NaN,NaN,NaN,NaN,NaN,NaN
670,671,ImageProcessor_TPU,frame_processed,0,0,7,0.777808,0.666667,3,NaN,NaN,NaN,NaN,NaN,NaN,NaN,NaN,NaN,NaN,NaN,NaN,NaN,NaN,NaN,NaN,NaN
670,671,ImageProcessor_TPU,frame_processed,0,1,7,0.807243,1.33333,0,NaN,NaN,NaN,NaN,NaN,NaN,NaN,NaN,NaN,NaN,NaN,NaN,NaN,NaN,NaN,NaN,NaN
697,698,CameraCapture,frame_captured,0,2,7,1.85512,1.66667,NaN,NaN,NaN,NaN,NaN,NaN,NaN,NaN,NaN,NaN,NaN,NaN,NaN,NaN,NaN,NaN,NaN,NaN
703,704,ImageProcessor_TPU,frame_processed,0,2,7,2.54056,2.33333,0,NaN,NaN,NaN,NaN,NaN,NaN,NaN,NaN,NaN,NaN,NaN,NaN,NaN,NaN,NaN,NaN,NaN
708,709,InferenceEngine,inference_complete,0,0,NaN,NaN,NaN,3,31.623,0,0.996066,13,NaN,NaN,NaN,NaN,NaN,NaN,NaN,NaN,NaN,NaN,NaN,NaN,NaN
708,627,Logic,frame_complete,-268457733656721424,0,7,0.777808,0.666667,3,32,0,0.996066,13,0,0,0,0.5,0.5,0,0,0,0,61.15,25,51.5966,0
709,710,ImageProcessor_Viz,frame_processed,0,0,7,0.353062,NaN,18,NaN,NaN,NaN,NaN,NaN,NaN,NaN,NaN,NaN,NaN,NaN,NaN,NaN,NaN,NaN,NaN,NaN
717,718,ImageProcessor_Viz,frame_processed,0,1,7,0.346525,NaN,9,NaN,NaN,NaN,NaN,NaN,NaN,NaN,NaN,NaN,NaN,NaN,NaN,NaN,NaN,NaN,NaN,NaN
726,727,ImageProcessor_Viz,frame_processed,0,2,7,0.4456,NaN,9,NaN,NaN,NaN,NaN,NaN,NaN,NaN,NaN,NaN,NaN,NaN,NaN,NaN,NaN,NaN,NaN,NaN
729,729,CameraCapture,frame_captured,0,3,7,0.433649,3.33333,NaN,NaN,NaN,NaN,NaN,NaN,NaN,NaN,NaN,NaN,NaN,NaN,NaN,NaN,NaN,NaN,NaN,NaN
733,733,ImageProcessor_TPU,frame_processed,0,3,7,1.72827,4,1,NaN,NaN,NaN,NaN,NaN,NaN,NaN,NaN,NaN,NaN,NaN,NaN,NaN,NaN,NaN,NaN,NaN
737,738,InferenceEngine,inference_complete,0,1,NaN,NaN,NaN,0,28.477,0,0.996066,13,NaN,NaN,NaN,NaN,NaN,NaN,NaN,NaN,NaN,NaN,NaN,NaN,NaN
737,657,Logic,frame_complete,-268457733656721424,1,7,0.807243,1.33333,0,29,0,0.996066,13,0,0,0,0.5,0.5,0,0,0,0,61.15,25,51.5966,0
737,738,ImageProcessor_Viz,frame_processed,0,3,7,0.791774,NaN,7,NaN,NaN,NaN,NaN,NaN,NaN,NaN,NaN,NaN,NaN,NaN,NaN,NaN,NaN,NaN,NaN,NaN
756,756,InferenceEngine,inference_complete,0,2,NaN,NaN,NaN,0,18.654,0,0.996066,13,NaN,NaN,NaN,NaN,NaN,NaN,NaN,NaN,NaN,NaN,NaN,NaN,NaN
756,697,Logic,frame_complete,-268457733656721424,2,7,2.54056,2.33333,0,19,0,0.996066,13,1.4515,0.352384,0.0451702,0.5,0.5,19.144,0,0,0,61.15,25,51.5966,0
758,759,CameraCapture,frame_captured,0,4,7,0.175192,4,NaN,NaN,NaN,NaN,NaN,NaN,NaN,NaN,NaN,NaN,NaN,NaN,NaN,NaN,NaN,NaN,NaN,NaN
759,760,ImageProcessor_TPU,frame_processed,0,4,7,0.718998,4.66667,0,NaN,NaN,NaN,NaN,NaN,NaN,NaN,NaN,NaN,NaN,NaN,NaN,NaN,NaN,NaN,NaN,NaN
767,767,ImageProcessor_Viz,frame_processed,0,4,7,0.328821,NaN,8,NaN,NaN,NaN,NaN,NaN,NaN,NaN,NaN,NaN,NaN,NaN,NaN,NaN,NaN,NaN,NaN,NaN
775,776,InferenceEngine,inference_complete,0,3,NaN,NaN,NaN,1,19.059,0,0.996066,13,NaN,NaN,NaN,NaN,NaN,NaN,NaN,NaN,NaN,NaN,NaN,NaN,NaN
776,728,Logic,frame_complete,-268457733656721424,3,7,1.72827,4,1,19,0,0.996066,13,1.34699,-0.0232679,0.00291043,0.501707,0.405533,19.308,0,0,0,61.15,25,51.5966,0
791,791,CameraCapture,frame_captured,0,5,7,0.321562,5,NaN,NaN,NaN,NaN,NaN,NaN,NaN,NaN,NaN,NaN,NaN,NaN,NaN,NaN,NaN,NaN,NaN,NaN
792,793,ImageProcessor_TPU,frame_processed,0,5,7,0.971185,5.66667,0,NaN,NaN,NaN,NaN,NaN,NaN,NaN,NaN,NaN,NaN,NaN,NaN,NaN,NaN,NaN,NaN,NaN
794,795,InferenceEngine,inference_complete,0,4,NaN,NaN,NaN,0,18.775,0,0.996066,13,NaN,NaN,NaN,NaN,NaN,NaN,NaN,NaN,NaN,NaN,NaN,NaN,NaN
795,757,Logic,frame_complete,-268457733656721424,4,7,0.718998,4.66667,0,19,0,0.996066,13,1.24248,-0.0180989,-0.00113731,0.500728,0.406321,19.231,0,0,0,61.15,25,51.5966,0
799,800,ImageProcessor_Viz,frame_processed,0,5,7,0.375081,NaN,8,NaN,NaN,NaN,NaN,NaN,NaN,NaN,NaN,NaN,NaN,NaN,NaN,NaN,NaN,NaN,NaN,NaN
813,814,InferenceEngine,inference_complete,0,5,NaN,NaN,NaN,0,18.623,0,0.996066,13,NaN,NaN,NaN,NaN,NaN,NaN,NaN,NaN,NaN,NaN,NaN,NaN,NaN
813,790,Logic,frame_complete,-268457733656721424,5,7,0.971185,5.66667,0,18,0,0.996066,13,1.24248,-0.021685,0.000466098,0.501139,0.405481,18.648,0,0,0,61.15,25,51.5966,0
822,823,CameraCapture,frame_captured,0,6,7,0.156452,6,NaN,NaN,NaN,NaN,NaN,NaN,NaN,NaN,NaN,NaN,NaN,NaN,NaN,NaN,NaN,NaN,NaN,NaN
823,824,ImageProcessor_TPU,frame_processed,0,6,7,0.774649,6.66667,1,NaN,NaN,NaN,NaN,NaN,NaN,NaN,NaN,NaN,NaN,NaN,NaN,NaN,NaN,NaN,NaN,NaN
830,831,ImageProcessor_Viz,frame_processed,0,6,7,0.33621,NaN,7,NaN,NaN,NaN,NaN,NaN,NaN,NaN,NaN,NaN,NaN,NaN,NaN,NaN,NaN,NaN,NaN,NaN
843,843,InferenceEngine,inference_complete,0,6,NaN,NaN,NaN,1,18.808,0,0.996066,13,NaN,NaN,NaN,NaN,NaN,NaN,NaN,NaN,NaN,NaN,NaN,NaN,NaN
843,822,Logic,frame_complete,-268457733656721424,6,7,0.774649,6.66667,1,19,0,0.996066,13,1.24248,-0.0202188,-0.000189559,0.500971,0.405824,29.48,0,0,0,61.15,25,51.5966,0
856,857,CameraCapture,frame_captured,0,7,7,0.254115,7,NaN,NaN,NaN,NaN,NaN,NaN,NaN,NaN,NaN,NaN,NaN,NaN,NaN,NaN,NaN,NaN,NaN,NaN
857,858,ImageProcessor_TPU,frame_processed,0,7,7,0.805422,7.66667,0,NaN,NaN,NaN,NaN,NaN,NaN,NaN,NaN,NaN,NaN,NaN,NaN,NaN,NaN,NaN,NaN,NaN
864,865,ImageProcessor_Viz,frame_processed,0,7,7,0.332191,NaN,8,NaN,NaN,NaN,NaN,NaN,NaN,NaN,NaN,NaN,NaN,NaN,NaN,NaN,NaN,NaN,NaN,NaN
876,877,InferenceEngine,inference_complete,0,7,NaN,NaN,NaN,0,18.687,0,0.996066,13,NaN,NaN,NaN,NaN,NaN,NaN,NaN,NaN,NaN,NaN,NaN,NaN,NaN
876,855,Logic,frame_complete,-268457733656721424,7,7,0.805422,7.66667,0,19,0,0.996066,13,1.24248,-0.0208147,7.69161e-05,0.501039,0.405684,33.234,0,0,0,61.15,25,51.5966,0
891,892,CameraCapture,frame_captured,0,8,7,0.159616,8,NaN,NaN,NaN,NaN,NaN,NaN,NaN,NaN,NaN,NaN,NaN,NaN,NaN,NaN,NaN,NaN,NaN,NaN
892,893,ImageProcessor_TPU,frame_processed,0,8,7,0.823314,8.66667,0,NaN,NaN,NaN,NaN,NaN,NaN,NaN,NaN,NaN,NaN,NaN,NaN,NaN,NaN,NaN,NaN,NaN
898,899,ImageProcessor_Viz,frame_processed,0,8,7,0.351821,NaN,8,NaN,NaN,NaN,NaN,NaN,NaN,NaN,NaN,NaN,NaN,NaN,NaN,NaN,NaN,NaN,NaN,NaN
911,912,InferenceEngine,inference_complete,0,8,NaN,NaN,NaN,0,19.136,0,0.996066,13,NaN,NaN,NaN,NaN,NaN,NaN,NaN,NaN,NaN,NaN,NaN,NaN,NaN
912,890,Logic,frame_complete,-268457733656721424,8,7,0.823314,8.66667,0,19,0,0.996066,13,1.24248,-0.0195715,-3.11569e-05,0.501011,0.408482,35.383,0,0,0,61.15,25,51.5966,0
922,923,CameraCapture,frame_captured,0,9,7,0.247949,9,NaN,NaN,NaN,NaN,NaN,NaN,NaN,NaN,NaN,NaN,NaN,NaN,NaN,NaN,NaN,NaN,NaN,NaN
924,925,ImageProcessor_TPU,frame_processed,0,9,7,0.821034,9.66667,0,NaN,NaN,NaN,NaN,NaN,NaN,NaN,NaN,NaN,NaN,NaN,NaN,NaN,NaN,NaN,NaN,NaN
931,932,ImageProcessor_Viz,frame_processed,0,9,7,0.35334,NaN,8,NaN,NaN,NaN,NaN,NaN,NaN,NaN,NaN,NaN,NaN,NaN,NaN,NaN,NaN,NaN,NaN,NaN
943,943,InferenceEngine,inference_complete,0,9,NaN,NaN,NaN,0,18.635,0,0.996066,13,NaN,NaN,NaN,NaN,NaN,NaN,NaN,NaN,NaN,NaN,NaN,NaN,NaN
943,922,Logic,frame_complete,-268457733656721424,9,7,0.821034,9.66667,0,19,0,0.996066,13,1.24248,-0.0201303,1.26744e-05,0.501023,0.40835,31.434,0,0,0,61.15,25,51.5966,0
956,957,CameraCapture,frame_captured,0,10,7,0.165459,10,NaN,NaN,NaN,NaN,NaN,NaN,NaN,NaN,NaN,NaN,NaN,NaN,NaN,NaN,NaN,NaN,NaN,NaN
957,958,ImageProcessor_TPU,frame_processed,0,10,7,1.26739,10.6667,1,NaN,NaN,NaN,NaN,NaN,NaN,NaN,NaN,NaN,NaN,NaN,NaN,NaN,NaN,NaN,NaN,NaN
964,965,ImageProcessor_Viz,frame_processed,0,10,7,0.459675,NaN,8,NaN,NaN,NaN,NaN,NaN,NaN,NaN,NaN,NaN,NaN,NaN,NaN,NaN,NaN,NaN,NaN,NaN
976,977,InferenceEngine,inference_complete,0,10,NaN,NaN,NaN,1,18.54,0,0.996066,13,NaN,NaN,NaN,NaN,NaN,NaN,NaN,NaN,NaN,NaN,NaN,NaN,NaN
977,955,Logic,frame_complete,-268457733656721424,10,7,1.26739,10.6667,1,18,0,0.996066,13,1.24248,-0.0209216,-5.15301e-06,0.501018,0.405659,33.642,0,0,0,61.15,25,51.5966,0
989,990,CameraCapture,frame_captured,0,11,7,0.1443,11,NaN,NaN,NaN,NaN,NaN,NaN,NaN,NaN,NaN,NaN,NaN,NaN,NaN,NaN,NaN,NaN,NaN,NaN
992,993,ImageProcessor_TPU,frame_processed,0,11,7,2.30904,11.6667,0,NaN,NaN,NaN,NaN,NaN,NaN,NaN,NaN,NaN,NaN,NaN,NaN,NaN,NaN,NaN,NaN,NaN
997,997,ImageProcessor_Viz,frame_processed,0,11,7,0.333636,NaN,7,NaN,NaN,NaN,NaN,NaN,NaN,NaN,NaN,NaN,NaN,NaN,NaN,NaN,NaN,NaN,NaN,NaN
1011,1011,InferenceEngine,inference_complete,0,11,NaN,NaN,NaN,0,18.521,0,0.996066,13,NaN,NaN,NaN,NaN,NaN,NaN,NaN,NaN,NaN,NaN,NaN,NaN,NaN
1011,988,Logic,frame_complete,-268457733656721424,11,7,2.30904,11.6667,0,19,0,0.996066,13,1.24248,-0.0195184,2.09082e-06,0.50102,0.408494,34.357,0,0,0,61.15,25,51.5966,0
1023,1024,CameraCapture,frame_captured,0,12,7,0.239712,12,NaN,NaN,NaN,NaN,NaN,NaN,NaN,NaN,NaN,NaN,NaN,NaN,NaN,NaN,NaN,NaN,NaN,NaN
1024,1025,ImageProcessor_TPU,frame_processed,0,12,7,0.87915,12.6667,1,NaN,NaN,NaN,NaN,NaN,NaN,NaN,NaN,NaN,NaN,NaN,NaN,NaN,NaN,NaN,NaN,NaN
1032,1032,ImageProcessor_Viz,frame_processed,0,12,7,0.343877,NaN,7,NaN,NaN,NaN,NaN,NaN,NaN,NaN,NaN,NaN,NaN,NaN,NaN,NaN,NaN,NaN,NaN,NaN
1044,1044,InferenceEngine,inference_complete,0,12,NaN,NaN,NaN,1,18.956,0,0.996066,13,NaN,NaN,NaN,NaN,NaN,NaN,NaN,NaN,NaN,NaN,NaN,NaN,NaN
1044,1022,Logic,frame_complete,-268457733656721424,12,7,0.87915,12.6667,1,19,0,0.996066,13,1.23755,-0.020094,-1.33878e-06,0.501019,0.40834,32.864,0,0,0,61.15,25,51.5966,0
1055,1056,CameraCapture,frame_captured,0,13,7,0.173393,13,NaN,NaN,NaN,NaN,NaN,NaN,NaN,NaN,NaN,NaN,NaN,NaN,NaN,NaN,NaN,NaN,NaN,NaN
1057,1057,ImageProcessor_TPU,frame_processed,0,13,7,0.755626,13.6667,0,NaN,NaN,NaN,NaN,NaN,NaN,NaN,NaN,NaN,NaN,NaN,NaN,NaN,NaN,NaN,NaN,NaN
1064,1065,ImageProcessor_Viz,frame_processed,0,13,7,0.334654,NaN,8,NaN,NaN,NaN,NaN,NaN,NaN,NaN,NaN,NaN,NaN,NaN,NaN,NaN,NaN,NaN,NaN,NaN
1076,1077,InferenceEngine,inference_complete,0,13,NaN,NaN,NaN,0,19.403,0,0.996066,13,NaN,NaN,NaN,NaN,NaN,NaN,NaN,NaN,NaN,NaN,NaN,NaN,NaN
1077,1055,Logic,frame_complete,-268457733656721424,13,7,0.755626,13.6667,0,19,0,0.996066,13,1.23755,-0.0209224,5.43892e-07,0.501019,0.40564,32.748,0,0,0,61.15,25,51.5966,0
1089,1090,CameraCapture,frame_captured,0,14,7,0.161385,14,NaN,NaN,NaN,NaN,NaN,NaN,NaN,NaN,NaN,NaN,NaN,NaN,NaN,NaN,NaN,NaN,NaN,NaN
1090,1090,ImageProcessor_TPU,frame_processed,0,14,7,0.731803,14.6667,0,NaN,NaN,NaN,NaN,NaN,NaN,NaN,NaN,NaN,NaN,NaN,NaN,NaN,NaN,NaN,NaN,NaN
1097,1098,ImageProcessor_Viz,frame_processed,0,14,7,0.329858,NaN,8,NaN,NaN,NaN,NaN,NaN,NaN,NaN,NaN,NaN,NaN,NaN,NaN,NaN,NaN,NaN,NaN,NaN
1110,1111,InferenceEngine,inference_complete,0,14,NaN,NaN,NaN,0,19.829,0,0.996066,13,NaN,NaN,NaN,NaN,NaN,NaN,NaN,NaN,NaN,NaN,NaN,NaN,NaN
1111,1088,Logic,frame_complete,-268457733656721424,14,7,0.731803,14.6667,0,20,0,0.996066,13,1.23755,-0.0194915,-0.000323011,0.498205,0.408482,33.966,0,0,0,61.15,25,51.5966,0
1122,1123,CameraCapture,frame_captured,0,15,7,0.155726,15,NaN,NaN,NaN,NaN,NaN,NaN,NaN,NaN,NaN,NaN,NaN,NaN,NaN,NaN,NaN,NaN,NaN,NaN
1123,1124,ImageProcessor_TPU,frame_processed,0,15,7,0.720959,15.6667,0,NaN,NaN,NaN,NaN,NaN,NaN,NaN,NaN,NaN,NaN,NaN,NaN,NaN,NaN,NaN,NaN,NaN
1130,1131,ImageProcessor_Viz,frame_processed,0,15,7,0.330988,NaN,7,NaN,NaN,NaN,NaN,NaN,NaN,NaN,NaN,NaN,NaN,NaN,NaN,NaN,NaN,NaN,NaN,NaN
1142,1143,InferenceEngine,inference_complete,0,15,NaN,NaN,NaN,0,18.732,0,0.996066,13,NaN,NaN,NaN,NaN,NaN,NaN,NaN,NaN,NaN,NaN,NaN,NaN,NaN
1142,1121,Logic,frame_complete,-268457733656721424,15,7,0.720959,15.6667,0,19,0,0.996066,13,1.23262,-0.0200836,0.000465333,0.50114,0.408323,31.69,0,0,0,61.15,25,51.5966,0
1156,1157,CameraCapture,frame_captured,0,16,7,0.237513,16,NaN,NaN,NaN,NaN,NaN,NaN,NaN,NaN,NaN,NaN,NaN,NaN,NaN,NaN,NaN,NaN,NaN,NaN
1158,1159,ImageProcessor_TPU,frame_processed,0,16,7,1.43841,16.6667,1,NaN,NaN,NaN,NaN,NaN,NaN,NaN,NaN,NaN,NaN,NaN,NaN,NaN,NaN,NaN,NaN,NaN
1164,1165,ImageProcessor_Viz,frame_processed,0,16,7,0.348414,NaN,7,NaN,NaN,NaN,NaN,NaN,NaN,NaN,NaN,NaN,NaN,NaN,NaN,NaN,NaN,NaN,NaN,NaN
1177,1178,InferenceEngine,inference_complete,0,16,NaN,NaN,NaN,1,18.841,0,0.996066,13,NaN,NaN,NaN,NaN,NaN,NaN,NaN,NaN,NaN,NaN,NaN,NaN,NaN
1178,1156,Logic,frame_complete,-268457733656721424,16,7,1.43841,16.6667,1,19,0,0.996066,13,1.23262,-0.0155052,-0.00160438,0.487865,0.42042,35.339,0,0,0,61.15,25,51.5966,0
1189,1190,CameraCapture,frame_captured,0,17,7,0.23273,17,NaN,NaN,NaN,NaN,NaN,NaN,NaN,NaN,NaN,NaN,NaN,NaN,NaN,NaN,NaN,NaN,NaN,NaN
1190,1191,ImageProcessor_TPU,frame_processed,0,17,7,0.86552,17.6667,0,NaN,NaN,NaN,NaN,NaN,NaN,NaN,NaN,NaN,NaN,NaN,NaN,NaN,NaN,NaN,NaN,NaN
1197,1197,ImageProcessor_Viz,frame_processed,0,17,7,0.340673,NaN,8,NaN,NaN,NaN,NaN,NaN,NaN,NaN,NaN,NaN,NaN,NaN,NaN,NaN,NaN,NaN,NaN,NaN
1209,1210,InferenceEngine,inference_complete,0,17,NaN,NaN,NaN,0,18.856,0,0.996066,13,NaN,NaN,NaN,NaN,NaN,NaN,NaN,NaN,NaN,NaN,NaN,NaN,NaN
1209,1188,Logic,frame_complete,-268457733656721424,17,7,0.86552,17.6667,0,19,0,0.996066,13,1.23262,-0.0221015,0.00224072,0.501598,0.407844,31.551,0,0,0,61.15,25,51.5966,0
1222,1223,CameraCapture,frame_captured,0,18,7,0.190553,18,NaN,NaN,NaN,NaN,NaN,NaN,NaN,NaN,NaN,NaN,NaN,NaN,NaN,NaN,NaN,NaN,NaN,NaN
1223,1224,ImageProcessor_TPU,frame_processed,0,18,7,0.733822,18.6667,0,NaN,NaN,NaN,NaN,NaN,NaN,NaN,NaN,NaN,NaN,NaN,NaN,NaN,NaN,NaN,NaN,NaN
1230,1231,ImageProcessor_Viz,frame_processed,0,18,7,0.33047,NaN,7,NaN,NaN,NaN,NaN,NaN,NaN,NaN,NaN,NaN,NaN,NaN,NaN,NaN,NaN,NaN,NaN,NaN
1242,1243,InferenceEngine,inference_complete,0,18,NaN,NaN,NaN,0,18.54,0,0.996066,13,NaN,NaN,NaN,NaN,NaN,NaN,NaN,NaN,NaN,NaN,NaN,NaN,NaN
1242,1221,Logic,frame_complete,-268457733656721424,18,7,0.733822,18.6667,0,19,0,0.996066,13,1.23262,-0.020083,-0.000910618,0.500784,0.405818,32.922,0,0,0,61.15,25,51.5966,0
1256,1256,CameraCapture,frame_captured,0,19,7,0.233956,19,NaN,NaN,NaN,NaN,NaN,NaN,NaN,NaN,NaN,NaN,NaN,NaN,NaN,NaN,NaN,NaN,NaN,NaN
1257,1258,ImageProcessor_TPU,frame_processed,0,19,7,0.888524,19.6667,1,NaN,NaN,NaN,NaN,NaN,NaN,NaN,NaN,NaN,NaN,NaN,NaN,NaN,NaN,NaN,NaN,NaN
1263,1264,ImageProcessor_Viz,frame_processed,0,19,7,0.345729,NaN,8,NaN,NaN,NaN,NaN,NaN,NaN,NaN,NaN,NaN,NaN,NaN,NaN,NaN,NaN,NaN,NaN,NaN
1276,1277,InferenceEngine,inference_complete,0,19,NaN,NaN,NaN,1,18.726,0,0.996066,13,NaN,NaN,NaN,NaN,NaN,NaN,NaN,NaN,NaN,NaN,NaN,NaN,NaN
1276,1255,Logic,frame_complete,-268457733656721424,19,7,0.888524,19.6667,1,19,0,0.996066,13,1.23262,-0.0198198,0.000369872,0.501115,0.408386,33.952,0,0,0,61.15,25,51.5966,0
1289,1290,CameraCapture,frame_captured,0,20,7,0.170309,20,NaN,NaN,NaN,NaN,NaN,NaN,NaN,NaN,NaN,NaN,NaN,NaN,NaN,NaN,NaN,NaN,NaN,NaN
1290,1291,ImageProcessor_TPU,frame_processed,0,20,7,0.710764,20.6667,0,NaN,NaN,NaN,NaN,NaN,NaN,NaN,NaN,NaN,NaN,NaN,NaN,NaN,NaN,NaN,NaN,NaN
1298,1299,ImageProcessor_Viz,frame_processed,0,20,7,0.32458,NaN,8,NaN,NaN,NaN,NaN,NaN,NaN,NaN,NaN,NaN,NaN,NaN,NaN,NaN,NaN,NaN,NaN,NaN
1309,1310,InferenceEngine,inference_complete,0,20,NaN,NaN,NaN,0,18.606,0,0.996066,13,NaN,NaN,NaN,NaN,NaN,NaN,NaN,NaN,NaN,NaN,NaN,NaN,NaN
1309,1289,Logic,frame_complete,-268457733656721424,20,7,0.710764,20.6667,0,18,0,0.996066,13,1.23262,-0.0199891,-0.000150336,0.50098,0.408346,33.147,0,0,0,61.15,25,51.5966,0
1322,1323,CameraCapture,frame_captured,0,21,7,0.174074,21,NaN,NaN,NaN,NaN,NaN,NaN,NaN,NaN,NaN,NaN,NaN,NaN,NaN,NaN,NaN,NaN,NaN,NaN
1324,1324,ImageProcessor_TPU,frame_processed,0,21,7,0.795919,21.6667,0,NaN,NaN,NaN,NaN,NaN,NaN,NaN,NaN,NaN,NaN,NaN,NaN,NaN,NaN,NaN,NaN,NaN
1331,1332,ImageProcessor_Viz,frame_processed,0,21,7,0.342822,NaN,7,NaN,NaN,NaN,NaN,NaN,NaN,NaN,NaN,NaN,NaN,NaN,NaN,NaN,NaN,NaN,NaN,NaN
1343,1343,InferenceEngine,inference_complete,0,21,NaN,NaN,NaN,0,18.764,0,0.996066,13,NaN,NaN,NaN,NaN,NaN,NaN,NaN,NaN,NaN,NaN,NaN,NaN,NaN
1343,1322,Logic,frame_complete,-268457733656721424,21,7,0.795919,21.6667,0,19,0,0.996066,13,1.23262,-0.0154742,-0.00121521,0.489784,0.420427,33.648,0,0,0,61.15,25,51.5966,0
1355,1356,CameraCapture,frame_captured,0,22,7,0.250762,22,NaN,NaN,NaN,NaN,NaN,NaN,NaN,NaN,NaN,NaN,NaN,NaN,NaN,NaN,NaN,NaN,NaN,NaN
1357,1357,ImageProcessor_TPU,frame_processed,0,22,7,0.907812,22.6667,1,NaN,NaN,NaN,NaN,NaN,NaN,NaN,NaN,NaN,NaN,NaN,NaN,NaN,NaN,NaN,NaN,NaN
1363,1364,ImageProcessor_Viz,frame_processed,0,22,7,0.351562,NaN,7,NaN,NaN,NaN,NaN,NaN,NaN,NaN,NaN,NaN,NaN,NaN,NaN,NaN,NaN,NaN,NaN,NaN
1376,1377,InferenceEngine,inference_complete,0,22,NaN,NaN,NaN,1,18.921,0,0.996066,13,NaN,NaN,NaN,NaN,NaN,NaN,NaN,NaN,NaN,NaN,NaN,NaN,NaN
1376,1355,Logic,frame_complete,-268457733656721424,22,7,0.907812,22.6667,1,19,0,0.996066,13,1.23262,-0.0230554,0.00178837,0.501481,0.405116,33.111,0,0,0,61.15,25,51.5966,0
1389,1389,CameraCapture,frame_captured,0,23,7,0.143567,23,NaN,NaN,NaN,NaN,NaN,NaN,NaN,NaN,NaN,NaN,NaN,NaN,NaN,NaN,NaN,NaN,NaN,NaN
1390,1390,ImageProcessor_TPU,frame_processed,0,23,7,0.72493,23.6667,1,NaN,NaN,NaN,NaN,NaN,NaN,NaN,NaN,NaN,NaN,NaN,NaN,NaN,NaN,NaN,NaN,NaN
1396,1397,ImageProcessor_Viz,frame_processed,0,23,7,0.337395,NaN,8,NaN,NaN,NaN,NaN,NaN,NaN,NaN,NaN,NaN,NaN,NaN,NaN,NaN,NaN,NaN,NaN,NaN
1409,1410,InferenceEngine,inference_complete,0,23,NaN,NaN,NaN,1,18.876,0,0.996066,13,NaN,NaN,NaN,NaN,NaN,NaN,NaN,NaN,NaN,NaN,NaN,NaN,NaN
1409,1388,Logic,frame_complete,-268457733656721424,23,7,0.72493,23.6667,1,19,0,0.996066,13,1.23262,-0.0196224,-0.000726523,0.500832,0.405927,33.002,0,0,0,61.15,25,51.5966,0
1423,1423,CameraCapture,frame_captured,0,24,7,0.164498,24,NaN,NaN,NaN,NaN,NaN,NaN,NaN,NaN,NaN,NaN,NaN,NaN,NaN,NaN,NaN,NaN,NaN,NaN
1424,1425,ImageProcessor_TPU,frame_processed,0,24,7,0.998588,24.6667,0,NaN,NaN,NaN,NaN,NaN,NaN,NaN,NaN,NaN,NaN,NaN,NaN,NaN,NaN,NaN,NaN,NaN
1430,1431,ImageProcessor_Viz,frame_processed,0,24,7,0.338544,NaN,7,NaN,NaN,NaN,NaN,NaN,NaN,NaN,NaN,NaN,NaN,NaN,NaN,NaN,NaN,NaN,NaN,NaN
1443,1444,InferenceEngine,inference_complete,0,24,NaN,NaN,NaN,0,18.949,0,0.996066,13,NaN,NaN,NaN,NaN,NaN,NaN,NaN,NaN,NaN,NaN,NaN,NaN,NaN
1444,1422,Logic,frame_complete,-268457733656721424,24,7,0.998588,24.6667,0,19,0,0.996066,13,1.23262,-0.0200105,0.000294972,0.501096,0.40834,34.345,0,0,0,61.15,25,51.5966,0
1455,1456,CameraCapture,frame_captured,0,25,7,0.145274,25,NaN,NaN,NaN,NaN,NaN,NaN,NaN,NaN,NaN,NaN,NaN,NaN,NaN,NaN,NaN,NaN,NaN,NaN
1456,1457,ImageProcessor_TPU,frame_processed,0,25,7,0.769156,25.6667,1,NaN,NaN,NaN,NaN,NaN,NaN,NaN,NaN,NaN,NaN,NaN,NaN,NaN,NaN,NaN,NaN,NaN
1463,1464,ImageProcessor_Viz,frame_processed,0,25,7,0.33871,NaN,7,NaN,NaN,NaN,NaN,NaN,NaN,NaN,NaN,NaN,NaN,NaN,NaN,NaN,NaN,NaN,NaN,NaN
1475,1476,InferenceEngine,inference_complete,0,25,NaN,NaN,NaN,1,18.672,0,0.996066,13,NaN,NaN,NaN,NaN,NaN,NaN,NaN,NaN,NaN,NaN,NaN,NaN,NaN
1476,1455,Logic,frame_complete,-268457733656721424,25,7,0.769156,25.6667,1,18,0,0.996066,13,1.23262,-0.0209406,-0.000119939,0.500988,0.405616,32.14,0,0,0,61.15,25,51.5966,0
1489,1490,CameraCapture,frame_captured,0,26,7,0.234878,26,NaN,NaN,NaN,NaN,NaN,NaN,NaN,NaN,NaN,NaN,NaN,NaN,NaN,NaN,NaN,NaN,NaN,NaN
1490,1490,ImageProcessor_TPU,frame_processed,0,26,7,0.836333,26.6667,0,NaN,NaN,NaN,NaN,NaN,NaN,NaN,NaN,NaN,NaN,NaN,NaN,NaN,NaN,NaN,NaN,NaN
1497,1498,ImageProcessor_Viz,frame_processed,0,26,7,0.349766,NaN,8,NaN,NaN,NaN,NaN,NaN,NaN,NaN,NaN,NaN,NaN,NaN,NaN,NaN,NaN,NaN,NaN,NaN
1509,1509,InferenceEngine,inference_complete,0,26,NaN,NaN,NaN,0,18.718,0,0.996066,13,NaN,NaN,NaN,NaN,NaN,NaN,NaN,NaN,NaN,NaN,NaN,NaN,NaN
1509,1488,Logic,frame_complete,-268457733656721424,26,7,0.836333,26.6667,0,19,0,0.996066,13,1.23262,-0.0194647,4.86905e-05,0.501032,0.40847,33.265,0,0,0,61.15,25,51.5966,0
1522,1523,CameraCapture,frame_captured,0,27,7,0.232995,27,NaN,NaN,NaN,NaN,NaN,NaN,NaN,NaN,NaN,NaN,NaN,NaN,NaN,NaN,NaN,NaN,NaN,NaN
1524,1524,ImageProcessor_TPU,frame_processed,0,27,7,1.24998,27.6667,1,NaN,NaN,NaN,NaN,NaN,NaN,NaN,NaN,NaN,NaN,NaN,NaN,NaN,NaN,NaN,NaN,NaN
1529,1530,ImageProcessor_Viz,frame_processed,0,27,7,0.349173,NaN,7,NaN,NaN,NaN,NaN,NaN,NaN,NaN,NaN,NaN,NaN,NaN,NaN,NaN,NaN,NaN,NaN,NaN
1543,1543,InferenceEngine,inference_complete,0,27,NaN,NaN,NaN,1,18.699,0,0.996066,13,NaN,NaN,NaN,NaN,NaN,NaN,NaN,NaN,NaN,NaN,NaN,NaN,NaN
1543,1521,Logic,frame_complete,-268457733656721424,27,7,1.24998,27.6667,1,19,0,0.996066,13,1.23262,-0.0211444,-1.97915e-05,0.501014,0.405568,33.906,0,0,0,61.15,25,51.5966,0
1556,1557,CameraCapture,frame_captured,0,28,7,0.143367,28,NaN,NaN,NaN,NaN,NaN,NaN,NaN,NaN,NaN,NaN,NaN,NaN,NaN,NaN,NaN,NaN,NaN,NaN
1557,1558,ImageProcessor_TPU,frame_processed,0,28,7,0.841935,28.6667,0,NaN,NaN,NaN,NaN,NaN,NaN,NaN,NaN,NaN,NaN,NaN,NaN,NaN,NaN,NaN,NaN,NaN
1564,1564,ImageProcessor_Viz,frame_processed,0,28,7,0.334839,NaN,8,NaN,NaN,NaN,NaN,NaN,NaN,NaN,NaN,NaN,NaN,NaN,NaN,NaN,NaN,NaN,NaN,NaN
1576,1577,InferenceEngine,inference_complete,0,28,NaN,NaN,NaN,0,18.792,0,0.996066,13,NaN,NaN,NaN,NaN,NaN,NaN,NaN,NaN,NaN,NaN,NaN,NaN,NaN
1576,1555,Logic,frame_complete,-268457733656721424,28,7,0.841935,28.6667,0,19,0,0.996066,13,1.23755,-0.020456,8.55187e-06,0.501022,0.405749,33.474,0,0,0,61.15,25,51.5966,0
1589,1590,CameraCapture,frame_captured,0,29,7,0.244903,29,NaN,NaN,NaN,NaN,NaN,NaN,NaN,NaN,NaN,NaN,NaN,NaN,NaN,NaN,NaN,NaN,NaN,NaN
1590,1591,ImageProcessor_TPU,frame_processed,0,29,7,0.984491,29.6667,0,NaN,NaN,NaN,NaN,NaN,NaN,NaN,NaN,NaN,NaN,NaN,NaN,NaN,NaN,NaN,NaN,NaN
1602,1602,ImageProcessor_Viz,frame_processed,0,29,7,0.342803,NaN,13,NaN,NaN,NaN,NaN,NaN,NaN,NaN,NaN,NaN,NaN,NaN,NaN,NaN,NaN,NaN,NaN,NaN
1610,1610,InferenceEngine,inference_complete,0,29,NaN,NaN,NaN,0,19.489,0,0.996066,13,NaN,NaN,NaN,NaN,NaN,NaN,NaN,NaN,NaN,NaN,NaN,NaN,NaN
1610,1588,Logic,frame_complete,-268457733656721424,29,7,0.984491,29.6667,0,20,0,0.996066,13,1.23755,-0.0206984,-3.46871e-06,0.501018,0.405692,33.612,0,0,0,61.15,25,51.5966,0
1622,1623,CameraCapture,frame_captured,0,30,7,0.145665,30,NaN,NaN,NaN,NaN,NaN,NaN,NaN,NaN,NaN,NaN,NaN,NaN,NaN,NaN,NaN,NaN,NaN,NaN
1623,1624,ImageProcessor_TPU,frame_processed,0,30,7,0.721361,30.6667,0,NaN,NaN,NaN,NaN,NaN,NaN,NaN,NaN,NaN,NaN,NaN,NaN,NaN,NaN,NaN,NaN,NaN
1630,1631,ImageProcessor_Viz,frame_processed,0,30,7,0.335802,NaN,8,NaN,NaN,NaN,NaN,NaN,NaN,NaN,NaN,NaN,NaN,NaN,NaN,NaN,NaN,NaN,NaN,NaN
1642,1643,InferenceEngine,inference_complete,0,30,NaN,NaN,NaN,0,18.879,0,0.996066,13,NaN,NaN,NaN,NaN,NaN,NaN,NaN,NaN,NaN,NaN,NaN,NaN,NaN
1643,1621,Logic,frame_complete,-268457733656721424,30,7,0.721361,30.6667,0,19,0,0.996066,13,1.23755,-0.0195731,1.40816e-06,0.50102,0.408463,32.552,0,0,0,61.15,25,51.5966,0
1655,1656,CameraCapture,frame_captured,0,31,7,0.143694,31,NaN,NaN,NaN,NaN,NaN,NaN,NaN,NaN,NaN,NaN,NaN,NaN,NaN,NaN,NaN,NaN,NaN,NaN
1656,1657,ImageProcessor_TPU,frame_processed,0,31,7,0.727871,31.6667,0,NaN,NaN,NaN,NaN,NaN,NaN,NaN,NaN,NaN,NaN,NaN,NaN,NaN,NaN,NaN,NaN,NaN
1663,1664,ImageProcessor_Viz,frame_processed,0,31,7,0.333321,NaN,7,NaN,NaN,NaN,NaN,NaN,NaN,NaN,NaN,NaN,NaN,NaN,NaN,NaN,NaN,NaN,NaN,NaN
1676,1677,InferenceEngine,inference_complete,0,31,NaN,NaN,NaN,0,19.229,0,0.996066,13,NaN,NaN,NaN,NaN,NaN,NaN,NaN,NaN,NaN,NaN,NaN,NaN,NaN
1676,1654,Logic,frame_complete,-268457733656721424,31,7,0.727871,31.6667,0,19,0,0.996066,13,1.23262,-0.0200522,-1.0482e-06,0.501019,0.408331,33.461,0,0,0,61.15,25,51.5966,0
1689,1690,CameraCapture,frame_captured,0,32,7,0.150252,32,NaN,NaN,NaN,NaN,NaN,NaN,NaN,NaN,NaN,NaN,NaN,NaN,NaN,NaN,NaN,NaN,NaN,NaN
1690,1691,ImageProcessor_TPU,frame_processed,0,32,7,0.7603,32.6667,0,NaN,NaN,NaN,NaN,NaN,NaN,NaN,NaN,NaN,NaN,NaN,NaN,NaN,NaN,NaN,NaN,NaN
1697,1698,ImageProcessor_Viz,frame_processed,0,32,7,0.334877,NaN,8,NaN,NaN,NaN,NaN,NaN,NaN,NaN,NaN,NaN,NaN,NaN,NaN,NaN,NaN,NaN,NaN,NaN
1710,1711,InferenceEngine,inference_complete,0,32,NaN,NaN,NaN,0,19.807,0,0.996066,13,NaN,NaN,NaN,NaN,NaN,NaN,NaN,NaN,NaN,NaN,NaN,NaN,NaN
1711,1688,Logic,frame_complete,-268457733656721424,32,7,0.7603,32.6667,0,19,0,0.996066,13,1.23755,-0.0209561,8.91741e-07,0.50102,0.405632,34.62,0,0,0,61.15,25,51.5966,0
1722,1723,CameraCapture,frame_captured,0,33,7,0.159007,33,NaN,NaN,NaN,NaN,NaN,NaN,NaN,NaN,NaN,NaN,NaN,NaN,NaN,NaN,NaN,NaN,NaN,NaN
1723,1724,ImageProcessor_TPU,frame_processed,0,33,7,1.04878,33.6667,1,NaN,NaN,NaN,NaN,NaN,NaN,NaN,NaN,NaN,NaN,NaN,NaN,NaN,NaN,NaN,NaN,NaN
1731,1732,ImageProcessor_Viz,frame_processed,0,33,7,0.337525,NaN,8,NaN,NaN,NaN,NaN,NaN,NaN,NaN,NaN,NaN,NaN,NaN,NaN,NaN,NaN,NaN,NaN,NaN
1743,1743,InferenceEngine,inference_complete,0,33,NaN,NaN,NaN,1,18.917,0,0.996066,13,NaN,NaN,NaN,NaN,NaN,NaN,NaN,NaN,NaN,NaN,NaN,NaN,NaN
1743,1721,Logic,frame_complete,-268457733656721424,33,7,1.04878,33.6667,1,19,0,0.996066,13,1.23262,-0.0194072,-8.59145e-07,0.501019,0.408484,32.2,0,0,0,61.15,25,51.5966,0
1755,1756,CameraCapture,frame_captured,0,34,7,0.170921,34,NaN,NaN,NaN,NaN,NaN,NaN,NaN,NaN,NaN,NaN,NaN,NaN,NaN,NaN,NaN,NaN,NaN,NaN
1756,1757,ImageProcessor_TPU,frame_processed,0,34,7,0.796821,34.6667,0,NaN,NaN,NaN,NaN,NaN,NaN,NaN,NaN,NaN,NaN,NaN,NaN,NaN,NaN,NaN,NaN,NaN
1763,1764,ImageProcessor_Viz,frame_processed,0,34,7,0.334876,NaN,7,NaN,NaN,NaN,NaN,NaN,NaN,NaN,NaN,NaN,NaN,NaN,NaN,NaN,NaN,NaN,NaN,NaN
1775,1776,InferenceEngine,inference_complete,0,34,NaN,NaN,NaN,0,18.671,0,0.996066,13,NaN,NaN,NaN,NaN,NaN,NaN,NaN,NaN,NaN,NaN,NaN,NaN,NaN
1775,1754,Logic,frame_complete,-268457733656721424,34,7,0.796821,34.6667,0,19,0,0.996066,13,1.23755,-0.021244,8.46107e-07,0.50102,0.405564,32.48,0,0,0,61.15,25,51.5966,0
1788,1789,CameraCapture,frame_captured,0,35,7,0.145597,35,NaN,NaN,NaN,NaN,NaN,NaN,NaN,NaN,NaN,NaN,NaN,NaN,NaN,NaN,NaN,NaN,NaN,NaN
1790,1790,ImageProcessor_TPU,frame_processed,0,35,7,0.75609,35.6667,1,NaN,NaN,NaN,NaN,NaN,NaN,NaN,NaN,NaN,NaN,NaN,NaN,NaN,NaN,NaN,NaN,NaN
1796,1797,ImageProcessor_Viz,frame_processed,0,35,7,0.323821,NaN,8,NaN,NaN,NaN,NaN,NaN,NaN,NaN,NaN,NaN,NaN,NaN,NaN,NaN,NaN,NaN,NaN,NaN
1808,1809,InferenceEngine,inference_complete,0,35,NaN,NaN,NaN,1,18.658,0,0.996066,13,NaN,NaN,NaN,NaN,NaN,NaN,NaN,NaN,NaN,NaN,NaN,NaN,NaN
1809,1788,Logic,frame_complete,-268457733656721424,35,7,0.75609,35.6667,1,19,0,0.996066,13,1.23755,-0.0148927,-0.00129465,0.489765,0.420582,33.372,0,0,0,61.15,25,51.5966,0
1822,1823,CameraCapture,frame_captured,0,36,7,0.181841,36,NaN,NaN,NaN,NaN,NaN,NaN,NaN,NaN,NaN,NaN,NaN,NaN,NaN,NaN,NaN,NaN,NaN,NaN
1824,1824,ImageProcessor_TPU,frame_processed,0,36,7,0.785907,36.6667,0,NaN,NaN,NaN,NaN,NaN,NaN,NaN,NaN,NaN,NaN,NaN,NaN,NaN,NaN,NaN,NaN,NaN
1831,1831,ImageProcessor_Viz,frame_processed,0,36,7,0.336469,NaN,8,NaN,NaN,NaN,NaN,NaN,NaN,NaN,NaN,NaN,NaN,NaN,NaN,NaN,NaN,NaN,NaN,NaN
1843,1843,InferenceEngine,inference_complete,0,36,NaN,NaN,NaN,0,18.734,0,0.996066,13,NaN,NaN,NaN,NaN,NaN,NaN,NaN,NaN,NaN,NaN,NaN,NaN,NaN
1843,1822,Logic,frame_complete,-268457733656721424,36,7,0.785907,36.6667,0,19,0,0.996066,13,1.24248,-0.01823,0.000630144,0.491168,0.418941,34.084,0,0,0,61.15,25,51.5966,0
1855,1856,CameraCapture,frame_captured,0,37,7,0.146872,37,NaN,NaN,NaN,NaN,NaN,NaN,NaN,NaN,NaN,NaN,NaN,NaN,NaN,NaN,NaN,NaN,NaN,NaN
1856,1857,ImageProcessor_TPU,frame_processed,0,37,7,1.06765,37.6667,1,NaN,NaN,NaN,NaN,NaN,NaN,NaN,NaN,NaN,NaN,NaN,NaN,NaN,NaN,NaN,NaN,NaN
1863,1864,ImageProcessor_Viz,frame_processed,0,37,7,0.331154,NaN,7,NaN,NaN,NaN,NaN,NaN,NaN,NaN,NaN,NaN,NaN,NaN,NaN,NaN,NaN,NaN,NaN,NaN
1875,1876,InferenceEngine,inference_complete,0,37,NaN,NaN,NaN,1,18.704,0,0.996066,13,NaN,NaN,NaN,NaN,NaN,NaN,NaN,NaN,NaN,NaN,NaN,NaN,NaN
1876,1854,Logic,frame_complete,-268457733656721424,37,7,1.06765,37.6667,1,18,0,0.996066,13,1.23755,-0.0209174,0.000960561,0.501266,0.408145,32.696,0,0,0,61.15,25,51.5966,0
1888,1889,CameraCapture,frame_captured,0,38,7,0.14327,38,NaN,NaN,NaN,NaN,NaN,NaN,NaN,NaN,NaN,NaN,NaN,NaN,NaN,NaN,NaN,NaN,NaN,NaN
1890,1890,ImageProcessor_TPU,frame_processed,0,38,7,0.729096,38.6667,0,NaN,NaN,NaN,NaN,NaN,NaN,NaN,NaN,NaN,NaN,NaN,NaN,NaN,NaN,NaN,NaN,NaN
1896,1897,ImageProcessor_Viz,frame_processed,0,38,7,0.336729,NaN,8,NaN,NaN,NaN,NaN,NaN,NaN,NaN,NaN,NaN,NaN,NaN,NaN,NaN,NaN,NaN,NaN,NaN
1908,1909,InferenceEngine,inference_complete,0,38,NaN,NaN,NaN,0,18.647,0,0.996066,13,NaN,NaN,NaN,NaN,NaN,NaN,NaN,NaN,NaN,NaN,NaN,NaN,NaN
1909,1888,Logic,frame_complete,-268457733656721424,38,7,0.729096,38.6667,0,19,0,0.996066,13,1.23262,-0.0195083,-0.000388686,0.500919,0.40846,33.133,0,0,0,61.15,25,51.5966,0
1922,1923,CameraCapture,frame_captured,0,39,7,0.151166,39,NaN,NaN,NaN,NaN,NaN,NaN,NaN,NaN,NaN,NaN,NaN,NaN,NaN,NaN,NaN,NaN,NaN,NaN
1923,1924,ImageProcessor_TPU,frame_processed,0,39,7,0.742807,39.6667,0,NaN,NaN,NaN,NaN,NaN,NaN,NaN,NaN,NaN,NaN,NaN,NaN,NaN,NaN,NaN,NaN,NaN
1930,1931,ImageProcessor_Viz,frame_processed,0,39,7,0.341192,NaN,8,NaN,NaN,NaN,NaN,NaN,NaN,NaN,NaN,NaN,NaN,NaN,NaN,NaN,NaN,NaN,NaN,NaN
1944,1945,InferenceEngine,inference_complete,0,39,NaN,NaN,NaN,0,19.801,0,0.996066,13,NaN,NaN,NaN,NaN,NaN,NaN,NaN,NaN,NaN,NaN,NaN,NaN,NaN
1944,1921,Logic,frame_complete,-268457733656721424,39,7,0.742807,39.6667,0,20,0,0.996066,13,1.23755,-0.0201705,0.000158584,0.50106,0.408322,35.273,0,0,0,61.15,25,51.5966,0
1956,1957,CameraCapture,frame_captured,0,40,7,0.15765,40,NaN,NaN,NaN,NaN,NaN,NaN,NaN,NaN,NaN,NaN,NaN,NaN,NaN,NaN,NaN,NaN,NaN,NaN
1957,1958,ImageProcessor_TPU,frame_processed,0,40,7,0.798792,40.6667,0,NaN,NaN,NaN,NaN,NaN,NaN,NaN,NaN,NaN,NaN,NaN,NaN,NaN,NaN,NaN,NaN,NaN
1964,1965,ImageProcessor_Viz,frame_processed,0,40,7,0.348951,NaN,8,NaN,NaN,NaN,NaN,NaN,NaN,NaN,NaN,NaN,NaN,NaN,NaN,NaN,NaN,NaN,NaN,NaN
1977,1977,InferenceEngine,inference_complete,0,40,NaN,NaN,NaN,0,19.427,0,0.996066,13,NaN,NaN,NaN,NaN,NaN,NaN,NaN,NaN,NaN,NaN,NaN,NaN,NaN
1977,1955,Logic,frame_complete,-268457733656721424,40,7,0.798792,40.6667,0,20,0,0.996066,13,1.23755,-0.0208908,-6.44247e-05,0.501003,0.405647,32.88,0,0,0,61.15,25,51.5966,0
1988,1989,CameraCapture,frame_captured,0,41,7,0.147535,41,NaN,NaN,NaN,NaN,NaN,NaN,NaN,NaN,NaN,NaN,NaN,NaN,NaN,NaN,NaN,NaN,NaN,NaN
1989,1990,ImageProcessor_TPU,frame_processed,0,41,7,0.728527,41.6667,1,NaN,NaN,NaN,NaN,NaN,NaN,NaN,NaN,NaN,NaN,NaN,NaN,NaN,NaN,NaN,NaN,NaN
1997,1997,ImageProcessor_Viz,frame_processed,0,41,7,0.335488,NaN,8,NaN,NaN,NaN,NaN,NaN,NaN,NaN,NaN,NaN,NaN,NaN,NaN,NaN,NaN,NaN,NaN,NaN
2008,2009,InferenceEngine,inference_complete,0,41,NaN,NaN,NaN,1,18.714,0,0.996066,13,NaN,NaN,NaN,NaN,NaN,NaN,NaN,NaN,NaN,NaN,NaN,NaN,NaN
2009,1988,Logic,frame_complete,-268457733656721424,41,7,0.728527,41.6667,1,19,0,0.996066,13,1.23755,-0.0194858,2.61771e-05,0.501026,0.408483,31.77,0,0,0,61.15,25,51.5966,0
2022,2023,CameraCapture,frame_captured,0,42,7,0.242321,42,NaN,NaN,NaN,NaN,NaN,NaN,NaN,NaN,NaN,NaN,NaN,NaN,NaN,NaN,NaN,NaN,NaN,NaN
2023,2024,ImageProcessor_TPU,frame_processed,0,42,7,1.32388,42.6667,1,NaN,NaN,NaN,NaN,NaN,NaN,NaN,NaN,NaN,NaN,NaN,NaN,NaN,NaN,NaN,NaN,NaN
2030,2030,ImageProcessor_Viz,frame_processed,0,42,7,0.351506,NaN,8,NaN,NaN,NaN,NaN,NaN,NaN,NaN,NaN,NaN,NaN,NaN,NaN,NaN,NaN,NaN,NaN,NaN
2044,2045,InferenceEngine,inference_complete,0,42,NaN,NaN,NaN,1,20.223,0,0.996066,13,NaN,NaN,NaN,NaN,NaN,NaN,NaN,NaN,NaN,NaN,NaN,NaN,NaN
2044,2021,Logic,frame_complete,-268457733656721424,42,7,1.32388,42.6667,1,20,0,0.996066,13,1.23262,-0.0200895,-1.10143e-05,0.501016,0.408322,35.422,0,0,0,61.15,25,51.5966,0
2055,2056,CameraCapture,frame_captured,0,43,7,0.17309,43,NaN,NaN,NaN,NaN,NaN,NaN,NaN,NaN,NaN,NaN,NaN,NaN,NaN,NaN,NaN,NaN,NaN,NaN
2056,2057,ImageProcessor_TPU,frame_processed,0,43,7,0.757768,43.6667,1,NaN,NaN,NaN,NaN,NaN,NaN,NaN,NaN,NaN,NaN,NaN,NaN,NaN,NaN,NaN,NaN,NaN
2063,2064,ImageProcessor_Viz,frame_processed,0,43,7,0.337433,NaN,7,NaN,NaN,NaN,NaN,NaN,NaN,NaN,NaN,NaN,NaN,NaN,NaN,NaN,NaN,NaN,NaN,NaN
2075,2076,InferenceEngine,inference_complete,0,43,NaN,NaN,NaN,1,18.579,0,0.996066,13,NaN,NaN,NaN,NaN,NaN,NaN,NaN,NaN,NaN,NaN,NaN,NaN,NaN
2076,2054,Logic,frame_complete,-268457733656721424,43,7,0.757768,43.6667,1,18,0,0.996066,13,1.23755,-0.0209792,-0.000339853,0.498201,0.405626,31.425,0,0,0,61.15,25,51.5966,0
2089,2090,CameraCapture,frame_captured,0,44,7,0.155649,44,NaN,NaN,NaN,NaN,NaN,NaN,NaN,NaN,NaN,NaN,NaN,NaN,NaN,NaN,NaN,NaN,NaN,NaN
2090,2091,ImageProcessor_TPU,frame_processed,0,44,7,0.752808,44.6667,1,NaN,NaN,NaN,NaN,NaN,NaN,NaN,NaN,NaN,NaN,NaN,NaN,NaN,NaN,NaN,NaN,NaN
2098,2099,ImageProcessor_Viz,frame_processed,0,44,7,0.342414,NaN,8,NaN,NaN,NaN,NaN,NaN,NaN,NaN,NaN,NaN,NaN,NaN,NaN,NaN,NaN,NaN,NaN,NaN
2109,2110,InferenceEngine,inference_complete,0,44,NaN,NaN,NaN,1,18.541,0,0.996066,13,NaN,NaN,NaN,NaN,NaN,NaN,NaN,NaN,NaN,NaN,NaN,NaN,NaN
2110,2088,Logic,frame_complete,-268457733656721424,44,7,0.752808,44.6667,1,18,0,0.996066,13,1.23262,-0.0194175,0.000455362,0.501137,0.408481,33.791,0,0,0,61.15,25,51.5966,0
2122,2123,CameraCapture,frame_captured,0,45,7,0.239034,45,NaN,NaN,NaN,NaN,NaN,NaN,NaN,NaN,NaN,NaN,NaN,NaN,NaN,NaN,NaN,NaN,NaN,NaN
2123,2124,ImageProcessor_TPU,frame_processed,0,45,7,0.781303,45.6667,1,NaN,NaN,NaN,NaN,NaN,NaN,NaN,NaN,NaN,NaN,NaN,NaN,NaN,NaN,NaN,NaN,NaN
2130,2131,ImageProcessor_Viz,frame_processed,0,45,7,0.32834,NaN,7,NaN,NaN,NaN,NaN,NaN,NaN,NaN,NaN,NaN,NaN,NaN,NaN,NaN,NaN,NaN,NaN,NaN
2142,2143,InferenceEngine,inference_complete,0,45,NaN,NaN,NaN,1,18.668,0,0.996066,13,NaN,NaN,NaN,NaN,NaN,NaN,NaN,NaN,NaN,NaN,NaN,NaN,NaN
2143,2121,Logic,frame_complete,-268457733656721424,45,7,0.781303,45.6667,1,18,0,0.996066,13,1.23262,-0.0201526,-0.000185058,0.500972,0.408307,33.183,0,0,0,61.15,25,51.5966,0
2155,2156,CameraCapture,frame_captured,0,46,7,0.152408,46,NaN,NaN,NaN,NaN,NaN,NaN,NaN,NaN,NaN,NaN,NaN,NaN,NaN,NaN,NaN,NaN,NaN,NaN
2156,2157,ImageProcessor_TPU,frame_processed,0,46,7,1.02333,46.6667,1,NaN,NaN,NaN,NaN,NaN,NaN,NaN,NaN,NaN,NaN,NaN,NaN,NaN,NaN,NaN,NaN,NaN
2162,2163,ImageProcessor_Viz,frame_processed,0,46,7,0.335544,NaN,7,NaN,NaN,NaN,NaN,NaN,NaN,NaN,NaN,NaN,NaN,NaN,NaN,NaN,NaN,NaN,NaN,NaN
2176,2177,InferenceEngine,inference_complete,0,46,NaN,NaN,NaN,1,19.273,0,0.996066,13,NaN,NaN,NaN,NaN,NaN,NaN,NaN,NaN,NaN,NaN,NaN,NaN,NaN
2176,2154,Logic,frame_complete,-268457733656721424,46,7,1.02333,46.6667,1,19,0,0.996066,13,1.23262,-0.020868,7.51596e-05,0.501039,0.405633,33.534,0,0,0,61.15,25,51.5966,0
2188,2189,CameraCapture,frame_captured,0,47,7,0.147676,47,NaN,NaN,NaN,NaN,NaN,NaN,NaN,NaN,NaN,NaN,NaN,NaN,NaN,NaN,NaN,NaN,NaN,NaN
2189,2190,ImageProcessor_TPU,frame_processed,0,47,7,0.84193,47.6667,1,NaN,NaN,NaN,NaN,NaN,NaN,NaN,NaN,NaN,NaN,NaN,NaN,NaN,NaN,NaN,NaN,NaN
2196,2197,ImageProcessor_Viz,frame_processed,0,47,7,0.333692,NaN,7,NaN,NaN,NaN,NaN,NaN,NaN,NaN,NaN,NaN,NaN,NaN,NaN,NaN,NaN,NaN,NaN,NaN
2208,2209,InferenceEngine,inference_complete,0,47,NaN,NaN,NaN,1,18.652,0,0.996066,13,NaN,NaN,NaN,NaN,NaN,NaN,NaN,NaN,NaN,NaN,NaN,NaN,NaN
2209,2188,Logic,frame_complete,-268457733656721424,47,7,0.84193,47.6667,1,18,0,0.996066,13,1.23262,-0.0194858,-3.05166e-05,0.501011,0.408465,32.48,0,0,0,61.15,25,51.5966,0
2222,2223,CameraCapture,frame_captured,0,48,7,0.14353,48,NaN,NaN,NaN,NaN,NaN,NaN,NaN,NaN,NaN,NaN,NaN,NaN,NaN,NaN,NaN,NaN,NaN,NaN
2223,2224,ImageProcessor_TPU,frame_processed,0,48,7,0.799598,48.6667,1,NaN,NaN,NaN,NaN,NaN,NaN,NaN,NaN,NaN,NaN,NaN,NaN,NaN,NaN,NaN,NaN,NaN
2230,2231,ImageProcessor_Viz,frame_processed,0,48,7,0.335802,NaN,7,NaN,NaN,NaN,NaN,NaN,NaN,NaN,NaN,NaN,NaN,NaN,NaN,NaN,NaN,NaN,NaN,NaN
2242,2243,InferenceEngine,inference_complete,0,48,NaN,NaN,NaN,1,18.705,0,0.996066,13,NaN,NaN,NaN,NaN,NaN,NaN,NaN,NaN,NaN,NaN,NaN,NaN,NaN
2243,2221,Logic,frame_complete,-268457733656721424,48,7,0.799598,48.6667,1,18,0,0.996066,13,1.23262,-0.0211353,1.23945e-05,0.501023,0.40557,33.938,0,0,0,61.15,25,51.5966,0
2255,2256,CameraCapture,frame_captured,0,49,7,0.147786,49,NaN,NaN,NaN,NaN,NaN,NaN,NaN,NaN,NaN,NaN,NaN,NaN,NaN,NaN,NaN,NaN,NaN,NaN
2256,2257,ImageProcessor_TPU,frame_processed,0,49,7,0.70037,49.6667,1,NaN,NaN,NaN,NaN,NaN,NaN,NaN,NaN,NaN,NaN,NaN,NaN,NaN,NaN,NaN,NaN,NaN
2264,2264,ImageProcessor_Viz,frame_processed,0,49,7,0.336691,NaN,8,NaN,NaN,NaN,NaN,NaN,NaN,NaN,NaN,NaN,NaN,NaN,NaN,NaN,NaN,NaN,NaN,NaN
2276,2276,InferenceEngine,inference_complete,0,49,NaN,NaN,NaN,1,19.003,0,0.996066,13,NaN,NaN,NaN,NaN,NaN,NaN,NaN,NaN,NaN,NaN,NaN,NaN,NaN
2276,2254,Logic,frame_complete,-268457733656721424,49,7,0.70037,49.6667,1,19,0,0.996066,13,1.23262,-0.0204026,-5.0338e-06,0.501018,0.405743,33.275,0,0,0,61.15,25,51.5966,0
2288,2289,CameraCapture,frame_captured,0,50,7,0.144535,50,NaN,NaN,NaN,NaN,NaN,NaN,NaN,NaN,NaN,NaN,NaN,NaN,NaN,NaN,NaN,NaN,NaN,NaN
2290,2290,ImageProcessor_TPU,frame_processed,0,50,7,0.704156,50.6667,1,NaN,NaN,NaN,NaN,NaN,NaN,NaN,NaN,NaN,NaN,NaN,NaN,NaN,NaN,NaN,NaN,NaN
2296,2297,ImageProcessor_Viz,frame_processed,0,50,7,0.336376,NaN,8,NaN,NaN,NaN,NaN,NaN,NaN,NaN,NaN,NaN,NaN,NaN,NaN,NaN,NaN,NaN,NaN,NaN
2309,2309,InferenceEngine,inference_complete,0,50,NaN,NaN,NaN,1,18.745,0,0.996066,13,NaN,NaN,NaN,NaN,NaN,NaN,NaN,NaN,NaN,NaN,NaN,NaN,NaN
2309,2287,Logic,frame_complete,-268457733656721424,50,7,0.704156,50.6667,1,19,0,0.996066,13,1.23262,-0.0196797,2.04332e-06,0.50102,0.408419,32.957,0,0,0,61.15,25,51.5966,0
2322,2322,CameraCapture,frame_captured,0,51,7,0.148709,51,NaN,NaN,NaN,NaN,NaN,NaN,NaN,NaN,NaN,NaN,NaN,NaN,NaN,NaN,NaN,NaN,NaN,NaN
2323,2324,ImageProcessor_TPU,frame_processed,0,51,7,0.699589,51.6667,1,NaN,NaN,NaN,NaN,NaN,NaN,NaN,NaN,NaN,NaN,NaN,NaN,NaN,NaN,NaN,NaN,NaN
2330,2331,ImageProcessor_Viz,frame_processed,0,51,7,0.33484,NaN,8,NaN,NaN,NaN,NaN,NaN,NaN,NaN,NaN,NaN,NaN,NaN,NaN,NaN,NaN,NaN,NaN,NaN
2342,2343,InferenceEngine,inference_complete,0,51,NaN,NaN,NaN,1,18.682,0,0.996066,13,NaN,NaN,NaN,NaN,NaN,NaN,NaN,NaN,NaN,NaN,NaN,NaN,NaN
2342,2321,Logic,frame_complete,-268457733656721424,51,7,0.699589,51.6667,1,19,0,0.996066,13,1.23262,-0.020046,-8.30274e-07,0.501019,0.408332,33.263,0,0,0,61.15,25,51.5966,0
2356,2356,CameraCapture,frame_captured,0,52,7,0.1416,52,NaN,NaN,NaN,NaN,NaN,NaN,NaN,NaN,NaN,NaN,NaN,NaN,NaN,NaN,NaN,NaN,NaN,NaN
2357,2357,ImageProcessor_TPU,frame_processed,0,52,7,0.696758,52.6667,1,NaN,NaN,NaN,NaN,NaN,NaN,NaN,NaN,NaN,NaN,NaN,NaN,NaN,NaN,NaN,NaN,NaN
2364,2365,ImageProcessor_Viz,frame_processed,0,52,7,0.348951,NaN,8,NaN,NaN,NaN,NaN,NaN,NaN,NaN,NaN,NaN,NaN,NaN,NaN,NaN,NaN,NaN,NaN,NaN
2375,2376,InferenceEngine,inference_complete,0,52,NaN,NaN,NaN,1,18.607,0,0.996066,13,NaN,NaN,NaN,NaN,NaN,NaN,NaN,NaN,NaN,NaN,NaN,NaN,NaN
2376,2355,Logic,frame_complete,-268457733656721424,52,7,0.696758,52.6667,1,19,0,0.996066,13,1.23263,-0.0201944,-8.30274e-07,0.501014,0.407746,33.527,0,0,0,61.15,25,51.5966,0
2388,2389,CameraCapture,frame_captured,0,53,7,0.14091,53,NaN,NaN,NaN,NaN,NaN,NaN,NaN,NaN,NaN,NaN,NaN,NaN,NaN,NaN,NaN,NaN,NaN,NaN
2389,2390,ImageProcessor_TPU,frame_processed,0,53,7,0.692606,53.6667,0,NaN,NaN,NaN,NaN,NaN,NaN,NaN,NaN,NaN,NaN,NaN,NaN,NaN,NaN,NaN,NaN,NaN
2396,2397,ImageProcessor_Viz,frame_processed,0,53,7,0.335858,NaN,8,NaN,NaN,NaN,NaN,NaN,NaN,NaN,NaN,NaN,NaN,NaN,NaN,NaN,NaN,NaN,NaN,NaN
2408,2409,InferenceEngine,inference_complete,0,53,NaN,NaN,NaN,0,18.787,0,0.996066,13,NaN,NaN,NaN,NaN,NaN,NaN,NaN,NaN,NaN,NaN,NaN,NaN,NaN
2409,2387,Logic,frame_complete,-268457733656721424,53,7,0.692606,53.6667,0,18,0,0.996066,13,1.23262,-0.0198597,6.31437e-07,0.50102,0.408376,32.864,0,0,0,61.15,25,51.5966,0
2421,2422,CameraCapture,frame_captured,0,54,7,0.144381,54,NaN,NaN,NaN,NaN,NaN,NaN,NaN,NaN,NaN,NaN,NaN,NaN,NaN,NaN,NaN,NaN,NaN,NaN
2422,2423,ImageProcessor_TPU,frame_processed,0,54,7,0.700224,54.6667,1,NaN,NaN,NaN,NaN,NaN,NaN,NaN,NaN,NaN,NaN,NaN,NaN,NaN,NaN,NaN,NaN,NaN
2430,2431,ImageProcessor_Viz,frame_processed,0,54,7,0.343006,NaN,8,NaN,NaN,NaN,NaN,NaN,NaN,NaN,NaN,NaN,NaN,NaN,NaN,NaN,NaN,NaN,NaN,NaN
2441,2442,InferenceEngine,inference_complete,0,54,NaN,NaN,NaN,1,18.667,0,0.996066,13,NaN,NaN,NaN,NaN,NaN,NaN,NaN,NaN,NaN,NaN,NaN,NaN,NaN
2442,2421,Logic,frame_complete,-268457733656721424,54,7,0.700224,54.6667,1,18,0,0.996066,13,1.23262,-0.0199729,-2.56579e-07,0.501019,0.408349,33.026,0,0,0,61.15,25,51.5966,0
2455,2456,CameraCapture,frame_captured,0,55,7,0.157094,55,NaN,NaN,NaN,NaN,NaN,NaN,NaN,NaN,NaN,NaN,NaN,NaN,NaN,NaN,NaN,NaN,NaN,NaN
2456,2457,ImageProcessor_TPU,frame_processed,0,55,7,0.722845,55.6667,0,NaN,NaN,NaN,NaN,NaN,NaN,NaN,NaN,NaN,NaN,NaN,NaN,NaN,NaN,NaN,NaN,NaN
2463,2464,ImageProcessor_Viz,frame_processed,0,55,7,0.353433,NaN,7,NaN,NaN,NaN,NaN,NaN,NaN,NaN,NaN,NaN,NaN,NaN,NaN,NaN,NaN,NaN,NaN,NaN
2475,2476,InferenceEngine,inference_complete,0,55,NaN,NaN,NaN,0,18.621,0,0.996066,13,NaN,NaN,NaN,NaN,NaN,NaN,NaN,NaN,NaN,NaN,NaN,NaN,NaN
2475,2454,Logic,frame_complete,-268457733656721424,55,7,0.722845,55.6667,0,19,0,0.996066,13,1.23262,-0.0199269,1.04308e-07,0.501019,0.40836,33.482,0,0,0,61.15,25,51.5966,0
2489,2490,CameraCapture,frame_captured,0,56,7,0.144095,56,NaN,NaN,NaN,NaN,NaN,NaN,NaN,NaN,NaN,NaN,NaN,NaN,NaN,NaN,NaN,NaN,NaN,NaN
2490,2491,ImageProcessor_TPU,frame_processed,0,56,7,0.703105,56.6667,0,NaN,NaN,NaN,NaN,NaN,NaN,NaN,NaN,NaN,NaN,NaN,NaN,NaN,NaN,NaN,NaN,NaN
2497,2498,ImageProcessor_Viz,frame_processed,0,56,7,0.345896,NaN,8,NaN,NaN,NaN,NaN,NaN,NaN,NaN,NaN,NaN,NaN,NaN,NaN,NaN,NaN,NaN,NaN,NaN
2509,2510,InferenceEngine,inference_complete,0,56,NaN,NaN,NaN,0,18.647,0,0.996066,13,NaN,NaN,NaN,NaN,NaN,NaN,NaN,NaN,NaN,NaN,NaN,NaN,NaN
2509,2488,Logic,frame_complete,-268457733656721424,56,7,0.703105,56.6667,0,19,0,0.996066,13,1.23262,-0.020956,-0.000316565,0.498206,0.405612,33.885,0,0,0,61.15,25,51.5966,0
2522,2522,CameraCapture,frame_captured,0,57,7,0.236331,57,NaN,NaN,NaN,NaN,NaN,NaN,NaN,NaN,NaN,NaN,NaN,NaN,NaN,NaN,NaN,NaN,NaN,NaN
2523,2524,ImageProcessor_TPU,frame_processed,0,57,7,0.808545,57.6667,0,NaN,NaN,NaN,NaN,NaN,NaN,NaN,NaN,NaN,NaN,NaN,NaN,NaN,NaN,NaN,NaN,NaN
2530,2531,ImageProcessor_Viz,frame_processed,0,57,7,0.355895,NaN,8,NaN,NaN,NaN,NaN,NaN,NaN,NaN,NaN,NaN,NaN,NaN,NaN,NaN,NaN,NaN,NaN,NaN
2542,2543,InferenceEngine,inference_complete,0,57,NaN,NaN,NaN,0,18.584,0,0.996066,13,NaN,NaN,NaN,NaN,NaN,NaN,NaN,NaN,NaN,NaN,NaN,NaN,NaN
2542,2521,Logic,frame_complete,-268457733656721424,57,7,0.808545,57.6667,0,19,0,0.996066,13,1.23755,-0.0205332,0.000455561,0.501137,0.405731,33.055,0,0,0,61.15,25,51.5966,0
2555,2556,CameraCapture,frame_captured,0,58,7,0.253596,58,NaN,NaN,NaN,NaN,NaN,NaN,NaN,NaN,NaN,NaN,NaN,NaN,NaN,NaN,NaN,NaN,NaN,NaN
2556,2557,ImageProcessor_TPU,frame_processed,0,58,7,1.08474,58.6667,0,NaN,NaN,NaN,NaN,NaN,NaN,NaN,NaN,NaN,NaN,NaN,NaN,NaN,NaN,NaN,NaN,NaN
2563,2564,ImageProcessor_Viz,frame_processed,0,58,7,0.357988,NaN,8,NaN,NaN,NaN,NaN,NaN,NaN,NaN,NaN,NaN,NaN,NaN,NaN,NaN,NaN,NaN,NaN,NaN
2575,2576,InferenceEngine,inference_complete,0,58,NaN,NaN,NaN,0,18.739,0,0.996066,13,NaN,NaN,NaN,NaN,NaN,NaN,NaN,NaN,NaN,NaN,NaN,NaN,NaN
2576,2554,Logic,frame_complete,-268457733656721424,58,7,1.08474,58.6667,0,18,0,0.996066,13,1.23755,-0.0206672,-0.000185038,0.500972,0.4057,33.336,0,0,0,61.15,25,51.5966,0
2588,2589,CameraCapture,frame_captured,0,59,7,0.151249,59,NaN,NaN,NaN,NaN,NaN,NaN,NaN,NaN,NaN,NaN,NaN,NaN,NaN,NaN,NaN,NaN,NaN,NaN
2589,2590,ImageProcessor_TPU,frame_processed,0,59,7,0.785946,59.6667,0,NaN,NaN,NaN,NaN,NaN,NaN,NaN,NaN,NaN,NaN,NaN,NaN,NaN,NaN,NaN,NaN,NaN
2600,2600,ImageProcessor_Viz,frame_processed,0,59,7,0.349228,NaN,11,NaN,NaN,NaN,NaN,NaN,NaN,NaN,NaN,NaN,NaN,NaN,NaN,NaN,NaN,NaN,NaN,NaN
2608,2609,InferenceEngine,inference_complete,0,59,NaN,NaN,NaN,0,18.616,0,0.996066,13,NaN,NaN,NaN,NaN,NaN,NaN,NaN,NaN,NaN,NaN,NaN,NaN,NaN
2608,2587,Logic,frame_complete,-268457733656721424,59,7,0.785946,59.6667,0,18,0,0.996066,13,1.23262,-0.0205542,7.42627e-05,0.501039,0.405707,32.848,0,0,0,61.15,25,51.5966,0
2622,2623,CameraCapture,frame_captured,0,60,7,0.151952,60,NaN,NaN,NaN,NaN,NaN,NaN,NaN,NaN,NaN,NaN,NaN,NaN,NaN,NaN,NaN,NaN,NaN,NaN
2623,2624,ImageProcessor_TPU,frame_processed,0,60,7,0.750741,60.6667,0,NaN,NaN,NaN,NaN,NaN,NaN,NaN,NaN,NaN,NaN,NaN,NaN,NaN,NaN,NaN,NaN,NaN
2631,2631,ImageProcessor_Viz,frame_processed,0,60,7,0.337525,NaN,8,NaN,NaN,NaN,NaN,NaN,NaN,NaN,NaN,NaN,NaN,NaN,NaN,NaN,NaN,NaN,NaN,NaN
2642,2643,InferenceEngine,inference_complete,0,60,NaN,NaN,NaN,0,18.671,0,0.996066,13,NaN,NaN,NaN,NaN,NaN,NaN,NaN,NaN,NaN,NaN,NaN,NaN,NaN
2642,2621,Logic,frame_complete,-268457733656721424,60,7,0.750741,60.6667,0,19,0,0.996066,13,1.23262,-0.0206385,-3.01278e-05,0.501012,0.405687,33.972,0,0,0,61.15,25,51.5966,0
2655,2656,CameraCapture,frame_captured,0,61,7,0.157094,61,NaN,NaN,NaN,NaN,NaN,NaN,NaN,NaN,NaN,NaN,NaN,NaN,NaN,NaN,NaN,NaN,NaN,NaN
2656,2657,ImageProcessor_TPU,frame_processed,0,61,7,0.775532,61.6667,0,NaN,NaN,NaN,NaN,NaN,NaN,NaN,NaN,NaN,NaN,NaN,NaN,NaN,NaN,NaN,NaN,NaN
2663,2664,ImageProcessor_Viz,frame_processed,0,61,7,0.339006,NaN,8,NaN,NaN,NaN,NaN,NaN,NaN,NaN,NaN,NaN,NaN,NaN,NaN,NaN,NaN,NaN,NaN,NaN
2675,2676,InferenceEngine,inference_complete,0,61,NaN,NaN,NaN,0,18.727,0,0.996066,13,NaN,NaN,NaN,NaN,NaN,NaN,NaN,NaN,NaN,NaN,NaN,NaN,NaN
2675,2654,Logic,frame_complete,-268457733656721424,61,7,0.775532,61.6667,0,19,0,0.996066,13,1.23262,-0.0195811,1.22334e-05,0.501023,0.408442,32.695,0,0,0,61.15,25,51.5966,0
2688,2689,CameraCapture,frame_captured,0,62,7,0.145472,62,NaN,NaN,NaN,NaN,NaN,NaN,NaN,NaN,NaN,NaN,NaN,NaN,NaN,NaN,NaN,NaN,NaN,NaN
2689,2690,ImageProcessor_TPU,frame_processed,0,62,7,0.768225,62.6667,0,NaN,NaN,NaN,NaN,NaN,NaN,NaN,NaN,NaN,NaN,NaN,NaN,NaN,NaN,NaN,NaN,NaN
2696,2697,ImageProcessor_Viz,frame_processed,0,62,7,0.334173,NaN,7,NaN,NaN,NaN,NaN,NaN,NaN,NaN,NaN,NaN,NaN,NaN,NaN,NaN,NaN,NaN,NaN,NaN
2708,2709,InferenceEngine,inference_complete,0,62,NaN,NaN,NaN,0,18.662,0,0.996066,13,NaN,NaN,NaN,NaN,NaN,NaN,NaN,NaN,NaN,NaN,NaN,NaN,NaN
2709,2687,Logic,frame_complete,-268457733656721424,62,7,0.768225,62.6667,0,18,0,0.996066,13,1.23262,-0.0211021,-4.96488e-06,0.501018,0.405578,33.342,0,0,0,61.15,25,51.5966,0
2721,2722,CameraCapture,frame_captured,0,63,7,0.164959,63,NaN,NaN,NaN,NaN,NaN,NaN,NaN,NaN,NaN,NaN,NaN,NaN,NaN,NaN,NaN,NaN,NaN,NaN
2722,2723,ImageProcessor_TPU,frame_processed,0,63,7,0.764822,63.6667,1,NaN,NaN,NaN,NaN,NaN,NaN,NaN,NaN,NaN,NaN,NaN,NaN,NaN,NaN,NaN,NaN,NaN
2729,2730,ImageProcessor_Viz,frame_processed,0,63,7,0.339413,NaN,7,NaN,NaN,NaN,NaN,NaN,NaN,NaN,NaN,NaN,NaN,NaN,NaN,NaN,NaN,NaN,NaN,NaN
2741,2742,InferenceEngine,inference_complete,0,63,NaN,NaN,NaN,1,18.58,0,0.996066,13,NaN,NaN,NaN,NaN,NaN,NaN,NaN,NaN,NaN,NaN,NaN,NaN,NaN
2742,2721,Logic,frame_complete,-268457733656721424,63,7,0.764822,63.6667,1,18,0,0.996066,13,1.23262,-0.0193977,2.01678e-06,0.50102,0.408486,33.168,0,0,0,61.15,25,51.5966,0
2755,2756,CameraCapture,frame_captured,0,64,7,0.149273,64,NaN,NaN,NaN,NaN,NaN,NaN,NaN,NaN,NaN,NaN,NaN,NaN,NaN,NaN,NaN,NaN,NaN,NaN
2756,2757,ImageProcessor_TPU,frame_processed,0,64,7,0.698876,64.6667,0,NaN,NaN,NaN,NaN,NaN,NaN,NaN,NaN,NaN,NaN,NaN,NaN,NaN,NaN,NaN,NaN,NaN
2763,2764,ImageProcessor_Viz,frame_processed,0,64,7,0.335802,NaN,8,NaN,NaN,NaN,NaN,NaN,NaN,NaN,NaN,NaN,NaN,NaN,NaN,NaN,NaN,NaN,NaN,NaN
2775,2776,InferenceEngine,inference_complete,0,64,NaN,NaN,NaN,0,18.744,0,0.996066,13,NaN,NaN,NaN,NaN,NaN,NaN,NaN,NaN,NaN,NaN,NaN,NaN,NaN
2776,2755,Logic,frame_complete,-268457733656721424,64,7,0.698876,64.6667,0,18,0,0.996066,13,1.23262,-0.0201606,-0.000211642,0.499144,0.408305,33.952,0,0,0,61.15,25,51.5966,0
2788,2789,CameraCapture,frame_captured,0,65,7,0.144489,65,NaN,NaN,NaN,NaN,NaN,NaN,NaN,NaN,NaN,NaN,NaN,NaN,NaN,NaN,NaN,NaN,NaN,NaN
2789,2790,ImageProcessor_TPU,frame_processed,0,65,7,0.79926,65.6667,0,NaN,NaN,NaN,NaN,NaN,NaN,NaN,NaN,NaN,NaN,NaN,NaN,NaN,NaN,NaN,NaN,NaN
2796,2796,ImageProcessor_Viz,frame_processed,0,65,7,0.335376,NaN,7,NaN,NaN,NaN,NaN,NaN,NaN,NaN,NaN,NaN,NaN,NaN,NaN,NaN,NaN,NaN,NaN,NaN
2808,2809,InferenceEngine,inference_complete,0,65,NaN,NaN,NaN,0,19.004,0,0.996066,13,NaN,NaN,NaN,NaN,NaN,NaN,NaN,NaN,NaN,NaN,NaN,NaN,NaN
2809,2787,Logic,frame_complete,-268457733656721424,65,7,0.79926,65.6667,0,19,0,0.996066,13,1.22777,-0.019795,0.000299846,0.501097,0.408373,33.163,0,0,0,61.15,25,51.5966,0
2821,2822,CameraCapture,frame_captured,0,66,7,0.144309,66,NaN,NaN,NaN,NaN,NaN,NaN,NaN,NaN,NaN,NaN,NaN,NaN,NaN,NaN,NaN,NaN,NaN,NaN
2822,2823,ImageProcessor_TPU,frame_processed,0,66,7,0.720542,66.6667,1,NaN,NaN,NaN,NaN,NaN,NaN,NaN,NaN,NaN,NaN,NaN,NaN,NaN,NaN,NaN,NaN,NaN
2829,2830,ImageProcessor_Viz,frame_processed,0,66,7,0.338006,NaN,7,NaN,NaN,NaN,NaN,NaN,NaN,NaN,NaN,NaN,NaN,NaN,NaN,NaN,NaN,NaN,NaN,NaN
2842,2842,InferenceEngine,inference_complete,0,66,NaN,NaN,NaN,1,18.789,0,0.996066,13,NaN,NaN,NaN,NaN,NaN,NaN,NaN,NaN,NaN,NaN,NaN,NaN,NaN
2842,2821,Logic,frame_complete,-268457733656721424,66,7,0.720542,66.6667,1,19,0,0.996066,13,1.22292,-0.0209367,-0.000121714,0.500988,0.405577,33.069,0,0,0,61.15,25,51.5966,0
2855,2855,CameraCapture,frame_captured,0,67,7,0.188984,67,NaN,NaN,NaN,NaN,NaN,NaN,NaN,NaN,NaN,NaN,NaN,NaN,NaN,NaN,NaN,NaN,NaN,NaN
2856,2857,ImageProcessor_TPU,frame_processed,0,67,7,0.822199,67.6667,0,NaN,NaN,NaN,NaN,NaN,NaN,NaN,NaN,NaN,NaN,NaN,NaN,NaN,NaN,NaN,NaN,NaN
2862,2863,ImageProcessor_Viz,frame_processed,0,67,7,0.344229,NaN,8,NaN,NaN,NaN,NaN,NaN,NaN,NaN,NaN,NaN,NaN,NaN,NaN,NaN,NaN,NaN,NaN,NaN
2875,2876,InferenceEngine,inference_complete,0,67,NaN,NaN,NaN,0,18.83,0,0.996066,13,NaN,NaN,NaN,NaN,NaN,NaN,NaN,NaN,NaN,NaN,NaN,NaN,NaN
2875,2854,Logic,frame_complete,-268457733656721424,67,7,0.822199,67.6667,0,19,0,0.996066,13,1.22087,-0.0214592,-0.00012151,0.500248,0.403477,33.245,0,0,0,61.15,25,51.5966,0
2889,2890,CameraCapture,frame_captured,0,68,7,0.214948,68,NaN,NaN,NaN,NaN,NaN,NaN,NaN,NaN,NaN,NaN,NaN,NaN,NaN,NaN,NaN,NaN,NaN,NaN
2890,2891,ImageProcessor_TPU,frame_processed,0,68,7,0.91211,68.6667,0,NaN,NaN,NaN,NaN,NaN,NaN,NaN,NaN,NaN,NaN,NaN,NaN,NaN,NaN,NaN,NaN,NaN
2896,2897,ImageProcessor_Viz,frame_processed,0,68,7,0.326784,NaN,8,NaN,NaN,NaN,NaN,NaN,NaN,NaN,NaN,NaN,NaN,NaN,NaN,NaN,NaN,NaN,NaN,NaN
2909,2910,InferenceEngine,inference_complete,0,68,NaN,NaN,NaN,0,18.816,0,0.996066,13,NaN,NaN,NaN,NaN,NaN,NaN,NaN,NaN,NaN,NaN,NaN,NaN,NaN
2909,2888,Logic,frame_complete,-268457733656721424,68,7,0.91211,68.6667,0,19,0,0.996066,13,1.21675,-0.022508,-0.0001211,0.498752,0.399257,34.008,0,0,0,61.15,25,51.5966,0
2922,2922,CameraCapture,frame_captured,0,69,7,0.248056,69,NaN,NaN,NaN,NaN,NaN,NaN,NaN,NaN,NaN,NaN,NaN,NaN,NaN,NaN,NaN,NaN,NaN,NaN
2923,2923,ImageProcessor_TPU,frame_processed,0,69,7,0.818251,69.6667,1,NaN,NaN,NaN,NaN,NaN,NaN,NaN,NaN,NaN,NaN,NaN,NaN,NaN,NaN,NaN,NaN,NaN
2930,2931,ImageProcessor_Viz,frame_processed,0,69,7,0.344933,NaN,7,NaN,NaN,NaN,NaN,NaN,NaN,NaN,NaN,NaN,NaN,NaN,NaN,NaN,NaN,NaN,NaN,NaN
2942,2942,InferenceEngine,inference_complete,0,69,NaN,NaN,NaN,1,18.722,0,0.972537,12,NaN,NaN,NaN,NaN,NaN,NaN,NaN,NaN,NaN,NaN,NaN,NaN,NaN
2942,2921,Logic,frame_complete,-268457733656721424,69,7,0.818251,69.6667,1,19,0,0.972537,12,1.21063,-0.0240553,-0.000120492,0.496514,0.393015,32.708,0,0,0,61.15,25,51.5966,0
2956,2956,CameraCapture,frame_captured,0,70,7,0.156427,70,NaN,NaN,NaN,NaN,NaN,NaN,NaN,NaN,NaN,NaN,NaN,NaN,NaN,NaN,NaN,NaN,NaN,NaN
2957,2957,ImageProcessor_TPU,frame_processed,0,70,7,0.782624,70.6667,0,NaN,NaN,NaN,NaN,NaN,NaN,NaN,NaN,NaN,NaN,NaN,NaN,NaN,NaN,NaN,NaN,NaN
2963,2964,ImageProcessor_Viz,frame_processed,0,70,7,0.329265,NaN,7,NaN,NaN,NaN,NaN,NaN,NaN,NaN,NaN,NaN,NaN,NaN,NaN,NaN,NaN,NaN,NaN,NaN
2975,2976,InferenceEngine,inference_complete,0,70,NaN,NaN,NaN,0,18.654,0,0,0,NaN,NaN,NaN,NaN,NaN,NaN,NaN,NaN,NaN,NaN,NaN,NaN,NaN
2976,2955,Logic,frame_complete,-268457733656721424,70,7,0.782624,70.6667,0,19,0,0,0,1.21063,-0.0240553,-0.000120492,0.496514,0.393015,33.61,0,0,0,61.15,25,51.5966,0
2989,2990,CameraCapture,frame_captured,0,71,7,0.154082,71,NaN,NaN,NaN,NaN,NaN,NaN,NaN,NaN,NaN,NaN,NaN,NaN,NaN,NaN,NaN,NaN,NaN,NaN
2990,2991,ImageProcessor_TPU,frame_processed,0,71,7,0.733982,71.6667,0,NaN,NaN,NaN,NaN,NaN,NaN,NaN,NaN,NaN,NaN,NaN,NaN,NaN,NaN,NaN,NaN,NaN
2997,2998,ImageProcessor_Viz,frame_processed,0,71,7,0.335284,NaN,7,NaN,NaN,NaN,NaN,NaN,NaN,NaN,NaN,NaN,NaN,NaN,NaN,NaN,NaN,NaN,NaN,NaN
3009,3010,InferenceEngine,inference_complete,0,71,NaN,NaN,NaN,0,18.385,0,0,0,NaN,NaN,NaN,NaN,NaN,NaN,NaN,NaN,NaN,NaN,NaN,NaN,NaN
3009,2988,Logic,frame_complete,-268457733656721424,71,7,0.733982,71.6667,0,19,0,0,0,1.21063,-0.0240553,-0.000120492,0.496514,0.393015,33.184,0,0,0,61.15,25,51.5966,0
3023,3024,CameraCapture,frame_captured,0,72,7,0.151454,72,NaN,NaN,NaN,NaN,NaN,NaN,NaN,NaN,NaN,NaN,NaN,NaN,NaN,NaN,NaN,NaN,NaN,NaN
3024,3025,ImageProcessor_TPU,frame_processed,0,72,7,0.743595,72.6667,0,NaN,NaN,NaN,NaN,NaN,NaN,NaN,NaN,NaN,NaN,NaN,NaN,NaN,NaN,NaN,NaN,NaN
3031,3032,ImageProcessor_Viz,frame_processed,0,72,7,0.33408,NaN,7,NaN,NaN,NaN,NaN,NaN,NaN,NaN,NaN,NaN,NaN,NaN,NaN,NaN,NaN,NaN,NaN,NaN
3043,3044,InferenceEngine,inference_complete,0,72,NaN,NaN,NaN,0,18.602,0,0.988223,13,NaN,NaN,NaN,NaN,NaN,NaN,NaN,NaN,NaN,NaN,NaN,NaN,NaN
3043,3022,Logic,frame_complete,-268457733656721424,72,7,0.743595,72.6667,0,19,0,0.988223,13,1.19835,-0.0271295,-0.000119269,0.49195,0.380551,34.4,0,0,0,61.15,25,51.5966,0
3056,3056,CameraCapture,frame_captured,0,73,7,0.148206,73,NaN,NaN,NaN,NaN,NaN,NaN,NaN,NaN,NaN,NaN,NaN,NaN,NaN,NaN,NaN,NaN,NaN,NaN
3057,3057,ImageProcessor_TPU,frame_processed,0,73,7,0.772365,73.6667,1,NaN,NaN,NaN,NaN,NaN,NaN,NaN,NaN,NaN,NaN,NaN,NaN,NaN,NaN,NaN,NaN,NaN
3063,3064,ImageProcessor_Viz,frame_processed,0,73,7,0.336655,NaN,7,NaN,NaN,NaN,NaN,NaN,NaN,NaN,NaN,NaN,NaN,NaN,NaN,NaN,NaN,NaN,NaN,NaN
3075,3076,InferenceEngine,inference_complete,0,73,NaN,NaN,NaN,1,18.536,0,0.996066,13,NaN,NaN,NaN,NaN,NaN,NaN,NaN,NaN,NaN,NaN,NaN,NaN,NaN
3076,3055,Logic,frame_complete,-268457733656721424,73,7,0.772365,73.6667,1,19,0,0.996066,13,1.18408,-0.0306247,-0.00011785,0.486534,0.366253,32.573,0,0,0,61.15,25,51.5966,0
3089,3090,CameraCapture,frame_captured,0,74,7,0.143287,74,NaN,NaN,NaN,NaN,NaN,NaN,NaN,NaN,NaN,NaN,NaN,NaN,NaN,NaN,NaN,NaN,NaN,NaN
3090,3091,ImageProcessor_TPU,frame_processed,0,74,7,0.714446,74.6667,0,NaN,NaN,NaN,NaN,NaN,NaN,NaN,NaN,NaN,NaN,NaN,NaN,NaN,NaN,NaN,NaN,NaN
3097,3098,ImageProcessor_Viz,frame_processed,0,74,7,0.330488,NaN,7,NaN,NaN,NaN,NaN,NaN,NaN,NaN,NaN,NaN,NaN,NaN,NaN,NaN,NaN,NaN,NaN,NaN
3109,3110,InferenceEngine,inference_complete,0,74,NaN,NaN,NaN,0,18.493,0,0.996066,13,NaN,NaN,NaN,NaN,NaN,NaN,NaN,NaN,NaN,NaN,NaN,NaN,NaN
3109,3088,Logic,frame_complete,-268457733656721424,74,7,0.714446,74.6667,0,18,0,0.996066,13,0,0,0,0.5,0.5,0,0,0,0,61.15,25,51.5966,0
3122,3123,CameraCapture,frame_captured,0,75,7,0.142365,75,NaN,NaN,NaN,NaN,NaN,NaN,NaN,NaN,NaN,NaN,NaN,NaN,NaN,NaN,NaN,NaN,NaN,NaN
3123,3124,ImageProcessor_TPU,frame_processed,0,75,7,1.03281,75,1,NaN,NaN,NaN,NaN,NaN,NaN,NaN,NaN,NaN,NaN,NaN,NaN,NaN,NaN,NaN,NaN,NaN
3130,3131,ImageProcessor_Viz,frame_processed,0,75,7,0.350414,NaN,7,NaN,NaN,NaN,NaN,NaN,NaN,NaN,NaN,NaN,NaN,NaN,NaN,NaN,NaN,NaN,NaN,NaN
3142,3143,InferenceEngine,inference_complete,0,75,NaN,NaN,NaN,1,18.433,0,0.996066,13,NaN,NaN,NaN,NaN,NaN,NaN,NaN,NaN,NaN,NaN,NaN,NaN,NaN
3142,3121,Logic,frame_complete,-268457733656721424,75,7,1.03281,75,1,18,0,0.996066,13,0,0,0,0.5,0.5,0,0,0,0,61.15,25,51.5966,0
3155,3156,CameraCapture,frame_captured,0,76,7,0.143885,75,NaN,NaN,NaN,NaN,NaN,NaN,NaN,NaN,NaN,NaN,NaN,NaN,NaN,NaN,NaN,NaN,NaN,NaN
3157,3158,ImageProcessor_TPU,frame_processed,0,76,7,1.14563,75,0,NaN,NaN,NaN,NaN,NaN,NaN,NaN,NaN,NaN,NaN,NaN,NaN,NaN,NaN,NaN,NaN,NaN
3163,3164,ImageProcessor_Viz,frame_processed,0,76,7,0.329339,NaN,7,NaN,NaN,NaN,NaN,NaN,NaN,NaN,NaN,NaN,NaN,NaN,NaN,NaN,NaN,NaN,NaN,NaN
3176,3177,InferenceEngine,inference_complete,0,76,NaN,NaN,NaN,0,19.07,0,0.996066,13,NaN,NaN,NaN,NaN,NaN,NaN,NaN,NaN,NaN,NaN,NaN,NaN,NaN
3176,3154,Logic,frame_complete,-268457733656721424,76,7,1.14563,75,0,19,0,0.996066,13,0,0,0,0.5,0.5,0,0,0,0,61.15,25,51.5966,0
3189,3190,CameraCapture,frame_captured,0,77,7,0.143637,74.6667,NaN,NaN,NaN,NaN,NaN,NaN,NaN,NaN,NaN,NaN,NaN,NaN,NaN,NaN,NaN,NaN,NaN,NaN
3190,3191,ImageProcessor_TPU,frame_processed,0,77,7,0.733944,74.6667,0,NaN,NaN,NaN,NaN,NaN,NaN,NaN,NaN,NaN,NaN,NaN,NaN,NaN,NaN,NaN,NaN,NaN
3197,3197,ImageProcessor_Viz,frame_processed,0,77,7,0.340914,NaN,8,NaN,NaN,NaN,NaN,NaN,NaN,NaN,NaN,NaN,NaN,NaN,NaN,NaN,NaN,NaN,NaN,NaN
3209,3210,InferenceEngine,inference_complete,0,77,NaN,NaN,NaN,0,18.689,0,0.992145,13,NaN,NaN,NaN,NaN,NaN,NaN,NaN,NaN,NaN,NaN,NaN,NaN,NaN
3209,3188,Logic,frame_complete,-268457733656721424,77,7,0.733944,74.6667,0,19,0,0.992145,13,1.22777,0.354255,-0.00393179,0.5,0.5,32.676,0,0,0,61.15,25,51.5966,0
3222,3223,CameraCapture,frame_captured,0,78,7,0.15555,74.6667,NaN,NaN,NaN,NaN,NaN,NaN,NaN,NaN,NaN,NaN,NaN,NaN,NaN,NaN,NaN,NaN,NaN,NaN
3223,3224,ImageProcessor_TPU,frame_processed,0,78,7,0.98301,74.6667,1,NaN,NaN,NaN,NaN,NaN,NaN,NaN,NaN,NaN,NaN,NaN,NaN,NaN,NaN,NaN,NaN,NaN
3230,3231,ImageProcessor_Viz,frame_processed,0,78,7,0.340506,NaN,7,NaN,NaN,NaN,NaN,NaN,NaN,NaN,NaN,NaN,NaN,NaN,NaN,NaN,NaN,NaN,NaN,NaN
3242,3243,InferenceEngine,inference_complete,0,78,NaN,NaN,NaN,1,18.587,0,0.996066,13,NaN,NaN,NaN,NaN,NaN,NaN,NaN,NaN,NaN,NaN,NaN,NaN,NaN
3243,3221,Logic,frame_complete,-268457733656721424,78,7,0.98301,74.6667,1,18,0,0.996066,13,1.23262,-0.0196381,4.77303e-07,0.501019,0.408429,33.495,0,0,0,61.15,25,51.5966,0
3256,3256,CameraCapture,frame_captured,0,79,7,0.152244,74.6667,NaN,NaN,NaN,NaN,NaN,NaN,NaN,NaN,NaN,NaN,NaN,NaN,NaN,NaN,NaN,NaN,NaN,NaN
3257,3258,ImageProcessor_TPU,frame_processed,0,79,7,1.05632,74.6667,0,NaN,NaN,NaN,NaN,NaN,NaN,NaN,NaN,NaN,NaN,NaN,NaN,NaN,NaN,NaN,NaN,NaN
3263,3264,ImageProcessor_Viz,frame_processed,0,79,7,0.334081,NaN,7,NaN,NaN,NaN,NaN,NaN,NaN,NaN,NaN,NaN,NaN,NaN,NaN,NaN,NaN,NaN,NaN,NaN
3276,3277,InferenceEngine,inference_complete,0,79,NaN,NaN,NaN,0,18.906,0,0.996066,13,NaN,NaN,NaN,NaN,NaN,NaN,NaN,NaN,NaN,NaN,NaN,NaN,NaN
3277,3255,Logic,frame_complete,-268457733656721424,79,7,1.05632,74.6667,0,18,0,0.996066,13,1.23262,-0.0193878,-1.93715e-07,0.501019,0.410165,33.991,0,0,0,61.15,25,51.5966,0
3290,3290,CameraCapture,frame_captured,0,80,7,0.238893,74.6667,NaN,NaN,NaN,NaN,NaN,NaN,NaN,NaN,NaN,NaN,NaN,NaN,NaN,NaN,NaN,NaN,NaN,NaN
3290,3291,ImageProcessor_TPU,frame_processed,0,80,7,0.839516,75,1,NaN,NaN,NaN,NaN,NaN,NaN,NaN,NaN,NaN,NaN,NaN,NaN,NaN,NaN,NaN,NaN,NaN
3298,3298,ImageProcessor_Viz,frame_processed,0,80,7,0.348488,NaN,8,NaN,NaN,NaN,NaN,NaN,NaN,NaN,NaN,NaN,NaN,NaN,NaN,NaN,NaN,NaN,NaN,NaN
3309,3310,InferenceEngine,inference_complete,0,80,NaN,NaN,NaN,1,18.694,0,0.996066,13,NaN,NaN,NaN,NaN,NaN,NaN,NaN,NaN,NaN,NaN,NaN,NaN,NaN
3310,3289,Logic,frame_complete,-268457733656721424,80,7,0.839516,75,1,19,0,0.996066,13,1.23262,-0.0202109,0.000108153,0.501958,0.408293,33.1,0,0,0,61.15,25,51.5966,0
3322,3323,CameraCapture,frame_captured,0,81,7,0.14996,75,NaN,NaN,NaN,NaN,NaN,NaN,NaN,NaN,NaN,NaN,NaN,NaN,NaN,NaN,NaN,NaN,NaN,NaN
3324,3324,ImageProcessor_TPU,frame_processed,0,81,7,0.775508,75,1,NaN,NaN,NaN,NaN,NaN,NaN,NaN,NaN,NaN,NaN,NaN,NaN,NaN,NaN,NaN,NaN,NaN
3330,3331,ImageProcessor_Viz,frame_processed,0,81,7,0.335618,NaN,7,NaN,NaN,NaN,NaN,NaN,NaN,NaN,NaN,NaN,NaN,NaN,NaN,NaN,NaN,NaN,NaN,NaN
3343,3343,InferenceEngine,inference_complete,0,81,NaN,NaN,NaN,1,18.612,0,0.996066,13,NaN,NaN,NaN,NaN,NaN,NaN,NaN,NaN,NaN,NaN,NaN,NaN,NaN
3343,3321,Logic,frame_complete,-268457733656721424,81,7,0.775508,75,1,19,0,0.996066,13,1.23262,-0.0198297,-0.000477456,0.498165,0.408383,33.102,0,0,0,61.15,25,51.5966,0
3355,3356,CameraCapture,frame_captured,0,82,7,0.237317,75,NaN,NaN,NaN,NaN,NaN,NaN,NaN,NaN,NaN,NaN,NaN,NaN,NaN,NaN,NaN,NaN,NaN,NaN
3357,3357,ImageProcessor_TPU,frame_processed,0,82,7,0.862866,75,1,NaN,NaN,NaN,NaN,NaN,NaN,NaN,NaN,NaN,NaN,NaN,NaN,NaN,NaN,NaN,NaN,NaN
3363,3364,ImageProcessor_Viz,frame_processed,0,82,7,0.350284,NaN,8,NaN,NaN,NaN,NaN,NaN,NaN,NaN,NaN,NaN,NaN,NaN,NaN,NaN,NaN,NaN,NaN,NaN
3375,3376,InferenceEngine,inference_complete,0,82,NaN,NaN,NaN,1,18.56,0,0.996066,13,NaN,NaN,NaN,NaN,NaN,NaN,NaN,NaN,NaN,NaN,NaN,NaN,NaN
3376,3355,Logic,frame_complete,-268457733656721424,82,7,0.862866,75,1,18,0,0.996066,13,1.23262,-0.0199848,0.00019389,0.498338,0.408347,32.797,0,0,0,61.15,25,51.5966,0
3388,3389,CameraCapture,frame_captured,0,83,7,0.144063,75,NaN,NaN,NaN,NaN,NaN,NaN,NaN,NaN,NaN,NaN,NaN,NaN,NaN,NaN,NaN,NaN,NaN,NaN
3389,3390,ImageProcessor_TPU,frame_processed,0,83,7,0.719611,75,1,NaN,NaN,NaN,NaN,NaN,NaN,NaN,NaN,NaN,NaN,NaN,NaN,NaN,NaN,NaN,NaN,NaN
3396,3397,ImageProcessor_Viz,frame_processed,0,83,7,0.332914,NaN,8,NaN,NaN,NaN,NaN,NaN,NaN,NaN,NaN,NaN,NaN,NaN,NaN,NaN,NaN,NaN,NaN,NaN
3408,3409,InferenceEngine,inference_complete,0,83,NaN,NaN,NaN,1,18.766,0,0.996066,13,NaN,NaN,NaN,NaN,NaN,NaN,NaN,NaN,NaN,NaN,NaN,NaN,NaN
3409,3387,Logic,frame_complete,-268457733656721424,83,7,0.719611,75,1,19,0,0.996066,13,1.23262,-0.0209408,-7.87261e-05,0.498268,0.405616,33.049,0,0,0,61.15,25,51.5966,0
3423,3424,CameraCapture,frame_captured,0,84,7,0.257714,75,NaN,NaN,NaN,NaN,NaN,NaN,NaN,NaN,NaN,NaN,NaN,NaN,NaN,NaN,NaN,NaN,NaN,NaN
3424,3425,ImageProcessor_TPU,frame_processed,0,84,7,1.15379,75,1,NaN,NaN,NaN,NaN,NaN,NaN,NaN,NaN,NaN,NaN,NaN,NaN,NaN,NaN,NaN,NaN,NaN
3430,3431,ImageProcessor_Viz,frame_processed,0,84,7,0.346191,NaN,8,NaN,NaN,NaN,NaN,NaN,NaN,NaN,NaN,NaN,NaN,NaN,NaN,NaN,NaN,NaN,NaN,NaN
3443,3444,InferenceEngine,inference_complete,0,84,NaN,NaN,NaN,1,18.652,0,0.996066,13,NaN,NaN,NaN,NaN,NaN,NaN,NaN,NaN,NaN,NaN,NaN,NaN,NaN
3444,3422,Logic,frame_complete,-268457733656721424,84,7,1.15379,75,1,18,0,0.996066,13,1.23262,-0.0194792,3.19025e-05,0.498296,0.408467,34.741,0,0,0,61.15,25,51.5966,0
3455,3456,CameraCapture,frame_captured,0,85,7,0.147299,75,NaN,NaN,NaN,NaN,NaN,NaN,NaN,NaN,NaN,NaN,NaN,NaN,NaN,NaN,NaN,NaN,NaN,NaN
3456,3457,ImageProcessor_TPU,frame_processed,0,85,7,0.713402,75,1,NaN,NaN,NaN,NaN,NaN,NaN,NaN,NaN,NaN,NaN,NaN,NaN,NaN,NaN,NaN,NaN,NaN
3464,3465,ImageProcessor_Viz,frame_processed,0,85,7,0.343636,NaN,8,NaN,NaN,NaN,NaN,NaN,NaN,NaN,NaN,NaN,NaN,NaN,NaN,NaN,NaN,NaN,NaN,NaN
3475,3476,InferenceEngine,inference_complete,0,85,NaN,NaN,NaN,1,18.56,0,0.996066,13,NaN,NaN,NaN,NaN,NaN,NaN,NaN,NaN,NaN,NaN,NaN,NaN,NaN
3476,3455,Logic,frame_complete,-268457733656721424,85,7,0.713402,75,1,18,0,0.996066,13,1.23262,-0.0201272,-1.29594e-05,0.498285,0.408313,31.99,0,0,0,61.15,25,51.5966,0
3488,3489,CameraCapture,frame_captured,0,86,7,0.146117,75,NaN,NaN,NaN,NaN,NaN,NaN,NaN,NaN,NaN,NaN,NaN,NaN,NaN,NaN,NaN,NaN,NaN,NaN
3489,3490,ImageProcessor_TPU,frame_processed,0,86,7,0.712257,75,0,NaN,NaN,NaN,NaN,NaN,NaN,NaN,NaN,NaN,NaN,NaN,NaN,NaN,NaN,NaN,NaN,NaN
3496,3497,ImageProcessor_Viz,frame_processed,0,86,7,0.349025,NaN,7,NaN,NaN,NaN,NaN,NaN,NaN,NaN,NaN,NaN,NaN,NaN,NaN,NaN,NaN,NaN,NaN,NaN
3508,3508,InferenceEngine,inference_complete,0,86,NaN,NaN,NaN,0,18.485,0,0.996066,13,NaN,NaN,NaN,NaN,NaN,NaN,NaN,NaN,NaN,NaN,NaN,NaN,NaN
3508,3487,Logic,frame_complete,-268457733656721424,86,7,0.712257,75,0,19,0,0.996066,13,1.23262,-0.0198639,0.000447444,0.502045,0.408375,32.354,0,0,0,61.15,25,51.5966,0
3522,3523,CameraCapture,frame_captured,0,87,7,0.145157,75,NaN,NaN,NaN,NaN,NaN,NaN,NaN,NaN,NaN,NaN,NaN,NaN,NaN,NaN,NaN,NaN,NaN,NaN
3523,3524,ImageProcessor_TPU,frame_processed,0,87,7,0.702149,75,0,NaN,NaN,NaN,NaN,NaN,NaN,NaN,NaN,NaN,NaN,NaN,NaN,NaN,NaN,NaN,NaN,NaN
3530,3531,ImageProcessor_Viz,frame_processed,0,87,7,0.338877,NaN,8,NaN,NaN,NaN,NaN,NaN,NaN,NaN,NaN,NaN,NaN,NaN,NaN,NaN,NaN,NaN,NaN,NaN
3542,3543,InferenceEngine,inference_complete,0,87,NaN,NaN,NaN,0,18.661,0,0.996066,13,NaN,NaN,NaN,NaN,NaN,NaN,NaN,NaN,NaN,NaN,NaN,NaN,NaN
3542,3521,Logic,frame_complete,-268457733656721424,87,7,0.702149,75,0,19,0,0.996066,13,1.23262,-0.0199708,-0.000181598,0.501883,0.40835,34.282,0,0,0,61.15,25,51.5966,0
3556,3557,CameraCapture,frame_captured,0,88,7,0.147675,75,NaN,NaN,NaN,NaN,NaN,NaN,NaN,NaN,NaN,NaN,NaN,NaN,NaN,NaN,NaN,NaN,NaN,NaN
3557,3558,ImageProcessor_TPU,frame_processed,0,88,7,0.727908,75,0,NaN,NaN,NaN,NaN,NaN,NaN,NaN,NaN,NaN,NaN,NaN,NaN,NaN,NaN,NaN,NaN,NaN
3564,3565,ImageProcessor_Viz,frame_processed,0,88,7,0.336821,NaN,7,NaN,NaN,NaN,NaN,NaN,NaN,NaN,NaN,NaN,NaN,NaN,NaN,NaN,NaN,NaN,NaN,NaN
3576,3577,InferenceEngine,inference_complete,0,88,NaN,NaN,NaN,0,18.653,0,0.996066,13,NaN,NaN,NaN,NaN,NaN,NaN,NaN,NaN,NaN,NaN,NaN,NaN,NaN
3576,3555,Logic,frame_complete,-268457733656721424,88,7,0.727908,75,0,18,0,0.996066,13,1.23262,-0.0199274,7.36187e-05,0.501949,0.40836,34.195,0,0,0,61.15,25,51.5966,0
3588,3589,CameraCapture,frame_captured,0,89,7,0.150372,75,NaN,NaN,NaN,NaN,NaN,NaN,NaN,NaN,NaN,NaN,NaN,NaN,NaN,NaN,NaN,NaN,NaN,NaN
3589,3590,ImageProcessor_TPU,frame_processed,0,89,7,0.771253,75,0,NaN,NaN,NaN,NaN,NaN,NaN,NaN,NaN,NaN,NaN,NaN,NaN,NaN,NaN,NaN,NaN,NaN
3599,3600,ImageProcessor_Viz,frame_processed,0,89,7,0.339358,NaN,11,NaN,NaN,NaN,NaN,NaN,NaN,NaN,NaN,NaN,NaN,NaN,NaN,NaN,NaN,NaN,NaN,NaN
3609,3609,InferenceEngine,inference_complete,0,89,NaN,NaN,NaN,0,19.249,0,0.996066,13,NaN,NaN,NaN,NaN,NaN,NaN,NaN,NaN,NaN,NaN,NaN,NaN,NaN
3609,3587,Logic,frame_complete,-268457733656721424,89,7,0.771253,75,0,20,0,0.996066,13,1.23262,-0.0199451,-0.000471066,0.498166,0.408356,32.437,0,0,0,61.15,25,51.5966,0
3622,3623,CameraCapture,frame_captured,0,90,7,0.138114,75,NaN,NaN,NaN,NaN,NaN,NaN,NaN,NaN,NaN,NaN,NaN,NaN,NaN,NaN,NaN,NaN,NaN,NaN
3623,3624,ImageProcessor_TPU,frame_processed,0,90,7,1.02602,75,1,NaN,NaN,NaN,NaN,NaN,NaN,NaN,NaN,NaN,NaN,NaN,NaN,NaN,NaN,NaN,NaN,NaN
3629,3630,ImageProcessor_Viz,frame_processed,0,90,7,0.340951,NaN,8,NaN,NaN,NaN,NaN,NaN,NaN,NaN,NaN,NaN,NaN,NaN,NaN,NaN,NaN,NaN,NaN,NaN
3642,3643,InferenceEngine,inference_complete,0,90,NaN,NaN,NaN,1,18.635,0,0.996066,13,NaN,NaN,NaN,NaN,NaN,NaN,NaN,NaN,NaN,NaN,NaN,NaN,NaN
3643,3621,Logic,frame_complete,-268457733656721424,90,7,1.02602,75,1,18,0,0.996066,13,1.23262,-0.019938,0.000191668,0.498338,0.408358,33.82,0,0,0,61.15,25,51.5966,0
3654,3655,CameraCapture,frame_captured,0,91,7,0.148566,75,NaN,NaN,NaN,NaN,NaN,NaN,NaN,NaN,NaN,NaN,NaN,NaN,NaN,NaN,NaN,NaN,NaN,NaN
3656,3657,ImageProcessor_TPU,frame_processed,0,91,7,1.03792,75,0,NaN,NaN,NaN,NaN,NaN,NaN,NaN,NaN,NaN,NaN,NaN,NaN,NaN,NaN,NaN,NaN,NaN
3662,3663,ImageProcessor_Viz,frame_processed,0,91,7,0.339136,NaN,7,NaN,NaN,NaN,NaN,NaN,NaN,NaN,NaN,NaN,NaN,NaN,NaN,NaN,NaN,NaN,NaN,NaN
3675,3676,InferenceEngine,inference_complete,0,91,NaN,NaN,NaN,0,18.706,0,0.996066,13,NaN,NaN,NaN,NaN,NaN,NaN,NaN,NaN,NaN,NaN,NaN,NaN,NaN
3675,3654,Logic,frame_complete,-268457733656721424,91,7,1.03792,75,0,19,0,0.996066,13,1.23262,-0.0199354,0.000191668,0.499459,0.408369,32.389,0,0,0,61.15,25,51.5966,0
3689,3690,CameraCapture,frame_captured,0,92,7,0.152285,75,NaN,NaN,NaN,NaN,NaN,NaN,NaN,NaN,NaN,NaN,NaN,NaN,NaN,NaN,NaN,NaN,NaN,NaN
3690,3691,ImageProcessor_TPU,frame_processed,0,92,7,0.770519,75,1,NaN,NaN,NaN,NaN,NaN,NaN,NaN,NaN,NaN,NaN,NaN,NaN,NaN,NaN,NaN,NaN,NaN
3697,3698,ImageProcessor_Viz,frame_processed,0,92,7,0.335784,NaN,7,NaN,NaN,NaN,NaN,NaN,NaN,NaN,NaN,NaN,NaN,NaN,NaN,NaN,NaN,NaN,NaN,NaN
3711,3712,InferenceEngine,inference_complete,0,92,NaN,NaN,NaN,1,20.093,0,0.996066,13,NaN,NaN,NaN,NaN,NaN,NaN,NaN,NaN,NaN,NaN,NaN,NaN,NaN
3711,3689,Logic,frame_complete,-268457733656721424,92,7,0.770519,75,1,20,0,0.996066,13,1.23262,-0.0216154,0.000275766,0.505642,0.402965,36.088,0,0,0,61.15,25,51.5966,0
3722,3723,CameraCapture,frame_captured,0,93,7,0.245113,75,NaN,NaN,NaN,NaN,NaN,NaN,NaN,NaN,NaN,NaN,NaN,NaN,NaN,NaN,NaN,NaN,NaN,NaN
3723,3724,ImageProcessor_TPU,frame_processed,0,93,7,1.13265,75,1,NaN,NaN,NaN,NaN,NaN,NaN,NaN,NaN,NaN,NaN,NaN,NaN,NaN,NaN,NaN,NaN,NaN
3730,3731,ImageProcessor_Viz,frame_processed,0,93,7,0.344932,NaN,7,NaN,NaN,NaN,NaN,NaN,NaN,NaN,NaN,NaN,NaN,NaN,NaN,NaN,NaN,NaN,NaN,NaN
3744,3745,InferenceEngine,inference_complete,0,93,NaN,NaN,NaN,1,20.271,0,0.996066,13,NaN,NaN,NaN,NaN,NaN,NaN,NaN,NaN,NaN,NaN,NaN,NaN,NaN
3744,3721,Logic,frame_complete,-268457733656721424,93,7,1.13265,75,1,20,0,0.996066,13,1.23262,-0.0201287,0.000103798,0.507418,0.405807,33.188,0,0,0,61.15,25,51.5966,0
3754,3755,CameraCapture,frame_captured,0,94,7,0.154319,75,NaN,NaN,NaN,NaN,NaN,NaN,NaN,NaN,NaN,NaN,NaN,NaN,NaN,NaN,NaN,NaN,NaN,NaN
3756,3757,ImageProcessor_TPU,frame_processed,0,94,7,1.1368,75,0,NaN,NaN,NaN,NaN,NaN,NaN,NaN,NaN,NaN,NaN,NaN,NaN,NaN,NaN,NaN,NaN,NaN
3762,3763,ImageProcessor_Viz,frame_processed,0,94,7,0.351803,NaN,7,NaN,NaN,NaN,NaN,NaN,NaN,NaN,NaN,NaN,NaN,NaN,NaN,NaN,NaN,NaN,NaN,NaN
3775,3776,InferenceEngine,inference_complete,0,94,NaN,NaN,NaN,0,18.915,0,0.996066,13,NaN,NaN,NaN,NaN,NaN,NaN,NaN,NaN,NaN,NaN,NaN,NaN,NaN
3776,3754,Logic,frame_complete,-268457733656721424,94,7,1.1368,75,0,19,0,0.996066,13,1.23262,-0.0208044,-4.21833e-05,0.50738,0.405648,31.167,0,0,0,61.15,25,51.5966,0
3789,3789,CameraCapture,frame_captured,0,95,7,0.158636,75,NaN,NaN,NaN,NaN,NaN,NaN,NaN,NaN,NaN,NaN,NaN,NaN,NaN,NaN,NaN,NaN,NaN,NaN
3790,3790,ImageProcessor_TPU,frame_processed,0,95,7,0.779333,75,0,NaN,NaN,NaN,NaN,NaN,NaN,NaN,NaN,NaN,NaN,NaN,NaN,NaN,NaN,NaN,NaN,NaN
3796,3797,ImageProcessor_Viz,frame_processed,0,95,7,0.330339,NaN,7,NaN,NaN,NaN,NaN,NaN,NaN,NaN,NaN,NaN,NaN,NaN,NaN,NaN,NaN,NaN,NaN,NaN
3811,3812,InferenceEngine,inference_complete,0,95,NaN,NaN,NaN,0,21.327,0,0.996066,13,NaN,NaN,NaN,NaN,NaN,NaN,NaN,NaN,NaN,NaN,NaN,NaN,NaN
3812,3788,Logic,frame_complete,-268457733656721424,95,7,0.779333,75,0,21,0,0.996066,13,1.23262,-0.0205298,1.71307e-05,0.507395,0.405713,36.02,0,0,0,61.15,25,51.5966,0
3822,3822,CameraCapture,frame_captured,0,96,7,0.144209,75,NaN,NaN,NaN,NaN,NaN,NaN,NaN,NaN,NaN,NaN,NaN,NaN,NaN,NaN,NaN,NaN,NaN,NaN
3823,3823,ImageProcessor_TPU,frame_processed,0,96,7,0.755498,75,0,NaN,NaN,NaN,NaN,NaN,NaN,NaN,NaN,NaN,NaN,NaN,NaN,NaN,NaN,NaN,NaN,NaN
3829,3830,ImageProcessor_Viz,frame_processed,0,96,7,0.337396,NaN,8,NaN,NaN,NaN,NaN,NaN,NaN,NaN,NaN,NaN,NaN,NaN,NaN,NaN,NaN,NaN,NaN,NaN
3842,3843,InferenceEngine,inference_complete,0,96,NaN,NaN,NaN,0,19.165,0,0.996066,13,NaN,NaN,NaN,NaN,NaN,NaN,NaN,NaN,NaN,NaN,NaN,NaN,NaN
3843,3821,Logic,frame_complete,-268457733656721424,96,7,0.755498,75,0,19,0,0.996066,13,1.23262,-0.0157407,-0.000354178,0.504569,0.418656,30.911,0,0,0,61.15,25,51.5966,0
3855,3856,CameraCapture,frame_captured,0,97,7,0.147089,75,NaN,NaN,NaN,NaN,NaN,NaN,NaN,NaN,NaN,NaN,NaN,NaN,NaN,NaN,NaN,NaN,NaN,NaN
3857,3857,ImageProcessor_TPU,frame_processed,0,97,7,0.698543,75,1,NaN,NaN,NaN,NaN,NaN,NaN,NaN,NaN,NaN,NaN,NaN,NaN,NaN,NaN,NaN,NaN,NaN
3863,3864,ImageProcessor_Viz,frame_processed,0,97,7,0.337247,NaN,8,NaN,NaN,NaN,NaN,NaN,NaN,NaN,NaN,NaN,NaN,NaN,NaN,NaN,NaN,NaN,NaN,NaN
3875,3876,InferenceEngine,inference_complete,0,97,NaN,NaN,NaN,1,18.359,0,0.996066,13,NaN,NaN,NaN,NaN,NaN,NaN,NaN,NaN,NaN,NaN,NaN,NaN,NaN
3876,3854,Logic,frame_complete,-268457733656721424,97,7,0.698543,75,1,18,0,0.996066,13,1.23755,-0.0219572,0.00047492,0.507513,0.407899,32.918,0,0,0,61.15,25,51.5966,0
3889,3889,CameraCapture,frame_captured,0,98,7,0.159316,75,NaN,NaN,NaN,NaN,NaN,NaN,NaN,NaN,NaN,NaN,NaN,NaN,NaN,NaN,NaN,NaN,NaN,NaN
3889,3890,ImageProcessor_TPU,frame_processed,0,98,7,0.741957,75,1,NaN,NaN,NaN,NaN,NaN,NaN,NaN,NaN,NaN,NaN,NaN,NaN,NaN,NaN,NaN,NaN,NaN
3897,3897,ImageProcessor_Viz,frame_processed,0,98,7,0.336932,NaN,8,NaN,NaN,NaN,NaN,NaN,NaN,NaN,NaN,NaN,NaN,NaN,NaN,NaN,NaN,NaN,NaN,NaN
3908,3909,InferenceEngine,inference_complete,0,98,NaN,NaN,NaN,1,18.541,0,0.996066,13,NaN,NaN,NaN,NaN,NaN,NaN,NaN,NaN,NaN,NaN,NaN,NaN,NaN
3909,3888,Logic,frame_complete,-268457733656721424,98,7,0.741957,75,1,18,0,0.996066,13,1.24248,-0.0147075,-0.00150758,0.496081,0.420641,33.074,0,0,0,61.15,25,51.5966,0
3922,3923,CameraCapture,frame_captured,0,99,7,0.146727,75,NaN,NaN,NaN,NaN,NaN,NaN,NaN,NaN,NaN,NaN,NaN,NaN,NaN,NaN,NaN,NaN,NaN,NaN
3923,3924,ImageProcessor_TPU,frame_processed,0,99,7,0.735275,75,0,NaN,NaN,NaN,NaN,NaN,NaN,NaN,NaN,NaN,NaN,NaN,NaN,NaN,NaN,NaN,NaN,NaN
3930,3931,ImageProcessor_Viz,frame_processed,0,99,7,0.347784,NaN,8,NaN,NaN,NaN,NaN,NaN,NaN,NaN,NaN,NaN,NaN,NaN,NaN,NaN,NaN,NaN,NaN,NaN
3942,3943,InferenceEngine,inference_complete,0,99,NaN,NaN,NaN,0,18.971,40.55,0.996066,13,NaN,NaN,NaN,NaN,NaN,NaN,NaN,NaN,NaN,NaN,NaN,NaN,NaN
3943,3921,Logic,frame_complete,-268457733656721424,99,7,0.735275,75,0,19,40.55,0.996066,13,1.24749,-0.0155583,0.000502598,0.495685,0.426463,33.908,0,0,0,61.15,25,51.5966,0
3955,3956,CameraCapture,frame_captured,0,100,7,0.154467,75,NaN,NaN,NaN,NaN,NaN,NaN,NaN,NaN,NaN,NaN,NaN,NaN,NaN,NaN,NaN,NaN,NaN,NaN
3956,3957,ImageProcessor_TPU,frame_processed,0,100,7,0.838553,75,0,NaN,NaN,NaN,NaN,NaN,NaN,NaN,NaN,NaN,NaN,NaN,NaN,NaN,NaN,NaN,NaN,NaN
3963,3963,ImageProcessor_Viz,frame_processed,0,100,7,0.353192,NaN,8,NaN,NaN,NaN,NaN,NaN,NaN,NaN,NaN,NaN,NaN,NaN,NaN,NaN,NaN,NaN,NaN,NaN
3976,3976,InferenceEngine,inference_complete,0,100,NaN,NaN,NaN,0,19.344,40.55,0.996066,13,NaN,NaN,NaN,NaN,NaN,NaN,NaN,NaN,NaN,NaN,NaN,NaN,NaN
3976,3954,Logic,frame_complete,-268457733656721424,100,7,0.838553,75,0,20,40.55,0.996066,13,1.25013,-0.0157627,0.00050366,0.498632,0.425699,33.379,0,0,0,61.15,25,51.5966,0
3988,3989,CameraCapture,frame_captured,0,101,7,0.142494,75,NaN,NaN,NaN,NaN,NaN,NaN,NaN,NaN,NaN,NaN,NaN,NaN,NaN,NaN,NaN,NaN,NaN,NaN
3990,3990,ImageProcessor_TPU,frame_processed,0,101,7,0.757135,75,1,NaN,NaN,NaN,NaN,NaN,NaN,NaN,NaN,NaN,NaN,NaN,NaN,NaN,NaN,NaN,NaN,NaN
3996,3997,ImageProcessor_Viz,frame_processed,0,101,7,0.334395,NaN,8,NaN,NaN,NaN,NaN,NaN,NaN,NaN,NaN,NaN,NaN,NaN,NaN,NaN,NaN,NaN,NaN,NaN
4009,4010,InferenceEngine,inference_complete,0,101,NaN,NaN,NaN,1,19.519,40.55,0.988223,13,NaN,NaN,NaN,NaN,NaN,NaN,NaN,NaN,NaN,NaN,NaN,NaN,NaN
4010,3988,Logic,frame_complete,-268457733656721424,101,7,0.757135,75,1,19,40.55,0.988223,13,1.2554,-0.0161643,0.000505785,0.504487,0.424186,33.647,0,0,0,61.15,25,51.5966,0
4021,4022,CameraCapture,frame_captured,0,102,7,0.147538,75,NaN,NaN,NaN,NaN,NaN,NaN,NaN,NaN,NaN,NaN,NaN,NaN,NaN,NaN,NaN,NaN,NaN,NaN
4022,4023,ImageProcessor_TPU,frame_processed,0,102,7,0.832476,75,0,NaN,NaN,NaN,NaN,NaN,NaN,NaN,NaN,NaN,NaN,NaN,NaN,NaN,NaN,NaN,NaN,NaN
4028,4029,ImageProcessor_Viz,frame_processed,0,102,7,0.341914,NaN,8,NaN,NaN,NaN,NaN,NaN,NaN,NaN,NaN,NaN,NaN,NaN,NaN,NaN,NaN,NaN,NaN,NaN
4041,4042,InferenceEngine,inference_complete,0,102,NaN,NaN,NaN,0,18.585,40.55,0.996066,13,NaN,NaN,NaN,NaN,NaN,NaN,NaN,NaN,NaN,NaN,NaN,NaN,NaN
4041,4020,Logic,frame_complete,-268457733656721424,102,7,0.832476,75,0,19,40.55,0.996066,13,1.26315,-0.0167367,0.000508904,0.512991,0.421997,31.569,0,0,0,61.15,25,51.5966,0
4054,4055,CameraCapture,frame_captured,0,103,7,0.14641,75,NaN,NaN,NaN,NaN,NaN,NaN,NaN,NaN,NaN,NaN,NaN,NaN,NaN,NaN,NaN,NaN,NaN,NaN
4056,4057,ImageProcessor_TPU,frame_processed,0,103,7,1.06715,75,1,NaN,NaN,NaN,NaN,NaN,NaN,NaN,NaN,NaN,NaN,NaN,NaN,NaN,NaN,NaN,NaN,NaN
4062,4062,ImageProcessor_Viz,frame_processed,0,103,7,0.355488,NaN,7,NaN,NaN,NaN,NaN,NaN,NaN,NaN,NaN,NaN,NaN,NaN,NaN,NaN,NaN,NaN,NaN,NaN
4075,4076,InferenceEngine,inference_complete,0,103,NaN,NaN,NaN,1,18.778,40.55,0.996066,13,NaN,NaN,NaN,NaN,NaN,NaN,NaN,NaN,NaN,NaN,NaN,NaN,NaN
4075,4053,Logic,frame_complete,-268457733656721424,103,7,1.06715,75,1,19,40.55,0.996066,13,1.27355,-0.0174718,0.000513092,0.524214,0.419119,33.854,0,0,0,61.15,25,51.5966,0
4089,4090,CameraCapture,frame_captured,0,104,7,0.149945,75,NaN,NaN,NaN,NaN,NaN,NaN,NaN,NaN,NaN,NaN,NaN,NaN,NaN,NaN,NaN,NaN,NaN,NaN
4091,4092,ImageProcessor_TPU,frame_processed,0,104,7,1.20621,75,1,NaN,NaN,NaN,NaN,NaN,NaN,NaN,NaN,NaN,NaN,NaN,NaN,NaN,NaN,NaN,NaN,NaN
4097,4098,ImageProcessor_Viz,frame_processed,0,104,7,0.337487,NaN,7,NaN,NaN,NaN,NaN,NaN,NaN,NaN,NaN,NaN,NaN,NaN,NaN,NaN,NaN,NaN,NaN,NaN
4110,4111,InferenceEngine,inference_complete,0,104,NaN,NaN,NaN,1,18.697,40.55,0.996066,13,NaN,NaN,NaN,NaN,NaN,NaN,NaN,NaN,NaN,NaN,NaN,NaN,NaN
4110,4088,Logic,frame_complete,-268457733656721424,104,7,1.20621,75,1,19,40.55,0.996066,13,1.28668,-0.0183456,0.000518382,0.538047,0.415582,34.982,0,0,0,61.15,25,51.5966,0
4121,4122,CameraCapture,frame_captured,0,105,7,0.238088,75,NaN,NaN,NaN,NaN,NaN,NaN,NaN,NaN,NaN,NaN,NaN,NaN,NaN,NaN,NaN,NaN,NaN,NaN
4122,4123,ImageProcessor_TPU,frame_processed,0,105,7,1.20731,75,0,NaN,NaN,NaN,NaN,NaN,NaN,NaN,NaN,NaN,NaN,NaN,NaN,NaN,NaN,NaN,NaN,NaN
4128,4129,ImageProcessor_Viz,frame_processed,0,105,7,0.354765,NaN,7,NaN,NaN,NaN,NaN,NaN,NaN,NaN,NaN,NaN,NaN,NaN,NaN,NaN,NaN,NaN,NaN,NaN
4141,4142,InferenceEngine,inference_complete,0,105,NaN,NaN,NaN,0,18.747,40.55,0.996066,13,NaN,NaN,NaN,NaN,NaN,NaN,NaN,NaN,NaN,NaN,NaN,NaN,NaN
4141,4120,Logic,frame_complete,-268457733656721424,105,7,1.20731,75,0,18,40.55,0.996066,13,0,0,0,0.5,0.5,0,0,0,0,61.15,25,51.5966,0
4154,4155,CameraCapture,frame_captured,0,106,7,0.149204,75,NaN,NaN,NaN,NaN,NaN,NaN,NaN,NaN,NaN,NaN,NaN,NaN,NaN,NaN,NaN,NaN,NaN,NaN
4155,4156,ImageProcessor_TPU,frame_processed,0,106,7,0.787975,75,1,NaN,NaN,NaN,NaN,NaN,NaN,NaN,NaN,NaN,NaN,NaN,NaN,NaN,NaN,NaN,NaN,NaN
4162,4163,ImageProcessor_Viz,frame_processed,0,106,7,0.341302,NaN,7,NaN,NaN,NaN,NaN,NaN,NaN,NaN,NaN,NaN,NaN,NaN,NaN,NaN,NaN,NaN,NaN,NaN
4175,4175,InferenceEngine,inference_complete,0,106,NaN,NaN,NaN,1,18.753,40.55,0.996066,13,NaN,NaN,NaN,NaN,NaN,NaN,NaN,NaN,NaN,NaN,NaN,NaN,NaN
4175,4153,Logic,frame_complete,-268457733656721424,106,7,0.787975,75,1,19,40.55,0.996066,13,0,0,0,0.5,0.5,0,0,0,0,61.15,25,51.5966,0
4187,4188,CameraCapture,frame_captured,0,107,7,0.237836,75,NaN,NaN,NaN,NaN,NaN,NaN,NaN,NaN,NaN,NaN,NaN,NaN,NaN,NaN,NaN,NaN,NaN,NaN
4189,4189,ImageProcessor_TPU,frame_processed,0,107,7,0.871792,75,1,NaN,NaN,NaN,NaN,NaN,NaN,NaN,NaN,NaN,NaN,NaN,NaN,NaN,NaN,NaN,NaN,NaN
4195,4196,ImageProcessor_Viz,frame_processed,0,107,7,0.343858,NaN,7,NaN,NaN,NaN,NaN,NaN,NaN,NaN,NaN,NaN,NaN,NaN,NaN,NaN,NaN,NaN,NaN,NaN
4208,4209,InferenceEngine,inference_complete,0,107,NaN,NaN,NaN,1,19.013,40.55,0.996066,13,NaN,NaN,NaN,NaN,NaN,NaN,NaN,NaN,NaN,NaN,NaN,NaN,NaN
4208,4187,Logic,frame_complete,-268457733656721424,107,7,0.871792,75,1,19,40.55,0.996066,13,0,0,0,0.5,0.5,0,0,0,0,61.15,25,51.5966,0
4222,4223,CameraCapture,frame_captured,0,108,7,0.141573,75,NaN,NaN,NaN,NaN,NaN,NaN,NaN,NaN,NaN,NaN,NaN,NaN,NaN,NaN,NaN,NaN,NaN,NaN
4223,4224,ImageProcessor_TPU,frame_processed,0,108,7,0.705917,75,0,NaN,NaN,NaN,NaN,NaN,NaN,NaN,NaN,NaN,NaN,NaN,NaN,NaN,NaN,NaN,NaN,NaN
4231,4231,ImageProcessor_Viz,frame_processed,0,108,7,0.344025,NaN,8,NaN,NaN,NaN,NaN,NaN,NaN,NaN,NaN,NaN,NaN,NaN,NaN,NaN,NaN,NaN,NaN,NaN
4242,4243,InferenceEngine,inference_complete,0,108,NaN,NaN,NaN,0,18.935,40.55,0.996066,13,NaN,NaN,NaN,NaN,NaN,NaN,NaN,NaN,NaN,NaN,NaN,NaN,NaN
4243,4222,Logic,frame_complete,-268457733656721424,108,7,0.705917,75,0,18,40.55,0.996066,13,0,0,0,0.5,0.5,0,0,0,0,61.15,25,51.5966,0
4254,4255,CameraCapture,frame_captured,0,109,7,0.213308,75,NaN,NaN,NaN,NaN,NaN,NaN,NaN,NaN,NaN,NaN,NaN,NaN,NaN,NaN,NaN,NaN,NaN,NaN
4255,4256,ImageProcessor_TPU,frame_processed,0,109,7,0.770596,75,0,NaN,NaN,NaN,NaN,NaN,NaN,NaN,NaN,NaN,NaN,NaN,NaN,NaN,NaN,NaN,NaN,NaN
4262,4263,ImageProcessor_Viz,frame_processed,0,109,7,0.32634,NaN,7,NaN,NaN,NaN,NaN,NaN,NaN,NaN,NaN,NaN,NaN,NaN,NaN,NaN,NaN,NaN,NaN,NaN
4274,4275,InferenceEngine,inference_complete,0,109,NaN,NaN,NaN,0,18.711,40.55,0.996066,13,NaN,NaN,NaN,NaN,NaN,NaN,NaN,NaN,NaN,NaN,NaN,NaN,NaN
4275,4253,Logic,frame_complete,-268457733656721424,109,7,0.770596,75,0,18,40.55,0.996066,13,0,0,0,0.5,0.5,0,0,0,0,61.15,25,51.5966,0
4287,4288,CameraCapture,frame_captured,0,110,7,0.143217,75,NaN,NaN,NaN,NaN,NaN,NaN,NaN,NaN,NaN,NaN,NaN,NaN,NaN,NaN,NaN,NaN,NaN,NaN
4288,4289,ImageProcessor_TPU,frame_processed,0,110,7,0.756506,75,1,NaN,NaN,NaN,NaN,NaN,NaN,NaN,NaN,NaN,NaN,NaN,NaN,NaN,NaN,NaN,NaN,NaN
4295,4296,ImageProcessor_Viz,frame_processed,0,110,7,0.332302,NaN,7,NaN,NaN,NaN,NaN,NaN,NaN,NaN,NaN,NaN,NaN,NaN,NaN,NaN,NaN,NaN,NaN,NaN
4308,4308,InferenceEngine,inference_complete,0,110,NaN,NaN,NaN,1,18.863,40.55,0.996066,13,NaN,NaN,NaN,NaN,NaN,NaN,NaN,NaN,NaN,NaN,NaN,NaN,NaN
4308,4287,Logic,frame_complete,-268457733656721424,110,7,0.756506,75,1,19,40.55,0.996066,13,0,0,0,0.5,0.5,0,0,0,0,61.15,25,51.5966,0
4321,4321,CameraCapture,frame_captured,0,111,7,0.142072,75,NaN,NaN,NaN,NaN,NaN,NaN,NaN,NaN,NaN,NaN,NaN,NaN,NaN,NaN,NaN,NaN,NaN,NaN
4322,4323,ImageProcessor_TPU,frame_processed,0,111,7,1.07157,75,0,NaN,NaN,NaN,NaN,NaN,NaN,NaN,NaN,NaN,NaN,NaN,NaN,NaN,NaN,NaN,NaN,NaN
4328,4329,ImageProcessor_Viz,frame_processed,0,111,7,0.337006,NaN,7,NaN,NaN,NaN,NaN,NaN,NaN,NaN,NaN,NaN,NaN,NaN,NaN,NaN,NaN,NaN,NaN,NaN
4341,4342,InferenceEngine,inference_complete,0,111,NaN,NaN,NaN,0,18.81,40.55,0.996066,13,NaN,NaN,NaN,NaN,NaN,NaN,NaN,NaN,NaN,NaN,NaN,NaN,NaN
4342,4320,Logic,frame_complete,-268457733656721424,111,7,1.07157,75,0,19,40.55,0.996066,13,1.28997,-0.0410264,0.0475226,0.5,0.5,33.761,0,0,0,61.15,25,51.5966,0
4355,4355,CameraCapture,frame_captured,0,112,7,0.142497,75,NaN,NaN,NaN,NaN,NaN,NaN,NaN,NaN,NaN,NaN,NaN,NaN,NaN,NaN,NaN,NaN,NaN,NaN
4356,4357,ImageProcessor_TPU,frame_processed,0,112,7,0.765305,75,0,NaN,NaN,NaN,NaN,NaN,NaN,NaN,NaN,NaN,NaN,NaN,NaN,NaN,NaN,NaN,NaN,NaN
4362,4363,ImageProcessor_Viz,frame_processed,0,112,7,0.339099,NaN,7,NaN,NaN,NaN,NaN,NaN,NaN,NaN,NaN,NaN,NaN,NaN,NaN,NaN,NaN,NaN,NaN,NaN
4375,4376,InferenceEngine,inference_complete,0,112,NaN,NaN,NaN,0,19.113,40.55,0.992145,13,NaN,NaN,NaN,NaN,NaN,NaN,NaN,NaN,NaN,NaN,NaN,NaN,NaN
4377,4354,Logic,frame_complete,-268457733656721424,112,7,0.765305,75,0,19,40.55,0.992145,13,1.33898,-0.000265092,-0.000184808,0.487326,0.508238,35.091,0,0,0,61.15,25,51.5966,0
4387,4388,CameraCapture,frame_captured,0,113,7,0.151545,75,NaN,NaN,NaN,NaN,NaN,NaN,NaN,NaN,NaN,NaN,NaN,NaN,NaN,NaN,NaN,NaN,NaN,NaN
4389,4389,ImageProcessor_TPU,frame_processed,0,113,7,1.01404,75,0,NaN,NaN,NaN,NaN,NaN,NaN,NaN,NaN,NaN,NaN,NaN,NaN,NaN,NaN,NaN,NaN,NaN
4395,4396,ImageProcessor_Viz,frame_processed,0,113,7,0.333247,NaN,7,NaN,NaN,NaN,NaN,NaN,NaN,NaN,NaN,NaN,NaN,NaN,NaN,NaN,NaN,NaN,NaN,NaN
4408,4408,InferenceEngine,inference_complete,0,113,NaN,NaN,NaN,0,18.751,40.55,0.996066,13,NaN,NaN,NaN,NaN,NaN,NaN,NaN,NaN,NaN,NaN,NaN,NaN,NaN
4409,4387,Logic,frame_complete,-268457733656721424,113,7,1.01404,75,0,19,40.55,0.996066,13,1.36861,0.000307377,3.59118e-05,0.487378,0.510192,32.284,0,0,0,61.15,25,51.5966,0
4421,4422,CameraCapture,frame_captured,0,114,7,0.231698,75,NaN,NaN,NaN,NaN,NaN,NaN,NaN,NaN,NaN,NaN,NaN,NaN,NaN,NaN,NaN,NaN,NaN,NaN
4422,4423,ImageProcessor_TPU,frame_processed,0,114,7,0.87484,75,0,NaN,NaN,NaN,NaN,NaN,NaN,NaN,NaN,NaN,NaN,NaN,NaN,NaN,NaN,NaN,NaN,NaN
4428,4429,ImageProcessor_Viz,frame_processed,0,114,7,0.346839,NaN,8,NaN,NaN,NaN,NaN,NaN,NaN,NaN,NaN,NaN,NaN,NaN,NaN,NaN,NaN,NaN,NaN,NaN
4441,4442,InferenceEngine,inference_complete,0,114,NaN,NaN,NaN,0,18.723,40.55,0.996066,13,NaN,NaN,NaN,NaN,NaN,NaN,NaN,NaN,NaN,NaN,NaN,NaN,NaN
4442,4420,Logic,frame_complete,-268457733656721424,114,7,0.87484,75,0,19,40.55,0.996066,13,1.4191,-0.000422359,0.000200503,0.489233,0.508206,33.062,0,0,0,61.15,25,51.5966,0
4454,4455,CameraCapture,frame_captured,0,115,7,0.243666,75,NaN,NaN,NaN,NaN,NaN,NaN,NaN,NaN,NaN,NaN,NaN,NaN,NaN,NaN,NaN,NaN,NaN,NaN
4455,4456,ImageProcessor_TPU,frame_processed,0,115,7,0.929827,75,0,NaN,NaN,NaN,NaN,NaN,NaN,NaN,NaN,NaN,NaN,NaN,NaN,NaN,NaN,NaN,NaN,NaN
4462,4463,ImageProcessor_Viz,frame_processed,0,115,7,0.365248,NaN,7,NaN,NaN,NaN,NaN,NaN,NaN,NaN,NaN,NaN,NaN,NaN,NaN,NaN,NaN,NaN,NaN,NaN
4474,4475,InferenceEngine,inference_complete,0,115,NaN,NaN,NaN,0,18.852,40.55,0.996066,13,NaN,NaN,NaN,NaN,NaN,NaN,NaN,NaN,NaN,NaN,NaN,NaN,NaN
4476,4453,Logic,frame_complete,-268457733656721424,115,7,0.929827,75,0,18,40.55,0.996066,13,1.43818,-0.000162249,-0.000105813,0.489165,0.506445,33.61,0,0,0,61.15,25,51.5966,0
4488,4489,CameraCapture,frame_captured,0,116,7,0.236052,75,NaN,NaN,NaN,NaN,NaN,NaN,NaN,NaN,NaN,NaN,NaN,NaN,NaN,NaN,NaN,NaN,NaN,NaN
4489,4490,ImageProcessor_TPU,frame_processed,0,116,7,0.892657,75,1,NaN,NaN,NaN,NaN,NaN,NaN,NaN,NaN,NaN,NaN,NaN,NaN,NaN,NaN,NaN,NaN,NaN
4496,4497,ImageProcessor_Viz,frame_processed,0,116,7,0.350988,NaN,7,NaN,NaN,NaN,NaN,NaN,NaN,NaN,NaN,NaN,NaN,NaN,NaN,NaN,NaN,NaN,NaN,NaN
4508,4509,InferenceEngine,inference_complete,0,116,NaN,NaN,NaN,1,18.751,40.55,0.996066,13,NaN,NaN,NaN,NaN,NaN,NaN,NaN,NaN,NaN,NaN,NaN,NaN,NaN
4510,4487,Logic,frame_complete,-268457733656721424,116,7,0.892657,75,1,18,40.55,0.996066,13,1.43818,0.000285983,-0.000100348,0.488257,0.508364,33.94,0,0,0,61.15,25,51.5966,0
4521,4521,CameraCapture,frame_captured,0,117,7,0.149965,75,NaN,NaN,NaN,NaN,NaN,NaN,NaN,NaN,NaN,NaN,NaN,NaN,NaN,NaN,NaN,NaN,NaN,NaN
4522,4522,ImageProcessor_TPU,frame_processed,0,117,7,0.731069,75,1,NaN,NaN,NaN,NaN,NaN,NaN,NaN,NaN,NaN,NaN,NaN,NaN,NaN,NaN,NaN,NaN,NaN
4529,4530,ImageProcessor_Viz,frame_processed,0,117,7,0.34271,NaN,8,NaN,NaN,NaN,NaN,NaN,NaN,NaN,NaN,NaN,NaN,NaN,NaN,NaN,NaN,NaN,NaN,NaN
4542,4543,InferenceEngine,inference_complete,0,117,NaN,NaN,NaN,1,20.291,40.55,0.992145,13,NaN,NaN,NaN,NaN,NaN,NaN,NaN,NaN,NaN,NaN,NaN,NaN,NaN
4544,4520,Logic,frame_complete,-268457733656721424,117,7,0.731069,75,1,20,40.55,0.992145,13,1.43818,-0.00035122,4.0751e-05,0.488288,0.507313,33.837,0,0,0,61.15,25,51.5966,0
4554,4555,CameraCapture,frame_captured,0,118,7,0.147189,75,NaN,NaN,NaN,NaN,NaN,NaN,NaN,NaN,NaN,NaN,NaN,NaN,NaN,NaN,NaN,NaN,NaN,NaN
4555,4556,ImageProcessor_TPU,frame_processed,0,118,7,0.704866,75,0,NaN,NaN,NaN,NaN,NaN,NaN,NaN,NaN,NaN,NaN,NaN,NaN,NaN,NaN,NaN,NaN,NaN
4562,4563,ImageProcessor_Viz,frame_processed,0,118,7,0.340432,NaN,7,NaN,NaN,NaN,NaN,NaN,NaN,NaN,NaN,NaN,NaN,NaN,NaN,NaN,NaN,NaN,NaN,NaN
4574,4575,InferenceEngine,inference_complete,0,118,NaN,NaN,NaN,0,18.729,40.55,0.996066,13,NaN,NaN,NaN,NaN,NaN,NaN,NaN,NaN,NaN,NaN,NaN,NaN,NaN
4575,4553,Logic,frame_complete,-268457733656721424,118,7,0.704866,75,0,19,40.55,0.996066,13,1.43818,0.000258688,-1.6544e-05,0.488275,0.508358,31.753,0,0,0,61.15,25,51.5966,0
4588,4589,CameraCapture,frame_captured,0,119,7,0.142469,75,NaN,NaN,NaN,NaN,NaN,NaN,NaN,NaN,NaN,NaN,NaN,NaN,NaN,NaN,NaN,NaN,NaN,NaN
4589,4590,ImageProcessor_TPU,frame_processed,0,119,7,0.735369,75,0,NaN,NaN,NaN,NaN,NaN,NaN,NaN,NaN,NaN,NaN,NaN,NaN,NaN,NaN,NaN,NaN,NaN
4599,4600,ImageProcessor_Viz,frame_processed,0,119,7,0.336525,NaN,10,NaN,NaN,NaN,NaN,NaN,NaN,NaN,NaN,NaN,NaN,NaN,NaN,NaN,NaN,NaN,NaN,NaN
4609,4610,InferenceEngine,inference_complete,0,119,NaN,NaN,NaN,0,19.649,40.55,0.996066,13,NaN,NaN,NaN,NaN,NaN,NaN,NaN,NaN,NaN,NaN,NaN,NaN,NaN
4611,4587,Logic,frame_complete,-268457733656721424,119,7,0.735369,75,0,19,40.55,0.996066,13,1.46532,-0.000403685,-2.72579e-05,0.488273,0.506393,35.239,0,0,0,61.15,25,51.5966,0
4622,4623,CameraCapture,frame_captured,0,120,7,0.215542,75,NaN,NaN,NaN,NaN,NaN,NaN,NaN,NaN,NaN,NaN,NaN,NaN,NaN,NaN,NaN,NaN,NaN,NaN
4624,4624,ImageProcessor_TPU,frame_processed,0,120,7,0.80796,75,1,NaN,NaN,NaN,NaN,NaN,NaN,NaN,NaN,NaN,NaN,NaN,NaN,NaN,NaN,NaN,NaN,NaN
4630,4631,ImageProcessor_Viz,frame_processed,0,120,7,0.340544,NaN,8,NaN,NaN,NaN,NaN,NaN,NaN,NaN,NaN,NaN,NaN,NaN,NaN,NaN,NaN,NaN,NaN,NaN
4643,4644,InferenceEngine,inference_complete,0,120,NaN,NaN,NaN,1,19.573,40.55,0.996066,13,NaN,NaN,NaN,NaN,NaN,NaN,NaN,NaN,NaN,NaN,NaN,NaN,NaN
4644,4622,Logic,frame_complete,-268457733656721424,120,7,0.80796,75,1,20,40.55,0.996066,13,1.4515,-0.00219271,0.000319757,0.490168,0.491436,33.497,0,0,0,61.15,25,51.5966,0
4654,4655,CameraCapture,frame_captured,0,121,7,0.145326,75,NaN,NaN,NaN,NaN,NaN,NaN,NaN,NaN,NaN,NaN,NaN,NaN,NaN,NaN,NaN,NaN,NaN,NaN
4655,4656,ImageProcessor_TPU,frame_processed,0,121,7,0.7068,75,1,NaN,NaN,NaN,NaN,NaN,NaN,NaN,NaN,NaN,NaN,NaN,NaN,NaN,NaN,NaN,NaN,NaN
4662,4663,ImageProcessor_Viz,frame_processed,0,121,7,0.341877,NaN,7,NaN,NaN,NaN,NaN,NaN,NaN,NaN,NaN,NaN,NaN,NaN,NaN,NaN,NaN,NaN,NaN,NaN
4674,4675,InferenceEngine,inference_complete,0,121,NaN,NaN,NaN,1,18.731,40.55,0.996066,13,NaN,NaN,NaN,NaN,NaN,NaN,NaN,NaN,NaN,NaN,NaN,NaN,NaN
4675,4653,Logic,frame_complete,-268457733656721424,121,7,0.7068,75,1,18,40.55,0.996066,13,1.4515,-0.00327443,-0.000130147,0.490069,0.480297,30.563,0,0,0,61.15,25,51.5966,0
4687,4688,CameraCapture,frame_captured,0,122,7,0.237219,75,NaN,NaN,NaN,NaN,NaN,NaN,NaN,NaN,NaN,NaN,NaN,NaN,NaN,NaN,NaN,NaN,NaN,NaN
4689,4690,ImageProcessor_TPU,frame_processed,0,122,7,1.19466,75,0,NaN,NaN,NaN,NaN,NaN,NaN,NaN,NaN,NaN,NaN,NaN,NaN,NaN,NaN,NaN,NaN,NaN
4695,4696,ImageProcessor_Viz,frame_processed,0,122,7,0.352877,NaN,7,NaN,NaN,NaN,NaN,NaN,NaN,NaN,NaN,NaN,NaN,NaN,NaN,NaN,NaN,NaN,NaN,NaN
4708,4709,InferenceEngine,inference_complete,0,122,NaN,NaN,NaN,0,18.761,40.55,0.996066,13,NaN,NaN,NaN,NaN,NaN,NaN,NaN,NaN,NaN,NaN,NaN,NaN,NaN
4709,4687,Logic,frame_complete,-268457733656721424,122,7,1.19466,75,0,19,40.55,0.996066,13,1.43818,-0.0155234,0.00222468,0.504243,0.446208,33.807,0,0,0,61.15,25,51.5966,0
4721,4721,CameraCapture,frame_captured,0,123,7,0.244386,75,NaN,NaN,NaN,NaN,NaN,NaN,NaN,NaN,NaN,NaN,NaN,NaN,NaN,NaN,NaN,NaN,NaN,NaN
4721,4722,ImageProcessor_TPU,frame_processed,0,123,7,0.836897,75,1,NaN,NaN,NaN,NaN,NaN,NaN,NaN,NaN,NaN,NaN,NaN,NaN,NaN,NaN,NaN,NaN,NaN
4729,4729,ImageProcessor_Viz,frame_processed,0,123,7,0.337729,NaN,8,NaN,NaN,NaN,NaN,NaN,NaN,NaN,NaN,NaN,NaN,NaN,NaN,NaN,NaN,NaN,NaN,NaN
4740,4741,InferenceEngine,inference_complete,0,123,NaN,NaN,NaN,1,18.534,40.55,0.996066,13,NaN,NaN,NaN,NaN,NaN,NaN,NaN,NaN,NaN,NaN,NaN,NaN,NaN
4741,4720,Logic,frame_complete,-268457733656721424,123,7,0.836897,75,1,18,40.55,0.996066,13,1.4266,-0.0206437,0.00220676,0.513757,0.425898,31.976,0,0,0,61.15,25,51.5966,0
4755,4755,CameraCapture,frame_captured,0,124,7,0.242587,75,NaN,NaN,NaN,NaN,NaN,NaN,NaN,NaN,NaN,NaN,NaN,NaN,NaN,NaN,NaN,NaN,NaN,NaN
4757,4757,ImageProcessor_TPU,frame_processed,0,124,7,1.2384,75,1,NaN,NaN,NaN,NaN,NaN,NaN,NaN,NaN,NaN,NaN,NaN,NaN,NaN,NaN,NaN,NaN,NaN
4762,4763,ImageProcessor_Viz,frame_processed,0,124,7,0.356396,NaN,7,NaN,NaN,NaN,NaN,NaN,NaN,NaN,NaN,NaN,NaN,NaN,NaN,NaN,NaN,NaN,NaN,NaN
4776,4777,InferenceEngine,inference_complete,0,124,NaN,NaN,NaN,1,18.853,40.55,0.996066,13,NaN,NaN,NaN,NaN,NaN,NaN,NaN,NaN,NaN,NaN,NaN,NaN,NaN
4776,4754,Logic,frame_complete,-268457733656721424,124,7,1.2384,75,1,19,40.55,0.996066,13,1.4023,-0.0309151,0.00216916,0.534123,0.384465,35.503,0,0,0,61.15,25,51.5966,0
4787,4788,CameraCapture,frame_captured,0,125,7,0.159594,75,NaN,NaN,NaN,NaN,NaN,NaN,NaN,NaN,NaN,NaN,NaN,NaN,NaN,NaN,NaN,NaN,NaN,NaN
4788,4789,ImageProcessor_TPU,frame_processed,0,125,7,0.779291,75,1,NaN,NaN,NaN,NaN,NaN,NaN,NaN,NaN,NaN,NaN,NaN,NaN,NaN,NaN,NaN,NaN,NaN
4795,4796,ImageProcessor_Viz,frame_processed,0,125,7,0.328876,NaN,7,NaN,NaN,NaN,NaN,NaN,NaN,NaN,NaN,NaN,NaN,NaN,NaN,NaN,NaN,NaN,NaN,NaN
4808,4809,InferenceEngine,inference_complete,0,125,NaN,NaN,NaN,1,19.319,40.55,0.996066,13,NaN,NaN,NaN,NaN,NaN,NaN,NaN,NaN,NaN,NaN,NaN,NaN,NaN
4808,4786,Logic,frame_complete,-268457733656721424,125,7,0.779291,75,1,19,40.55,0.996066,13,1.36647,-0.0440661,0.00211376,0.564872,0.328465,32.146,0,0,0,61.15,25,51.5966,0
4821,4822,CameraCapture,frame_captured,0,126,7,0.187037,75,NaN,NaN,NaN,NaN,NaN,NaN,NaN,NaN,NaN,NaN,NaN,NaN,NaN,NaN,NaN,NaN,NaN,NaN
4823,4824,ImageProcessor_TPU,frame_processed,0,126,7,0.826641,75,0,NaN,NaN,NaN,NaN,NaN,NaN,NaN,NaN,NaN,NaN,NaN,NaN,NaN,NaN,NaN,NaN,NaN
4831,4832,ImageProcessor_Viz,frame_processed,0,126,7,0.380433,NaN,9,NaN,NaN,NaN,NaN,NaN,NaN,NaN,NaN,NaN,NaN,NaN,NaN,NaN,NaN,NaN,NaN,NaN
4846,4846,InferenceEngine,inference_complete,0,126,NaN,NaN,NaN,0,22.472,40.55,0.992145,13,NaN,NaN,NaN,NaN,NaN,NaN,NaN,NaN,NaN,NaN,NaN,NaN,NaN
4846,4821,Logic,frame_complete,-268457733656721424,126,7,0.826641,75,0,23,40.55,0.992145,13,1.31719,-0.0573717,0.00203753,0.607668,0.264325,37.576,0,0,0,61.15,25,51.5966,0
4855,4856,CameraCapture,frame_captured,0,127,7,0.307377,75,NaN,NaN,NaN,NaN,NaN,NaN,NaN,NaN,NaN,NaN,NaN,NaN,NaN,NaN,NaN,NaN,NaN,NaN
4856,4857,ImageProcessor_TPU,frame_processed,0,127,7,1.31652,75,0,NaN,NaN,NaN,NaN,NaN,NaN,NaN,NaN,NaN,NaN,NaN,NaN,NaN,NaN,NaN,NaN,NaN
4864,4865,ImageProcessor_Viz,frame_processed,0,127,7,0.382007,NaN,9,NaN,NaN,NaN,NaN,NaN,NaN,NaN,NaN,NaN,NaN,NaN,NaN,NaN,NaN,NaN,NaN,NaN
4879,4880,InferenceEngine,inference_complete,0,127,NaN,NaN,NaN,0,22.61,40.55,0.98038,13,NaN,NaN,NaN,NaN,NaN,NaN,NaN,NaN,NaN,NaN,NaN,NaN,NaN
4880,4854,Logic,frame_complete,-268457733656721424,127,7,1.31652,75,0,22,40.55,0.98038,13,1.25587,-0.0673989,0.00194269,0.65961,0.204507,33.602,0,0,0,61.15,25,51.5966,0
4889,4889,CameraCapture,frame_captured,0,128,7,0.182515,75,NaN,NaN,NaN,NaN,NaN,NaN,NaN,NaN,NaN,NaN,NaN,NaN,NaN,NaN,NaN,NaN,NaN,NaN
4890,4891,ImageProcessor_TPU,frame_processed,0,128,7,0.812212,75,0,NaN,NaN,NaN,NaN,NaN,NaN,NaN,NaN,NaN,NaN,NaN,NaN,NaN,NaN,NaN,NaN,NaN
4898,4898,ImageProcessor_Viz,frame_processed,0,128,7,0.366877,NaN,9,NaN,NaN,NaN,NaN,NaN,NaN,NaN,NaN,NaN,NaN,NaN,NaN,NaN,NaN,NaN,NaN,NaN
4912,4913,InferenceEngine,inference_complete,0,128,NaN,NaN,NaN,0,22.018,40.55,0.960772,12,NaN,NaN,NaN,NaN,NaN,NaN,NaN,NaN,NaN,NaN,NaN,NaN,NaN
4912,4888,Logic,frame_complete,-268457733656721424,128,7,0.812212,75,0,22,40.55,0.960772,12,0,0,0,0.5,0.5,0,0,0,0,61.15,25,51.5966,0
4922,4922,CameraCapture,frame_captured,0,129,7,0.291308,75,NaN,NaN,NaN,NaN,NaN,NaN,NaN,NaN,NaN,NaN,NaN,NaN,NaN,NaN,NaN,NaN,NaN,NaN
4923,4924,ImageProcessor_TPU,frame_processed,0,129,7,1.26033,75,0,NaN,NaN,NaN,NaN,NaN,NaN,NaN,NaN,NaN,NaN,NaN,NaN,NaN,NaN,NaN,NaN,NaN
4930,4931,ImageProcessor_Viz,frame_processed,0,129,7,0.377618,NaN,8,NaN,NaN,NaN,NaN,NaN,NaN,NaN,NaN,NaN,NaN,NaN,NaN,NaN,NaN,NaN,NaN,NaN
4948,4948,InferenceEngine,inference_complete,0,129,NaN,NaN,NaN,0,23.942,40.55,0.968615,12,NaN,NaN,NaN,NaN,NaN,NaN,NaN,NaN,NaN,NaN,NaN,NaN,NaN
4948,4921,Logic,frame_complete,-268457733656721424,129,7,1.26033,75,0,24,40.55,0.968615,12,1.43818,0.410853,0.0324154,0.5,0.5,35.678,0,0,0,61.15,25,51.5966,0
4955,4955,CameraCapture,frame_captured,0,130,7,0.18362,75,NaN,NaN,NaN,NaN,NaN,NaN,NaN,NaN,NaN,NaN,NaN,NaN,NaN,NaN,NaN,NaN,NaN,NaN
4956,4957,ImageProcessor_TPU,frame_processed,0,130,7,1.29699,75,0,NaN,NaN,NaN,NaN,NaN,NaN,NaN,NaN,NaN,NaN,NaN,NaN,NaN,NaN,NaN,NaN,NaN
4963,4964,ImageProcessor_Viz,frame_processed,0,130,7,0.369395,NaN,9,NaN,NaN,NaN,NaN,NaN,NaN,NaN,NaN,NaN,NaN,NaN,NaN,NaN,NaN,NaN,NaN,NaN
4979,4979,InferenceEngine,inference_complete,0,130,NaN,NaN,NaN,0,21.94,40.55,0.992145,13,NaN,NaN,NaN,NaN,NaN,NaN,NaN,NaN,NaN,NaN,NaN,NaN,NaN
4979,4954,Logic,frame_complete,-268457733656721424,130,7,1.29699,75,0,22,40.55,0.992145,13,1.43818,0.410853,0.0324154,0.5,0.5,31.068,0,0,0,61.15,25,51.5966,0
4988,4989,CameraCapture,frame_captured,0,131,7,0.181882,75,NaN,NaN,NaN,NaN,NaN,NaN,NaN,NaN,NaN,NaN,NaN,NaN,NaN,NaN,NaN,NaN,NaN,NaN
4989,4990,ImageProcessor_TPU,frame_processed,0,131,7,1.26177,75,1,NaN,NaN,NaN,NaN,NaN,NaN,NaN,NaN,NaN,NaN,NaN,NaN,NaN,NaN,NaN,NaN,NaN
4997,4998,ImageProcessor_Viz,frame_processed,0,131,7,0.358839,NaN,8,NaN,NaN,NaN,NaN,NaN,NaN,NaN,NaN,NaN,NaN,NaN,NaN,NaN,NaN,NaN,NaN,NaN
5012,5013,InferenceEngine,inference_complete,0,131,NaN,NaN,NaN,1,22.164,40.55,0.960772,13,NaN,NaN,NaN,NaN,NaN,NaN,NaN,NaN,NaN,NaN,NaN,NaN,NaN
5012,4987,Logic,frame_complete,-268457733656721424,131,7,1.26177,75,1,22,40.55,0.960772,13,1.44478,-0.0231216,-0.000448938,0.487271,0.406736,33.325,0,0,0,61.15,25,51.5966,0
5022,5022,CameraCapture,frame_captured,0,132,7,0.180447,75,NaN,NaN,NaN,NaN,NaN,NaN,NaN,NaN,NaN,NaN,NaN,NaN,NaN,NaN,NaN,NaN,NaN,NaN
5023,5024,ImageProcessor_TPU,frame_processed,0,132,7,1.20789,75,0,NaN,NaN,NaN,NaN,NaN,NaN,NaN,NaN,NaN,NaN,NaN,NaN,NaN,NaN,NaN,NaN,NaN
5030,5031,ImageProcessor_Viz,frame_processed,0,132,7,0.361914,NaN,9,NaN,NaN,NaN,NaN,NaN,NaN,NaN,NaN,NaN,NaN,NaN,NaN,NaN,NaN,NaN,NaN,NaN
5046,5047,InferenceEngine,inference_complete,0,132,NaN,NaN,NaN,0,22.835,40.55,0.996066,13,NaN,NaN,NaN,NaN,NaN,NaN,NaN,NaN,NaN,NaN,NaN,NaN,NaN
5047,5021,Logic,frame_complete,-268457733656721424,132,7,1.20789,75,0,22,40.55,0.996066,13,1.44478,-0.025411,-0.000448942,0.485253,0.397707,34.507,0,0,0,61.15,25,51.5966,0
5055,5056,CameraCapture,frame_captured,0,133,7,0.18805,75,NaN,NaN,NaN,NaN,NaN,NaN,NaN,NaN,NaN,NaN,NaN,NaN,NaN,NaN,NaN,NaN,NaN,NaN
5057,5058,ImageProcessor_TPU,frame_processed,0,133,7,0.809599,75,1,NaN,NaN,NaN,NaN,NaN,NaN,NaN,NaN,NaN,NaN,NaN,NaN,NaN,NaN,NaN,NaN,NaN
5065,5065,ImageProcessor_Viz,frame_processed,0,133,7,0.379044,NaN,9,NaN,NaN,NaN,NaN,NaN,NaN,NaN,NaN,NaN,NaN,NaN,NaN,NaN,NaN,NaN,NaN,NaN
5078,5079,InferenceEngine,inference_complete,0,133,NaN,NaN,NaN,1,21.426,40.55,0,0,NaN,NaN,NaN,NaN,NaN,NaN,NaN,NaN,NaN,NaN,NaN,NaN,NaN
5079,5055,Logic,frame_complete,-268457733656721424,133,7,0.809599,75,1,22,40.55,0,0,1.44478,-0.025411,-0.000448942,0.485253,0.397707,31.556,0,0,0,61.15,25,51.5966,0
5088,5089,CameraCapture,frame_captured,0,134,7,0.186575,75,NaN,NaN,NaN,NaN,NaN,NaN,NaN,NaN,NaN,NaN,NaN,NaN,NaN,NaN,NaN,NaN,NaN,NaN
5089,5090,ImageProcessor_TPU,frame_processed,0,134,7,1.15126,75,1,NaN,NaN,NaN,NaN,NaN,NaN,NaN,NaN,NaN,NaN,NaN,NaN,NaN,NaN,NaN,NaN,NaN
5097,5097,ImageProcessor_Viz,frame_processed,0,134,7,0.357691,NaN,8,NaN,NaN,NaN,NaN,NaN,NaN,NaN,NaN,NaN,NaN,NaN,NaN,NaN,NaN,NaN,NaN,NaN
5111,5112,InferenceEngine,inference_complete,0,134,NaN,NaN,NaN,1,21.406,40.55,0,0,NaN,NaN,NaN,NaN,NaN,NaN,NaN,NaN,NaN,NaN,NaN,NaN,NaN
5111,5087,Logic,frame_complete,-268457733656721424,134,7,1.15126,75,1,21,40.55,0,0,1.44478,-0.025411,-0.000448942,0.485253,0.397707,32.551,0,0,0,61.15,25,51.5966,0
5121,5122,CameraCapture,frame_captured,0,135,7,0.183891,75,NaN,NaN,NaN,NaN,NaN,NaN,NaN,NaN,NaN,NaN,NaN,NaN,NaN,NaN,NaN,NaN,NaN,NaN
5123,5123,ImageProcessor_TPU,frame_processed,0,135,7,0.847218,75,1,NaN,NaN,NaN,NaN,NaN,NaN,NaN,NaN,NaN,NaN,NaN,NaN,NaN,NaN,NaN,NaN,NaN
5130,5131,ImageProcessor_Viz,frame_processed,0,135,7,0.364599,NaN,8,NaN,NaN,NaN,NaN,NaN,NaN,NaN,NaN,NaN,NaN,NaN,NaN,NaN,NaN,NaN,NaN,NaN
5145,5146,InferenceEngine,inference_complete,0,135,NaN,NaN,NaN,1,22.273,40.55,0.988223,13,NaN,NaN,NaN,NaN,NaN,NaN,NaN,NaN,NaN,NaN,NaN,NaN,NaN
5146,5120,Logic,frame_complete,-268457733656721424,135,7,0.847218,75,1,22,40.55,0.988223,13,1.44478,-0.033677,-0.000448942,0.47751,0.364729,34.522,0,0,0,61.15,25,51.5966,0
5156,5156,CameraCapture,frame_captured,0,136,7,0.186985,75,NaN,NaN,NaN,NaN,NaN,NaN,NaN,NaN,NaN,NaN,NaN,NaN,NaN,NaN,NaN,NaN,NaN,NaN
5157,5158,ImageProcessor_TPU,frame_processed,0,136,7,1.52436,75,0,NaN,NaN,NaN,NaN,NaN,NaN,NaN,NaN,NaN,NaN,NaN,NaN,NaN,NaN,NaN,NaN,NaN
5164,5165,ImageProcessor_Viz,frame_processed,0,136,7,0.361432,NaN,9,NaN,NaN,NaN,NaN,NaN,NaN,NaN,NaN,NaN,NaN,NaN,NaN,NaN,NaN,NaN,NaN,NaN
5179,5180,InferenceEngine,inference_complete,0,136,NaN,NaN,NaN,0,21.892,40.55,0.941165,13,NaN,NaN,NaN,NaN,NaN,NaN,NaN,NaN,NaN,NaN,NaN,NaN,NaN
5180,5155,Logic,frame_complete,-268457733656721424,136,7,1.52436,75,0,22,40.55,0.941165,13,1.46532,-0.0187864,0.00052727,0.488393,0.40683,34.306,0,0,0,61.15,25,51.5966,0
5188,5189,CameraCapture,frame_captured,0,137,7,0.190358,75,NaN,NaN,NaN,NaN,NaN,NaN,NaN,NaN,NaN,NaN,NaN,NaN,NaN,NaN,NaN,NaN,NaN,NaN
5189,5190,ImageProcessor_TPU,frame_processed,0,137,7,1.16099,75,1,NaN,NaN,NaN,NaN,NaN,NaN,NaN,NaN,NaN,NaN,NaN,NaN,NaN,NaN,NaN,NaN,NaN
5197,5197,ImageProcessor_Viz,frame_processed,0,137,7,0.371433,NaN,9,NaN,NaN,NaN,NaN,NaN,NaN,NaN,NaN,NaN,NaN,NaN,NaN,NaN,NaN,NaN,NaN,NaN
5211,5211,InferenceEngine,inference_complete,0,137,NaN,NaN,NaN,1,20.917,40.55,0.941165,13,NaN,NaN,NaN,NaN,NaN,NaN,NaN,NaN,NaN,NaN,NaN,NaN,NaN
5211,5187,Logic,frame_complete,-268457733656721424,137,7,1.16099,75,1,21,40.55,0.941165,13,1.46532,-0.0221622,0.000108577,0.490121,0.406159,31.145,0,0,0,61.15,25,51.5966,0
5221,5222,CameraCapture,frame_captured,0,138,7,0.157251,75,NaN,NaN,NaN,NaN,NaN,NaN,NaN,NaN,NaN,NaN,NaN,NaN,NaN,NaN,NaN,NaN,NaN,NaN
5222,5223,ImageProcessor_TPU,frame_processed,0,138,7,0.766391,75,0,NaN,NaN,NaN,NaN,NaN,NaN,NaN,NaN,NaN,NaN,NaN,NaN,NaN,NaN,NaN,NaN,NaN
5229,5230,ImageProcessor_Viz,frame_processed,0,138,7,0.336951,NaN,7,NaN,NaN,NaN,NaN,NaN,NaN,NaN,NaN,NaN,NaN,NaN,NaN,NaN,NaN,NaN,NaN,NaN
5241,5242,InferenceEngine,inference_complete,0,138,NaN,NaN,NaN,0,18.635,40.55,0.949008,13,NaN,NaN,NaN,NaN,NaN,NaN,NaN,NaN,NaN,NaN,NaN,NaN,NaN
5242,5220,Logic,frame_complete,-268457733656721424,138,7,0.766391,75,0,18,40.55,0.949008,13,1.4515,-0.0206075,-2.69078e-05,0.490092,0.406429,30.53,0,0,0,61.15,25,51.5966,0
5255,5255,CameraCapture,frame_captured,0,139,7,0.155104,75,NaN,NaN,NaN,NaN,NaN,NaN,NaN,NaN,NaN,NaN,NaN,NaN,NaN,NaN,NaN,NaN,NaN,NaN
5256,5256,ImageProcessor_TPU,frame_processed,0,139,7,0.78506,75,0,NaN,NaN,NaN,NaN,NaN,NaN,NaN,NaN,NaN,NaN,NaN,NaN,NaN,NaN,NaN,NaN,NaN
5262,5263,ImageProcessor_Viz,frame_processed,0,139,7,0.343562,NaN,7,NaN,NaN,NaN,NaN,NaN,NaN,NaN,NaN,NaN,NaN,NaN,NaN,NaN,NaN,NaN,NaN,NaN
5275,5276,InferenceEngine,inference_complete,0,139,NaN,NaN,NaN,0,18.801,40.55,0.956851,13,NaN,NaN,NaN,NaN,NaN,NaN,NaN,NaN,NaN,NaN,NaN,NaN,NaN
5275,5254,Logic,frame_complete,-268457733656721424,139,7,0.78506,75,0,19,40.55,0.956851,13,1.4515,-0.0221396,1.09337e-05,0.4901,0.404457,33.524,0,0,0,61.15,25,51.5966,0
5289,5290,CameraCapture,frame_captured,0,140,7,0.144736,75,NaN,NaN,NaN,NaN,NaN,NaN,NaN,NaN,NaN,NaN,NaN,NaN,NaN,NaN,NaN,NaN,NaN,NaN
5290,5291,ImageProcessor_TPU,frame_processed,0,140,7,0.766988,75,0,NaN,NaN,NaN,NaN,NaN,NaN,NaN,NaN,NaN,NaN,NaN,NaN,NaN,NaN,NaN,NaN,NaN
5297,5298,ImageProcessor_Viz,frame_processed,0,140,7,0.336376,NaN,8,NaN,NaN,NaN,NaN,NaN,NaN,NaN,NaN,NaN,NaN,NaN,NaN,NaN,NaN,NaN,NaN,NaN
5309,5310,InferenceEngine,inference_complete,0,140,NaN,NaN,NaN,0,18.785,40.55,0.949008,13,NaN,NaN,NaN,NaN,NaN,NaN,NaN,NaN,NaN,NaN,NaN,NaN,NaN
5309,5288,Logic,frame_complete,-268457733656721424,140,7,0.766988,75,0,19,40.55,0.949008,13,1.4515,-0.0206361,-4.4331e-06,0.490097,0.406423,34.216,0,0,0,61.15,25,51.5966,0
5320,5321,CameraCapture,frame_captured,0,141,7,0.155444,75,NaN,NaN,NaN,NaN,NaN,NaN,NaN,NaN,NaN,NaN,NaN,NaN,NaN,NaN,NaN,NaN,NaN,NaN
5321,5322,ImageProcessor_TPU,frame_processed,0,141,7,0.769103,75,1,NaN,NaN,NaN,NaN,NaN,NaN,NaN,NaN,NaN,NaN,NaN,NaN,NaN,NaN,NaN,NaN,NaN
5329,5329,ImageProcessor_Viz,frame_processed,0,141,7,0.334414,NaN,8,NaN,NaN,NaN,NaN,NaN,NaN,NaN,NaN,NaN,NaN,NaN,NaN,NaN,NaN,NaN,NaN,NaN
5340,5341,InferenceEngine,inference_complete,0,141,NaN,NaN,NaN,1,18.772,40.55,0.933322,13,NaN,NaN,NaN,NaN,NaN,NaN,NaN,NaN,NaN,NaN,NaN,NaN,NaN
5341,5320,Logic,frame_complete,-268457733656721424,141,7,0.769103,75,1,18,40.55,0.933322,13,1.4515,-0.021368,-0.000156432,0.489154,0.406276,31.357,0,0,0,61.15,25,51.5966,0
5355,5355,CameraCapture,frame_captured,0,142,7,0.145722,75,NaN,NaN,NaN,NaN,NaN,NaN,NaN,NaN,NaN,NaN,NaN,NaN,NaN,NaN,NaN,NaN,NaN,NaN
5355,5356,ImageProcessor_TPU,frame_processed,0,142,7,0.732418,75,1,NaN,NaN,NaN,NaN,NaN,NaN,NaN,NaN,NaN,NaN,NaN,NaN,NaN,NaN,NaN,NaN,NaN
5362,5363,ImageProcessor_Viz,frame_processed,0,142,7,0.340025,NaN,8,NaN,NaN,NaN,NaN,NaN,NaN,NaN,NaN,NaN,NaN,NaN,NaN,NaN,NaN,NaN,NaN,NaN
5375,5375,InferenceEngine,inference_complete,0,142,NaN,NaN,NaN,1,18.887,40.55,0.960772,13,NaN,NaN,NaN,NaN,NaN,NaN,NaN,NaN,NaN,NaN,NaN,NaN,NaN
5375,5354,Logic,frame_complete,-268457733656721424,142,7,0.732418,75,1,19,40.55,0.960772,13,1.4515,-0.0165182,6.37807e-05,0.489202,0.417367,34.325,0,0,0,61.15,25,51.5966,0
5388,5389,CameraCapture,frame_captured,0,143,7,0.150002,75,NaN,NaN,NaN,NaN,NaN,NaN,NaN,NaN,NaN,NaN,NaN,NaN,NaN,NaN,NaN,NaN,NaN,NaN
5389,5390,ImageProcessor_TPU,frame_processed,0,143,7,0.762958,75,0,NaN,NaN,NaN,NaN,NaN,NaN,NaN,NaN,NaN,NaN,NaN,NaN,NaN,NaN,NaN,NaN,NaN
5396,5397,ImageProcessor_Viz,frame_processed,0,143,7,0.328061,NaN,8,NaN,NaN,NaN,NaN,NaN,NaN,NaN,NaN,NaN,NaN,NaN,NaN,NaN,NaN,NaN,NaN,NaN
5408,5409,InferenceEngine,inference_complete,0,143,NaN,NaN,NaN,0,18.722,40.55,0.960772,13,NaN,NaN,NaN,NaN,NaN,NaN,NaN,NaN,NaN,NaN,NaN,NaN,NaN
5408,5387,Logic,frame_complete,-268457733656721424,143,7,0.762958,75,0,19,40.55,0.960772,13,1.4515,-0.0188338,-2.59168e-05,0.489182,0.417743,33.212,0,0,0,61.15,25,51.5966,0
5421,5422,CameraCapture,frame_captured,0,144,7,0.151258,75,NaN,NaN,NaN,NaN,NaN,NaN,NaN,NaN,NaN,NaN,NaN,NaN,NaN,NaN,NaN,NaN,NaN,NaN
5422,5423,ImageProcessor_TPU,frame_processed,0,144,7,0.723694,75,0,NaN,NaN,NaN,NaN,NaN,NaN,NaN,NaN,NaN,NaN,NaN,NaN,NaN,NaN,NaN,NaN,NaN
5429,5430,ImageProcessor_Viz,frame_processed,0,144,7,0.326821,NaN,8,NaN,NaN,NaN,NaN,NaN,NaN,NaN,NaN,NaN,NaN,NaN,NaN,NaN,NaN,NaN,NaN,NaN
5431,5432,SystemMonitor,system_stats,0,NaN,NaN,NaN,NaN,NaN,NaN,NaN,NaN,NaN,NaN,NaN,NaN,NaN,NaN,NaN,NaN,NaN,NaN,63.35,26.1484,53.2603,0
5441,5442,InferenceEngine,inference_complete,0,144,NaN,NaN,NaN,0,18.775,40.55,0.949008,13,NaN,NaN,NaN,NaN,NaN,NaN,NaN,NaN,NaN,NaN,NaN,NaN,NaN
5441,5420,Logic,frame_complete,-268457733656721424,144,7,0.723694,75,0,19,40.55,0.949008,13,1.46532,-0.0185029,-6.48946e-06,0.489187,0.416996,33.041,0,0,0,63.35,26.1484,53.2603,0
5455,5455,CameraCapture,frame_captured,0,145,7,0.142655,75,NaN,NaN,NaN,NaN,NaN,NaN,NaN,NaN,NaN,NaN,NaN,NaN,NaN,NaN,NaN,NaN,NaN,NaN
5456,5456,ImageProcessor_TPU,frame_processed,0,145,7,0.864723,75,1,NaN,NaN,NaN,NaN,NaN,NaN,NaN,NaN,NaN,NaN,NaN,NaN,NaN,NaN,NaN,NaN,NaN
5462,5463,ImageProcessor_Viz,frame_processed,0,145,7,0.343599,NaN,7,NaN,NaN,NaN,NaN,NaN,NaN,NaN,NaN,NaN,NaN,NaN,NaN,NaN,NaN,NaN,NaN,NaN
5475,5476,InferenceEngine,inference_complete,0,145,NaN,NaN,NaN,1,19.043,40.55,0.968615,13,NaN,NaN,NaN,NaN,NaN,NaN,NaN,NaN,NaN,NaN,NaN,NaN,NaN
5480,5454,Logic,frame_complete,-268457733656721424,145,7,0.864723,75,1,19,40.55,0.968615,13,1.46532,-0.0188408,0.000152417,0.490131,0.416078,38.419,0,0,0,63.35,26.1484,53.2603,0
5487,5488,CameraCapture,frame_captured,0,146,7,0.237825,75,NaN,NaN,NaN,NaN,NaN,NaN,NaN,NaN,NaN,NaN,NaN,NaN,NaN,NaN,NaN,NaN,NaN,NaN
5488,5489,ImageProcessor_TPU,frame_processed,0,146,7,0.881522,75,0,NaN,NaN,NaN,NaN,NaN,NaN,NaN,NaN,NaN,NaN,NaN,NaN,NaN,NaN,NaN,NaN,NaN
5495,5495,ImageProcessor_Viz,frame_processed,0,146,7,0.34384,NaN,7,NaN,NaN,NaN,NaN,NaN,NaN,NaN,NaN,NaN,NaN,NaN,NaN,NaN,NaN,NaN,NaN,NaN
5507,5508,InferenceEngine,inference_complete,0,146,NaN,NaN,NaN,0,18.74,40.55,0.956851,13,NaN,NaN,NaN,NaN,NaN,NaN,NaN,NaN,NaN,NaN,NaN,NaN,NaN
5508,5486,Logic,frame_complete,-268457733656721424,146,7,0.881522,75,0,18,40.55,0.956851,13,1.47968,-0.0192105,-7.94269e-05,0.49008,0.415193,27.721,0,0,0,63.35,26.1484,53.2603,0
5520,5521,CameraCapture,frame_captured,0,147,7,0.151525,75,NaN,NaN,NaN,NaN,NaN,NaN,NaN,NaN,NaN,NaN,NaN,NaN,NaN,NaN,NaN,NaN,NaN,NaN
5521,5522,ImageProcessor_TPU,frame_processed,0,147,7,0.762481,75,0,NaN,NaN,NaN,NaN,NaN,NaN,NaN,NaN,NaN,NaN,NaN,NaN,NaN,NaN,NaN,NaN,NaN
5528,5529,ImageProcessor_Viz,frame_processed,0,147,7,0.329969,NaN,7,NaN,NaN,NaN,NaN,NaN,NaN,NaN,NaN,NaN,NaN,NaN,NaN,NaN,NaN,NaN,NaN,NaN
5540,5541,InferenceEngine,inference_complete,0,147,NaN,NaN,NaN,0,18.855,40.55,0.960772,13,NaN,NaN,NaN,NaN,NaN,NaN,NaN,NaN,NaN,NaN,NaN,NaN,NaN
5541,5519,Logic,frame_complete,-268457733656721424,147,7,0.762481,75,0,18,40.55,0.960772,13,1.51526,-0.0184776,-0.000171918,0.489152,0.417125,33.122,0,0,0,63.35,26.1484,53.2603,0
5555,5556,CameraCapture,frame_captured,0,148,7,0.148927,75,NaN,NaN,NaN,NaN,NaN,NaN,NaN,NaN,NaN,NaN,NaN,NaN,NaN,NaN,NaN,NaN,NaN,NaN
5556,5557,ImageProcessor_TPU,frame_processed,0,148,7,0.782698,75,0,NaN,NaN,NaN,NaN,NaN,NaN,NaN,NaN,NaN,NaN,NaN,NaN,NaN,NaN,NaN,NaN,NaN
5566,5567,ImageProcessor_Viz,frame_processed,0,148,7,0.349525,NaN,11,NaN,NaN,NaN,NaN,NaN,NaN,NaN,NaN,NaN,NaN,NaN,NaN,NaN,NaN,NaN,NaN,NaN
5577,5578,InferenceEngine,inference_complete,0,148,NaN,NaN,NaN,0,20.248,40.55,0.956851,13,NaN,NaN,NaN,NaN,NaN,NaN,NaN,NaN,NaN,NaN,NaN,NaN,NaN
5577,5554,Logic,frame_complete,-268457733656721424,148,7,0.782698,75,0,20,40.55,0.956851,13,1.51526,-0.0186156,0.000217576,0.490143,0.417098,36.546,0,0,0,63.35,26.1484,53.2603,0
5587,5588,CameraCapture,frame_captured,0,149,7,0.17549,75,NaN,NaN,NaN,NaN,NaN,NaN,NaN,NaN,NaN,NaN,NaN,NaN,NaN,NaN,NaN,NaN,NaN,NaN
5588,5589,ImageProcessor_TPU,frame_processed,0,149,7,0.895985,75,0,NaN,NaN,NaN,NaN,NaN,NaN,NaN,NaN,NaN,NaN,NaN,NaN,NaN,NaN,NaN,NaN,NaN
5597,5598,ImageProcessor_Viz,frame_processed,0,149,7,0.337136,NaN,10,NaN,NaN,NaN,NaN,NaN,NaN,NaN,NaN,NaN,NaN,NaN,NaN,NaN,NaN,NaN,NaN,NaN
5607,5608,InferenceEngine,inference_complete,0,149,NaN,NaN,NaN,0,18.841,40.55,0.949008,13,NaN,NaN,NaN,NaN,NaN,NaN,NaN,NaN,NaN,NaN,NaN,NaN,NaN
5608,5586,Logic,frame_complete,-268457733656721424,149,7,0.895985,75,0,19,40.55,0.949008,13,1.51526,-0.0235287,-8.84719e-05,0.490079,0.406041,30.204,0,0,0,63.35,26.1484,53.2603,0
5620,5621,CameraCapture,frame_captured,0,150,7,0.143766,75,NaN,NaN,NaN,NaN,NaN,NaN,NaN,NaN,NaN,NaN,NaN,NaN,NaN,NaN,NaN,NaN,NaN,NaN
5621,5622,ImageProcessor_TPU,frame_processed,0,150,7,0.770482,75,0,NaN,NaN,NaN,NaN,NaN,NaN,NaN,NaN,NaN,NaN,NaN,NaN,NaN,NaN,NaN,NaN,NaN
5628,5629,ImageProcessor_Viz,frame_processed,0,150,7,0.345228,NaN,7,NaN,NaN,NaN,NaN,NaN,NaN,NaN,NaN,NaN,NaN,NaN,NaN,NaN,NaN,NaN,NaN,NaN
5640,5641,InferenceEngine,inference_complete,0,150,NaN,NaN,NaN,0,18.685,40.55,0.960772,13,NaN,NaN,NaN,NaN,NaN,NaN,NaN,NaN,NaN,NaN,NaN,NaN,NaN
5641,5619,Logic,frame_complete,-268457733656721424,150,7,0.770482,75,0,19,40.55,0.960772,13,1.52265,-0.0156645,-0.00013857,0.489159,0.417692,32.88,0,0,0,63.35,26.1484,53.2603,0
5654,5655,CameraCapture,frame_captured,0,151,7,0.145267,75,NaN,NaN,NaN,NaN,NaN,NaN,NaN,NaN,NaN,NaN,NaN,NaN,NaN,NaN,NaN,NaN,NaN,NaN
5656,5656,ImageProcessor_TPU,frame_processed,0,151,7,0.77126,75,1,NaN,NaN,NaN,NaN,NaN,NaN,NaN,NaN,NaN,NaN,NaN,NaN,NaN,NaN,NaN,NaN,NaN
5663,5664,ImageProcessor_Viz,frame_processed,0,151,7,0.356618,NaN,7,NaN,NaN,NaN,NaN,NaN,NaN,NaN,NaN,NaN,NaN,NaN,NaN,NaN,NaN,NaN,NaN,NaN
5675,5676,InferenceEngine,inference_complete,0,151,NaN,NaN,NaN,1,18.958,40.55,0.933322,13,NaN,NaN,NaN,NaN,NaN,NaN,NaN,NaN,NaN,NaN,NaN,NaN,NaN
5675,5654,Logic,frame_complete,-268457733656721424,151,7,0.77126,75,1,19,40.55,0.933322,13,1.53019,-0.01987,4.73186e-05,0.489198,0.41689,34.729,0,0,0,63.35,26.1484,53.2603,0
5688,5688,CameraCapture,frame_captured,0,152,7,0.238171,75,NaN,NaN,NaN,NaN,NaN,NaN,NaN,NaN,NaN,NaN,NaN,NaN,NaN,NaN,NaN,NaN,NaN,NaN
5689,5690,ImageProcessor_TPU,frame_processed,0,152,7,0.83209,75,0,NaN,NaN,NaN,NaN,NaN,NaN,NaN,NaN,NaN,NaN,NaN,NaN,NaN,NaN,NaN,NaN,NaN
5696,5696,ImageProcessor_Viz,frame_processed,0,152,7,0.348432,NaN,8,NaN,NaN,NaN,NaN,NaN,NaN,NaN,NaN,NaN,NaN,NaN,NaN,NaN,NaN,NaN,NaN,NaN
5708,5709,InferenceEngine,inference_complete,0,152,NaN,NaN,NaN,0,18.703,40.55,0.941165,13,NaN,NaN,NaN,NaN,NaN,NaN,NaN,NaN,NaN,NaN,NaN,NaN,NaN
5708,5687,Logic,frame_complete,-268457733656721424,152,7,0.83209,75,0,19,40.55,0.941165,13,1.52265,-0.018812,-9.33185e-06,0.489186,0.415379,32.733,0,0,0,63.35,26.1484,53.2603,0
5720,5721,CameraCapture,frame_captured,0,153,7,0.243696,75,NaN,NaN,NaN,NaN,NaN,NaN,NaN,NaN,NaN,NaN,NaN,NaN,NaN,NaN,NaN,NaN,NaN,NaN
5721,5722,ImageProcessor_TPU,frame_processed,0,153,7,0.829837,75,0,NaN,NaN,NaN,NaN,NaN,NaN,NaN,NaN,NaN,NaN,NaN,NaN,NaN,NaN,NaN,NaN,NaN
5728,5729,ImageProcessor_Viz,frame_processed,0,153,7,0.344654,NaN,7,NaN,NaN,NaN,NaN,NaN,NaN,NaN,NaN,NaN,NaN,NaN,NaN,NaN,NaN,NaN,NaN,NaN
5740,5741,InferenceEngine,inference_complete,0,153,NaN,NaN,NaN,0,18.664,40.55,0.949008,13,NaN,NaN,NaN,NaN,NaN,NaN,NaN,NaN,NaN,NaN,NaN,NaN,NaN
5741,5719,Logic,frame_complete,-268457733656721424,153,7,0.829837,75,0,18,40.55,0.949008,13,1.51526,-0.0190522,1.34148e-05,0.489191,0.415314,32.486,0,0,0,63.35,26.1484,53.2603,0
5753,5754,CameraCapture,frame_captured,0,154,7,0.185879,75,NaN,NaN,NaN,NaN,NaN,NaN,NaN,NaN,NaN,NaN,NaN,NaN,NaN,NaN,NaN,NaN,NaN,NaN
5755,5756,ImageProcessor_TPU,frame_processed,0,154,7,1.1954,75,0,NaN,NaN,NaN,NaN,NaN,NaN,NaN,NaN,NaN,NaN,NaN,NaN,NaN,NaN,NaN,NaN,NaN
5761,5762,ImageProcessor_Viz,frame_processed,0,154,7,0.332377,NaN,7,NaN,NaN,NaN,NaN,NaN,NaN,NaN,NaN,NaN,NaN,NaN,NaN,NaN,NaN,NaN,NaN,NaN
5774,5775,InferenceEngine,inference_complete,0,154,NaN,NaN,NaN,0,18.992,40.55,0.933322,13,NaN,NaN,NaN,NaN,NaN,NaN,NaN,NaN,NaN,NaN,NaN,NaN,NaN
5775,5753,Logic,frame_complete,-268457733656721424,154,7,1.1954,75,0,19,40.55,0.933322,13,1.50787,-0.022856,0.000161257,0.490131,0.406149,34.013,0,0,0,63.35,26.1484,53.2603,0
5788,5788,CameraCapture,frame_captured,0,155,7,0.150452,75,NaN,NaN,NaN,NaN,NaN,NaN,NaN,NaN,NaN,NaN,NaN,NaN,NaN,NaN,NaN,NaN,NaN,NaN
5789,5790,ImageProcessor_TPU,frame_processed,0,155,7,0.830946,75,0,NaN,NaN,NaN,NaN,NaN,NaN,NaN,NaN,NaN,NaN,NaN,NaN,NaN,NaN,NaN,NaN,NaN
5795,5796,ImageProcessor_Viz,frame_processed,0,155,7,0.329876,NaN,7,NaN,NaN,NaN,NaN,NaN,NaN,NaN,NaN,NaN,NaN,NaN,NaN,NaN,NaN,NaN,NaN,NaN
5808,5809,InferenceEngine,inference_complete,0,155,NaN,NaN,NaN,0,18.901,40.55,0.956851,13,NaN,NaN,NaN,NaN,NaN,NaN,NaN,NaN,NaN,NaN,NaN,NaN,NaN
5808,5787,Logic,frame_complete,-268457733656721424,155,7,0.830946,75,0,19,40.55,0.956851,13,1.50787,-0.0159161,-6.55949e-05,0.490084,0.417612,33.737,0,0,0,63.35,26.1484,53.2603,0
5821,5822,CameraCapture,frame_captured,0,156,7,0.158892,75,NaN,NaN,NaN,NaN,NaN,NaN,NaN,NaN,NaN,NaN,NaN,NaN,NaN,NaN,NaN,NaN,NaN,NaN
5822,5823,ImageProcessor_TPU,frame_processed,0,156,7,0.826052,75,0,NaN,NaN,NaN,NaN,NaN,NaN,NaN,NaN,NaN,NaN,NaN,NaN,NaN,NaN,NaN,NaN,NaN
5828,5829,ImageProcessor_Viz,frame_processed,0,156,7,0.331821,NaN,7,NaN,NaN,NaN,NaN,NaN,NaN,NaN,NaN,NaN,NaN,NaN,NaN,NaN,NaN,NaN,NaN,NaN
5841,5842,InferenceEngine,inference_complete,0,156,NaN,NaN,NaN,0,18.831,40.55,0.956851,13,NaN,NaN,NaN,NaN,NaN,NaN,NaN,NaN,NaN,NaN,NaN,NaN,NaN
5841,5820,Logic,frame_complete,-268457733656721424,156,7,0.826052,75,0,19,40.55,0.956851,13,1.50787,-0.0196327,-0.000135913,0.489159,0.416879,32.88,0,0,0,63.35,26.1484,53.2603,0
5854,5855,CameraCapture,frame_captured,0,157,7,0.142156,75,NaN,NaN,NaN,NaN,NaN,NaN,NaN,NaN,NaN,NaN,NaN,NaN,NaN,NaN,NaN,NaN,NaN,NaN
5855,5856,ImageProcessor_TPU,frame_processed,0,157,7,0.782723,75,1,NaN,NaN,NaN,NaN,NaN,NaN,NaN,NaN,NaN,NaN,NaN,NaN,NaN,NaN,NaN,NaN,NaN
5862,5863,ImageProcessor_Viz,frame_processed,0,157,7,0.337654,NaN,7,NaN,NaN,NaN,NaN,NaN,NaN,NaN,NaN,NaN,NaN,NaN,NaN,NaN,NaN,NaN,NaN,NaN
5874,5875,InferenceEngine,inference_complete,0,157,NaN,NaN,NaN,1,18.72,40.55,0.949008,13,NaN,NaN,NaN,NaN,NaN,NaN,NaN,NaN,NaN,NaN,NaN,NaN,NaN
5875,5853,Logic,frame_complete,-268457733656721424,157,7,0.782723,75,1,18,40.55,0.949008,13,1.50787,-0.0236423,0.000214987,0.490143,0.404333,33.539,0,0,0,63.35,26.1484,53.2603,0
5887,5888,CameraCapture,frame_captured,0,158,7,0.165771,75,NaN,NaN,NaN,NaN,NaN,NaN,NaN,NaN,NaN,NaN,NaN,NaN,NaN,NaN,NaN,NaN,NaN,NaN
5888,5889,ImageProcessor_TPU,frame_processed,0,158,7,0.746541,75,0,NaN,NaN,NaN,NaN,NaN,NaN,NaN,NaN,NaN,NaN,NaN,NaN,NaN,NaN,NaN,NaN,NaN
5895,5895,ImageProcessor_Viz,frame_processed,0,158,7,0.333895,NaN,8,NaN,NaN,NaN,NaN,NaN,NaN,NaN,NaN,NaN,NaN,NaN,NaN,NaN,NaN,NaN,NaN,NaN
5908,5909,InferenceEngine,inference_complete,0,158,NaN,NaN,NaN,0,20.15,40.55,0.972537,13,NaN,NaN,NaN,NaN,NaN,NaN,NaN,NaN,NaN,NaN,NaN,NaN,NaN
5909,5886,Logic,frame_complete,-268457733656721424,158,7,0.746541,75,0,20,40.55,0.972537,13,1.50787,-0.0154424,-0.000246026,0.489136,0.417705,33.862,0,0,0,63.35,26.1484,53.2603,0
5920,5921,CameraCapture,frame_captured,0,159,7,0.150347,75,NaN,NaN,NaN,NaN,NaN,NaN,NaN,NaN,NaN,NaN,NaN,NaN,NaN,NaN,NaN,NaN,NaN,NaN
5921,5922,ImageProcessor_TPU,frame_processed,0,159,7,0.728672,75,0,NaN,NaN,NaN,NaN,NaN,NaN,NaN,NaN,NaN,NaN,NaN,NaN,NaN,NaN,NaN,NaN,NaN
5928,5929,ImageProcessor_Viz,frame_processed,0,159,7,0.336543,NaN,7,NaN,NaN,NaN,NaN,NaN,NaN,NaN,NaN,NaN,NaN,NaN,NaN,NaN,NaN,NaN,NaN,NaN
5942,5942,InferenceEngine,inference_complete,0,159,NaN,NaN,NaN,0,19.83,40.55,0.956851,13,NaN,NaN,NaN,NaN,NaN,NaN,NaN,NaN,NaN,NaN,NaN,NaN,NaN
5942,5919,Logic,frame_complete,-268457733656721424,159,7,0.728672,75,0,19,40.55,0.956851,13,1.50787,-0.0198274,0.000100084,0.489209,0.416841,33.045,0,0,0,63.35,26.1484,53.2603,0
5955,5956,CameraCapture,frame_captured,0,160,7,0.241412,75,NaN,NaN,NaN,NaN,NaN,NaN,NaN,NaN,NaN,NaN,NaN,NaN,NaN,NaN,NaN,NaN,NaN,NaN
5957,5958,ImageProcessor_TPU,frame_processed,0,160,7,1.43188,75,0,NaN,NaN,NaN,NaN,NaN,NaN,NaN,NaN,NaN,NaN,NaN,NaN,NaN,NaN,NaN,NaN,NaN
5963,5964,ImageProcessor_Viz,frame_processed,0,160,7,0.346969,NaN,7,NaN,NaN,NaN,NaN,NaN,NaN,NaN,NaN,NaN,NaN,NaN,NaN,NaN,NaN,NaN,NaN,NaN
5977,5978,InferenceEngine,inference_complete,0,160,NaN,NaN,NaN,0,19.328,40.55,0.941165,13,NaN,NaN,NaN,NaN,NaN,NaN,NaN,NaN,NaN,NaN,NaN,NaN,NaN
5977,5954,Logic,frame_complete,-268457733656721424,160,7,1.43188,75,0,20,40.55,0.941165,13,1.50787,-0.0180462,-4.05088e-05,0.489179,0.417192,35.139,0,0,0,63.35,26.1484,53.2603,0
5987,5988,CameraCapture,frame_captured,0,161,7,0.154313,75,NaN,NaN,NaN,NaN,NaN,NaN,NaN,NaN,NaN,NaN,NaN,NaN,NaN,NaN,NaN,NaN,NaN,NaN
5988,5989,ImageProcessor_TPU,frame_processed,0,161,7,1.03748,75,0,NaN,NaN,NaN,NaN,NaN,NaN,NaN,NaN,NaN,NaN,NaN,NaN,NaN,NaN,NaN,NaN,NaN
5994,5995,ImageProcessor_Viz,frame_processed,0,161,7,0.32621,NaN,7,NaN,NaN,NaN,NaN,NaN,NaN,NaN,NaN,NaN,NaN,NaN,NaN,NaN,NaN,NaN,NaN,NaN
6008,6008,InferenceEngine,inference_complete,0,161,NaN,NaN,NaN,0,18.983,40.55,0.933322,13,NaN,NaN,NaN,NaN,NaN,NaN,NaN,NaN,NaN,NaN,NaN,NaN,NaN
6008,5986,Logic,frame_complete,-268457733656721424,161,7,1.03748,75,0,19,40.55,0.933322,13,1.50787,-0.0187679,1.64583e-05,0.489192,0.41705,30.835,0,0,0,63.35,26.1484,53.2603,0
6020,6021,CameraCapture,frame_captured,0,162,7,0.147417,75,NaN,NaN,NaN,NaN,NaN,NaN,NaN,NaN,NaN,NaN,NaN,NaN,NaN,NaN,NaN,NaN,NaN,NaN
6021,6022,ImageProcessor_TPU,frame_processed,0,162,7,0.827207,75,0,NaN,NaN,NaN,NaN,NaN,NaN,NaN,NaN,NaN,NaN,NaN,NaN,NaN,NaN,NaN,NaN,NaN
6028,6028,ImageProcessor_Viz,frame_processed,0,162,7,0.337377,NaN,8,NaN,NaN,NaN,NaN,NaN,NaN,NaN,NaN,NaN,NaN,NaN,NaN,NaN,NaN,NaN,NaN,NaN
6040,6041,InferenceEngine,inference_complete,0,162,NaN,NaN,NaN,0,18.789,40.55,0.933322,13,NaN,NaN,NaN,NaN,NaN,NaN,NaN,NaN,NaN,NaN,NaN,NaN,NaN
6041,6019,Logic,frame_complete,-268457733656721424,162,7,0.827207,75,0,19,40.55,0.933322,13,1.5228,-0.0186498,-0.000193793,0.488238,0.417109,32.6,0,0,0,63.35,26.1484,53.2603,0
6053,6054,CameraCapture,frame_captured,0,163,7,0.241475,75,NaN,NaN,NaN,NaN,NaN,NaN,NaN,NaN,NaN,NaN,NaN,NaN,NaN,NaN,NaN,NaN,NaN,NaN
6055,6055,ImageProcessor_TPU,frame_processed,0,163,7,0.825782,75,1,NaN,NaN,NaN,NaN,NaN,NaN,NaN,NaN,NaN,NaN,NaN,NaN,NaN,NaN,NaN,NaN,NaN
6061,6062,ImageProcessor_Viz,frame_processed,0,163,7,0.333839,NaN,8,NaN,NaN,NaN,NaN,NaN,NaN,NaN,NaN,NaN,NaN,NaN,NaN,NaN,NaN,NaN,NaN,NaN
6074,6074,InferenceEngine,inference_complete,0,163,NaN,NaN,NaN,1,18.746,40.55,0.956851,13,NaN,NaN,NaN,NaN,NaN,NaN,NaN,NaN,NaN,NaN,NaN,NaN,NaN
6074,6053,Logic,frame_complete,-268457733656721424,163,7,0.825782,75,1,19,40.55,0.956851,13,1.53773,-0.0187418,0.000392962,0.490179,0.417126,33.27,0,0,0,63.35,26.1484,53.2603,0
6087,6088,CameraCapture,frame_captured,0,164,7,0.233395,75,NaN,NaN,NaN,NaN,NaN,NaN,NaN,NaN,NaN,NaN,NaN,NaN,NaN,NaN,NaN,NaN,NaN,NaN
6090,6090,ImageProcessor_TPU,frame_processed,0,164,7,1.18497,75,1,NaN,NaN,NaN,NaN,NaN,NaN,NaN,NaN,NaN,NaN,NaN,NaN,NaN,NaN,NaN,NaN,NaN
6095,6096,ImageProcessor_Viz,frame_processed,0,164,7,0.345284,NaN,7,NaN,NaN,NaN,NaN,NaN,NaN,NaN,NaN,NaN,NaN,NaN,NaN,NaN,NaN,NaN,NaN,NaN
6109,6109,InferenceEngine,inference_complete,0,164,NaN,NaN,NaN,1,18.714,40.55,0.921557,13,NaN,NaN,NaN,NaN,NaN,NaN,NaN,NaN,NaN,NaN,NaN,NaN,NaN
6109,6087,Logic,frame_complete,-268457733656721424,164,7,1.18497,75,1,19,40.55,0.921557,13,1.53773,-0.0189671,-0.000318199,0.489122,0.416234,34.956,0,0,0,63.35,26.1484,53.2603,0
6120,6121,CameraCapture,frame_captured,0,165,7,0.149048,75,NaN,NaN,NaN,NaN,NaN,NaN,NaN,NaN,NaN,NaN,NaN,NaN,NaN,NaN,NaN,NaN,NaN,NaN
6121,6122,ImageProcessor_TPU,frame_processed,0,165,7,0.697707,75,0,NaN,NaN,NaN,NaN,NaN,NaN,NaN,NaN,NaN,NaN,NaN,NaN,NaN,NaN,NaN,NaN,NaN
6129,6130,ImageProcessor_Viz,frame_processed,0,165,7,0.32958,NaN,8,NaN,NaN,NaN,NaN,NaN,NaN,NaN,NaN,NaN,NaN,NaN,NaN,NaN,NaN,NaN,NaN,NaN
6140,6141,InferenceEngine,inference_complete,0,165,NaN,NaN,NaN,0,18.838,40.55,0.956851,13,NaN,NaN,NaN,NaN,NaN,NaN,NaN,NaN,NaN,NaN,NaN,NaN,NaN
6140,6119,Logic,frame_complete,-268457733656721424,165,7,0.697707,75,0,19,40.55,0.956851,13,1.53773,-0.0179683,-4.77619e-05,0.488269,0.418127,31.463,0,0,0,63.35,26.1484,53.2603,0
6153,6154,CameraCapture,frame_captured,0,166,7,0.14501,75,NaN,NaN,NaN,NaN,NaN,NaN,NaN,NaN,NaN,NaN,NaN,NaN,NaN,NaN,NaN,NaN,NaN,NaN
6154,6155,ImageProcessor_TPU,frame_processed,0,166,7,0.717076,75,0,NaN,NaN,NaN,NaN,NaN,NaN,NaN,NaN,NaN,NaN,NaN,NaN,NaN,NaN,NaN,NaN,NaN
6161,6162,ImageProcessor_Viz,frame_processed,0,166,7,0.32934,NaN,8,NaN,NaN,NaN,NaN,NaN,NaN,NaN,NaN,NaN,NaN,NaN,NaN,NaN,NaN,NaN,NaN,NaN
6173,6174,InferenceEngine,inference_complete,0,166,NaN,NaN,NaN,0,18.774,40.55,0.949008,13,NaN,NaN,NaN,NaN,NaN,NaN,NaN,NaN,NaN,NaN,NaN,NaN,NaN
6174,6152,Logic,frame_complete,-268457733656721424,166,7,0.717076,75,0,18,40.55,0.949008,13,1.53773,-0.0189683,0.000353716,0.490171,0.417083,33.302,0,0,0,63.35,26.1484,53.2603,0
6187,6188,CameraCapture,frame_captured,0,167,7,0.142787,75,NaN,NaN,NaN,NaN,NaN,NaN,NaN,NaN,NaN,NaN,NaN,NaN,NaN,NaN,NaN,NaN,NaN,NaN
6189,6189,ImageProcessor_TPU,frame_processed,0,167,7,0.721909,75,0,NaN,NaN,NaN,NaN,NaN,NaN,NaN,NaN,NaN,NaN,NaN,NaN,NaN,NaN,NaN,NaN,NaN
6196,6196,ImageProcessor_Viz,frame_processed,0,167,7,0.336007,NaN,8,NaN,NaN,NaN,NaN,NaN,NaN,NaN,NaN,NaN,NaN,NaN,NaN,NaN,NaN,NaN,NaN,NaN
6208,6208,InferenceEngine,inference_complete,0,167,NaN,NaN,NaN,0,18.796,40.55,0.956851,13,NaN,NaN,NaN,NaN,NaN,NaN,NaN,NaN,NaN,NaN,NaN,NaN,NaN
6208,6187,Logic,frame_complete,-268457733656721424,167,7,0.721909,75,0,19,40.55,0.956851,13,1.53773,-0.018479,-0.000305794,0.489125,0.417177,34.28,0,0,0,63.35,26.1484,53.2603,0
6221,6221,CameraCapture,frame_captured,0,168,7,0.146486,75,NaN,NaN,NaN,NaN,NaN,NaN,NaN,NaN,NaN,NaN,NaN,NaN,NaN,NaN,NaN,NaN,NaN,NaN
6222,6223,ImageProcessor_TPU,frame_processed,0,168,7,0.773775,75,0,NaN,NaN,NaN,NaN,NaN,NaN,NaN,NaN,NaN,NaN,NaN,NaN,NaN,NaN,NaN,NaN,NaN
6228,6229,ImageProcessor_Viz,frame_processed,0,168,7,0.33971,NaN,7,NaN,NaN,NaN,NaN,NaN,NaN,NaN,NaN,NaN,NaN,NaN,NaN,NaN,NaN,NaN,NaN,NaN
6242,6242,InferenceEngine,inference_complete,0,168,NaN,NaN,NaN,0,19.498,40.55,0.956851,13,NaN,NaN,NaN,NaN,NaN,NaN,NaN,NaN,NaN,NaN,NaN,NaN,NaN
6242,6220,Logic,frame_complete,-268457733656721424,168,7,0.773775,75,0,20,40.55,0.956851,13,1.53773,-0.0186788,0.000288773,0.490157,0.417139,33.803,0,0,0,63.35,26.1484,53.2603,0
6253,6254,CameraCapture,frame_captured,0,169,7,0.148532,75,NaN,NaN,NaN,NaN,NaN,NaN,NaN,NaN,NaN,NaN,NaN,NaN,NaN,NaN,NaN,NaN,NaN,NaN
6255,6255,ImageProcessor_TPU,frame_processed,0,169,7,0.743191,75,1,NaN,NaN,NaN,NaN,NaN,NaN,NaN,NaN,NaN,NaN,NaN,NaN,NaN,NaN,NaN,NaN,NaN
6262,6263,ImageProcessor_Viz,frame_processed,0,169,7,0.355192,NaN,8,NaN,NaN,NaN,NaN,NaN,NaN,NaN,NaN,NaN,NaN,NaN,NaN,NaN,NaN,NaN,NaN,NaN
6274,6275,InferenceEngine,inference_complete,0,169,NaN,NaN,NaN,1,19.226,40.55,0.941165,13,NaN,NaN,NaN,NaN,NaN,NaN,NaN,NaN,NaN,NaN,NaN,NaN,NaN
6274,6253,Logic,frame_complete,-268457733656721424,169,7,0.743191,75,1,19,40.55,0.941165,13,1.53773,-0.0194163,-0.000117324,0.490073,0.415299,32.459,0,0,0,63.35,26.1484,53.2603,0
6287,6287,CameraCapture,frame_captured,0,170,7,0.193401,75,NaN,NaN,NaN,NaN,NaN,NaN,NaN,NaN,NaN,NaN,NaN,NaN,NaN,NaN,NaN,NaN,NaN,NaN
6288,6289,ImageProcessor_TPU,frame_processed,0,170,7,0.846746,75,0,NaN,NaN,NaN,NaN,NaN,NaN,NaN,NaN,NaN,NaN,NaN,NaN,NaN,NaN,NaN,NaN,NaN
6294,6295,ImageProcessor_Viz,frame_processed,0,170,7,0.34097,NaN,7,NaN,NaN,NaN,NaN,NaN,NaN,NaN,NaN,NaN,NaN,NaN,NaN,NaN,NaN,NaN,NaN,NaN
6307,6308,InferenceEngine,inference_complete,0,170,NaN,NaN,NaN,0,18.874,40.55,0.933322,13,NaN,NaN,NaN,NaN,NaN,NaN,NaN,NaN,NaN,NaN,NaN,NaN,NaN
6307,6286,Logic,frame_complete,-268457733656721424,170,7,0.846746,75,0,19,40.55,0.933322,13,1.53773,-0.0181267,-0.000121452,0.489163,0.417245,32.839,0,0,0,63.35,26.1484,53.2603,0
6320,6321,CameraCapture,frame_captured,0,171,7,0.148158,75,NaN,NaN,NaN,NaN,NaN,NaN,NaN,NaN,NaN,NaN,NaN,NaN,NaN,NaN,NaN,NaN,NaN,NaN
6321,6322,ImageProcessor_TPU,frame_processed,0,171,7,0.740187,75,0,NaN,NaN,NaN,NaN,NaN,NaN,NaN,NaN,NaN,NaN,NaN,NaN,NaN,NaN,NaN,NaN,NaN
6328,6328,ImageProcessor_Viz,frame_processed,0,171,7,0.346895,NaN,8,NaN,NaN,NaN,NaN,NaN,NaN,NaN,NaN,NaN,NaN,NaN,NaN,NaN,NaN,NaN,NaN,NaN
6340,6341,InferenceEngine,inference_complete,0,171,NaN,NaN,NaN,0,18.684,40.55,0.960772,13,NaN,NaN,NaN,NaN,NaN,NaN,NaN,NaN,NaN,NaN,NaN,NaN,NaN
6340,6319,Logic,frame_complete,-268457733656721424,171,7,0.740187,75,0,19,40.55,0.960772,13,1.53773,-0.0188202,4.93191e-05,0.489198,0.417111,32.918,0,0,0,63.35,26.1484,53.2603,0
6354,6355,CameraCapture,frame_captured,0,172,7,0.156136,75,NaN,NaN,NaN,NaN,NaN,NaN,NaN,NaN,NaN,NaN,NaN,NaN,NaN,NaN,NaN,NaN,NaN,NaN
6355,6356,ImageProcessor_TPU,frame_processed,0,172,7,0.770091,75,0,NaN,NaN,NaN,NaN,NaN,NaN,NaN,NaN,NaN,NaN,NaN,NaN,NaN,NaN,NaN,NaN,NaN
6362,6362,ImageProcessor_Viz,frame_processed,0,172,7,0.336266,NaN,8,NaN,NaN,NaN,NaN,NaN,NaN,NaN,NaN,NaN,NaN,NaN,NaN,NaN,NaN,NaN,NaN,NaN
6374,6375,InferenceEngine,inference_complete,0,172,NaN,NaN,NaN,0,18.791,40.55,0.949008,13,NaN,NaN,NaN,NaN,NaN,NaN,NaN,NaN,NaN,NaN,NaN,NaN,NaN
6374,6353,Logic,frame_complete,-268457733656721424,172,7,0.770091,75,0,19,40.55,0.949008,13,1.53773,-0.0185387,-2.0016e-05,0.489184,0.417166,34.195,0,0,0,63.35,26.1484,53.2603,0
6386,6387,CameraCapture,frame_captured,0,173,7,0.146881,75,NaN,NaN,NaN,NaN,NaN,NaN,NaN,NaN,NaN,NaN,NaN,NaN,NaN,NaN,NaN,NaN,NaN,NaN
6387,6388,ImageProcessor_TPU,frame_processed,0,173,7,0.744762,75,1,NaN,NaN,NaN,NaN,NaN,NaN,NaN,NaN,NaN,NaN,NaN,NaN,NaN,NaN,NaN,NaN,NaN
6394,6395,ImageProcessor_Viz,frame_processed,0,173,7,0.345025,NaN,8,NaN,NaN,NaN,NaN,NaN,NaN,NaN,NaN,NaN,NaN,NaN,NaN,NaN,NaN,NaN,NaN,NaN
6406,6407,InferenceEngine,inference_complete,0,173,NaN,NaN,NaN,1,18.674,40.55,0.956851,13,NaN,NaN,NaN,NaN,NaN,NaN,NaN,NaN,NaN,NaN,NaN,NaN,NaN
6407,6386,Logic,frame_complete,-268457733656721424,173,7,0.744762,75,1,18,40.55,0.956851,13,1.53773,-0.018653,8.15094e-06,0.48919,0.417144,32.305,0,0,0,63.35,26.1484,53.2603,0
6420,6421,CameraCapture,frame_captured,0,174,7,0.197696,75,NaN,NaN,NaN,NaN,NaN,NaN,NaN,NaN,NaN,NaN,NaN,NaN,NaN,NaN,NaN,NaN,NaN,NaN
6421,6422,ImageProcessor_TPU,frame_processed,0,174,7,0.776299,75,0,NaN,NaN,NaN,NaN,NaN,NaN,NaN,NaN,NaN,NaN,NaN,NaN,NaN,NaN,NaN,NaN,NaN
6428,6428,ImageProcessor_Viz,frame_processed,0,174,7,0.334339,NaN,8,NaN,NaN,NaN,NaN,NaN,NaN,NaN,NaN,NaN,NaN,NaN,NaN,NaN,NaN,NaN,NaN,NaN
6440,6441,InferenceEngine,inference_complete,0,174,NaN,NaN,NaN,0,18.745,40.55,0.949008,13,NaN,NaN,NaN,NaN,NaN,NaN,NaN,NaN,NaN,NaN,NaN,NaN,NaN
6440,6419,Logic,frame_complete,-268457733656721424,174,7,0.776299,75,0,19,40.55,0.949008,13,1.53773,-0.0194153,0.00016306,0.490131,0.415299,33.403,0,0,0,63.35,26.1484,53.2603,0
6453,6454,CameraCapture,frame_captured,0,175,7,0.145789,75,NaN,NaN,NaN,NaN,NaN,NaN,NaN,NaN,NaN,NaN,NaN,NaN,NaN,NaN,NaN,NaN,NaN,NaN
6454,6455,ImageProcessor_TPU,frame_processed,0,175,7,0.808468,75,0,NaN,NaN,NaN,NaN,NaN,NaN,NaN,NaN,NaN,NaN,NaN,NaN,NaN,NaN,NaN,NaN,NaN
6461,6462,ImageProcessor_Viz,frame_processed,0,175,7,0.345154,NaN,7,NaN,NaN,NaN,NaN,NaN,NaN,NaN,NaN,NaN,NaN,NaN,NaN,NaN,NaN,NaN,NaN,NaN
6473,6474,InferenceEngine,inference_complete,0,175,NaN,NaN,NaN,0,18.759,40.55,0.941165,13,NaN,NaN,NaN,NaN,NaN,NaN,NaN,NaN,NaN,NaN,NaN,NaN,NaN
6474,6452,Logic,frame_complete,-268457733656721424,175,7,0.808468,75,0,19,40.55,0.941165,13,1.53773,-0.0177258,-0.000233542,0.48914,0.418174,33.296,0,0,0,63.35,26.1484,53.2603,0
6488,6489,CameraCapture,frame_captured,0,176,7,0.141634,75,NaN,NaN,NaN,NaN,NaN,NaN,NaN,NaN,NaN,NaN,NaN,NaN,NaN,NaN,NaN,NaN,NaN,NaN
6489,6490,ImageProcessor_TPU,frame_processed,0,176,7,0.83735,75,0,NaN,NaN,NaN,NaN,NaN,NaN,NaN,NaN,NaN,NaN,NaN,NaN,NaN,NaN,NaN,NaN,NaN
6496,6497,ImageProcessor_Viz,frame_processed,0,176,7,0.337895,NaN,7,NaN,NaN,NaN,NaN,NaN,NaN,NaN,NaN,NaN,NaN,NaN,NaN,NaN,NaN,NaN,NaN,NaN
6508,6509,InferenceEngine,inference_complete,0,176,NaN,NaN,NaN,0,18.723,40.55,0.956851,13,NaN,NaN,NaN,NaN,NaN,NaN,NaN,NaN,NaN,NaN,NaN,NaN,NaN
6509,6487,Logic,frame_complete,-268457733656721424,176,7,0.83735,75,0,18,40.55,0.956851,13,1.53019,-0.0185771,0.000260461,0.490152,0.417991,34.971,0,0,0,63.35,26.1484,53.2603,0
6520,6521,CameraCapture,frame_captured,0,177,7,0.159233,75,NaN,NaN,NaN,NaN,NaN,NaN,NaN,NaN,NaN,NaN,NaN,NaN,NaN,NaN,NaN,NaN,NaN,NaN
6521,6522,ImageProcessor_TPU,frame_processed,0,177,7,0.784429,75,0,NaN,NaN,NaN,NaN,NaN,NaN,NaN,NaN,NaN,NaN,NaN,NaN,NaN,NaN,NaN,NaN,NaN
6528,6528,ImageProcessor_Viz,frame_processed,0,177,7,0.334358,NaN,8,NaN,NaN,NaN,NaN,NaN,NaN,NaN,NaN,NaN,NaN,NaN,NaN,NaN,NaN,NaN,NaN,NaN
6541,6542,InferenceEngine,inference_complete,0,177,NaN,NaN,NaN,0,19.757,40.55,0.960772,13,NaN,NaN,NaN,NaN,NaN,NaN,NaN,NaN,NaN,NaN,NaN,NaN,NaN
6542,6519,Logic,frame_complete,-268457733656721424,177,7,0.784429,75,0,20,40.55,0.960772,13,1.53019,-0.0187005,-0.000274196,0.489131,0.417117,32.841,0,0,0,63.35,26.1484,53.2603,0
6553,6554,CameraCapture,frame_captured,0,178,7,0.252471,75,NaN,NaN,NaN,NaN,NaN,NaN,NaN,NaN,NaN,NaN,NaN,NaN,NaN,NaN,NaN,NaN,NaN,NaN
6554,6555,ImageProcessor_TPU,frame_processed,0,178,7,0.811277,75,0,NaN,NaN,NaN,NaN,NaN,NaN,NaN,NaN,NaN,NaN,NaN,NaN,NaN,NaN,NaN,NaN,NaN
6561,6562,ImageProcessor_Viz,frame_processed,0,178,7,0.337284,NaN,7,NaN,NaN,NaN,NaN,NaN,NaN,NaN,NaN,NaN,NaN,NaN,NaN,NaN,NaN,NaN,NaN,NaN
6573,6574,InferenceEngine,inference_complete,0,178,NaN,NaN,NaN,0,19.179,40.55,0.949008,13,NaN,NaN,NaN,NaN,NaN,NaN,NaN,NaN,NaN,NaN,NaN,NaN,NaN
6574,6552,Logic,frame_complete,-268457733656721424,178,7,0.811277,75,0,19,40.55,0.949008,13,1.52265,-0.0180686,0.000120804,0.489213,0.418073,32.215,0,0,0,63.35,26.1484,53.2603,0
6586,6587,CameraCapture,frame_captured,0,179,7,0.167913,75,NaN,NaN,NaN,NaN,NaN,NaN,NaN,NaN,NaN,NaN,NaN,NaN,NaN,NaN,NaN,NaN,NaN,NaN
6588,6588,ImageProcessor_TPU,frame_processed,0,179,7,0.812924,75,1,NaN,NaN,NaN,NaN,NaN,NaN,NaN,NaN,NaN,NaN,NaN,NaN,NaN,NaN,NaN,NaN,NaN
6602,6603,ImageProcessor_Viz,frame_processed,0,179,7,0.363136,NaN,15,NaN,NaN,NaN,NaN,NaN,NaN,NaN,NaN,NaN,NaN,NaN,NaN,NaN,NaN,NaN,NaN,NaN
6613,6613,InferenceEngine,inference_complete,0,179,NaN,NaN,NaN,1,24.75,40.55,0.960772,13,NaN,NaN,NaN,NaN,NaN,NaN,NaN,NaN,NaN,NaN,NaN,NaN,NaN
6613,6586,Logic,frame_complete,-268457733656721424,179,7,0.812924,75,1,25,40.55,0.960772,13,1.52265,-0.0188543,-4.88684e-05,0.489178,0.417069,39.062,0,0,0,63.35,26.1484,53.2603,0
6620,6621,CameraCapture,frame_captured,0,180,7,0.155867,75,NaN,NaN,NaN,NaN,NaN,NaN,NaN,NaN,NaN,NaN,NaN,NaN,NaN,NaN,NaN,NaN,NaN,NaN
6622,6623,ImageProcessor_TPU,frame_processed,0,180,7,1.07509,75,0,NaN,NaN,NaN,NaN,NaN,NaN,NaN,NaN,NaN,NaN,NaN,NaN,NaN,NaN,NaN,NaN,NaN
6628,6629,ImageProcessor_Viz,frame_processed,0,180,7,0.349896,NaN,7,NaN,NaN,NaN,NaN,NaN,NaN,NaN,NaN,NaN,NaN,NaN,NaN,NaN,NaN,NaN,NaN,NaN
6641,6642,InferenceEngine,inference_complete,0,180,NaN,NaN,NaN,0,18.777,40.55,0.960772,13,NaN,NaN,NaN,NaN,NaN,NaN,NaN,NaN,NaN,NaN,NaN,NaN,NaN
6641,6620,Logic,frame_complete,-268457733656721424,180,7,1.07509,75,0,19,40.55,0.960772,13,1.52265,-0.0180476,-0.000173423,0.488243,0.418077,28.281,0,0,0,63.35,26.1484,53.2603,0
6653,6654,CameraCapture,frame_captured,0,181,7,0.155835,75,NaN,NaN,NaN,NaN,NaN,NaN,NaN,NaN,NaN,NaN,NaN,NaN,NaN,NaN,NaN,NaN,NaN,NaN
6654,6655,ImageProcessor_TPU,frame_processed,0,181,7,0.734864,75,0,NaN,NaN,NaN,NaN,NaN,NaN,NaN,NaN,NaN,NaN,NaN,NaN,NaN,NaN,NaN,NaN,NaN
6662,6662,ImageProcessor_Viz,frame_processed,0,181,7,0.335988,NaN,8,NaN,NaN,NaN,NaN,NaN,NaN,NaN,NaN,NaN,NaN,NaN,NaN,NaN,NaN,NaN,NaN,NaN
6674,6675,InferenceEngine,inference_complete,0,181,NaN,NaN,NaN,0,19.613,40.55,0.968615,13,NaN,NaN,NaN,NaN,NaN,NaN,NaN,NaN,NaN,NaN,NaN,NaN,NaN
6675,6652,Logic,frame_complete,-268457733656721424,181,7,0.734864,75,0,20,40.55,0.968615,13,1.52265,-0.0184869,0.000235334,0.489237,0.417991,33.391,0,0,0,63.35,26.1484,53.2603,0
6687,6688,CameraCapture,frame_captured,0,182,7,0.143888,75,NaN,NaN,NaN,NaN,NaN,NaN,NaN,NaN,NaN,NaN,NaN,NaN,NaN,NaN,NaN,NaN,NaN,NaN
6689,6689,ImageProcessor_TPU,frame_processed,0,182,7,0.698269,75,1,NaN,NaN,NaN,NaN,NaN,NaN,NaN,NaN,NaN,NaN,NaN,NaN,NaN,NaN,NaN,NaN,NaN
6696,6697,ImageProcessor_Viz,frame_processed,0,182,7,0.336802,NaN,8,NaN,NaN,NaN,NaN,NaN,NaN,NaN,NaN,NaN,NaN,NaN,NaN,NaN,NaN,NaN,NaN,NaN
6708,6709,InferenceEngine,inference_complete,0,182,NaN,NaN,NaN,1,18.984,40.55,0.956851,13,NaN,NaN,NaN,NaN,NaN,NaN,NaN,NaN,NaN,NaN,NaN,NaN,NaN
6708,6687,Logic,frame_complete,-268457733656721424,182,7,0.698269,75,1,19,40.55,0.956851,13,1.52265,-0.0183073,-0.000256732,0.488225,0.418026,33.592,0,0,0,63.35,26.1484,53.2603,0
6720,6720,CameraCapture,frame_captured,0,183,7,0.152256,75,NaN,NaN,NaN,NaN,NaN,NaN,NaN,NaN,NaN,NaN,NaN,NaN,NaN,NaN,NaN,NaN,NaN,NaN
6721,6721,ImageProcessor_TPU,frame_processed,0,183,7,0.721488,75,1,NaN,NaN,NaN,NaN,NaN,NaN,NaN,NaN,NaN,NaN,NaN,NaN,NaN,NaN,NaN,NaN,NaN
6728,6729,ImageProcessor_Viz,frame_processed,0,183,7,0.351062,NaN,8,NaN,NaN,NaN,NaN,NaN,NaN,NaN,NaN,NaN,NaN,NaN,NaN,NaN,NaN,NaN,NaN,NaN
6740,6740,InferenceEngine,inference_complete,0,183,NaN,NaN,NaN,1,18.717,40.55,0.941165,13,NaN,NaN,NaN,NaN,NaN,NaN,NaN,NaN,NaN,NaN,NaN,NaN,NaN
6740,6719,Logic,frame_complete,-268457733656721424,183,7,0.721488,75,1,19,40.55,0.941165,13,1.52265,-0.0183814,0.000276405,0.489246,0.418012,31.71,0,0,0,63.35,26.1484,53.2603,0
6754,6754,CameraCapture,frame_captured,0,184,7,0.142637,75,NaN,NaN,NaN,NaN,NaN,NaN,NaN,NaN,NaN,NaN,NaN,NaN,NaN,NaN,NaN,NaN,NaN,NaN
6755,6755,ImageProcessor_TPU,frame_processed,0,184,7,0.739037,75,0,NaN,NaN,NaN,NaN,NaN,NaN,NaN,NaN,NaN,NaN,NaN,NaN,NaN,NaN,NaN,NaN,NaN
6762,6762,ImageProcessor_Viz,frame_processed,0,184,7,0.353636,NaN,8,NaN,NaN,NaN,NaN,NaN,NaN,NaN,NaN,NaN,NaN,NaN,NaN,NaN,NaN,NaN,NaN,NaN
6774,6774,InferenceEngine,inference_complete,0,184,NaN,NaN,NaN,0,18.651,40.55,0.941165,13,NaN,NaN,NaN,NaN,NaN,NaN,NaN,NaN,NaN,NaN,NaN,NaN,NaN
6774,6753,Logic,frame_complete,-268457733656721424,184,7,0.739037,75,0,19,40.55,0.941165,13,1.52265,-0.0187523,4.88088e-05,0.490108,0.417089,33.893,0,0,0,63.35,26.1484,53.2603,0
6786,6787,CameraCapture,frame_captured,0,185,7,0.1414,75,NaN,NaN,NaN,NaN,NaN,NaN,NaN,NaN,NaN,NaN,NaN,NaN,NaN,NaN,NaN,NaN,NaN,NaN
6787,6788,ImageProcessor_TPU,frame_processed,0,185,7,0.856265,75,0,NaN,NaN,NaN,NaN,NaN,NaN,NaN,NaN,NaN,NaN,NaN,NaN,NaN,NaN,NaN,NaN,NaN
6794,6795,ImageProcessor_Viz,frame_processed,0,185,7,0.33571,NaN,7,NaN,NaN,NaN,NaN,NaN,NaN,NaN,NaN,NaN,NaN,NaN,NaN,NaN,NaN,NaN,NaN,NaN
6806,6807,InferenceEngine,inference_complete,0,185,NaN,NaN,NaN,0,18.753,40.55,0.933322,13,NaN,NaN,NaN,NaN,NaN,NaN,NaN,NaN,NaN,NaN,NaN,NaN,NaN
6807,6785,Logic,frame_complete,-268457733656721424,185,7,0.856265,75,0,18,40.55,0.933322,13,1.52265,-0.0185242,-0.000185747,0.489149,0.417133,32.82,0,0,0,63.35,26.1484,53.2603,0
6821,6821,CameraCapture,frame_captured,0,186,7,0.143804,75,NaN,NaN,NaN,NaN,NaN,NaN,NaN,NaN,NaN,NaN,NaN,NaN,NaN,NaN,NaN,NaN,NaN,NaN
6822,6822,ImageProcessor_TPU,frame_processed,0,186,7,0.720111,75,0,NaN,NaN,NaN,NaN,NaN,NaN,NaN,NaN,NaN,NaN,NaN,NaN,NaN,NaN,NaN,NaN,NaN
6828,6829,ImageProcessor_Viz,frame_processed,0,186,7,0.335228,NaN,8,NaN,NaN,NaN,NaN,NaN,NaN,NaN,NaN,NaN,NaN,NaN,NaN,NaN,NaN,NaN,NaN,NaN
6840,6841,InferenceEngine,inference_complete,0,186,NaN,NaN,NaN,0,18.627,40.55,0.949008,13,NaN,NaN,NaN,NaN,NaN,NaN,NaN,NaN,NaN,NaN,NaN,NaN,NaN
6841,6820,Logic,frame_complete,-268457733656721424,186,7,0.720111,75,0,18,40.55,0.949008,13,1.52265,-0.0186162,7.53775e-05,0.489204,0.417115,34.034,0,0,0,63.35,26.1484,53.2603,0
6853,6854,CameraCapture,frame_captured,0,187,7,0.149656,75,NaN,NaN,NaN,NaN,NaN,NaN,NaN,NaN,NaN,NaN,NaN,NaN,NaN,NaN,NaN,NaN,NaN,NaN
6854,6855,ImageProcessor_TPU,frame_processed,0,187,7,0.769871,75,0,NaN,NaN,NaN,NaN,NaN,NaN,NaN,NaN,NaN,NaN,NaN,NaN,NaN,NaN,NaN,NaN,NaN
6861,6861,ImageProcessor_Viz,frame_processed,0,187,7,0.333283,NaN,8,NaN,NaN,NaN,NaN,NaN,NaN,NaN,NaN,NaN,NaN,NaN,NaN,NaN,NaN,NaN,NaN,NaN
6873,6874,InferenceEngine,inference_complete,0,187,NaN,NaN,NaN,0,18.893,40.55,0.960772,13,NaN,NaN,NaN,NaN,NaN,NaN,NaN,NaN,NaN,NaN,NaN,NaN,NaN
6874,6852,Logic,frame_complete,-268457733656721424,187,7,0.769871,75,0,19,40.55,0.960772,13,1.52265,-0.0185788,-3.06182e-05,0.489182,0.417122,32.699,0,0,0,63.35,26.1484,53.2603,0
6888,6889,CameraCapture,frame_captured,0,188,7,0.243003,75,NaN,NaN,NaN,NaN,NaN,NaN,NaN,NaN,NaN,NaN,NaN,NaN,NaN,NaN,NaN,NaN,NaN,NaN
6889,6890,ImageProcessor_TPU,frame_processed,0,188,7,0.896144,75,0,NaN,NaN,NaN,NaN,NaN,NaN,NaN,NaN,NaN,NaN,NaN,NaN,NaN,NaN,NaN,NaN,NaN
6896,6896,ImageProcessor_Viz,frame_processed,0,188,7,0.358266,NaN,7,NaN,NaN,NaN,NaN,NaN,NaN,NaN,NaN,NaN,NaN,NaN,NaN,NaN,NaN,NaN,NaN,NaN
6908,6909,InferenceEngine,inference_complete,0,188,NaN,NaN,NaN,0,18.805,40.55,0.960772,13,NaN,NaN,NaN,NaN,NaN,NaN,NaN,NaN,NaN,NaN,NaN,NaN,NaN
6909,6887,Logic,frame_complete,-268457733656721424,188,7,0.896144,75,0,18,40.55,0.960772,13,1.52265,-0.018594,1.24127e-05,0.489191,0.417119,35.022,0,0,0,63.35,26.1484,53.2603,0
6920,6921,CameraCapture,frame_captured,0,189,7,0.242922,75,NaN,NaN,NaN,NaN,NaN,NaN,NaN,NaN,NaN,NaN,NaN,NaN,NaN,NaN,NaN,NaN,NaN,NaN
6922,6922,ImageProcessor_TPU,frame_processed,0,189,7,1.31389,75,1,NaN,NaN,NaN,NaN,NaN,NaN,NaN,NaN,NaN,NaN,NaN,NaN,NaN,NaN,NaN,NaN,NaN
6928,6929,ImageProcessor_Viz,frame_processed,0,189,7,0.349933,NaN,7,NaN,NaN,NaN,NaN,NaN,NaN,NaN,NaN,NaN,NaN,NaN,NaN,NaN,NaN,NaN,NaN,NaN
6942,6942,InferenceEngine,inference_complete,0,189,NaN,NaN,NaN,1,19.318,40.55,0.933322,13,NaN,NaN,NaN,NaN,NaN,NaN,NaN,NaN,NaN,NaN,NaN,NaN,NaN
6942,6919,Logic,frame_complete,-268457733656721424,189,7,1.31389,75,1,20,40.55,0.933322,13,1.53019,-0.0186762,-1.47671e-05,0.489185,0.417121,33.249,0,0,0,63.35,26.1484,53.2603,0
6953,6954,CameraCapture,frame_captured,0,190,7,0.147244,75,NaN,NaN,NaN,NaN,NaN,NaN,NaN,NaN,NaN,NaN,NaN,NaN,NaN,NaN,NaN,NaN,NaN,NaN
6954,6955,ImageProcessor_TPU,frame_processed,0,190,7,1.18732,75,1,NaN,NaN,NaN,NaN,NaN,NaN,NaN,NaN,NaN,NaN,NaN,NaN,NaN,NaN,NaN,NaN,NaN
6961,6962,ImageProcessor_Viz,frame_processed,0,190,7,0.33221,NaN,8,NaN,NaN,NaN,NaN,NaN,NaN,NaN,NaN,NaN,NaN,NaN,NaN,NaN,NaN,NaN,NaN,NaN
6974,6974,InferenceEngine,inference_complete,0,190,NaN,NaN,NaN,1,18.813,40.55,0.949008,13,NaN,NaN,NaN,NaN,NaN,NaN,NaN,NaN,NaN,NaN,NaN,NaN,NaN
6974,6952,Logic,frame_complete,-268457733656721424,190,7,1.18732,75,1,19,40.55,0.949008,13,1.53019,-0.0185775,0.000178549,0.490135,0.417141,31.961,0,0,0,63.35,26.1484,53.2603,0
6986,6987,CameraCapture,frame_captured,0,191,7,0.158093,75,NaN,NaN,NaN,NaN,NaN,NaN,NaN,NaN,NaN,NaN,NaN,NaN,NaN,NaN,NaN,NaN,NaN,NaN
6988,6988,ImageProcessor_TPU,frame_processed,0,191,7,1.06913,75,1,NaN,NaN,NaN,NaN,NaN,NaN,NaN,NaN,NaN,NaN,NaN,NaN,NaN,NaN,NaN,NaN,NaN
6994,6994,ImageProcessor_Viz,frame_processed,0,191,7,0.33658,NaN,7,NaN,NaN,NaN,NaN,NaN,NaN,NaN,NaN,NaN,NaN,NaN,NaN,NaN,NaN,NaN,NaN,NaN
7007,7008,InferenceEngine,inference_complete,0,191,NaN,NaN,NaN,1,19.25,40.55,0.941165,13,NaN,NaN,NaN,NaN,NaN,NaN,NaN,NaN,NaN,NaN,NaN,NaN,NaN
7008,6985,Logic,frame_complete,-268457733656721424,191,7,1.06913,75,1,19,40.55,0.941165,13,1.53773,-0.0187044,-0.00024727,0.489137,0.417134,33.532,0,0,0,63.35,26.1484,53.2603,0
7021,7022,CameraCapture,frame_captured,0,192,7,0.14764,75,NaN,NaN,NaN,NaN,NaN,NaN,NaN,NaN,NaN,NaN,NaN,NaN,NaN,NaN,NaN,NaN,NaN,NaN
7022,7023,ImageProcessor_TPU,frame_processed,0,192,7,0.740929,75,0,NaN,NaN,NaN,NaN,NaN,NaN,NaN,NaN,NaN,NaN,NaN,NaN,NaN,NaN,NaN,NaN,NaN
7029,7030,ImageProcessor_Viz,frame_processed,0,192,7,0.33845,NaN,7,NaN,NaN,NaN,NaN,NaN,NaN,NaN,NaN,NaN,NaN,NaN,NaN,NaN,NaN,NaN,NaN,NaN
7042,7042,InferenceEngine,inference_complete,0,192,NaN,NaN,NaN,0,19.053,40.55,0.941165,13,NaN,NaN,NaN,NaN,NaN,NaN,NaN,NaN,NaN,NaN,NaN,NaN,NaN
7042,7020,Logic,frame_complete,-268457733656721424,192,7,0.740929,75,0,19,40.55,0.941165,13,1.53773,-0.0193834,0.000100158,0.489209,0.415305,34.368,0,0,0,63.35,26.1484,53.2603,0
7053,7054,CameraCapture,frame_captured,0,193,7,0.240815,75,NaN,NaN,NaN,NaN,NaN,NaN,NaN,NaN,NaN,NaN,NaN,NaN,NaN,NaN,NaN,NaN,NaN,NaN
7054,7055,ImageProcessor_TPU,frame_processed,0,193,7,1.1655,75,1,NaN,NaN,NaN,NaN,NaN,NaN,NaN,NaN,NaN,NaN,NaN,NaN,NaN,NaN,NaN,NaN,NaN
7060,7061,ImageProcessor_Viz,frame_processed,0,193,7,0.349433,NaN,7,NaN,NaN,NaN,NaN,NaN,NaN,NaN,NaN,NaN,NaN,NaN,NaN,NaN,NaN,NaN,NaN,NaN
7074,7074,InferenceEngine,inference_complete,0,193,NaN,NaN,NaN,1,18.815,40.55,0.949008,13,NaN,NaN,NaN,NaN,NaN,NaN,NaN,NaN,NaN,NaN,NaN,NaN,NaN
7074,7052,Logic,frame_complete,-268457733656721424,193,7,1.1655,75,1,19,40.55,0.949008,13,1.53773,-0.0181289,-4.06615e-05,0.48918,0.417245,31.965,0,0,0,63.35,26.1484,53.2603,0
7086,7087,CameraCapture,frame_captured,0,194,7,0.144051,75,NaN,NaN,NaN,NaN,NaN,NaN,NaN,NaN,NaN,NaN,NaN,NaN,NaN,NaN,NaN,NaN,NaN,NaN
7088,7088,ImageProcessor_TPU,frame_processed,0,194,7,1.0069,75,1,NaN,NaN,NaN,NaN,NaN,NaN,NaN,NaN,NaN,NaN,NaN,NaN,NaN,NaN,NaN,NaN,NaN
7094,7095,ImageProcessor_Viz,frame_processed,0,194,7,0.34734,NaN,7,NaN,NaN,NaN,NaN,NaN,NaN,NaN,NaN,NaN,NaN,NaN,NaN,NaN,NaN,NaN,NaN,NaN
7107,7108,InferenceEngine,inference_complete,0,194,NaN,NaN,NaN,1,19.071,40.55,0.941165,13,NaN,NaN,NaN,NaN,NaN,NaN,NaN,NaN,NaN,NaN,NaN,NaN,NaN
7107,7085,Logic,frame_complete,-268457733656721424,194,7,1.0069,75,1,19,40.55,0.941165,13,1.53773,-0.0188194,1.65179e-05,0.489191,0.417111,33.29,0,0,0,63.35,26.1484,53.2603,0
7119,7120,CameraCapture,frame_captured,0,195,7,0.146455,75,NaN,NaN,NaN,NaN,NaN,NaN,NaN,NaN,NaN,NaN,NaN,NaN,NaN,NaN,NaN,NaN,NaN,NaN
7120,7121,ImageProcessor_TPU,frame_processed,0,195,7,0.705298,75,0,NaN,NaN,NaN,NaN,NaN,NaN,NaN,NaN,NaN,NaN,NaN,NaN,NaN,NaN,NaN,NaN,NaN
7128,7129,ImageProcessor_Viz,frame_processed,0,195,7,0.337302,NaN,8,NaN,NaN,NaN,NaN,NaN,NaN,NaN,NaN,NaN,NaN,NaN,NaN,NaN,NaN,NaN,NaN,NaN
7139,7140,InferenceEngine,inference_complete,0,195,NaN,NaN,NaN,0,18.767,40.55,0.949008,13,NaN,NaN,NaN,NaN,NaN,NaN,NaN,NaN,NaN,NaN,NaN,NaN,NaN
7140,7119,Logic,frame_complete,-268457733656721424,195,7,0.705298,75,0,18,40.55,0.949008,13,1.53773,-0.0185389,-6.71297e-06,0.489187,0.417166,32.368,0,0,0,63.35,26.1484,53.2603,0
7153,7154,CameraCapture,frame_captured,0,196,7,0.140744,75,NaN,NaN,NaN,NaN,NaN,NaN,NaN,NaN,NaN,NaN,NaN,NaN,NaN,NaN,NaN,NaN,NaN,NaN
7155,7156,ImageProcessor_TPU,frame_processed,0,196,7,0.708866,75,1,NaN,NaN,NaN,NaN,NaN,NaN,NaN,NaN,NaN,NaN,NaN,NaN,NaN,NaN,NaN,NaN,NaN
7162,7162,ImageProcessor_Viz,frame_processed,0,196,7,0.348154,NaN,8,NaN,NaN,NaN,NaN,NaN,NaN,NaN,NaN,NaN,NaN,NaN,NaN,NaN,NaN,NaN,NaN,NaN
7174,7175,InferenceEngine,inference_complete,0,196,NaN,NaN,NaN,1,18.716,40.55,0.941165,13,NaN,NaN,NaN,NaN,NaN,NaN,NaN,NaN,NaN,NaN,NaN,NaN,NaN
7174,7153,Logic,frame_complete,-268457733656721424,196,7,0.708866,75,1,19,40.55,0.941165,13,1.53773,-0.0178542,2.72319e-06,0.489189,0.419001,34.451,0,0,0,63.35,26.1484,53.2603,0
7186,7187,CameraCapture,frame_captured,0,197,7,0.142063,75,NaN,NaN,NaN,NaN,NaN,NaN,NaN,NaN,NaN,NaN,NaN,NaN,NaN,NaN,NaN,NaN,NaN,NaN
7187,7188,ImageProcessor_TPU,frame_processed,0,197,7,0.786094,75,0,NaN,NaN,NaN,NaN,NaN,NaN,NaN,NaN,NaN,NaN,NaN,NaN,NaN,NaN,NaN,NaN,NaN
7194,7195,ImageProcessor_Viz,frame_processed,0,197,7,0.332025,NaN,7,NaN,NaN,NaN,NaN,NaN,NaN,NaN,NaN,NaN,NaN,NaN,NaN,NaN,NaN,NaN,NaN,NaN
7206,7207,InferenceEngine,inference_complete,0,197,NaN,NaN,NaN,0,18.676,40.55,0.941165,13,NaN,NaN,NaN,NaN,NaN,NaN,NaN,NaN,NaN,NaN,NaN,NaN,NaN
7207,7185,Logic,frame_complete,-268457733656721424,197,7,0.786094,75,0,19,40.55,0.941165,13,1.53773,-0.0199264,-1.10641e-06,0.489188,0.4152,32.25,0,0,0,63.35,26.1484,53.2603,0
7219,7220,CameraCapture,frame_captured,0,198,7,0.140839,75,NaN,NaN,NaN,NaN,NaN,NaN,NaN,NaN,NaN,NaN,NaN,NaN,NaN,NaN,NaN,NaN,NaN,NaN
7220,7221,ImageProcessor_TPU,frame_processed,0,198,7,0.712775,75,1,NaN,NaN,NaN,NaN,NaN,NaN,NaN,NaN,NaN,NaN,NaN,NaN,NaN,NaN,NaN,NaN,NaN
7228,7228,ImageProcessor_Viz,frame_processed,0,198,7,0.343469,NaN,8,NaN,NaN,NaN,NaN,NaN,NaN,NaN,NaN,NaN,NaN,NaN,NaN,NaN,NaN,NaN,NaN,NaN
7240,7240,InferenceEngine,inference_complete,0,198,NaN,NaN,NaN,1,18.833,40.55,0.941165,13,NaN,NaN,NaN,NaN,NaN,NaN,NaN,NaN,NaN,NaN,NaN,NaN,NaN
7240,7219,Logic,frame_complete,-268457733656721424,198,7,0.712775,75,1,19,40.55,0.941165,13,1.53773,-0.0227433,0.0001669,0.490132,0.406256,33.441,0,0,0,63.35,26.1484,53.2603,0
7253,7254,CameraCapture,frame_captured,0,199,7,0.169228,75,NaN,NaN,NaN,NaN,NaN,NaN,NaN,NaN,NaN,NaN,NaN,NaN,NaN,NaN,NaN,NaN,NaN,NaN
7254,7255,ImageProcessor_TPU,frame_processed,0,199,7,0.932483,75,0,NaN,NaN,NaN,NaN,NaN,NaN,NaN,NaN,NaN,NaN,NaN,NaN,NaN,NaN,NaN,NaN,NaN
7261,7262,ImageProcessor_Viz,frame_processed,0,199,7,0.449582,NaN,8,NaN,NaN,NaN,NaN,NaN,NaN,NaN,NaN,NaN,NaN,NaN,NaN,NaN,NaN,NaN,NaN,NaN
7273,7274,InferenceEngine,inference_complete,0,199,NaN,NaN,NaN,0,18.92,40.8,0.956851,13,NaN,NaN,NaN,NaN,NaN,NaN,NaN,NaN,NaN,NaN,NaN,NaN,NaN
7274,7252,Logic,frame_complete,-268457733656721424,199,7,0.932483,75,0,19,40.8,0.956851,13,1.53773,-0.0159798,-6.74985e-05,0.490084,0.417661,33.837,0,0,0,63.35,26.1484,53.2603,0
7287,7288,CameraCapture,frame_captured,0,200,7,0.155257,75,NaN,NaN,NaN,NaN,NaN,NaN,NaN,NaN,NaN,NaN,NaN,NaN,NaN,NaN,NaN,NaN,NaN,NaN
7288,7289,ImageProcessor_TPU,frame_processed,0,200,7,0.789731,75,0,NaN,NaN,NaN,NaN,NaN,NaN,NaN,NaN,NaN,NaN,NaN,NaN,NaN,NaN,NaN,NaN,NaN
7295,7295,ImageProcessor_Viz,frame_processed,0,200,7,0.346488,NaN,8,NaN,NaN,NaN,NaN,NaN,NaN,NaN,NaN,NaN,NaN,NaN,NaN,NaN,NaN,NaN,NaN,NaN
7307,7308,InferenceEngine,inference_complete,0,200,NaN,NaN,NaN,0,18.771,40.8,0.949008,13,NaN,NaN,NaN,NaN,NaN,NaN,NaN,NaN,NaN,NaN,NaN,NaN,NaN
7307,7286,Logic,frame_complete,-268457733656721424,200,7,0.789731,75,0,19,40.8,0.949008,13,1.53773,-0.0196944,2.74144e-05,0.490103,0.416942,33.424,0,0,0,63.35,26.1484,53.2603,0
7319,7320,CameraCapture,frame_captured,0,201,7,0.245725,75,NaN,NaN,NaN,NaN,NaN,NaN,NaN,NaN,NaN,NaN,NaN,NaN,NaN,NaN,NaN,NaN,NaN,NaN
7321,7322,ImageProcessor_TPU,frame_processed,0,201,7,0.884292,75,1,NaN,NaN,NaN,NaN,NaN,NaN,NaN,NaN,NaN,NaN,NaN,NaN,NaN,NaN,NaN,NaN,NaN
7327,7328,ImageProcessor_Viz,frame_processed,0,201,7,0.34621,NaN,7,NaN,NaN,NaN,NaN,NaN,NaN,NaN,NaN,NaN,NaN,NaN,NaN,NaN,NaN,NaN,NaN,NaN
7340,7341,InferenceEngine,inference_complete,0,201,NaN,NaN,NaN,1,18.779,40.8,0.941165,13,NaN,NaN,NaN,NaN,NaN,NaN,NaN,NaN,NaN,NaN,NaN,NaN,NaN
7340,7319,Logic,frame_complete,-268457733656721424,201,7,0.884292,75,1,19,40.8,0.941165,13,1.53773,-0.0181823,-0.000349484,0.488207,0.417235,32.906,0,0,0,63.35,26.1484,53.2603,0
7354,7355,CameraCapture,frame_captured,0,202,7,0.207721,75,NaN,NaN,NaN,NaN,NaN,NaN,NaN,NaN,NaN,NaN,NaN,NaN,NaN,NaN,NaN,NaN,NaN,NaN
7355,7356,ImageProcessor_TPU,frame_processed,0,202,7,0.798417,75,0,NaN,NaN,NaN,NaN,NaN,NaN,NaN,NaN,NaN,NaN,NaN,NaN,NaN,NaN,NaN,NaN,NaN
7361,7362,ImageProcessor_Viz,frame_processed,0,202,7,0.330376,NaN,8,NaN,NaN,NaN,NaN,NaN,NaN,NaN,NaN,NaN,NaN,NaN,NaN,NaN,NaN,NaN,NaN,NaN
7374,7375,InferenceEngine,inference_complete,0,202,NaN,NaN,NaN,0,19.324,40.8,0.941165,13,NaN,NaN,NaN,NaN,NaN,NaN,NaN,NaN,NaN,NaN,NaN,NaN,NaN
7375,7353,Logic,frame_complete,-268457733656721424,202,7,0.798417,75,0,19,40.8,0.941165,13,1.53773,-0.0187967,0.000302766,0.489251,0.417116,34.586,0,0,0,63.35,26.1484,53.2603,0
7386,7387,CameraCapture,frame_captured,0,203,7,0.145071,75,NaN,NaN,NaN,NaN,NaN,NaN,NaN,NaN,NaN,NaN,NaN,NaN,NaN,NaN,NaN,NaN,NaN,NaN
7387,7388,ImageProcessor_TPU,frame_processed,0,203,7,0.692766,75,0,NaN,NaN,NaN,NaN,NaN,NaN,NaN,NaN,NaN,NaN,NaN,NaN,NaN,NaN,NaN,NaN,NaN
7394,7395,ImageProcessor_Viz,frame_processed,0,203,7,0.328191,NaN,7,NaN,NaN,NaN,NaN,NaN,NaN,NaN,NaN,NaN,NaN,NaN,NaN,NaN,NaN,NaN,NaN,NaN
7406,7407,InferenceEngine,inference_complete,0,203,NaN,NaN,NaN,0,19.091,40.8,0.941165,13,NaN,NaN,NaN,NaN,NaN,NaN,NaN,NaN,NaN,NaN,NaN,NaN,NaN
7407,7385,Logic,frame_complete,-268457733656721424,203,7,0.692766,75,0,19,40.8,0.941165,13,1.53773,-0.0185497,5.17629e-05,0.490108,0.417164,31.775,0,0,0,63.35,26.1484,53.2603,0
7420,7421,CameraCapture,frame_captured,0,204,7,0.14797,75,NaN,NaN,NaN,NaN,NaN,NaN,NaN,NaN,NaN,NaN,NaN,NaN,NaN,NaN,NaN,NaN,NaN,NaN
7421,7422,ImageProcessor_TPU,frame_processed,0,204,7,0.716055,75,0,NaN,NaN,NaN,NaN,NaN,NaN,NaN,NaN,NaN,NaN,NaN,NaN,NaN,NaN,NaN,NaN,NaN
7429,7430,ImageProcessor_Viz,frame_processed,0,204,7,0.331488,NaN,8,NaN,NaN,NaN,NaN,NaN,NaN,NaN,NaN,NaN,NaN,NaN,NaN,NaN,NaN,NaN,NaN,NaN
7441,7441,InferenceEngine,inference_complete,0,204,NaN,NaN,NaN,0,19.304,40.8,0.949008,13,NaN,NaN,NaN,NaN,NaN,NaN,NaN,NaN,NaN,NaN,NaN,NaN,NaN
7441,7419,Logic,frame_complete,-268457733656721424,204,7,0.716055,75,0,20,40.8,0.949008,13,1.53773,-0.0186507,-2.10367e-05,0.490093,0.417144,34.34,0,0,0,63.35,26.1484,53.2603,0
7453,7453,CameraCapture,frame_captured,0,205,7,0.142809,75,NaN,NaN,NaN,NaN,NaN,NaN,NaN,NaN,NaN,NaN,NaN,NaN,NaN,NaN,NaN,NaN,NaN,NaN
7454,7455,ImageProcessor_TPU,frame_processed,0,205,7,0.693745,75,0,NaN,NaN,NaN,NaN,NaN,NaN,NaN,NaN,NaN,NaN,NaN,NaN,NaN,NaN,NaN,NaN,NaN
7462,7462,ImageProcessor_Viz,frame_processed,0,205,7,0.332598,NaN,9,NaN,NaN,NaN,NaN,NaN,NaN,NaN,NaN,NaN,NaN,NaN,NaN,NaN,NaN,NaN,NaN,NaN
7474,7475,InferenceEngine,inference_complete,0,205,NaN,NaN,NaN,0,19.277,40.8,0.941165,13,NaN,NaN,NaN,NaN,NaN,NaN,NaN,NaN,NaN,NaN,NaN,NaN,NaN
7474,7452,Logic,frame_complete,-268457733656721424,205,7,0.693745,75,0,20,40.8,0.941165,13,1.53773,-0.0242497,8.54582e-06,0.490099,0.404307,33.053,0,0,0,63.35,26.1484,53.2603,0
7487,7488,CameraCapture,frame_captured,0,206,7,0.147512,75,NaN,NaN,NaN,NaN,NaN,NaN,NaN,NaN,NaN,NaN,NaN,NaN,NaN,NaN,NaN,NaN,NaN,NaN
7488,7489,ImageProcessor_TPU,frame_processed,0,206,7,0.700633,75,0,NaN,NaN,NaN,NaN,NaN,NaN,NaN,NaN,NaN,NaN,NaN,NaN,NaN,NaN,NaN,NaN,NaN
7496,7496,ImageProcessor_Viz,frame_processed,0,206,7,0.336043,NaN,8,NaN,NaN,NaN,NaN,NaN,NaN,NaN,NaN,NaN,NaN,NaN,NaN,NaN,NaN,NaN,NaN,NaN
7507,7508,InferenceEngine,inference_complete,0,206,NaN,NaN,NaN,0,18.709,40.8,0.949008,13,NaN,NaN,NaN,NaN,NaN,NaN,NaN,NaN,NaN,NaN,NaN,NaN,NaN
7507,7486,Logic,frame_complete,-268457733656721424,206,7,0.700633,75,0,19,40.8,0.949008,13,1.53773,-0.0147432,-3.46825e-06,0.490097,0.418752,33.111,0,0,0,63.35,26.1484,53.2603,0
7519,7520,CameraCapture,frame_captured,0,207,7,0.158004,75,NaN,NaN,NaN,NaN,NaN,NaN,NaN,NaN,NaN,NaN,NaN,NaN,NaN,NaN,NaN,NaN,NaN,NaN
7520,7521,ImageProcessor_TPU,frame_processed,0,207,7,0.732737,75,0,NaN,NaN,NaN,NaN,NaN,NaN,NaN,NaN,NaN,NaN,NaN,NaN,NaN,NaN,NaN,NaN,NaN
7527,7528,ImageProcessor_Viz,frame_processed,0,207,7,0.336339,NaN,8,NaN,NaN,NaN,NaN,NaN,NaN,NaN,NaN,NaN,NaN,NaN,NaN,NaN,NaN,NaN,NaN,NaN
7539,7540,InferenceEngine,inference_complete,0,207,NaN,NaN,NaN,0,18.772,40.8,0.949008,13,NaN,NaN,NaN,NaN,NaN,NaN,NaN,NaN,NaN,NaN,NaN,NaN,NaN
7540,7518,Logic,frame_complete,-268457733656721424,207,7,0.732737,75,0,18,40.8,0.949008,13,1.53773,-0.020282,-0.000342775,0.488208,0.416829,32.361,0,0,0,63.35,26.1484,53.2603,0
7553,7554,CameraCapture,frame_captured,0,208,7,0.141254,75,NaN,NaN,NaN,NaN,NaN,NaN,NaN,NaN,NaN,NaN,NaN,NaN,NaN,NaN,NaN,NaN,NaN,NaN
7554,7555,ImageProcessor_TPU,frame_processed,0,208,7,0.767099,75,0,NaN,NaN,NaN,NaN,NaN,NaN,NaN,NaN,NaN,NaN,NaN,NaN,NaN,NaN,NaN,NaN,NaN
7561,7562,ImageProcessor_Viz,frame_processed,0,208,7,0.33497,NaN,7,NaN,NaN,NaN,NaN,NaN,NaN,NaN,NaN,NaN,NaN,NaN,NaN,NaN,NaN,NaN,NaN,NaN
7573,7574,InferenceEngine,inference_complete,0,208,NaN,NaN,NaN,0,18.658,40.8,0.960772,13,NaN,NaN,NaN,NaN,NaN,NaN,NaN,NaN,NaN,NaN,NaN,NaN,NaN
7574,7552,Logic,frame_complete,-268457733656721424,208,7,0.767099,75,0,18,40.8,0.960772,13,1.53773,-0.0183477,0.000467803,0.490194,0.416353,33.871,0,0,0,63.35,26.1484,53.2603,0
7586,7587,CameraCapture,frame_captured,0,209,7,0.246999,75,NaN,NaN,NaN,NaN,NaN,NaN,NaN,NaN,NaN,NaN,NaN,NaN,NaN,NaN,NaN,NaN,NaN,NaN
7587,7588,ImageProcessor_TPU,frame_processed,0,209,7,1.20667,75,1,NaN,NaN,NaN,NaN,NaN,NaN,NaN,NaN,NaN,NaN,NaN,NaN,NaN,NaN,NaN,NaN,NaN
7597,7598,ImageProcessor_Viz,frame_processed,0,209,7,0.347043,NaN,10,NaN,NaN,NaN,NaN,NaN,NaN,NaN,NaN,NaN,NaN,NaN,NaN,NaN,NaN,NaN,NaN,NaN
7606,7607,InferenceEngine,inference_complete,0,209,NaN,NaN,NaN,1,18.707,40.8,0.956851,13,NaN,NaN,NaN,NaN,NaN,NaN,NaN,NaN,NaN,NaN,NaN,NaN,NaN
7607,7585,Logic,frame_complete,-268457733656721424,209,7,1.20667,75,1,18,40.8,0.956851,13,1.53773,-0.0186488,-0.000189871,0.490058,0.417144,33.071,0,0,0,63.35,26.1484,53.2603,0
7619,7620,CameraCapture,frame_captured,0,210,7,0.229219,75,NaN,NaN,NaN,NaN,NaN,NaN,NaN,NaN,NaN,NaN,NaN,NaN,NaN,NaN,NaN,NaN,NaN,NaN
7622,7623,ImageProcessor_TPU,frame_processed,0,210,7,1.92142,75,1,NaN,NaN,NaN,NaN,NaN,NaN,NaN,NaN,NaN,NaN,NaN,NaN,NaN,NaN,NaN,NaN,NaN
7627,7628,ImageProcessor_Viz,frame_processed,0,210,7,0.345932,NaN,8,NaN,NaN,NaN,NaN,NaN,NaN,NaN,NaN,NaN,NaN,NaN,NaN,NaN,NaN,NaN,NaN,NaN
7641,7642,InferenceEngine,inference_complete,0,210,NaN,NaN,NaN,1,18.85,40.8,0.921557,13,NaN,NaN,NaN,NaN,NaN,NaN,NaN,NaN,NaN,NaN,NaN,NaN,NaN
7641,7619,Logic,frame_complete,-268457733656721424,210,7,1.92142,75,1,19,40.8,0.921557,13,1.53773,-0.0186088,-8.46423e-05,0.489171,0.417152,34.418,0,0,0,63.35,26.1484,53.2603,0
7654,7655,CameraCapture,frame_captured,0,211,7,0.241936,75,NaN,NaN,NaN,NaN,NaN,NaN,NaN,NaN,NaN,NaN,NaN,NaN,NaN,NaN,NaN,NaN,NaN,NaN
7655,7656,ImageProcessor_TPU,frame_processed,0,211,7,0.910356,75,0,NaN,NaN,NaN,NaN,NaN,NaN,NaN,NaN,NaN,NaN,NaN,NaN,NaN,NaN,NaN,NaN,NaN
7661,7662,ImageProcessor_Viz,frame_processed,0,211,7,0.34721,NaN,8,NaN,NaN,NaN,NaN,NaN,NaN,NaN,NaN,NaN,NaN,NaN,NaN,NaN,NaN,NaN,NaN,NaN
7674,7675,InferenceEngine,inference_complete,0,211,NaN,NaN,NaN,0,18.758,40.8,0.949008,13,NaN,NaN,NaN,NaN,NaN,NaN,NaN,NaN,NaN,NaN,NaN,NaN,NaN
7674,7653,Logic,frame_complete,-268457733656721424,211,7,0.910356,75,0,19,40.8,0.949008,13,1.53773,-0.0178111,3.4377e-05,0.489195,0.41901,33.045,0,0,0,63.35,26.1484,53.2603,0
7687,7687,CameraCapture,frame_captured,0,212,7,0.15785,75,NaN,NaN,NaN,NaN,NaN,NaN,NaN,NaN,NaN,NaN,NaN,NaN,NaN,NaN,NaN,NaN,NaN,NaN
7688,7688,ImageProcessor_TPU,frame_processed,0,212,7,0.87366,75,1,NaN,NaN,NaN,NaN,NaN,NaN,NaN,NaN,NaN,NaN,NaN,NaN,NaN,NaN,NaN,NaN,NaN
7694,7695,ImageProcessor_Viz,frame_processed,0,212,7,0.345877,NaN,7,NaN,NaN,NaN,NaN,NaN,NaN,NaN,NaN,NaN,NaN,NaN,NaN,NaN,NaN,NaN,NaN,NaN
7707,7708,InferenceEngine,inference_complete,0,212,NaN,NaN,NaN,1,18.816,40.8,0.941165,13,NaN,NaN,NaN,NaN,NaN,NaN,NaN,NaN,NaN,NaN,NaN,NaN,NaN
7707,7686,Logic,frame_complete,-268457733656721424,212,7,0.87366,75,1,19,40.8,0.941165,13,1.53019,-0.0190272,-4.07919e-06,0.489187,0.417053,32.791,0,0,0,63.35,26.1484,53.2603,0
7719,7720,CameraCapture,frame_captured,0,213,7,0.156446,75,NaN,NaN,NaN,NaN,NaN,NaN,NaN,NaN,NaN,NaN,NaN,NaN,NaN,NaN,NaN,NaN,NaN,NaN
7721,7721,ImageProcessor_TPU,frame_processed,0,213,7,1.02617,75,1,NaN,NaN,NaN,NaN,NaN,NaN,NaN,NaN,NaN,NaN,NaN,NaN,NaN,NaN,NaN,NaN,NaN
7727,7728,ImageProcessor_Viz,frame_processed,0,213,7,0.341414,NaN,7,NaN,NaN,NaN,NaN,NaN,NaN,NaN,NaN,NaN,NaN,NaN,NaN,NaN,NaN,NaN,NaN,NaN
7740,7741,InferenceEngine,inference_complete,0,213,NaN,NaN,NaN,1,18.938,40.8,0.960772,13,NaN,NaN,NaN,NaN,NaN,NaN,NaN,NaN,NaN,NaN,NaN,NaN,NaN
7740,7718,Logic,frame_complete,-268457733656721424,213,7,1.02617,75,1,19,40.8,0.960772,13,1.52265,-0.0183457,1.13435e-05,0.48919,0.417168,33.134,0,0,0,63.35,26.1484,53.2603,0
7753,7753,CameraCapture,frame_captured,0,214,7,0.234127,75,NaN,NaN,NaN,NaN,NaN,NaN,NaN,NaN,NaN,NaN,NaN,NaN,NaN,NaN,NaN,NaN,NaN,NaN
7754,7755,ImageProcessor_TPU,frame_processed,0,214,7,0.881361,75,0,NaN,NaN,NaN,NaN,NaN,NaN,NaN,NaN,NaN,NaN,NaN,NaN,NaN,NaN,NaN,NaN,NaN
7760,7761,ImageProcessor_Viz,frame_processed,0,214,7,0.34595,NaN,7,NaN,NaN,NaN,NaN,NaN,NaN,NaN,NaN,NaN,NaN,NaN,NaN,NaN,NaN,NaN,NaN,NaN
7773,7774,InferenceEngine,inference_complete,0,214,NaN,NaN,NaN,0,18.694,40.8,0.956851,13,NaN,NaN,NaN,NaN,NaN,NaN,NaN,NaN,NaN,NaN,NaN,NaN,NaN
7773,7752,Logic,frame_complete,-268457733656721424,214,7,0.881361,75,0,19,40.8,0.956851,13,1.51526,-0.0194015,-0.000158723,0.488245,0.415246,33.02,0,0,0,63.35,26.1484,53.2603,0
7786,7787,CameraCapture,frame_captured,0,215,7,0.174143,75,NaN,NaN,NaN,NaN,NaN,NaN,NaN,NaN,NaN,NaN,NaN,NaN,NaN,NaN,NaN,NaN,NaN,NaN
7788,7789,ImageProcessor_TPU,frame_processed,0,215,7,1.42863,75,1,NaN,NaN,NaN,NaN,NaN,NaN,NaN,NaN,NaN,NaN,NaN,NaN,NaN,NaN,NaN,NaN,NaN
7794,7795,ImageProcessor_Viz,frame_processed,0,215,7,0.344024,NaN,7,NaN,NaN,NaN,NaN,NaN,NaN,NaN,NaN,NaN,NaN,NaN,NaN,NaN,NaN,NaN,NaN,NaN
7807,7808,InferenceEngine,inference_complete,0,215,NaN,NaN,NaN,1,19.141,40.8,0.949008,13,NaN,NaN,NaN,NaN,NaN,NaN,NaN,NaN,NaN,NaN,NaN,NaN,NaN
7808,7785,Logic,frame_complete,-268457733656721424,215,7,1.42863,75,1,19,40.8,0.949008,13,1.52265,-0.0181735,0.000214159,0.489233,0.417202,34.22,0,0,0,63.35,26.1484,53.2603,0
7820,7821,CameraCapture,frame_captured,0,216,7,0.140316,75,NaN,NaN,NaN,NaN,NaN,NaN,NaN,NaN,NaN,NaN,NaN,NaN,NaN,NaN,NaN,NaN,NaN,NaN
7821,7822,ImageProcessor_TPU,frame_processed,0,216,7,0.758771,75,0,NaN,NaN,NaN,NaN,NaN,NaN,NaN,NaN,NaN,NaN,NaN,NaN,NaN,NaN,NaN,NaN,NaN
7828,7829,ImageProcessor_Viz,frame_processed,0,216,7,0.349247,NaN,8,NaN,NaN,NaN,NaN,NaN,NaN,NaN,NaN,NaN,NaN,NaN,NaN,NaN,NaN,NaN,NaN,NaN
7842,7843,InferenceEngine,inference_complete,0,216,NaN,NaN,NaN,0,20.947,40.8,0.956851,13,NaN,NaN,NaN,NaN,NaN,NaN,NaN,NaN,NaN,NaN,NaN,NaN,NaN
7842,7819,Logic,frame_complete,-268457733656721424,216,7,0.758771,75,0,21,40.8,0.956851,13,1.51526,-0.0233513,-7.7527e-05,0.489172,0.406075,34.786,0,0,0,63.35,26.1484,53.2603,0
7853,7854,CameraCapture,frame_captured,0,217,7,0.139929,75,NaN,NaN,NaN,NaN,NaN,NaN,NaN,NaN,NaN,NaN,NaN,NaN,NaN,NaN,NaN,NaN,NaN,NaN
7855,7855,ImageProcessor_TPU,frame_processed,0,217,7,0.777459,75,1,NaN,NaN,NaN,NaN,NaN,NaN,NaN,NaN,NaN,NaN,NaN,NaN,NaN,NaN,NaN,NaN,NaN
7861,7862,ImageProcessor_Viz,frame_processed,0,217,7,0.336839,NaN,7,NaN,NaN,NaN,NaN,NaN,NaN,NaN,NaN,NaN,NaN,NaN,NaN,NaN,NaN,NaN,NaN,NaN
7874,7875,InferenceEngine,inference_complete,0,217,NaN,NaN,NaN,1,19.289,40.8,0.933322,13,NaN,NaN,NaN,NaN,NaN,NaN,NaN,NaN,NaN,NaN,NaN,NaN,NaN
7875,7853,Logic,frame_complete,-268457733656721424,217,7,0.777459,75,1,19,40.8,0.933322,13,1.50787,-0.0155371,4.10117e-05,0.489197,0.417687,32.095,0,0,0,63.35,26.1484,53.2603,0
7886,7887,CameraCapture,frame_captured,0,218,7,0.142463,75,NaN,NaN,NaN,NaN,NaN,NaN,NaN,NaN,NaN,NaN,NaN,NaN,NaN,NaN,NaN,NaN,NaN,NaN
7887,7888,ImageProcessor_TPU,frame_processed,0,218,7,0.759085,75,0,NaN,NaN,NaN,NaN,NaN,NaN,NaN,NaN,NaN,NaN,NaN,NaN,NaN,NaN,NaN,NaN,NaN
7894,7895,ImageProcessor_Viz,frame_processed,0,218,7,0.332951,NaN,8,NaN,NaN,NaN,NaN,NaN,NaN,NaN,NaN,NaN,NaN,NaN,NaN,NaN,NaN,NaN,NaN,NaN
7906,7907,InferenceEngine,inference_complete,0,218,NaN,NaN,NaN,0,19.149,40.8,0.949008,13,NaN,NaN,NaN,NaN,NaN,NaN,NaN,NaN,NaN,NaN,NaN,NaN,NaN
7907,7885,Logic,frame_complete,-268457733656721424,218,7,0.759085,75,0,19,40.8,0.949008,13,1.50787,-0.0197873,0.000150219,0.490129,0.416849,31.998,0,0,0,63.35,26.1484,53.2603,0
7919,7920,CameraCapture,frame_captured,0,219,7,0.153756,75,NaN,NaN,NaN,NaN,NaN,NaN,NaN,NaN,NaN,NaN,NaN,NaN,NaN,NaN,NaN,NaN,NaN,NaN
7920,7921,ImageProcessor_TPU,frame_processed,0,219,7,0.751544,75,0,NaN,NaN,NaN,NaN,NaN,NaN,NaN,NaN,NaN,NaN,NaN,NaN,NaN,NaN,NaN,NaN,NaN
7927,7928,ImageProcessor_Viz,frame_processed,0,219,7,0.337062,NaN,7,NaN,NaN,NaN,NaN,NaN,NaN,NaN,NaN,NaN,NaN,NaN,NaN,NaN,NaN,NaN,NaN,NaN
7939,7940,InferenceEngine,inference_complete,0,219,NaN,NaN,NaN,0,18.75,40.8,0.949008,13,NaN,NaN,NaN,NaN,NaN,NaN,NaN,NaN,NaN,NaN,NaN,NaN,NaN
7940,7918,Logic,frame_complete,-268457733656721424,219,7,0.751544,75,0,18,40.8,0.949008,13,1.50787,-0.0180614,-0.00022354,0.489141,0.417189,32.949,0,0,0,63.35,26.1484,53.2603,0
7953,7954,CameraCapture,frame_captured,0,220,7,0.242192,75,NaN,NaN,NaN,NaN,NaN,NaN,NaN,NaN,NaN,NaN,NaN,NaN,NaN,NaN,NaN,NaN,NaN,NaN
7954,7955,ImageProcessor_TPU,frame_processed,0,220,7,0.792683,75,0,NaN,NaN,NaN,NaN,NaN,NaN,NaN,NaN,NaN,NaN,NaN,NaN,NaN,NaN,NaN,NaN,NaN
7961,7962,ImageProcessor_Viz,frame_processed,0,220,7,0.331006,NaN,8,NaN,NaN,NaN,NaN,NaN,NaN,NaN,NaN,NaN,NaN,NaN,NaN,NaN,NaN,NaN,NaN,NaN
7973,7974,InferenceEngine,inference_complete,0,220,NaN,NaN,NaN,0,18.67,40.8,0.949008,13,NaN,NaN,NaN,NaN,NaN,NaN,NaN,NaN,NaN,NaN,NaN,NaN,NaN
7973,7952,Logic,frame_complete,-268457733656721424,220,7,0.792683,75,0,19,40.8,0.949008,13,1.50787,-0.0187633,0.000249255,0.49015,0.417051,33.772,0,0,0,63.35,26.1484,53.2603,0
7986,7987,CameraCapture,frame_captured,0,221,7,0.232582,75,NaN,NaN,NaN,NaN,NaN,NaN,NaN,NaN,NaN,NaN,NaN,NaN,NaN,NaN,NaN,NaN,NaN,NaN
7987,7988,ImageProcessor_TPU,frame_processed,0,221,7,0.799204,75,0,NaN,NaN,NaN,NaN,NaN,NaN,NaN,NaN,NaN,NaN,NaN,NaN,NaN,NaN,NaN,NaN,NaN
7994,7995,ImageProcessor_Viz,frame_processed,0,221,7,0.34021,NaN,7,NaN,NaN,NaN,NaN,NaN,NaN,NaN,NaN,NaN,NaN,NaN,NaN,NaN,NaN,NaN,NaN,NaN
8006,8007,InferenceEngine,inference_complete,0,221,NaN,NaN,NaN,0,18.658,40.8,0.941165,13,NaN,NaN,NaN,NaN,NaN,NaN,NaN,NaN,NaN,NaN,NaN,NaN,NaN
8006,7985,Logic,frame_complete,-268457733656721424,221,7,0.799204,75,0,19,40.8,0.941165,13,1.5228,-0.0186512,-0.000452723,0.488184,0.417109,32.755,0,0,0,63.35,26.1484,53.2603,0
8019,8020,CameraCapture,frame_captured,0,222,7,0.169336,75,NaN,NaN,NaN,NaN,NaN,NaN,NaN,NaN,NaN,NaN,NaN,NaN,NaN,NaN,NaN,NaN,NaN,NaN
8020,8021,ImageProcessor_TPU,frame_processed,0,222,7,0.766532,75,0,NaN,NaN,NaN,NaN,NaN,NaN,NaN,NaN,NaN,NaN,NaN,NaN,NaN,NaN,NaN,NaN,NaN
8027,8028,ImageProcessor_Viz,frame_processed,0,222,7,0.334284,NaN,7,NaN,NaN,NaN,NaN,NaN,NaN,NaN,NaN,NaN,NaN,NaN,NaN,NaN,NaN,NaN,NaN,NaN
8039,8040,InferenceEngine,inference_complete,0,222,NaN,NaN,NaN,0,18.614,40.8,0.941165,13,NaN,NaN,NaN,NaN,NaN,NaN,NaN,NaN,NaN,NaN,NaN,NaN,NaN
8039,8018,Logic,frame_complete,-268457733656721424,222,7,0.766532,75,0,19,40.8,0.941165,13,1.53773,-0.0187405,0.000332907,0.489257,0.417127,33.078,0,0,0,63.35,26.1484,53.2603,0
8052,8053,CameraCapture,frame_captured,0,223,7,0.209315,75,NaN,NaN,NaN,NaN,NaN,NaN,NaN,NaN,NaN,NaN,NaN,NaN,NaN,NaN,NaN,NaN,NaN,NaN
8054,8055,ImageProcessor_TPU,frame_processed,0,223,7,0.787251,75,1,NaN,NaN,NaN,NaN,NaN,NaN,NaN,NaN,NaN,NaN,NaN,NaN,NaN,NaN,NaN,NaN,NaN
8060,8061,ImageProcessor_Viz,frame_processed,0,223,7,0.333839,NaN,8,NaN,NaN,NaN,NaN,NaN,NaN,NaN,NaN,NaN,NaN,NaN,NaN,NaN,NaN,NaN,NaN,NaN
8073,8074,InferenceEngine,inference_complete,0,223,NaN,NaN,NaN,1,18.798,40.8,0.941165,13,NaN,NaN,NaN,NaN,NaN,NaN,NaN,NaN,NaN,NaN,NaN,NaN,NaN
8074,8052,Logic,frame_complete,-268457733656721424,223,7,0.787251,75,1,19,40.8,0.941165,13,1.53773,-0.0185709,-0.000135161,0.48916,0.417159,34.147,0,0,0,63.35,26.1484,53.2603,0
8087,8088,CameraCapture,frame_captured,0,224,7,0.148452,75,NaN,NaN,NaN,NaN,NaN,NaN,NaN,NaN,NaN,NaN,NaN,NaN,NaN,NaN,NaN,NaN,NaN,NaN
8089,8090,ImageProcessor_TPU,frame_processed,0,224,7,1.3047,75,0,NaN,NaN,NaN,NaN,NaN,NaN,NaN,NaN,NaN,NaN,NaN,NaN,NaN,NaN,NaN,NaN,NaN
8095,8096,ImageProcessor_Viz,frame_processed,0,224,7,0.335339,NaN,7,NaN,NaN,NaN,NaN,NaN,NaN,NaN,NaN,NaN,NaN,NaN,NaN,NaN,NaN,NaN,NaN,NaN
8108,8109,InferenceEngine,inference_complete,0,224,NaN,NaN,NaN,0,18.829,40.8,0.956851,13,NaN,NaN,NaN,NaN,NaN,NaN,NaN,NaN,NaN,NaN,NaN,NaN,NaN
8109,8087,Logic,frame_complete,-268457733656721424,224,7,1.3047,75,0,18,40.8,0.956851,13,1.53773,-0.0186414,0.000212688,0.490141,0.417146,35.153,0,0,0,63.35,26.1484,53.2603,0
8119,8120,CameraCapture,frame_captured,0,225,7,0.177048,75,NaN,NaN,NaN,NaN,NaN,NaN,NaN,NaN,NaN,NaN,NaN,NaN,NaN,NaN,NaN,NaN,NaN,NaN
8121,8122,ImageProcessor_TPU,frame_processed,0,225,7,0.769466,75,1,NaN,NaN,NaN,NaN,NaN,NaN,NaN,NaN,NaN,NaN,NaN,NaN,NaN,NaN,NaN,NaN,NaN
8127,8128,ImageProcessor_Viz,frame_processed,0,225,7,0.342339,NaN,7,NaN,NaN,NaN,NaN,NaN,NaN,NaN,NaN,NaN,NaN,NaN,NaN,NaN,NaN,NaN,NaN,NaN
8140,8141,InferenceEngine,inference_complete,0,225,NaN,NaN,NaN,1,18.993,40.8,0.941165,13,NaN,NaN,NaN,NaN,NaN,NaN,NaN,NaN,NaN,NaN,NaN,NaN,NaN
8140,8118,Logic,frame_complete,-268457733656721424,225,7,0.769466,75,1,19,40.8,0.941165,13,1.53019,-0.0181088,-7.67186e-05,0.490082,0.418082,31.684,0,0,0,63.35,26.1484,53.2603,0
8152,8153,CameraCapture,frame_captured,0,226,7,0.146432,75,NaN,NaN,NaN,NaN,NaN,NaN,NaN,NaN,NaN,NaN,NaN,NaN,NaN,NaN,NaN,NaN,NaN,NaN
8154,8155,ImageProcessor_TPU,frame_processed,0,226,7,1.62131,75,0,NaN,NaN,NaN,NaN,NaN,NaN,NaN,NaN,NaN,NaN,NaN,NaN,NaN,NaN,NaN,NaN,NaN
8161,8162,ImageProcessor_Viz,frame_processed,0,226,7,0.350913,NaN,8,NaN,NaN,NaN,NaN,NaN,NaN,NaN,NaN,NaN,NaN,NaN,NaN,NaN,NaN,NaN,NaN,NaN
8173,8174,InferenceEngine,inference_complete,0,226,NaN,NaN,NaN,0,18.83,40.8,0.933322,13,NaN,NaN,NaN,NaN,NaN,NaN,NaN,NaN,NaN,NaN,NaN,NaN,NaN
8174,8151,Logic,frame_complete,-268457733656721424,226,7,1.62131,75,0,18,40.8,0.933322,13,1.53019,-0.0184864,3.11807e-05,0.490104,0.418009,33.354,0,0,0,63.35,26.1484,53.2603,0
8186,8187,CameraCapture,frame_captured,0,227,7,0.238392,75,NaN,NaN,NaN,NaN,NaN,NaN,NaN,NaN,NaN,NaN,NaN,NaN,NaN,NaN,NaN,NaN,NaN,NaN
8187,8188,ImageProcessor_TPU,frame_processed,0,227,7,0.786995,75,0,NaN,NaN,NaN,NaN,NaN,NaN,NaN,NaN,NaN,NaN,NaN,NaN,NaN,NaN,NaN,NaN,NaN
8194,8195,ImageProcessor_Viz,frame_processed,0,227,7,0.322302,NaN,9,NaN,NaN,NaN,NaN,NaN,NaN,NaN,NaN,NaN,NaN,NaN,NaN,NaN,NaN,NaN,NaN,NaN
8206,8207,InferenceEngine,inference_complete,0,227,NaN,NaN,NaN,0,18.682,40.8,0.921557,13,NaN,NaN,NaN,NaN,NaN,NaN,NaN,NaN,NaN,NaN,NaN,NaN,NaN
8206,8185,Logic,frame_complete,-268457733656721424,227,7,0.786995,75,0,19,40.8,0.921557,13,1.53773,-0.0188283,-0.00036487,0.488203,0.41711,32.36,0,0,0,63.35,26.1484,53.2603,0
8220,8220,CameraCapture,frame_captured,0,228,7,0.145307,75,NaN,NaN,NaN,NaN,NaN,NaN,NaN,NaN,NaN,NaN,NaN,NaN,NaN,NaN,NaN,NaN,NaN,NaN
8221,8222,ImageProcessor_TPU,frame_processed,0,228,7,0.703465,75,0,NaN,NaN,NaN,NaN,NaN,NaN,NaN,NaN,NaN,NaN,NaN,NaN,NaN,NaN,NaN,NaN,NaN
8228,8229,ImageProcessor_Viz,frame_processed,0,228,7,0.336358,NaN,8,NaN,NaN,NaN,NaN,NaN,NaN,NaN,NaN,NaN,NaN,NaN,NaN,NaN,NaN,NaN,NaN,NaN
8240,8241,InferenceEngine,inference_complete,0,228,NaN,NaN,NaN,0,18.725,40.8,0.933322,13,NaN,NaN,NaN,NaN,NaN,NaN,NaN,NaN,NaN,NaN,NaN,NaN,NaN
8240,8219,Logic,frame_complete,-268457733656721424,228,7,0.703465,75,0,19,40.8,0.933322,13,1.53773,-0.0185347,0.000312045,0.489253,0.417167,33.936,0,0,0,63.35,26.1484,53.2603,0
8252,8253,CameraCapture,frame_captured,0,229,7,0.239979,75,NaN,NaN,NaN,NaN,NaN,NaN,NaN,NaN,NaN,NaN,NaN,NaN,NaN,NaN,NaN,NaN,NaN,NaN
8253,8254,ImageProcessor_TPU,frame_processed,0,229,7,0.851379,75,0,NaN,NaN,NaN,NaN,NaN,NaN,NaN,NaN,NaN,NaN,NaN,NaN,NaN,NaN,NaN,NaN,NaN
8262,8262,ImageProcessor_Viz,frame_processed,0,229,7,0.373803,NaN,8,NaN,NaN,NaN,NaN,NaN,NaN,NaN,NaN,NaN,NaN,NaN,NaN,NaN,NaN,NaN,NaN,NaN
8273,8273,InferenceEngine,inference_complete,0,229,NaN,NaN,NaN,0,18.928,40.8,0.933322,13,NaN,NaN,NaN,NaN,NaN,NaN,NaN,NaN,NaN,NaN,NaN,NaN,NaN
8273,8252,Logic,frame_complete,-268457733656721424,229,7,0.851379,75,0,19,40.8,0.933322,13,1.53019,-0.0181593,5.2914e-05,0.490108,0.418073,32.625,0,0,0,63.35,26.1484,53.2603,0
8286,8287,CameraCapture,frame_captured,0,230,7,0.240882,75,NaN,NaN,NaN,NaN,NaN,NaN,NaN,NaN,NaN,NaN,NaN,NaN,NaN,NaN,NaN,NaN,NaN,NaN
8287,8288,ImageProcessor_TPU,frame_processed,0,230,7,1.22884,75,0,NaN,NaN,NaN,NaN,NaN,NaN,NaN,NaN,NaN,NaN,NaN,NaN,NaN,NaN,NaN,NaN,NaN
8294,8294,ImageProcessor_Viz,frame_processed,0,230,7,0.358933,NaN,8,NaN,NaN,NaN,NaN,NaN,NaN,NaN,NaN,NaN,NaN,NaN,NaN,NaN,NaN,NaN,NaN,NaN
8307,8307,InferenceEngine,inference_complete,0,230,NaN,NaN,NaN,0,19.096,40.8,0.949008,13,NaN,NaN,NaN,NaN,NaN,NaN,NaN,NaN,NaN,NaN,NaN,NaN,NaN
8307,8285,Logic,frame_complete,-268457733656721424,230,7,1.22884,75,0,20,40.8,0.949008,13,1.53019,-0.0188655,-2.15061e-05,0.490093,0.417085,33.986,0,0,0,63.35,26.1484,53.2603,0
8319,8320,CameraCapture,frame_captured,0,231,7,0.161912,75,NaN,NaN,NaN,NaN,NaN,NaN,NaN,NaN,NaN,NaN,NaN,NaN,NaN,NaN,NaN,NaN,NaN,NaN
8320,8321,ImageProcessor_TPU,frame_processed,0,231,7,0.994965,75,0,NaN,NaN,NaN,NaN,NaN,NaN,NaN,NaN,NaN,NaN,NaN,NaN,NaN,NaN,NaN,NaN,NaN
8326,8327,ImageProcessor_Viz,frame_processed,0,231,7,0.343173,NaN,7,NaN,NaN,NaN,NaN,NaN,NaN,NaN,NaN,NaN,NaN,NaN,NaN,NaN,NaN,NaN,NaN,NaN
8339,8340,InferenceEngine,inference_complete,0,231,NaN,NaN,NaN,0,18.771,40.8,0.933322,13,NaN,NaN,NaN,NaN,NaN,NaN,NaN,NaN,NaN,NaN,NaN,NaN,NaN
8340,8318,Logic,frame_complete,-268457733656721424,231,7,0.994965,75,0,19,40.8,0.933322,13,1.53019,-0.0185012,8.73581e-06,0.490099,0.417155,32.565,0,0,0,63.35,26.1484,53.2603,0
8353,8354,CameraCapture,frame_captured,0,232,7,0.146255,75,NaN,NaN,NaN,NaN,NaN,NaN,NaN,NaN,NaN,NaN,NaN,NaN,NaN,NaN,NaN,NaN,NaN,NaN
8354,8355,ImageProcessor_TPU,frame_processed,0,232,7,0.771433,75,0,NaN,NaN,NaN,NaN,NaN,NaN,NaN,NaN,NaN,NaN,NaN,NaN,NaN,NaN,NaN,NaN,NaN
8361,8362,ImageProcessor_Viz,frame_processed,0,232,7,0.340154,NaN,8,NaN,NaN,NaN,NaN,NaN,NaN,NaN,NaN,NaN,NaN,NaN,NaN,NaN,NaN,NaN,NaN,NaN
8373,8374,InferenceEngine,inference_complete,0,232,NaN,NaN,NaN,0,18.788,40.8,0.956851,13,NaN,NaN,NaN,NaN,NaN,NaN,NaN,NaN,NaN,NaN,NaN,NaN,NaN
8374,8352,Logic,frame_complete,-268457733656721424,232,7,0.771433,75,0,19,40.8,0.956851,13,1.52265,-0.0181637,5.1409e-06,0.490099,0.418054,33.893,0,0,0,63.35,26.1484,53.2603,0
8387,8388,CameraCapture,frame_captured,0,233,7,0.238988,75,NaN,NaN,NaN,NaN,NaN,NaN,NaN,NaN,NaN,NaN,NaN,NaN,NaN,NaN,NaN,NaN,NaN,NaN
8389,8390,ImageProcessor_TPU,frame_processed,0,233,7,1.24375,75,1,NaN,NaN,NaN,NaN,NaN,NaN,NaN,NaN,NaN,NaN,NaN,NaN,NaN,NaN,NaN,NaN,NaN
8395,8396,ImageProcessor_Viz,frame_processed,0,233,7,0.338247,NaN,7,NaN,NaN,NaN,NaN,NaN,NaN,NaN,NaN,NaN,NaN,NaN,NaN,NaN,NaN,NaN,NaN,NaN
8408,8409,InferenceEngine,inference_complete,0,233,NaN,NaN,NaN,1,18.782,40.8,0.921557,13,NaN,NaN,NaN,NaN,NaN,NaN,NaN,NaN,NaN,NaN,NaN,NaN,NaN
8408,8386,Logic,frame_complete,-268457733656721424,233,7,1.24375,75,1,19,40.8,0.921557,13,1.53019,-0.0189245,0.000147842,0.491038,0.417073,34.705,0,0,0,63.35,26.1484,53.2603,0
8420,8421,CameraCapture,frame_captured,0,234,7,0.351594,75,NaN,NaN,NaN,NaN,NaN,NaN,NaN,NaN,NaN,NaN,NaN,NaN,NaN,NaN,NaN,NaN,NaN,NaN
8423,8424,ImageProcessor_TPU,frame_processed,0,234,7,2.10983,75,1,NaN,NaN,NaN,NaN,NaN,NaN,NaN,NaN,NaN,NaN,NaN,NaN,NaN,NaN,NaN,NaN,NaN
8431,8431,ImageProcessor_Viz,frame_processed,0,234,7,0.821274,NaN,10,NaN,NaN,NaN,NaN,NaN,NaN,NaN,NaN,NaN,NaN,NaN,NaN,NaN,NaN,NaN,NaN,NaN
8443,8444,InferenceEngine,inference_complete,0,234,NaN,NaN,NaN,1,20.098,40.8,0.956851,13,NaN,NaN,NaN,NaN,NaN,NaN,NaN,NaN,NaN,NaN,NaN,NaN,NaN
8444,8419,Logic,frame_complete,-268457733656721424,234,7,2.10983,75,1,20,40.8,0.956851,13,1.53773,-0.0185597,-0.000382137,0.489109,0.417162,35.443,0,0,0,63.35,26.1484,53.2603,0
8453,8453,CameraCapture,frame_captured,0,235,7,0.179294,75,NaN,NaN,NaN,NaN,NaN,NaN,NaN,NaN,NaN,NaN,NaN,NaN,NaN,NaN,NaN,NaN,NaN,NaN
8454,8454,ImageProcessor_TPU,frame_processed,0,235,7,0.79012,75,1,NaN,NaN,NaN,NaN,NaN,NaN,NaN,NaN,NaN,NaN,NaN,NaN,NaN,NaN,NaN,NaN,NaN
8462,8462,ImageProcessor_Viz,frame_processed,0,235,7,0.353358,NaN,9,NaN,NaN,NaN,NaN,NaN,NaN,NaN,NaN,NaN,NaN,NaN,NaN,NaN,NaN,NaN,NaN,NaN
8477,8477,InferenceEngine,inference_complete,0,235,NaN,NaN,NaN,1,22.475,40.8,0.956851,13,NaN,NaN,NaN,NaN,NaN,NaN,NaN,NaN,NaN,NaN,NaN,NaN,NaN
8477,8452,Logic,frame_complete,-268457733656721424,235,7,0.79012,75,1,23,40.8,0.956851,13,1.53773,-0.0194547,0.000155497,0.48922,0.415291,33.218,0,0,0,63.35,26.1484,53.2603,0
8487,8488,CameraCapture,frame_captured,0,236,7,0.265342,75,NaN,NaN,NaN,NaN,NaN,NaN,NaN,NaN,NaN,NaN,NaN,NaN,NaN,NaN,NaN,NaN,NaN,NaN
8489,8490,ImageProcessor_TPU,frame_processed,0,236,7,1.20614,75,1,NaN,NaN,NaN,NaN,NaN,NaN,NaN,NaN,NaN,NaN,NaN,NaN,NaN,NaN,NaN,NaN,NaN
8494,8495,ImageProcessor_Viz,frame_processed,0,236,7,0.346413,NaN,7,NaN,NaN,NaN,NaN,NaN,NaN,NaN,NaN,NaN,NaN,NaN,NaN,NaN,NaN,NaN,NaN,NaN
8509,8509,InferenceEngine,inference_complete,0,236,NaN,NaN,NaN,1,19.761,40.8,0.941165,13,NaN,NaN,NaN,NaN,NaN,NaN,NaN,NaN,NaN,NaN,NaN,NaN,NaN
8509,8486,Logic,frame_complete,-268457733656721424,236,7,1.20614,75,1,20,40.8,0.941165,13,1.53773,-0.0185121,-6.3125e-05,0.489175,0.416321,31.824,0,0,0,63.35,26.1484,53.2603,0
8519,8520,CameraCapture,frame_captured,0,237,7,0.159229,75,NaN,NaN,NaN,NaN,NaN,NaN,NaN,NaN,NaN,NaN,NaN,NaN,NaN,NaN,NaN,NaN,NaN,NaN
8520,8521,ImageProcessor_TPU,frame_processed,0,237,7,0.740814,75,0,NaN,NaN,NaN,NaN,NaN,NaN,NaN,NaN,NaN,NaN,NaN,NaN,NaN,NaN,NaN,NaN,NaN
8528,8529,ImageProcessor_Viz,frame_processed,0,237,7,0.34008,NaN,8,NaN,NaN,NaN,NaN,NaN,NaN,NaN,NaN,NaN,NaN,NaN,NaN,NaN,NaN,NaN,NaN,NaN
8539,8540,InferenceEngine,inference_complete,0,237,NaN,NaN,NaN,0,18.696,40.8,0.933322,13,NaN,NaN,NaN,NaN,NaN,NaN,NaN,NaN,NaN,NaN,NaN,NaN,NaN
8540,8519,Logic,frame_complete,-268457733656721424,237,7,0.740814,75,0,18,40.8,0.933322,13,1.53019,-0.0184737,3.59938e-05,0.489196,0.417161,30.872,0,0,0,63.35,26.1484,53.2603,0
8553,8554,CameraCapture,frame_captured,0,238,7,0.180223,75,NaN,NaN,NaN,NaN,NaN,NaN,NaN,NaN,NaN,NaN,NaN,NaN,NaN,NaN,NaN,NaN,NaN,NaN
8554,8555,ImageProcessor_TPU,frame_processed,0,238,7,0.877754,75,0,NaN,NaN,NaN,NaN,NaN,NaN,NaN,NaN,NaN,NaN,NaN,NaN,NaN,NaN,NaN,NaN,NaN
8560,8561,ImageProcessor_Viz,frame_processed,0,238,7,0.341525,NaN,7,NaN,NaN,NaN,NaN,NaN,NaN,NaN,NaN,NaN,NaN,NaN,NaN,NaN,NaN,NaN,NaN,NaN
8573,8574,InferenceEngine,inference_complete,0,238,NaN,NaN,NaN,0,19.332,40.8,0.941165,13,NaN,NaN,NaN,NaN,NaN,NaN,NaN,NaN,NaN,NaN,NaN,NaN,NaN
8574,8552,Logic,frame_complete,-268457733656721424,238,7,0.877754,75,0,19,40.8,0.941165,13,1.53019,-0.0186597,0.00014754,0.490128,0.417125,33.99,0,0,0,63.35,26.1484,53.2603,0
8586,8586,CameraCapture,frame_captured,0,239,7,0.247136,75,NaN,NaN,NaN,NaN,NaN,NaN,NaN,NaN,NaN,NaN,NaN,NaN,NaN,NaN,NaN,NaN,NaN,NaN
8587,8588,ImageProcessor_TPU,frame_processed,0,239,7,0.890241,75,0,NaN,NaN,NaN,NaN,NaN,NaN,NaN,NaN,NaN,NaN,NaN,NaN,NaN,NaN,NaN,NaN,NaN
8596,8597,ImageProcessor_Viz,frame_processed,0,239,7,0.340895,NaN,10,NaN,NaN,NaN,NaN,NaN,NaN,NaN,NaN,NaN,NaN,NaN,NaN,NaN,NaN,NaN,NaN,NaN
8606,8607,InferenceEngine,inference_complete,0,239,NaN,NaN,NaN,0,19.093,40.8,0.941165,13,NaN,NaN,NaN,NaN,NaN,NaN,NaN,NaN,NaN,NaN,NaN,NaN,NaN
8607,8585,Logic,frame_complete,-268457733656721424,239,7,0.890241,75,0,19,40.8,0.941165,13,1.53773,-0.0182663,-6.92233e-05,0.490083,0.418069,32.603,0,0,0,63.35,26.1484,53.2603,0
8620,8620,CameraCapture,frame_captured,0,240,7,0.241124,75,NaN,NaN,NaN,NaN,NaN,NaN,NaN,NaN,NaN,NaN,NaN,NaN,NaN,NaN,NaN,NaN,NaN,NaN
8621,8622,ImageProcessor_TPU,frame_processed,0,240,7,1.25749,75,0,NaN,NaN,NaN,NaN,NaN,NaN,NaN,NaN,NaN,NaN,NaN,NaN,NaN,NaN,NaN,NaN,NaN
8628,8629,ImageProcessor_Viz,frame_processed,0,240,7,0.351617,NaN,8,NaN,NaN,NaN,NaN,NaN,NaN,NaN,NaN,NaN,NaN,NaN,NaN,NaN,NaN,NaN,NaN,NaN
8641,8642,InferenceEngine,inference_complete,0,240,NaN,NaN,NaN,0,19.817,40.8,0.949008,13,NaN,NaN,NaN,NaN,NaN,NaN,NaN,NaN,NaN,NaN,NaN,NaN,NaN
8642,8619,Logic,frame_complete,-268457733656721424,240,7,1.25749,75,0,20,40.8,0.949008,13,1.53773,-0.0188402,2.81557e-05,0.490103,0.417107,35.08,0,0,0,63.35,26.1484,53.2603,0
8652,8653,CameraCapture,frame_captured,0,241,7,0.176271,75,NaN,NaN,NaN,NaN,NaN,NaN,NaN,NaN,NaN,NaN,NaN,NaN,NaN,NaN,NaN,NaN,NaN,NaN
8653,8654,ImageProcessor_TPU,frame_processed,0,241,7,0.74317,75,0,NaN,NaN,NaN,NaN,NaN,NaN,NaN,NaN,NaN,NaN,NaN,NaN,NaN,NaN,NaN,NaN,NaN
8660,8661,ImageProcessor_Viz,frame_processed,0,241,7,0.338118,NaN,7,NaN,NaN,NaN,NaN,NaN,NaN,NaN,NaN,NaN,NaN,NaN,NaN,NaN,NaN,NaN,NaN,NaN
8674,8675,InferenceEngine,inference_complete,0,241,NaN,NaN,NaN,0,20.481,40.8,0.949008,13,NaN,NaN,NaN,NaN,NaN,NaN,NaN,NaN,NaN,NaN,NaN,NaN,NaN
8675,8651,Logic,frame_complete,-268457733656721424,241,7,0.74317,75,0,20,40.8,0.949008,13,1.53019,-0.019251,-0.000169154,0.489153,0.415312,32.954,0,0,0,63.35,26.1484,53.2603,0
8686,8686,CameraCapture,frame_captured,0,242,7,0.240898,75,NaN,NaN,NaN,NaN,NaN,NaN,NaN,NaN,NaN,NaN,NaN,NaN,NaN,NaN,NaN,NaN,NaN,NaN
8687,8688,ImageProcessor_TPU,frame_processed,0,242,7,1.09567,75,0,NaN,NaN,NaN,NaN,NaN,NaN,NaN,NaN,NaN,NaN,NaN,NaN,NaN,NaN,NaN,NaN,NaN
8694,8694,ImageProcessor_Viz,frame_processed,0,242,7,0.350581,NaN,8,NaN,NaN,NaN,NaN,NaN,NaN,NaN,NaN,NaN,NaN,NaN,NaN,NaN,NaN,NaN,NaN,NaN
8706,8707,InferenceEngine,inference_complete,0,242,NaN,NaN,NaN,0,18.957,40.8,0.933322,13,NaN,NaN,NaN,NaN,NaN,NaN,NaN,NaN,NaN,NaN,NaN,NaN,NaN
8707,8685,Logic,frame_complete,-268457733656721424,242,7,1.09567,75,0,19,40.8,0.933322,13,1.53773,-0.0182572,0.000232555,0.490146,0.41722,32.017,0,0,0,63.35,26.1484,53.2603,0
8719,8720,CameraCapture,frame_captured,0,243,7,0.194259,75,NaN,NaN,NaN,NaN,NaN,NaN,NaN,NaN,NaN,NaN,NaN,NaN,NaN,NaN,NaN,NaN,NaN,NaN
8720,8720,ImageProcessor_TPU,frame_processed,0,243,7,0.752732,75,1,NaN,NaN,NaN,NaN,NaN,NaN,NaN,NaN,NaN,NaN,NaN,NaN,NaN,NaN,NaN,NaN,NaN
8727,8728,ImageProcessor_Viz,frame_processed,0,243,7,0.335877,NaN,7,NaN,NaN,NaN,NaN,NaN,NaN,NaN,NaN,NaN,NaN,NaN,NaN,NaN,NaN,NaN,NaN,NaN
8741,8742,InferenceEngine,inference_complete,0,243,NaN,NaN,NaN,1,21.13,40.8,0.941165,13,NaN,NaN,NaN,NaN,NaN,NaN,NaN,NaN,NaN,NaN,NaN,NaN,NaN
8741,8718,Logic,frame_complete,-268457733656721424,243,7,0.752732,75,1,21,40.8,0.941165,13,1.53773,-0.0187676,-0.000255026,0.489135,0.417121,34.647,0,0,0,63.35,26.1484,53.2603,0
8753,8754,CameraCapture,frame_captured,0,244,7,0.237767,75,NaN,NaN,NaN,NaN,NaN,NaN,NaN,NaN,NaN,NaN,NaN,NaN,NaN,NaN,NaN,NaN,NaN,NaN
8754,8755,ImageProcessor_TPU,frame_processed,0,244,7,0.956299,75,0,NaN,NaN,NaN,NaN,NaN,NaN,NaN,NaN,NaN,NaN,NaN,NaN,NaN,NaN,NaN,NaN,NaN
8760,8761,ImageProcessor_Viz,frame_processed,0,244,7,0.359414,NaN,8,NaN,NaN,NaN,NaN,NaN,NaN,NaN,NaN,NaN,NaN,NaN,NaN,NaN,NaN,NaN,NaN,NaN
8773,8774,InferenceEngine,inference_complete,0,244,NaN,NaN,NaN,0,19.039,40.8,0.933322,13,NaN,NaN,NaN,NaN,NaN,NaN,NaN,NaN,NaN,NaN,NaN,NaN,NaN
8774,8752,Logic,frame_complete,-268457733656721424,244,7,0.956299,75,0,19,40.8,0.933322,13,1.53773,-0.01856,0.000103515,0.489209,0.417162,32.312,0,0,0,63.35,26.1484,53.2603,0
8785,8786,CameraCapture,frame_captured,0,245,7,0.145673,75,NaN,NaN,NaN,NaN,NaN,NaN,NaN,NaN,NaN,NaN,NaN,NaN,NaN,NaN,NaN,NaN,NaN,NaN
8787,8787,ImageProcessor_TPU,frame_processed,0,245,7,0.69772,75,1,NaN,NaN,NaN,NaN,NaN,NaN,NaN,NaN,NaN,NaN,NaN,NaN,NaN,NaN,NaN,NaN,NaN
8794,8794,ImageProcessor_Viz,frame_processed,0,245,7,0.339135,NaN,8,NaN,NaN,NaN,NaN,NaN,NaN,NaN,NaN,NaN,NaN,NaN,NaN,NaN,NaN,NaN,NaN,NaN
8806,8807,InferenceEngine,inference_complete,0,245,NaN,NaN,NaN,1,18.775,40.8,0.941165,13,NaN,NaN,NaN,NaN,NaN,NaN,NaN,NaN,NaN,NaN,NaN,NaN,NaN
8806,8785,Logic,frame_complete,-268457733656721424,245,7,0.69772,75,1,19,40.8,0.941165,13,1.53773,-0.0190543,-4.21181e-05,0.489179,0.416217,32.296,0,0,0,63.35,26.1484,53.2603,0
8819,8820,CameraCapture,frame_captured,0,246,7,0.14987,75,NaN,NaN,NaN,NaN,NaN,NaN,NaN,NaN,NaN,NaN,NaN,NaN,NaN,NaN,NaN,NaN,NaN,NaN
8820,8821,ImageProcessor_TPU,frame_processed,0,246,7,0.722843,75,0,NaN,NaN,NaN,NaN,NaN,NaN,NaN,NaN,NaN,NaN,NaN,NaN,NaN,NaN,NaN,NaN,NaN
8827,8828,ImageProcessor_Viz,frame_processed,0,246,7,0.350229,NaN,8,NaN,NaN,NaN,NaN,NaN,NaN,NaN,NaN,NaN,NaN,NaN,NaN,NaN,NaN,NaN,NaN,NaN
8839,8840,InferenceEngine,inference_complete,0,246,NaN,NaN,NaN,0,18.756,40.8,0.941165,13,NaN,NaN,NaN,NaN,NaN,NaN,NaN,NaN,NaN,NaN,NaN,NaN,NaN
8839,8818,Logic,frame_complete,-268457733656721424,246,7,0.722843,75,0,19,40.8,0.941165,13,1.53773,-0.01836,1.70991e-05,0.489192,0.4172,33.161,0,0,0,63.35,26.1484,53.2603,0
8853,8854,CameraCapture,frame_captured,0,247,7,0.242311,75,NaN,NaN,NaN,NaN,NaN,NaN,NaN,NaN,NaN,NaN,NaN,NaN,NaN,NaN,NaN,NaN,NaN,NaN
8856,8856,ImageProcessor_TPU,frame_processed,0,247,7,2.13948,75,1,NaN,NaN,NaN,NaN,NaN,NaN,NaN,NaN,NaN,NaN,NaN,NaN,NaN,NaN,NaN,NaN,NaN
8861,8862,ImageProcessor_Viz,frame_processed,0,247,7,0.37034,NaN,7,NaN,NaN,NaN,NaN,NaN,NaN,NaN,NaN,NaN,NaN,NaN,NaN,NaN,NaN,NaN,NaN,NaN
8875,8875,InferenceEngine,inference_complete,0,247,NaN,NaN,NaN,1,18.671,40.8,0.941165,13,NaN,NaN,NaN,NaN,NaN,NaN,NaN,NaN,NaN,NaN,NaN,NaN,NaN
8875,8852,Logic,frame_complete,-268457733656721424,247,7,2.13948,75,1,18,40.8,0.941165,13,1.53773,-0.0187252,-6.92531e-06,0.489187,0.41713,35.594,0,0,0,63.35,26.1484,53.2603,0
8886,8887,CameraCapture,frame_captured,0,248,7,0.204281,75,NaN,NaN,NaN,NaN,NaN,NaN,NaN,NaN,NaN,NaN,NaN,NaN,NaN,NaN,NaN,NaN,NaN,NaN
8888,8888,ImageProcessor_TPU,frame_processed,0,248,7,1.0552,75,1,NaN,NaN,NaN,NaN,NaN,NaN,NaN,NaN,NaN,NaN,NaN,NaN,NaN,NaN,NaN,NaN,NaN
8894,8894,ImageProcessor_Viz,frame_processed,0,248,7,0.347618,NaN,7,NaN,NaN,NaN,NaN,NaN,NaN,NaN,NaN,NaN,NaN,NaN,NaN,NaN,NaN,NaN,NaN,NaN
8907,8907,InferenceEngine,inference_complete,0,248,NaN,NaN,NaN,1,18.822,40.8,0.941165,13,NaN,NaN,NaN,NaN,NaN,NaN,NaN,NaN,NaN,NaN,NaN,NaN,NaN
8907,8885,Logic,frame_complete,-268457733656721424,248,7,1.0552,75,1,19,40.8,0.941165,13,1.53773,-0.018577,2.82377e-06,0.489189,0.417158,32.049,0,0,0,63.35,26.1484,53.2603,0
8919,8920,CameraCapture,frame_captured,0,249,7,0.264246,75,NaN,NaN,NaN,NaN,NaN,NaN,NaN,NaN,NaN,NaN,NaN,NaN,NaN,NaN,NaN,NaN,NaN,NaN
8920,8921,ImageProcessor_TPU,frame_processed,0,249,7,0.869646,75,0,NaN,NaN,NaN,NaN,NaN,NaN,NaN,NaN,NaN,NaN,NaN,NaN,NaN,NaN,NaN,NaN,NaN
8927,8928,ImageProcessor_Viz,frame_processed,0,249,7,0.351692,NaN,8,NaN,NaN,NaN,NaN,NaN,NaN,NaN,NaN,NaN,NaN,NaN,NaN,NaN,NaN,NaN,NaN,NaN
8939,8940,InferenceEngine,inference_complete,0,249,NaN,NaN,NaN,0,18.988,40.8,0.960772,13,NaN,NaN,NaN,NaN,NaN,NaN,NaN,NaN,NaN,NaN,NaN,NaN,NaN
8940,8918,Logic,frame_complete,-268457733656721424,249,7,0.869646,75,0,19,40.8,0.960772,13,1.53773,-0.0186391,0.000170045,0.490133,0.417146,32.456,0,0,0,63.35,26.1484,53.2603,0
8953,8954,CameraCapture,frame_captured,0,250,7,0.174902,75,NaN,NaN,NaN,NaN,NaN,NaN,NaN,NaN,NaN,NaN,NaN,NaN,NaN,NaN,NaN,NaN,NaN,NaN
8954,8955,ImageProcessor_TPU,frame_processed,0,250,7,0.78795,75,0,NaN,NaN,NaN,NaN,NaN,NaN,NaN,NaN,NaN,NaN,NaN,NaN,NaN,NaN,NaN,NaN,NaN
8961,8962,ImageProcessor_Viz,frame_processed,0,250,7,0.33595,NaN,8,NaN,NaN,NaN,NaN,NaN,NaN,NaN,NaN,NaN,NaN,NaN,NaN,NaN,NaN,NaN,NaN,NaN
8973,8974,InferenceEngine,inference_complete,0,250,NaN,NaN,NaN,0,18.731,40.8,0.949008,13,NaN,NaN,NaN,NaN,NaN,NaN,NaN,NaN,NaN,NaN,NaN,NaN,NaN
8974,8952,Logic,frame_complete,-268457733656721424,250,7,0.78795,75,0,19,40.8,0.949008,13,1.53773,-0.0190141,-0.000233162,0.48914,0.416224,33.961,0,0,0,63.35,26.1484,53.2603,0
8985,8986,CameraCapture,frame_captured,0,251,7,0.150676,75,NaN,NaN,NaN,NaN,NaN,NaN,NaN,NaN,NaN,NaN,NaN,NaN,NaN,NaN,NaN,NaN,NaN,NaN
8986,8987,ImageProcessor_TPU,frame_processed,0,251,7,0.839966,75,1,NaN,NaN,NaN,NaN,NaN,NaN,NaN,NaN,NaN,NaN,NaN,NaN,NaN,NaN,NaN,NaN,NaN
8993,8994,ImageProcessor_Viz,frame_processed,0,251,7,0.334247,NaN,7,NaN,NaN,NaN,NaN,NaN,NaN,NaN,NaN,NaN,NaN,NaN,NaN,NaN,NaN,NaN,NaN,NaN
9006,9006,InferenceEngine,inference_complete,0,251,NaN,NaN,NaN,1,18.81,40.8,0.933322,13,NaN,NaN,NaN,NaN,NaN,NaN,NaN,NaN,NaN,NaN,NaN,NaN,NaN
9006,8984,Logic,frame_complete,-268457733656721424,251,7,0.839966,75,1,19,40.8,0.933322,13,1.53773,-0.0183706,-7.66143e-05,0.488263,0.417198,32.36,0,0,0,63.35,26.1484,53.2603,0
9020,9021,CameraCapture,frame_captured,0,252,7,0.15144,75,NaN,NaN,NaN,NaN,NaN,NaN,NaN,NaN,NaN,NaN,NaN,NaN,NaN,NaN,NaN,NaN,NaN,NaN
9021,9022,ImageProcessor_TPU,frame_processed,0,252,7,0.772359,75,1,NaN,NaN,NaN,NaN,NaN,NaN,NaN,NaN,NaN,NaN,NaN,NaN,NaN,NaN,NaN,NaN,NaN
9028,9029,ImageProcessor_Viz,frame_processed,0,252,7,0.337192,NaN,7,NaN,NaN,NaN,NaN,NaN,NaN,NaN,NaN,NaN,NaN,NaN,NaN,NaN,NaN,NaN,NaN,NaN
9040,9041,InferenceEngine,inference_complete,0,252,NaN,NaN,NaN,1,18.738,40.8,0.909793,13,NaN,NaN,NaN,NaN,NaN,NaN,NaN,NaN,NaN,NaN,NaN,NaN,NaN
9041,9019,Logic,frame_complete,-268457733656721424,252,7,0.772359,75,1,18,40.8,0.909793,13,1.53019,-0.0190302,0.000199042,0.489229,0.416203,34.832,0,0,0,63.35,26.1484,53.2603,0
9052,9053,CameraCapture,frame_captured,0,253,7,0.158182,75,NaN,NaN,NaN,NaN,NaN,NaN,NaN,NaN,NaN,NaN,NaN,NaN,NaN,NaN,NaN,NaN,NaN,NaN
9053,9054,ImageProcessor_TPU,frame_processed,0,253,7,0.764749,75,0,NaN,NaN,NaN,NaN,NaN,NaN,NaN,NaN,NaN,NaN,NaN,NaN,NaN,NaN,NaN,NaN,NaN
9060,9061,ImageProcessor_Viz,frame_processed,0,253,7,0.330877,NaN,7,NaN,NaN,NaN,NaN,NaN,NaN,NaN,NaN,NaN,NaN,NaN,NaN,NaN,NaN,NaN,NaN,NaN
9072,9073,InferenceEngine,inference_complete,0,253,NaN,NaN,NaN,0,18.694,40.8,0.949008,13,NaN,NaN,NaN,NaN,NaN,NaN,NaN,NaN,NaN,NaN,NaN,NaN,NaN
9072,9051,Logic,frame_complete,-268457733656721424,253,7,0.764749,75,0,19,40.8,0.949008,13,1.52265,-0.0182517,0.0001029,0.490119,0.417186,31.548,0,0,0,63.35,26.1484,53.2603,0
9086,9087,CameraCapture,frame_captured,0,254,7,0.24629,75,NaN,NaN,NaN,NaN,NaN,NaN,NaN,NaN,NaN,NaN,NaN,NaN,NaN,NaN,NaN,NaN,NaN,NaN
9088,9089,ImageProcessor_TPU,frame_processed,0,254,7,0.850208,75,0,NaN,NaN,NaN,NaN,NaN,NaN,NaN,NaN,NaN,NaN,NaN,NaN,NaN,NaN,NaN,NaN,NaN
9094,9095,ImageProcessor_Viz,frame_processed,0,254,7,0.350636,NaN,7,NaN,NaN,NaN,NaN,NaN,NaN,NaN,NaN,NaN,NaN,NaN,NaN,NaN,NaN,NaN,NaN,NaN
9107,9108,InferenceEngine,inference_complete,0,254,NaN,NaN,NaN,0,18.765,40.8,0.941165,13,NaN,NaN,NaN,NaN,NaN,NaN,NaN,NaN,NaN,NaN,NaN,NaN,NaN
9107,9086,Logic,frame_complete,-268457733656721424,254,7,0.850208,75,0,19,40.8,0.941165,13,1.52265,-0.0195131,-0.000197932,0.489147,0.415243,34.887,0,0,0,63.35,26.1484,53.2603,0
9119,9119,CameraCapture,frame_captured,0,255,7,0.147966,75,NaN,NaN,NaN,NaN,NaN,NaN,NaN,NaN,NaN,NaN,NaN,NaN,NaN,NaN,NaN,NaN,NaN,NaN
9119,9120,ImageProcessor_TPU,frame_processed,0,255,7,0.70718,75,1,NaN,NaN,NaN,NaN,NaN,NaN,NaN,NaN,NaN,NaN,NaN,NaN,NaN,NaN,NaN,NaN,NaN
9127,9128,ImageProcessor_Viz,frame_processed,0,255,7,0.341747,NaN,8,NaN,NaN,NaN,NaN,NaN,NaN,NaN,NaN,NaN,NaN,NaN,NaN,NaN,NaN,NaN,NaN,NaN
9138,9139,InferenceEngine,inference_complete,0,255,NaN,NaN,NaN,1,18.696,40.8,0.921557,13,NaN,NaN,NaN,NaN,NaN,NaN,NaN,NaN,NaN,NaN,NaN,NaN,NaN
9139,9118,Logic,frame_complete,-268457733656721424,255,7,0.70718,75,1,18,40.8,0.921557,13,1.52265,-0.018032,-9.34787e-05,0.488259,0.417229,31.381,0,0,0,63.35,26.1484,53.2603,0
9154,9154,CameraCapture,frame_captured,0,256,7,0.140453,75,NaN,NaN,NaN,NaN,NaN,NaN,NaN,NaN,NaN,NaN,NaN,NaN,NaN,NaN,NaN,NaN,NaN,NaN
9155,9156,ImageProcessor_TPU,frame_processed,0,256,7,0.694148,75,1,NaN,NaN,NaN,NaN,NaN,NaN,NaN,NaN,NaN,NaN,NaN,NaN,NaN,NaN,NaN,NaN,NaN
9162,9162,ImageProcessor_Viz,frame_processed,0,256,7,0.336673,NaN,8,NaN,NaN,NaN,NaN,NaN,NaN,NaN,NaN,NaN,NaN,NaN,NaN,NaN,NaN,NaN,NaN,NaN
9174,9175,InferenceEngine,inference_complete,0,256,NaN,NaN,NaN,1,18.629,40.8,0.956851,13,NaN,NaN,NaN,NaN,NaN,NaN,NaN,NaN,NaN,NaN,NaN,NaN,NaN
9174,9153,Logic,frame_complete,-268457733656721424,256,7,0.694148,75,1,19,40.8,0.956851,13,1.52265,-0.0188132,3.78937e-05,0.488287,0.417077,35.313,0,0,0,63.35,26.1484,53.2603,0
9185,9186,CameraCapture,frame_captured,0,257,7,0.168882,75,NaN,NaN,NaN,NaN,NaN,NaN,NaN,NaN,NaN,NaN,NaN,NaN,NaN,NaN,NaN,NaN,NaN,NaN
9186,9187,ImageProcessor_TPU,frame_processed,0,257,7,0.780208,75,0,NaN,NaN,NaN,NaN,NaN,NaN,NaN,NaN,NaN,NaN,NaN,NaN,NaN,NaN,NaN,NaN,NaN
9194,9195,ImageProcessor_Viz,frame_processed,0,257,7,0.331969,NaN,7,NaN,NaN,NaN,NaN,NaN,NaN,NaN,NaN,NaN,NaN,NaN,NaN,NaN,NaN,NaN,NaN,NaN
9205,9206,InferenceEngine,inference_complete,0,257,NaN,NaN,NaN,0,18.865,40.8,0.941165,13,NaN,NaN,NaN,NaN,NaN,NaN,NaN,NaN,NaN,NaN,NaN,NaN,NaN
9206,9184,Logic,frame_complete,-268457733656721424,257,7,0.780208,75,0,18,40.8,0.941165,13,1.52265,-0.0180862,-1.53929e-05,0.488276,0.418069,31.692,0,0,0,63.35,26.1484,53.2603,0
9219,9219,CameraCapture,frame_captured,0,258,7,0.142949,75,NaN,NaN,NaN,NaN,NaN,NaN,NaN,NaN,NaN,NaN,NaN,NaN,NaN,NaN,NaN,NaN,NaN,NaN
9220,9220,ImageProcessor_TPU,frame_processed,0,258,7,0.744237,75,1,NaN,NaN,NaN,NaN,NaN,NaN,NaN,NaN,NaN,NaN,NaN,NaN,NaN,NaN,NaN,NaN,NaN
9226,9227,ImageProcessor_Viz,frame_processed,0,258,7,0.335969,NaN,7,NaN,NaN,NaN,NaN,NaN,NaN,NaN,NaN,NaN,NaN,NaN,NaN,NaN,NaN,NaN,NaN,NaN
9241,9241,InferenceEngine,inference_complete,0,258,NaN,NaN,NaN,1,20.592,40.8,0.933322,13,NaN,NaN,NaN,NaN,NaN,NaN,NaN,NaN,NaN,NaN,NaN,NaN,NaN
9241,9218,Logic,frame_complete,-268457733656721424,258,7,0.744237,75,1,21,40.8,0.933322,13,1.52265,-0.0188656,0.000317529,0.490164,0.417066,35.082,0,0,0,63.35,26.1484,53.2603,0
9253,9254,CameraCapture,frame_captured,0,259,7,0.240965,75,NaN,NaN,NaN,NaN,NaN,NaN,NaN,NaN,NaN,NaN,NaN,NaN,NaN,NaN,NaN,NaN,NaN,NaN
9255,9255,ImageProcessor_TPU,frame_processed,0,259,7,1.13344,75,1,NaN,NaN,NaN,NaN,NaN,NaN,NaN,NaN,NaN,NaN,NaN,NaN,NaN,NaN,NaN,NaN,NaN
9261,9261,ImageProcessor_Viz,frame_processed,0,259,7,0.345969,NaN,7,NaN,NaN,NaN,NaN,NaN,NaN,NaN,NaN,NaN,NaN,NaN,NaN,NaN,NaN,NaN,NaN,NaN
9274,9275,InferenceEngine,inference_complete,0,259,NaN,NaN,NaN,1,19.217,40.8,0.933322,13,NaN,NaN,NaN,NaN,NaN,NaN,NaN,NaN,NaN,NaN,NaN,NaN,NaN
9274,9252,Logic,frame_complete,-268457733656721424,259,7,1.13344,75,1,19,40.8,0.933322,13,1.51526,-0.0183934,-0.000280708,0.489129,0.417141,33.477,0,0,0,63.35,26.1484,53.2603,0
9286,9287,CameraCapture,frame_captured,0,260,7,0.151747,75,NaN,NaN,NaN,NaN,NaN,NaN,NaN,NaN,NaN,NaN,NaN,NaN,NaN,NaN,NaN,NaN,NaN,NaN
9287,9288,ImageProcessor_TPU,frame_processed,0,260,7,0.707905,75,0,NaN,NaN,NaN,NaN,NaN,NaN,NaN,NaN,NaN,NaN,NaN,NaN,NaN,NaN,NaN,NaN,NaN
9294,9295,ImageProcessor_Viz,frame_processed,0,260,7,0.337617,NaN,7,NaN,NaN,NaN,NaN,NaN,NaN,NaN,NaN,NaN,NaN,NaN,NaN,NaN,NaN,NaN,NaN,NaN
9306,9307,InferenceEngine,inference_complete,0,260,NaN,NaN,NaN,0,18.727,40.8,0.956851,13,NaN,NaN,NaN,NaN,NaN,NaN,NaN,NaN,NaN,NaN,NaN,NaN,NaN
9307,9285,Logic,frame_complete,-268457733656721424,260,7,0.707905,75,0,19,40.8,0.956851,13,1.51526,-0.0186464,-5.4881e-05,0.488267,0.417091,31.989,0,0,0,63.35,26.1484,53.2603,0
9320,9321,CameraCapture,frame_captured,0,261,7,0.249508,75,NaN,NaN,NaN,NaN,NaN,NaN,NaN,NaN,NaN,NaN,NaN,NaN,NaN,NaN,NaN,NaN,NaN,NaN
9321,9322,ImageProcessor_TPU,frame_processed,0,261,7,1.58362,75,0,NaN,NaN,NaN,NaN,NaN,NaN,NaN,NaN,NaN,NaN,NaN,NaN,NaN,NaN,NaN,NaN,NaN
9327,9328,ImageProcessor_Viz,frame_processed,0,261,7,0.349044,NaN,8,NaN,NaN,NaN,NaN,NaN,NaN,NaN,NaN,NaN,NaN,NaN,NaN,NaN,NaN,NaN,NaN,NaN
9341,9341,InferenceEngine,inference_complete,0,261,NaN,NaN,NaN,0,18.941,40.8,0.933322,13,NaN,NaN,NaN,NaN,NaN,NaN,NaN,NaN,NaN,NaN,NaN,NaN,NaN
9341,9319,Logic,frame_complete,-268457733656721424,261,7,1.58362,75,0,19,40.8,0.933322,13,1.52265,-0.018231,1.24387e-05,0.488281,0.418041,34.389,0,0,0,63.35,26.1484,53.2603,0
9352,9353,CameraCapture,frame_captured,0,262,7,0.152264,75,NaN,NaN,NaN,NaN,NaN,NaN,NaN,NaN,NaN,NaN,NaN,NaN,NaN,NaN,NaN,NaN,NaN,NaN
9354,9354,ImageProcessor_TPU,frame_processed,0,262,7,1.02711,75,1,NaN,NaN,NaN,NaN,NaN,NaN,NaN,NaN,NaN,NaN,NaN,NaN,NaN,NaN,NaN,NaN,NaN
9359,9360,ImageProcessor_Viz,frame_processed,0,262,7,0.337469,NaN,7,NaN,NaN,NaN,NaN,NaN,NaN,NaN,NaN,NaN,NaN,NaN,NaN,NaN,NaN,NaN,NaN,NaN
9373,9374,InferenceEngine,inference_complete,0,262,NaN,NaN,NaN,1,18.91,40.8,0.933322,13,NaN,NaN,NaN,NaN,NaN,NaN,NaN,NaN,NaN,NaN,NaN,NaN,NaN
9373,9351,Logic,frame_complete,-268457733656721424,262,7,1.02711,75,1,19,40.8,0.933322,13,1.52265,-0.0184141,0.000334784,0.490167,0.418005,32.153,0,0,0,63.35,26.1484,53.2603,0
9386,9387,CameraCapture,frame_captured,0,263,7,0.14816,75,NaN,NaN,NaN,NaN,NaN,NaN,NaN,NaN,NaN,NaN,NaN,NaN,NaN,NaN,NaN,NaN,NaN,NaN
9388,9388,ImageProcessor_TPU,frame_processed,0,263,7,1.07236,75,1,NaN,NaN,NaN,NaN,NaN,NaN,NaN,NaN,NaN,NaN,NaN,NaN,NaN,NaN,NaN,NaN,NaN
9394,9394,ImageProcessor_Viz,frame_processed,0,263,7,0.345562,NaN,7,NaN,NaN,NaN,NaN,NaN,NaN,NaN,NaN,NaN,NaN,NaN,NaN,NaN,NaN,NaN,NaN,NaN
9407,9408,InferenceEngine,inference_complete,0,263,NaN,NaN,NaN,1,18.909,40.8,0.909793,12,NaN,NaN,NaN,NaN,NaN,NaN,NaN,NaN,NaN,NaN,NaN,NaN,NaN
9407,9385,Logic,frame_complete,-268457733656721424,263,7,1.07236,75,1,19,40.8,0.909793,12,1.53019,-0.0184269,-0.000145409,0.490067,0.418021,33.928,0,0,0,63.35,26.1484,53.2603,0
9419,9420,CameraCapture,frame_captured,0,264,7,0.154039,75,NaN,NaN,NaN,NaN,NaN,NaN,NaN,NaN,NaN,NaN,NaN,NaN,NaN,NaN,NaN,NaN,NaN,NaN
9421,9422,ImageProcessor_TPU,frame_processed,0,264,7,1.03174,75,1,NaN,NaN,NaN,NaN,NaN,NaN,NaN,NaN,NaN,NaN,NaN,NaN,NaN,NaN,NaN,NaN,NaN
9427,9428,ImageProcessor_Viz,frame_processed,0,264,7,0.329117,NaN,7,NaN,NaN,NaN,NaN,NaN,NaN,NaN,NaN,NaN,NaN,NaN,NaN,NaN,NaN,NaN,NaN,NaN
9440,9441,InferenceEngine,inference_complete,0,264,NaN,NaN,NaN,1,19.38,40.8,0.933322,13,NaN,NaN,NaN,NaN,NaN,NaN,NaN,NaN,NaN,NaN,NaN,NaN,NaN
9441,9418,Logic,frame_complete,-268457733656721424,264,7,1.03174,75,1,19,40.8,0.933322,13,1.52265,-0.0182711,6.73905e-05,0.490112,0.418033,33.683,0,0,0,63.35,26.1484,53.2603,0
9452,9453,CameraCapture,frame_captured,0,265,7,0.153393,75,NaN,NaN,NaN,NaN,NaN,NaN,NaN,NaN,NaN,NaN,NaN,NaN,NaN,NaN,NaN,NaN,NaN,NaN
9453,9454,ImageProcessor_TPU,frame_processed,0,265,7,1.08674,75,0,NaN,NaN,NaN,NaN,NaN,NaN,NaN,NaN,NaN,NaN,NaN,NaN,NaN,NaN,NaN,NaN,NaN
9459,9460,ImageProcessor_Viz,frame_processed,0,265,7,0.351006,NaN,7,NaN,NaN,NaN,NaN,NaN,NaN,NaN,NaN,NaN,NaN,NaN,NaN,NaN,NaN,NaN,NaN,NaN
9473,9473,InferenceEngine,inference_complete,0,265,NaN,NaN,NaN,0,18.844,40.8,0.949008,13,NaN,NaN,NaN,NaN,NaN,NaN,NaN,NaN,NaN,NaN,NaN,NaN,NaN
9473,9451,Logic,frame_complete,-268457733656721424,265,7,1.08674,75,0,19,40.8,0.949008,13,1.53019,-0.0188963,-0.000380922,0.4882,0.417079,32.095,0,0,0,63.35,26.1484,53.2603,0
9485,9486,CameraCapture,frame_captured,0,266,7,0.14679,75,NaN,NaN,NaN,NaN,NaN,NaN,NaN,NaN,NaN,NaN,NaN,NaN,NaN,NaN,NaN,NaN,NaN,NaN
9486,9487,ImageProcessor_TPU,frame_processed,0,266,7,0.733486,75,0,NaN,NaN,NaN,NaN,NaN,NaN,NaN,NaN,NaN,NaN,NaN,NaN,NaN,NaN,NaN,NaN,NaN
9493,9494,ImageProcessor_Viz,frame_processed,0,266,7,0.344154,NaN,7,NaN,NaN,NaN,NaN,NaN,NaN,NaN,NaN,NaN,NaN,NaN,NaN,NaN,NaN,NaN,NaN,NaN
9505,9506,InferenceEngine,inference_complete,0,266,NaN,NaN,NaN,0,18.621,40.8,0.921557,13,NaN,NaN,NaN,NaN,NaN,NaN,NaN,NaN,NaN,NaN,NaN,NaN,NaN
9506,9484,Logic,frame_complete,-268457733656721424,266,7,0.733486,75,0,19,40.8,0.921557,13,1.52265,-0.018395,0.00016471,0.488313,0.417158,32.478,0,0,0,63.35,26.1484,53.2603,0
9519,9520,CameraCapture,frame_captured,0,267,7,0.150133,75,NaN,NaN,NaN,NaN,NaN,NaN,NaN,NaN,NaN,NaN,NaN,NaN,NaN,NaN,NaN,NaN,NaN,NaN
9522,9523,ImageProcessor_TPU,frame_processed,0,267,7,1.08595,75,1,NaN,NaN,NaN,NaN,NaN,NaN,NaN,NaN,NaN,NaN,NaN,NaN,NaN,NaN,NaN,NaN,NaN
9527,9528,ImageProcessor_Viz,frame_processed,0,267,7,0.34221,NaN,7,NaN,NaN,NaN,NaN,NaN,NaN,NaN,NaN,NaN,NaN,NaN,NaN,NaN,NaN,NaN,NaN,NaN
9541,9542,InferenceEngine,inference_complete,0,267,NaN,NaN,NaN,1,18.853,40.8,0.933322,13,NaN,NaN,NaN,NaN,NaN,NaN,NaN,NaN,NaN,NaN,NaN,NaN,NaN
9541,9518,Logic,frame_complete,-268457733656721424,267,7,1.08595,75,1,19,40.8,0.933322,13,1.52265,-0.0186694,0.000238463,0.490147,0.417105,35.745,0,0,0,63.35,26.1484,53.2603,0
9553,9554,CameraCapture,frame_captured,0,268,7,0.149219,75,NaN,NaN,NaN,NaN,NaN,NaN,NaN,NaN,NaN,NaN,NaN,NaN,NaN,NaN,NaN,NaN,NaN,NaN
9554,9555,ImageProcessor_TPU,frame_processed,0,268,7,1.07466,75,0,NaN,NaN,NaN,NaN,NaN,NaN,NaN,NaN,NaN,NaN,NaN,NaN,NaN,NaN,NaN,NaN,NaN
9560,9561,ImageProcessor_Viz,frame_processed,0,268,7,0.328284,NaN,7,NaN,NaN,NaN,NaN,NaN,NaN,NaN,NaN,NaN,NaN,NaN,NaN,NaN,NaN,NaN,NaN,NaN
9573,9574,InferenceEngine,inference_complete,0,268,NaN,NaN,NaN,0,19,40.8,0.909793,13,NaN,NaN,NaN,NaN,NaN,NaN,NaN,NaN,NaN,NaN,NaN,NaN,NaN
9574,9552,Logic,frame_complete,-268457733656721424,268,7,1.07466,75,0,19,40.8,0.909793,13,1.52265,-0.0181517,-0.000264909,0.489133,0.418057,32.482,0,0,0,63.35,26.1484,53.2603,0
9585,9586,CameraCapture,frame_captured,0,269,7,0.150013,75,NaN,NaN,NaN,NaN,NaN,NaN,NaN,NaN,NaN,NaN,NaN,NaN,NaN,NaN,NaN,NaN,NaN,NaN
9587,9587,ImageProcessor_TPU,frame_processed,0,269,7,0.794062,75,1,NaN,NaN,NaN,NaN,NaN,NaN,NaN,NaN,NaN,NaN,NaN,NaN,NaN,NaN,NaN,NaN,NaN
9596,9597,ImageProcessor_Viz,frame_processed,0,269,7,0.34295,NaN,10,NaN,NaN,NaN,NaN,NaN,NaN,NaN,NaN,NaN,NaN,NaN,NaN,NaN,NaN,NaN,NaN,NaN
9606,9607,InferenceEngine,inference_complete,0,269,NaN,NaN,NaN,1,19.184,40.8,0.909793,12,NaN,NaN,NaN,NaN,NaN,NaN,NaN,NaN,NaN,NaN,NaN,NaN,NaN
9607,9585,Logic,frame_complete,-268457733656721424,269,7,0.794062,75,1,19,40.8,0.909793,12,1.52265,-0.0188487,-5.97946e-05,0.488266,0.41707,32.613,0,0,0,63.35,26.1484,53.2603,0
9619,9619,CameraCapture,frame_captured,0,270,7,0.147909,75,NaN,NaN,NaN,NaN,NaN,NaN,NaN,NaN,NaN,NaN,NaN,NaN,NaN,NaN,NaN,NaN,NaN,NaN
9620,9620,ImageProcessor_TPU,frame_processed,0,270,7,0.764069,75,1,NaN,NaN,NaN,NaN,NaN,NaN,NaN,NaN,NaN,NaN,NaN,NaN,NaN,NaN,NaN,NaN,NaN
9626,9627,ImageProcessor_Viz,frame_processed,0,270,7,0.348414,NaN,7,NaN,NaN,NaN,NaN,NaN,NaN,NaN,NaN,NaN,NaN,NaN,NaN,NaN,NaN,NaN,NaN,NaN
9639,9640,InferenceEngine,inference_complete,0,270,NaN,NaN,NaN,1,18.925,40.8,0.933322,13,NaN,NaN,NaN,NaN,NaN,NaN,NaN,NaN,NaN,NaN,NaN,NaN,NaN
9639,9618,Logic,frame_complete,-268457733656721424,270,7,0.764069,75,1,19,40.8,0.933322,13,1.53019,-0.0185744,0.000350188,0.49017,0.417141,32.713,0,0,0,63.35,26.1484,53.2603,0
9652,9653,CameraCapture,frame_captured,0,271,7,0.14751,75,NaN,NaN,NaN,NaN,NaN,NaN,NaN,NaN,NaN,NaN,NaN,NaN,NaN,NaN,NaN,NaN,NaN,NaN
9653,9653,ImageProcessor_TPU,frame_processed,0,271,7,0.702002,75,1,NaN,NaN,NaN,NaN,NaN,NaN,NaN,NaN,NaN,NaN,NaN,NaN,NaN,NaN,NaN,NaN,NaN
9660,9661,ImageProcessor_Viz,frame_processed,0,271,7,0.337691,NaN,8,NaN,NaN,NaN,NaN,NaN,NaN,NaN,NaN,NaN,NaN,NaN,NaN,NaN,NaN,NaN,NaN,NaN
9672,9672,InferenceEngine,inference_complete,0,271,NaN,NaN,NaN,1,18.77,40.8,0.921557,13,NaN,NaN,NaN,NaN,NaN,NaN,NaN,NaN,NaN,NaN,NaN,NaN,NaN
9672,9651,Logic,frame_complete,-268457733656721424,271,7,0.702002,75,1,19,40.8,0.921557,13,1.52265,-0.0185268,-0.000465948,0.488181,0.417133,32.764,0,0,0,63.35,26.1484,53.2603,0
9687,9688,CameraCapture,frame_captured,0,272,7,0.159089,75,NaN,NaN,NaN,NaN,NaN,NaN,NaN,NaN,NaN,NaN,NaN,NaN,NaN,NaN,NaN,NaN,NaN,NaN
9688,9689,ImageProcessor_TPU,frame_processed,0,272,7,0.716914,75,0,NaN,NaN,NaN,NaN,NaN,NaN,NaN,NaN,NaN,NaN,NaN,NaN,NaN,NaN,NaN,NaN,NaN
9695,9696,ImageProcessor_Viz,frame_processed,0,272,7,0.33382,NaN,8,NaN,NaN,NaN,NaN,NaN,NaN,NaN,NaN,NaN,NaN,NaN,NaN,NaN,NaN,NaN,NaN,NaN
9707,9708,InferenceEngine,inference_complete,0,272,NaN,NaN,NaN,0,18.751,40.8,0.921557,13,NaN,NaN,NaN,NaN,NaN,NaN,NaN,NaN,NaN,NaN,NaN,NaN,NaN
9707,9686,Logic,frame_complete,-268457733656721424,272,7,0.716914,75,0,19,40.8,0.921557,13,1.52265,-0.0182278,0.000804145,0.492085,0.418042,35.352,0,0,0,63.35,26.1484,53.2603,0
9719,9719,CameraCapture,frame_captured,0,273,7,0.241314,75,NaN,NaN,NaN,NaN,NaN,NaN,NaN,NaN,NaN,NaN,NaN,NaN,NaN,NaN,NaN,NaN,NaN,NaN
9721,9722,ImageProcessor_TPU,frame_processed,0,273,7,0.822917,75,0,NaN,NaN,NaN,NaN,NaN,NaN,NaN,NaN,NaN,NaN,NaN,NaN,NaN,NaN,NaN,NaN,NaN
9727,9728,ImageProcessor_Viz,frame_processed,0,273,7,0.359951,NaN,8,NaN,NaN,NaN,NaN,NaN,NaN,NaN,NaN,NaN,NaN,NaN,NaN,NaN,NaN,NaN,NaN,NaN
9740,9741,InferenceEngine,inference_complete,0,273,NaN,NaN,NaN,0,18.732,40.8,0.909793,13,NaN,NaN,NaN,NaN,NaN,NaN,NaN,NaN,NaN,NaN,NaN,NaN,NaN
9741,9718,Logic,frame_complete,-268457733656721424,273,7,0.822917,75,0,18,40.8,0.909793,13,1.52265,-0.0188193,-0.000654057,0.489961,0.417076,33.296,0,0,0,63.35,26.1484,53.2603,0
9752,9752,CameraCapture,frame_captured,0,274,7,0.16069,75,NaN,NaN,NaN,NaN,NaN,NaN,NaN,NaN,NaN,NaN,NaN,NaN,NaN,NaN,NaN,NaN,NaN,NaN
9753,9754,ImageProcessor_TPU,frame_processed,0,274,7,0.725256,75,1,NaN,NaN,NaN,NaN,NaN,NaN,NaN,NaN,NaN,NaN,NaN,NaN,NaN,NaN,NaN,NaN,NaN
9760,9761,ImageProcessor_Viz,frame_processed,0,274,7,0.349303,NaN,8,NaN,NaN,NaN,NaN,NaN,NaN,NaN,NaN,NaN,NaN,NaN,NaN,NaN,NaN,NaN,NaN,NaN
9772,9773,InferenceEngine,inference_complete,0,274,NaN,NaN,NaN,1,18.777,40.8,0.933322,13,NaN,NaN,NaN,NaN,NaN,NaN,NaN,NaN,NaN,NaN,NaN,NaN,NaN
9772,9751,Logic,frame_complete,-268457733656721424,274,7,0.725256,75,1,19,40.8,0.933322,13,1.51526,-0.0192274,0.000273675,0.490155,0.41528,31.521,0,0,0,63.35,26.1484,53.2603,0
9785,9786,CameraCapture,frame_captured,0,275,7,0.141201,75,NaN,NaN,NaN,NaN,NaN,NaN,NaN,NaN,NaN,NaN,NaN,NaN,NaN,NaN,NaN,NaN,NaN,NaN
9786,9787,ImageProcessor_TPU,frame_processed,0,275,7,0.725285,75,0,NaN,NaN,NaN,NaN,NaN,NaN,NaN,NaN,NaN,NaN,NaN,NaN,NaN,NaN,NaN,NaN,NaN
9793,9794,ImageProcessor_Viz,frame_processed,0,275,7,0.332617,NaN,8,NaN,NaN,NaN,NaN,NaN,NaN,NaN,NaN,NaN,NaN,NaN,NaN,NaN,NaN,NaN,NaN,NaN
9805,9806,InferenceEngine,inference_complete,0,275,NaN,NaN,NaN,0,18.911,40.8,0.909793,13,NaN,NaN,NaN,NaN,NaN,NaN,NaN,NaN,NaN,NaN,NaN,NaN,NaN
9805,9784,Logic,frame_complete,-268457733656721424,275,7,0.725285,75,0,19,40.8,0.909793,13,1.52265,-0.0178356,-0.000120457,0.490072,0.418118,33.039,0,0,0,63.35,26.1484,53.2603,0
9820,9820,CameraCapture,frame_captured,0,276,7,0.245552,75,NaN,NaN,NaN,NaN,NaN,NaN,NaN,NaN,NaN,NaN,NaN,NaN,NaN,NaN,NaN,NaN,NaN,NaN
9821,9822,ImageProcessor_TPU,frame_processed,0,276,7,1.13031,75,0,NaN,NaN,NaN,NaN,NaN,NaN,NaN,NaN,NaN,NaN,NaN,NaN,NaN,NaN,NaN,NaN,NaN
9827,9828,ImageProcessor_Viz,frame_processed,0,276,7,0.35421,NaN,7,NaN,NaN,NaN,NaN,NaN,NaN,NaN,NaN,NaN,NaN,NaN,NaN,NaN,NaN,NaN,NaN,NaN
9841,9842,InferenceEngine,inference_complete,0,276,NaN,NaN,NaN,0,19.218,40.8,0.909793,13,NaN,NaN,NaN,NaN,NaN,NaN,NaN,NaN,NaN,NaN,NaN,NaN,NaN
9841,9819,Logic,frame_complete,-268457733656721424,276,7,1.13031,75,0,19,40.8,0.909793,13,1.51526,-0.0188826,5.6617e-05,0.490109,0.417045,35.672,0,0,0,63.35,26.1484,53.2603,0
9852,9853,CameraCapture,frame_captured,0,277,7,0.202113,75,NaN,NaN,NaN,NaN,NaN,NaN,NaN,NaN,NaN,NaN,NaN,NaN,NaN,NaN,NaN,NaN,NaN,NaN
9853,9854,ImageProcessor_TPU,frame_processed,0,277,7,0.768827,75,1,NaN,NaN,NaN,NaN,NaN,NaN,NaN,NaN,NaN,NaN,NaN,NaN,NaN,NaN,NaN,NaN,NaN
9860,9861,ImageProcessor_Viz,frame_processed,0,277,7,0.350617,NaN,8,NaN,NaN,NaN,NaN,NaN,NaN,NaN,NaN,NaN,NaN,NaN,NaN,NaN,NaN,NaN,NaN,NaN
9872,9873,InferenceEngine,inference_complete,0,277,NaN,NaN,NaN,1,18.86,40.8,0.921557,13,NaN,NaN,NaN,NaN,NaN,NaN,NaN,NaN,NaN,NaN,NaN,NaN,NaN
9872,9851,Logic,frame_complete,-268457733656721424,277,7,0.768827,75,1,19,40.8,0.921557,13,1.51526,-0.0184517,-2.30148e-05,0.490093,0.41713,31.097,0,0,0,63.35,26.1484,53.2603,0
9885,9886,CameraCapture,frame_captured,0,278,7,0.23933,75,NaN,NaN,NaN,NaN,NaN,NaN,NaN,NaN,NaN,NaN,NaN,NaN,NaN,NaN,NaN,NaN,NaN,NaN
9886,9887,ImageProcessor_TPU,frame_processed,0,278,7,0.958991,75,1,NaN,NaN,NaN,NaN,NaN,NaN,NaN,NaN,NaN,NaN,NaN,NaN,NaN,NaN,NaN,NaN,NaN
9893,9894,ImageProcessor_Viz,frame_processed,0,278,7,0.34445,NaN,7,NaN,NaN,NaN,NaN,NaN,NaN,NaN,NaN,NaN,NaN,NaN,NaN,NaN,NaN,NaN,NaN,NaN
9906,9906,InferenceEngine,inference_complete,0,278,NaN,NaN,NaN,1,18.88,40.8,0.921557,13,NaN,NaN,NaN,NaN,NaN,NaN,NaN,NaN,NaN,NaN,NaN,NaN,NaN
9906,9884,Logic,frame_complete,-268457733656721424,278,7,0.958991,75,1,18,40.8,0.921557,13,1.51526,-0.0182284,9.33558e-06,0.490099,0.418024,33.565,0,0,0,63.35,26.1484,53.2603,0
9918,9919,CameraCapture,frame_captured,0,279,7,0.14443,75,NaN,NaN,NaN,NaN,NaN,NaN,NaN,NaN,NaN,NaN,NaN,NaN,NaN,NaN,NaN,NaN,NaN,NaN
9919,9920,ImageProcessor_TPU,frame_processed,0,279,7,0.783053,75,1,NaN,NaN,NaN,NaN,NaN,NaN,NaN,NaN,NaN,NaN,NaN,NaN,NaN,NaN,NaN,NaN,NaN
9926,9927,ImageProcessor_Viz,frame_processed,0,279,7,0.344506,NaN,7,NaN,NaN,NaN,NaN,NaN,NaN,NaN,NaN,NaN,NaN,NaN,NaN,NaN,NaN,NaN,NaN,NaN
9939,9940,InferenceEngine,inference_complete,0,279,NaN,NaN,NaN,1,19.047,40.8,0.933322,13,NaN,NaN,NaN,NaN,NaN,NaN,NaN,NaN,NaN,NaN,NaN,NaN,NaN
9939,9917,Logic,frame_complete,-268457733656721424,279,7,0.783053,75,1,19,40.8,0.933322,13,1.52265,-0.0184777,-0.000341062,0.488208,0.417993,33.27,0,0,0,63.35,26.1484,53.2603,0
9953,9954,CameraCapture,frame_captured,0,280,7,0.158833,75,NaN,NaN,NaN,NaN,NaN,NaN,NaN,NaN,NaN,NaN,NaN,NaN,NaN,NaN,NaN,NaN,NaN,NaN
9954,9955,ImageProcessor_TPU,frame_processed,0,280,7,0.786808,75,0,NaN,NaN,NaN,NaN,NaN,NaN,NaN,NaN,NaN,NaN,NaN,NaN,NaN,NaN,NaN,NaN,NaN
9960,9961,ImageProcessor_Viz,frame_processed,0,280,7,0.330709,NaN,7,NaN,NaN,NaN,NaN,NaN,NaN,NaN,NaN,NaN,NaN,NaN,NaN,NaN,NaN,NaN,NaN,NaN
9974,9974,InferenceEngine,inference_complete,0,280,NaN,NaN,NaN,0,18.931,40.8,0.921557,13,NaN,NaN,NaN,NaN,NaN,NaN,NaN,NaN,NaN,NaN,NaN,NaN,NaN
9974,9952,Logic,frame_complete,-268457733656721424,280,7,0.786808,75,0,19,40.8,0.921557,13,1.52265,-0.0183105,0.000138246,0.488308,0.418026,34.696,0,0,0,63.35,26.1484,53.2603,0
9986,9987,CameraCapture,frame_captured,0,281,7,0.142569,75,NaN,NaN,NaN,NaN,NaN,NaN,NaN,NaN,NaN,NaN,NaN,NaN,NaN,NaN,NaN,NaN,NaN,NaN
9987,9988,ImageProcessor_TPU,frame_processed,0,281,7,0.832396,75,0,NaN,NaN,NaN,NaN,NaN,NaN,NaN,NaN,NaN,NaN,NaN,NaN,NaN,NaN,NaN,NaN,NaN
9994,9995,ImageProcessor_Viz,frame_processed,0,281,7,0.327691,NaN,7,NaN,NaN,NaN,NaN,NaN,NaN,NaN,NaN,NaN,NaN,NaN,NaN,NaN,NaN,NaN,NaN,NaN
10007,10008,InferenceEngine,inference_complete,0,281,NaN,NaN,NaN,0,19.056,40.8,0.921557,13,NaN,NaN,NaN,NaN,NaN,NaN,NaN,NaN,NaN,NaN,NaN,NaN,NaN
10007,9985,Logic,frame_complete,-268457733656721424,281,7,0.832396,75,0,19,40.8,0.921557,13,1.52265,-0.0187838,0.000272475,0.490154,0.417082,33.155,0,0,0,63.35,26.1484,53.2603,0
10018,10019,CameraCapture,frame_captured,0,282,7,0.154388,75,NaN,NaN,NaN,NaN,NaN,NaN,NaN,NaN,NaN,NaN,NaN,NaN,NaN,NaN,NaN,NaN,NaN,NaN
10019,10020,ImageProcessor_TPU,frame_processed,0,282,7,0.830233,75,0,NaN,NaN,NaN,NaN,NaN,NaN,NaN,NaN,NaN,NaN,NaN,NaN,NaN,NaN,NaN,NaN,NaN
10026,10027,ImageProcessor_Viz,frame_processed,0,282,7,0.349136,NaN,7,NaN,NaN,NaN,NaN,NaN,NaN,NaN,NaN,NaN,NaN,NaN,NaN,NaN,NaN,NaN,NaN,NaN
10039,10039,InferenceEngine,inference_complete,0,282,NaN,NaN,NaN,0,18.884,40.8,0.933322,12,NaN,NaN,NaN,NaN,NaN,NaN,NaN,NaN,NaN,NaN,NaN,NaN,NaN
10039,10017,Logic,frame_complete,-268457733656721424,282,7,0.830233,75,0,18,40.8,0.933322,12,1.53019,-0.0186046,-0.000120569,0.490072,0.417135,31.779,0,0,0,63.35,26.1484,53.2603,0
10052,10052,CameraCapture,frame_captured,0,283,7,0.143954,75,NaN,NaN,NaN,NaN,NaN,NaN,NaN,NaN,NaN,NaN,NaN,NaN,NaN,NaN,NaN,NaN,NaN,NaN
10053,10053,ImageProcessor_TPU,frame_processed,0,283,7,0.829781,75,1,NaN,NaN,NaN,NaN,NaN,NaN,NaN,NaN,NaN,NaN,NaN,NaN,NaN,NaN,NaN,NaN,NaN
10059,10060,ImageProcessor_Viz,frame_processed,0,283,7,0.337821,NaN,7,NaN,NaN,NaN,NaN,NaN,NaN,NaN,NaN,NaN,NaN,NaN,NaN,NaN,NaN,NaN,NaN,NaN
10072,10072,InferenceEngine,inference_complete,0,283,NaN,NaN,NaN,1,18.77,40.8,0.949008,13,NaN,NaN,NaN,NaN,NaN,NaN,NaN,NaN,NaN,NaN,NaN,NaN,NaN
10072,10051,Logic,frame_complete,-268457733656721424,283,7,0.829781,75,1,19,40.8,0.949008,13,1.53019,-0.0186072,4.89689e-05,0.490108,0.417135,33.053,0,0,0,63.35,26.1484,53.2603,0
10086,10086,CameraCapture,frame_captured,0,284,7,0.141552,75,NaN,NaN,NaN,NaN,NaN,NaN,NaN,NaN,NaN,NaN,NaN,NaN,NaN,NaN,NaN,NaN,NaN,NaN
10087,10087,ImageProcessor_TPU,frame_processed,0,284,7,0.831546,75,1,NaN,NaN,NaN,NaN,NaN,NaN,NaN,NaN,NaN,NaN,NaN,NaN,NaN,NaN,NaN,NaN,NaN
10093,10094,ImageProcessor_Viz,frame_processed,0,284,7,0.334358,NaN,7,NaN,NaN,NaN,NaN,NaN,NaN,NaN,NaN,NaN,NaN,NaN,NaN,NaN,NaN,NaN,NaN,NaN
10106,10107,InferenceEngine,inference_complete,0,284,NaN,NaN,NaN,1,18.797,40.8,0.921557,13,NaN,NaN,NaN,NaN,NaN,NaN,NaN,NaN,NaN,NaN,NaN,NaN,NaN
10106,10085,Logic,frame_complete,-268457733656721424,284,7,0.831546,75,1,19,40.8,0.921557,13,1.53773,-0.018693,-2.87071e-05,0.490092,0.417136,34.012,0,0,0,63.35,26.1484,53.2603,0
10118,10119,CameraCapture,frame_captured,0,285,7,0.169662,75,NaN,NaN,NaN,NaN,NaN,NaN,NaN,NaN,NaN,NaN,NaN,NaN,NaN,NaN,NaN,NaN,NaN,NaN
10120,10120,ImageProcessor_TPU,frame_processed,0,285,7,0.868434,75,1,NaN,NaN,NaN,NaN,NaN,NaN,NaN,NaN,NaN,NaN,NaN,NaN,NaN,NaN,NaN,NaN,NaN
10126,10127,ImageProcessor_Viz,frame_processed,0,285,7,0.439638,NaN,8,NaN,NaN,NaN,NaN,NaN,NaN,NaN,NaN,NaN,NaN,NaN,NaN,NaN,NaN,NaN,NaN,NaN
10139,10139,InferenceEngine,inference_complete,0,285,NaN,NaN,NaN,1,18.733,40.8,0.933322,13,NaN,NaN,NaN,NaN,NaN,NaN,NaN,NaN,NaN,NaN,NaN,NaN,NaN
10139,10117,Logic,frame_complete,-268457733656721424,285,7,0.868434,75,1,19,40.8,0.933322,13,1.53773,-0.0181846,1.16751e-05,0.4901,0.418085,32.781,0,0,0,63.35,26.1484,53.2603,0
10152,10152,CameraCapture,frame_captured,0,286,7,0.18132,75,NaN,NaN,NaN,NaN,NaN,NaN,NaN,NaN,NaN,NaN,NaN,NaN,NaN,NaN,NaN,NaN,NaN,NaN
10153,10153,ImageProcessor_TPU,frame_processed,0,286,7,0.793775,75,1,NaN,NaN,NaN,NaN,NaN,NaN,NaN,NaN,NaN,NaN,NaN,NaN,NaN,NaN,NaN,NaN,NaN
10159,10160,ImageProcessor_Viz,frame_processed,0,286,7,0.326766,NaN,7,NaN,NaN,NaN,NaN,NaN,NaN,NaN,NaN,NaN,NaN,NaN,NaN,NaN,NaN,NaN,NaN,NaN
10172,10172,InferenceEngine,inference_complete,0,286,NaN,NaN,NaN,1,18.708,40.8,0.894107,12,NaN,NaN,NaN,NaN,NaN,NaN,NaN,NaN,NaN,NaN,NaN,NaN,NaN
10172,10151,Logic,frame_complete,-268457733656721424,286,7,0.793775,75,1,19,40.8,0.894107,12,1.53773,-0.0184767,-4.74229e-06,0.490097,0.418029,33.077,0,0,0,63.35,26.1484,53.2603,0
10185,10186,CameraCapture,frame_captured,0,287,7,0.182275,75,NaN,NaN,NaN,NaN,NaN,NaN,NaN,NaN,NaN,NaN,NaN,NaN,NaN,NaN,NaN,NaN,NaN,NaN
10186,10187,ImageProcessor_TPU,frame_processed,0,287,7,0.762415,75,0,NaN,NaN,NaN,NaN,NaN,NaN,NaN,NaN,NaN,NaN,NaN,NaN,NaN,NaN,NaN,NaN,NaN
10193,10193,ImageProcessor_Viz,frame_processed,0,287,7,0.334617,NaN,8,NaN,NaN,NaN,NaN,NaN,NaN,NaN,NaN,NaN,NaN,NaN,NaN,NaN,NaN,NaN,NaN,NaN
10205,10206,InferenceEngine,inference_complete,0,287,NaN,NaN,NaN,0,18.919,40.8,0.921557,13,NaN,NaN,NaN,NaN,NaN,NaN,NaN,NaN,NaN,NaN,NaN,NaN,NaN
10206,10184,Logic,frame_complete,-268457733656721424,287,7,0.762415,75,0,19,40.8,0.921557,13,1.53773,-0.0187608,1.92598e-06,0.490098,0.417123,33.638,0,0,0,63.35,26.1484,53.2603,0
10220,10220,CameraCapture,frame_captured,0,288,7,0.183921,75,NaN,NaN,NaN,NaN,NaN,NaN,NaN,NaN,NaN,NaN,NaN,NaN,NaN,NaN,NaN,NaN,NaN,NaN
10221,10222,ImageProcessor_TPU,frame_processed,0,288,7,0.817044,75,1,NaN,NaN,NaN,NaN,NaN,NaN,NaN,NaN,NaN,NaN,NaN,NaN,NaN,NaN,NaN,NaN,NaN
10229,10230,ImageProcessor_Viz,frame_processed,0,288,7,0.382156,NaN,10,NaN,NaN,NaN,NaN,NaN,NaN,NaN,NaN,NaN,NaN,NaN,NaN,NaN,NaN,NaN,NaN,NaN
10244,10245,InferenceEngine,inference_complete,0,288,NaN,NaN,NaN,1,22.77,40.8,0.921557,12,NaN,NaN,NaN,NaN,NaN,NaN,NaN,NaN,NaN,NaN,NaN,NaN,NaN
10244,10219,Logic,frame_complete,-268457733656721424,288,7,0.817044,75,1,23,40.8,0.921557,12,1.53773,-0.0185651,-7.78586e-07,0.490097,0.417161,38.666,0,0,0,63.35,26.1484,53.2603,0
10253,10253,CameraCapture,frame_captured,0,289,7,0.307761,75,NaN,NaN,NaN,NaN,NaN,NaN,NaN,NaN,NaN,NaN,NaN,NaN,NaN,NaN,NaN,NaN,NaN,NaN
10254,10255,ImageProcessor_TPU,frame_processed,0,289,7,0.945865,75,0,NaN,NaN,NaN,NaN,NaN,NaN,NaN,NaN,NaN,NaN,NaN,NaN,NaN,NaN,NaN,NaN,NaN
10262,10263,ImageProcessor_Viz,frame_processed,0,289,7,0.383211,NaN,9,NaN,NaN,NaN,NaN,NaN,NaN,NaN,NaN,NaN,NaN,NaN,NaN,NaN,NaN,NaN,NaN,NaN
10277,10278,InferenceEngine,inference_complete,0,289,NaN,NaN,NaN,0,22.835,40.8,0.933322,13,NaN,NaN,NaN,NaN,NaN,NaN,NaN,NaN,NaN,NaN,NaN,NaN,NaN
10278,10252,Logic,frame_complete,-268457733656721424,289,7,0.945865,75,0,22,40.8,0.933322,13,1.53773,-0.0182404,3.1665e-07,0.490098,0.418074,33.417,0,0,0,63.35,26.1484,53.2603,0
10286,10287,CameraCapture,frame_captured,0,290,7,0.311643,75,NaN,NaN,NaN,NaN,NaN,NaN,NaN,NaN,NaN,NaN,NaN,NaN,NaN,NaN,NaN,NaN,NaN,NaN
10287,10288,ImageProcessor_TPU,frame_processed,0,290,7,0.982266,75,0,NaN,NaN,NaN,NaN,NaN,NaN,NaN,NaN,NaN,NaN,NaN,NaN,NaN,NaN,NaN,NaN,NaN
10295,10296,ImageProcessor_Viz,frame_processed,0,290,7,0.398636,NaN,8,NaN,NaN,NaN,NaN,NaN,NaN,NaN,NaN,NaN,NaN,NaN,NaN,NaN,NaN,NaN,NaN,NaN
10310,10311,InferenceEngine,inference_complete,0,290,NaN,NaN,NaN,0,22.657,40.8,0.941165,13,NaN,NaN,NaN,NaN,NaN,NaN,NaN,NaN,NaN,NaN,NaN,NaN,NaN
10311,10285,Logic,frame_complete,-268457733656721424,290,7,0.982266,75,0,23,40.8,0.941165,13,1.53019,-0.018365,8.9258e-06,0.490099,0.418033,32.527,0,0,0,63.35,26.1484,53.2603,0
10319,10320,CameraCapture,frame_captured,0,291,7,0.287038,75,NaN,NaN,NaN,NaN,NaN,NaN,NaN,NaN,NaN,NaN,NaN,NaN,NaN,NaN,NaN,NaN,NaN,NaN
10320,10321,ImageProcessor_TPU,frame_processed,0,291,7,1.29622,75,1,NaN,NaN,NaN,NaN,NaN,NaN,NaN,NaN,NaN,NaN,NaN,NaN,NaN,NaN,NaN,NaN,NaN
10328,10329,ImageProcessor_Viz,frame_processed,0,291,7,0.397045,NaN,8,NaN,NaN,NaN,NaN,NaN,NaN,NaN,NaN,NaN,NaN,NaN,NaN,NaN,NaN,NaN,NaN,NaN
10343,10344,InferenceEngine,inference_complete,0,291,NaN,NaN,NaN,1,21.882,40.8,0.933322,12,NaN,NaN,NaN,NaN,NaN,NaN,NaN,NaN,NaN,NaN,NaN,NaN,NaN
10343,10318,Logic,frame_complete,-268457733656721424,291,7,1.29622,75,1,22,40.8,0.933322,12,1.54541,-0.0185598,-0.000367317,0.488203,0.41803,32.656,0,0,0,63.35,26.1484,53.2603,0
10353,10353,CameraCapture,frame_captured,0,292,7,0.175685,75,NaN,NaN,NaN,NaN,NaN,NaN,NaN,NaN,NaN,NaN,NaN,NaN,NaN,NaN,NaN,NaN,NaN,NaN
10354,10355,ImageProcessor_TPU,frame_processed,0,292,7,0.812529,75,0,NaN,NaN,NaN,NaN,NaN,NaN,NaN,NaN,NaN,NaN,NaN,NaN,NaN,NaN,NaN,NaN,NaN
10362,10363,ImageProcessor_Viz,frame_processed,0,292,7,0.380803,NaN,9,NaN,NaN,NaN,NaN,NaN,NaN,NaN,NaN,NaN,NaN,NaN,NaN,NaN,NaN,NaN,NaN,NaN
10376,10377,InferenceEngine,inference_complete,0,292,NaN,NaN,NaN,0,21.976,40.8,0.921557,12,NaN,NaN,NaN,NaN,NaN,NaN,NaN,NaN,NaN,NaN,NaN,NaN,NaN
10377,10352,Logic,frame_complete,-268457733656721424,292,7,0.812529,75,0,22,40.8,0.921557,12,1.54541,-0.0187497,0.000483725,0.490197,0.417143,33.55,0,0,0,63.35,26.1484,53.2603,0
10385,10386,CameraCapture,frame_captured,0,293,7,0.180129,75,NaN,NaN,NaN,NaN,NaN,NaN,NaN,NaN,NaN,NaN,NaN,NaN,NaN,NaN,NaN,NaN,NaN,NaN
10386,10387,ImageProcessor_TPU,frame_processed,0,293,7,0.844012,75,1,NaN,NaN,NaN,NaN,NaN,NaN,NaN,NaN,NaN,NaN,NaN,NaN,NaN,NaN,NaN,NaN,NaN
10394,10395,ImageProcessor_Viz,frame_processed,0,293,7,0.361859,NaN,8,NaN,NaN,NaN,NaN,NaN,NaN,NaN,NaN,NaN,NaN,NaN,NaN,NaN,NaN,NaN,NaN,NaN
10409,10409,InferenceEngine,inference_complete,0,293,NaN,NaN,NaN,1,21.728,40.8,0.941165,13,NaN,NaN,NaN,NaN,NaN,NaN,NaN,NaN,NaN,NaN,NaN,NaN,NaN
10409,10385,Logic,frame_complete,-268457733656721424,293,7,0.844012,75,1,22,40.8,0.941165,13,1.53773,-0.0184988,-0.000185888,0.490059,0.417173,32.063,0,0,0,63.35,26.1484,53.2603,0
10418,10419,CameraCapture,frame_captured,0,294,7,0.232761,75,NaN,NaN,NaN,NaN,NaN,NaN,NaN,NaN,NaN,NaN,NaN,NaN,NaN,NaN,NaN,NaN,NaN,NaN
10419,10420,ImageProcessor_TPU,frame_processed,0,294,7,0.930811,75,1,NaN,NaN,NaN,NaN,NaN,NaN,NaN,NaN,NaN,NaN,NaN,NaN,NaN,NaN,NaN,NaN,NaN
10426,10427,ImageProcessor_Viz,frame_processed,0,294,7,0.343525,NaN,7,NaN,NaN,NaN,NaN,NaN,NaN,NaN,NaN,NaN,NaN,NaN,NaN,NaN,NaN,NaN,NaN,NaN
10430,10431,SystemMonitor,system_stats,0,NaN,NaN,NaN,NaN,NaN,NaN,NaN,NaN,NaN,NaN,NaN,NaN,NaN,NaN,NaN,NaN,NaN,NaN,65,26.3903,53.4195,0
10439,10439,InferenceEngine,inference_complete,0,294,NaN,NaN,NaN,1,18.873,40.8,0.933322,13,NaN,NaN,NaN,NaN,NaN,NaN,NaN,NaN,NaN,NaN,NaN,NaN,NaN
10439,10417,Logic,frame_complete,-268457733656721424,294,7,0.930811,75,1,19,40.8,0.933322,13,1.53773,-0.0182463,7.55936e-05,0.490113,0.418073,29.918,0,0,0,65,26.3903,53.4195,0
10452,10452,CameraCapture,frame_captured,0,295,7,0.237882,75,NaN,NaN,NaN,NaN,NaN,NaN,NaN,NaN,NaN,NaN,NaN,NaN,NaN,NaN,NaN,NaN,NaN,NaN
10453,10453,ImageProcessor_TPU,frame_processed,0,295,7,0.848523,75,1,NaN,NaN,NaN,NaN,NaN,NaN,NaN,NaN,NaN,NaN,NaN,NaN,NaN,NaN,NaN,NaN,NaN
10460,10460,ImageProcessor_Viz,frame_processed,0,295,7,0.331802,NaN,8,NaN,NaN,NaN,NaN,NaN,NaN,NaN,NaN,NaN,NaN,NaN,NaN,NaN,NaN,NaN,NaN,NaN
10472,10472,InferenceEngine,inference_complete,0,295,NaN,NaN,NaN,1,18.752,40.8,0.921557,13,NaN,NaN,NaN,NaN,NaN,NaN,NaN,NaN,NaN,NaN,NaN,NaN,NaN
10472,10451,Logic,frame_complete,-268457733656721424,295,7,0.848523,75,1,19,40.8,0.921557,13,1.53019,-0.0183637,-2.17147e-05,0.490093,0.418033,33.119,0,0,0,65,26.3903,53.4195,0
10485,10486,CameraCapture,frame_captured,0,296,7,0.149939,75,NaN,NaN,NaN,NaN,NaN,NaN,NaN,NaN,NaN,NaN,NaN,NaN,NaN,NaN,NaN,NaN,NaN,NaN
10487,10488,ImageProcessor_TPU,frame_processed,0,296,7,1.0261,75,1,NaN,NaN,NaN,NaN,NaN,NaN,NaN,NaN,NaN,NaN,NaN,NaN,NaN,NaN,NaN,NaN,NaN
10493,10494,ImageProcessor_Viz,frame_processed,0,296,7,0.337358,NaN,7,NaN,NaN,NaN,NaN,NaN,NaN,NaN,NaN,NaN,NaN,NaN,NaN,NaN,NaN,NaN,NaN,NaN
10506,10507,InferenceEngine,inference_complete,0,296,NaN,NaN,NaN,1,18.744,40.8,0.909793,13,NaN,NaN,NaN,NaN,NaN,NaN,NaN,NaN,NaN,NaN,NaN,NaN,NaN
10506,10485,Logic,frame_complete,-268457733656721424,296,7,1.0261,75,1,19,40.8,0.909793,13,1.53019,-0.0183827,8.82149e-06,0.490099,0.418029,34.069,0,0,0,65,26.3903,53.4195,0
10518,10519,CameraCapture,frame_captured,0,297,7,0.14951,75,NaN,NaN,NaN,NaN,NaN,NaN,NaN,NaN,NaN,NaN,NaN,NaN,NaN,NaN,NaN,NaN,NaN,NaN
10519,10520,ImageProcessor_TPU,frame_processed,0,297,7,0.700186,75,0,NaN,NaN,NaN,NaN,NaN,NaN,NaN,NaN,NaN,NaN,NaN,NaN,NaN,NaN,NaN,NaN,NaN
10526,10527,ImageProcessor_Viz,frame_processed,0,297,7,0.332395,NaN,7,NaN,NaN,NaN,NaN,NaN,NaN,NaN,NaN,NaN,NaN,NaN,NaN,NaN,NaN,NaN,NaN,NaN
10538,10539,InferenceEngine,inference_complete,0,297,NaN,NaN,NaN,0,18.73,40.8,0.933322,13,NaN,NaN,NaN,NaN,NaN,NaN,NaN,NaN,NaN,NaN,NaN,NaN,NaN
10539,10517,Logic,frame_complete,-268457733656721424,297,7,0.700186,75,0,18,40.8,0.933322,13,1.53019,-0.018375,-3.58373e-06,0.490097,0.418031,32.514,0,0,0,65,26.3903,53.4195,0
10551,10552,CameraCapture,frame_captured,0,298,7,0.239907,75,NaN,NaN,NaN,NaN,NaN,NaN,NaN,NaN,NaN,NaN,NaN,NaN,NaN,NaN,NaN,NaN,NaN,NaN
10553,10554,ImageProcessor_TPU,frame_processed,0,298,7,1.17711,75,1,NaN,NaN,NaN,NaN,NaN,NaN,NaN,NaN,NaN,NaN,NaN,NaN,NaN,NaN,NaN,NaN,NaN
10559,10560,ImageProcessor_Viz,frame_processed,0,298,7,0.34608,NaN,7,NaN,NaN,NaN,NaN,NaN,NaN,NaN,NaN,NaN,NaN,NaN,NaN,NaN,NaN,NaN,NaN,NaN
10572,10573,InferenceEngine,inference_complete,0,298,NaN,NaN,NaN,1,18.966,40.8,0.921557,13,NaN,NaN,NaN,NaN,NaN,NaN,NaN,NaN,NaN,NaN,NaN,NaN,NaN
10572,10550,Logic,frame_complete,-268457733656721424,298,7,1.17711,75,1,19,40.8,0.921557,13,1.53019,-0.0183781,1.45659e-06,0.490098,0.41803,33.646,0,0,0,65,26.3903,53.4195,0
10585,10586,CameraCapture,frame_captured,0,299,7,0.237343,75,NaN,NaN,NaN,NaN,NaN,NaN,NaN,NaN,NaN,NaN,NaN,NaN,NaN,NaN,NaN,NaN,NaN,NaN
10586,10587,ImageProcessor_TPU,frame_processed,0,299,7,0.869855,75,0,NaN,NaN,NaN,NaN,NaN,NaN,NaN,NaN,NaN,NaN,NaN,NaN,NaN,NaN,NaN,NaN,NaN
10595,10596,ImageProcessor_Viz,frame_processed,0,299,7,0.342673,NaN,10,NaN,NaN,NaN,NaN,NaN,NaN,NaN,NaN,NaN,NaN,NaN,NaN,NaN,NaN,NaN,NaN,NaN
10605,10606,InferenceEngine,inference_complete,0,299,NaN,NaN,NaN,0,18.59,40.8,0.921557,13,NaN,NaN,NaN,NaN,NaN,NaN,NaN,NaN,NaN,NaN,NaN,NaN,NaN
10605,10584,Logic,frame_complete,-268457733656721424,299,7,0.869855,75,0,19,40.8,0.921557,13,1.53019,-0.0183769,-5.88596e-07,0.490097,0.41803,32.79,0,0,0,65,26.3903,53.4195,0
10619,10620,CameraCapture,frame_captured,0,300,7,0.251401,75,NaN,NaN,NaN,NaN,NaN,NaN,NaN,NaN,NaN,NaN,NaN,NaN,NaN,NaN,NaN,NaN,NaN,NaN
10621,10622,ImageProcessor_TPU,frame_processed,0,300,7,1.42111,75,1,NaN,NaN,NaN,NaN,NaN,NaN,NaN,NaN,NaN,NaN,NaN,NaN,NaN,NaN,NaN,NaN,NaN
10627,10627,ImageProcessor_Viz,frame_processed,0,300,7,0.362395,NaN,8,NaN,NaN,NaN,NaN,NaN,NaN,NaN,NaN,NaN,NaN,NaN,NaN,NaN,NaN,NaN,NaN,NaN
10640,10641,InferenceEngine,inference_complete,0,300,NaN,NaN,NaN,1,18.994,40.8,0.921557,12,NaN,NaN,NaN,NaN,NaN,NaN,NaN,NaN,NaN,NaN,NaN,NaN,NaN
10641,10618,Logic,frame_complete,-268457733656721424,300,7,1.42111,75,1,19,40.8,0.921557,12,1.53019,-0.0187715,2.38419e-07,0.490098,0.417103,35.307,0,0,0,65,26.3903,53.4195,0
10651,10652,CameraCapture,frame_captured,0,301,7,0.14871,75,NaN,NaN,NaN,NaN,NaN,NaN,NaN,NaN,NaN,NaN,NaN,NaN,NaN,NaN,NaN,NaN,NaN,NaN
10652,10653,ImageProcessor_TPU,frame_processed,0,301,7,0.702313,75,0,NaN,NaN,NaN,NaN,NaN,NaN,NaN,NaN,NaN,NaN,NaN,NaN,NaN,NaN,NaN,NaN,NaN
10660,10661,ImageProcessor_Viz,frame_processed,0,301,7,0.33495,NaN,8,NaN,NaN,NaN,NaN,NaN,NaN,NaN,NaN,NaN,NaN,NaN,NaN,NaN,NaN,NaN,NaN,NaN
10671,10672,InferenceEngine,inference_complete,0,301,NaN,NaN,NaN,0,18.707,40.8,0.909793,12,NaN,NaN,NaN,NaN,NaN,NaN,NaN,NaN,NaN,NaN,NaN,NaN,NaN
10672,10650,Logic,frame_complete,-268457733656721424,301,7,0.702313,75,0,19,40.8,0.909793,12,1.53019,-0.0181234,-9.68575e-08,0.490097,0.41808,31.053,0,0,0,65,26.3903,53.4195,0
10685,10685,CameraCapture,frame_captured,0,302,7,0.145923,75,NaN,NaN,NaN,NaN,NaN,NaN,NaN,NaN,NaN,NaN,NaN,NaN,NaN,NaN,NaN,NaN,NaN,NaN
10685,10686,ImageProcessor_TPU,frame_processed,0,302,7,0.7046,75,1,NaN,NaN,NaN,NaN,NaN,NaN,NaN,NaN,NaN,NaN,NaN,NaN,NaN,NaN,NaN,NaN,NaN
10693,10694,ImageProcessor_Viz,frame_processed,0,302,7,0.336321,NaN,8,NaN,NaN,NaN,NaN,NaN,NaN,NaN,NaN,NaN,NaN,NaN,NaN,NaN,NaN,NaN,NaN,NaN
10704,10705,InferenceEngine,inference_complete,0,302,NaN,NaN,NaN,1,18.762,40.8,0.921557,13,NaN,NaN,NaN,NaN,NaN,NaN,NaN,NaN,NaN,NaN,NaN,NaN,NaN
10705,10684,Logic,frame_complete,-268457733656721424,302,7,0.7046,75,1,18,40.8,0.921557,13,1.53019,-0.0184804,4.09782e-08,0.490097,0.41801,33.09,0,0,0,65,26.3903,53.4195,0
10718,10719,CameraCapture,frame_captured,0,303,7,0.147208,75,NaN,NaN,NaN,NaN,NaN,NaN,NaN,NaN,NaN,NaN,NaN,NaN,NaN,NaN,NaN,NaN,NaN,NaN
10719,10720,ImageProcessor_TPU,frame_processed,0,303,7,0.7097,75,0,NaN,NaN,NaN,NaN,NaN,NaN,NaN,NaN,NaN,NaN,NaN,NaN,NaN,NaN,NaN,NaN,NaN
10726,10727,ImageProcessor_Viz,frame_processed,0,303,7,0.337006,NaN,7,NaN,NaN,NaN,NaN,NaN,NaN,NaN,NaN,NaN,NaN,NaN,NaN,NaN,NaN,NaN,NaN,NaN
10738,10739,InferenceEngine,inference_complete,0,303,NaN,NaN,NaN,0,18.806,40.8,0.921557,13,NaN,NaN,NaN,NaN,NaN,NaN,NaN,NaN,NaN,NaN,NaN,NaN,NaN
10739,10717,Logic,frame_complete,-268457733656721424,303,7,0.7097,75,0,19,40.8,0.921557,13,1.53019,-0.0183354,-1.49012e-08,0.490097,0.418038,33.668,0,0,0,65,26.3903,53.4195,0
10752,10753,CameraCapture,frame_captured,0,304,7,0.143507,75,NaN,NaN,NaN,NaN,NaN,NaN,NaN,NaN,NaN,NaN,NaN,NaN,NaN,NaN,NaN,NaN,NaN,NaN
10753,10754,ImageProcessor_TPU,frame_processed,0,304,7,0.705647,75,0,NaN,NaN,NaN,NaN,NaN,NaN,NaN,NaN,NaN,NaN,NaN,NaN,NaN,NaN,NaN,NaN,NaN
10760,10761,ImageProcessor_Viz,frame_processed,0,304,7,0.346562,NaN,7,NaN,NaN,NaN,NaN,NaN,NaN,NaN,NaN,NaN,NaN,NaN,NaN,NaN,NaN,NaN,NaN,NaN
10772,10773,InferenceEngine,inference_complete,0,304,NaN,NaN,NaN,0,18.752,40.8,0.933322,13,NaN,NaN,NaN,NaN,NaN,NaN,NaN,NaN,NaN,NaN,NaN,NaN,NaN
10773,10751,Logic,frame_complete,-268457733656721424,304,7,0.705647,75,0,18,40.8,0.933322,13,1.52265,-0.0179112,8.60542e-06,0.490099,0.418956,34.211,0,0,0,65,26.3903,53.4195,0
10785,10785,CameraCapture,frame_captured,0,305,7,0.170838,75,NaN,NaN,NaN,NaN,NaN,NaN,NaN,NaN,NaN,NaN,NaN,NaN,NaN,NaN,NaN,NaN,NaN,NaN
10786,10787,ImageProcessor_TPU,frame_processed,0,305,7,1.48023,75,0,NaN,NaN,NaN,NaN,NaN,NaN,NaN,NaN,NaN,NaN,NaN,NaN,NaN,NaN,NaN,NaN,NaN
10793,10794,ImageProcessor_Viz,frame_processed,0,305,7,0.429008,NaN,8,NaN,NaN,NaN,NaN,NaN,NaN,NaN,NaN,NaN,NaN,NaN,NaN,NaN,NaN,NaN,NaN,NaN
10805,10806,InferenceEngine,inference_complete,0,305,NaN,NaN,NaN,0,18.806,40.8,0.909793,13,NaN,NaN,NaN,NaN,NaN,NaN,NaN,NaN,NaN,NaN,NaN,NaN,NaN
10806,10784,Logic,frame_complete,-268457733656721424,305,7,1.48023,75,0,19,40.8,0.909793,13,1.53019,-0.0191229,-1.25244e-05,0.490095,0.417035,32.695,0,0,0,65,26.3903,53.4195,0
10818,10819,CameraCapture,frame_captured,0,306,7,0.158069,75,NaN,NaN,NaN,NaN,NaN,NaN,NaN,NaN,NaN,NaN,NaN,NaN,NaN,NaN,NaN,NaN,NaN,NaN
10819,10820,ImageProcessor_TPU,frame_processed,0,306,7,0.815729,75,0,NaN,NaN,NaN,NaN,NaN,NaN,NaN,NaN,NaN,NaN,NaN,NaN,NaN,NaN,NaN,NaN,NaN
10827,10828,ImageProcessor_Viz,frame_processed,0,306,7,0.37534,NaN,9,NaN,NaN,NaN,NaN,NaN,NaN,NaN,NaN,NaN,NaN,NaN,NaN,NaN,NaN,NaN,NaN,NaN
10840,10840,InferenceEngine,inference_complete,0,306,NaN,NaN,NaN,0,20.159,40.8,0.941165,13,NaN,NaN,NaN,NaN,NaN,NaN,NaN,NaN,NaN,NaN,NaN,NaN,NaN
10840,10817,Logic,frame_complete,-268457733656721424,306,7,0.815729,75,0,21,40.8,0.941165,13,1.53773,-0.0184821,-3.51295e-06,0.490097,0.417177,34.444,0,0,0,65,26.3903,53.4195,0
10851,10852,CameraCapture,frame_captured,0,307,7,0.218728,75,NaN,NaN,NaN,NaN,NaN,NaN,NaN,NaN,NaN,NaN,NaN,NaN,NaN,NaN,NaN,NaN,NaN,NaN
10853,10853,ImageProcessor_TPU,frame_processed,0,307,7,0.811406,75,0,NaN,NaN,NaN,NaN,NaN,NaN,NaN,NaN,NaN,NaN,NaN,NaN,NaN,NaN,NaN,NaN,NaN
10860,10860,ImageProcessor_Viz,frame_processed,0,307,7,0.338321,NaN,8,NaN,NaN,NaN,NaN,NaN,NaN,NaN,NaN,NaN,NaN,NaN,NaN,NaN,NaN,NaN,NaN,NaN
10871,10872,InferenceEngine,inference_complete,0,307,NaN,NaN,NaN,0,18.643,40.8,0.921557,13,NaN,NaN,NaN,NaN,NaN,NaN,NaN,NaN,NaN,NaN,NaN,NaN,NaN
10872,10850,Logic,frame_complete,-268457733656721424,307,7,0.811406,75,0,18,40.8,0.921557,13,1.53773,-0.0186781,1.42679e-06,0.490098,0.417139,31.807,0,0,0,65,26.3903,53.4195,0
10885,10886,CameraCapture,frame_captured,0,308,7,0.239194,75,NaN,NaN,NaN,NaN,NaN,NaN,NaN,NaN,NaN,NaN,NaN,NaN,NaN,NaN,NaN,NaN,NaN,NaN
10887,10888,ImageProcessor_TPU,frame_processed,0,308,7,0.811834,75,0,NaN,NaN,NaN,NaN,NaN,NaN,NaN,NaN,NaN,NaN,NaN,NaN,NaN,NaN,NaN,NaN,NaN
10893,10894,ImageProcessor_Viz,frame_processed,0,308,7,0.352099,NaN,7,NaN,NaN,NaN,NaN,NaN,NaN,NaN,NaN,NaN,NaN,NaN,NaN,NaN,NaN,NaN,NaN,NaN
10906,10907,InferenceEngine,inference_complete,0,308,NaN,NaN,NaN,0,18.764,40.8,0.909793,12,NaN,NaN,NaN,NaN,NaN,NaN,NaN,NaN,NaN,NaN,NaN,NaN,NaN
10906,10884,Logic,frame_complete,-268457733656721424,308,7,0.811834,75,0,19,40.8,0.909793,12,1.53019,-0.0185128,8.02055e-06,0.490099,0.417153,34.287,0,0,0,65,26.3903,53.4195,0
10918,10919,CameraCapture,frame_captured,0,309,7,0.156433,75,NaN,NaN,NaN,NaN,NaN,NaN,NaN,NaN,NaN,NaN,NaN,NaN,NaN,NaN,NaN,NaN,NaN,NaN
10920,10920,ImageProcessor_TPU,frame_processed,0,309,7,1.10523,75,1,NaN,NaN,NaN,NaN,NaN,NaN,NaN,NaN,NaN,NaN,NaN,NaN,NaN,NaN,NaN,NaN,NaN
10926,10927,ImageProcessor_Viz,frame_processed,0,309,7,0.340858,NaN,7,NaN,NaN,NaN,NaN,NaN,NaN,NaN,NaN,NaN,NaN,NaN,NaN,NaN,NaN,NaN,NaN,NaN
10939,10940,InferenceEngine,inference_complete,0,309,NaN,NaN,NaN,1,19.01,40.8,0.921557,13,NaN,NaN,NaN,NaN,NaN,NaN,NaN,NaN,NaN,NaN,NaN,NaN,NaN
10940,10917,Logic,frame_complete,-268457733656721424,309,7,1.10523,75,1,19,40.8,0.921557,13,1.52265,-0.0185567,5.55068e-06,0.490099,0.417127,33.397,0,0,0,65,26.3903,53.4195,0
10951,10952,CameraCapture,frame_captured,0,310,7,0.242368,75,NaN,NaN,NaN,NaN,NaN,NaN,NaN,NaN,NaN,NaN,NaN,NaN,NaN,NaN,NaN,NaN,NaN,NaN
10953,10953,ImageProcessor_TPU,frame_processed,0,310,7,0.876898,75,1,NaN,NaN,NaN,NaN,NaN,NaN,NaN,NaN,NaN,NaN,NaN,NaN,NaN,NaN,NaN,NaN,NaN
10959,10960,ImageProcessor_Viz,frame_processed,0,310,7,0.343562,NaN,7,NaN,NaN,NaN,NaN,NaN,NaN,NaN,NaN,NaN,NaN,NaN,NaN,NaN,NaN,NaN,NaN,NaN
10972,10973,InferenceEngine,inference_complete,0,310,NaN,NaN,NaN,1,18.936,40.8,0.933322,13,NaN,NaN,NaN,NaN,NaN,NaN,NaN,NaN,NaN,NaN,NaN,NaN,NaN
10972,10951,Logic,frame_complete,-268457733656721424,310,7,0.876898,75,1,19,40.8,0.933322,13,1.53019,-0.0182879,-1.13472e-05,0.490095,0.418048,32.548,0,0,0,65,26.3903,53.4195,0
10985,10985,CameraCapture,frame_captured,0,311,7,0.223762,75,NaN,NaN,NaN,NaN,NaN,NaN,NaN,NaN,NaN,NaN,NaN,NaN,NaN,NaN,NaN,NaN,NaN,NaN
10986,10987,ImageProcessor_TPU,frame_processed,0,311,7,1.1075,75,0,NaN,NaN,NaN,NaN,NaN,NaN,NaN,NaN,NaN,NaN,NaN,NaN,NaN,NaN,NaN,NaN,NaN
10992,10993,ImageProcessor_Viz,frame_processed,0,311,7,0.33971,NaN,7,NaN,NaN,NaN,NaN,NaN,NaN,NaN,NaN,NaN,NaN,NaN,NaN,NaN,NaN,NaN,NaN,NaN
11005,11006,InferenceEngine,inference_complete,0,311,NaN,NaN,NaN,0,18.727,40.8,0.941165,13,NaN,NaN,NaN,NaN,NaN,NaN,NaN,NaN,NaN,NaN,NaN,NaN,NaN
11005,10984,Logic,frame_complete,-268457733656721424,311,7,1.1075,75,0,19,40.8,0.941165,13,1.53019,-0.0184101,-0.000329573,0.48821,0.418024,32.934,0,0,0,65,26.3903,53.4195,0
11018,11019,CameraCapture,frame_captured,0,312,7,0.148578,75,NaN,NaN,NaN,NaN,NaN,NaN,NaN,NaN,NaN,NaN,NaN,NaN,NaN,NaN,NaN,NaN,NaN,NaN
11020,11020,ImageProcessor_TPU,frame_processed,0,312,7,0.820831,75,1,NaN,NaN,NaN,NaN,NaN,NaN,NaN,NaN,NaN,NaN,NaN,NaN,NaN,NaN,NaN,NaN,NaN
11026,11027,ImageProcessor_Viz,frame_processed,0,312,7,0.343228,NaN,7,NaN,NaN,NaN,NaN,NaN,NaN,NaN,NaN,NaN,NaN,NaN,NaN,NaN,NaN,NaN,NaN,NaN
11039,11039,InferenceEngine,inference_complete,0,312,NaN,NaN,NaN,1,18.797,40.8,0.941165,13,NaN,NaN,NaN,NaN,NaN,NaN,NaN,NaN,NaN,NaN,NaN,NaN,NaN
11039,11018,Logic,frame_complete,-268457733656721424,312,7,0.820831,75,1,19,40.8,0.941165,13,1.53019,-0.0183626,0.000459813,0.490193,0.418033,33.802,0,0,0,65,26.3903,53.4195,0
11051,11052,CameraCapture,frame_captured,0,313,7,0.163056,75,NaN,NaN,NaN,NaN,NaN,NaN,NaN,NaN,NaN,NaN,NaN,NaN,NaN,NaN,NaN,NaN,NaN,NaN
11052,11053,ImageProcessor_TPU,frame_processed,0,313,7,0.860865,75,0,NaN,NaN,NaN,NaN,NaN,NaN,NaN,NaN,NaN,NaN,NaN,NaN,NaN,NaN,NaN,NaN,NaN
11059,11059,ImageProcessor_Viz,frame_processed,0,313,7,0.332043,NaN,7,NaN,NaN,NaN,NaN,NaN,NaN,NaN,NaN,NaN,NaN,NaN,NaN,NaN,NaN,NaN,NaN,NaN
11071,11072,InferenceEngine,inference_complete,0,313,NaN,NaN,NaN,0,18.898,40.8,0.949008,13,NaN,NaN,NaN,NaN,NaN,NaN,NaN,NaN,NaN,NaN,NaN,NaN,NaN
11072,11050,Logic,frame_complete,-268457733656721424,313,7,0.860865,75,0,19,40.8,0.949008,13,1.53019,-0.0183797,-0.000524156,0.48817,0.41803,32.646,0,0,0,65,26.3903,53.4195,0
11084,11085,CameraCapture,frame_captured,0,314,7,0.144472,75,NaN,NaN,NaN,NaN,NaN,NaN,NaN,NaN,NaN,NaN,NaN,NaN,NaN,NaN,NaN,NaN,NaN,NaN
11086,11086,ImageProcessor_TPU,frame_processed,0,314,7,0.86217,75,1,NaN,NaN,NaN,NaN,NaN,NaN,NaN,NaN,NaN,NaN,NaN,NaN,NaN,NaN,NaN,NaN,NaN
11092,11093,ImageProcessor_Viz,frame_processed,0,314,7,0.338933,NaN,7,NaN,NaN,NaN,NaN,NaN,NaN,NaN,NaN,NaN,NaN,NaN,NaN,NaN,NaN,NaN,NaN,NaN
11105,11106,InferenceEngine,inference_complete,0,314,NaN,NaN,NaN,1,18.809,40.8,0.909793,12,NaN,NaN,NaN,NaN,NaN,NaN,NaN,NaN,NaN,NaN,NaN,NaN,NaN
11105,11084,Logic,frame_complete,-268457733656721424,314,7,0.86217,75,1,19,40.8,0.909793,12,1.52265,-0.0186895,0.000549413,0.490212,0.417101,33.306,0,0,0,65,26.3903,53.4195,0
11119,11120,CameraCapture,frame_captured,0,315,7,0.152369,75,NaN,NaN,NaN,NaN,NaN,NaN,NaN,NaN,NaN,NaN,NaN,NaN,NaN,NaN,NaN,NaN,NaN,NaN
11120,11121,ImageProcessor_TPU,frame_processed,0,315,7,0.698879,75,1,NaN,NaN,NaN,NaN,NaN,NaN,NaN,NaN,NaN,NaN,NaN,NaN,NaN,NaN,NaN,NaN,NaN
11127,11128,ImageProcessor_Viz,frame_processed,0,315,7,0.333987,NaN,8,NaN,NaN,NaN,NaN,NaN,NaN,NaN,NaN,NaN,NaN,NaN,NaN,NaN,NaN,NaN,NaN,NaN
11139,11140,InferenceEngine,inference_complete,0,315,NaN,NaN,NaN,1,18.694,40.8,0.933322,13,NaN,NaN,NaN,NaN,NaN,NaN,NaN,NaN,NaN,NaN,NaN,NaN,NaN
11139,11118,Logic,frame_complete,-268457733656721424,315,7,0.698879,75,1,19,40.8,0.933322,13,1.52265,-0.0185513,-0.000222992,0.490051,0.417128,34.274,0,0,0,65,26.3903,53.4195,0
11152,11153,CameraCapture,frame_captured,0,316,7,0.154354,75,NaN,NaN,NaN,NaN,NaN,NaN,NaN,NaN,NaN,NaN,NaN,NaN,NaN,NaN,NaN,NaN,NaN,NaN
11153,11154,ImageProcessor_TPU,frame_processed,0,316,7,1.01094,75,0,NaN,NaN,NaN,NaN,NaN,NaN,NaN,NaN,NaN,NaN,NaN,NaN,NaN,NaN,NaN,NaN,NaN
11159,11160,ImageProcessor_Viz,frame_processed,0,316,7,0.328543,NaN,7,NaN,NaN,NaN,NaN,NaN,NaN,NaN,NaN,NaN,NaN,NaN,NaN,NaN,NaN,NaN,NaN,NaN
11172,11173,InferenceEngine,inference_complete,0,316,NaN,NaN,NaN,0,18.687,40.8,0.949008,13,NaN,NaN,NaN,NaN,NaN,NaN,NaN,NaN,NaN,NaN,NaN,NaN,NaN
11172,11151,Logic,frame_complete,-268457733656721424,316,7,1.01094,75,0,19,40.8,0.949008,13,1.52265,-0.018604,-0.000240147,0.488229,0.417118,32.999,0,0,0,65,26.3903,53.4195,0
11184,11185,CameraCapture,frame_captured,0,317,7,0.149313,75,NaN,NaN,NaN,NaN,NaN,NaN,NaN,NaN,NaN,NaN,NaN,NaN,NaN,NaN,NaN,NaN,NaN,NaN
11186,11187,ImageProcessor_TPU,frame_processed,0,317,7,1.07477,75,1,NaN,NaN,NaN,NaN,NaN,NaN,NaN,NaN,NaN,NaN,NaN,NaN,NaN,NaN,NaN,NaN,NaN
11192,11193,ImageProcessor_Viz,frame_processed,0,317,7,0.329154,NaN,7,NaN,NaN,NaN,NaN,NaN,NaN,NaN,NaN,NaN,NaN,NaN,NaN,NaN,NaN,NaN,NaN,NaN
11205,11206,InferenceEngine,inference_complete,0,317,NaN,NaN,NaN,1,19.016,40.8,0.941165,13,NaN,NaN,NaN,NaN,NaN,NaN,NaN,NaN,NaN,NaN,NaN,NaN,NaN
11205,11183,Logic,frame_complete,-268457733656721424,317,7,1.07477,75,1,19,40.8,0.941165,13,1.52265,-0.0177779,0.000428148,0.490187,0.418982,32.934,0,0,0,65,26.3903,53.4195,0
11218,11219,CameraCapture,frame_captured,0,318,7,0.154889,75,NaN,NaN,NaN,NaN,NaN,NaN,NaN,NaN,NaN,NaN,NaN,NaN,NaN,NaN,NaN,NaN,NaN,NaN
11219,11220,ImageProcessor_TPU,frame_processed,0,318,7,0.773418,75,0,NaN,NaN,NaN,NaN,NaN,NaN,NaN,NaN,NaN,NaN,NaN,NaN,NaN,NaN,NaN,NaN,NaN
11226,11227,ImageProcessor_Viz,frame_processed,0,318,7,0.33408,NaN,7,NaN,NaN,NaN,NaN,NaN,NaN,NaN,NaN,NaN,NaN,NaN,NaN,NaN,NaN,NaN,NaN,NaN
11238,11239,InferenceEngine,inference_complete,0,318,NaN,NaN,NaN,0,18.734,40.8,0.921557,13,NaN,NaN,NaN,NaN,NaN,NaN,NaN,NaN,NaN,NaN,NaN,NaN,NaN
11239,11217,Logic,frame_complete,-268457733656721424,318,7,0.773418,75,0,18,40.8,0.921557,13,1.52265,-0.0190805,-0.000173919,0.490061,0.417025,33.317,0,0,0,65,26.3903,53.4195,0
11251,11252,CameraCapture,frame_captured,0,319,7,0.247023,75,NaN,NaN,NaN,NaN,NaN,NaN,NaN,NaN,NaN,NaN,NaN,NaN,NaN,NaN,NaN,NaN,NaN,NaN
11253,11254,ImageProcessor_TPU,frame_processed,0,319,7,0.84546,75,1,NaN,NaN,NaN,NaN,NaN,NaN,NaN,NaN,NaN,NaN,NaN,NaN,NaN,NaN,NaN,NaN,NaN
11259,11260,ImageProcessor_Viz,frame_processed,0,319,7,0.348636,NaN,7,NaN,NaN,NaN,NaN,NaN,NaN,NaN,NaN,NaN,NaN,NaN,NaN,NaN,NaN,NaN,NaN,NaN
11272,11273,InferenceEngine,inference_complete,0,319,NaN,NaN,NaN,1,18.784,40.8,0.909793,13,NaN,NaN,NaN,NaN,NaN,NaN,NaN,NaN,NaN,NaN,NaN,NaN,NaN
11272,11250,Logic,frame_complete,-268457733656721424,319,7,0.84546,75,1,19,40.8,0.909793,13,1.52265,-0.0183891,-0.000254408,0.488226,0.417159,33.582,0,0,0,65,26.3903,53.4195,0
11285,11286,CameraCapture,frame_captured,0,320,7,0.151228,75,NaN,NaN,NaN,NaN,NaN,NaN,NaN,NaN,NaN,NaN,NaN,NaN,NaN,NaN,NaN,NaN,NaN,NaN
11286,11287,ImageProcessor_TPU,frame_processed,0,320,7,0.790499,75,1,NaN,NaN,NaN,NaN,NaN,NaN,NaN,NaN,NaN,NaN,NaN,NaN,NaN,NaN,NaN,NaN,NaN
11293,11294,ImageProcessor_Viz,frame_processed,0,320,7,0.334709,NaN,7,NaN,NaN,NaN,NaN,NaN,NaN,NaN,NaN,NaN,NaN,NaN,NaN,NaN,NaN,NaN,NaN,NaN
11306,11306,InferenceEngine,inference_complete,0,320,NaN,NaN,NaN,1,18.756,40.8,0.921557,12,NaN,NaN,NaN,NaN,NaN,NaN,NaN,NaN,NaN,NaN,NaN,NaN,NaN
11306,11284,Logic,frame_complete,-268457733656721424,320,7,0.790499,75,1,18,40.8,0.921557,12,1.53019,-0.0179553,0.000422239,0.490185,0.418964,33.449,0,0,0,65,26.3903,53.4195,0
11319,11320,CameraCapture,frame_captured,0,321,7,0.250444,75,NaN,NaN,NaN,NaN,NaN,NaN,NaN,NaN,NaN,NaN,NaN,NaN,NaN,NaN,NaN,NaN,NaN,NaN
11320,11321,ImageProcessor_TPU,frame_processed,0,321,7,1.20129,75,0,NaN,NaN,NaN,NaN,NaN,NaN,NaN,NaN,NaN,NaN,NaN,NaN,NaN,NaN,NaN,NaN,NaN
11326,11327,ImageProcessor_Viz,frame_processed,0,321,7,0.34971,NaN,7,NaN,NaN,NaN,NaN,NaN,NaN,NaN,NaN,NaN,NaN,NaN,NaN,NaN,NaN,NaN,NaN,NaN
11340,11341,InferenceEngine,inference_complete,0,321,NaN,NaN,NaN,0,19.239,40.8,0.921557,12,NaN,NaN,NaN,NaN,NaN,NaN,NaN,NaN,NaN,NaN,NaN,NaN,NaN
11340,11318,Logic,frame_complete,-268457733656721424,321,7,1.20129,75,0,19,40.8,0.921557,12,1.5228,-0.0189363,-0.000161946,0.490064,0.417053,34.308,0,0,0,65,26.3903,53.4195,0
11351,11352,CameraCapture,frame_captured,0,322,7,0.246136,75,NaN,NaN,NaN,NaN,NaN,NaN,NaN,NaN,NaN,NaN,NaN,NaN,NaN,NaN,NaN,NaN,NaN,NaN
11353,11353,ImageProcessor_TPU,frame_processed,0,322,7,1.1698,75,1,NaN,NaN,NaN,NaN,NaN,NaN,NaN,NaN,NaN,NaN,NaN,NaN,NaN,NaN,NaN,NaN,NaN
11359,11359,ImageProcessor_Viz,frame_processed,0,322,7,0.365451,NaN,7,NaN,NaN,NaN,NaN,NaN,NaN,NaN,NaN,NaN,NaN,NaN,NaN,NaN,NaN,NaN,NaN,NaN
11372,11373,InferenceEngine,inference_complete,0,322,NaN,NaN,NaN,1,19.003,40.8,0.921557,12,NaN,NaN,NaN,NaN,NaN,NaN,NaN,NaN,NaN,NaN,NaN,NaN,NaN
11372,11350,Logic,frame_complete,-268457733656721424,322,7,1.1698,75,1,19,40.8,0.921557,12,1.53773,-0.0186276,-0.000299178,0.488217,0.417149,32.101,0,0,0,65,26.3903,53.4195,0
11386,11387,CameraCapture,frame_captured,0,323,7,0.293839,75,NaN,NaN,NaN,NaN,NaN,NaN,NaN,NaN,NaN,NaN,NaN,NaN,NaN,NaN,NaN,NaN,NaN,NaN
11387,11388,ImageProcessor_TPU,frame_processed,0,323,7,1.18819,75,0,NaN,NaN,NaN,NaN,NaN,NaN,NaN,NaN,NaN,NaN,NaN,NaN,NaN,NaN,NaN,NaN,NaN
11394,11394,ImageProcessor_Viz,frame_processed,0,323,7,0.347802,NaN,8,NaN,NaN,NaN,NaN,NaN,NaN,NaN,NaN,NaN,NaN,NaN,NaN,NaN,NaN,NaN,NaN,NaN
11406,11407,InferenceEngine,inference_complete,0,323,NaN,NaN,NaN,0,18.794,40.8,0.909793,12,NaN,NaN,NaN,NaN,NaN,NaN,NaN,NaN,NaN,NaN,NaN,NaN,NaN
11407,11385,Logic,frame_complete,-268457733656721424,323,7,1.18819,75,0,19,40.8,0.909793,12,1.53773,-0.0182182,0.000445161,0.49019,0.418079,34.295,0,0,0,65,26.3903,53.4195,0
11418,11419,CameraCapture,frame_captured,0,324,7,0.161112,75,NaN,NaN,NaN,NaN,NaN,NaN,NaN,NaN,NaN,NaN,NaN,NaN,NaN,NaN,NaN,NaN,NaN,NaN
11419,11420,ImageProcessor_TPU,frame_processed,0,324,7,0.737326,75,0,NaN,NaN,NaN,NaN,NaN,NaN,NaN,NaN,NaN,NaN,NaN,NaN,NaN,NaN,NaN,NaN,NaN
11427,11428,ImageProcessor_Viz,frame_processed,0,324,7,0.349284,NaN,8,NaN,NaN,NaN,NaN,NaN,NaN,NaN,NaN,NaN,NaN,NaN,NaN,NaN,NaN,NaN,NaN,NaN
11438,11439,InferenceEngine,inference_complete,0,324,NaN,NaN,NaN,0,18.659,40.8,0.909793,12,NaN,NaN,NaN,NaN,NaN,NaN,NaN,NaN,NaN,NaN,NaN,NaN,NaN
11439,11418,Logic,frame_complete,-268457733656721424,324,7,0.737326,75,0,18,40.8,0.909793,12,1.53233,-0.0181239,0.0004436,0.4918,0.418405,31.872,0,0,0,65,26.3903,53.4195,0
11451,11452,CameraCapture,frame_captured,0,325,7,0.146883,75,NaN,NaN,NaN,NaN,NaN,NaN,NaN,NaN,NaN,NaN,NaN,NaN,NaN,NaN,NaN,NaN,NaN,NaN
11452,11453,ImageProcessor_TPU,frame_processed,0,325,7,1.03279,75,0,NaN,NaN,NaN,NaN,NaN,NaN,NaN,NaN,NaN,NaN,NaN,NaN,NaN,NaN,NaN,NaN,NaN
11458,11459,ImageProcessor_Viz,frame_processed,0,325,7,0.332691,NaN,7,NaN,NaN,NaN,NaN,NaN,NaN,NaN,NaN,NaN,NaN,NaN,NaN,NaN,NaN,NaN,NaN,NaN
11472,11473,InferenceEngine,inference_complete,0,325,NaN,NaN,NaN,0,19.354,40.8,0.921557,12,NaN,NaN,NaN,NaN,NaN,NaN,NaN,NaN,NaN,NaN,NaN,NaN,NaN
11472,11450,Logic,frame_complete,-268457733656721424,325,7,1.03279,75,0,20,40.8,0.921557,12,1.52131,-0.0179276,0.000440409,0.49513,0.419082,33.63,0,0,0,65,26.3903,53.4195,0
11484,11485,CameraCapture,frame_captured,0,326,7,0.23306,75,NaN,NaN,NaN,NaN,NaN,NaN,NaN,NaN,NaN,NaN,NaN,NaN,NaN,NaN,NaN,NaN,NaN,NaN
11486,11487,ImageProcessor_TPU,frame_processed,0,326,7,1.35576,75,0,NaN,NaN,NaN,NaN,NaN,NaN,NaN,NaN,NaN,NaN,NaN,NaN,NaN,NaN,NaN,NaN,NaN
11492,11493,ImageProcessor_Viz,frame_processed,0,326,7,0.350895,NaN,7,NaN,NaN,NaN,NaN,NaN,NaN,NaN,NaN,NaN,NaN,NaN,NaN,NaN,NaN,NaN,NaN,NaN
11505,11506,InferenceEngine,inference_complete,0,326,NaN,NaN,NaN,0,18.738,40.8,0.921557,12,NaN,NaN,NaN,NaN,NaN,NaN,NaN,NaN,NaN,NaN,NaN,NaN,NaN
11505,11483,Logic,frame_complete,-268457733656721424,326,7,1.35576,75,0,19,40.8,0.921557,12,1.50475,-0.0176232,0.000435615,0.500225,0.420121,32.962,0,0,0,65,26.3903,53.4195,0
11518,11518,CameraCapture,frame_captured,0,327,7,0.145601,75,NaN,NaN,NaN,NaN,NaN,NaN,NaN,NaN,NaN,NaN,NaN,NaN,NaN,NaN,NaN,NaN,NaN,NaN
11518,11519,ImageProcessor_TPU,frame_processed,0,327,7,0.694593,75,1,NaN,NaN,NaN,NaN,NaN,NaN,NaN,NaN,NaN,NaN,NaN,NaN,NaN,NaN,NaN,NaN,NaN
11526,11527,ImageProcessor_Viz,frame_processed,0,327,7,0.336802,NaN,8,NaN,NaN,NaN,NaN,NaN,NaN,NaN,NaN,NaN,NaN,NaN,NaN,NaN,NaN,NaN,NaN,NaN
11537,11538,InferenceEngine,inference_complete,0,327,NaN,NaN,NaN,1,18.709,40.8,0.921557,12,NaN,NaN,NaN,NaN,NaN,NaN,NaN,NaN,NaN,NaN,NaN,NaN,NaN
11538,11517,Logic,frame_complete,-268457733656721424,327,7,0.694593,75,1,18,40.8,0.921557,12,1.48276,-0.0172008,0.00042925,0.507167,0.421542,32.419,0,0,0,65,26.3903,53.4195,0
11552,11553,CameraCapture,frame_captured,0,328,7,0.175793,75,NaN,NaN,NaN,NaN,NaN,NaN,NaN,NaN,NaN,NaN,NaN,NaN,NaN,NaN,NaN,NaN,NaN,NaN
11554,11555,ImageProcessor_TPU,frame_processed,0,328,7,0.778489,75,1,NaN,NaN,NaN,NaN,NaN,NaN,NaN,NaN,NaN,NaN,NaN,NaN,NaN,NaN,NaN,NaN,NaN
11561,11562,ImageProcessor_Viz,frame_processed,0,328,7,0.371988,NaN,8,NaN,NaN,NaN,NaN,NaN,NaN,NaN,NaN,NaN,NaN,NaN,NaN,NaN,NaN,NaN,NaN,NaN
11573,11574,InferenceEngine,inference_complete,0,328,NaN,NaN,NaN,1,19.237,40.8,0.933322,13,NaN,NaN,NaN,NaN,NaN,NaN,NaN,NaN,NaN,NaN,NaN,NaN,NaN
11574,11551,Logic,frame_complete,-268457733656721424,328,7,0.778489,75,1,19,40.8,0.933322,13,1.52265,-0.0186367,-0.000845697,0.488102,0.417962,35.815,0,0,0,65,26.3903,53.4195,0
11586,11587,CameraCapture,frame_captured,0,329,7,0.554626,75,NaN,NaN,NaN,NaN,NaN,NaN,NaN,NaN,NaN,NaN,NaN,NaN,NaN,NaN,NaN,NaN,NaN,NaN
11588,11589,ImageProcessor_TPU,frame_processed,0,329,7,2.0306,75,0,NaN,NaN,NaN,NaN,NaN,NaN,NaN,NaN,NaN,NaN,NaN,NaN,NaN,NaN,NaN,NaN,NaN
11607,11608,InferenceEngine,inference_complete,0,329,NaN,NaN,NaN,0,18.464,40.8,0.921557,12,NaN,NaN,NaN,NaN,NaN,NaN,NaN,NaN,NaN,NaN,NaN,NaN,NaN
11607,11585,Logic,frame_complete,-268457733656721424,329,7,2.0306,75,0,19,40.8,0.921557,12,1.53019,-0.0187348,0.000334319,0.488348,0.41711,33.433,0,0,0,65,26.3903,53.4195,0
11618,11618,CameraCapture,frame_captured,0,330,7,0.158899,74.6667,NaN,NaN,NaN,NaN,NaN,NaN,NaN,NaN,NaN,NaN,NaN,NaN,NaN,NaN,NaN,NaN,NaN,NaN
11618,11619,ImageProcessor_TPU,frame_processed,0,330,7,0.71202,75,0,NaN,NaN,NaN,NaN,NaN,NaN,NaN,NaN,NaN,NaN,NaN,NaN,NaN,NaN,NaN,NaN,NaN
11637,11638,InferenceEngine,inference_complete,0,330,NaN,NaN,NaN,0,18.499,40.8,0.933322,13,NaN,NaN,NaN,NaN,NaN,NaN,NaN,NaN,NaN,NaN,NaN,NaN,NaN
11637,11617,Logic,frame_complete,-268457733656721424,330,7,0.71202,75,0,18,40.8,0.933322,13,1.53019,-0.0181323,0.000228196,0.490145,0.418078,30.263,0,0,0,65,26.3903,53.4195,0
11642,11642,ImageProcessor_Viz,frame_processed,0,329,7,0.570343,NaN,54,NaN,NaN,NaN,NaN,NaN,NaN,NaN,NaN,NaN,NaN,NaN,NaN,NaN,NaN,NaN,NaN,NaN
11649,11650,ImageProcessor_Viz,frame_processed,0,330,7,0.337969,NaN,8,NaN,NaN,NaN,NaN,NaN,NaN,NaN,NaN,NaN,NaN,NaN,NaN,NaN,NaN,NaN,NaN,NaN
11652,11653,CameraCapture,frame_captured,0,331,7,0.301502,75,NaN,NaN,NaN,NaN,NaN,NaN,NaN,NaN,NaN,NaN,NaN,NaN,NaN,NaN,NaN,NaN,NaN,NaN
11654,11655,ImageProcessor_TPU,frame_processed,0,331,7,1.15265,75,1,NaN,NaN,NaN,NaN,NaN,NaN,NaN,NaN,NaN,NaN,NaN,NaN,NaN,NaN,NaN,NaN,NaN
11661,11662,ImageProcessor_Viz,frame_processed,0,331,7,0.372692,NaN,9,NaN,NaN,NaN,NaN,NaN,NaN,NaN,NaN,NaN,NaN,NaN,NaN,NaN,NaN,NaN,NaN,NaN
11675,11676,InferenceEngine,inference_complete,0,331,NaN,NaN,NaN,1,20.811,40.8,0.941165,12,NaN,NaN,NaN,NaN,NaN,NaN,NaN,NaN,NaN,NaN,NaN,NaN,NaN
11676,11651,Logic,frame_complete,-268457733656721424,331,7,1.15265,75,1,21,40.8,0.941165,12,1.53019,-0.0188604,-9.33968e-05,0.490078,0.417086,38.021,0,0,0,65,26.3903,53.4195,0
11687,11688,CameraCapture,frame_captured,0,332,7,0.322571,75,NaN,NaN,NaN,NaN,NaN,NaN,NaN,NaN,NaN,NaN,NaN,NaN,NaN,NaN,NaN,NaN,NaN,NaN
11688,11689,ImageProcessor_TPU,frame_processed,0,332,7,1.42711,75,0,NaN,NaN,NaN,NaN,NaN,NaN,NaN,NaN,NaN,NaN,NaN,NaN,NaN,NaN,NaN,NaN,NaN
11697,11697,ImageProcessor_Viz,frame_processed,0,332,7,0.49512,NaN,10,NaN,NaN,NaN,NaN,NaN,NaN,NaN,NaN,NaN,NaN,NaN,NaN,NaN,NaN,NaN,NaN,NaN
11715,11716,InferenceEngine,inference_complete,0,332,NaN,NaN,NaN,0,25.242,40.8,0.933322,13,NaN,NaN,NaN,NaN,NaN,NaN,NaN,NaN,NaN,NaN,NaN,NaN,NaN
11716,11686,Logic,frame_complete,-268457733656721424,332,7,1.42711,75,0,25,40.8,0.933322,13,1.52265,-0.0180449,-0.000230189,0.488231,0.418077,40.12,0,0,0,65,26.3903,53.4195,0
11720,11721,CameraCapture,frame_captured,0,333,7,0.170541,75,NaN,NaN,NaN,NaN,NaN,NaN,NaN,NaN,NaN,NaN,NaN,NaN,NaN,NaN,NaN,NaN,NaN,NaN
11721,11722,ImageProcessor_TPU,frame_processed,0,333,7,1.23152,75,1,NaN,NaN,NaN,NaN,NaN,NaN,NaN,NaN,NaN,NaN,NaN,NaN,NaN,NaN,NaN,NaN,NaN
11728,11729,ImageProcessor_Viz,frame_processed,0,333,7,0.345636,NaN,7,NaN,NaN,NaN,NaN,NaN,NaN,NaN,NaN,NaN,NaN,NaN,NaN,NaN,NaN,NaN,NaN,NaN
11741,11742,InferenceEngine,inference_complete,0,333,NaN,NaN,NaN,1,19.081,40.8,0.921557,13,NaN,NaN,NaN,NaN,NaN,NaN,NaN,NaN,NaN,NaN,NaN,NaN,NaN
11741,11719,Logic,frame_complete,-268457733656721424,333,7,1.23152,75,1,19,40.8,0.921557,13,1.52265,-0.0184898,0.000503767,0.490203,0.417991,25.626,0,0,0,65,26.3903,53.4195,0
11751,11752,CameraCapture,frame_captured,0,334,7,0.240041,75,NaN,NaN,NaN,NaN,NaN,NaN,NaN,NaN,NaN,NaN,NaN,NaN,NaN,NaN,NaN,NaN,NaN,NaN
11752,11753,ImageProcessor_TPU,frame_processed,0,334,7,1.14871,75,0,NaN,NaN,NaN,NaN,NaN,NaN,NaN,NaN,NaN,NaN,NaN,NaN,NaN,NaN,NaN,NaN,NaN
11759,11760,ImageProcessor_Viz,frame_processed,0,334,7,0.346303,NaN,8,NaN,NaN,NaN,NaN,NaN,NaN,NaN,NaN,NaN,NaN,NaN,NaN,NaN,NaN,NaN,NaN,NaN
11771,11772,InferenceEngine,inference_complete,0,334,NaN,NaN,NaN,0,18.805,40.8,0.921557,13,NaN,NaN,NaN,NaN,NaN,NaN,NaN,NaN,NaN,NaN,NaN,NaN,NaN
11772,11750,Logic,frame_complete,-268457733656721424,334,7,1.14871,75,0,19,40.8,0.921557,13,1.52265,-0.0187289,-0.000205122,0.490055,0.417093,30.334,0,0,0,65,26.3903,53.4195,0
11784,11785,CameraCapture,frame_captured,0,335,7,0.233677,75,NaN,NaN,NaN,NaN,NaN,NaN,NaN,NaN,NaN,NaN,NaN,NaN,NaN,NaN,NaN,NaN,NaN,NaN
11786,11787,ImageProcessor_TPU,frame_processed,0,335,7,1.4547,75,0,NaN,NaN,NaN,NaN,NaN,NaN,NaN,NaN,NaN,NaN,NaN,NaN,NaN,NaN,NaN,NaN,NaN
11792,11793,ImageProcessor_Viz,frame_processed,0,335,7,0.356025,NaN,7,NaN,NaN,NaN,NaN,NaN,NaN,NaN,NaN,NaN,NaN,NaN,NaN,NaN,NaN,NaN,NaN,NaN
11805,11806,InferenceEngine,inference_complete,0,335,NaN,NaN,NaN,0,18.884,40.8,0.921557,12,NaN,NaN,NaN,NaN,NaN,NaN,NaN,NaN,NaN,NaN,NaN,NaN,NaN
11805,11783,Logic,frame_complete,-268457733656721424,335,7,1.4547,75,0,19,40.8,0.921557,12,1.53019,-0.0182213,7.50273e-05,0.490113,0.418061,33.75,0,0,0,65,26.3903,53.4195,0
11818,11819,CameraCapture,frame_captured,0,336,7,0.155009,75,NaN,NaN,NaN,NaN,NaN,NaN,NaN,NaN,NaN,NaN,NaN,NaN,NaN,NaN,NaN,NaN,NaN,NaN
11819,11820,ImageProcessor_TPU,frame_processed,0,336,7,0.860873,75,0,NaN,NaN,NaN,NaN,NaN,NaN,NaN,NaN,NaN,NaN,NaN,NaN,NaN,NaN,NaN,NaN,NaN
11826,11827,ImageProcessor_Viz,frame_processed,0,336,7,0.342376,NaN,7,NaN,NaN,NaN,NaN,NaN,NaN,NaN,NaN,NaN,NaN,NaN,NaN,NaN,NaN,NaN,NaN,NaN
11838,11839,InferenceEngine,inference_complete,0,336,NaN,NaN,NaN,0,18.704,40.8,0.921557,13,NaN,NaN,NaN,NaN,NaN,NaN,NaN,NaN,NaN,NaN,NaN,NaN,NaN
11839,11817,Logic,frame_complete,-268457733656721424,336,7,0.860873,75,0,18,40.8,0.921557,13,1.53019,-0.0188408,-0.00036205,0.488204,0.417089,33.17,0,0,0,65,26.3903,53.4195,0
11851,11852,CameraCapture,frame_captured,0,337,7,0.168373,75,NaN,NaN,NaN,NaN,NaN,NaN,NaN,NaN,NaN,NaN,NaN,NaN,NaN,NaN,NaN,NaN,NaN,NaN
11852,11853,ImageProcessor_TPU,frame_processed,0,337,7,0.885923,75,0,NaN,NaN,NaN,NaN,NaN,NaN,NaN,NaN,NaN,NaN,NaN,NaN,NaN,NaN,NaN,NaN,NaN
11859,11860,ImageProcessor_Viz,frame_processed,0,337,7,0.461675,NaN,8,NaN,NaN,NaN,NaN,NaN,NaN,NaN,NaN,NaN,NaN,NaN,NaN,NaN,NaN,NaN,NaN,NaN
11871,11872,InferenceEngine,inference_complete,0,337,NaN,NaN,NaN,0,18.702,40.8,0.921557,13,NaN,NaN,NaN,NaN,NaN,NaN,NaN,NaN,NaN,NaN,NaN,NaN,NaN
11871,11850,Logic,frame_complete,-268457733656721424,337,7,0.885923,75,0,19,40.8,0.921557,13,1.52265,-0.0180159,0.000491384,0.4902,0.418083,32.616,0,0,0,65,26.3903,53.4195,0
11884,11885,CameraCapture,frame_captured,0,338,7,0.14988,75,NaN,NaN,NaN,NaN,NaN,NaN,NaN,NaN,NaN,NaN,NaN,NaN,NaN,NaN,NaN,NaN,NaN,NaN
11885,11886,ImageProcessor_TPU,frame_processed,0,338,7,0.740039,75,0,NaN,NaN,NaN,NaN,NaN,NaN,NaN,NaN,NaN,NaN,NaN,NaN,NaN,NaN,NaN,NaN,NaN
11892,11893,ImageProcessor_Viz,frame_processed,0,338,7,0.345487,NaN,7,NaN,NaN,NaN,NaN,NaN,NaN,NaN,NaN,NaN,NaN,NaN,NaN,NaN,NaN,NaN,NaN,NaN
11904,11905,InferenceEngine,inference_complete,0,338,NaN,NaN,NaN,0,18.731,40.8,0.933322,13,NaN,NaN,NaN,NaN,NaN,NaN,NaN,NaN,NaN,NaN,NaN,NaN,NaN
11905,11883,Logic,frame_complete,-268457733656721424,338,7,0.740039,75,0,19,40.8,0.933322,13,1.52265,-0.0185025,-0.00019931,0.490056,0.417988,33.113,0,0,0,65,26.3903,53.4195,0
11917,11918,CameraCapture,frame_captured,0,339,7,0.159831,75,NaN,NaN,NaN,NaN,NaN,NaN,NaN,NaN,NaN,NaN,NaN,NaN,NaN,NaN,NaN,NaN,NaN,NaN
11918,11919,ImageProcessor_TPU,frame_processed,0,339,7,0.740638,75,0,NaN,NaN,NaN,NaN,NaN,NaN,NaN,NaN,NaN,NaN,NaN,NaN,NaN,NaN,NaN,NaN,NaN
11926,11927,ImageProcessor_Viz,frame_processed,0,339,7,0.355377,NaN,8,NaN,NaN,NaN,NaN,NaN,NaN,NaN,NaN,NaN,NaN,NaN,NaN,NaN,NaN,NaN,NaN,NaN
11938,11939,InferenceEngine,inference_complete,0,339,NaN,NaN,NaN,0,19.045,40.8,0.933322,13,NaN,NaN,NaN,NaN,NaN,NaN,NaN,NaN,NaN,NaN,NaN,NaN,NaN
11938,11916,Logic,frame_complete,-268457733656721424,339,7,0.740638,75,0,19,40.8,0.933322,13,1.52265,-0.018305,8.0917e-05,0.490114,0.418027,33.628,0,0,0,65,26.3903,53.4195,0
11951,11952,CameraCapture,frame_captured,0,340,7,0.240074,75,NaN,NaN,NaN,NaN,NaN,NaN,NaN,NaN,NaN,NaN,NaN,NaN,NaN,NaN,NaN,NaN,NaN,NaN
11953,11953,ImageProcessor_TPU,frame_processed,0,340,7,0.966661,75,1,NaN,NaN,NaN,NaN,NaN,NaN,NaN,NaN,NaN,NaN,NaN,NaN,NaN,NaN,NaN,NaN,NaN
11959,11960,ImageProcessor_Viz,frame_processed,0,340,7,0.364711,NaN,7,NaN,NaN,NaN,NaN,NaN,NaN,NaN,NaN,NaN,NaN,NaN,NaN,NaN,NaN,NaN,NaN,NaN
11972,11973,InferenceEngine,inference_complete,0,340,NaN,NaN,NaN,1,19.108,40.8,0.933322,13,NaN,NaN,NaN,NaN,NaN,NaN,NaN,NaN,NaN,NaN,NaN,NaN,NaN
11973,11951,Logic,frame_complete,-268457733656721424,340,7,0.966661,75,1,19,40.8,0.933322,13,1.53019,-0.0188659,-0.000363711,0.488203,0.417085,34.311,0,0,0,65,26.3903,53.4195,0
11984,11985,CameraCapture,frame_captured,0,341,7,0.152993,75,NaN,NaN,NaN,NaN,NaN,NaN,NaN,NaN,NaN,NaN,NaN,NaN,NaN,NaN,NaN,NaN,NaN,NaN
11985,11986,ImageProcessor_TPU,frame_processed,0,341,7,0.713781,75,0,NaN,NaN,NaN,NaN,NaN,NaN,NaN,NaN,NaN,NaN,NaN,NaN,NaN,NaN,NaN,NaN,NaN
11992,11993,ImageProcessor_Viz,frame_processed,0,341,7,0.343876,NaN,7,NaN,NaN,NaN,NaN,NaN,NaN,NaN,NaN,NaN,NaN,NaN,NaN,NaN,NaN,NaN,NaN,NaN
12004,12005,InferenceEngine,inference_complete,0,341,NaN,NaN,NaN,0,18.821,40.8,0.921557,13,NaN,NaN,NaN,NaN,NaN,NaN,NaN,NaN,NaN,NaN,NaN,NaN,NaN
12005,11983,Logic,frame_complete,-268457733656721424,341,7,0.713781,75,0,18,40.8,0.921557,13,1.53773,-0.0185864,0.000137694,0.488307,0.417157,32.171,0,0,0,65,26.3903,53.4195,0
12017,12018,CameraCapture,frame_captured,0,342,7,0.155388,75,NaN,NaN,NaN,NaN,NaN,NaN,NaN,NaN,NaN,NaN,NaN,NaN,NaN,NaN,NaN,NaN,NaN,NaN
12018,12019,ImageProcessor_TPU,frame_processed,0,342,7,0.837789,75,0,NaN,NaN,NaN,NaN,NaN,NaN,NaN,NaN,NaN,NaN,NaN,NaN,NaN,NaN,NaN,NaN,NaN
12025,12026,ImageProcessor_Viz,frame_processed,0,342,7,0.343414,NaN,7,NaN,NaN,NaN,NaN,NaN,NaN,NaN,NaN,NaN,NaN,NaN,NaN,NaN,NaN,NaN,NaN,NaN
12037,12038,InferenceEngine,inference_complete,0,342,NaN,NaN,NaN,0,18.758,40.8,0.921557,13,NaN,NaN,NaN,NaN,NaN,NaN,NaN,NaN,NaN,NaN,NaN,NaN,NaN
12038,12016,Logic,frame_complete,-268457733656721424,342,7,0.837789,75,0,19,40.8,0.921557,13,1.53773,-0.0186311,-5.59166e-05,0.488267,0.417148,32.901,0,0,0,65,26.3903,53.4195,0
12051,12052,CameraCapture,frame_captured,0,343,7,0.249397,75,NaN,NaN,NaN,NaN,NaN,NaN,NaN,NaN,NaN,NaN,NaN,NaN,NaN,NaN,NaN,NaN,NaN,NaN
12053,12053,ImageProcessor_TPU,frame_processed,0,343,7,1.13717,75,1,NaN,NaN,NaN,NaN,NaN,NaN,NaN,NaN,NaN,NaN,NaN,NaN,NaN,NaN,NaN,NaN,NaN
12058,12059,ImageProcessor_Viz,frame_processed,0,343,7,0.341821,NaN,7,NaN,NaN,NaN,NaN,NaN,NaN,NaN,NaN,NaN,NaN,NaN,NaN,NaN,NaN,NaN,NaN,NaN
12072,12072,InferenceEngine,inference_complete,0,343,NaN,NaN,NaN,1,18.779,40.8,0.909793,13,NaN,NaN,NaN,NaN,NaN,NaN,NaN,NaN,NaN,NaN,NaN,NaN,NaN
12072,12050,Logic,frame_complete,-268457733656721424,343,7,1.13717,75,1,19,40.8,0.909793,13,1.53019,-0.0177301,3.27975e-05,0.488286,0.419008,34.386,0,0,0,65,26.3903,53.4195,0
12085,12086,CameraCapture,frame_captured,0,344,7,0.236158,75,NaN,NaN,NaN,NaN,NaN,NaN,NaN,NaN,NaN,NaN,NaN,NaN,NaN,NaN,NaN,NaN,NaN,NaN
12087,12087,ImageProcessor_TPU,frame_processed,0,344,7,1.28073,75,1,NaN,NaN,NaN,NaN,NaN,NaN,NaN,NaN,NaN,NaN,NaN,NaN,NaN,NaN,NaN,NaN,NaN
12092,12093,ImageProcessor_Viz,frame_processed,0,344,7,0.454027,NaN,8,NaN,NaN,NaN,NaN,NaN,NaN,NaN,NaN,NaN,NaN,NaN,NaN,NaN,NaN,NaN,NaN,NaN
12106,12107,InferenceEngine,inference_complete,0,344,NaN,NaN,NaN,1,18.818,40.8,0.921557,13,NaN,NaN,NaN,NaN,NaN,NaN,NaN,NaN,NaN,NaN,NaN,NaN,NaN
12106,12084,Logic,frame_complete,-268457733656721424,344,7,1.28073,75,1,19,40.8,0.921557,13,1.53019,-0.0191126,-1.33254e-05,0.488276,0.417037,33.952,0,0,0,65,26.3903,53.4195,0
12118,12118,CameraCapture,frame_captured,0,345,7,0.152692,75,NaN,NaN,NaN,NaN,NaN,NaN,NaN,NaN,NaN,NaN,NaN,NaN,NaN,NaN,NaN,NaN,NaN,NaN
12119,12120,ImageProcessor_TPU,frame_processed,0,345,7,0.732332,75,1,NaN,NaN,NaN,NaN,NaN,NaN,NaN,NaN,NaN,NaN,NaN,NaN,NaN,NaN,NaN,NaN,NaN
12126,12126,ImageProcessor_Viz,frame_processed,0,345,7,0.334561,NaN,8,NaN,NaN,NaN,NaN,NaN,NaN,NaN,NaN,NaN,NaN,NaN,NaN,NaN,NaN,NaN,NaN,NaN
12138,12139,InferenceEngine,inference_complete,0,345,NaN,NaN,NaN,1,18.837,40.8,0.949008,13,NaN,NaN,NaN,NaN,NaN,NaN,NaN,NaN,NaN,NaN,NaN,NaN,NaN
12138,12117,Logic,frame_complete,-268457733656721424,345,7,0.732332,75,1,19,40.8,0.949008,13,1.53773,-0.0172504,-5.50225e-06,0.488278,0.419972,32.104,0,0,0,65,26.3903,53.4195,0
12151,12151,CameraCapture,frame_captured,0,346,7,0.141581,75,NaN,NaN,NaN,NaN,NaN,NaN,NaN,NaN,NaN,NaN,NaN,NaN,NaN,NaN,NaN,NaN,NaN,NaN
12152,12152,ImageProcessor_TPU,frame_processed,0,346,7,0.702536,75,1,NaN,NaN,NaN,NaN,NaN,NaN,NaN,NaN,NaN,NaN,NaN,NaN,NaN,NaN,NaN,NaN,NaN
12159,12160,ImageProcessor_Viz,frame_processed,0,346,7,0.343395,NaN,8,NaN,NaN,NaN,NaN,NaN,NaN,NaN,NaN,NaN,NaN,NaN,NaN,NaN,NaN,NaN,NaN,NaN
12171,12172,InferenceEngine,inference_complete,0,346,NaN,NaN,NaN,1,18.88,40.8,0.909793,13,NaN,NaN,NaN,NaN,NaN,NaN,NaN,NaN,NaN,NaN,NaN,NaN,NaN
12171,12150,Logic,frame_complete,-268457733656721424,346,7,0.702536,75,1,19,40.8,0.909793,13,1.53019,-0.0189292,1.28336e-05,0.488281,0.417923,32.983,0,0,0,65,26.3903,53.4195,0
12184,12185,CameraCapture,frame_captured,0,347,7,0.147274,75,NaN,NaN,NaN,NaN,NaN,NaN,NaN,NaN,NaN,NaN,NaN,NaN,NaN,NaN,NaN,NaN,NaN,NaN
12185,12186,ImageProcessor_TPU,frame_processed,0,347,7,0.698228,75,0,NaN,NaN,NaN,NaN,NaN,NaN,NaN,NaN,NaN,NaN,NaN,NaN,NaN,NaN,NaN,NaN,NaN
12192,12193,ImageProcessor_Viz,frame_processed,0,347,7,0.335561,NaN,7,NaN,NaN,NaN,NaN,NaN,NaN,NaN,NaN,NaN,NaN,NaN,NaN,NaN,NaN,NaN,NaN,NaN
12204,12205,InferenceEngine,inference_complete,0,347,NaN,NaN,NaN,0,18.883,40.8,0.921557,13,NaN,NaN,NaN,NaN,NaN,NaN,NaN,NaN,NaN,NaN,NaN,NaN,NaN
12205,12183,Logic,frame_complete,-268457733656721424,347,7,0.698228,75,0,19,40.8,0.921557,13,1.53773,-0.0186401,-1.58027e-05,0.488275,0.417146,33.187,0,0,0,65,26.3903,53.4195,0
12218,12219,CameraCapture,frame_captured,0,348,7,0.144441,75,NaN,NaN,NaN,NaN,NaN,NaN,NaN,NaN,NaN,NaN,NaN,NaN,NaN,NaN,NaN,NaN,NaN,NaN
12219,12220,ImageProcessor_TPU,frame_processed,0,348,7,0.696803,75,0,NaN,NaN,NaN,NaN,NaN,NaN,NaN,NaN,NaN,NaN,NaN,NaN,NaN,NaN,NaN,NaN,NaN
12226,12227,ImageProcessor_Viz,frame_processed,0,348,7,0.336247,NaN,7,NaN,NaN,NaN,NaN,NaN,NaN,NaN,NaN,NaN,NaN,NaN,NaN,NaN,NaN,NaN,NaN,NaN
12238,12239,InferenceEngine,inference_complete,0,348,NaN,NaN,NaN,0,18.835,40.8,0.909793,13,NaN,NaN,NaN,NaN,NaN,NaN,NaN,NaN,NaN,NaN,NaN,NaN,NaN
12238,12217,Logic,frame_complete,-268457733656721424,348,7,0.696803,75,0,19,40.8,0.909793,13,1.53773,-0.0182075,6.41495e-06,0.48828,0.418081,33.937,0,0,0,65,26.3903,53.4195,0
12251,12252,CameraCapture,frame_captured,0,349,7,0.159461,75,NaN,NaN,NaN,NaN,NaN,NaN,NaN,NaN,NaN,NaN,NaN,NaN,NaN,NaN,NaN,NaN,NaN,NaN
12253,12253,ImageProcessor_TPU,frame_processed,0,349,7,0.736767,75,1,NaN,NaN,NaN,NaN,NaN,NaN,NaN,NaN,NaN,NaN,NaN,NaN,NaN,NaN,NaN,NaN,NaN
12259,12260,ImageProcessor_Viz,frame_processed,0,349,7,0.332802,NaN,8,NaN,NaN,NaN,NaN,NaN,NaN,NaN,NaN,NaN,NaN,NaN,NaN,NaN,NaN,NaN,NaN,NaN
12272,12273,InferenceEngine,inference_complete,0,349,NaN,NaN,NaN,1,18.958,40.8,0.909793,12,NaN,NaN,NaN,NaN,NaN,NaN,NaN,NaN,NaN,NaN,NaN,NaN,NaN
12272,12250,Logic,frame_complete,-268457733656721424,349,7,0.736767,75,1,19,40.8,0.909793,12,1.53019,-0.0187808,0.000335108,0.490167,0.417101,33.749,0,0,0,65,26.3903,53.4195,0
12284,12285,CameraCapture,frame_captured,0,350,7,0.238188,75,NaN,NaN,NaN,NaN,NaN,NaN,NaN,NaN,NaN,NaN,NaN,NaN,NaN,NaN,NaN,NaN,NaN,NaN
12285,12286,ImageProcessor_TPU,frame_processed,0,350,7,0.892367,75,0,NaN,NaN,NaN,NaN,NaN,NaN,NaN,NaN,NaN,NaN,NaN,NaN,NaN,NaN,NaN,NaN,NaN
12292,12293,ImageProcessor_Viz,frame_processed,0,350,7,0.344006,NaN,7,NaN,NaN,NaN,NaN,NaN,NaN,NaN,NaN,NaN,NaN,NaN,NaN,NaN,NaN,NaN,NaN,NaN
12304,12305,InferenceEngine,inference_complete,0,350,NaN,NaN,NaN,0,18.673,40.8,0.921557,13,NaN,NaN,NaN,NaN,NaN,NaN,NaN,NaN,NaN,NaN,NaN,NaN,NaN
12305,12283,Logic,frame_complete,-268457733656721424,350,7,0.892367,75,0,19,40.8,0.921557,13,1.53019,-0.0185321,-0.000475813,0.48818,0.417149,32.297,0,0,0,65,26.3903,53.4195,0
12317,12318,CameraCapture,frame_captured,0,351,7,0.234044,75,NaN,NaN,NaN,NaN,NaN,NaN,NaN,NaN,NaN,NaN,NaN,NaN,NaN,NaN,NaN,NaN,NaN,NaN
12318,12319,ImageProcessor_TPU,frame_processed,0,351,7,0.88887,75,0,NaN,NaN,NaN,NaN,NaN,NaN,NaN,NaN,NaN,NaN,NaN,NaN,NaN,NaN,NaN,NaN,NaN
12325,12326,ImageProcessor_Viz,frame_processed,0,351,7,0.352321,NaN,7,NaN,NaN,NaN,NaN,NaN,NaN,NaN,NaN,NaN,NaN,NaN,NaN,NaN,NaN,NaN,NaN,NaN
12338,12338,InferenceEngine,inference_complete,0,351,NaN,NaN,NaN,0,18.908,40.8,0.921557,13,NaN,NaN,NaN,NaN,NaN,NaN,NaN,NaN,NaN,NaN,NaN,NaN,NaN
12338,12316,Logic,frame_complete,-268457733656721424,351,7,0.88887,75,0,18,40.8,0.921557,13,1.53773,-0.018319,0.000517763,0.490205,0.418059,33.348,0,0,0,65,26.3903,53.4195,0
12352,12353,CameraCapture,frame_captured,0,352,7,0.147793,75,NaN,NaN,NaN,NaN,NaN,NaN,NaN,NaN,NaN,NaN,NaN,NaN,NaN,NaN,NaN,NaN,NaN,NaN
12353,12354,ImageProcessor_TPU,frame_processed,0,352,7,0.764119,75,0,NaN,NaN,NaN,NaN,NaN,NaN,NaN,NaN,NaN,NaN,NaN,NaN,NaN,NaN,NaN,NaN,NaN
12360,12360,ImageProcessor_Viz,frame_processed,0,352,7,0.334191,NaN,8,NaN,NaN,NaN,NaN,NaN,NaN,NaN,NaN,NaN,NaN,NaN,NaN,NaN,NaN,NaN,NaN,NaN
12372,12373,InferenceEngine,inference_complete,0,352,NaN,NaN,NaN,0,18.653,40.8,0.909793,12,NaN,NaN,NaN,NaN,NaN,NaN,NaN,NaN,NaN,NaN,NaN,NaN,NaN
12372,12351,Logic,frame_complete,-268457733656721424,352,7,0.764119,75,0,19,40.8,0.909793,12,1.53773,-0.018823,-0.000210553,0.490054,0.417111,34.206,0,0,0,65,26.3903,53.4195,0
12384,12385,CameraCapture,frame_captured,0,353,7,0.149952,75,NaN,NaN,NaN,NaN,NaN,NaN,NaN,NaN,NaN,NaN,NaN,NaN,NaN,NaN,NaN,NaN,NaN,NaN
12386,12387,ImageProcessor_TPU,frame_processed,0,353,7,0.800742,75,0,NaN,NaN,NaN,NaN,NaN,NaN,NaN,NaN,NaN,NaN,NaN,NaN,NaN,NaN,NaN,NaN,NaN
12392,12393,ImageProcessor_Viz,frame_processed,0,353,7,0.407248,NaN,7,NaN,NaN,NaN,NaN,NaN,NaN,NaN,NaN,NaN,NaN,NaN,NaN,NaN,NaN,NaN,NaN,NaN
12405,12406,InferenceEngine,inference_complete,0,353,NaN,NaN,NaN,0,18.733,40.8,0.909793,13,NaN,NaN,NaN,NaN,NaN,NaN,NaN,NaN,NaN,NaN,NaN,NaN,NaN
12405,12383,Logic,frame_complete,-268457733656721424,353,7,0.800742,75,0,19,40.8,0.909793,13,1.53773,-0.0185396,8.56183e-05,0.490115,0.417166,33.243,0,0,0,65,26.3903,53.4195,0
12417,12418,CameraCapture,frame_captured,0,354,7,0.157655,75,NaN,NaN,NaN,NaN,NaN,NaN,NaN,NaN,NaN,NaN,NaN,NaN,NaN,NaN,NaN,NaN,NaN,NaN
12418,12419,ImageProcessor_TPU,frame_processed,0,354,7,0.770463,75,0,NaN,NaN,NaN,NaN,NaN,NaN,NaN,NaN,NaN,NaN,NaN,NaN,NaN,NaN,NaN,NaN,NaN
12425,12426,ImageProcessor_Viz,frame_processed,0,354,7,0.337728,NaN,7,NaN,NaN,NaN,NaN,NaN,NaN,NaN,NaN,NaN,NaN,NaN,NaN,NaN,NaN,NaN,NaN,NaN
12437,12438,InferenceEngine,inference_complete,0,354,NaN,NaN,NaN,0,18.785,40.8,0.909793,13,NaN,NaN,NaN,NaN,NaN,NaN,NaN,NaN,NaN,NaN,NaN,NaN,NaN
12438,12416,Logic,frame_complete,-268457733656721424,354,7,0.770463,75,0,19,40.8,0.909793,13,1.53773,-0.0186548,-3.47532e-05,0.49009,0.417143,32.252,0,0,0,65,26.3903,53.4195,0
12451,12451,CameraCapture,frame_captured,0,355,7,0.185756,75,NaN,NaN,NaN,NaN,NaN,NaN,NaN,NaN,NaN,NaN,NaN,NaN,NaN,NaN,NaN,NaN,NaN,NaN
12452,12452,ImageProcessor_TPU,frame_processed,0,355,7,0.908084,75,1,NaN,NaN,NaN,NaN,NaN,NaN,NaN,NaN,NaN,NaN,NaN,NaN,NaN,NaN,NaN,NaN,NaN
12458,12459,ImageProcessor_Viz,frame_processed,0,355,7,0.34521,NaN,7,NaN,NaN,NaN,NaN,NaN,NaN,NaN,NaN,NaN,NaN,NaN,NaN,NaN,NaN,NaN,NaN,NaN
12471,12472,InferenceEngine,inference_complete,0,355,NaN,NaN,NaN,1,18.867,40.8,0.921557,13,NaN,NaN,NaN,NaN,NaN,NaN,NaN,NaN,NaN,NaN,NaN,NaN,NaN
12471,12450,Logic,frame_complete,-268457733656721424,355,7,0.908084,75,1,19,40.8,0.921557,13,1.53773,-0.0186045,-0.000318825,0.488213,0.417153,33.462,0,0,0,65,26.3903,53.4195,0
12485,12485,CameraCapture,frame_captured,0,356,7,0.152921,75,NaN,NaN,NaN,NaN,NaN,NaN,NaN,NaN,NaN,NaN,NaN,NaN,NaN,NaN,NaN,NaN,NaN,NaN
12486,12486,ImageProcessor_TPU,frame_processed,0,356,7,0.771284,75,1,NaN,NaN,NaN,NaN,NaN,NaN,NaN,NaN,NaN,NaN,NaN,NaN,NaN,NaN,NaN,NaN,NaN
12492,12493,ImageProcessor_Viz,frame_processed,0,356,7,0.333654,NaN,7,NaN,NaN,NaN,NaN,NaN,NaN,NaN,NaN,NaN,NaN,NaN,NaN,NaN,NaN,NaN,NaN,NaN
12505,12506,InferenceEngine,inference_complete,0,356,NaN,NaN,NaN,1,18.832,40.8,0.909793,12,NaN,NaN,NaN,NaN,NaN,NaN,NaN,NaN,NaN,NaN,NaN,NaN,NaN
12505,12484,Logic,frame_complete,-268457733656721424,356,7,0.771284,75,1,19,40.8,0.909793,12,1.53773,-0.0186237,0.000129409,0.488306,0.417149,34.031,0,0,0,65,26.3903,53.4195,0
12517,12518,CameraCapture,frame_captured,0,357,7,0.14171,75,NaN,NaN,NaN,NaN,NaN,NaN,NaN,NaN,NaN,NaN,NaN,NaN,NaN,NaN,NaN,NaN,NaN,NaN
12518,12519,ImageProcessor_TPU,frame_processed,0,357,7,0.748387,75,0,NaN,NaN,NaN,NaN,NaN,NaN,NaN,NaN,NaN,NaN,NaN,NaN,NaN,NaN,NaN,NaN,NaN
12525,12526,ImageProcessor_Viz,frame_processed,0,357,7,0.358377,NaN,7,NaN,NaN,NaN,NaN,NaN,NaN,NaN,NaN,NaN,NaN,NaN,NaN,NaN,NaN,NaN,NaN,NaN
12538,12538,InferenceEngine,inference_complete,0,357,NaN,NaN,NaN,0,18.927,40.8,0.941165,13,NaN,NaN,NaN,NaN,NaN,NaN,NaN,NaN,NaN,NaN,NaN,NaN,NaN
12538,12516,Logic,frame_complete,-268457733656721424,357,7,0.748387,75,0,18,40.8,0.941165,13,1.53773,-0.0186159,-5.25527e-05,0.488268,0.417151,32.691,0,0,0,65,26.3903,53.4195,0
12550,12551,CameraCapture,frame_captured,0,358,7,0.147844,75,NaN,NaN,NaN,NaN,NaN,NaN,NaN,NaN,NaN,NaN,NaN,NaN,NaN,NaN,NaN,NaN,NaN,NaN
12552,12552,ImageProcessor_TPU,frame_processed,0,358,7,0.849393,75,1,NaN,NaN,NaN,NaN,NaN,NaN,NaN,NaN,NaN,NaN,NaN,NaN,NaN,NaN,NaN,NaN,NaN
12558,12559,ImageProcessor_Viz,frame_processed,0,358,7,0.338303,NaN,7,NaN,NaN,NaN,NaN,NaN,NaN,NaN,NaN,NaN,NaN,NaN,NaN,NaN,NaN,NaN,NaN,NaN
12571,12572,InferenceEngine,inference_complete,0,358,NaN,NaN,NaN,1,19.116,40.8,0.921557,13,NaN,NaN,NaN,NaN,NaN,NaN,NaN,NaN,NaN,NaN,NaN,NaN,NaN
12571,12549,Logic,frame_complete,-268457733656721424,358,7,0.849393,75,1,19,40.8,0.921557,13,1.53773,-0.0186226,0.000355147,0.490171,0.41715,33.339,0,0,0,65,26.3903,53.4195,0
12585,12586,CameraCapture,frame_captured,0,359,7,0.239276,75,NaN,NaN,NaN,NaN,NaN,NaN,NaN,NaN,NaN,NaN,NaN,NaN,NaN,NaN,NaN,NaN,NaN,NaN
12586,12587,ImageProcessor_TPU,frame_processed,0,359,7,0.821805,75,0,NaN,NaN,NaN,NaN,NaN,NaN,NaN,NaN,NaN,NaN,NaN,NaN,NaN,NaN,NaN,NaN,NaN
12595,12596,ImageProcessor_Viz,frame_processed,0,359,7,0.339783,NaN,11,NaN,NaN,NaN,NaN,NaN,NaN,NaN,NaN,NaN,NaN,NaN,NaN,NaN,NaN,NaN,NaN,NaN
12605,12606,InferenceEngine,inference_complete,0,359,NaN,NaN,NaN,0,18.866,40.8,0.933322,13,NaN,NaN,NaN,NaN,NaN,NaN,NaN,NaN,NaN,NaN,NaN,NaN,NaN
12605,12584,Logic,frame_complete,-268457733656721424,359,7,0.821805,75,0,19,40.8,0.933322,13,1.53773,-0.0186211,-0.000144374,0.490068,0.41715,34.119,0,0,0,65,26.3903,53.4195,0
12618,12619,CameraCapture,frame_captured,0,360,7,0.219793,75,NaN,NaN,NaN,NaN,NaN,NaN,NaN,NaN,NaN,NaN,NaN,NaN,NaN,NaN,NaN,NaN,NaN,NaN
12619,12620,ImageProcessor_TPU,frame_processed,0,360,7,0.832637,75,0,NaN,NaN,NaN,NaN,NaN,NaN,NaN,NaN,NaN,NaN,NaN,NaN,NaN,NaN,NaN,NaN,NaN
12626,12626,ImageProcessor_Viz,frame_processed,0,360,7,0.341765,NaN,8,NaN,NaN,NaN,NaN,NaN,NaN,NaN,NaN,NaN,NaN,NaN,NaN,NaN,NaN,NaN,NaN,NaN
12638,12639,InferenceEngine,inference_complete,0,360,NaN,NaN,NaN,0,18.845,40.8,0.909793,13,NaN,NaN,NaN,NaN,NaN,NaN,NaN,NaN,NaN,NaN,NaN,NaN,NaN
12639,12617,Logic,frame_complete,-268457733656721424,360,7,0.832637,75,0,19,40.8,0.909793,13,1.53773,-0.0186217,5.85541e-05,0.49011,0.41715,33.053,0,0,0,65,26.3903,53.4195,0
12650,12651,CameraCapture,frame_captured,0,361,7,0.146006,75,NaN,NaN,NaN,NaN,NaN,NaN,NaN,NaN,NaN,NaN,NaN,NaN,NaN,NaN,NaN,NaN,NaN,NaN
12652,12653,ImageProcessor_TPU,frame_processed,0,361,7,0.779017,75,1,NaN,NaN,NaN,NaN,NaN,NaN,NaN,NaN,NaN,NaN,NaN,NaN,NaN,NaN,NaN,NaN,NaN
12658,12659,ImageProcessor_Viz,frame_processed,0,361,7,0.336876,NaN,7,NaN,NaN,NaN,NaN,NaN,NaN,NaN,NaN,NaN,NaN,NaN,NaN,NaN,NaN,NaN,NaN,NaN
12672,12673,InferenceEngine,inference_complete,0,361,NaN,NaN,NaN,1,19.698,40.8,0.921557,13,NaN,NaN,NaN,NaN,NaN,NaN,NaN,NaN,NaN,NaN,NaN,NaN,NaN
12672,12649,Logic,frame_complete,-268457733656721424,361,7,0.779017,75,1,20,40.8,0.921557,13,1.53773,-0.0186215,-2.38046e-05,0.490093,0.41715,33.542,0,0,0,65,26.3903,53.4195,0
12684,12685,CameraCapture,frame_captured,0,362,7,0.141382,75,NaN,NaN,NaN,NaN,NaN,NaN,NaN,NaN,NaN,NaN,NaN,NaN,NaN,NaN,NaN,NaN,NaN,NaN
12685,12686,ImageProcessor_TPU,frame_processed,0,362,7,0.806153,75,0,NaN,NaN,NaN,NaN,NaN,NaN,NaN,NaN,NaN,NaN,NaN,NaN,NaN,NaN,NaN,NaN,NaN
12692,12692,ImageProcessor_Viz,frame_processed,0,362,7,0.420008,NaN,8,NaN,NaN,NaN,NaN,NaN,NaN,NaN,NaN,NaN,NaN,NaN,NaN,NaN,NaN,NaN,NaN,NaN
12706,12707,InferenceEngine,inference_complete,0,362,NaN,NaN,NaN,0,20.828,40.8,0.921557,13,NaN,NaN,NaN,NaN,NaN,NaN,NaN,NaN,NaN,NaN,NaN,NaN,NaN
12706,12683,Logic,frame_complete,-268457733656721424,362,7,0.806153,75,0,21,40.8,0.921557,13,1.53773,-0.0186181,-0.000314653,0.488214,0.41715,34.278,0,0,0,65,26.3903,53.4195,0
12717,12718,CameraCapture,frame_captured,0,363,7,0.148479,75,NaN,NaN,NaN,NaN,NaN,NaN,NaN,NaN,NaN,NaN,NaN,NaN,NaN,NaN,NaN,NaN,NaN,NaN
12718,12719,ImageProcessor_TPU,frame_processed,0,363,7,0.733915,75,0,NaN,NaN,NaN,NaN,NaN,NaN,NaN,NaN,NaN,NaN,NaN,NaN,NaN,NaN,NaN,NaN,NaN
12725,12726,ImageProcessor_Viz,frame_processed,0,363,7,0.34421,NaN,8,NaN,NaN,NaN,NaN,NaN,NaN,NaN,NaN,NaN,NaN,NaN,NaN,NaN,NaN,NaN,NaN,NaN
12737,12738,InferenceEngine,inference_complete,0,363,NaN,NaN,NaN,0,18.728,40.8,0.894107,12,NaN,NaN,NaN,NaN,NaN,NaN,NaN,NaN,NaN,NaN,NaN,NaN,NaN
12738,12716,Logic,frame_complete,-268457733656721424,363,7,0.733915,75,0,19,40.8,0.894107,12,1.53773,-0.0186217,0.000486374,0.490198,0.41715,31.109,0,0,0,65,26.3903,53.4195,0
12751,12752,CameraCapture,frame_captured,0,364,7,0.143885,75,NaN,NaN,NaN,NaN,NaN,NaN,NaN,NaN,NaN,NaN,NaN,NaN,NaN,NaN,NaN,NaN,NaN,NaN
12752,12753,ImageProcessor_TPU,frame_processed,0,364,7,1.07659,75,0,NaN,NaN,NaN,NaN,NaN,NaN,NaN,NaN,NaN,NaN,NaN,NaN,NaN,NaN,NaN,NaN,NaN
12759,12759,ImageProcessor_Viz,frame_processed,0,364,7,0.343913,NaN,8,NaN,NaN,NaN,NaN,NaN,NaN,NaN,NaN,NaN,NaN,NaN,NaN,NaN,NaN,NaN,NaN,NaN
12771,12772,InferenceEngine,inference_complete,0,364,NaN,NaN,NaN,0,18.912,40.8,0.933322,13,NaN,NaN,NaN,NaN,NaN,NaN,NaN,NaN,NaN,NaN,NaN,NaN,NaN
12772,12750,Logic,frame_complete,-268457733656721424,364,7,1.07659,75,0,19,40.8,0.933322,13,1.53773,-0.018618,-0.000521611,0.488171,0.41715,34.326,0,0,0,65,26.3903,53.4195,0
12784,12784,CameraCapture,frame_captured,0,365,7,0.147063,75,NaN,NaN,NaN,NaN,NaN,NaN,NaN,NaN,NaN,NaN,NaN,NaN,NaN,NaN,NaN,NaN,NaN,NaN
12785,12785,ImageProcessor_TPU,frame_processed,0,365,7,0.733925,75,1,NaN,NaN,NaN,NaN,NaN,NaN,NaN,NaN,NaN,NaN,NaN,NaN,NaN,NaN,NaN,NaN,NaN
12792,12792,ImageProcessor_Viz,frame_processed,0,365,7,0.337098,NaN,8,NaN,NaN,NaN,NaN,NaN,NaN,NaN,NaN,NaN,NaN,NaN,NaN,NaN,NaN,NaN,NaN,NaN
12804,12804,InferenceEngine,inference_complete,0,365,NaN,NaN,NaN,1,18.774,40.8,0.921557,13,NaN,NaN,NaN,NaN,NaN,NaN,NaN,NaN,NaN,NaN,NaN,NaN,NaN
12804,12783,Logic,frame_complete,-268457733656721424,365,7,0.733925,75,1,19,40.8,0.921557,13,1.53773,-0.0182106,0.000557516,0.490213,0.41808,32.169,0,0,0,65,26.3903,53.4195,0
12817,12818,CameraCapture,frame_captured,0,366,7,0.143697,75,NaN,NaN,NaN,NaN,NaN,NaN,NaN,NaN,NaN,NaN,NaN,NaN,NaN,NaN,NaN,NaN,NaN,NaN
12818,12819,ImageProcessor_TPU,frame_processed,0,366,7,0.725689,75,0,NaN,NaN,NaN,NaN,NaN,NaN,NaN,NaN,NaN,NaN,NaN,NaN,NaN,NaN,NaN,NaN,NaN
12825,12826,ImageProcessor_Viz,frame_processed,0,366,7,0.337006,NaN,8,NaN,NaN,NaN,NaN,NaN,NaN,NaN,NaN,NaN,NaN,NaN,NaN,NaN,NaN,NaN,NaN,NaN
12837,12838,InferenceEngine,inference_complete,0,366,NaN,NaN,NaN,0,18.879,40.8,0.909793,13,NaN,NaN,NaN,NaN,NaN,NaN,NaN,NaN,NaN,NaN,NaN,NaN,NaN
12838,12816,Logic,frame_complete,-268457733656721424,366,7,0.725689,75,0,19,40.8,0.909793,13,1.53773,-0.0188708,-0.000226922,0.490051,0.417102,33.471,0,0,0,65,26.3903,53.4195,0
12850,12851,CameraCapture,frame_captured,0,367,7,0.143628,75,NaN,NaN,NaN,NaN,NaN,NaN,NaN,NaN,NaN,NaN,NaN,NaN,NaN,NaN,NaN,NaN,NaN,NaN
12852,12852,ImageProcessor_TPU,frame_processed,0,367,7,0.850326,75,1,NaN,NaN,NaN,NaN,NaN,NaN,NaN,NaN,NaN,NaN,NaN,NaN,NaN,NaN,NaN,NaN,NaN
12858,12859,ImageProcessor_Viz,frame_processed,0,367,7,0.340821,NaN,7,NaN,NaN,NaN,NaN,NaN,NaN,NaN,NaN,NaN,NaN,NaN,NaN,NaN,NaN,NaN,NaN,NaN
12871,12872,InferenceEngine,inference_complete,0,367,NaN,NaN,NaN,1,18.943,40.8,0.909793,13,NaN,NaN,NaN,NaN,NaN,NaN,NaN,NaN,NaN,NaN,NaN,NaN,NaN
12871,12849,Logic,frame_complete,-268457733656721424,367,7,0.850326,75,1,19,40.8,0.909793,13,1.53773,-0.0185167,-0.000238266,0.488229,0.41717,33.667,0,0,0,65,26.3903,53.4195,0
12884,12885,CameraCapture,frame_captured,0,368,7,0.146442,75,NaN,NaN,NaN,NaN,NaN,NaN,NaN,NaN,NaN,NaN,NaN,NaN,NaN,NaN,NaN,NaN,NaN,NaN
12885,12886,ImageProcessor_TPU,frame_processed,0,368,7,0.78612,75,0,NaN,NaN,NaN,NaN,NaN,NaN,NaN,NaN,NaN,NaN,NaN,NaN,NaN,NaN,NaN,NaN,NaN
12892,12893,ImageProcessor_Viz,frame_processed,0,368,7,0.350044,NaN,7,NaN,NaN,NaN,NaN,NaN,NaN,NaN,NaN,NaN,NaN,NaN,NaN,NaN,NaN,NaN,NaN,NaN
12905,12905,InferenceEngine,inference_complete,0,368,NaN,NaN,NaN,0,18.765,40.8,0.941165,13,NaN,NaN,NaN,NaN,NaN,NaN,NaN,NaN,NaN,NaN,NaN,NaN,NaN
12905,12883,Logic,frame_complete,-268457733656721424,368,7,0.78612,75,0,18,40.8,0.941165,13,1.53773,-0.0182598,0.000427909,0.490186,0.41807,33.867,0,0,0,65,26.3903,53.4195,0
12917,12918,CameraCapture,frame_captured,0,369,7,0.184807,75,NaN,NaN,NaN,NaN,NaN,NaN,NaN,NaN,NaN,NaN,NaN,NaN,NaN,NaN,NaN,NaN,NaN,NaN
12918,12919,ImageProcessor_TPU,frame_processed,0,369,7,0.79891,75,0,NaN,NaN,NaN,NaN,NaN,NaN,NaN,NaN,NaN,NaN,NaN,NaN,NaN,NaN,NaN,NaN,NaN
12925,12926,ImageProcessor_Viz,frame_processed,0,369,7,0.337043,NaN,8,NaN,NaN,NaN,NaN,NaN,NaN,NaN,NaN,NaN,NaN,NaN,NaN,NaN,NaN,NaN,NaN,NaN
12937,12938,InferenceEngine,inference_complete,0,369,NaN,NaN,NaN,0,18.888,40.8,0.921557,12,NaN,NaN,NaN,NaN,NaN,NaN,NaN,NaN,NaN,NaN,NaN,NaN,NaN
12938,12916,Logic,frame_complete,-268457733656721424,369,7,0.79891,75,0,18,40.8,0.921557,12,1.53773,-0.0188495,-0.000511441,0.488173,0.417106,32.79,0,0,0,65,26.3903,53.4195,0
12950,12951,CameraCapture,frame_captured,0,370,7,0.150013,75,NaN,NaN,NaN,NaN,NaN,NaN,NaN,NaN,NaN,NaN,NaN,NaN,NaN,NaN,NaN,NaN,NaN,NaN
12951,12952,ImageProcessor_TPU,frame_processed,0,370,7,0.997269,75,1,NaN,NaN,NaN,NaN,NaN,NaN,NaN,NaN,NaN,NaN,NaN,NaN,NaN,NaN,NaN,NaN,NaN
12958,12959,ImageProcessor_Viz,frame_processed,0,370,7,0.329451,NaN,7,NaN,NaN,NaN,NaN,NaN,NaN,NaN,NaN,NaN,NaN,NaN,NaN,NaN,NaN,NaN,NaN,NaN
12971,12972,InferenceEngine,inference_complete,0,370,NaN,NaN,NaN,1,18.901,40.8,0.941165,13,NaN,NaN,NaN,NaN,NaN,NaN,NaN,NaN,NaN,NaN,NaN,NaN,NaN
12971,12949,Logic,frame_complete,-268457733656721424,370,7,0.997269,75,1,19,40.8,0.941165,13,1.53773,-0.0185242,0.000207782,0.488322,0.417169,33.165,0,0,0,65,26.3903,53.4195,0
12984,12984,CameraCapture,frame_captured,0,371,7,0.235334,75,NaN,NaN,NaN,NaN,NaN,NaN,NaN,NaN,NaN,NaN,NaN,NaN,NaN,NaN,NaN,NaN,NaN,NaN
12985,12985,ImageProcessor_TPU,frame_processed,0,371,7,0.883383,75,1,NaN,NaN,NaN,NaN,NaN,NaN,NaN,NaN,NaN,NaN,NaN,NaN,NaN,NaN,NaN,NaN,NaN
12991,12992,ImageProcessor_Viz,frame_processed,0,371,7,0.350821,NaN,7,NaN,NaN,NaN,NaN,NaN,NaN,NaN,NaN,NaN,NaN,NaN,NaN,NaN,NaN,NaN,NaN,NaN
13004,13005,InferenceEngine,inference_complete,0,371,NaN,NaN,NaN,1,18.895,40.8,0.921557,12,NaN,NaN,NaN,NaN,NaN,NaN,NaN,NaN,NaN,NaN,NaN,NaN,NaN
13004,12983,Logic,frame_complete,-268457733656721424,371,7,0.883383,75,1,19,40.8,0.921557,12,1.53773,-0.0186563,-8.43741e-05,0.488261,0.417143,33.134,0,0,0,65,26.3903,53.4195,0
13019,13019,CameraCapture,frame_captured,0,372,7,0.144312,75,NaN,NaN,NaN,NaN,NaN,NaN,NaN,NaN,NaN,NaN,NaN,NaN,NaN,NaN,NaN,NaN,NaN,NaN
13020,13021,ImageProcessor_TPU,frame_processed,0,372,7,1.05605,75,0,NaN,NaN,NaN,NaN,NaN,NaN,NaN,NaN,NaN,NaN,NaN,NaN,NaN,NaN,NaN,NaN,NaN
13026,13027,ImageProcessor_Viz,frame_processed,0,372,7,0.348654,NaN,7,NaN,NaN,NaN,NaN,NaN,NaN,NaN,NaN,NaN,NaN,NaN,NaN,NaN,NaN,NaN,NaN,NaN
13039,13040,InferenceEngine,inference_complete,0,372,NaN,NaN,NaN,0,18.786,40.8,0.921557,13,NaN,NaN,NaN,NaN,NaN,NaN,NaN,NaN,NaN,NaN,NaN,NaN,NaN
13039,13018,Logic,frame_complete,-268457733656721424,372,7,1.05605,75,0,19,40.8,0.921557,13,1.53773,-0.0186062,0.000350449,0.49017,0.417153,35.162,0,0,0,65,26.3903,53.4195,0
13050,13051,CameraCapture,frame_captured,0,373,7,0.142102,75,NaN,NaN,NaN,NaN,NaN,NaN,NaN,NaN,NaN,NaN,NaN,NaN,NaN,NaN,NaN,NaN,NaN,NaN
13051,13052,ImageProcessor_TPU,frame_processed,0,373,7,0.812947,75,0,NaN,NaN,NaN,NaN,NaN,NaN,NaN,NaN,NaN,NaN,NaN,NaN,NaN,NaN,NaN,NaN,NaN
13058,13059,ImageProcessor_Viz,frame_processed,0,373,7,0.335321,NaN,7,NaN,NaN,NaN,NaN,NaN,NaN,NaN,NaN,NaN,NaN,NaN,NaN,NaN,NaN,NaN,NaN,NaN
13071,13071,InferenceEngine,inference_complete,0,373,NaN,NaN,NaN,0,18.976,40.8,0.933322,12,NaN,NaN,NaN,NaN,NaN,NaN,NaN,NaN,NaN,NaN,NaN,NaN,NaN
13071,13049,Logic,frame_complete,-268457733656721424,373,7,0.812947,75,0,19,40.8,0.933322,12,1.53773,-0.0186243,-0.000495043,0.488176,0.417149,31.63,0,0,0,65,26.3903,53.4195,0
13084,13084,CameraCapture,frame_captured,0,374,7,0.143904,75,NaN,NaN,NaN,NaN,NaN,NaN,NaN,NaN,NaN,NaN,NaN,NaN,NaN,NaN,NaN,NaN,NaN,NaN
13085,13086,ImageProcessor_TPU,frame_processed,0,374,7,0.933103,75,1,NaN,NaN,NaN,NaN,NaN,NaN,NaN,NaN,NaN,NaN,NaN,NaN,NaN,NaN,NaN,NaN,NaN
13091,13092,ImageProcessor_Viz,frame_processed,0,374,7,0.41973,NaN,7,NaN,NaN,NaN,NaN,NaN,NaN,NaN,NaN,NaN,NaN,NaN,NaN,NaN,NaN,NaN,NaN,NaN
13104,13105,InferenceEngine,inference_complete,0,374,NaN,NaN,NaN,1,18.778,40.8,0.921557,13,NaN,NaN,NaN,NaN,NaN,NaN,NaN,NaN,NaN,NaN,NaN,NaN,NaN
13104,13083,Logic,frame_complete,-268457733656721424,374,7,0.933103,75,1,19,40.8,0.921557,13,1.53773,-0.0186259,-0.000495046,0.486283,0.417127,33.045,0,0,0,65,26.3903,53.4195,0
13117,13118,CameraCapture,frame_captured,0,375,7,0.169779,75,NaN,NaN,NaN,NaN,NaN,NaN,NaN,NaN,NaN,NaN,NaN,NaN,NaN,NaN,NaN,NaN,NaN,NaN
13118,13119,ImageProcessor_TPU,frame_processed,0,375,7,0.911977,75,0,NaN,NaN,NaN,NaN,NaN,NaN,NaN,NaN,NaN,NaN,NaN,NaN,NaN,NaN,NaN,NaN,NaN
13125,13125,ImageProcessor_Viz,frame_processed,0,375,7,0.44849,NaN,8,NaN,NaN,NaN,NaN,NaN,NaN,NaN,NaN,NaN,NaN,NaN,NaN,NaN,NaN,NaN,NaN,NaN
13137,13138,InferenceEngine,inference_complete,0,375,NaN,NaN,NaN,0,18.846,40.8,0.933322,13,NaN,NaN,NaN,NaN,NaN,NaN,NaN,NaN,NaN,NaN,NaN,NaN,NaN
13138,13116,Logic,frame_complete,-268457733656721424,375,7,0.911977,75,0,19,40.8,0.933322,13,1.53773,-0.0182997,0.000541113,0.490209,0.418063,33.454,0,0,0,65,26.3903,53.4195,0
13151,13152,CameraCapture,frame_captured,0,376,7,0.239741,75,NaN,NaN,NaN,NaN,NaN,NaN,NaN,NaN,NaN,NaN,NaN,NaN,NaN,NaN,NaN,NaN,NaN,NaN
13152,13153,ImageProcessor_TPU,frame_processed,0,376,7,0.88279,75,0,NaN,NaN,NaN,NaN,NaN,NaN,NaN,NaN,NaN,NaN,NaN,NaN,NaN,NaN,NaN,NaN,NaN
13159,13159,ImageProcessor_Viz,frame_processed,0,376,7,0.358951,NaN,8,NaN,NaN,NaN,NaN,NaN,NaN,NaN,NaN,NaN,NaN,NaN,NaN,NaN,NaN,NaN,NaN,NaN
13171,13172,InferenceEngine,inference_complete,0,376,NaN,NaN,NaN,0,18.786,40.8,0.941165,13,NaN,NaN,NaN,NaN,NaN,NaN,NaN,NaN,NaN,NaN,NaN,NaN,NaN
13172,13150,Logic,frame_complete,-268457733656721424,376,7,0.88279,75,0,19,40.8,0.941165,13,1.54541,-0.0185151,-0.000561737,0.488163,0.418039,33.858,0,0,0,65,26.3903,53.4195,0
13183,13184,CameraCapture,frame_captured,0,377,7,0.149917,75,NaN,NaN,NaN,NaN,NaN,NaN,NaN,NaN,NaN,NaN,NaN,NaN,NaN,NaN,NaN,NaN,NaN,NaN
13185,13185,ImageProcessor_TPU,frame_processed,0,377,7,0.782244,75,1,NaN,NaN,NaN,NaN,NaN,NaN,NaN,NaN,NaN,NaN,NaN,NaN,NaN,NaN,NaN,NaN,NaN
13192,13192,ImageProcessor_Viz,frame_processed,0,377,7,0.333506,NaN,8,NaN,NaN,NaN,NaN,NaN,NaN,NaN,NaN,NaN,NaN,NaN,NaN,NaN,NaN,NaN,NaN,NaN
13204,13204,InferenceEngine,inference_complete,0,377,NaN,NaN,NaN,1,18.733,40.8,0.933322,13,NaN,NaN,NaN,NaN,NaN,NaN,NaN,NaN,NaN,NaN,NaN,NaN,NaN
13204,13183,Logic,frame_complete,-268457733656721424,377,7,0.782244,75,1,18,40.8,0.933322,13,1.53773,-0.0186781,0.000238154,0.488328,0.417139,32.408,0,0,0,65,26.3903,53.4195,0
13217,13218,CameraCapture,frame_captured,0,378,7,0.232517,75,NaN,NaN,NaN,NaN,NaN,NaN,NaN,NaN,NaN,NaN,NaN,NaN,NaN,NaN,NaN,NaN,NaN,NaN
13218,13219,ImageProcessor_TPU,frame_processed,0,378,7,1.05524,75,0,NaN,NaN,NaN,NaN,NaN,NaN,NaN,NaN,NaN,NaN,NaN,NaN,NaN,NaN,NaN,NaN,NaN
13225,13225,ImageProcessor_Viz,frame_processed,0,378,7,0.345692,NaN,8,NaN,NaN,NaN,NaN,NaN,NaN,NaN,NaN,NaN,NaN,NaN,NaN,NaN,NaN,NaN,NaN,NaN
13237,13238,InferenceEngine,inference_complete,0,378,NaN,NaN,NaN,0,19.012,40.8,0.941165,13,NaN,NaN,NaN,NaN,NaN,NaN,NaN,NaN,NaN,NaN,NaN,NaN,NaN
13238,13216,Logic,frame_complete,-268457733656721424,378,7,1.05524,75,0,19,40.8,0.941165,13,1.53773,-0.0185938,-9.67272e-05,0.488259,0.417155,33.951,0,0,0,65,26.3903,53.4195,0
13250,13251,CameraCapture,frame_captured,0,379,7,0.145725,75,NaN,NaN,NaN,NaN,NaN,NaN,NaN,NaN,NaN,NaN,NaN,NaN,NaN,NaN,NaN,NaN,NaN,NaN
13251,13252,ImageProcessor_TPU,frame_processed,0,379,7,0.793459,75,0,NaN,NaN,NaN,NaN,NaN,NaN,NaN,NaN,NaN,NaN,NaN,NaN,NaN,NaN,NaN,NaN,NaN
13260,13260,ImageProcessor_Viz,frame_processed,0,379,7,0.334135,NaN,9,NaN,NaN,NaN,NaN,NaN,NaN,NaN,NaN,NaN,NaN,NaN,NaN,NaN,NaN,NaN,NaN,NaN
13271,13272,InferenceEngine,inference_complete,0,379,NaN,NaN,NaN,0,19.19,40.8,0.921557,12,NaN,NaN,NaN,NaN,NaN,NaN,NaN,NaN,NaN,NaN,NaN,NaN,NaN
13271,13249,Logic,frame_complete,-268457733656721424,379,7,0.793459,75,0,20,40.8,0.921557,12,1.53773,-0.0186281,3.92906e-05,0.488287,0.417148,33.279,0,0,0,65,26.3903,53.4195,0
13284,13285,CameraCapture,frame_captured,0,380,7,0.143371,75,NaN,NaN,NaN,NaN,NaN,NaN,NaN,NaN,NaN,NaN,NaN,NaN,NaN,NaN,NaN,NaN,NaN,NaN
13285,13286,ImageProcessor_TPU,frame_processed,0,380,7,0.865328,75,0,NaN,NaN,NaN,NaN,NaN,NaN,NaN,NaN,NaN,NaN,NaN,NaN,NaN,NaN,NaN,NaN,NaN
13292,13293,ImageProcessor_Viz,frame_processed,0,380,7,0.33858,NaN,7,NaN,NaN,NaN,NaN,NaN,NaN,NaN,NaN,NaN,NaN,NaN,NaN,NaN,NaN,NaN,NaN,NaN
13305,13305,InferenceEngine,inference_complete,0,380,NaN,NaN,NaN,0,18.912,40.8,0.909793,13,NaN,NaN,NaN,NaN,NaN,NaN,NaN,NaN,NaN,NaN,NaN,NaN,NaN
13305,13283,Logic,frame_complete,-268457733656721424,380,7,0.865328,75,0,19,40.8,0.909793,13,1.53773,-0.0186141,-1.5948e-05,0.488275,0.417151,33.822,0,0,0,65,26.3903,53.4195,0
13317,13318,CameraCapture,frame_captured,0,381,7,0.157051,75,NaN,NaN,NaN,NaN,NaN,NaN,NaN,NaN,NaN,NaN,NaN,NaN,NaN,NaN,NaN,NaN,NaN,NaN
13318,13319,ImageProcessor_TPU,frame_processed,0,381,7,0.871934,75,0,NaN,NaN,NaN,NaN,NaN,NaN,NaN,NaN,NaN,NaN,NaN,NaN,NaN,NaN,NaN,NaN,NaN
13325,13325,ImageProcessor_Viz,frame_processed,0,381,7,0.336747,NaN,8,NaN,NaN,NaN,NaN,NaN,NaN,NaN,NaN,NaN,NaN,NaN,NaN,NaN,NaN,NaN,NaN,NaN
13337,13338,InferenceEngine,inference_complete,0,381,NaN,NaN,NaN,0,18.755,40.8,0.941165,13,NaN,NaN,NaN,NaN,NaN,NaN,NaN,NaN,NaN,NaN,NaN,NaN,NaN
13338,13316,Logic,frame_complete,-268457733656721424,381,7,0.871934,75,0,19,40.8,0.941165,13,1.53773,-0.018214,0.000348721,0.49017,0.418079,32.539,0,0,0,65,26.3903,53.4195,0
13351,13352,CameraCapture,frame_captured,0,382,7,0.145907,75,NaN,NaN,NaN,NaN,NaN,NaN,NaN,NaN,NaN,NaN,NaN,NaN,NaN,NaN,NaN,NaN,NaN,NaN
13353,13353,ImageProcessor_TPU,frame_processed,0,382,7,0.7489,75,1,NaN,NaN,NaN,NaN,NaN,NaN,NaN,NaN,NaN,NaN,NaN,NaN,NaN,NaN,NaN,NaN,NaN
13359,13360,ImageProcessor_Viz,frame_processed,0,382,7,0.351358,NaN,7,NaN,NaN,NaN,NaN,NaN,NaN,NaN,NaN,NaN,NaN,NaN,NaN,NaN,NaN,NaN,NaN,NaN
13372,13372,InferenceEngine,inference_complete,0,382,NaN,NaN,NaN,1,18.771,40.8,0.941165,13,NaN,NaN,NaN,NaN,NaN,NaN,NaN,NaN,NaN,NaN,NaN,NaN,NaN
13372,13350,Logic,frame_complete,-268457733656721424,382,7,0.7489,75,1,18,40.8,0.941165,13,1.53773,-0.0184648,-0.000141665,0.490068,0.418031,34.396,0,0,0,65,26.3903,53.4195,0
13384,13384,CameraCapture,frame_captured,0,383,7,0.147876,75,NaN,NaN,NaN,NaN,NaN,NaN,NaN,NaN,NaN,NaN,NaN,NaN,NaN,NaN,NaN,NaN,NaN,NaN
13385,13386,ImageProcessor_TPU,frame_processed,0,383,7,0.732572,75,0,NaN,NaN,NaN,NaN,NaN,NaN,NaN,NaN,NaN,NaN,NaN,NaN,NaN,NaN,NaN,NaN,NaN
13392,13393,ImageProcessor_Viz,frame_processed,0,383,7,0.333006,NaN,8,NaN,NaN,NaN,NaN,NaN,NaN,NaN,NaN,NaN,NaN,NaN,NaN,NaN,NaN,NaN,NaN,NaN
13404,13405,InferenceEngine,inference_complete,0,383,NaN,NaN,NaN,0,18.637,40.8,0.933322,13,NaN,NaN,NaN,NaN,NaN,NaN,NaN,NaN,NaN,NaN,NaN,NaN,NaN
13404,13383,Logic,frame_complete,-268457733656721424,383,7,0.732572,75,0,19,40.8,0.933322,13,1.53773,-0.0187707,-0.000288688,0.488219,0.417121,32.069,0,0,0,65,26.3903,53.4195,0
13417,13418,CameraCapture,frame_captured,0,384,7,0.148445,75,NaN,NaN,NaN,NaN,NaN,NaN,NaN,NaN,NaN,NaN,NaN,NaN,NaN,NaN,NaN,NaN,NaN,NaN
13418,13419,ImageProcessor_TPU,frame_processed,0,384,7,0.718845,75,0,NaN,NaN,NaN,NaN,NaN,NaN,NaN,NaN,NaN,NaN,NaN,NaN,NaN,NaN,NaN,NaN,NaN
13426,13427,ImageProcessor_Viz,frame_processed,0,384,7,0.345135,NaN,8,NaN,NaN,NaN,NaN,NaN,NaN,NaN,NaN,NaN,NaN,NaN,NaN,NaN,NaN,NaN,NaN,NaN
13437,13438,InferenceEngine,inference_complete,0,384,NaN,NaN,NaN,0,18.686,40.8,0.949008,13,NaN,NaN,NaN,NaN,NaN,NaN,NaN,NaN,NaN,NaN,NaN,NaN,NaN
13438,13416,Logic,frame_complete,-268457733656721424,384,7,0.718845,75,0,19,40.8,0.949008,13,1.53773,-0.0181557,0.000449538,0.49019,0.418091,33.631,0,0,0,65,26.3903,53.4195,0
13450,13451,CameraCapture,frame_captured,0,385,7,0.238645,75,NaN,NaN,NaN,NaN,NaN,NaN,NaN,NaN,NaN,NaN,NaN,NaN,NaN,NaN,NaN,NaN,NaN,NaN
13451,13452,ImageProcessor_TPU,frame_processed,0,385,7,0.99551,75,0,NaN,NaN,NaN,NaN,NaN,NaN,NaN,NaN,NaN,NaN,NaN,NaN,NaN,NaN,NaN,NaN,NaN
13458,13459,ImageProcessor_Viz,frame_processed,0,385,7,0.367896,NaN,7,NaN,NaN,NaN,NaN,NaN,NaN,NaN,NaN,NaN,NaN,NaN,NaN,NaN,NaN,NaN,NaN,NaN
13471,13472,InferenceEngine,inference_complete,0,385,NaN,NaN,NaN,0,19.154,40.8,0.941165,13,NaN,NaN,NaN,NaN,NaN,NaN,NaN,NaN,NaN,NaN,NaN,NaN,NaN
13471,13449,Logic,frame_complete,-268457733656721424,385,7,0.99551,75,0,19,40.8,0.941165,13,1.53773,-0.018889,-0.000515055,0.488172,0.417098,33.536,0,0,0,65,26.3903,53.4195,0
13484,13484,CameraCapture,frame_captured,0,386,7,0.238907,75,NaN,NaN,NaN,NaN,NaN,NaN,NaN,NaN,NaN,NaN,NaN,NaN,NaN,NaN,NaN,NaN,NaN,NaN
13485,13485,ImageProcessor_TPU,frame_processed,0,386,7,0.947086,75,1,NaN,NaN,NaN,NaN,NaN,NaN,NaN,NaN,NaN,NaN,NaN,NaN,NaN,NaN,NaN,NaN,NaN
13491,13492,ImageProcessor_Viz,frame_processed,0,386,7,0.345506,NaN,7,NaN,NaN,NaN,NaN,NaN,NaN,NaN,NaN,NaN,NaN,NaN,NaN,NaN,NaN,NaN,NaN,NaN
13504,13505,InferenceEngine,inference_complete,0,386,NaN,NaN,NaN,1,18.873,40.8,0.949008,13,NaN,NaN,NaN,NaN,NaN,NaN,NaN,NaN,NaN,NaN,NaN,NaN,NaN
13504,13483,Logic,frame_complete,-268457733656721424,386,7,0.947086,75,1,19,40.8,0.949008,13,1.53019,-0.0176125,0.000553027,0.490212,0.419031,32.877,0,0,0,65,26.3903,53.4195,0
13517,13517,CameraCapture,frame_captured,0,387,7,0.152037,75,NaN,NaN,NaN,NaN,NaN,NaN,NaN,NaN,NaN,NaN,NaN,NaN,NaN,NaN,NaN,NaN,NaN,NaN
13518,13519,ImageProcessor_TPU,frame_processed,0,387,7,0.843105,75,1,NaN,NaN,NaN,NaN,NaN,NaN,NaN,NaN,NaN,NaN,NaN,NaN,NaN,NaN,NaN,NaN,NaN
13524,13525,ImageProcessor_Viz,frame_processed,0,387,7,0.333414,NaN,7,NaN,NaN,NaN,NaN,NaN,NaN,NaN,NaN,NaN,NaN,NaN,NaN,NaN,NaN,NaN,NaN,NaN
13537,13538,InferenceEngine,inference_complete,0,387,NaN,NaN,NaN,1,19.184,40.8,0.921557,13,NaN,NaN,NaN,NaN,NaN,NaN,NaN,NaN,NaN,NaN,NaN,NaN,NaN
13538,13516,Logic,frame_complete,-268457733656721424,387,7,0.843105,75,1,19,40.8,0.921557,13,1.53019,-0.0187648,-0.000554521,0.488164,0.417955,33.486,0,0,0,65,26.3903,53.4195,0
13551,13551,CameraCapture,frame_captured,0,388,7,0.145107,75,NaN,NaN,NaN,NaN,NaN,NaN,NaN,NaN,NaN,NaN,NaN,NaN,NaN,NaN,NaN,NaN,NaN,NaN
13552,13553,ImageProcessor_TPU,frame_processed,0,388,7,0.781897,75,0,NaN,NaN,NaN,NaN,NaN,NaN,NaN,NaN,NaN,NaN,NaN,NaN,NaN,NaN,NaN,NaN,NaN
13558,13559,ImageProcessor_Viz,frame_processed,0,388,7,0.355914,NaN,7,NaN,NaN,NaN,NaN,NaN,NaN,NaN,NaN,NaN,NaN,NaN,NaN,NaN,NaN,NaN,NaN,NaN
13572,13573,InferenceEngine,inference_complete,0,388,NaN,NaN,NaN,0,19.574,40.8,0.909793,12,NaN,NaN,NaN,NaN,NaN,NaN,NaN,NaN,NaN,NaN,NaN,NaN,NaN
13572,13550,Logic,frame_complete,-268457733656721424,388,7,0.781897,75,0,20,40.8,0.909793,12,1.53019,-0.0186165,0.000546109,0.490211,0.417133,34.387,0,0,0,65,26.3903,53.4195,0
13583,13584,CameraCapture,frame_captured,0,389,7,0.147877,75,NaN,NaN,NaN,NaN,NaN,NaN,NaN,NaN,NaN,NaN,NaN,NaN,NaN,NaN,NaN,NaN,NaN,NaN
13584,13585,ImageProcessor_TPU,frame_processed,0,389,7,0.749332,75,1,NaN,NaN,NaN,NaN,NaN,NaN,NaN,NaN,NaN,NaN,NaN,NaN,NaN,NaN,NaN,NaN,NaN
13594,13595,ImageProcessor_Viz,frame_processed,0,389,7,0.328932,NaN,10,NaN,NaN,NaN,NaN,NaN,NaN,NaN,NaN,NaN,NaN,NaN,NaN,NaN,NaN,NaN,NaN,NaN
13606,13607,InferenceEngine,inference_complete,0,389,NaN,NaN,NaN,1,21.599,40.8,0.933322,13,NaN,NaN,NaN,NaN,NaN,NaN,NaN,NaN,NaN,NaN,NaN,NaN,NaN
13607,13582,Logic,frame_complete,-268457733656721424,389,7,0.749332,75,1,21,40.8,0.933322,13,1.53019,-0.0185989,-0.000539582,0.488167,0.417136,34.615,0,0,0,65,26.3903,53.4195,0
13617,13617,CameraCapture,frame_captured,0,390,7,0.14675,75,NaN,NaN,NaN,NaN,NaN,NaN,NaN,NaN,NaN,NaN,NaN,NaN,NaN,NaN,NaN,NaN,NaN,NaN
13618,13618,ImageProcessor_TPU,frame_processed,0,390,7,0.701611,75,1,NaN,NaN,NaN,NaN,NaN,NaN,NaN,NaN,NaN,NaN,NaN,NaN,NaN,NaN,NaN,NaN,NaN
13625,13626,ImageProcessor_Viz,frame_processed,0,390,7,0.33795,NaN,8,NaN,NaN,NaN,NaN,NaN,NaN,NaN,NaN,NaN,NaN,NaN,NaN,NaN,NaN,NaN,NaN,NaN
13637,13638,InferenceEngine,inference_complete,0,390,NaN,NaN,NaN,1,19.062,40.8,0.909793,13,NaN,NaN,NaN,NaN,NaN,NaN,NaN,NaN,NaN,NaN,NaN,NaN,NaN
13637,13616,Logic,frame_complete,-268457733656721424,390,7,0.701611,75,1,19,40.8,0.909793,13,1.53019,-0.0186048,0.000219103,0.488324,0.417135,30.534,0,0,0,65,26.3903,53.4195,0
13650,13651,CameraCapture,frame_captured,0,391,7,0.15353,75,NaN,NaN,NaN,NaN,NaN,NaN,NaN,NaN,NaN,NaN,NaN,NaN,NaN,NaN,NaN,NaN,NaN,NaN
13651,13652,ImageProcessor_TPU,frame_processed,0,391,7,0.72817,75,0,NaN,NaN,NaN,NaN,NaN,NaN,NaN,NaN,NaN,NaN,NaN,NaN,NaN,NaN,NaN,NaN,NaN
13658,13659,ImageProcessor_Viz,frame_processed,0,391,7,0.334413,NaN,8,NaN,NaN,NaN,NaN,NaN,NaN,NaN,NaN,NaN,NaN,NaN,NaN,NaN,NaN,NaN,NaN,NaN
13671,13671,InferenceEngine,inference_complete,0,391,NaN,NaN,NaN,0,19.056,40.8,0.921557,13,NaN,NaN,NaN,NaN,NaN,NaN,NaN,NaN,NaN,NaN,NaN,NaN,NaN
13671,13649,Logic,frame_complete,-268457733656721424,391,7,0.72817,75,0,19,40.8,0.921557,13,1.53773,-0.0186903,-9.98601e-05,0.488258,0.417136,33.59,0,0,0,65,26.3903,53.4195,0
13684,13685,CameraCapture,frame_captured,0,392,7,0.23803,75,NaN,NaN,NaN,NaN,NaN,NaN,NaN,NaN,NaN,NaN,NaN,NaN,NaN,NaN,NaN,NaN,NaN,NaN
13685,13686,ImageProcessor_TPU,frame_processed,0,392,7,1.16023,75,0,NaN,NaN,NaN,NaN,NaN,NaN,NaN,NaN,NaN,NaN,NaN,NaN,NaN,NaN,NaN,NaN,NaN
13693,13694,ImageProcessor_Viz,frame_processed,0,392,7,0.358488,NaN,8,NaN,NaN,NaN,NaN,NaN,NaN,NaN,NaN,NaN,NaN,NaN,NaN,NaN,NaN,NaN,NaN,NaN
13704,13705,InferenceEngine,inference_complete,0,392,NaN,NaN,NaN,0,18.625,40.8,0.894107,12,NaN,NaN,NaN,NaN,NaN,NaN,NaN,NaN,NaN,NaN,NaN,NaN,NaN
13705,13683,Logic,frame_complete,-268457733656721424,392,7,1.16023,75,0,18,40.8,0.894107,12,1.53773,-0.0193924,4.05088e-05,0.488287,0.415303,33.853,0,0,0,65,26.3903,53.4195,0
13717,13718,CameraCapture,frame_captured,0,393,7,0.211945,75,NaN,NaN,NaN,NaN,NaN,NaN,NaN,NaN,NaN,NaN,NaN,NaN,NaN,NaN,NaN,NaN,NaN,NaN
13718,13719,ImageProcessor_TPU,frame_processed,0,393,7,0.765585,75,1,NaN,NaN,NaN,NaN,NaN,NaN,NaN,NaN,NaN,NaN,NaN,NaN,NaN,NaN,NaN,NaN,NaN
13725,13726,ImageProcessor_Viz,frame_processed,0,393,7,0.33934,NaN,8,NaN,NaN,NaN,NaN,NaN,NaN,NaN,NaN,NaN,NaN,NaN,NaN,NaN,NaN,NaN,NaN,NaN
13737,13737,InferenceEngine,inference_complete,0,393,NaN,NaN,NaN,1,18.591,40.8,0.921557,12,NaN,NaN,NaN,NaN,NaN,NaN,NaN,NaN,NaN,NaN,NaN,NaN,NaN
13737,13716,Logic,frame_complete,-268457733656721424,393,7,0.765585,75,1,18,40.8,0.921557,12,1.53773,-0.0181291,0.000329193,0.490166,0.417245,32.202,0,0,0,65,26.3903,53.4195,0
13750,13751,CameraCapture,frame_captured,0,394,7,0.153446,75,NaN,NaN,NaN,NaN,NaN,NaN,NaN,NaN,NaN,NaN,NaN,NaN,NaN,NaN,NaN,NaN,NaN,NaN
13751,13752,ImageProcessor_TPU,frame_processed,0,394,7,1.03318,75,0,NaN,NaN,NaN,NaN,NaN,NaN,NaN,NaN,NaN,NaN,NaN,NaN,NaN,NaN,NaN,NaN,NaN
13758,13758,ImageProcessor_Viz,frame_processed,0,394,7,0.336432,NaN,8,NaN,NaN,NaN,NaN,NaN,NaN,NaN,NaN,NaN,NaN,NaN,NaN,NaN,NaN,NaN,NaN,NaN
13770,13771,InferenceEngine,inference_complete,0,394,NaN,NaN,NaN,0,18.74,40.8,0.909793,12,NaN,NaN,NaN,NaN,NaN,NaN,NaN,NaN,NaN,NaN,NaN,NaN,NaN
13771,13749,Logic,frame_complete,-268457733656721424,394,7,1.03318,75,0,19,40.8,0.909793,12,1.53773,-0.0188215,-0.000133678,0.49007,0.417111,33.522,0,0,0,65,26.3903,53.4195,0
13783,13784,CameraCapture,frame_captured,0,395,7,0.243211,75,NaN,NaN,NaN,NaN,NaN,NaN,NaN,NaN,NaN,NaN,NaN,NaN,NaN,NaN,NaN,NaN,NaN,NaN
13785,13786,ImageProcessor_TPU,frame_processed,0,395,7,0.840314,75,1,NaN,NaN,NaN,NaN,NaN,NaN,NaN,NaN,NaN,NaN,NaN,NaN,NaN,NaN,NaN,NaN,NaN
13791,13792,ImageProcessor_Viz,frame_processed,0,395,7,0.343432,NaN,7,NaN,NaN,NaN,NaN,NaN,NaN,NaN,NaN,NaN,NaN,NaN,NaN,NaN,NaN,NaN,NaN,NaN
13804,13805,InferenceEngine,inference_complete,0,395,NaN,NaN,NaN,1,18.681,40.8,0.909793,12,NaN,NaN,NaN,NaN,NaN,NaN,NaN,NaN,NaN,NaN,NaN,NaN,NaN
13804,13782,Logic,frame_complete,-268457733656721424,395,7,0.840314,75,1,19,40.8,0.909793,12,1.54541,-0.0182214,-0.000288256,0.488219,0.418095,33.714,0,0,0,65,26.3903,53.4195,0
13818,13818,CameraCapture,frame_captured,0,396,7,0.243452,75,NaN,NaN,NaN,NaN,NaN,NaN,NaN,NaN,NaN,NaN,NaN,NaN,NaN,NaN,NaN,NaN,NaN,NaN
13820,13820,ImageProcessor_TPU,frame_processed,0,396,7,1.24199,75,1,NaN,NaN,NaN,NaN,NaN,NaN,NaN,NaN,NaN,NaN,NaN,NaN,NaN,NaN,NaN,NaN,NaN
13825,13826,ImageProcessor_Viz,frame_processed,0,396,7,0.350543,NaN,7,NaN,NaN,NaN,NaN,NaN,NaN,NaN,NaN,NaN,NaN,NaN,NaN,NaN,NaN,NaN,NaN,NaN
13839,13839,InferenceEngine,inference_complete,0,396,NaN,NaN,NaN,1,18.758,40.8,0.921557,13,NaN,NaN,NaN,NaN,NaN,NaN,NaN,NaN,NaN,NaN,NaN,NaN,NaN
13839,13817,Logic,frame_complete,-268457733656721424,396,7,1.24199,75,1,19,40.8,0.921557,13,1.54541,-0.0184819,0.00044018,0.490188,0.418045,34.734,0,0,0,65,26.3903,53.4195,0
13850,13851,CameraCapture,frame_captured,0,397,7,0.250237,75,NaN,NaN,NaN,NaN,NaN,NaN,NaN,NaN,NaN,NaN,NaN,NaN,NaN,NaN,NaN,NaN,NaN,NaN
13852,13853,ImageProcessor_TPU,frame_processed,0,397,7,1.2039,75,1,NaN,NaN,NaN,NaN,NaN,NaN,NaN,NaN,NaN,NaN,NaN,NaN,NaN,NaN,NaN,NaN,NaN
13858,13858,ImageProcessor_Viz,frame_processed,0,397,7,0.365544,NaN,7,NaN,NaN,NaN,NaN,NaN,NaN,NaN,NaN,NaN,NaN,NaN,NaN,NaN,NaN,NaN,NaN,NaN
13871,13872,InferenceEngine,inference_complete,0,397,NaN,NaN,NaN,1,18.687,40.8,0.921557,12,NaN,NaN,NaN,NaN,NaN,NaN,NaN,NaN,NaN,NaN,NaN,NaN,NaN
13871,13849,Logic,frame_complete,-268457733656721424,397,7,1.2039,75,1,19,40.8,0.921557,12,1.53788,-0.0182838,-0.000515819,0.488172,0.418066,32.235,0,0,0,65,26.3903,53.4195,0
13883,13884,CameraCapture,frame_captured,0,398,7,0.144587,75,NaN,NaN,NaN,NaN,NaN,NaN,NaN,NaN,NaN,NaN,NaN,NaN,NaN,NaN,NaN,NaN,NaN,NaN
13884,13885,ImageProcessor_TPU,frame_processed,0,398,7,0.785451,75,0,NaN,NaN,NaN,NaN,NaN,NaN,NaN,NaN,NaN,NaN,NaN,NaN,NaN,NaN,NaN,NaN,NaN
13891,13892,ImageProcessor_Viz,frame_processed,0,398,7,0.338691,NaN,7,NaN,NaN,NaN,NaN,NaN,NaN,NaN,NaN,NaN,NaN,NaN,NaN,NaN,NaN,NaN,NaN,NaN
13904,13905,InferenceEngine,inference_complete,0,398,NaN,NaN,NaN,0,19.114,40.8,0.933322,12,NaN,NaN,NaN,NaN,NaN,NaN,NaN,NaN,NaN,NaN,NaN,NaN,NaN
13904,13882,Logic,frame_complete,-268457733656721424,398,7,0.785451,75,0,20,40.8,0.933322,12,1.5531,-0.0186156,0.000533938,0.490207,0.418037,32.846,0,0,0,65,26.3903,53.4195,0
13917,13917,CameraCapture,frame_captured,0,399,7,0.144054,75,NaN,NaN,NaN,NaN,NaN,NaN,NaN,NaN,NaN,NaN,NaN,NaN,NaN,NaN,NaN,NaN,NaN,NaN
13917,13918,ImageProcessor_TPU,frame_processed,0,399,7,0.71073,75,0,NaN,NaN,NaN,NaN,NaN,NaN,NaN,NaN,NaN,NaN,NaN,NaN,NaN,NaN,NaN,NaN,NaN
13925,13926,ImageProcessor_Viz,frame_processed,0,399,7,0.350321,NaN,8,NaN,NaN,NaN,NaN,NaN,NaN,NaN,NaN,NaN,NaN,NaN,NaN,NaN,NaN,NaN,NaN,NaN
13937,13937,InferenceEngine,inference_complete,0,399,NaN,NaN,NaN,0,18.826,40.8,0.933322,13,NaN,NaN,NaN,NaN,NaN,NaN,NaN,NaN,NaN,NaN,NaN,NaN,NaN
13937,13916,Logic,frame_complete,-268457733656721424,399,7,0.71073,75,0,18,40.8,0.933322,13,1.5531,-0.0187521,-0.000561636,0.488164,0.41716,32.786,0,0,0,65,26.3903,53.4195,0
13951,13951,CameraCapture,frame_captured,0,400,7,0.143328,75,NaN,NaN,NaN,NaN,NaN,NaN,NaN,NaN,NaN,NaN,NaN,NaN,NaN,NaN,NaN,NaN,NaN,NaN
13952,13952,ImageProcessor_TPU,frame_processed,0,400,7,0.759061,75,1,NaN,NaN,NaN,NaN,NaN,NaN,NaN,NaN,NaN,NaN,NaN,NaN,NaN,NaN,NaN,NaN,NaN
13958,13959,ImageProcessor_Viz,frame_processed,0,400,7,0.336728,NaN,8,NaN,NaN,NaN,NaN,NaN,NaN,NaN,NaN,NaN,NaN,NaN,NaN,NaN,NaN,NaN,NaN,NaN
13971,13971,InferenceEngine,inference_complete,0,400,NaN,NaN,NaN,1,18.684,40.8,0.941165,13,NaN,NaN,NaN,NaN,NaN,NaN,NaN,NaN,NaN,NaN,NaN,NaN,NaN
13971,13950,Logic,frame_complete,-268457733656721424,400,7,0.759061,75,1,18,40.8,0.941165,13,1.54541,-0.0185176,0.000237502,0.488328,0.417188,33.989,0,0,0,65,26.3903,53.4195,0
13983,13984,CameraCapture,frame_captured,0,401,7,0.141726,75,NaN,NaN,NaN,NaN,NaN,NaN,NaN,NaN,NaN,NaN,NaN,NaN,NaN,NaN,NaN,NaN,NaN,NaN
13984,13985,ImageProcessor_TPU,frame_processed,0,401,7,0.766219,75,0,NaN,NaN,NaN,NaN,NaN,NaN,NaN,NaN,NaN,NaN,NaN,NaN,NaN,NaN,NaN,NaN,NaN
13991,13992,ImageProcessor_Viz,frame_processed,0,401,7,0.336618,NaN,7,NaN,NaN,NaN,NaN,NaN,NaN,NaN,NaN,NaN,NaN,NaN,NaN,NaN,NaN,NaN,NaN,NaN
14003,14004,InferenceEngine,inference_complete,0,401,NaN,NaN,NaN,0,18.784,40.8,0.949008,13,NaN,NaN,NaN,NaN,NaN,NaN,NaN,NaN,NaN,NaN,NaN,NaN,NaN
14004,13982,Logic,frame_complete,-268457733656721424,401,7,0.766219,75,0,19,40.8,0.949008,13,1.54541,-0.0182706,-9.64813e-05,0.488259,0.418086,32.708,0,0,0,65,26.3903,53.4195,0
14016,14017,CameraCapture,frame_captured,0,402,7,0.143821,75,NaN,NaN,NaN,NaN,NaN,NaN,NaN,NaN,NaN,NaN,NaN,NaN,NaN,NaN,NaN,NaN,NaN,NaN
14017,14018,ImageProcessor_TPU,frame_processed,0,402,7,0.773591,75,1,NaN,NaN,NaN,NaN,NaN,NaN,NaN,NaN,NaN,NaN,NaN,NaN,NaN,NaN,NaN,NaN,NaN
14024,14025,ImageProcessor_Viz,frame_processed,0,402,7,0.342469,NaN,7,NaN,NaN,NaN,NaN,NaN,NaN,NaN,NaN,NaN,NaN,NaN,NaN,NaN,NaN,NaN,NaN,NaN
14036,14037,InferenceEngine,inference_complete,0,402,NaN,NaN,NaN,1,18.705,40.8,0.921557,12,NaN,NaN,NaN,NaN,NaN,NaN,NaN,NaN,NaN,NaN,NaN,NaN,NaN
14037,14015,Logic,frame_complete,-268457733656721424,402,7,0.773591,75,1,18,40.8,0.921557,12,1.53773,-0.0183721,0.00038575,0.490177,0.418049,33.195,0,0,0,65,26.3903,53.4195,0
14050,14051,CameraCapture,frame_captured,0,403,7,0.143954,75,NaN,NaN,NaN,NaN,NaN,NaN,NaN,NaN,NaN,NaN,NaN,NaN,NaN,NaN,NaN,NaN,NaN,NaN
14051,14052,ImageProcessor_TPU,frame_processed,0,403,7,0.780373,75,0,NaN,NaN,NaN,NaN,NaN,NaN,NaN,NaN,NaN,NaN,NaN,NaN,NaN,NaN,NaN,NaN,NaN
14058,14058,ImageProcessor_Viz,frame_processed,0,403,7,0.341599,NaN,8,NaN,NaN,NaN,NaN,NaN,NaN,NaN,NaN,NaN,NaN,NaN,NaN,NaN,NaN,NaN,NaN,NaN
14070,14071,InferenceEngine,inference_complete,0,403,NaN,NaN,NaN,0,18.807,40.8,0.933322,13,NaN,NaN,NaN,NaN,NaN,NaN,NaN,NaN,NaN,NaN,NaN,NaN,NaN
14070,14049,Logic,frame_complete,-268457733656721424,403,7,0.780373,75,0,19,40.8,0.933322,13,1.53773,-0.018801,-0.000488877,0.488178,0.417115,33.455,0,0,0,65,26.3903,53.4195,0
14084,14085,CameraCapture,frame_captured,0,404,7,0.160676,75,NaN,NaN,NaN,NaN,NaN,NaN,NaN,NaN,NaN,NaN,NaN,NaN,NaN,NaN,NaN,NaN,NaN,NaN
14085,14086,ImageProcessor_TPU,frame_processed,0,404,7,1.06543,75.3333,0,NaN,NaN,NaN,NaN,NaN,NaN,NaN,NaN,NaN,NaN,NaN,NaN,NaN,NaN,NaN,NaN,NaN
14092,14092,ImageProcessor_Viz,frame_processed,0,404,7,0.336636,NaN,8,NaN,NaN,NaN,NaN,NaN,NaN,NaN,NaN,NaN,NaN,NaN,NaN,NaN,NaN,NaN,NaN,NaN
14104,14105,InferenceEngine,inference_complete,0,404,NaN,NaN,NaN,0,18.749,40.8,0.921557,13,NaN,NaN,NaN,NaN,NaN,NaN,NaN,NaN,NaN,NaN,NaN,NaN,NaN
14105,14083,Logic,frame_complete,-268457733656721424,404,7,1.06543,75.3333,0,19,40.8,0.921557,13,1.53773,-0.0181459,0.000360839,0.489263,0.418093,34.402,0,0,0,65,26.3903,53.4195,0
14117,14117,CameraCapture,frame_captured,0,405,7,0.161332,75.3333,NaN,NaN,NaN,NaN,NaN,NaN,NaN,NaN,NaN,NaN,NaN,NaN,NaN,NaN,NaN,NaN,NaN,NaN
14118,14119,ImageProcessor_TPU,frame_processed,0,405,7,1.07453,75.3333,1,NaN,NaN,NaN,NaN,NaN,NaN,NaN,NaN,NaN,NaN,NaN,NaN,NaN,NaN,NaN,NaN,NaN
14124,14125,ImageProcessor_Viz,frame_processed,0,405,7,0.336413,NaN,7,NaN,NaN,NaN,NaN,NaN,NaN,NaN,NaN,NaN,NaN,NaN,NaN,NaN,NaN,NaN,NaN,NaN
14137,14138,InferenceEngine,inference_complete,0,405,NaN,NaN,NaN,1,18.774,40.8,0.909793,13,NaN,NaN,NaN,NaN,NaN,NaN,NaN,NaN,NaN,NaN,NaN,NaN,NaN
14137,14116,Logic,frame_complete,-268457733656721424,405,7,1.07453,75.3333,1,19,40.8,0.909793,13,1.53773,-0.0188967,-0.000316884,0.488213,0.417097,32.709,0,0,0,65,26.3903,53.4195,0
14150,14151,CameraCapture,frame_captured,0,406,7,0.149891,75,NaN,NaN,NaN,NaN,NaN,NaN,NaN,NaN,NaN,NaN,NaN,NaN,NaN,NaN,NaN,NaN,NaN,NaN
14152,14152,ImageProcessor_TPU,frame_processed,0,406,7,1.21915,75,1,NaN,NaN,NaN,NaN,NaN,NaN,NaN,NaN,NaN,NaN,NaN,NaN,NaN,NaN,NaN,NaN,NaN
14158,14158,ImageProcessor_Viz,frame_processed,0,406,7,0.332969,NaN,8,NaN,NaN,NaN,NaN,NaN,NaN,NaN,NaN,NaN,NaN,NaN,NaN,NaN,NaN,NaN,NaN,NaN
14170,14171,InferenceEngine,inference_complete,0,406,NaN,NaN,NaN,1,18.659,40.8,0.921557,13,NaN,NaN,NaN,NaN,NaN,NaN,NaN,NaN,NaN,NaN,NaN,NaN,NaN
14171,14149,Logic,frame_complete,-268457733656721424,406,7,1.21915,75,1,18,40.8,0.921557,13,1.53773,-0.0181039,0.000462104,0.490193,0.418101,33.334,0,0,0,65,26.3903,53.4195,0
14183,14184,CameraCapture,frame_captured,0,407,7,0.142373,75,NaN,NaN,NaN,NaN,NaN,NaN,NaN,NaN,NaN,NaN,NaN,NaN,NaN,NaN,NaN,NaN,NaN,NaN
14184,14185,ImageProcessor_TPU,frame_processed,0,407,7,0.715939,75,0,NaN,NaN,NaN,NaN,NaN,NaN,NaN,NaN,NaN,NaN,NaN,NaN,NaN,NaN,NaN,NaN,NaN
14191,14192,ImageProcessor_Viz,frame_processed,0,407,7,0.325895,NaN,8,NaN,NaN,NaN,NaN,NaN,NaN,NaN,NaN,NaN,NaN,NaN,NaN,NaN,NaN,NaN,NaN,NaN
14203,14204,InferenceEngine,inference_complete,0,407,NaN,NaN,NaN,0,18.745,40.8,0.933322,13,NaN,NaN,NaN,NaN,NaN,NaN,NaN,NaN,NaN,NaN,NaN,NaN,NaN
14204,14182,Logic,frame_complete,-268457733656721424,407,7,0.715939,75,0,19,40.8,0.933322,13,1.53019,-0.0184169,-0.000514146,0.488172,0.418023,32.74,0,0,0,65,26.3903,53.4195,0
14217,14218,CameraCapture,frame_captured,0,408,7,0.237835,75,NaN,NaN,NaN,NaN,NaN,NaN,NaN,NaN,NaN,NaN,NaN,NaN,NaN,NaN,NaN,NaN,NaN,NaN
14218,14219,ImageProcessor_TPU,frame_processed,0,408,7,0.868661,75,0,NaN,NaN,NaN,NaN,NaN,NaN,NaN,NaN,NaN,NaN,NaN,NaN,NaN,NaN,NaN,NaN,NaN
14225,14226,ImageProcessor_Viz,frame_processed,0,408,7,0.34934,NaN,7,NaN,NaN,NaN,NaN,NaN,NaN,NaN,NaN,NaN,NaN,NaN,NaN,NaN,NaN,NaN,NaN,NaN
14238,14238,InferenceEngine,inference_complete,0,408,NaN,NaN,NaN,0,18.903,40.8,0.921557,13,NaN,NaN,NaN,NaN,NaN,NaN,NaN,NaN,NaN,NaN,NaN,NaN,NaN
14238,14216,Logic,frame_complete,-268457733656721424,408,7,0.868661,75,0,18,40.8,0.921557,13,1.52265,-0.0182751,0.000535667,0.490209,0.418032,34.433,0,0,0,65,26.3903,53.4195,0
14250,14251,CameraCapture,frame_captured,0,409,7,0.161176,75,NaN,NaN,NaN,NaN,NaN,NaN,NaN,NaN,NaN,NaN,NaN,NaN,NaN,NaN,NaN,NaN,NaN,NaN
14251,14252,ImageProcessor_TPU,frame_processed,0,409,7,1.07173,75,0,NaN,NaN,NaN,NaN,NaN,NaN,NaN,NaN,NaN,NaN,NaN,NaN,NaN,NaN,NaN,NaN,NaN
14257,14258,ImageProcessor_Viz,frame_processed,0,409,7,0.33334,NaN,7,NaN,NaN,NaN,NaN,NaN,NaN,NaN,NaN,NaN,NaN,NaN,NaN,NaN,NaN,NaN,NaN,NaN
14271,14271,InferenceEngine,inference_complete,0,409,NaN,NaN,NaN,0,19.072,40.8,0.933322,13,NaN,NaN,NaN,NaN,NaN,NaN,NaN,NaN,NaN,NaN,NaN,NaN,NaN
14271,14249,Logic,frame_complete,-268457733656721424,409,7,1.07173,75,0,19,40.8,0.933322,13,1.52265,-0.0188007,-0.000217855,0.490052,0.417079,33.006,0,0,0,65,26.3903,53.4195,0
14283,14284,CameraCapture,frame_captured,0,410,7,0.172106,75,NaN,NaN,NaN,NaN,NaN,NaN,NaN,NaN,NaN,NaN,NaN,NaN,NaN,NaN,NaN,NaN,NaN,NaN
14284,14285,ImageProcessor_TPU,frame_processed,0,410,7,0.867748,75,0,NaN,NaN,NaN,NaN,NaN,NaN,NaN,NaN,NaN,NaN,NaN,NaN,NaN,NaN,NaN,NaN,NaN
14291,14292,ImageProcessor_Viz,frame_processed,0,410,7,0.332265,NaN,8,NaN,NaN,NaN,NaN,NaN,NaN,NaN,NaN,NaN,NaN,NaN,NaN,NaN,NaN,NaN,NaN,NaN
14304,14305,InferenceEngine,inference_complete,0,410,NaN,NaN,NaN,0,19.705,40.8,0.949008,13,NaN,NaN,NaN,NaN,NaN,NaN,NaN,NaN,NaN,NaN,NaN,NaN,NaN
14305,14282,Logic,frame_complete,-268457733656721424,410,7,0.867748,75,0,20,40.8,0.949008,13,1.52265,-0.0181025,-0.000235762,0.48823,0.418066,33.645,0,0,0,65,26.3903,53.4195,0
14316,14317,CameraCapture,frame_captured,0,411,7,0.175052,75,NaN,NaN,NaN,NaN,NaN,NaN,NaN,NaN,NaN,NaN,NaN,NaN,NaN,NaN,NaN,NaN,NaN,NaN
14317,14318,ImageProcessor_TPU,frame_processed,0,411,7,0.759469,75,0,NaN,NaN,NaN,NaN,NaN,NaN,NaN,NaN,NaN,NaN,NaN,NaN,NaN,NaN,NaN,NaN,NaN
14324,14325,ImageProcessor_Viz,frame_processed,0,411,7,0.336192,NaN,7,NaN,NaN,NaN,NaN,NaN,NaN,NaN,NaN,NaN,NaN,NaN,NaN,NaN,NaN,NaN,NaN,NaN
14337,14338,InferenceEngine,inference_complete,0,411,NaN,NaN,NaN,0,19.626,40.8,0.941165,13,NaN,NaN,NaN,NaN,NaN,NaN,NaN,NaN,NaN,NaN,NaN,NaN,NaN
14338,14315,Logic,frame_complete,-268457733656721424,411,7,0.759469,75,0,19,40.8,0.941165,13,1.52265,-0.0188658,9.59598e-05,0.488299,0.417066,33.113,0,0,0,65,26.3903,53.4195,0
14350,14351,CameraCapture,frame_captured,0,412,7,0.1484,75,NaN,NaN,NaN,NaN,NaN,NaN,NaN,NaN,NaN,NaN,NaN,NaN,NaN,NaN,NaN,NaN,NaN,NaN
14351,14352,ImageProcessor_TPU,frame_processed,0,412,7,0.775411,75,0,NaN,NaN,NaN,NaN,NaN,NaN,NaN,NaN,NaN,NaN,NaN,NaN,NaN,NaN,NaN,NaN,NaN
14358,14359,ImageProcessor_Viz,frame_processed,0,412,7,0.331599,NaN,7,NaN,NaN,NaN,NaN,NaN,NaN,NaN,NaN,NaN,NaN,NaN,NaN,NaN,NaN,NaN,NaN,NaN
14372,14372,InferenceEngine,inference_complete,0,412,NaN,NaN,NaN,0,19.803,40.8,0.933322,13,NaN,NaN,NaN,NaN,NaN,NaN,NaN,NaN,NaN,NaN,NaN,NaN,NaN
14372,14349,Logic,frame_complete,-268457733656721424,412,7,0.775411,75,0,19,40.8,0.933322,13,1.52265,-0.0180776,-3.89293e-05,0.488271,0.418071,34.043,0,0,0,65,26.3903,53.4195,0
14383,14384,CameraCapture,frame_captured,0,413,7,0.144039,75,NaN,NaN,NaN,NaN,NaN,NaN,NaN,NaN,NaN,NaN,NaN,NaN,NaN,NaN,NaN,NaN,NaN,NaN
14384,14385,ImageProcessor_TPU,frame_processed,0,413,7,0.790124,75,0,NaN,NaN,NaN,NaN,NaN,NaN,NaN,NaN,NaN,NaN,NaN,NaN,NaN,NaN,NaN,NaN,NaN
14391,14391,ImageProcessor_Viz,frame_processed,0,413,7,0.334895,NaN,8,NaN,NaN,NaN,NaN,NaN,NaN,NaN,NaN,NaN,NaN,NaN,NaN,NaN,NaN,NaN,NaN,NaN
14404,14405,InferenceEngine,inference_complete,0,413,NaN,NaN,NaN,0,19.64,40.8,0.921557,12,NaN,NaN,NaN,NaN,NaN,NaN,NaN,NaN,NaN,NaN,NaN,NaN,NaN
14405,14382,Logic,frame_complete,-268457733656721424,413,7,0.790124,75,0,20,40.8,0.921557,12,1.53019,-0.0189705,5.1558e-06,0.48828,0.417064,32.604,0,0,0,65,26.3903,53.4195,0
14416,14417,CameraCapture,frame_captured,0,414,7,0.144171,75,NaN,NaN,NaN,NaN,NaN,NaN,NaN,NaN,NaN,NaN,NaN,NaN,NaN,NaN,NaN,NaN,NaN,NaN
14418,14418,ImageProcessor_TPU,frame_processed,0,414,7,0.7487,75,1,NaN,NaN,NaN,NaN,NaN,NaN,NaN,NaN,NaN,NaN,NaN,NaN,NaN,NaN,NaN,NaN,NaN
14424,14425,ImageProcessor_Viz,frame_processed,0,414,7,0.326728,NaN,7,NaN,NaN,NaN,NaN,NaN,NaN,NaN,NaN,NaN,NaN,NaN,NaN,NaN,NaN,NaN,NaN,NaN
14437,14437,InferenceEngine,inference_complete,0,414,NaN,NaN,NaN,1,18.837,40.8,0.921557,12,NaN,NaN,NaN,NaN,NaN,NaN,NaN,NaN,NaN,NaN,NaN,NaN,NaN
14437,14415,Logic,frame_complete,-268457733656721424,414,7,0.7487,75,1,19,40.8,0.921557,12,1.53773,-0.0185434,-1.28821e-05,0.488276,0.417165,32.493,0,0,0,65,26.3903,53.4195,0
14450,14450,CameraCapture,frame_captured,0,415,7,0.142137,75,NaN,NaN,NaN,NaN,NaN,NaN,NaN,NaN,NaN,NaN,NaN,NaN,NaN,NaN,NaN,NaN,NaN,NaN
14451,14452,ImageProcessor_TPU,frame_processed,0,415,7,0.81439,75,0,NaN,NaN,NaN,NaN,NaN,NaN,NaN,NaN,NaN,NaN,NaN,NaN,NaN,NaN,NaN,NaN,NaN
14457,14458,ImageProcessor_Viz,frame_processed,0,415,7,0.354729,NaN,7,NaN,NaN,NaN,NaN,NaN,NaN,NaN,NaN,NaN,NaN,NaN,NaN,NaN,NaN,NaN,NaN,NaN
14470,14471,InferenceEngine,inference_complete,0,415,NaN,NaN,NaN,0,18.791,40.8,0.933322,13,NaN,NaN,NaN,NaN,NaN,NaN,NaN,NaN,NaN,NaN,NaN,NaN,NaN
14470,14449,Logic,frame_complete,-268457733656721424,415,7,0.81439,75,0,19,40.8,0.933322,13,1.53773,-0.0186521,0.000340875,0.490168,0.417144,33.18,0,0,0,65,26.3903,53.4195,0
14484,14484,CameraCapture,frame_captured,0,416,7,0.144318,75,NaN,NaN,NaN,NaN,NaN,NaN,NaN,NaN,NaN,NaN,NaN,NaN,NaN,NaN,NaN,NaN,NaN,NaN
14485,14486,ImageProcessor_TPU,frame_processed,0,416,7,0.777996,75,1,NaN,NaN,NaN,NaN,NaN,NaN,NaN,NaN,NaN,NaN,NaN,NaN,NaN,NaN,NaN,NaN,NaN
14492,14492,ImageProcessor_Viz,frame_processed,0,416,7,0.33308,NaN,8,NaN,NaN,NaN,NaN,NaN,NaN,NaN,NaN,NaN,NaN,NaN,NaN,NaN,NaN,NaN,NaN,NaN
14504,14505,InferenceEngine,inference_complete,0,416,NaN,NaN,NaN,1,18.829,40.8,0.941165,13,NaN,NaN,NaN,NaN,NaN,NaN,NaN,NaN,NaN,NaN,NaN,NaN,NaN
14504,14483,Logic,frame_complete,-268457733656721424,416,7,0.777996,75,1,19,40.8,0.941165,13,1.53773,-0.0182043,-0.000465784,0.488182,0.418081,34.046,0,0,0,65,26.3903,53.4195,0
14516,14517,CameraCapture,frame_captured,0,417,7,0.142881,75,NaN,NaN,NaN,NaN,NaN,NaN,NaN,NaN,NaN,NaN,NaN,NaN,NaN,NaN,NaN,NaN,NaN,NaN
14517,14518,ImageProcessor_TPU,frame_processed,0,417,7,0.729521,75,0,NaN,NaN,NaN,NaN,NaN,NaN,NaN,NaN,NaN,NaN,NaN,NaN,NaN,NaN,NaN,NaN,NaN
14525,14525,ImageProcessor_Viz,frame_processed,0,417,7,0.339358,NaN,8,NaN,NaN,NaN,NaN,NaN,NaN,NaN,NaN,NaN,NaN,NaN,NaN,NaN,NaN,NaN,NaN,NaN
14537,14538,InferenceEngine,inference_complete,0,417,NaN,NaN,NaN,0,19.206,40.8,0.949008,13,NaN,NaN,NaN,NaN,NaN,NaN,NaN,NaN,NaN,NaN,NaN,NaN,NaN
14537,14515,Logic,frame_complete,-268457733656721424,417,7,0.729521,75,0,19,40.8,0.949008,13,1.53773,-0.0184641,0.000189222,0.488318,0.418031,32.975,0,0,0,65,26.3903,53.4195,0
14550,14550,CameraCapture,frame_captured,0,418,7,0.145585,75,NaN,NaN,NaN,NaN,NaN,NaN,NaN,NaN,NaN,NaN,NaN,NaN,NaN,NaN,NaN,NaN,NaN,NaN
14551,14551,ImageProcessor_TPU,frame_processed,0,418,7,0.871153,75,1,NaN,NaN,NaN,NaN,NaN,NaN,NaN,NaN,NaN,NaN,NaN,NaN,NaN,NaN,NaN,NaN,NaN
14557,14558,ImageProcessor_Viz,frame_processed,0,418,7,0.344191,NaN,7,NaN,NaN,NaN,NaN,NaN,NaN,NaN,NaN,NaN,NaN,NaN,NaN,NaN,NaN,NaN,NaN,NaN
14570,14571,InferenceEngine,inference_complete,0,418,NaN,NaN,NaN,1,18.797,40.8,0.941165,13,NaN,NaN,NaN,NaN,NaN,NaN,NaN,NaN,NaN,NaN,NaN,NaN,NaN
14570,14549,Logic,frame_complete,-268457733656721424,418,7,0.871153,75,1,19,40.8,0.941165,13,1.53773,-0.0183586,-7.68565e-05,0.488263,0.418051,32.805,0,0,0,65,26.3903,53.4195,0
14584,14585,CameraCapture,frame_captured,0,419,7,0.146808,75,NaN,NaN,NaN,NaN,NaN,NaN,NaN,NaN,NaN,NaN,NaN,NaN,NaN,NaN,NaN,NaN,NaN,NaN
14585,14586,ImageProcessor_TPU,frame_processed,0,419,7,0.7403,75,0,NaN,NaN,NaN,NaN,NaN,NaN,NaN,NaN,NaN,NaN,NaN,NaN,NaN,NaN,NaN,NaN,NaN
14595,14595,ImageProcessor_Viz,frame_processed,0,419,7,0.352006,NaN,11,NaN,NaN,NaN,NaN,NaN,NaN,NaN,NaN,NaN,NaN,NaN,NaN,NaN,NaN,NaN,NaN,NaN
14604,14605,InferenceEngine,inference_complete,0,419,NaN,NaN,NaN,0,18.872,40.8,0.933322,12,NaN,NaN,NaN,NaN,NaN,NaN,NaN,NaN,NaN,NaN,NaN,NaN,NaN
14605,14583,Logic,frame_complete,-268457733656721424,419,7,0.7403,75,0,19,40.8,0.933322,12,1.53773,-0.0188038,0.000354007,0.490171,0.417114,34.568,0,0,0,65,26.3903,53.4195,0
14618,14619,CameraCapture,frame_captured,0,420,7,0.149543,75,NaN,NaN,NaN,NaN,NaN,NaN,NaN,NaN,NaN,NaN,NaN,NaN,NaN,NaN,NaN,NaN,NaN,NaN
14619,14620,ImageProcessor_TPU,frame_processed,0,420,7,1.02817,75,0,NaN,NaN,NaN,NaN,NaN,NaN,NaN,NaN,NaN,NaN,NaN,NaN,NaN,NaN,NaN,NaN,NaN
14625,14626,ImageProcessor_Viz,frame_processed,0,420,7,0.335802,NaN,7,NaN,NaN,NaN,NaN,NaN,NaN,NaN,NaN,NaN,NaN,NaN,NaN,NaN,NaN,NaN,NaN,NaN
14640,14640,InferenceEngine,inference_complete,0,420,NaN,NaN,NaN,0,20.024,40.8,0.941165,13,NaN,NaN,NaN,NaN,NaN,NaN,NaN,NaN,NaN,NaN,NaN,NaN,NaN
14640,14617,Logic,frame_complete,-268457733656721424,420,7,1.02817,75,0,20,40.8,0.941165,13,1.53019,-0.0180671,-0.000446487,0.488186,0.418091,35.247,0,0,0,65,26.3903,53.4195,0
14650,14650,CameraCapture,frame_captured,0,421,7,0.171738,75,NaN,NaN,NaN,NaN,NaN,NaN,NaN,NaN,NaN,NaN,NaN,NaN,NaN,NaN,NaN,NaN,NaN,NaN
14651,14652,ImageProcessor_TPU,frame_processed,0,421,7,0.884603,75,1,NaN,NaN,NaN,NaN,NaN,NaN,NaN,NaN,NaN,NaN,NaN,NaN,NaN,NaN,NaN,NaN,NaN
14657,14658,ImageProcessor_Viz,frame_processed,0,421,7,0.33508,NaN,7,NaN,NaN,NaN,NaN,NaN,NaN,NaN,NaN,NaN,NaN,NaN,NaN,NaN,NaN,NaN,NaN,NaN
14670,14671,InferenceEngine,inference_complete,0,421,NaN,NaN,NaN,1,19.162,40.8,0.909793,12,NaN,NaN,NaN,NaN,NaN,NaN,NaN,NaN,NaN,NaN,NaN,NaN,NaN
14671,14649,Logic,frame_complete,-268457733656721424,421,7,0.884603,75,1,19,40.8,0.909793,12,1.52265,-0.0184079,0.000549082,0.490212,0.418007,30.577,0,0,0,65,26.3903,53.4195,0
14683,14684,CameraCapture,frame_captured,0,422,7,0.153701,75,NaN,NaN,NaN,NaN,NaN,NaN,NaN,NaN,NaN,NaN,NaN,NaN,NaN,NaN,NaN,NaN,NaN,NaN
14684,14685,ImageProcessor_TPU,frame_processed,0,422,7,0.775416,75,0,NaN,NaN,NaN,NaN,NaN,NaN,NaN,NaN,NaN,NaN,NaN,NaN,NaN,NaN,NaN,NaN,NaN
14691,14691,ImageProcessor_Viz,frame_processed,0,422,7,0.336691,NaN,8,NaN,NaN,NaN,NaN,NaN,NaN,NaN,NaN,NaN,NaN,NaN,NaN,NaN,NaN,NaN,NaN,NaN
14703,14704,InferenceEngine,inference_complete,0,422,NaN,NaN,NaN,0,18.972,40.8,0.921557,13,NaN,NaN,NaN,NaN,NaN,NaN,NaN,NaN,NaN,NaN,NaN,NaN,NaN
14704,14682,Logic,frame_complete,-268457733656721424,422,7,0.775416,75,0,19,40.8,0.921557,13,1.52265,-0.0183434,-0.000222813,0.490051,0.418019,33.103,0,0,0,65,26.3903,53.4195,0
14716,14717,CameraCapture,frame_captured,0,423,7,0.142941,75,NaN,NaN,NaN,NaN,NaN,NaN,NaN,NaN,NaN,NaN,NaN,NaN,NaN,NaN,NaN,NaN,NaN,NaN
14717,14718,ImageProcessor_TPU,frame_processed,0,423,7,0.725748,75,0,NaN,NaN,NaN,NaN,NaN,NaN,NaN,NaN,NaN,NaN,NaN,NaN,NaN,NaN,NaN,NaN,NaN
14724,14725,ImageProcessor_Viz,frame_processed,0,423,7,0.336784,NaN,7,NaN,NaN,NaN,NaN,NaN,NaN,NaN,NaN,NaN,NaN,NaN,NaN,NaN,NaN,NaN,NaN,NaN
14736,14737,InferenceEngine,inference_complete,0,423,NaN,NaN,NaN,0,18.691,40.8,0.921557,12,NaN,NaN,NaN,NaN,NaN,NaN,NaN,NaN,NaN,NaN,NaN,NaN,NaN
14737,14715,Logic,frame_complete,-268457733656721424,423,7,0.725748,75,0,19,40.8,0.921557,12,1.52265,-0.0187739,9.04985e-05,0.490116,0.417084,32.855,0,0,0,65,26.3903,53.4195,0
14750,14751,CameraCapture,frame_captured,0,424,7,0.143937,75,NaN,NaN,NaN,NaN,NaN,NaN,NaN,NaN,NaN,NaN,NaN,NaN,NaN,NaN,NaN,NaN,NaN,NaN
14751,14752,ImageProcessor_TPU,frame_processed,0,424,7,0.73078,75,0,NaN,NaN,NaN,NaN,NaN,NaN,NaN,NaN,NaN,NaN,NaN,NaN,NaN,NaN,NaN,NaN,NaN
14758,14759,ImageProcessor_Viz,frame_processed,0,424,7,0.333283,NaN,7,NaN,NaN,NaN,NaN,NaN,NaN,NaN,NaN,NaN,NaN,NaN,NaN,NaN,NaN,NaN,NaN,NaN
14770,14771,InferenceEngine,inference_complete,0,424,NaN,NaN,NaN,0,18.792,40.8,0.949008,13,NaN,NaN,NaN,NaN,NaN,NaN,NaN,NaN,NaN,NaN,NaN,NaN,NaN
14771,14749,Logic,frame_complete,-268457733656721424,424,7,0.73078,75,0,19,40.8,0.949008,13,1.52265,-0.0181162,-0.000356473,0.488204,0.418064,34.134,0,0,0,65,26.3903,53.4195,0
14783,14784,CameraCapture,frame_captured,0,425,7,0.157259,75,NaN,NaN,NaN,NaN,NaN,NaN,NaN,NaN,NaN,NaN,NaN,NaN,NaN,NaN,NaN,NaN,NaN,NaN
14784,14785,ImageProcessor_TPU,frame_processed,0,425,7,0.792789,75,0,NaN,NaN,NaN,NaN,NaN,NaN,NaN,NaN,NaN,NaN,NaN,NaN,NaN,NaN,NaN,NaN,NaN
14791,14791,ImageProcessor_Viz,frame_processed,0,425,7,0.339136,NaN,8,NaN,NaN,NaN,NaN,NaN,NaN,NaN,NaN,NaN,NaN,NaN,NaN,NaN,NaN,NaN,NaN,NaN
14803,14804,InferenceEngine,inference_complete,0,425,NaN,NaN,NaN,0,18.944,40.8,0.933322,13,NaN,NaN,NaN,NaN,NaN,NaN,NaN,NaN,NaN,NaN,NaN,NaN,NaN
14804,14782,Logic,frame_complete,-268457733656721424,425,7,0.792789,75,0,19,40.8,0.933322,13,1.52265,-0.0184573,0.000144806,0.488309,0.417997,32.869,0,0,0,65,26.3903,53.4195,0
14816,14817,CameraCapture,frame_captured,0,426,7,0.144464,75,NaN,NaN,NaN,NaN,NaN,NaN,NaN,NaN,NaN,NaN,NaN,NaN,NaN,NaN,NaN,NaN,NaN,NaN
14818,14818,ImageProcessor_TPU,frame_processed,0,426,7,1.06928,75,1,NaN,NaN,NaN,NaN,NaN,NaN,NaN,NaN,NaN,NaN,NaN,NaN,NaN,NaN,NaN,NaN,NaN
14824,14825,ImageProcessor_Viz,frame_processed,0,426,7,0.337284,NaN,7,NaN,NaN,NaN,NaN,NaN,NaN,NaN,NaN,NaN,NaN,NaN,NaN,NaN,NaN,NaN,NaN,NaN
14836,14837,InferenceEngine,inference_complete,0,426,NaN,NaN,NaN,1,18.623,40.8,0.933322,13,NaN,NaN,NaN,NaN,NaN,NaN,NaN,NaN,NaN,NaN,NaN,NaN,NaN
14837,14815,Logic,frame_complete,-268457733656721424,426,7,1.06928,75,1,18,40.8,0.933322,13,1.52265,-0.0183221,0.000270005,0.490154,0.418023,33.223,0,0,0,65,26.3903,53.4195,0
14849,14850,CameraCapture,frame_captured,0,427,7,0.141205,75,NaN,NaN,NaN,NaN,NaN,NaN,NaN,NaN,NaN,NaN,NaN,NaN,NaN,NaN,NaN,NaN,NaN,NaN
14851,14851,ImageProcessor_TPU,frame_processed,0,427,7,0.765217,75,1,NaN,NaN,NaN,NaN,NaN,NaN,NaN,NaN,NaN,NaN,NaN,NaN,NaN,NaN,NaN,NaN,NaN
14858,14858,ImageProcessor_Viz,frame_processed,0,427,7,0.338802,NaN,7,NaN,NaN,NaN,NaN,NaN,NaN,NaN,NaN,NaN,NaN,NaN,NaN,NaN,NaN,NaN,NaN,NaN
14870,14871,InferenceEngine,inference_complete,0,427,NaN,NaN,NaN,1,19.117,40.8,0.933322,13,NaN,NaN,NaN,NaN,NaN,NaN,NaN,NaN,NaN,NaN,NaN,NaN,NaN
14870,14848,Logic,frame_complete,-268457733656721424,427,7,0.765217,75,1,19,40.8,0.933322,13,1.52265,-0.0183782,-0.000109538,0.490075,0.418012,33.349,0,0,0,65,26.3903,53.4195,0
14884,14884,CameraCapture,frame_captured,0,428,7,0.142868,75,NaN,NaN,NaN,NaN,NaN,NaN,NaN,NaN,NaN,NaN,NaN,NaN,NaN,NaN,NaN,NaN,NaN,NaN
14885,14885,ImageProcessor_TPU,frame_processed,0,428,7,0.739323,75,1,NaN,NaN,NaN,NaN,NaN,NaN,NaN,NaN,NaN,NaN,NaN,NaN,NaN,NaN,NaN,NaN,NaN
14891,14892,ImageProcessor_Viz,frame_processed,0,428,7,0.336358,NaN,7,NaN,NaN,NaN,NaN,NaN,NaN,NaN,NaN,NaN,NaN,NaN,NaN,NaN,NaN,NaN,NaN,NaN
14904,14905,InferenceEngine,inference_complete,0,428,NaN,NaN,NaN,1,19.135,40.8,0.921557,13,NaN,NaN,NaN,NaN,NaN,NaN,NaN,NaN,NaN,NaN,NaN,NaN,NaN
14905,14883,Logic,frame_complete,-268457733656721424,428,7,0.739323,75,1,19,40.8,0.921557,13,1.52265,-0.0179572,4.45023e-05,0.490107,0.418947,34.086,0,0,0,65,26.3903,53.4195,0
14917,14918,CameraCapture,frame_captured,0,429,7,0.2361,75,NaN,NaN,NaN,NaN,NaN,NaN,NaN,NaN,NaN,NaN,NaN,NaN,NaN,NaN,NaN,NaN,NaN,NaN
14919,14919,ImageProcessor_TPU,frame_processed,0,429,7,1.16078,75,1,NaN,NaN,NaN,NaN,NaN,NaN,NaN,NaN,NaN,NaN,NaN,NaN,NaN,NaN,NaN,NaN,NaN
14925,14926,ImageProcessor_Viz,frame_processed,0,429,7,0.352025,NaN,7,NaN,NaN,NaN,NaN,NaN,NaN,NaN,NaN,NaN,NaN,NaN,NaN,NaN,NaN,NaN,NaN,NaN
14940,14941,InferenceEngine,inference_complete,0,429,NaN,NaN,NaN,1,21.014,40.8,0.933322,13,NaN,NaN,NaN,NaN,NaN,NaN,NaN,NaN,NaN,NaN,NaN,NaN,NaN
14940,14916,Logic,frame_complete,-268457733656721424,429,7,1.16078,75,1,21,40.8,0.933322,13,1.52265,-0.0189785,-0.000321805,0.488212,0.417044,35.847,0,0,0,65,26.3903,53.4195,0
14949,14950,CameraCapture,frame_captured,0,430,7,0.156598,75,NaN,NaN,NaN,NaN,NaN,NaN,NaN,NaN,NaN,NaN,NaN,NaN,NaN,NaN,NaN,NaN,NaN,NaN
14951,14951,ImageProcessor_TPU,frame_processed,0,430,7,0.828536,75,1,NaN,NaN,NaN,NaN,NaN,NaN,NaN,NaN,NaN,NaN,NaN,NaN,NaN,NaN,NaN,NaN,NaN
14957,14958,ImageProcessor_Viz,frame_processed,0,430,7,0.35058,NaN,7,NaN,NaN,NaN,NaN,NaN,NaN,NaN,NaN,NaN,NaN,NaN,NaN,NaN,NaN,NaN,NaN,NaN
14970,14971,InferenceEngine,inference_complete,0,430,NaN,NaN,NaN,1,19.083,40.8,0.909793,12,NaN,NaN,NaN,NaN,NaN,NaN,NaN,NaN,NaN,NaN,NaN,NaN,NaN
14970,14948,Logic,frame_complete,-268457733656721424,430,7,0.828536,75,1,19,40.8,0.909793,12,1.52265,-0.0175861,0.000130966,0.488306,0.419019,30.001,0,0,0,65,26.3903,53.4195,0
14983,14984,CameraCapture,frame_captured,0,431,7,0.24847,75,NaN,NaN,NaN,NaN,NaN,NaN,NaN,NaN,NaN,NaN,NaN,NaN,NaN,NaN,NaN,NaN,NaN,NaN
14984,14985,ImageProcessor_TPU,frame_processed,0,431,7,0.903982,75,0,NaN,NaN,NaN,NaN,NaN,NaN,NaN,NaN,NaN,NaN,NaN,NaN,NaN,NaN,NaN,NaN,NaN
14991,14991,ImageProcessor_Viz,frame_processed,0,431,7,0.346432,NaN,8,NaN,NaN,NaN,NaN,NaN,NaN,NaN,NaN,NaN,NaN,NaN,NaN,NaN,NaN,NaN,NaN,NaN
15003,15004,InferenceEngine,inference_complete,0,431,NaN,NaN,NaN,0,18.899,40.8,0.933322,13,NaN,NaN,NaN,NaN,NaN,NaN,NaN,NaN,NaN,NaN,NaN,NaN,NaN
15004,14982,Logic,frame_complete,-268457733656721424,431,7,0.903982,75,0,19,40.8,0.933322,13,1.52265,-0.0191549,-5.31636e-05,0.488268,0.41701,33.104,0,0,0,65,26.3903,53.4195,0
15017,15018,CameraCapture,frame_captured,0,432,7,0.148889,75,NaN,NaN,NaN,NaN,NaN,NaN,NaN,NaN,NaN,NaN,NaN,NaN,NaN,NaN,NaN,NaN,NaN,NaN
15018,15019,ImageProcessor_TPU,frame_processed,0,432,7,0.784882,75,1,NaN,NaN,NaN,NaN,NaN,NaN,NaN,NaN,NaN,NaN,NaN,NaN,NaN,NaN,NaN,NaN,NaN
15025,15026,ImageProcessor_Viz,frame_processed,0,432,7,0.347506,NaN,8,NaN,NaN,NaN,NaN,NaN,NaN,NaN,NaN,NaN,NaN,NaN,NaN,NaN,NaN,NaN,NaN,NaN
15037,15038,InferenceEngine,inference_complete,0,432,NaN,NaN,NaN,1,18.708,40.8,0.909793,12,NaN,NaN,NaN,NaN,NaN,NaN,NaN,NaN,NaN,NaN,NaN,NaN,NaN
15037,15016,Logic,frame_complete,-268457733656721424,432,7,0.784882,75,1,19,40.8,0.909793,12,1.52265,-0.0179609,0.000346627,0.49017,0.418094,33.618,0,0,0,65,26.3903,53.4195,0
15050,15050,CameraCapture,frame_captured,0,433,7,0.229936,75,NaN,NaN,NaN,NaN,NaN,NaN,NaN,NaN,NaN,NaN,NaN,NaN,NaN,NaN,NaN,NaN,NaN,NaN
15051,15052,ImageProcessor_TPU,frame_processed,0,433,7,1.24775,75,0,NaN,NaN,NaN,NaN,NaN,NaN,NaN,NaN,NaN,NaN,NaN,NaN,NaN,NaN,NaN,NaN,NaN
15058,15059,ImageProcessor_Viz,frame_processed,0,433,7,0.361414,NaN,8,NaN,NaN,NaN,NaN,NaN,NaN,NaN,NaN,NaN,NaN,NaN,NaN,NaN,NaN,NaN,NaN,NaN
15070,15071,InferenceEngine,inference_complete,0,433,NaN,NaN,NaN,0,18.745,40.8,0.933322,12,NaN,NaN,NaN,NaN,NaN,NaN,NaN,NaN,NaN,NaN,NaN,NaN,NaN
15070,15049,Logic,frame_complete,-268457733656721424,433,7,1.24775,75,0,19,40.8,0.933322,12,1.52265,-0.0189275,-0.000140723,0.490068,0.417054,33.132,0,0,0,65,26.3903,53.4195,0
15083,15084,CameraCapture,frame_captured,0,434,7,0.152102,75,NaN,NaN,NaN,NaN,NaN,NaN,NaN,NaN,NaN,NaN,NaN,NaN,NaN,NaN,NaN,NaN,NaN,NaN
15084,15085,ImageProcessor_TPU,frame_processed,0,434,7,0.771187,75,0,NaN,NaN,NaN,NaN,NaN,NaN,NaN,NaN,NaN,NaN,NaN,NaN,NaN,NaN,NaN,NaN,NaN
15092,15093,ImageProcessor_Viz,frame_processed,0,434,7,0.346543,NaN,9,NaN,NaN,NaN,NaN,NaN,NaN,NaN,NaN,NaN,NaN,NaN,NaN,NaN,NaN,NaN,NaN,NaN
15103,15104,InferenceEngine,inference_complete,0,434,NaN,NaN,NaN,0,18.995,40.8,0.921557,13,NaN,NaN,NaN,NaN,NaN,NaN,NaN,NaN,NaN,NaN,NaN,NaN,NaN
15104,15082,Logic,frame_complete,-268457733656721424,434,7,0.771187,75,0,19,40.8,0.921557,13,1.53019,-0.018542,4.85964e-05,0.490108,0.417147,33.422,0,0,0,65,26.3903,53.4195,0
15116,15117,CameraCapture,frame_captured,0,435,7,0.233214,75,NaN,NaN,NaN,NaN,NaN,NaN,NaN,NaN,NaN,NaN,NaN,NaN,NaN,NaN,NaN,NaN,NaN,NaN
15117,15118,ImageProcessor_TPU,frame_processed,0,435,7,0.880874,75,0,NaN,NaN,NaN,NaN,NaN,NaN,NaN,NaN,NaN,NaN,NaN,NaN,NaN,NaN,NaN,NaN,NaN
15124,15125,ImageProcessor_Viz,frame_processed,0,435,7,0.351062,NaN,8,NaN,NaN,NaN,NaN,NaN,NaN,NaN,NaN,NaN,NaN,NaN,NaN,NaN,NaN,NaN,NaN,NaN
15137,15137,InferenceEngine,inference_complete,0,435,NaN,NaN,NaN,0,19.053,40.8,0.909793,12,NaN,NaN,NaN,NaN,NaN,NaN,NaN,NaN,NaN,NaN,NaN,NaN,NaN
15137,15115,Logic,frame_complete,-268457733656721424,435,7,0.880874,75,0,20,40.8,0.909793,12,1.53019,-0.0182293,-1.97291e-05,0.490093,0.418059,33.326,0,0,0,65,26.3903,53.4195,0
15151,15152,CameraCapture,frame_captured,0,436,7,0.166301,75,NaN,NaN,NaN,NaN,NaN,NaN,NaN,NaN,NaN,NaN,NaN,NaN,NaN,NaN,NaN,NaN,NaN,NaN
15152,15153,ImageProcessor_TPU,frame_processed,0,436,7,0.72483,75,0,NaN,NaN,NaN,NaN,NaN,NaN,NaN,NaN,NaN,NaN,NaN,NaN,NaN,NaN,NaN,NaN,NaN
15159,15160,ImageProcessor_Viz,frame_processed,0,436,7,0.339283,NaN,7,NaN,NaN,NaN,NaN,NaN,NaN,NaN,NaN,NaN,NaN,NaN,NaN,NaN,NaN,NaN,NaN,NaN
15172,15172,InferenceEngine,inference_complete,0,436,NaN,NaN,NaN,0,18.988,40.8,0.921557,13,NaN,NaN,NaN,NaN,NaN,NaN,NaN,NaN,NaN,NaN,NaN,NaN,NaN
15172,15150,Logic,frame_complete,-268457733656721424,436,7,0.72483,75,0,19,40.8,0.921557,13,1.52265,-0.0195333,1.63801e-05,0.490101,0.415239,34.85,0,0,0,65,26.3903,53.4195,0
15183,15184,CameraCapture,frame_captured,0,437,7,0.239779,75,NaN,NaN,NaN,NaN,NaN,NaN,NaN,NaN,NaN,NaN,NaN,NaN,NaN,NaN,NaN,NaN,NaN,NaN
15185,15185,ImageProcessor_TPU,frame_processed,0,437,7,1.1367,75,1,NaN,NaN,NaN,NaN,NaN,NaN,NaN,NaN,NaN,NaN,NaN,NaN,NaN,NaN,NaN,NaN,NaN
15191,15191,ImageProcessor_Viz,frame_processed,0,437,7,0.343413,NaN,8,NaN,NaN,NaN,NaN,NaN,NaN,NaN,NaN,NaN,NaN,NaN,NaN,NaN,NaN,NaN,NaN,NaN
15204,15205,InferenceEngine,inference_complete,0,437,NaN,NaN,NaN,1,18.976,40.8,0.921557,12,NaN,NaN,NaN,NaN,NaN,NaN,NaN,NaN,NaN,NaN,NaN,NaN,NaN
15204,15182,Logic,frame_complete,-268457733656721424,437,7,1.1367,75,1,19,40.8,0.921557,12,1.53019,-0.0181223,-0.000357769,0.488204,0.417229,32.354,0,0,0,65,26.3903,53.4195,0
15216,15217,CameraCapture,frame_captured,0,438,7,0.173606,75,NaN,NaN,NaN,NaN,NaN,NaN,NaN,NaN,NaN,NaN,NaN,NaN,NaN,NaN,NaN,NaN,NaN,NaN
15219,15220,ImageProcessor_TPU,frame_processed,0,438,7,2.47204,75,1,NaN,NaN,NaN,NaN,NaN,NaN,NaN,NaN,NaN,NaN,NaN,NaN,NaN,NaN,NaN,NaN,NaN
15224,15225,ImageProcessor_Viz,frame_processed,0,438,7,0.436267,NaN,7,NaN,NaN,NaN,NaN,NaN,NaN,NaN,NaN,NaN,NaN,NaN,NaN,NaN,NaN,NaN,NaN,NaN
15238,15238,InferenceEngine,inference_complete,0,438,NaN,NaN,NaN,1,18.67,40.8,0.909793,13,NaN,NaN,NaN,NaN,NaN,NaN,NaN,NaN,NaN,NaN,NaN,NaN,NaN
15238,15215,Logic,frame_complete,-268457733656721424,438,7,2.47204,75,1,19,40.8,0.909793,13,1.52265,-0.0187139,0.000477426,0.490197,0.417096,33.757,0,0,0,65,26.3903,53.4195,0
15250,15250,CameraCapture,frame_captured,0,439,7,0.242925,75,NaN,NaN,NaN,NaN,NaN,NaN,NaN,NaN,NaN,NaN,NaN,NaN,NaN,NaN,NaN,NaN,NaN,NaN
15250,15251,ImageProcessor_TPU,frame_processed,0,439,7,0.817139,75,0,NaN,NaN,NaN,NaN,NaN,NaN,NaN,NaN,NaN,NaN,NaN,NaN,NaN,NaN,NaN,NaN,NaN
15259,15259,ImageProcessor_Viz,frame_processed,0,439,7,0.345784,NaN,8,NaN,NaN,NaN,NaN,NaN,NaN,NaN,NaN,NaN,NaN,NaN,NaN,NaN,NaN,NaN,NaN,NaN
15269,15270,InferenceEngine,inference_complete,0,439,NaN,NaN,NaN,0,18.763,40.8,0.921557,13,NaN,NaN,NaN,NaN,NaN,NaN,NaN,NaN,NaN,NaN,NaN,NaN,NaN
15270,15249,Logic,frame_complete,-268457733656721424,439,7,0.817139,75,0,19,40.8,0.921557,13,1.53019,-0.0186332,-0.000204403,0.490055,0.41713,31.636,0,0,0,65,26.3903,53.4195,0
15283,15284,CameraCapture,frame_captured,0,440,7,0.241271,75,NaN,NaN,NaN,NaN,NaN,NaN,NaN,NaN,NaN,NaN,NaN,NaN,NaN,NaN,NaN,NaN,NaN,NaN
15285,15286,ImageProcessor_TPU,frame_processed,0,440,7,1.32211,75,0,NaN,NaN,NaN,NaN,NaN,NaN,NaN,NaN,NaN,NaN,NaN,NaN,NaN,NaN,NaN,NaN,NaN
15291,15292,ImageProcessor_Viz,frame_processed,0,440,7,0.343673,NaN,7,NaN,NaN,NaN,NaN,NaN,NaN,NaN,NaN,NaN,NaN,NaN,NaN,NaN,NaN,NaN,NaN,NaN
15304,15305,InferenceEngine,inference_complete,0,440,NaN,NaN,NaN,0,18.839,40.8,0.933322,13,NaN,NaN,NaN,NaN,NaN,NaN,NaN,NaN,NaN,NaN,NaN,NaN,NaN
15305,15282,Logic,frame_complete,-268457733656721424,440,7,1.32211,75,0,19,40.8,0.933322,13,1.51526,-0.0192128,9.88692e-05,0.490118,0.415283,34.792,0,0,0,65,26.3903,53.4195,0
15316,15317,CameraCapture,frame_captured,0,441,7,0.245259,75,NaN,NaN,NaN,NaN,NaN,NaN,NaN,NaN,NaN,NaN,NaN,NaN,NaN,NaN,NaN,NaN,NaN,NaN
15317,15318,ImageProcessor_TPU,frame_processed,0,441,7,0.819103,75,0,NaN,NaN,NaN,NaN,NaN,NaN,NaN,NaN,NaN,NaN,NaN,NaN,NaN,NaN,NaN,NaN,NaN
15324,15325,ImageProcessor_Viz,frame_processed,0,441,7,0.333376,NaN,8,NaN,NaN,NaN,NaN,NaN,NaN,NaN,NaN,NaN,NaN,NaN,NaN,NaN,NaN,NaN,NaN,NaN
15337,15338,InferenceEngine,inference_complete,0,441,NaN,NaN,NaN,0,19.727,40.8,0.921557,12,NaN,NaN,NaN,NaN,NaN,NaN,NaN,NaN,NaN,NaN,NaN,NaN,NaN
15338,15315,Logic,frame_complete,-268457733656721424,441,7,0.819103,75,0,20,40.8,0.921557,12,1.53019,-0.018328,-0.0003912,0.488197,0.417189,33.152,0,0,0,65,26.3903,53.4195,0
15350,15351,CameraCapture,frame_captured,0,442,7,0.143998,75,NaN,NaN,NaN,NaN,NaN,NaN,NaN,NaN,NaN,NaN,NaN,NaN,NaN,NaN,NaN,NaN,NaN,NaN
15351,15352,ImageProcessor_TPU,frame_processed,0,442,7,0.760527,75,0,NaN,NaN,NaN,NaN,NaN,NaN,NaN,NaN,NaN,NaN,NaN,NaN,NaN,NaN,NaN,NaN,NaN
15358,15359,ImageProcessor_Viz,frame_processed,0,442,7,0.333228,NaN,7,NaN,NaN,NaN,NaN,NaN,NaN,NaN,NaN,NaN,NaN,NaN,NaN,NaN,NaN,NaN,NaN,NaN
15371,15371,InferenceEngine,inference_complete,0,442,NaN,NaN,NaN,0,18.944,40.8,0.921557,13,NaN,NaN,NaN,NaN,NaN,NaN,NaN,NaN,NaN,NaN,NaN,NaN,NaN
15371,15349,Logic,frame_complete,-268457733656721424,442,7,0.760527,75,0,18,40.8,0.921557,13,1.51526,-0.0193397,0.000178605,0.488316,0.415258,33.365,0,0,0,65,26.3903,53.4195,0
15383,15383,CameraCapture,frame_captured,0,443,7,0.14587,75,NaN,NaN,NaN,NaN,NaN,NaN,NaN,NaN,NaN,NaN,NaN,NaN,NaN,NaN,NaN,NaN,NaN,NaN
15384,15384,ImageProcessor_TPU,frame_processed,0,443,7,0.785196,75,1,NaN,NaN,NaN,NaN,NaN,NaN,NaN,NaN,NaN,NaN,NaN,NaN,NaN,NaN,NaN,NaN,NaN
15390,15391,ImageProcessor_Viz,frame_processed,0,443,7,0.349043,NaN,7,NaN,NaN,NaN,NaN,NaN,NaN,NaN,NaN,NaN,NaN,NaN,NaN,NaN,NaN,NaN,NaN,NaN
15403,15404,InferenceEngine,inference_complete,0,443,NaN,NaN,NaN,1,19.234,40.8,0.921557,12,NaN,NaN,NaN,NaN,NaN,NaN,NaN,NaN,NaN,NaN,NaN,NaN,NaN
15404,15382,Logic,frame_complete,-268457733656721424,443,7,0.785196,75,1,19,40.8,0.921557,12,1.53773,-0.0183638,0.00023507,0.490146,0.4172,32.633,0,0,0,65,26.3903,53.4195,0
15417,15418,CameraCapture,frame_captured,0,444,7,0.179951,75,NaN,NaN,NaN,NaN,NaN,NaN,NaN,NaN,NaN,NaN,NaN,NaN,NaN,NaN,NaN,NaN,NaN,NaN
15419,15420,ImageProcessor_TPU,frame_processed,0,444,7,1.25288,75,1,NaN,NaN,NaN,NaN,NaN,NaN,NaN,NaN,NaN,NaN,NaN,NaN,NaN,NaN,NaN,NaN,NaN
15426,15427,ImageProcessor_Viz,frame_processed,0,444,7,0.371377,NaN,8,NaN,NaN,NaN,NaN,NaN,NaN,NaN,NaN,NaN,NaN,NaN,NaN,NaN,NaN,NaN,NaN,NaN
15432,15432,SystemMonitor,system_stats,0,NaN,NaN,NaN,NaN,NaN,NaN,NaN,NaN,NaN,NaN,NaN,NaN,NaN,NaN,NaN,NaN,NaN,NaN,65.55,26.5887,42.4404,0
15443,15443,InferenceEngine,inference_complete,0,444,NaN,NaN,NaN,1,23.411,40.8,0.933322,13,NaN,NaN,NaN,NaN,NaN,NaN,NaN,NaN,NaN,NaN,NaN,NaN,NaN
15443,15416,Logic,frame_complete,-268457733656721424,444,7,1.25288,75,1,24,40.8,0.933322,13,1.5228,-0.0185733,-7.96504e-05,0.490081,0.417124,39.409,0,0,0,65.55,26.5887,42.4404,0
15451,15452,CameraCapture,frame_captured,0,445,7,0.178924,75,NaN,NaN,NaN,NaN,NaN,NaN,NaN,NaN,NaN,NaN,NaN,NaN,NaN,NaN,NaN,NaN,NaN,NaN
15452,15453,ImageProcessor_TPU,frame_processed,0,445,7,0.788638,75,0,NaN,NaN,NaN,NaN,NaN,NaN,NaN,NaN,NaN,NaN,NaN,NaN,NaN,NaN,NaN,NaN,NaN
15462,15462,ImageProcessor_Viz,frame_processed,0,445,7,0.365691,NaN,9,NaN,NaN,NaN,NaN,NaN,NaN,NaN,NaN,NaN,NaN,NaN,NaN,NaN,NaN,NaN,NaN,NaN
15475,15476,InferenceEngine,inference_complete,0,445,NaN,NaN,NaN,0,22.935,40.8,0.921557,13,NaN,NaN,NaN,NaN,NaN,NaN,NaN,NaN,NaN,NaN,NaN,NaN,NaN
15476,15450,Logic,frame_complete,-268457733656721424,445,7,0.788638,75,0,23,40.8,0.921557,13,1.53019,-0.0182803,2.36742e-05,0.490102,0.418049,32.659,0,0,0,65.55,26.5887,42.4404,0
15484,15484,CameraCapture,frame_captured,0,446,7,0.310334,75,NaN,NaN,NaN,NaN,NaN,NaN,NaN,NaN,NaN,NaN,NaN,NaN,NaN,NaN,NaN,NaN,NaN,NaN
15485,15486,ImageProcessor_TPU,frame_processed,0,446,7,1.0935,75,0,NaN,NaN,NaN,NaN,NaN,NaN,NaN,NaN,NaN,NaN,NaN,NaN,NaN,NaN,NaN,NaN,NaN
15493,15494,ImageProcessor_Viz,frame_processed,0,446,7,0.504009,NaN,9,NaN,NaN,NaN,NaN,NaN,NaN,NaN,NaN,NaN,NaN,NaN,NaN,NaN,NaN,NaN,NaN,NaN
15508,15509,InferenceEngine,inference_complete,0,446,NaN,NaN,NaN,0,22.771,40.8,0.933322,13,NaN,NaN,NaN,NaN,NaN,NaN,NaN,NaN,NaN,NaN,NaN,NaN,NaN
15509,15483,Logic,frame_complete,-268457733656721424,446,7,1.0935,75,0,23,40.8,0.933322,13,1.53019,-0.0180096,-9.64478e-06,0.490095,0.418954,32.739,0,0,0,65.55,26.5887,42.4404,0
15516,15517,CameraCapture,frame_captured,0,447,7,0.152278,75,NaN,NaN,NaN,NaN,NaN,NaN,NaN,NaN,NaN,NaN,NaN,NaN,NaN,NaN,NaN,NaN,NaN,NaN
15517,15518,ImageProcessor_TPU,frame_processed,0,447,7,0.732306,75,0,NaN,NaN,NaN,NaN,NaN,NaN,NaN,NaN,NaN,NaN,NaN,NaN,NaN,NaN,NaN,NaN,NaN
15524,15524,ImageProcessor_Viz,frame_processed,0,447,7,0.335728,NaN,8,NaN,NaN,NaN,NaN,NaN,NaN,NaN,NaN,NaN,NaN,NaN,NaN,NaN,NaN,NaN,NaN,NaN
15536,15537,InferenceEngine,inference_complete,0,447,NaN,NaN,NaN,0,18.846,40.8,0.933322,13,NaN,NaN,NaN,NaN,NaN,NaN,NaN,NaN,NaN,NaN,NaN,NaN,NaN
15537,15515,Logic,frame_complete,-268457733656721424,447,7,0.732306,75,0,19,40.8,0.933322,13,1.53019,-0.0190681,-0.000384785,0.488199,0.417045,28.271,0,0,0,65.55,26.5887,42.4404,0
15550,15551,CameraCapture,frame_captured,0,448,7,0.161001,75,NaN,NaN,NaN,NaN,NaN,NaN,NaN,NaN,NaN,NaN,NaN,NaN,NaN,NaN,NaN,NaN,NaN,NaN
15553,15553,ImageProcessor_TPU,frame_processed,0,448,7,1.43795,75,1,NaN,NaN,NaN,NaN,NaN,NaN,NaN,NaN,NaN,NaN,NaN,NaN,NaN,NaN,NaN,NaN,NaN
15558,15559,ImageProcessor_Viz,frame_processed,0,448,7,0.452712,NaN,7,NaN,NaN,NaN,NaN,NaN,NaN,NaN,NaN,NaN,NaN,NaN,NaN,NaN,NaN,NaN,NaN,NaN
15572,15573,InferenceEngine,inference_complete,0,448,NaN,NaN,NaN,1,18.946,40.8,0.921557,12,NaN,NaN,NaN,NaN,NaN,NaN,NaN,NaN,NaN,NaN,NaN,NaN,NaN
15572,15549,Logic,frame_complete,-268457733656721424,448,7,1.43795,75,1,19,40.8,0.921557,12,1.53019,-0.0184181,0.000467386,0.490195,0.417172,35.368,0,0,0,65.55,26.5887,42.4404,0
15583,15583,CameraCapture,frame_captured,0,449,7,0.1545,75,NaN,NaN,NaN,NaN,NaN,NaN,NaN,NaN,NaN,NaN,NaN,NaN,NaN,NaN,NaN,NaN,NaN,NaN
15584,15585,ImageProcessor_TPU,frame_processed,0,449,7,1.14476,75,0,NaN,NaN,NaN,NaN,NaN,NaN,NaN,NaN,NaN,NaN,NaN,NaN,NaN,NaN,NaN,NaN,NaN
15594,15595,ImageProcessor_Viz,frame_processed,0,449,7,0.342006,NaN,11,NaN,NaN,NaN,NaN,NaN,NaN,NaN,NaN,NaN,NaN,NaN,NaN,NaN,NaN,NaN,NaN,NaN
15605,15606,InferenceEngine,inference_complete,0,449,NaN,NaN,NaN,0,20.155,40.8,0.921557,13,NaN,NaN,NaN,NaN,NaN,NaN,NaN,NaN,NaN,NaN,NaN,NaN,NaN
15605,15582,Logic,frame_complete,-268457733656721424,449,7,1.14476,75,0,20,40.8,0.921557,13,1.53019,-0.0186793,-0.000524253,0.48817,0.417121,32.908,0,0,0,65.55,26.5887,42.4404,0
15616,15617,CameraCapture,frame_captured,0,450,7,0.154756,75,NaN,NaN,NaN,NaN,NaN,NaN,NaN,NaN,NaN,NaN,NaN,NaN,NaN,NaN,NaN,NaN,NaN,NaN
15617,15618,ImageProcessor_TPU,frame_processed,0,450,7,0.767155,75,0,NaN,NaN,NaN,NaN,NaN,NaN,NaN,NaN,NaN,NaN,NaN,NaN,NaN,NaN,NaN,NaN,NaN
15624,15625,ImageProcessor_Viz,frame_processed,0,450,7,0.33508,NaN,8,NaN,NaN,NaN,NaN,NaN,NaN,NaN,NaN,NaN,NaN,NaN,NaN,NaN,NaN,NaN,NaN,NaN
15636,15637,InferenceEngine,inference_complete,0,450,NaN,NaN,NaN,0,18.889,40.8,0.949008,13,NaN,NaN,NaN,NaN,NaN,NaN,NaN,NaN,NaN,NaN,NaN,NaN,NaN
15636,15615,Logic,frame_complete,-268457733656721424,450,7,0.767155,75,0,19,40.8,0.949008,13,1.53019,-0.0181569,0.000213049,0.488323,0.418073,31.205,0,0,0,65.55,26.5887,42.4404,0
15650,15651,CameraCapture,frame_captured,0,451,7,0.144217,75,NaN,NaN,NaN,NaN,NaN,NaN,NaN,NaN,NaN,NaN,NaN,NaN,NaN,NaN,NaN,NaN,NaN,NaN
15652,15652,ImageProcessor_TPU,frame_processed,0,451,7,0.979677,75,1,NaN,NaN,NaN,NaN,NaN,NaN,NaN,NaN,NaN,NaN,NaN,NaN,NaN,NaN,NaN,NaN,NaN
15659,15660,ImageProcessor_Viz,frame_processed,0,451,7,0.349099,NaN,9,NaN,NaN,NaN,NaN,NaN,NaN,NaN,NaN,NaN,NaN,NaN,NaN,NaN,NaN,NaN,NaN,NaN
15671,15672,InferenceEngine,inference_complete,0,451,NaN,NaN,NaN,1,19.632,40.8,0.949008,13,NaN,NaN,NaN,NaN,NaN,NaN,NaN,NaN,NaN,NaN,NaN,NaN,NaN
15672,15649,Logic,frame_complete,-268457733656721424,451,7,0.979677,75,1,19,40.8,0.949008,13,1.53019,-0.0184653,0.000224821,0.490144,0.418013,35.416,0,0,0,65.55,26.5887,42.4404,0
15683,15684,CameraCapture,frame_captured,0,452,7,0.152343,75,NaN,NaN,NaN,NaN,NaN,NaN,NaN,NaN,NaN,NaN,NaN,NaN,NaN,NaN,NaN,NaN,NaN,NaN
15684,15685,ImageProcessor_TPU,frame_processed,0,452,7,0.731816,75,0,NaN,NaN,NaN,NaN,NaN,NaN,NaN,NaN,NaN,NaN,NaN,NaN,NaN,NaN,NaN,NaN,NaN
15692,15693,ImageProcessor_Viz,frame_processed,0,452,7,0.333117,NaN,8,NaN,NaN,NaN,NaN,NaN,NaN,NaN,NaN,NaN,NaN,NaN,NaN,NaN,NaN,NaN,NaN,NaN
15703,15704,InferenceEngine,inference_complete,0,452,NaN,NaN,NaN,0,18.776,40.8,0.921557,13,NaN,NaN,NaN,NaN,NaN,NaN,NaN,NaN,NaN,NaN,NaN,NaN,NaN
15704,15682,Logic,frame_complete,-268457733656721424,452,7,0.731816,75,0,19,40.8,0.921557,13,1.53019,-0.0187497,-0.000438165,0.488188,0.417107,31.79,0,0,0,65.55,26.5887,42.4404,0
15716,15717,CameraCapture,frame_captured,0,453,7,0.146495,75,NaN,NaN,NaN,NaN,NaN,NaN,NaN,NaN,NaN,NaN,NaN,NaN,NaN,NaN,NaN,NaN,NaN,NaN
15717,15718,ImageProcessor_TPU,frame_processed,0,453,7,0.775006,75,0,NaN,NaN,NaN,NaN,NaN,NaN,NaN,NaN,NaN,NaN,NaN,NaN,NaN,NaN,NaN,NaN,NaN
15724,15724,ImageProcessor_Viz,frame_processed,0,453,7,0.349895,NaN,8,NaN,NaN,NaN,NaN,NaN,NaN,NaN,NaN,NaN,NaN,NaN,NaN,NaN,NaN,NaN,NaN,NaN
15737,15738,InferenceEngine,inference_complete,0,453,NaN,NaN,NaN,0,19.606,40.8,0.921557,13,NaN,NaN,NaN,NaN,NaN,NaN,NaN,NaN,NaN,NaN,NaN,NaN,NaN
15737,15715,Logic,frame_complete,-268457733656721424,453,7,0.775006,75,0,20,40.8,0.921557,13,1.53773,-0.0186346,0.000500098,0.490201,0.417147,33.593,0,0,0,65.55,26.5887,42.4404,0
15749,15750,CameraCapture,frame_captured,0,454,7,0.203051,75,NaN,NaN,NaN,NaN,NaN,NaN,NaN,NaN,NaN,NaN,NaN,NaN,NaN,NaN,NaN,NaN,NaN,NaN
15750,15751,ImageProcessor_TPU,frame_processed,0,454,7,1.08695,75,0,NaN,NaN,NaN,NaN,NaN,NaN,NaN,NaN,NaN,NaN,NaN,NaN,NaN,NaN,NaN,NaN,NaN
15757,15758,ImageProcessor_Viz,frame_processed,0,454,7,0.336525,NaN,7,NaN,NaN,NaN,NaN,NaN,NaN,NaN,NaN,NaN,NaN,NaN,NaN,NaN,NaN,NaN,NaN,NaN
15770,15771,InferenceEngine,inference_complete,0,454,NaN,NaN,NaN,0,19.135,40.8,0.949008,13,NaN,NaN,NaN,NaN,NaN,NaN,NaN,NaN,NaN,NaN,NaN,NaN,NaN
15770,15748,Logic,frame_complete,-268457733656721424,454,7,1.08695,75,0,19,40.8,0.949008,13,1.53773,-0.0182098,-0.000203334,0.490055,0.41808,33.034,0,0,0,65.55,26.5887,42.4404,0
15782,15783,CameraCapture,frame_captured,0,455,7,0.158881,75,NaN,NaN,NaN,NaN,NaN,NaN,NaN,NaN,NaN,NaN,NaN,NaN,NaN,NaN,NaN,NaN,NaN,NaN
15783,15784,ImageProcessor_TPU,frame_processed,0,455,7,0.8088,75,0,NaN,NaN,NaN,NaN,NaN,NaN,NaN,NaN,NaN,NaN,NaN,NaN,NaN,NaN,NaN,NaN,NaN
15790,15791,ImageProcessor_Viz,frame_processed,0,455,7,0.34434,NaN,7,NaN,NaN,NaN,NaN,NaN,NaN,NaN,NaN,NaN,NaN,NaN,NaN,NaN,NaN,NaN,NaN,NaN
15803,15804,InferenceEngine,inference_complete,0,455,NaN,NaN,NaN,0,19.036,40.8,0.933322,13,NaN,NaN,NaN,NaN,NaN,NaN,NaN,NaN,NaN,NaN,NaN,NaN,NaN
15803,15781,Logic,frame_complete,-268457733656721424,455,7,0.8088,75,0,19,40.8,0.933322,13,1.53773,-0.0184665,8.26307e-05,0.490115,0.41803,32.814,0,0,0,65.55,26.5887,42.4404,0
15816,15817,CameraCapture,frame_captured,0,456,7,0.152262,75,NaN,NaN,NaN,NaN,NaN,NaN,NaN,NaN,NaN,NaN,NaN,NaN,NaN,NaN,NaN,NaN,NaN,NaN
15818,15818,ImageProcessor_TPU,frame_processed,0,456,7,0.726865,75,1,NaN,NaN,NaN,NaN,NaN,NaN,NaN,NaN,NaN,NaN,NaN,NaN,NaN,NaN,NaN,NaN,NaN
15824,15825,ImageProcessor_Viz,frame_processed,0,456,7,0.335821,NaN,7,NaN,NaN,NaN,NaN,NaN,NaN,NaN,NaN,NaN,NaN,NaN,NaN,NaN,NaN,NaN,NaN,NaN
15837,15837,InferenceEngine,inference_complete,0,456,NaN,NaN,NaN,1,18.766,40.8,0.949008,13,NaN,NaN,NaN,NaN,NaN,NaN,NaN,NaN,NaN,NaN,NaN,NaN,NaN
15837,15815,Logic,frame_complete,-268457733656721424,456,7,0.726865,75,1,18,40.8,0.949008,13,1.53019,-0.0186734,-0.000350516,0.488206,0.417122,33.794,0,0,0,65.55,26.5887,42.4404,0
15850,15851,CameraCapture,frame_captured,0,457,7,0.142378,75,NaN,NaN,NaN,NaN,NaN,NaN,NaN,NaN,NaN,NaN,NaN,NaN,NaN,NaN,NaN,NaN,NaN,NaN
15851,15852,ImageProcessor_TPU,frame_processed,0,457,7,0.781149,75,0,NaN,NaN,NaN,NaN,NaN,NaN,NaN,NaN,NaN,NaN,NaN,NaN,NaN,NaN,NaN,NaN,NaN
15858,15859,ImageProcessor_Viz,frame_processed,0,457,7,0.352302,NaN,8,NaN,NaN,NaN,NaN,NaN,NaN,NaN,NaN,NaN,NaN,NaN,NaN,NaN,NaN,NaN,NaN,NaN
15870,15871,InferenceEngine,inference_complete,0,457,NaN,NaN,NaN,0,18.963,40.8,0.921557,12,NaN,NaN,NaN,NaN,NaN,NaN,NaN,NaN,NaN,NaN,NaN,NaN,NaN
15871,15849,Logic,frame_complete,-268457733656721424,457,7,0.781149,75,0,19,40.8,0.921557,12,1.53019,-0.018578,0.000469189,0.490195,0.41714,33.826,0,0,0,65.55,26.5887,42.4404,0
15882,15883,CameraCapture,frame_captured,0,458,7,0.146582,75,NaN,NaN,NaN,NaN,NaN,NaN,NaN,NaN,NaN,NaN,NaN,NaN,NaN,NaN,NaN,NaN,NaN,NaN
15883,15884,ImageProcessor_TPU,frame_processed,0,458,7,0.718037,75,0,NaN,NaN,NaN,NaN,NaN,NaN,NaN,NaN,NaN,NaN,NaN,NaN,NaN,NaN,NaN,NaN,NaN
15891,15892,ImageProcessor_Viz,frame_processed,0,458,7,0.352006,NaN,8,NaN,NaN,NaN,NaN,NaN,NaN,NaN,NaN,NaN,NaN,NaN,NaN,NaN,NaN,NaN,NaN,NaN
15902,15903,InferenceEngine,inference_complete,0,458,NaN,NaN,NaN,0,18.804,40.8,0.941165,13,NaN,NaN,NaN,NaN,NaN,NaN,NaN,NaN,NaN,NaN,NaN,NaN,NaN
15903,15881,Logic,frame_complete,-268457733656721424,458,7,0.718037,75,0,19,40.8,0.941165,13,1.52265,-0.0185266,-0.000180252,0.49006,0.417133,31.721,0,0,0,65.55,26.5887,42.4404,0
15916,15917,CameraCapture,frame_captured,0,459,7,0.240064,75,NaN,NaN,NaN,NaN,NaN,NaN,NaN,NaN,NaN,NaN,NaN,NaN,NaN,NaN,NaN,NaN,NaN,NaN
15919,15920,ImageProcessor_TPU,frame_processed,0,459,7,0.807408,75,1,NaN,NaN,NaN,NaN,NaN,NaN,NaN,NaN,NaN,NaN,NaN,NaN,NaN,NaN,NaN,NaN,NaN
15924,15925,ImageProcessor_Viz,frame_processed,0,459,7,0.343209,NaN,8,NaN,NaN,NaN,NaN,NaN,NaN,NaN,NaN,NaN,NaN,NaN,NaN,NaN,NaN,NaN,NaN,NaN
15938,15939,InferenceEngine,inference_complete,0,459,NaN,NaN,NaN,1,18.795,40.8,0.933322,13,NaN,NaN,NaN,NaN,NaN,NaN,NaN,NaN,NaN,NaN,NaN,NaN,NaN
15938,15915,Logic,frame_complete,-268457733656721424,459,7,0.807408,75,1,19,40.8,0.933322,13,1.52265,-0.018224,-0.000232514,0.48823,0.418042,35.734,0,0,0,65.55,26.5887,42.4404,0
15950,15950,CameraCapture,frame_captured,0,460,7,0.149407,75,NaN,NaN,NaN,NaN,NaN,NaN,NaN,NaN,NaN,NaN,NaN,NaN,NaN,NaN,NaN,NaN,NaN,NaN
15951,15951,ImageProcessor_TPU,frame_processed,0,460,7,0.725602,75,1,NaN,NaN,NaN,NaN,NaN,NaN,NaN,NaN,NaN,NaN,NaN,NaN,NaN,NaN,NaN,NaN,NaN
15958,15958,ImageProcessor_Viz,frame_processed,0,460,7,0.333784,NaN,8,NaN,NaN,NaN,NaN,NaN,NaN,NaN,NaN,NaN,NaN,NaN,NaN,NaN,NaN,NaN,NaN,NaN
15970,15971,InferenceEngine,inference_complete,0,460,NaN,NaN,NaN,1,19.369,40.8,0.921557,13,NaN,NaN,NaN,NaN,NaN,NaN,NaN,NaN,NaN,NaN,NaN,NaN,NaN
15971,15949,Logic,frame_complete,-268457733656721424,460,7,0.725602,75,1,19,40.8,0.921557,13,1.52265,-0.0188233,0.000431117,0.490188,0.417075,32.535,0,0,0,65.55,26.5887,42.4404,0
15982,15983,CameraCapture,frame_captured,0,461,7,0.160969,75,NaN,NaN,NaN,NaN,NaN,NaN,NaN,NaN,NaN,NaN,NaN,NaN,NaN,NaN,NaN,NaN,NaN,NaN
15984,15985,ImageProcessor_TPU,frame_processed,0,461,7,1.04495,75,1,NaN,NaN,NaN,NaN,NaN,NaN,NaN,NaN,NaN,NaN,NaN,NaN,NaN,NaN,NaN,NaN,NaN
15990,15991,ImageProcessor_Viz,frame_processed,0,461,7,0.332358,NaN,7,NaN,NaN,NaN,NaN,NaN,NaN,NaN,NaN,NaN,NaN,NaN,NaN,NaN,NaN,NaN,NaN,NaN
16003,16004,InferenceEngine,inference_complete,0,461,NaN,NaN,NaN,1,19.045,40.8,0.921557,13,NaN,NaN,NaN,NaN,NaN,NaN,NaN,NaN,NaN,NaN,NaN,NaN,NaN
16003,15981,Logic,frame_complete,-268457733656721424,461,7,1.04495,75,1,19,40.8,0.921557,13,1.52265,-0.0180916,-0.0001751,0.490061,0.418068,32.54,0,0,0,65.55,26.5887,42.4404,0
16017,16017,CameraCapture,frame_captured,0,462,7,0.167984,75,NaN,NaN,NaN,NaN,NaN,NaN,NaN,NaN,NaN,NaN,NaN,NaN,NaN,NaN,NaN,NaN,NaN,NaN
16018,16019,ImageProcessor_TPU,frame_processed,0,462,7,0.740476,75,1,NaN,NaN,NaN,NaN,NaN,NaN,NaN,NaN,NaN,NaN,NaN,NaN,NaN,NaN,NaN,NaN,NaN
16025,16026,ImageProcessor_Viz,frame_processed,0,462,7,0.353136,NaN,8,NaN,NaN,NaN,NaN,NaN,NaN,NaN,NaN,NaN,NaN,NaN,NaN,NaN,NaN,NaN,NaN,NaN
16037,16038,InferenceEngine,inference_complete,0,462,NaN,NaN,NaN,1,18.703,40.8,0.941165,13,NaN,NaN,NaN,NaN,NaN,NaN,NaN,NaN,NaN,NaN,NaN,NaN,NaN
16037,16016,Logic,frame_complete,-268457733656721424,462,7,0.740476,75,1,19,40.8,0.941165,13,1.52265,-0.018472,7.11381e-05,0.490112,0.417994,33.871,0,0,0,65.55,26.5887,42.4404,0
16049,16050,CameraCapture,frame_captured,0,463,7,0.14117,75,NaN,NaN,NaN,NaN,NaN,NaN,NaN,NaN,NaN,NaN,NaN,NaN,NaN,NaN,NaN,NaN,NaN,NaN
16050,16051,ImageProcessor_TPU,frame_processed,0,463,7,0.693994,75,0,NaN,NaN,NaN,NaN,NaN,NaN,NaN,NaN,NaN,NaN,NaN,NaN,NaN,NaN,NaN,NaN,NaN
16057,16058,ImageProcessor_Viz,frame_processed,0,463,7,0.332894,NaN,7,NaN,NaN,NaN,NaN,NaN,NaN,NaN,NaN,NaN,NaN,NaN,NaN,NaN,NaN,NaN,NaN,NaN
16070,16071,InferenceEngine,inference_complete,0,463,NaN,NaN,NaN,0,19.291,40.8,0.921557,13,NaN,NaN,NaN,NaN,NaN,NaN,NaN,NaN,NaN,NaN,NaN,NaN,NaN
16070,16048,Logic,frame_complete,-268457733656721424,463,7,0.693994,75,0,20,40.8,0.921557,13,1.52265,-0.0183174,-2.88896e-05,0.490091,0.418024,32.907,0,0,0,65.55,26.5887,42.4404,0
16083,16084,CameraCapture,frame_captured,0,464,7,0.147589,75,NaN,NaN,NaN,NaN,NaN,NaN,NaN,NaN,NaN,NaN,NaN,NaN,NaN,NaN,NaN,NaN,NaN,NaN
16084,16085,ImageProcessor_TPU,frame_processed,0,464,7,0.701562,75,0,NaN,NaN,NaN,NaN,NaN,NaN,NaN,NaN,NaN,NaN,NaN,NaN,NaN,NaN,NaN,NaN,NaN
16091,16092,ImageProcessor_Viz,frame_processed,0,464,7,0.336376,NaN,7,NaN,NaN,NaN,NaN,NaN,NaN,NaN,NaN,NaN,NaN,NaN,NaN,NaN,NaN,NaN,NaN,NaN
16103,16104,InferenceEngine,inference_complete,0,464,NaN,NaN,NaN,0,18.726,40.8,0.933322,13,NaN,NaN,NaN,NaN,NaN,NaN,NaN,NaN,NaN,NaN,NaN,NaN,NaN
16104,16082,Logic,frame_complete,-268457733656721424,464,7,0.701562,75,0,18,40.8,0.933322,13,1.52265,-0.0187806,1.17309e-05,0.4901,0.417083,33.513,0,0,0,65.55,26.5887,42.4404,0
16116,16116,CameraCapture,frame_captured,0,465,7,0.14528,75,NaN,NaN,NaN,NaN,NaN,NaN,NaN,NaN,NaN,NaN,NaN,NaN,NaN,NaN,NaN,NaN,NaN,NaN
16117,16118,ImageProcessor_TPU,frame_processed,0,465,7,0.713197,75,1,NaN,NaN,NaN,NaN,NaN,NaN,NaN,NaN,NaN,NaN,NaN,NaN,NaN,NaN,NaN,NaN,NaN
16124,16125,ImageProcessor_Viz,frame_processed,0,465,7,0.34771,NaN,8,NaN,NaN,NaN,NaN,NaN,NaN,NaN,NaN,NaN,NaN,NaN,NaN,NaN,NaN,NaN,NaN,NaN
16136,16137,InferenceEngine,inference_complete,0,465,NaN,NaN,NaN,1,18.877,40.8,0.933322,13,NaN,NaN,NaN,NaN,NaN,NaN,NaN,NaN,NaN,NaN,NaN,NaN,NaN
16137,16115,Logic,frame_complete,-268457733656721424,465,7,0.713197,75,1,19,40.8,0.933322,13,1.53019,-0.0186034,-1.38134e-05,0.490095,0.417136,32.74,0,0,0,65.55,26.5887,42.4404,0
16149,16150,CameraCapture,frame_captured,0,466,7,0.143926,75,NaN,NaN,NaN,NaN,NaN,NaN,NaN,NaN,NaN,NaN,NaN,NaN,NaN,NaN,NaN,NaN,NaN,NaN
16150,16151,ImageProcessor_TPU,frame_processed,0,466,7,0.711288,75,0,NaN,NaN,NaN,NaN,NaN,NaN,NaN,NaN,NaN,NaN,NaN,NaN,NaN,NaN,NaN,NaN,NaN
16158,16158,ImageProcessor_Viz,frame_processed,0,466,7,0.349877,NaN,9,NaN,NaN,NaN,NaN,NaN,NaN,NaN,NaN,NaN,NaN,NaN,NaN,NaN,NaN,NaN,NaN,NaN
16169,16170,InferenceEngine,inference_complete,0,466,NaN,NaN,NaN,0,18.7,40.8,0.949008,12,NaN,NaN,NaN,NaN,NaN,NaN,NaN,NaN,NaN,NaN,NaN,NaN,NaN
16169,16148,Logic,frame_complete,-268457733656721424,466,7,0.711288,75,0,19,40.8,0.949008,12,1.53019,-0.0182005,5.60656e-06,0.490099,0.418065,32.617,0,0,0,65.55,26.5887,42.4404,0
16182,16183,CameraCapture,frame_captured,0,467,7,0.144147,75,NaN,NaN,NaN,NaN,NaN,NaN,NaN,NaN,NaN,NaN,NaN,NaN,NaN,NaN,NaN,NaN,NaN,NaN
16184,16184,ImageProcessor_TPU,frame_processed,0,467,7,1.06687,75,1,NaN,NaN,NaN,NaN,NaN,NaN,NaN,NaN,NaN,NaN,NaN,NaN,NaN,NaN,NaN,NaN,NaN
16190,16191,ImageProcessor_Viz,frame_processed,0,467,7,0.335803,NaN,7,NaN,NaN,NaN,NaN,NaN,NaN,NaN,NaN,NaN,NaN,NaN,NaN,NaN,NaN,NaN,NaN,NaN
16203,16203,InferenceEngine,inference_complete,0,467,NaN,NaN,NaN,1,18.74,40.8,0.921557,13,NaN,NaN,NaN,NaN,NaN,NaN,NaN,NaN,NaN,NaN,NaN,NaN,NaN
16203,16181,Logic,frame_complete,-268457733656721424,467,7,1.06687,75,1,18,40.8,0.921557,13,1.53019,-0.0188466,-0.000328854,0.48821,0.417088,33.744,0,0,0,65.55,26.5887,42.4404,0
16216,16217,CameraCapture,frame_captured,0,468,7,0.243162,75,NaN,NaN,NaN,NaN,NaN,NaN,NaN,NaN,NaN,NaN,NaN,NaN,NaN,NaN,NaN,NaN,NaN,NaN
16218,16219,ImageProcessor_TPU,frame_processed,0,468,7,1.23357,75,1,NaN,NaN,NaN,NaN,NaN,NaN,NaN,NaN,NaN,NaN,NaN,NaN,NaN,NaN,NaN,NaN,NaN
16224,16225,ImageProcessor_Viz,frame_processed,0,468,7,0.342006,NaN,7,NaN,NaN,NaN,NaN,NaN,NaN,NaN,NaN,NaN,NaN,NaN,NaN,NaN,NaN,NaN,NaN,NaN
16238,16239,InferenceEngine,inference_complete,0,468,NaN,NaN,NaN,1,18.977,40.8,0.933322,12,NaN,NaN,NaN,NaN,NaN,NaN,NaN,NaN,NaN,NaN,NaN,NaN,NaN
16238,16215,Logic,frame_complete,-268457733656721424,468,7,1.23357,75,1,19,40.8,0.933322,12,1.53773,-0.018592,0.000440389,0.490189,0.417155,35.168,0,0,0,65.55,26.5887,42.4404,0
16249,16250,CameraCapture,frame_captured,0,469,7,0.243019,75,NaN,NaN,NaN,NaN,NaN,NaN,NaN,NaN,NaN,NaN,NaN,NaN,NaN,NaN,NaN,NaN,NaN,NaN
16250,16251,ImageProcessor_TPU,frame_processed,0,469,7,0.964847,75,0,NaN,NaN,NaN,NaN,NaN,NaN,NaN,NaN,NaN,NaN,NaN,NaN,NaN,NaN,NaN,NaN,NaN
16257,16257,ImageProcessor_Viz,frame_processed,0,469,7,0.342618,NaN,8,NaN,NaN,NaN,NaN,NaN,NaN,NaN,NaN,NaN,NaN,NaN,NaN,NaN,NaN,NaN,NaN,NaN
16269,16270,InferenceEngine,inference_complete,0,469,NaN,NaN,NaN,0,19.007,40.8,0.933322,13,NaN,NaN,NaN,NaN,NaN,NaN,NaN,NaN,NaN,NaN,NaN,NaN,NaN
16270,16248,Logic,frame_complete,-268457733656721424,469,7,0.964847,75,0,19,40.8,0.933322,13,1.53773,-0.0186364,0.000172045,0.491952,0.417147,31.725,0,0,0,65.55,26.5887,42.4404,0
16282,16283,CameraCapture,frame_captured,0,470,7,0.20589,75,NaN,NaN,NaN,NaN,NaN,NaN,NaN,NaN,NaN,NaN,NaN,NaN,NaN,NaN,NaN,NaN,NaN,NaN
16284,16284,ImageProcessor_TPU,frame_processed,0,470,7,0.874383,75,1,NaN,NaN,NaN,NaN,NaN,NaN,NaN,NaN,NaN,NaN,NaN,NaN,NaN,NaN,NaN,NaN,NaN
16290,16291,ImageProcessor_Viz,frame_processed,0,470,7,0.350969,NaN,7,NaN,NaN,NaN,NaN,NaN,NaN,NaN,NaN,NaN,NaN,NaN,NaN,NaN,NaN,NaN,NaN,NaN
16302,16303,InferenceEngine,inference_complete,0,470,NaN,NaN,NaN,1,18.67,40.8,0.909793,12,NaN,NaN,NaN,NaN,NaN,NaN,NaN,NaN,NaN,NaN,NaN,NaN,NaN
16303,16281,Logic,frame_complete,-268457733656721424,470,7,0.874383,75,1,18,40.8,0.909793,12,1.53773,-0.0186165,-0.00040736,0.490013,0.417151,33.034,0,0,0,65.55,26.5887,42.4404,0
16316,16317,CameraCapture,frame_captured,0,471,7,0.239703,75,NaN,NaN,NaN,NaN,NaN,NaN,NaN,NaN,NaN,NaN,NaN,NaN,NaN,NaN,NaN,NaN,NaN,NaN
16317,16318,ImageProcessor_TPU,frame_processed,0,471,7,1.1389,75,0,NaN,NaN,NaN,NaN,NaN,NaN,NaN,NaN,NaN,NaN,NaN,NaN,NaN,NaN,NaN,NaN,NaN
16324,16325,ImageProcessor_Viz,frame_processed,0,471,7,0.348655,NaN,8,NaN,NaN,NaN,NaN,NaN,NaN,NaN,NaN,NaN,NaN,NaN,NaN,NaN,NaN,NaN,NaN,NaN
16336,16337,InferenceEngine,inference_complete,0,471,NaN,NaN,NaN,0,18.679,40.8,0.949008,13,NaN,NaN,NaN,NaN,NaN,NaN,NaN,NaN,NaN,NaN,NaN,NaN,NaN
16336,16315,Logic,frame_complete,-268457733656721424,471,7,1.1389,75,0,19,40.8,0.949008,13,1.53773,-0.0182199,0.000165336,0.490132,0.418078,33.518,0,0,0,65.55,26.5887,42.4404,0
16350,16350,CameraCapture,frame_captured,0,472,7,0.210564,75,NaN,NaN,NaN,NaN,NaN,NaN,NaN,NaN,NaN,NaN,NaN,NaN,NaN,NaN,NaN,NaN,NaN,NaN
16351,16351,ImageProcessor_TPU,frame_processed,0,472,7,0.887353,75,1,NaN,NaN,NaN,NaN,NaN,NaN,NaN,NaN,NaN,NaN,NaN,NaN,NaN,NaN,NaN,NaN,NaN
16357,16358,ImageProcessor_Viz,frame_processed,0,472,7,0.334747,NaN,7,NaN,NaN,NaN,NaN,NaN,NaN,NaN,NaN,NaN,NaN,NaN,NaN,NaN,NaN,NaN,NaN,NaN
16370,16371,InferenceEngine,inference_complete,0,472,NaN,NaN,NaN,1,18.835,40.8,0.921557,13,NaN,NaN,NaN,NaN,NaN,NaN,NaN,NaN,NaN,NaN,NaN,NaN,NaN
16370,16349,Logic,frame_complete,-268457733656721424,472,7,0.887353,75,1,19,40.8,0.921557,13,1.53773,-0.0188619,-0.000397678,0.488197,0.417103,33.704,0,0,0,65.55,26.5887,42.4404,0
16382,16383,CameraCapture,frame_captured,0,473,7,0.14342,75,NaN,NaN,NaN,NaN,NaN,NaN,NaN,NaN,NaN,NaN,NaN,NaN,NaN,NaN,NaN,NaN,NaN,NaN
16383,16384,ImageProcessor_TPU,frame_processed,0,473,7,0.829006,75,0,NaN,NaN,NaN,NaN,NaN,NaN,NaN,NaN,NaN,NaN,NaN,NaN,NaN,NaN,NaN,NaN,NaN
16390,16391,ImageProcessor_Viz,frame_processed,0,473,7,0.34108,NaN,8,NaN,NaN,NaN,NaN,NaN,NaN,NaN,NaN,NaN,NaN,NaN,NaN,NaN,NaN,NaN,NaN,NaN
16403,16403,InferenceEngine,inference_complete,0,473,NaN,NaN,NaN,0,18.994,40.8,0.933322,13,NaN,NaN,NaN,NaN,NaN,NaN,NaN,NaN,NaN,NaN,NaN,NaN,NaN
16403,16381,Logic,frame_complete,-268457733656721424,473,7,0.829006,75,0,19,40.8,0.933322,13,1.53019,-0.0180274,0.000507951,0.490203,0.418098,32.725,0,0,0,65.55,26.5887,42.4404,0
16415,16416,CameraCapture,frame_captured,0,474,7,0.143751,75,NaN,NaN,NaN,NaN,NaN,NaN,NaN,NaN,NaN,NaN,NaN,NaN,NaN,NaN,NaN,NaN,NaN,NaN
16417,16417,ImageProcessor_TPU,frame_processed,0,474,7,0.765966,75,1,NaN,NaN,NaN,NaN,NaN,NaN,NaN,NaN,NaN,NaN,NaN,NaN,NaN,NaN,NaN,NaN,NaN
16423,16424,ImageProcessor_Viz,frame_processed,0,474,7,0.333618,NaN,7,NaN,NaN,NaN,NaN,NaN,NaN,NaN,NaN,NaN,NaN,NaN,NaN,NaN,NaN,NaN,NaN,NaN
16438,16438,InferenceEngine,inference_complete,0,474,NaN,NaN,NaN,1,20.774,40.8,0.921557,13,NaN,NaN,NaN,NaN,NaN,NaN,NaN,NaN,NaN,NaN,NaN,NaN,NaN
16438,16414,Logic,frame_complete,-268457733656721424,474,7,0.765966,75,1,20,40.8,0.921557,13,1.53019,-0.0185189,-0.000205658,0.490055,0.418003,35.015,0,0,0,65.55,26.5887,42.4404,0
16449,16450,CameraCapture,frame_captured,0,475,7,0.140066,75,NaN,NaN,NaN,NaN,NaN,NaN,NaN,NaN,NaN,NaN,NaN,NaN,NaN,NaN,NaN,NaN,NaN,NaN
16450,16451,ImageProcessor_TPU,frame_processed,0,475,7,0.701909,75,1,NaN,NaN,NaN,NaN,NaN,NaN,NaN,NaN,NaN,NaN,NaN,NaN,NaN,NaN,NaN,NaN,NaN
16457,16458,ImageProcessor_Viz,frame_processed,0,475,7,0.341524,NaN,8,NaN,NaN,NaN,NaN,NaN,NaN,NaN,NaN,NaN,NaN,NaN,NaN,NaN,NaN,NaN,NaN,NaN
16471,16471,InferenceEngine,inference_complete,0,475,NaN,NaN,NaN,1,20.191,40.8,0.949008,13,NaN,NaN,NaN,NaN,NaN,NaN,NaN,NaN,NaN,NaN,NaN,NaN,NaN
16471,16448,Logic,frame_complete,-268457733656721424,475,7,0.701909,75,1,20,40.8,0.949008,13,1.53773,-0.0184081,7.47778e-05,0.490113,0.418042,32.951,0,0,0,65.55,26.5887,42.4404,0
16483,16484,CameraCapture,frame_captured,0,476,7,0.17141,75,NaN,NaN,NaN,NaN,NaN,NaN,NaN,NaN,NaN,NaN,NaN,NaN,NaN,NaN,NaN,NaN,NaN,NaN
16484,16485,ImageProcessor_TPU,frame_processed,0,476,7,0.753809,75,0,NaN,NaN,NaN,NaN,NaN,NaN,NaN,NaN,NaN,NaN,NaN,NaN,NaN,NaN,NaN,NaN,NaN
16491,16492,ImageProcessor_Viz,frame_processed,0,476,7,0.360359,NaN,8,NaN,NaN,NaN,NaN,NaN,NaN,NaN,NaN,NaN,NaN,NaN,NaN,NaN,NaN,NaN,NaN,NaN
16505,16506,InferenceEngine,inference_complete,0,476,NaN,NaN,NaN,0,20.662,40.8,0.941165,13,NaN,NaN,NaN,NaN,NaN,NaN,NaN,NaN,NaN,NaN,NaN,NaN,NaN
16506,16482,Logic,frame_complete,-268457733656721424,476,7,0.753809,75,0,21,40.8,0.941165,13,1.53019,-0.0183012,-2.16141e-05,0.490093,0.418045,34.564,0,0,0,65.55,26.5887,42.4404,0
16515,16516,CameraCapture,frame_captured,0,477,7,0.153377,75,NaN,NaN,NaN,NaN,NaN,NaN,NaN,NaN,NaN,NaN,NaN,NaN,NaN,NaN,NaN,NaN,NaN,NaN
16517,16518,ImageProcessor_TPU,frame_processed,0,477,7,0.743165,75,1,NaN,NaN,NaN,NaN,NaN,NaN,NaN,NaN,NaN,NaN,NaN,NaN,NaN,NaN,NaN,NaN,NaN
16523,16524,ImageProcessor_Viz,frame_processed,0,477,7,0.336765,NaN,7,NaN,NaN,NaN,NaN,NaN,NaN,NaN,NaN,NaN,NaN,NaN,NaN,NaN,NaN,NaN,NaN,NaN
16537,16538,InferenceEngine,inference_complete,0,477,NaN,NaN,NaN,1,19.789,40.8,0.941165,13,NaN,NaN,NaN,NaN,NaN,NaN,NaN,NaN,NaN,NaN,NaN,NaN,NaN
16537,16514,Logic,frame_complete,-268457733656721424,477,7,0.743165,75,1,20,40.8,0.941165,13,1.52265,-0.0183173,1.80118e-05,0.490101,0.418024,31.724,0,0,0,65.55,26.5887,42.4404,0
16549,16550,CameraCapture,frame_captured,0,478,7,0.244356,75,NaN,NaN,NaN,NaN,NaN,NaN,NaN,NaN,NaN,NaN,NaN,NaN,NaN,NaN,NaN,NaN,NaN,NaN
16550,16551,ImageProcessor_TPU,frame_processed,0,478,7,1.19272,75,0,NaN,NaN,NaN,NaN,NaN,NaN,NaN,NaN,NaN,NaN,NaN,NaN,NaN,NaN,NaN,NaN,NaN
16556,16557,ImageProcessor_Viz,frame_processed,0,478,7,0.352173,NaN,7,NaN,NaN,NaN,NaN,NaN,NaN,NaN,NaN,NaN,NaN,NaN,NaN,NaN,NaN,NaN,NaN,NaN
16569,16570,InferenceEngine,inference_complete,0,478,NaN,NaN,NaN,0,18.863,40.8,0.921557,12,NaN,NaN,NaN,NaN,NaN,NaN,NaN,NaN,NaN,NaN,NaN,NaN,NaN
16570,16548,Logic,frame_complete,-268457733656721424,478,7,1.19272,75,0,19,40.8,0.921557,12,1.52265,-0.0187866,-7.31647e-06,0.490096,0.417082,32.447,0,0,0,65.55,26.5887,42.4404,0
16582,16583,CameraCapture,frame_captured,0,479,7,0.234557,75,NaN,NaN,NaN,NaN,NaN,NaN,NaN,NaN,NaN,NaN,NaN,NaN,NaN,NaN,NaN,NaN,NaN,NaN
16583,16584,ImageProcessor_TPU,frame_processed,0,479,7,0.831549,75,0,NaN,NaN,NaN,NaN,NaN,NaN,NaN,NaN,NaN,NaN,NaN,NaN,NaN,NaN,NaN,NaN,NaN
16593,16594,ImageProcessor_Viz,frame_processed,0,479,7,0.343969,NaN,10,NaN,NaN,NaN,NaN,NaN,NaN,NaN,NaN,NaN,NaN,NaN,NaN,NaN,NaN,NaN,NaN,NaN
16602,16603,InferenceEngine,inference_complete,0,479,NaN,NaN,NaN,0,18.828,40.8,0.909793,12,NaN,NaN,NaN,NaN,NaN,NaN,NaN,NaN,NaN,NaN,NaN,NaN,NaN
16603,16581,Logic,frame_complete,-268457733656721424,479,7,0.831549,75,0,19,40.8,0.909793,12,1.53019,-0.0186,-5.91576e-06,0.490096,0.417136,33.198,0,0,0,65.55,26.5887,42.4404,0
16616,16617,CameraCapture,frame_captured,0,480,7,0.158861,75,NaN,NaN,NaN,NaN,NaN,NaN,NaN,NaN,NaN,NaN,NaN,NaN,NaN,NaN,NaN,NaN,NaN,NaN
16617,16618,ImageProcessor_TPU,frame_processed,0,480,7,0.802557,75,0,NaN,NaN,NaN,NaN,NaN,NaN,NaN,NaN,NaN,NaN,NaN,NaN,NaN,NaN,NaN,NaN,NaN
16624,16625,ImageProcessor_Viz,frame_processed,0,480,7,0.347821,NaN,8,NaN,NaN,NaN,NaN,NaN,NaN,NaN,NaN,NaN,NaN,NaN,NaN,NaN,NaN,NaN,NaN,NaN
16636,16637,InferenceEngine,inference_complete,0,480,NaN,NaN,NaN,0,18.727,40.8,0.933322,13,NaN,NaN,NaN,NaN,NaN,NaN,NaN,NaN,NaN,NaN,NaN,NaN,NaN
16637,16615,Logic,frame_complete,-268457733656721424,480,7,0.802557,75,0,19,40.8,0.933322,13,1.53019,-0.018609,2.39909e-06,0.490098,0.417134,33.574,0,0,0,65.55,26.5887,42.4404,0
16649,16650,CameraCapture,frame_captured,0,481,7,0.152679,75,NaN,NaN,NaN,NaN,NaN,NaN,NaN,NaN,NaN,NaN,NaN,NaN,NaN,NaN,NaN,NaN,NaN,NaN
16650,16651,ImageProcessor_TPU,frame_processed,0,481,7,0.748579,75,0,NaN,NaN,NaN,NaN,NaN,NaN,NaN,NaN,NaN,NaN,NaN,NaN,NaN,NaN,NaN,NaN,NaN
16656,16657,ImageProcessor_Viz,frame_processed,0,481,7,0.356043,NaN,7,NaN,NaN,NaN,NaN,NaN,NaN,NaN,NaN,NaN,NaN,NaN,NaN,NaN,NaN,NaN,NaN,NaN
16670,16670,InferenceEngine,inference_complete,0,481,NaN,NaN,NaN,0,19.263,40.8,0.921557,13,NaN,NaN,NaN,NaN,NaN,NaN,NaN,NaN,NaN,NaN,NaN,NaN,NaN
16670,16648,Logic,frame_complete,-268457733656721424,481,7,0.748579,75,0,19,40.8,0.921557,13,1.53019,-0.0186019,-0.000331812,0.48821,0.417136,33.371,0,0,0,65.55,26.5887,42.4404,0
16682,16683,CameraCapture,frame_captured,0,482,7,0.154196,75,NaN,NaN,NaN,NaN,NaN,NaN,NaN,NaN,NaN,NaN,NaN,NaN,NaN,NaN,NaN,NaN,NaN,NaN
16683,16684,ImageProcessor_TPU,frame_processed,0,482,7,0.772095,75,0,NaN,NaN,NaN,NaN,NaN,NaN,NaN,NaN,NaN,NaN,NaN,NaN,NaN,NaN,NaN,NaN,NaN
16690,16691,ImageProcessor_Viz,frame_processed,0,482,7,0.335951,NaN,8,NaN,NaN,NaN,NaN,NaN,NaN,NaN,NaN,NaN,NaN,NaN,NaN,NaN,NaN,NaN,NaN,NaN
16702,16703,InferenceEngine,inference_complete,0,482,NaN,NaN,NaN,0,18.662,40.8,0.909793,12,NaN,NaN,NaN,NaN,NaN,NaN,NaN,NaN,NaN,NaN,NaN,NaN,NaN
16702,16681,Logic,frame_complete,-268457733656721424,482,7,0.772095,75,0,19,40.8,0.909793,12,1.53773,-0.0186974,0.000467215,0.490194,0.417135,32.521,0,0,0,65.55,26.5887,42.4404,0
16715,16716,CameraCapture,frame_captured,0,483,7,0.144394,75,NaN,NaN,NaN,NaN,NaN,NaN,NaN,NaN,NaN,NaN,NaN,NaN,NaN,NaN,NaN,NaN,NaN,NaN
16716,16717,ImageProcessor_TPU,frame_processed,0,483,7,0.696793,75,0,NaN,NaN,NaN,NaN,NaN,NaN,NaN,NaN,NaN,NaN,NaN,NaN,NaN,NaN,NaN,NaN,NaN
16723,16724,ImageProcessor_Viz,frame_processed,0,483,7,0.333617,NaN,7,NaN,NaN,NaN,NaN,NaN,NaN,NaN,NaN,NaN,NaN,NaN,NaN,NaN,NaN,NaN,NaN,NaN
16735,16736,InferenceEngine,inference_complete,0,483,NaN,NaN,NaN,0,18.782,40.8,0.921557,12,NaN,NaN,NaN,NaN,NaN,NaN,NaN,NaN,NaN,NaN,NaN,NaN,NaN
16736,16714,Logic,frame_complete,-268457733656721424,483,7,0.696793,75,0,19,40.8,0.921557,12,1.53773,-0.0181862,-0.000189841,0.490058,0.418085,33.405,0,0,0,65.55,26.5887,42.4404,0
16749,16750,CameraCapture,frame_captured,0,484,7,0.145534,75,NaN,NaN,NaN,NaN,NaN,NaN,NaN,NaN,NaN,NaN,NaN,NaN,NaN,NaN,NaN,NaN,NaN,NaN
16750,16751,ImageProcessor_TPU,frame_processed,0,484,7,0.696637,75,0,NaN,NaN,NaN,NaN,NaN,NaN,NaN,NaN,NaN,NaN,NaN,NaN,NaN,NaN,NaN,NaN,NaN
16758,16758,ImageProcessor_Viz,frame_processed,0,484,7,0.33321,NaN,8,NaN,NaN,NaN,NaN,NaN,NaN,NaN,NaN,NaN,NaN,NaN,NaN,NaN,NaN,NaN,NaN,NaN
16769,16770,InferenceEngine,inference_complete,0,484,NaN,NaN,NaN,0,18.884,40.8,0.921557,13,NaN,NaN,NaN,NaN,NaN,NaN,NaN,NaN,NaN,NaN,NaN,NaN,NaN
16770,16748,Logic,frame_complete,-268457733656721424,484,7,0.696637,75,0,19,40.8,0.921557,13,1.53773,-0.0184759,7.69421e-05,0.490113,0.418029,33.755,0,0,0,65.55,26.5887,42.4404,0
16782,16783,CameraCapture,frame_captured,0,485,7,0.163896,75,NaN,NaN,NaN,NaN,NaN,NaN,NaN,NaN,NaN,NaN,NaN,NaN,NaN,NaN,NaN,NaN,NaN,NaN
16783,16784,ImageProcessor_TPU,frame_processed,0,485,7,0.834871,75,0,NaN,NaN,NaN,NaN,NaN,NaN,NaN,NaN,NaN,NaN,NaN,NaN,NaN,NaN,NaN,NaN,NaN
16790,16791,ImageProcessor_Viz,frame_processed,0,485,7,0.348729,NaN,7,NaN,NaN,NaN,NaN,NaN,NaN,NaN,NaN,NaN,NaN,NaN,NaN,NaN,NaN,NaN,NaN,NaN
16803,16804,InferenceEngine,inference_complete,0,485,NaN,NaN,NaN,0,19.454,40.8,0.909793,13,NaN,NaN,NaN,NaN,NaN,NaN,NaN,NaN,NaN,NaN,NaN,NaN,NaN
16804,16781,Logic,frame_complete,-268457733656721424,485,7,0.834871,75,0,19,40.8,0.909793,13,1.53773,-0.018757,-0.000359841,0.488204,0.417124,33.945,0,0,0,65.55,26.5887,42.4404,0
16816,16816,CameraCapture,frame_captured,0,486,7,0.165613,75,NaN,NaN,NaN,NaN,NaN,NaN,NaN,NaN,NaN,NaN,NaN,NaN,NaN,NaN,NaN,NaN,NaN,NaN
16816,16817,ImageProcessor_TPU,frame_processed,0,486,7,0.721549,75,0,NaN,NaN,NaN,NaN,NaN,NaN,NaN,NaN,NaN,NaN,NaN,NaN,NaN,NaN,NaN,NaN,NaN
16824,16825,ImageProcessor_Viz,frame_processed,0,486,7,0.338284,NaN,8,NaN,NaN,NaN,NaN,NaN,NaN,NaN,NaN,NaN,NaN,NaN,NaN,NaN,NaN,NaN,NaN,NaN
16839,16840,InferenceEngine,inference_complete,0,486,NaN,NaN,NaN,0,22.253,40.8,0.933322,13,NaN,NaN,NaN,NaN,NaN,NaN,NaN,NaN,NaN,NaN,NaN,NaN,NaN
16839,16814,Logic,frame_complete,-268457733656721424,486,7,0.721549,75,0,23,40.8,0.933322,13,1.53773,-0.0185655,0.000457913,0.490192,0.417161,35.605,0,0,0,65.55,26.5887,42.4404,0
16849,16849,CameraCapture,frame_captured,0,487,7,0.156089,75,NaN,NaN,NaN,NaN,NaN,NaN,NaN,NaN,NaN,NaN,NaN,NaN,NaN,NaN,NaN,NaN,NaN,NaN
16850,16851,ImageProcessor_TPU,frame_processed,0,487,7,1.09011,75,0,NaN,NaN,NaN,NaN,NaN,NaN,NaN,NaN,NaN,NaN,NaN,NaN,NaN,NaN,NaN,NaN,NaN
16857,16858,ImageProcessor_Viz,frame_processed,0,487,7,0.34108,NaN,8,NaN,NaN,NaN,NaN,NaN,NaN,NaN,NaN,NaN,NaN,NaN,NaN,NaN,NaN,NaN,NaN,NaN
16870,16870,InferenceEngine,inference_complete,0,487,NaN,NaN,NaN,0,19.065,40.8,0.941165,13,NaN,NaN,NaN,NaN,NaN,NaN,NaN,NaN,NaN,NaN,NaN,NaN,NaN
16870,16848,Logic,frame_complete,-268457733656721424,487,7,1.09011,75,0,19,40.8,0.941165,13,1.53773,-0.0186426,-0.000367612,0.489112,0.417146,30.672,0,0,0,65.55,26.5887,42.4404,0
16883,16884,CameraCapture,frame_captured,0,488,7,0.164748,75,NaN,NaN,NaN,NaN,NaN,NaN,NaN,NaN,NaN,NaN,NaN,NaN,NaN,NaN,NaN,NaN,NaN,NaN
16884,16885,ImageProcessor_TPU,frame_processed,0,488,7,0.785777,75,0,NaN,NaN,NaN,NaN,NaN,NaN,NaN,NaN,NaN,NaN,NaN,NaN,NaN,NaN,NaN,NaN,NaN
16894,16894,ImageProcessor_Viz,frame_processed,0,488,7,0.336636,NaN,11,NaN,NaN,NaN,NaN,NaN,NaN,NaN,NaN,NaN,NaN,NaN,NaN,NaN,NaN,NaN,NaN,NaN
16903,16904,InferenceEngine,inference_complete,0,488,NaN,NaN,NaN,0,18.797,40.8,0.941165,13,NaN,NaN,NaN,NaN,NaN,NaN,NaN,NaN,NaN,NaN,NaN,NaN,NaN
16904,16882,Logic,frame_complete,-268457733656721424,488,7,0.785777,75,0,19,40.8,0.941165,13,1.53773,-0.0186124,0.000314739,0.490163,0.417152,33.639,0,0,0,65.55,26.5887,42.4404,0
16915,16916,CameraCapture,frame_captured,0,489,7,0.164178,75,NaN,NaN,NaN,NaN,NaN,NaN,NaN,NaN,NaN,NaN,NaN,NaN,NaN,NaN,NaN,NaN,NaN,NaN
16916,16917,ImageProcessor_TPU,frame_processed,0,489,7,0.726188,75,0,NaN,NaN,NaN,NaN,NaN,NaN,NaN,NaN,NaN,NaN,NaN,NaN,NaN,NaN,NaN,NaN,NaN
16924,16925,ImageProcessor_Viz,frame_processed,0,489,7,0.340284,NaN,8,NaN,NaN,NaN,NaN,NaN,NaN,NaN,NaN,NaN,NaN,NaN,NaN,NaN,NaN,NaN,NaN,NaN
16938,16939,InferenceEngine,inference_complete,0,489,NaN,NaN,NaN,0,20.645,40.8,0.941165,13,NaN,NaN,NaN,NaN,NaN,NaN,NaN,NaN,NaN,NaN,NaN,NaN,NaN
16938,16914,Logic,frame_complete,-268457733656721424,489,7,0.726188,75,0,21,40.8,0.941165,13,1.53773,-0.0186217,-0.000449121,0.488186,0.41715,34.6,0,0,0,65.55,26.5887,42.4404,0
16949,16950,CameraCapture,frame_captured,0,490,7,0.157324,75,NaN,NaN,NaN,NaN,NaN,NaN,NaN,NaN,NaN,NaN,NaN,NaN,NaN,NaN,NaN,NaN,NaN,NaN
16950,16951,ImageProcessor_TPU,frame_processed,0,490,7,0.84478,75,1,NaN,NaN,NaN,NaN,NaN,NaN,NaN,NaN,NaN,NaN,NaN,NaN,NaN,NaN,NaN,NaN,NaN
16956,16957,ImageProcessor_Viz,frame_processed,0,490,7,0.339469,NaN,7,NaN,NaN,NaN,NaN,NaN,NaN,NaN,NaN,NaN,NaN,NaN,NaN,NaN,NaN,NaN,NaN,NaN
16969,16970,InferenceEngine,inference_complete,0,490,NaN,NaN,NaN,1,19.115,40.8,0.921557,13,NaN,NaN,NaN,NaN,NaN,NaN,NaN,NaN,NaN,NaN,NaN,NaN,NaN
16970,16948,Logic,frame_complete,-268457733656721424,490,7,0.84478,75,1,19,40.8,0.921557,13,1.53773,-0.0186167,0.000182543,0.488316,0.417151,31.513,0,0,0,65.55,26.5887,42.4404,0
16983,16983,CameraCapture,frame_captured,0,491,7,0.268645,75,NaN,NaN,NaN,NaN,NaN,NaN,NaN,NaN,NaN,NaN,NaN,NaN,NaN,NaN,NaN,NaN,NaN,NaN
16984,16985,ImageProcessor_TPU,frame_processed,0,491,7,1.46476,75,0,NaN,NaN,NaN,NaN,NaN,NaN,NaN,NaN,NaN,NaN,NaN,NaN,NaN,NaN,NaN,NaN,NaN
16991,16992,ImageProcessor_Viz,frame_processed,0,491,7,0.356728,NaN,8,NaN,NaN,NaN,NaN,NaN,NaN,NaN,NaN,NaN,NaN,NaN,NaN,NaN,NaN,NaN,NaN,NaN
17003,17004,InferenceEngine,inference_complete,0,491,NaN,NaN,NaN,0,19.02,40.8,0.933322,13,NaN,NaN,NaN,NaN,NaN,NaN,NaN,NaN,NaN,NaN,NaN,NaN,NaN
17004,16982,Logic,frame_complete,-268457733656721424,491,7,1.46476,75,0,19,40.8,0.933322,13,1.53773,-0.0182214,0.000252023,0.49015,0.418078,34.147,0,0,0,65.55,26.5887,42.4404,0
17016,17017,CameraCapture,frame_captured,0,492,7,0.156735,75,NaN,NaN,NaN,NaN,NaN,NaN,NaN,NaN,NaN,NaN,NaN,NaN,NaN,NaN,NaN,NaN,NaN,NaN
17017,17018,ImageProcessor_TPU,frame_processed,0,492,7,0.772783,75,0,NaN,NaN,NaN,NaN,NaN,NaN,NaN,NaN,NaN,NaN,NaN,NaN,NaN,NaN,NaN,NaN,NaN
17024,17025,ImageProcessor_Viz,frame_processed,0,492,7,0.341598,NaN,8,NaN,NaN,NaN,NaN,NaN,NaN,NaN,NaN,NaN,NaN,NaN,NaN,NaN,NaN,NaN,NaN,NaN
17037,17037,InferenceEngine,inference_complete,0,492,NaN,NaN,NaN,0,19.024,40.8,0.933322,13,NaN,NaN,NaN,NaN,NaN,NaN,NaN,NaN,NaN,NaN,NaN,NaN,NaN
17037,17015,Logic,frame_complete,-268457733656721424,492,7,0.772783,75,0,19,40.8,0.933322,13,1.53019,-0.0187781,-9.30093e-05,0.490078,0.417102,33.113,0,0,0,65.55,26.5887,42.4404,0
17049,17049,CameraCapture,frame_captured,0,493,7,0.153035,75,NaN,NaN,NaN,NaN,NaN,NaN,NaN,NaN,NaN,NaN,NaN,NaN,NaN,NaN,NaN,NaN,NaN,NaN
17050,17051,ImageProcessor_TPU,frame_processed,0,493,7,0.795899,75,1,NaN,NaN,NaN,NaN,NaN,NaN,NaN,NaN,NaN,NaN,NaN,NaN,NaN,NaN,NaN,NaN,NaN
17056,17057,ImageProcessor_Viz,frame_processed,0,493,7,0.344192,NaN,7,NaN,NaN,NaN,NaN,NaN,NaN,NaN,NaN,NaN,NaN,NaN,NaN,NaN,NaN,NaN,NaN,NaN
17069,17070,InferenceEngine,inference_complete,0,493,NaN,NaN,NaN,1,18.868,40.8,0.921557,13,NaN,NaN,NaN,NaN,NaN,NaN,NaN,NaN,NaN,NaN,NaN,NaN,NaN
17069,17048,Logic,frame_complete,-268457733656721424,493,7,0.795899,75,1,19,40.8,0.921557,13,1.53019,-0.0185367,3.77595e-05,0.490105,0.417148,32.243,0,0,0,65.55,26.5887,42.4404,0
17082,17083,CameraCapture,frame_captured,0,494,7,0.198461,75,NaN,NaN,NaN,NaN,NaN,NaN,NaN,NaN,NaN,NaN,NaN,NaN,NaN,NaN,NaN,NaN,NaN,NaN
17083,17084,ImageProcessor_TPU,frame_processed,0,494,7,0.859584,75,0,NaN,NaN,NaN,NaN,NaN,NaN,NaN,NaN,NaN,NaN,NaN,NaN,NaN,NaN,NaN,NaN,NaN
17090,17091,ImageProcessor_Viz,frame_processed,0,494,7,0.346025,NaN,8,NaN,NaN,NaN,NaN,NaN,NaN,NaN,NaN,NaN,NaN,NaN,NaN,NaN,NaN,NaN,NaN,NaN
17102,17103,InferenceEngine,inference_complete,0,494,NaN,NaN,NaN,0,18.821,40.8,0.921557,13,NaN,NaN,NaN,NaN,NaN,NaN,NaN,NaN,NaN,NaN,NaN,NaN,NaN
17103,17081,Logic,frame_complete,-268457733656721424,494,7,0.859584,75,0,19,40.8,0.921557,13,1.53019,-0.0186347,-1.53147e-05,0.490094,0.417129,33.585,0,0,0,65.55,26.5887,42.4404,0
17115,17116,CameraCapture,frame_captured,0,495,7,0.2249,75,NaN,NaN,NaN,NaN,NaN,NaN,NaN,NaN,NaN,NaN,NaN,NaN,NaN,NaN,NaN,NaN,NaN,NaN
17116,17117,ImageProcessor_TPU,frame_processed,0,495,7,1.14869,75,0,NaN,NaN,NaN,NaN,NaN,NaN,NaN,NaN,NaN,NaN,NaN,NaN,NaN,NaN,NaN,NaN,NaN
17123,17124,ImageProcessor_Viz,frame_processed,0,495,7,0.414063,NaN,7,NaN,NaN,NaN,NaN,NaN,NaN,NaN,NaN,NaN,NaN,NaN,NaN,NaN,NaN,NaN,NaN,NaN
17136,17137,InferenceEngine,inference_complete,0,495,NaN,NaN,NaN,0,19.077,40.8,0.933322,13,NaN,NaN,NaN,NaN,NaN,NaN,NaN,NaN,NaN,NaN,NaN,NaN,NaN
17136,17114,Logic,frame_complete,-268457733656721424,495,7,1.14869,75,0,19,40.8,0.933322,13,1.53019,-0.018595,6.22123e-06,0.490099,0.417137,33.373,0,0,0,65.55,26.5887,42.4404,0
17149,17150,CameraCapture,frame_captured,0,496,7,0.251856,75,NaN,NaN,NaN,NaN,NaN,NaN,NaN,NaN,NaN,NaN,NaN,NaN,NaN,NaN,NaN,NaN,NaN,NaN
17151,17152,ImageProcessor_TPU,frame_processed,0,496,7,1.29365,75,0,NaN,NaN,NaN,NaN,NaN,NaN,NaN,NaN,NaN,NaN,NaN,NaN,NaN,NaN,NaN,NaN,NaN
17157,17158,ImageProcessor_Viz,frame_processed,0,496,7,0.393377,NaN,7,NaN,NaN,NaN,NaN,NaN,NaN,NaN,NaN,NaN,NaN,NaN,NaN,NaN,NaN,NaN,NaN,NaN
17170,17171,InferenceEngine,inference_complete,0,496,NaN,NaN,NaN,0,18.996,40.8,0.941165,13,NaN,NaN,NaN,NaN,NaN,NaN,NaN,NaN,NaN,NaN,NaN,NaN,NaN
17171,17148,Logic,frame_complete,-268457733656721424,496,7,1.29365,75,0,19,40.8,0.941165,13,1.53019,-0.0186111,-2.52202e-06,0.490097,0.417134,34.302,0,0,0,65.55,26.5887,42.4404,0
17183,17184,CameraCapture,frame_captured,0,497,7,0.244045,75,NaN,NaN,NaN,NaN,NaN,NaN,NaN,NaN,NaN,NaN,NaN,NaN,NaN,NaN,NaN,NaN,NaN,NaN
17185,17185,ImageProcessor_TPU,frame_processed,0,497,7,1.15669,75,1,NaN,NaN,NaN,NaN,NaN,NaN,NaN,NaN,NaN,NaN,NaN,NaN,NaN,NaN,NaN,NaN,NaN
17191,17191,ImageProcessor_Viz,frame_processed,0,497,7,0.372877,NaN,8,NaN,NaN,NaN,NaN,NaN,NaN,NaN,NaN,NaN,NaN,NaN,NaN,NaN,NaN,NaN,NaN,NaN
17204,17205,InferenceEngine,inference_complete,0,497,NaN,NaN,NaN,1,19.203,40.8,0.949008,13,NaN,NaN,NaN,NaN,NaN,NaN,NaN,NaN,NaN,NaN,NaN,NaN,NaN
17204,17182,Logic,frame_complete,-268457733656721424,497,7,1.15669,75,1,19,40.8,0.949008,13,1.53019,-0.0182009,-0.000323866,0.488211,0.418065,33.904,0,0,0,65.55,26.5887,42.4404,0
17215,17216,CameraCapture,frame_captured,0,498,7,0.196522,75,NaN,NaN,NaN,NaN,NaN,NaN,NaN,NaN,NaN,NaN,NaN,NaN,NaN,NaN,NaN,NaN,NaN,NaN
17217,17218,ImageProcessor_TPU,frame_processed,0,498,7,0.997314,75,1,NaN,NaN,NaN,NaN,NaN,NaN,NaN,NaN,NaN,NaN,NaN,NaN,NaN,NaN,NaN,NaN,NaN
17223,17224,ImageProcessor_Viz,frame_processed,0,498,7,0.4261,NaN,7,NaN,NaN,NaN,NaN,NaN,NaN,NaN,NaN,NaN,NaN,NaN,NaN,NaN,NaN,NaN,NaN,NaN
17236,17237,InferenceEngine,inference_complete,0,498,NaN,NaN,NaN,1,18.915,40.8,0.933322,13,NaN,NaN,NaN,NaN,NaN,NaN,NaN,NaN,NaN,NaN,NaN,NaN,NaN
17236,17214,Logic,frame_complete,-268457733656721424,498,7,0.997314,75,1,19,40.8,0.933322,13,1.52265,-0.0183531,0.000141732,0.488308,0.418017,31.734,0,0,0,65.55,26.5887,42.4404,0
17249,17250,CameraCapture,frame_captured,0,499,7,0.646565,75,NaN,NaN,NaN,NaN,NaN,NaN,NaN,NaN,NaN,NaN,NaN,NaN,NaN,NaN,NaN,NaN,NaN,NaN
17250,17251,ImageProcessor_TPU,frame_processed,0,499,7,1.28324,75,0,NaN,NaN,NaN,NaN,NaN,NaN,NaN,NaN,NaN,NaN,NaN,NaN,NaN,NaN,NaN,NaN,NaN
17257,17258,ImageProcessor_Viz,frame_processed,0,499,7,0.337302,NaN,8,NaN,NaN,NaN,NaN,NaN,NaN,NaN,NaN,NaN,NaN,NaN,NaN,NaN,NaN,NaN,NaN,NaN
17269,17270,InferenceEngine,inference_complete,0,499,NaN,NaN,NaN,0,18.818,41.3,0.941165,13,NaN,NaN,NaN,NaN,NaN,NaN,NaN,NaN,NaN,NaN,NaN,NaN,NaN
17270,17248,Logic,frame_complete,-268457733656721424,499,7,1.28324,75,0,19,41.3,0.941165,13,1.52265,-0.018361,-5.72987e-05,0.488267,0.418016,33.392,0,0,0,65.55,26.5887,42.4404,0
17283,17283,CameraCapture,frame_captured,0,500,7,0.197936,75,NaN,NaN,NaN,NaN,NaN,NaN,NaN,NaN,NaN,NaN,NaN,NaN,NaN,NaN,NaN,NaN,NaN,NaN
17284,17285,ImageProcessor_TPU,frame_processed,0,500,7,0.781502,75,1,NaN,NaN,NaN,NaN,NaN,NaN,NaN,NaN,NaN,NaN,NaN,NaN,NaN,NaN,NaN,NaN,NaN
17291,17291,ImageProcessor_Viz,frame_processed,0,500,7,0.346672,NaN,8,NaN,NaN,NaN,NaN,NaN,NaN,NaN,NaN,NaN,NaN,NaN,NaN,NaN,NaN,NaN,NaN,NaN
17303,17304,InferenceEngine,inference_complete,0,500,NaN,NaN,NaN,1,18.865,41.3,0.941165,13,NaN,NaN,NaN,NaN,NaN,NaN,NaN,NaN,NaN,NaN,NaN,NaN,NaN
17303,17282,Logic,frame_complete,-268457733656721424,500,7,0.781502,75,1,19,41.3,0.941165,13,1.52265,-0.0187584,2.32421e-05,0.488284,0.417087,33.597,0,0,0,65.55,26.5887,42.4404,0
17315,17316,CameraCapture,frame_captured,0,501,7,0.179366,75,NaN,NaN,NaN,NaN,NaN,NaN,NaN,NaN,NaN,NaN,NaN,NaN,NaN,NaN,NaN,NaN,NaN,NaN
17317,17318,ImageProcessor_TPU,frame_processed,0,501,7,1.12564,75,1,NaN,NaN,NaN,NaN,NaN,NaN,NaN,NaN,NaN,NaN,NaN,NaN,NaN,NaN,NaN,NaN,NaN
17323,17324,ImageProcessor_Viz,frame_processed,0,501,7,0.345117,NaN,7,NaN,NaN,NaN,NaN,NaN,NaN,NaN,NaN,NaN,NaN,NaN,NaN,NaN,NaN,NaN,NaN,NaN
17338,17338,InferenceEngine,inference_complete,0,501,NaN,NaN,NaN,1,20.262,41.3,0.921557,13,NaN,NaN,NaN,NaN,NaN,NaN,NaN,NaN,NaN,NaN,NaN,NaN,NaN
17338,17314,Logic,frame_complete,-268457733656721424,501,7,1.12564,75,1,20,41.3,0.921557,13,1.52265,-0.0185188,-9.41753e-06,0.488277,0.417134,34.612,0,0,0,65.55,26.5887,42.4404,0
17349,17349,CameraCapture,frame_captured,0,502,7,0.248252,75,NaN,NaN,NaN,NaN,NaN,NaN,NaN,NaN,NaN,NaN,NaN,NaN,NaN,NaN,NaN,NaN,NaN,NaN
17350,17351,ImageProcessor_TPU,frame_processed,0,502,7,1.20007,75,1,NaN,NaN,NaN,NaN,NaN,NaN,NaN,NaN,NaN,NaN,NaN,NaN,NaN,NaN,NaN,NaN,NaN
17356,17357,ImageProcessor_Viz,frame_processed,0,502,7,0.348154,NaN,7,NaN,NaN,NaN,NaN,NaN,NaN,NaN,NaN,NaN,NaN,NaN,NaN,NaN,NaN,NaN,NaN,NaN
17370,17370,InferenceEngine,inference_complete,0,502,NaN,NaN,NaN,1,19.461,41.3,0.949008,13,NaN,NaN,NaN,NaN,NaN,NaN,NaN,NaN,NaN,NaN,NaN,NaN,NaN
17370,17348,Logic,frame_complete,-268457733656721424,502,7,1.20007,75,1,19,41.3,0.949008,13,1.53019,-0.0187106,0.000336699,0.490167,0.417115,32.126,0,0,0,65.55,26.5887,42.4404,0
17382,17383,CameraCapture,frame_captured,0,503,7,0.208434,75,NaN,NaN,NaN,NaN,NaN,NaN,NaN,NaN,NaN,NaN,NaN,NaN,NaN,NaN,NaN,NaN,NaN,NaN
17383,17384,ImageProcessor_TPU,frame_processed,0,503,7,0.911706,75,0,NaN,NaN,NaN,NaN,NaN,NaN,NaN,NaN,NaN,NaN,NaN,NaN,NaN,NaN,NaN,NaN,NaN
17390,17390,ImageProcessor_Viz,frame_processed,0,503,7,0.336876,NaN,8,NaN,NaN,NaN,NaN,NaN,NaN,NaN,NaN,NaN,NaN,NaN,NaN,NaN,NaN,NaN,NaN,NaN
17402,17403,InferenceEngine,inference_complete,0,503,NaN,NaN,NaN,0,18.752,41.3,0.949008,13,NaN,NaN,NaN,NaN,NaN,NaN,NaN,NaN,NaN,NaN,NaN,NaN,NaN
17403,17381,Logic,frame_complete,-268457733656721424,503,7,0.911706,75,0,19,41.3,0.949008,13,1.53019,-0.0185606,-0.000476219,0.48818,0.417144,32.489,0,0,0,65.55,26.5887,42.4404,0
17416,17417,CameraCapture,frame_captured,0,504,7,0.242258,75,NaN,NaN,NaN,NaN,NaN,NaN,NaN,NaN,NaN,NaN,NaN,NaN,NaN,NaN,NaN,NaN,NaN,NaN
17417,17418,ImageProcessor_TPU,frame_processed,0,504,7,0.870529,75,1,NaN,NaN,NaN,NaN,NaN,NaN,NaN,NaN,NaN,NaN,NaN,NaN,NaN,NaN,NaN,NaN,NaN
17424,17425,ImageProcessor_Viz,frame_processed,0,504,7,0.344488,NaN,8,NaN,NaN,NaN,NaN,NaN,NaN,NaN,NaN,NaN,NaN,NaN,NaN,NaN,NaN,NaN,NaN,NaN
17436,17437,InferenceEngine,inference_complete,0,504,NaN,NaN,NaN,1,18.905,41.3,0.941165,13,NaN,NaN,NaN,NaN,NaN,NaN,NaN,NaN,NaN,NaN,NaN,NaN,NaN
17437,17415,Logic,frame_complete,-268457733656721424,504,7,0.870529,75,1,19,41.3,0.941165,13,1.53019,-0.0182239,0.000517547,0.490205,0.41806,33.943,0,0,0,65.55,26.5887,42.4404,0
17448,17449,CameraCapture,frame_captured,0,505,7,0.149945,75,NaN,NaN,NaN,NaN,NaN,NaN,NaN,NaN,NaN,NaN,NaN,NaN,NaN,NaN,NaN,NaN,NaN,NaN
17450,17450,ImageProcessor_TPU,frame_processed,0,505,7,0.757123,75,1,NaN,NaN,NaN,NaN,NaN,NaN,NaN,NaN,NaN,NaN,NaN,NaN,NaN,NaN,NaN,NaN,NaN
17460,17461,ImageProcessor_Viz,frame_processed,0,505,7,0.332617,NaN,11,NaN,NaN,NaN,NaN,NaN,NaN,NaN,NaN,NaN,NaN,NaN,NaN,NaN,NaN,NaN,NaN,NaN
17470,17471,InferenceEngine,inference_complete,0,505,NaN,NaN,NaN,1,20.515,41.3,0.933322,12,NaN,NaN,NaN,NaN,NaN,NaN,NaN,NaN,NaN,NaN,NaN,NaN,NaN
17471,17447,Logic,frame_complete,-268457733656721424,505,7,0.757123,75,1,20,41.3,0.933322,12,1.53019,-0.0184359,-0.000531837,0.488168,0.418019,34.285,0,0,0,65.55,26.5887,42.4404,0
17482,17483,CameraCapture,frame_captured,0,506,7,0.245259,75,NaN,NaN,NaN,NaN,NaN,NaN,NaN,NaN,NaN,NaN,NaN,NaN,NaN,NaN,NaN,NaN,NaN,NaN
17483,17484,ImageProcessor_TPU,frame_processed,0,506,7,0.856751,75,0,NaN,NaN,NaN,NaN,NaN,NaN,NaN,NaN,NaN,NaN,NaN,NaN,NaN,NaN,NaN,NaN,NaN
17490,17491,ImageProcessor_Viz,frame_processed,0,506,7,0.345302,NaN,8,NaN,NaN,NaN,NaN,NaN,NaN,NaN,NaN,NaN,NaN,NaN,NaN,NaN,NaN,NaN,NaN,NaN
17502,17503,InferenceEngine,inference_complete,0,506,NaN,NaN,NaN,0,18.717,41.3,0.960772,13,NaN,NaN,NaN,NaN,NaN,NaN,NaN,NaN,NaN,NaN,NaN,NaN,NaN
17502,17481,Logic,frame_complete,-268457733656721424,506,7,0.856751,75,0,19,41.3,0.960772,13,1.52265,-0.0186721,0.000570852,0.490217,0.417104,31.613,0,0,0,65.55,26.5887,42.4404,0
17515,17516,CameraCapture,frame_captured,0,507,7,0.161343,75,NaN,NaN,NaN,NaN,NaN,NaN,NaN,NaN,NaN,NaN,NaN,NaN,NaN,NaN,NaN,NaN,NaN,NaN
17517,17517,ImageProcessor_TPU,frame_processed,0,507,7,0.72489,75,0,NaN,NaN,NaN,NaN,NaN,NaN,NaN,NaN,NaN,NaN,NaN,NaN,NaN,NaN,NaN,NaN,NaN
17524,17524,ImageProcessor_Viz,frame_processed,0,507,7,0.337469,NaN,8,NaN,NaN,NaN,NaN,NaN,NaN,NaN,NaN,NaN,NaN,NaN,NaN,NaN,NaN,NaN,NaN,NaN
17536,17537,InferenceEngine,inference_complete,0,507,NaN,NaN,NaN,0,18.956,41.3,0.933322,13,NaN,NaN,NaN,NaN,NaN,NaN,NaN,NaN,NaN,NaN,NaN,NaN,NaN
17536,17514,Logic,frame_complete,-268457733656721424,507,7,0.72489,75,0,19,41.3,0.933322,13,1.52265,-0.0185567,-0.000393495,0.489106,0.417127,33.056,0,0,0,65.55,26.5887,42.4404,0
17550,17550,CameraCapture,frame_captured,0,508,7,0.324528,75,NaN,NaN,NaN,NaN,NaN,NaN,NaN,NaN,NaN,NaN,NaN,NaN,NaN,NaN,NaN,NaN,NaN,NaN
17551,17552,ImageProcessor_TPU,frame_processed,0,508,7,1.2659,75,0,NaN,NaN,NaN,NaN,NaN,NaN,NaN,NaN,NaN,NaN,NaN,NaN,NaN,NaN,NaN,NaN,NaN
17558,17558,ImageProcessor_Viz,frame_processed,0,508,7,0.418341,NaN,7,NaN,NaN,NaN,NaN,NaN,NaN,NaN,NaN,NaN,NaN,NaN,NaN,NaN,NaN,NaN,NaN,NaN
17570,17571,InferenceEngine,inference_complete,0,508,NaN,NaN,NaN,0,18.894,41.3,0.921557,13,NaN,NaN,NaN,NaN,NaN,NaN,NaN,NaN,NaN,NaN,NaN,NaN,NaN
17571,17549,Logic,frame_complete,-268457733656721424,508,7,1.2659,75,0,19,41.3,0.921557,13,1.53019,-0.01869,0.000309862,0.490162,0.417119,34.645,0,0,0,65.55,26.5887,42.4404,0
17582,17583,CameraCapture,frame_captured,0,509,7,0.181358,75,NaN,NaN,NaN,NaN,NaN,NaN,NaN,NaN,NaN,NaN,NaN,NaN,NaN,NaN,NaN,NaN,NaN,NaN
17584,17584,ImageProcessor_TPU,frame_processed,0,509,7,1.1116,75,1,NaN,NaN,NaN,NaN,NaN,NaN,NaN,NaN,NaN,NaN,NaN,NaN,NaN,NaN,NaN,NaN,NaN
17594,17594,ImageProcessor_Viz,frame_processed,0,509,7,0.335635,NaN,12,NaN,NaN,NaN,NaN,NaN,NaN,NaN,NaN,NaN,NaN,NaN,NaN,NaN,NaN,NaN,NaN,NaN
17604,17604,InferenceEngine,inference_complete,0,509,NaN,NaN,NaN,1,19.668,41.3,0.921557,13,NaN,NaN,NaN,NaN,NaN,NaN,NaN,NaN,NaN,NaN,NaN,NaN,NaN
17604,17581,Logic,frame_complete,-268457733656721424,509,7,1.1116,75,1,19,41.3,0.921557,13,1.53019,-0.0185725,-0.000125661,0.490071,0.417142,33.063,0,0,0,65.55,26.5887,42.4404,0
17616,17617,CameraCapture,frame_captured,0,510,7,0.162625,75,NaN,NaN,NaN,NaN,NaN,NaN,NaN,NaN,NaN,NaN,NaN,NaN,NaN,NaN,NaN,NaN,NaN,NaN
17617,17618,ImageProcessor_TPU,frame_processed,0,510,7,0.791599,75,0,NaN,NaN,NaN,NaN,NaN,NaN,NaN,NaN,NaN,NaN,NaN,NaN,NaN,NaN,NaN,NaN,NaN
17624,17625,ImageProcessor_Viz,frame_processed,0,510,7,0.338858,NaN,8,NaN,NaN,NaN,NaN,NaN,NaN,NaN,NaN,NaN,NaN,NaN,NaN,NaN,NaN,NaN,NaN,NaN
17637,17638,InferenceEngine,inference_complete,0,510,NaN,NaN,NaN,0,19.889,41.3,0.933322,13,NaN,NaN,NaN,NaN,NaN,NaN,NaN,NaN,NaN,NaN,NaN,NaN,NaN
17638,17615,Logic,frame_complete,-268457733656721424,510,7,0.791599,75,0,20,41.3,0.933322,13,1.53019,-0.0186202,5.08614e-05,0.490108,0.417132,33.672,0,0,0,65.55,26.5887,42.4404,0
17648,17649,CameraCapture,frame_captured,0,511,7,0.171641,75,NaN,NaN,NaN,NaN,NaN,NaN,NaN,NaN,NaN,NaN,NaN,NaN,NaN,NaN,NaN,NaN,NaN,NaN
17650,17650,ImageProcessor_TPU,frame_processed,0,511,7,0.877543,75,1,NaN,NaN,NaN,NaN,NaN,NaN,NaN,NaN,NaN,NaN,NaN,NaN,NaN,NaN,NaN,NaN,NaN
17656,17657,ImageProcessor_Viz,frame_processed,0,511,7,0.344395,NaN,7,NaN,NaN,NaN,NaN,NaN,NaN,NaN,NaN,NaN,NaN,NaN,NaN,NaN,NaN,NaN,NaN,NaN
17669,17670,InferenceEngine,inference_complete,0,511,NaN,NaN,NaN,1,19.025,41.3,0.909793,13,NaN,NaN,NaN,NaN,NaN,NaN,NaN,NaN,NaN,NaN,NaN,NaN,NaN
17669,17647,Logic,frame_complete,-268457733656721424,511,7,0.877543,75,1,19,41.3,0.909793,13,1.53019,-0.0186009,-2.07089e-05,0.490093,0.417136,31.782,0,0,0,65.55,26.5887,42.4404,0
17682,17683,CameraCapture,frame_captured,0,512,7,0.215056,75,NaN,NaN,NaN,NaN,NaN,NaN,NaN,NaN,NaN,NaN,NaN,NaN,NaN,NaN,NaN,NaN,NaN,NaN
17684,17684,ImageProcessor_TPU,frame_processed,0,512,7,0.893365,75,1,NaN,NaN,NaN,NaN,NaN,NaN,NaN,NaN,NaN,NaN,NaN,NaN,NaN,NaN,NaN,NaN,NaN
17690,17691,ImageProcessor_Viz,frame_processed,0,512,7,0.362691,NaN,7,NaN,NaN,NaN,NaN,NaN,NaN,NaN,NaN,NaN,NaN,NaN,NaN,NaN,NaN,NaN,NaN,NaN
17703,17704,InferenceEngine,inference_complete,0,512,NaN,NaN,NaN,1,18.877,41.3,0.941165,13,NaN,NaN,NaN,NaN,NaN,NaN,NaN,NaN,NaN,NaN,NaN,NaN,NaN
17704,17681,Logic,frame_complete,-268457733656721424,512,7,0.893365,75,1,19,41.3,0.941165,13,1.53019,-0.0182079,8.42661e-06,0.490099,0.418063,34.342,0,0,0,65.55,26.5887,42.4404,0
17715,17716,CameraCapture,frame_captured,0,513,7,0.163115,75,NaN,NaN,NaN,NaN,NaN,NaN,NaN,NaN,NaN,NaN,NaN,NaN,NaN,NaN,NaN,NaN,NaN,NaN
17716,17717,ImageProcessor_TPU,frame_processed,0,513,7,0.777033,75,0,NaN,NaN,NaN,NaN,NaN,NaN,NaN,NaN,NaN,NaN,NaN,NaN,NaN,NaN,NaN,NaN,NaN
17725,17726,ImageProcessor_Viz,frame_processed,0,513,7,0.351451,NaN,9,NaN,NaN,NaN,NaN,NaN,NaN,NaN,NaN,NaN,NaN,NaN,NaN,NaN,NaN,NaN,NaN,NaN
17736,17737,InferenceEngine,inference_complete,0,513,NaN,NaN,NaN,0,18.943,41.3,0.921557,12,NaN,NaN,NaN,NaN,NaN,NaN,NaN,NaN,NaN,NaN,NaN,NaN,NaN
17736,17714,Logic,frame_complete,-268457733656721424,513,7,0.777033,75,0,19,41.3,0.921557,12,1.53019,-0.019252,-0.000337515,0.488209,0.41616,32.478,0,0,0,65.55,26.5887,42.4404,0
17749,17750,CameraCapture,frame_captured,0,514,7,0.165845,75,NaN,NaN,NaN,NaN,NaN,NaN,NaN,NaN,NaN,NaN,NaN,NaN,NaN,NaN,NaN,NaN,NaN,NaN
17750,17751,ImageProcessor_TPU,frame_processed,0,514,7,0.852839,75,0,NaN,NaN,NaN,NaN,NaN,NaN,NaN,NaN,NaN,NaN,NaN,NaN,NaN,NaN,NaN,NaN,NaN
17757,17758,ImageProcessor_Viz,frame_processed,0,514,7,0.348358,NaN,7,NaN,NaN,NaN,NaN,NaN,NaN,NaN,NaN,NaN,NaN,NaN,NaN,NaN,NaN,NaN,NaN,NaN
17770,17771,InferenceEngine,inference_complete,0,514,NaN,NaN,NaN,0,19.169,41.3,0.921557,13,NaN,NaN,NaN,NaN,NaN,NaN,NaN,NaN,NaN,NaN,NaN,NaN,NaN
17770,17748,Logic,frame_complete,-268457733656721424,514,7,0.852839,75,0,20,41.3,0.921557,13,1.53773,-0.0183476,0.000127174,0.488305,0.417203,33.912,0,0,0,65.55,26.5887,42.4404,0
17782,17783,CameraCapture,frame_captured,0,515,7,0.340774,75,NaN,NaN,NaN,NaN,NaN,NaN,NaN,NaN,NaN,NaN,NaN,NaN,NaN,NaN,NaN,NaN,NaN,NaN
17783,17784,ImageProcessor_TPU,frame_processed,0,515,7,0.965563,75,0,NaN,NaN,NaN,NaN,NaN,NaN,NaN,NaN,NaN,NaN,NaN,NaN,NaN,NaN,NaN,NaN,NaN
17790,17791,ImageProcessor_Viz,frame_processed,0,515,7,0.334987,NaN,8,NaN,NaN,NaN,NaN,NaN,NaN,NaN,NaN,NaN,NaN,NaN,NaN,NaN,NaN,NaN,NaN,NaN
17802,17803,InferenceEngine,inference_complete,0,515,NaN,NaN,NaN,0,18.803,41.3,0.941165,13,NaN,NaN,NaN,NaN,NaN,NaN,NaN,NaN,NaN,NaN,NaN,NaN,NaN
17803,17781,Logic,frame_complete,-268457733656721424,515,7,0.965563,75,0,19,41.3,0.941165,13,1.53773,-0.0187317,0.000293847,0.490158,0.417128,32.338,0,0,0,65.55,26.5887,42.4404,0
17816,17817,CameraCapture,frame_captured,0,516,7,0.166482,75,NaN,NaN,NaN,NaN,NaN,NaN,NaN,NaN,NaN,NaN,NaN,NaN,NaN,NaN,NaN,NaN,NaN,NaN
17817,17818,ImageProcessor_TPU,frame_processed,0,516,7,0.763233,75,0,NaN,NaN,NaN,NaN,NaN,NaN,NaN,NaN,NaN,NaN,NaN,NaN,NaN,NaN,NaN,NaN,NaN
17825,17826,ImageProcessor_Viz,frame_processed,0,516,7,0.333839,NaN,9,NaN,NaN,NaN,NaN,NaN,NaN,NaN,NaN,NaN,NaN,NaN,NaN,NaN,NaN,NaN,NaN,NaN
17836,17837,InferenceEngine,inference_complete,0,516,NaN,NaN,NaN,0,18.838,41.3,0.933322,13,NaN,NaN,NaN,NaN,NaN,NaN,NaN,NaN,NaN,NaN,NaN,NaN,NaN
17836,17815,Logic,frame_complete,-268457733656721424,516,7,0.763233,75,0,19,41.3,0.933322,13,1.53557,-0.0188591,0.000293437,0.491292,0.416616,33.871,0,0,0,65.55,26.5887,42.4404,0
17848,17849,CameraCapture,frame_captured,0,517,7,0.153704,75,NaN,NaN,NaN,NaN,NaN,NaN,NaN,NaN,NaN,NaN,NaN,NaN,NaN,NaN,NaN,NaN,NaN,NaN
17849,17850,ImageProcessor_TPU,frame_processed,0,517,7,0.788438,75,0,NaN,NaN,NaN,NaN,NaN,NaN,NaN,NaN,NaN,NaN,NaN,NaN,NaN,NaN,NaN,NaN,NaN
17856,17857,ImageProcessor_Viz,frame_processed,0,517,7,0.338747,NaN,7,NaN,NaN,NaN,NaN,NaN,NaN,NaN,NaN,NaN,NaN,NaN,NaN,NaN,NaN,NaN,NaN,NaN
17868,17869,InferenceEngine,inference_complete,0,517,NaN,NaN,NaN,0,18.853,41.3,0.933322,12,NaN,NaN,NaN,NaN,NaN,NaN,NaN,NaN,NaN,NaN,NaN,NaN,NaN
17869,17847,Logic,frame_complete,-268457733656721424,517,7,0.788438,75,0,19,41.3,0.933322,12,1.53135,-0.0191083,0.000292631,0.493517,0.415611,32.337,0,0,0,65.55,26.5887,42.4404,0
17882,17882,CameraCapture,frame_captured,0,518,7,0.151255,75,NaN,NaN,NaN,NaN,NaN,NaN,NaN,NaN,NaN,NaN,NaN,NaN,NaN,NaN,NaN,NaN,NaN,NaN
17883,17884,ImageProcessor_TPU,frame_processed,0,518,7,0.790748,75,1,NaN,NaN,NaN,NaN,NaN,NaN,NaN,NaN,NaN,NaN,NaN,NaN,NaN,NaN,NaN,NaN,NaN
17890,17890,ImageProcessor_Viz,frame_processed,0,518,7,0.344339,NaN,8,NaN,NaN,NaN,NaN,NaN,NaN,NaN,NaN,NaN,NaN,NaN,NaN,NaN,NaN,NaN,NaN,NaN
17902,17903,InferenceEngine,inference_complete,0,518,NaN,NaN,NaN,1,18.76,41.3,0.921557,13,NaN,NaN,NaN,NaN,NaN,NaN,NaN,NaN,NaN,NaN,NaN,NaN,NaN
17902,17881,Logic,frame_complete,-268457733656721424,518,7,0.790748,75,1,19,41.3,0.921557,13,1.52504,-0.0194819,0.000291424,0.496877,0.414097,33.22,0,0,0,65.55,26.5887,42.4404,0
17915,17916,CameraCapture,frame_captured,0,519,7,0.158362,75,NaN,NaN,NaN,NaN,NaN,NaN,NaN,NaN,NaN,NaN,NaN,NaN,NaN,NaN,NaN,NaN,NaN,NaN
17916,17917,ImageProcessor_TPU,frame_processed,0,519,7,0.753502,75,0,NaN,NaN,NaN,NaN,NaN,NaN,NaN,NaN,NaN,NaN,NaN,NaN,NaN,NaN,NaN,NaN,NaN
17923,17924,ImageProcessor_Viz,frame_processed,0,519,7,0.345876,NaN,8,NaN,NaN,NaN,NaN,NaN,NaN,NaN,NaN,NaN,NaN,NaN,NaN,NaN,NaN,NaN,NaN,NaN
17937,17937,InferenceEngine,inference_complete,0,519,NaN,NaN,NaN,0,20.169,41.3,0.921557,13,NaN,NaN,NaN,NaN,NaN,NaN,NaN,NaN,NaN,NaN,NaN,NaN,NaN
17937,17914,Logic,frame_complete,-268457733656721424,519,7,0.753502,75,0,21,41.3,0.921557,13,1.53773,-0.018459,-0.000507358,0.488174,0.417181,35.006,0,0,0,65.55,26.5887,42.4404,0
17949,17950,CameraCapture,frame_captured,0,520,7,0.169574,75,NaN,NaN,NaN,NaN,NaN,NaN,NaN,NaN,NaN,NaN,NaN,NaN,NaN,NaN,NaN,NaN,NaN,NaN
17950,17951,ImageProcessor_TPU,frame_processed,0,520,7,0.81627,75,0,NaN,NaN,NaN,NaN,NaN,NaN,NaN,NaN,NaN,NaN,NaN,NaN,NaN,NaN,NaN,NaN,NaN
17957,17958,ImageProcessor_Viz,frame_processed,0,520,7,0.351099,NaN,8,NaN,NaN,NaN,NaN,NaN,NaN,NaN,NaN,NaN,NaN,NaN,NaN,NaN,NaN,NaN,NaN,NaN
17970,17971,InferenceEngine,inference_complete,0,520,NaN,NaN,NaN,0,19.481,41.3,0.933322,12,NaN,NaN,NaN,NaN,NaN,NaN,NaN,NaN,NaN,NaN,NaN,NaN,NaN
17971,17948,Logic,frame_complete,-268457733656721424,520,7,0.81627,75,0,19,41.3,0.933322,12,1.53773,-0.0186826,0.000205483,0.488321,0.417138,33.485,0,0,0,65.55,26.5887,42.4404,0
17982,17983,CameraCapture,frame_captured,0,521,7,0.171522,75,NaN,NaN,NaN,NaN,NaN,NaN,NaN,NaN,NaN,NaN,NaN,NaN,NaN,NaN,NaN,NaN,NaN,NaN
17983,17984,ImageProcessor_TPU,frame_processed,0,521,7,0.729736,75,1,NaN,NaN,NaN,NaN,NaN,NaN,NaN,NaN,NaN,NaN,NaN,NaN,NaN,NaN,NaN,NaN,NaN
17990,17991,ImageProcessor_Viz,frame_processed,0,521,7,0.337562,NaN,8,NaN,NaN,NaN,NaN,NaN,NaN,NaN,NaN,NaN,NaN,NaN,NaN,NaN,NaN,NaN,NaN,NaN
18002,18003,InferenceEngine,inference_complete,0,521,NaN,NaN,NaN,1,18.894,41.3,0.921557,12,NaN,NaN,NaN,NaN,NaN,NaN,NaN,NaN,NaN,NaN,NaN,NaN,NaN
18002,17981,Logic,frame_complete,-268457733656721424,521,7,0.729736,75,1,19,41.3,0.921557,12,1.54541,-0.0182707,-9.52706e-05,0.488259,0.418086,31.85,0,0,0,65.55,26.5887,42.4404,0
18015,18016,CameraCapture,frame_captured,0,522,7,0.171885,75,NaN,NaN,NaN,NaN,NaN,NaN,NaN,NaN,NaN,NaN,NaN,NaN,NaN,NaN,NaN,NaN,NaN,NaN
18016,18017,ImageProcessor_TPU,frame_processed,0,522,7,0.750024,75,0,NaN,NaN,NaN,NaN,NaN,NaN,NaN,NaN,NaN,NaN,NaN,NaN,NaN,NaN,NaN,NaN,NaN
18023,18024,ImageProcessor_Viz,frame_processed,0,522,7,0.338117,NaN,8,NaN,NaN,NaN,NaN,NaN,NaN,NaN,NaN,NaN,NaN,NaN,NaN,NaN,NaN,NaN,NaN,NaN
18035,18036,InferenceEngine,inference_complete,0,522,NaN,NaN,NaN,0,18.996,41.3,0.933322,12,NaN,NaN,NaN,NaN,NaN,NaN,NaN,NaN,NaN,NaN,NaN,NaN,NaN
18036,18014,Logic,frame_complete,-268457733656721424,522,7,0.750024,75,0,19,41.3,0.933322,12,1.54541,-0.0188648,3.86909e-05,0.488287,0.417121,33.387,0,0,0,65.55,26.5887,42.4404,0
18049,18050,CameraCapture,frame_captured,0,523,7,0.575064,75,NaN,NaN,NaN,NaN,NaN,NaN,NaN,NaN,NaN,NaN,NaN,NaN,NaN,NaN,NaN,NaN,NaN,NaN
18051,18052,ImageProcessor_TPU,frame_processed,0,523,7,1.87124,75,0,NaN,NaN,NaN,NaN,NaN,NaN,NaN,NaN,NaN,NaN,NaN,NaN,NaN,NaN,NaN,NaN,NaN
18057,18058,ImageProcessor_Viz,frame_processed,0,523,7,0.411951,NaN,7,NaN,NaN,NaN,NaN,NaN,NaN,NaN,NaN,NaN,NaN,NaN,NaN,NaN,NaN,NaN,NaN,NaN
18071,18071,InferenceEngine,inference_complete,0,523,NaN,NaN,NaN,0,19.16,41.3,0.921557,12,NaN,NaN,NaN,NaN,NaN,NaN,NaN,NaN,NaN,NaN,NaN,NaN,NaN
18071,18048,Logic,frame_complete,-268457733656721424,523,7,1.87124,75,0,19,41.3,0.921557,12,1.54276,-0.0191154,3.86238e-05,0.488422,0.416116,35.207,0,0,0,65.55,26.5887,42.4404,0
18082,18083,CameraCapture,frame_captured,0,524,7,0.189037,75,NaN,NaN,NaN,NaN,NaN,NaN,NaN,NaN,NaN,NaN,NaN,NaN,NaN,NaN,NaN,NaN,NaN,NaN
18084,18084,ImageProcessor_TPU,frame_processed,0,524,7,1.05891,75,1,NaN,NaN,NaN,NaN,NaN,NaN,NaN,NaN,NaN,NaN,NaN,NaN,NaN,NaN,NaN,NaN,NaN
18091,18092,ImageProcessor_Viz,frame_processed,0,524,7,0.361655,NaN,7,NaN,NaN,NaN,NaN,NaN,NaN,NaN,NaN,NaN,NaN,NaN,NaN,NaN,NaN,NaN,NaN,NaN
18103,18104,InferenceEngine,inference_complete,0,524,NaN,NaN,NaN,1,19.283,41.3,0.921557,12,NaN,NaN,NaN,NaN,NaN,NaN,NaN,NaN,NaN,NaN,NaN,NaN,NaN
18104,18081,Logic,frame_complete,-268457733656721424,524,7,1.05891,75,1,19,41.3,0.921557,12,1.53767,-0.019597,3.84971e-05,0.488683,0.414183,32.476,0,0,0,65.55,26.5887,42.4404,0
18115,18116,CameraCapture,frame_captured,0,525,7,0.334543,75,NaN,NaN,NaN,NaN,NaN,NaN,NaN,NaN,NaN,NaN,NaN,NaN,NaN,NaN,NaN,NaN,NaN,NaN
18117,18117,ImageProcessor_TPU,frame_processed,0,525,7,1.17695,75,1,NaN,NaN,NaN,NaN,NaN,NaN,NaN,NaN,NaN,NaN,NaN,NaN,NaN,NaN,NaN,NaN,NaN
18129,18129,ImageProcessor_Viz,frame_processed,0,525,7,0.454434,NaN,12,NaN,NaN,NaN,NaN,NaN,NaN,NaN,NaN,NaN,NaN,NaN,NaN,NaN,NaN,NaN,NaN,NaN
18137,18138,InferenceEngine,inference_complete,0,525,NaN,NaN,NaN,1,20.411,41.3,0.933322,13,NaN,NaN,NaN,NaN,NaN,NaN,NaN,NaN,NaN,NaN,NaN,NaN,NaN
18138,18114,Logic,frame_complete,-268457733656721424,525,7,1.17695,75,1,20,41.3,0.933322,13,1.54541,-0.0183759,-4.30755e-05,0.48827,0.417215,34.015,0,0,0,65.55,26.5887,42.4404,0
18148,18149,CameraCapture,frame_captured,0,526,7,0.169884,75,NaN,NaN,NaN,NaN,NaN,NaN,NaN,NaN,NaN,NaN,NaN,NaN,NaN,NaN,NaN,NaN,NaN,NaN
18150,18151,ImageProcessor_TPU,frame_processed,0,526,7,1.73536,75,0,NaN,NaN,NaN,NaN,NaN,NaN,NaN,NaN,NaN,NaN,NaN,NaN,NaN,NaN,NaN,NaN,NaN
18157,18158,ImageProcessor_Viz,frame_processed,0,526,7,0.815977,NaN,8,NaN,NaN,NaN,NaN,NaN,NaN,NaN,NaN,NaN,NaN,NaN,NaN,NaN,NaN,NaN,NaN,NaN
18170,18170,InferenceEngine,inference_complete,0,526,NaN,NaN,NaN,0,19.198,41.3,0.921557,13,NaN,NaN,NaN,NaN,NaN,NaN,NaN,NaN,NaN,NaN,NaN,NaN,NaN
18170,18147,Logic,frame_complete,-268457733656721424,526,7,1.73536,75,0,19,41.3,0.921557,13,1.54541,-0.0187381,1.74977e-05,0.488282,0.417145,32.341,0,0,0,65.55,26.5887,42.4404,0
18182,18182,CameraCapture,frame_captured,0,527,7,0.159621,75,NaN,NaN,NaN,NaN,NaN,NaN,NaN,NaN,NaN,NaN,NaN,NaN,NaN,NaN,NaN,NaN,NaN,NaN
18183,18184,ImageProcessor_TPU,frame_processed,0,527,7,0.830521,75,1,NaN,NaN,NaN,NaN,NaN,NaN,NaN,NaN,NaN,NaN,NaN,NaN,NaN,NaN,NaN,NaN,NaN
18190,18191,ImageProcessor_Viz,frame_processed,0,527,7,0.346672,NaN,8,NaN,NaN,NaN,NaN,NaN,NaN,NaN,NaN,NaN,NaN,NaN,NaN,NaN,NaN,NaN,NaN,NaN
18202,18203,InferenceEngine,inference_complete,0,527,NaN,NaN,NaN,1,18.757,41.3,0.921557,12,NaN,NaN,NaN,NaN,NaN,NaN,NaN,NaN,NaN,NaN,NaN,NaN,NaN
18202,18180,Logic,frame_complete,-268457733656721424,527,7,0.830521,75,1,19,41.3,0.921557,12,1.53773,-0.0184986,4.04567e-06,0.48828,0.417174,32.276,0,0,0,65.55,26.5887,42.4404,0
18216,18217,CameraCapture,frame_captured,0,528,7,0.165515,75,NaN,NaN,NaN,NaN,NaN,NaN,NaN,NaN,NaN,NaN,NaN,NaN,NaN,NaN,NaN,NaN,NaN,NaN
18218,18219,ImageProcessor_TPU,frame_processed,0,528,7,1.15461,75,1,NaN,NaN,NaN,NaN,NaN,NaN,NaN,NaN,NaN,NaN,NaN,NaN,NaN,NaN,NaN,NaN,NaN
18224,18225,ImageProcessor_Viz,frame_processed,0,528,7,0.350488,NaN,7,NaN,NaN,NaN,NaN,NaN,NaN,NaN,NaN,NaN,NaN,NaN,NaN,NaN,NaN,NaN,NaN,NaN
18237,18238,InferenceEngine,inference_complete,0,528,NaN,NaN,NaN,1,18.989,41.3,0.909793,12,NaN,NaN,NaN,NaN,NaN,NaN,NaN,NaN,NaN,NaN,NaN,NaN,NaN
18237,18215,Logic,frame_complete,-268457733656721424,528,7,1.15461,75,1,19,41.3,0.909793,12,1.53773,-0.01867,0.000313852,0.490162,0.41714,35.239,0,0,0,65.55,26.5887,42.4404,0
18249,18249,CameraCapture,frame_captured,0,529,7,0.339544,75,NaN,NaN,NaN,NaN,NaN,NaN,NaN,NaN,NaN,NaN,NaN,NaN,NaN,NaN,NaN,NaN,NaN,NaN
18250,18251,ImageProcessor_TPU,frame_processed,0,529,7,0.982444,75,1,NaN,NaN,NaN,NaN,NaN,NaN,NaN,NaN,NaN,NaN,NaN,NaN,NaN,NaN,NaN,NaN,NaN
18258,18259,ImageProcessor_Viz,frame_processed,0,529,7,0.358525,NaN,9,NaN,NaN,NaN,NaN,NaN,NaN,NaN,NaN,NaN,NaN,NaN,NaN,NaN,NaN,NaN,NaN,NaN
18270,18270,InferenceEngine,inference_complete,0,529,NaN,NaN,NaN,1,19.38,41.3,0.909793,13,NaN,NaN,NaN,NaN,NaN,NaN,NaN,NaN,NaN,NaN,NaN,NaN,NaN
18270,18248,Logic,frame_complete,-268457733656721424,529,7,0.982444,75,1,19,41.3,0.909793,13,1.53773,-0.0181916,-0.000127625,0.490071,0.418084,32.522,0,0,0,65.55,26.5887,42.4404,0
18282,18283,CameraCapture,frame_captured,0,530,7,0.154352,75,NaN,NaN,NaN,NaN,NaN,NaN,NaN,NaN,NaN,NaN,NaN,NaN,NaN,NaN,NaN,NaN,NaN,NaN
18283,18284,ImageProcessor_TPU,frame_processed,0,530,7,0.787419,75,1,NaN,NaN,NaN,NaN,NaN,NaN,NaN,NaN,NaN,NaN,NaN,NaN,NaN,NaN,NaN,NaN,NaN
18290,18291,ImageProcessor_Viz,frame_processed,0,530,7,0.345654,NaN,8,NaN,NaN,NaN,NaN,NaN,NaN,NaN,NaN,NaN,NaN,NaN,NaN,NaN,NaN,NaN,NaN,NaN
18303,18304,InferenceEngine,inference_complete,0,530,NaN,NaN,NaN,1,19.547,41.3,0.909793,13,NaN,NaN,NaN,NaN,NaN,NaN,NaN,NaN,NaN,NaN,NaN,NaN,NaN
18303,18281,Logic,frame_complete,-268457733656721424,530,7,0.787419,75,1,20,41.3,0.909793,13,1.53773,-0.0188794,5.18821e-05,0.490108,0.4171,33.113,0,0,0,65.55,26.5887,42.4404,0
18315,18315,CameraCapture,frame_captured,0,531,7,0.147543,75,NaN,NaN,NaN,NaN,NaN,NaN,NaN,NaN,NaN,NaN,NaN,NaN,NaN,NaN,NaN,NaN,NaN,NaN
18316,18317,ImageProcessor_TPU,frame_processed,0,531,7,1.04637,75,0,NaN,NaN,NaN,NaN,NaN,NaN,NaN,NaN,NaN,NaN,NaN,NaN,NaN,NaN,NaN,NaN,NaN
18323,18323,ImageProcessor_Viz,frame_processed,0,531,7,0.345765,NaN,7,NaN,NaN,NaN,NaN,NaN,NaN,NaN,NaN,NaN,NaN,NaN,NaN,NaN,NaN,NaN,NaN,NaN
18335,18336,InferenceEngine,inference_complete,0,531,NaN,NaN,NaN,0,19.064,41.3,0.921557,13,NaN,NaN,NaN,NaN,NaN,NaN,NaN,NaN,NaN,NaN,NaN,NaN,NaN
18336,18314,Logic,frame_complete,-268457733656721424,531,7,1.04637,75,0,19,41.3,0.921557,13,1.53773,-0.018517,-2.1033e-05,0.490093,0.41717,32.625,0,0,0,65.55,26.5887,42.4404,0
18349,18350,CameraCapture,frame_captured,0,532,7,0.160997,75,NaN,NaN,NaN,NaN,NaN,NaN,NaN,NaN,NaN,NaN,NaN,NaN,NaN,NaN,NaN,NaN,NaN,NaN
18350,18351,ImageProcessor_TPU,frame_processed,0,532,7,0.785563,75,1,NaN,NaN,NaN,NaN,NaN,NaN,NaN,NaN,NaN,NaN,NaN,NaN,NaN,NaN,NaN,NaN,NaN
18357,18358,ImageProcessor_Viz,frame_processed,0,532,7,0.339895,NaN,8,NaN,NaN,NaN,NaN,NaN,NaN,NaN,NaN,NaN,NaN,NaN,NaN,NaN,NaN,NaN,NaN,NaN
18369,18370,InferenceEngine,inference_complete,0,532,NaN,NaN,NaN,1,19.115,41.3,0.909793,12,NaN,NaN,NaN,NaN,NaN,NaN,NaN,NaN,NaN,NaN,NaN,NaN,NaN
18370,18348,Logic,frame_complete,-268457733656721424,532,7,0.785563,75,1,19,41.3,0.909793,12,1.53773,-0.0186639,8.53091e-06,0.490099,0.417142,33.896,0,0,0,65.55,26.5887,42.4404,0
18381,18382,CameraCapture,frame_captured,0,533,7,0.170777,75,NaN,NaN,NaN,NaN,NaN,NaN,NaN,NaN,NaN,NaN,NaN,NaN,NaN,NaN,NaN,NaN,NaN,NaN
18383,18383,ImageProcessor_TPU,frame_processed,0,533,7,0.856067,75,1,NaN,NaN,NaN,NaN,NaN,NaN,NaN,NaN,NaN,NaN,NaN,NaN,NaN,NaN,NaN,NaN,NaN
18389,18390,ImageProcessor_Viz,frame_processed,0,533,7,0.334506,NaN,7,NaN,NaN,NaN,NaN,NaN,NaN,NaN,NaN,NaN,NaN,NaN,NaN,NaN,NaN,NaN,NaN,NaN
18402,18403,InferenceEngine,inference_complete,0,533,NaN,NaN,NaN,1,19.153,41.3,0.933322,12,NaN,NaN,NaN,NaN,NaN,NaN,NaN,NaN,NaN,NaN,NaN,NaN,NaN
18402,18380,Logic,frame_complete,-268457733656721424,533,7,0.856067,75,1,19,41.3,0.933322,12,1.53773,-0.0186043,-3.46079e-06,0.490097,0.417153,32.767,0,0,0,65.55,26.5887,42.4404,0
18415,18416,CameraCapture,frame_captured,0,534,7,0.190876,75,NaN,NaN,NaN,NaN,NaN,NaN,NaN,NaN,NaN,NaN,NaN,NaN,NaN,NaN,NaN,NaN,NaN,NaN
18416,18417,ImageProcessor_TPU,frame_processed,0,534,7,0.786887,75,0,NaN,NaN,NaN,NaN,NaN,NaN,NaN,NaN,NaN,NaN,NaN,NaN,NaN,NaN,NaN,NaN,NaN
18424,18424,ImageProcessor_Viz,frame_processed,0,534,7,0.345803,NaN,8,NaN,NaN,NaN,NaN,NaN,NaN,NaN,NaN,NaN,NaN,NaN,NaN,NaN,NaN,NaN,NaN,NaN
18436,18437,InferenceEngine,inference_complete,0,534,NaN,NaN,NaN,0,19.317,41.3,0.921557,13,NaN,NaN,NaN,NaN,NaN,NaN,NaN,NaN,NaN,NaN,NaN,NaN,NaN
18436,18414,Logic,frame_complete,-268457733656721424,534,7,0.786887,75,0,19,41.3,0.921557,13,1.53773,-0.0182232,-0.000326775,0.488211,0.418078,33.854,0,0,0,65.55,26.5887,42.4404,0
18448,18449,CameraCapture,frame_captured,0,535,7,0.24577,75,NaN,NaN,NaN,NaN,NaN,NaN,NaN,NaN,NaN,NaN,NaN,NaN,NaN,NaN,NaN,NaN,NaN,NaN
18449,18450,ImageProcessor_TPU,frame_processed,0,535,7,0.919634,75,0,NaN,NaN,NaN,NaN,NaN,NaN,NaN,NaN,NaN,NaN,NaN,NaN,NaN,NaN,NaN,NaN,NaN
18456,18457,ImageProcessor_Viz,frame_processed,0,535,7,0.345284,NaN,7,NaN,NaN,NaN,NaN,NaN,NaN,NaN,NaN,NaN,NaN,NaN,NaN,NaN,NaN,NaN,NaN,NaN
18469,18470,InferenceEngine,inference_complete,0,535,NaN,NaN,NaN,0,19.039,41.3,0.921557,13,NaN,NaN,NaN,NaN,NaN,NaN,NaN,NaN,NaN,NaN,NaN,NaN,NaN
18469,18447,Logic,frame_complete,-268457733656721424,535,7,0.919634,75,0,19,41.3,0.921557,13,1.53773,-0.0188707,0.000812959,0.492085,0.417102,32.767,0,0,0,65.55,26.5887,42.4404,0
18482,18483,CameraCapture,frame_captured,0,536,7,0.161499,75,NaN,NaN,NaN,NaN,NaN,NaN,NaN,NaN,NaN,NaN,NaN,NaN,NaN,NaN,NaN,NaN,NaN,NaN
18484,18485,ImageProcessor_TPU,frame_processed,0,536,7,1.08281,75,1,NaN,NaN,NaN,NaN,NaN,NaN,NaN,NaN,NaN,NaN,NaN,NaN,NaN,NaN,NaN,NaN,NaN
18491,18491,ImageProcessor_Viz,frame_processed,0,536,7,0.492361,NaN,8,NaN,NaN,NaN,NaN,NaN,NaN,NaN,NaN,NaN,NaN,NaN,NaN,NaN,NaN,NaN,NaN,NaN
18504,18505,InferenceEngine,inference_complete,0,536,NaN,NaN,NaN,1,20.199,41.3,0.933322,13,NaN,NaN,NaN,NaN,NaN,NaN,NaN,NaN,NaN,NaN,NaN,NaN,NaN
18505,18481,Logic,frame_complete,-268457733656721424,536,7,1.08281,75,1,20,41.3,0.933322,13,1.53773,-0.0189152,-0.000642903,0.489965,0.416244,35.504,0,0,0,65.55,26.5887,42.4404,0
18515,18516,CameraCapture,frame_captured,0,537,7,0.205555,75,NaN,NaN,NaN,NaN,NaN,NaN,NaN,NaN,NaN,NaN,NaN,NaN,NaN,NaN,NaN,NaN,NaN,NaN
18517,18518,ImageProcessor_TPU,frame_processed,0,537,7,1.21561,75,1,NaN,NaN,NaN,NaN,NaN,NaN,NaN,NaN,NaN,NaN,NaN,NaN,NaN,NaN,NaN,NaN,NaN
18523,18524,ImageProcessor_Viz,frame_processed,0,537,7,0.395674,NaN,8,NaN,NaN,NaN,NaN,NaN,NaN,NaN,NaN,NaN,NaN,NaN,NaN,NaN,NaN,NaN,NaN,NaN
18536,18537,InferenceEngine,inference_complete,0,537,NaN,NaN,NaN,1,18.841,41.3,0.921557,13,NaN,NaN,NaN,NaN,NaN,NaN,NaN,NaN,NaN,NaN,NaN,NaN,NaN
18536,18514,Logic,frame_complete,-268457733656721424,537,7,1.21561,75,1,19,41.3,0.921557,13,1.53773,-0.017994,0.000260983,0.490151,0.418122,31.533,0,0,0,65.55,26.5887,42.4404,0
18548,18549,CameraCapture,frame_captured,0,538,7,0.169548,75,NaN,NaN,NaN,NaN,NaN,NaN,NaN,NaN,NaN,NaN,NaN,NaN,NaN,NaN,NaN,NaN,NaN,NaN
18549,18550,ImageProcessor_TPU,frame_processed,0,538,7,0.758133,75,0,NaN,NaN,NaN,NaN,NaN,NaN,NaN,NaN,NaN,NaN,NaN,NaN,NaN,NaN,NaN,NaN,NaN
18557,18558,ImageProcessor_Viz,frame_processed,0,538,7,0.341969,NaN,8,NaN,NaN,NaN,NaN,NaN,NaN,NaN,NaN,NaN,NaN,NaN,NaN,NaN,NaN,NaN,NaN,NaN
18569,18569,InferenceEngine,inference_complete,0,538,NaN,NaN,NaN,0,19.014,41.3,0.921557,13,NaN,NaN,NaN,NaN,NaN,NaN,NaN,NaN,NaN,NaN,NaN,NaN,NaN
18569,18547,Logic,frame_complete,-268457733656721424,538,7,0.758133,75,0,19,41.3,0.921557,13,1.53773,-0.0185505,-0.00044613,0.488187,0.418014,32.706,0,0,0,65.55,26.5887,42.4404,0
18582,18582,CameraCapture,frame_captured,0,539,7,0.401486,75,NaN,NaN,NaN,NaN,NaN,NaN,NaN,NaN,NaN,NaN,NaN,NaN,NaN,NaN,NaN,NaN,NaN,NaN
18583,18584,ImageProcessor_TPU,frame_processed,0,539,7,1.34643,75,0,NaN,NaN,NaN,NaN,NaN,NaN,NaN,NaN,NaN,NaN,NaN,NaN,NaN,NaN,NaN,NaN,NaN
18593,18593,ImageProcessor_Viz,frame_processed,0,539,7,0.343488,NaN,11,NaN,NaN,NaN,NaN,NaN,NaN,NaN,NaN,NaN,NaN,NaN,NaN,NaN,NaN,NaN,NaN,NaN
18606,18607,InferenceEngine,inference_complete,0,539,NaN,NaN,NaN,0,22.538,41.3,0.933322,12,NaN,NaN,NaN,NaN,NaN,NaN,NaN,NaN,NaN,NaN,NaN,NaN,NaN
18606,18581,Logic,frame_complete,-268457733656721424,539,7,1.34643,75,0,23,41.3,0.933322,12,1.53773,-0.0187132,-0.000446126,0.486266,0.417363,37.356,0,0,0,65.55,26.5887,42.4404,0
18616,18617,CameraCapture,frame_captured,0,540,7,0.18596,75,NaN,NaN,NaN,NaN,NaN,NaN,NaN,NaN,NaN,NaN,NaN,NaN,NaN,NaN,NaN,NaN,NaN,NaN
18617,18618,ImageProcessor_TPU,frame_processed,0,540,7,1.15268,75,0,NaN,NaN,NaN,NaN,NaN,NaN,NaN,NaN,NaN,NaN,NaN,NaN,NaN,NaN,NaN,NaN,NaN
18624,18625,ImageProcessor_Viz,frame_processed,0,540,7,0.350062,NaN,8,NaN,NaN,NaN,NaN,NaN,NaN,NaN,NaN,NaN,NaN,NaN,NaN,NaN,NaN,NaN,NaN,NaN
18639,18639,InferenceEngine,inference_complete,0,540,NaN,NaN,NaN,0,20.862,41.3,0.921557,12,NaN,NaN,NaN,NaN,NaN,NaN,NaN,NaN,NaN,NaN,NaN,NaN,NaN
18639,18615,Logic,frame_complete,-268457733656721424,540,7,1.15268,75,0,20,41.3,0.921557,12,1.53773,-0.0182631,0.000347737,0.488351,0.41807,32.66,0,0,0,65.55,26.5887,42.4404,0
18649,18650,CameraCapture,frame_captured,0,541,7,0.227674,75,NaN,NaN,NaN,NaN,NaN,NaN,NaN,NaN,NaN,NaN,NaN,NaN,NaN,NaN,NaN,NaN,NaN,NaN
18650,18651,ImageProcessor_TPU,frame_processed,0,541,7,0.89113,75,0,NaN,NaN,NaN,NaN,NaN,NaN,NaN,NaN,NaN,NaN,NaN,NaN,NaN,NaN,NaN,NaN,NaN
18658,18658,ImageProcessor_Viz,frame_processed,0,541,7,0.339303,NaN,8,NaN,NaN,NaN,NaN,NaN,NaN,NaN,NaN,NaN,NaN,NaN,NaN,NaN,NaN,NaN,NaN,NaN
18670,18671,InferenceEngine,inference_complete,0,541,NaN,NaN,NaN,0,19.778,41.3,0.933322,13,NaN,NaN,NaN,NaN,NaN,NaN,NaN,NaN,NaN,NaN,NaN,NaN,NaN
18671,18648,Logic,frame_complete,-268457733656721424,541,7,0.89113,75,0,20,41.3,0.933322,13,1.53019,-0.0183524,0.000218201,0.490143,0.418035,31.693,0,0,0,65.55,26.5887,42.4404,0
18683,18683,CameraCapture,frame_captured,0,542,7,0.1803,75,NaN,NaN,NaN,NaN,NaN,NaN,NaN,NaN,NaN,NaN,NaN,NaN,NaN,NaN,NaN,NaN,NaN,NaN
18684,18685,ImageProcessor_TPU,frame_processed,0,542,7,0.885571,75,1,NaN,NaN,NaN,NaN,NaN,NaN,NaN,NaN,NaN,NaN,NaN,NaN,NaN,NaN,NaN,NaN,NaN
18693,18693,ImageProcessor_Viz,frame_processed,0,542,7,0.352451,NaN,10,NaN,NaN,NaN,NaN,NaN,NaN,NaN,NaN,NaN,NaN,NaN,NaN,NaN,NaN,NaN,NaN,NaN
18706,18707,InferenceEngine,inference_complete,0,542,NaN,NaN,NaN,1,21.755,41.3,0.921557,13,NaN,NaN,NaN,NaN,NaN,NaN,NaN,NaN,NaN,NaN,NaN,NaN,NaN
18706,18682,Logic,frame_complete,-268457733656721424,542,7,0.885571,75,1,22,41.3,0.921557,13,1.52265,-0.0183011,-0.00038768,0.488198,0.418027,35.526,0,0,0,65.55,26.5887,42.4404,0
18715,18716,CameraCapture,frame_captured,0,543,7,0.255571,75,NaN,NaN,NaN,NaN,NaN,NaN,NaN,NaN,NaN,NaN,NaN,NaN,NaN,NaN,NaN,NaN,NaN,NaN
18716,18717,ImageProcessor_TPU,frame_processed,0,543,7,0.98564,75,0,NaN,NaN,NaN,NaN,NaN,NaN,NaN,NaN,NaN,NaN,NaN,NaN,NaN,NaN,NaN,NaN,NaN
18724,18725,ImageProcessor_Viz,frame_processed,0,543,7,0.363525,NaN,9,NaN,NaN,NaN,NaN,NaN,NaN,NaN,NaN,NaN,NaN,NaN,NaN,NaN,NaN,NaN,NaN,NaN
18737,18737,InferenceEngine,inference_complete,0,543,NaN,NaN,NaN,0,20.267,41.3,0.921557,13,NaN,NaN,NaN,NaN,NaN,NaN,NaN,NaN,NaN,NaN,NaN,NaN,NaN
18737,18714,Logic,frame_complete,-268457733656721424,543,7,0.98564,75,0,20,41.3,0.921557,13,1.53019,-0.0188928,0.000148416,0.48831,0.417079,30.908,0,0,0,65.55,26.5887,42.4404,0
18749,18750,CameraCapture,frame_captured,0,544,7,0.17224,75,NaN,NaN,NaN,NaN,NaN,NaN,NaN,NaN,NaN,NaN,NaN,NaN,NaN,NaN,NaN,NaN,NaN,NaN
18751,18752,ImageProcessor_TPU,frame_processed,0,544,7,1.51582,75,1,NaN,NaN,NaN,NaN,NaN,NaN,NaN,NaN,NaN,NaN,NaN,NaN,NaN,NaN,NaN,NaN,NaN
18760,18760,ImageProcessor_Viz,frame_processed,0,544,7,0.503416,NaN,10,NaN,NaN,NaN,NaN,NaN,NaN,NaN,NaN,NaN,NaN,NaN,NaN,NaN,NaN,NaN,NaN,NaN
18771,18772,InferenceEngine,inference_complete,0,544,NaN,NaN,NaN,1,19.604,41.3,0.933322,12,NaN,NaN,NaN,NaN,NaN,NaN,NaN,NaN,NaN,NaN,NaN,NaN,NaN
18771,18748,Logic,frame_complete,-268457733656721424,544,7,1.51582,75,1,20,41.3,0.933322,12,1.53019,-0.0180891,0.000263125,0.490152,0.418086,34.136,0,0,0,65.55,26.5887,42.4404,0
18782,18783,CameraCapture,frame_captured,0,545,7,0.180823,75,NaN,NaN,NaN,NaN,NaN,NaN,NaN,NaN,NaN,NaN,NaN,NaN,NaN,NaN,NaN,NaN,NaN,NaN
18784,18785,ImageProcessor_TPU,frame_processed,0,545,7,1.22577,75,1,NaN,NaN,NaN,NaN,NaN,NaN,NaN,NaN,NaN,NaN,NaN,NaN,NaN,NaN,NaN,NaN,NaN
18792,18793,ImageProcessor_Viz,frame_processed,0,545,7,0.358636,NaN,10,NaN,NaN,NaN,NaN,NaN,NaN,NaN,NaN,NaN,NaN,NaN,NaN,NaN,NaN,NaN,NaN,NaN
18803,18804,InferenceEngine,inference_complete,0,545,NaN,NaN,NaN,1,19.176,41.3,0.909793,13,NaN,NaN,NaN,NaN,NaN,NaN,NaN,NaN,NaN,NaN,NaN,NaN,NaN
18804,18781,Logic,frame_complete,-268457733656721424,545,7,1.22577,75,1,19,41.3,0.909793,13,1.53773,-0.018993,-0.000116497,0.490073,0.417078,32.326,0,0,0,65.55,26.5887,42.4404,0
18815,18816,CameraCapture,frame_captured,0,546,7,0.246016,75,NaN,NaN,NaN,NaN,NaN,NaN,NaN,NaN,NaN,NaN,NaN,NaN,NaN,NaN,NaN,NaN,NaN,NaN
18817,18817,ImageProcessor_TPU,frame_processed,0,546,7,1.67345,75,1,NaN,NaN,NaN,NaN,NaN,NaN,NaN,NaN,NaN,NaN,NaN,NaN,NaN,NaN,NaN,NaN,NaN
18826,18827,ImageProcessor_Viz,frame_processed,0,546,7,0.365173,NaN,11,NaN,NaN,NaN,NaN,NaN,NaN,NaN,NaN,NaN,NaN,NaN,NaN,NaN,NaN,NaN,NaN,NaN
18836,18837,InferenceEngine,inference_complete,0,546,NaN,NaN,NaN,1,18.791,41.3,0.909793,12,NaN,NaN,NaN,NaN,NaN,NaN,NaN,NaN,NaN,NaN,NaN,NaN,NaN
18836,18814,Logic,frame_complete,-268457733656721424,546,7,1.67345,75,1,19,41.3,0.909793,12,1.53773,-0.0180606,4.73112e-05,0.490107,0.418109,32.434,0,0,0,65.55,26.5887,42.4404,0
18848,18849,CameraCapture,frame_captured,0,547,7,0.191362,75,NaN,NaN,NaN,NaN,NaN,NaN,NaN,NaN,NaN,NaN,NaN,NaN,NaN,NaN,NaN,NaN,NaN,NaN
18850,18850,ImageProcessor_TPU,frame_processed,0,547,7,0.883096,75,0,NaN,NaN,NaN,NaN,NaN,NaN,NaN,NaN,NaN,NaN,NaN,NaN,NaN,NaN,NaN,NaN,NaN
18857,18857,ImageProcessor_Viz,frame_processed,0,547,7,0.365339,NaN,7,NaN,NaN,NaN,NaN,NaN,NaN,NaN,NaN,NaN,NaN,NaN,NaN,NaN,NaN,NaN,NaN,NaN
18869,18869,InferenceEngine,inference_complete,0,547,NaN,NaN,NaN,0,18.793,41.3,0.941165,12,NaN,NaN,NaN,NaN,NaN,NaN,NaN,NaN,NaN,NaN,NaN,NaN,NaN
18869,18847,Logic,frame_complete,-268457733656721424,547,7,0.883096,75,0,18,41.3,0.941165,12,1.53019,-0.0184382,-1.01328e-05,0.490095,0.418018,32.879,0,0,0,65.55,26.5887,42.4404,0
18883,18884,CameraCapture,frame_captured,0,548,7,0.253677,75,NaN,NaN,NaN,NaN,NaN,NaN,NaN,NaN,NaN,NaN,NaN,NaN,NaN,NaN,NaN,NaN,NaN,NaN
18885,18885,ImageProcessor_TPU,frame_processed,0,548,7,1.35422,75,1,NaN,NaN,NaN,NaN,NaN,NaN,NaN,NaN,NaN,NaN,NaN,NaN,NaN,NaN,NaN,NaN,NaN
18892,18893,ImageProcessor_Viz,frame_processed,0,548,7,0.363969,NaN,9,NaN,NaN,NaN,NaN,NaN,NaN,NaN,NaN,NaN,NaN,NaN,NaN,NaN,NaN,NaN,NaN,NaN
18904,18905,InferenceEngine,inference_complete,0,548,NaN,NaN,NaN,1,18.891,41.3,0.941165,12,NaN,NaN,NaN,NaN,NaN,NaN,NaN,NaN,NaN,NaN,NaN,NaN,NaN
18904,18882,Logic,frame_complete,-268457733656721424,548,7,1.35422,75,1,19,41.3,0.941165,12,1.52565,-0.018546,-1.0103e-05,0.490024,0.417551,35.054,0,0,0,65.55,26.5887,42.4404,0
18915,18916,CameraCapture,frame_captured,0,549,7,0.27955,75,NaN,NaN,NaN,NaN,NaN,NaN,NaN,NaN,NaN,NaN,NaN,NaN,NaN,NaN,NaN,NaN,NaN,NaN
18916,18917,ImageProcessor_TPU,frame_processed,0,549,7,0.848005,75,1,NaN,NaN,NaN,NaN,NaN,NaN,NaN,NaN,NaN,NaN,NaN,NaN,NaN,NaN,NaN,NaN,NaN
18925,18926,ImageProcessor_Viz,frame_processed,0,549,7,0.343358,NaN,10,NaN,NaN,NaN,NaN,NaN,NaN,NaN,NaN,NaN,NaN,NaN,NaN,NaN,NaN,NaN,NaN,NaN
18936,18937,InferenceEngine,inference_complete,0,549,NaN,NaN,NaN,1,19.782,41.3,0.933322,12,NaN,NaN,NaN,NaN,NaN,NaN,NaN,NaN,NaN,NaN,NaN,NaN,NaN
18937,18914,Logic,frame_complete,-268457733656721424,549,7,0.848005,75,1,20,41.3,0.933322,12,1.51695,-0.0187543,-1.00434e-05,0.489887,0.416649,32.52,0,0,0,65.55,26.5887,42.4404,0
18949,18950,CameraCapture,frame_captured,0,550,7,0.17743,75,NaN,NaN,NaN,NaN,NaN,NaN,NaN,NaN,NaN,NaN,NaN,NaN,NaN,NaN,NaN,NaN,NaN,NaN
18950,18951,ImageProcessor_TPU,frame_processed,0,550,7,0.773681,75,0,NaN,NaN,NaN,NaN,NaN,NaN,NaN,NaN,NaN,NaN,NaN,NaN,NaN,NaN,NaN,NaN,NaN
18958,18958,ImageProcessor_Viz,frame_processed,0,550,7,0.347117,NaN,8,NaN,NaN,NaN,NaN,NaN,NaN,NaN,NaN,NaN,NaN,NaN,NaN,NaN,NaN,NaN,NaN,NaN
18970,18971,InferenceEngine,inference_complete,0,550,NaN,NaN,NaN,0,19.168,41.3,0.921557,12,NaN,NaN,NaN,NaN,NaN,NaN,NaN,NaN,NaN,NaN,NaN,NaN,NaN
18970,18948,Logic,frame_complete,-268457733656721424,550,7,0.773681,75,0,20,41.3,0.921557,12,1.50394,-0.0190695,-9.9577e-06,0.489679,0.415282,33.607,0,0,0,65.55,26.5887,42.4404,0
18981,18982,CameraCapture,frame_captured,0,551,7,0.192311,75,NaN,NaN,NaN,NaN,NaN,NaN,NaN,NaN,NaN,NaN,NaN,NaN,NaN,NaN,NaN,NaN,NaN,NaN
18982,18983,ImageProcessor_TPU,frame_processed,0,551,7,0.797951,75,0,NaN,NaN,NaN,NaN,NaN,NaN,NaN,NaN,NaN,NaN,NaN,NaN,NaN,NaN,NaN,NaN,NaN
18990,18990,ImageProcessor_Viz,frame_processed,0,551,7,0.385377,NaN,8,NaN,NaN,NaN,NaN,NaN,NaN,NaN,NaN,NaN,NaN,NaN,NaN,NaN,NaN,NaN,NaN,NaN
19002,19002,InferenceEngine,inference_complete,0,551,NaN,NaN,NaN,0,19.177,41.3,0.921557,12,NaN,NaN,NaN,NaN,NaN,NaN,NaN,NaN,NaN,NaN,NaN,NaN,NaN
19002,18980,Logic,frame_complete,-268457733656721424,551,7,0.797951,75,0,19,41.3,0.921557,12,1.48688,-0.0194899,-9.84594e-06,0.4894,0.413457,31.66,0,0,0,65.55,26.5887,42.4404,0
19015,19016,CameraCapture,frame_captured,0,552,7,0.153925,75,NaN,NaN,NaN,NaN,NaN,NaN,NaN,NaN,NaN,NaN,NaN,NaN,NaN,NaN,NaN,NaN,NaN,NaN
19016,19017,ImageProcessor_TPU,frame_processed,0,552,7,0.743973,75,0,NaN,NaN,NaN,NaN,NaN,NaN,NaN,NaN,NaN,NaN,NaN,NaN,NaN,NaN,NaN,NaN,NaN
19023,19024,ImageProcessor_Viz,frame_processed,0,552,7,0.347932,NaN,7,NaN,NaN,NaN,NaN,NaN,NaN,NaN,NaN,NaN,NaN,NaN,NaN,NaN,NaN,NaN,NaN,NaN
19036,19036,InferenceEngine,inference_complete,0,552,NaN,NaN,NaN,0,18.956,41.3,0.933322,12,NaN,NaN,NaN,NaN,NaN,NaN,NaN,NaN,NaN,NaN,NaN,NaN,NaN
19036,19014,Logic,frame_complete,-268457733656721424,552,7,0.743973,75,0,19,41.3,0.933322,12,1.46547,-0.020029,-9.70438e-06,0.489041,0.411112,33.979,0,0,0,65.55,26.5887,42.4404,0
19048,19049,CameraCapture,frame_captured,0,553,7,0.160241,75,NaN,NaN,NaN,NaN,NaN,NaN,NaN,NaN,NaN,NaN,NaN,NaN,NaN,NaN,NaN,NaN,NaN,NaN
19049,19050,ImageProcessor_TPU,frame_processed,0,553,7,1.48545,75,0,NaN,NaN,NaN,NaN,NaN,NaN,NaN,NaN,NaN,NaN,NaN,NaN,NaN,NaN,NaN,NaN,NaN
19059,19060,ImageProcessor_Viz,frame_processed,0,553,7,0.40097,NaN,11,NaN,NaN,NaN,NaN,NaN,NaN,NaN,NaN,NaN,NaN,NaN,NaN,NaN,NaN,NaN,NaN,NaN
19068,19069,InferenceEngine,inference_complete,0,553,NaN,NaN,NaN,0,18.686,41.3,0.921557,12,NaN,NaN,NaN,NaN,NaN,NaN,NaN,NaN,NaN,NaN,NaN,NaN,NaN
19069,19047,Logic,frame_complete,-268457733656721424,553,7,1.48545,75,0,19,41.3,0.921557,12,0,0,0,0.5,0.5,0,0,0,0,65.55,26.5887,42.4404,0
19082,19083,CameraCapture,frame_captured,0,554,7,0.149062,75,NaN,NaN,NaN,NaN,NaN,NaN,NaN,NaN,NaN,NaN,NaN,NaN,NaN,NaN,NaN,NaN,NaN,NaN
19083,19084,ImageProcessor_TPU,frame_processed,0,554,7,0.84726,75,0,NaN,NaN,NaN,NaN,NaN,NaN,NaN,NaN,NaN,NaN,NaN,NaN,NaN,NaN,NaN,NaN,NaN
19090,19091,ImageProcessor_Viz,frame_processed,0,554,7,0.384877,NaN,8,NaN,NaN,NaN,NaN,NaN,NaN,NaN,NaN,NaN,NaN,NaN,NaN,NaN,NaN,NaN,NaN,NaN
19103,19103,InferenceEngine,inference_complete,0,554,NaN,NaN,NaN,0,19.133,41.3,0.933322,12,NaN,NaN,NaN,NaN,NaN,NaN,NaN,NaN,NaN,NaN,NaN,NaN,NaN
19103,19081,Logic,frame_complete,-268457733656721424,554,7,0.84726,75,0,19,41.3,0.933322,12,3.10621,0.896251,0.0788955,0.5,0.5,34.414,0,0,0,65.55,26.5887,42.4404,0
19115,19116,CameraCapture,frame_captured,0,555,7,0.152256,75,NaN,NaN,NaN,NaN,NaN,NaN,NaN,NaN,NaN,NaN,NaN,NaN,NaN,NaN,NaN,NaN,NaN,NaN
19117,19118,ImageProcessor_TPU,frame_processed,0,555,7,1.23089,75,1,NaN,NaN,NaN,NaN,NaN,NaN,NaN,NaN,NaN,NaN,NaN,NaN,NaN,NaN,NaN,NaN,NaN
19123,19124,ImageProcessor_Viz,frame_processed,0,555,7,0.386451,NaN,8,NaN,NaN,NaN,NaN,NaN,NaN,NaN,NaN,NaN,NaN,NaN,NaN,NaN,NaN,NaN,NaN,NaN
19137,19137,InferenceEngine,inference_complete,0,555,NaN,NaN,NaN,1,19.47,41.3,0.921557,12,NaN,NaN,NaN,NaN,NaN,NaN,NaN,NaN,NaN,NaN,NaN,NaN,NaN
19137,19114,Logic,frame_complete,-268457733656721424,555,7,1.23089,75,1,19,41.3,0.921557,12,3.07575,-0.0234063,5.83902e-05,0.491923,0.407517,33.909,0,0,0,65.55,26.5887,42.4404,0
19148,19149,CameraCapture,frame_captured,0,556,7,0.151471,75,NaN,NaN,NaN,NaN,NaN,NaN,NaN,NaN,NaN,NaN,NaN,NaN,NaN,NaN,NaN,NaN,NaN,NaN
19149,19150,ImageProcessor_TPU,frame_processed,0,556,7,0.745648,75,0,NaN,NaN,NaN,NaN,NaN,NaN,NaN,NaN,NaN,NaN,NaN,NaN,NaN,NaN,NaN,NaN,NaN
19156,19157,ImageProcessor_Viz,frame_processed,0,556,7,0.352858,NaN,7,NaN,NaN,NaN,NaN,NaN,NaN,NaN,NaN,NaN,NaN,NaN,NaN,NaN,NaN,NaN,NaN,NaN
19169,19170,InferenceEngine,inference_complete,0,556,NaN,NaN,NaN,0,19.266,41.3,0.921557,12,NaN,NaN,NaN,NaN,NaN,NaN,NaN,NaN,NaN,NaN,NaN,NaN,NaN
19169,19147,Logic,frame_complete,-268457733656721424,556,7,0.745648,75,0,19,41.3,0.921557,12,3.07575,-0.0233836,-2.36928e-05,0.491914,0.407519,32.437,0,0,0,65.55,26.5887,42.4404,0
19182,19183,CameraCapture,frame_captured,0,557,7,0.2159,75,NaN,NaN,NaN,NaN,NaN,NaN,NaN,NaN,NaN,NaN,NaN,NaN,NaN,NaN,NaN,NaN,NaN,NaN
19183,19184,ImageProcessor_TPU,frame_processed,0,557,7,0.967802,75,0,NaN,NaN,NaN,NaN,NaN,NaN,NaN,NaN,NaN,NaN,NaN,NaN,NaN,NaN,NaN,NaN,NaN
19191,19192,ImageProcessor_Viz,frame_processed,0,557,7,0.390396,NaN,8,NaN,NaN,NaN,NaN,NaN,NaN,NaN,NaN,NaN,NaN,NaN,NaN,NaN,NaN,NaN,NaN,NaN
19208,19208,InferenceEngine,inference_complete,0,557,NaN,NaN,NaN,0,22.583,41.3,0.921557,12,NaN,NaN,NaN,NaN,NaN,NaN,NaN,NaN,NaN,NaN,NaN,NaN,NaN
19208,19181,Logic,frame_complete,-268457733656721424,557,7,0.967802,75,0,22,41.3,0.921557,12,3.07575,-0.0233928,9.6485e-06,0.491918,0.407518,38.601,0,0,0,65.55,26.5887,42.4404,0
19216,19217,CameraCapture,frame_captured,0,558,7,0.660206,75,NaN,NaN,NaN,NaN,NaN,NaN,NaN,NaN,NaN,NaN,NaN,NaN,NaN,NaN,NaN,NaN,NaN,NaN
19218,19219,ImageProcessor_TPU,frame_processed,0,558,7,1.46844,75,0,NaN,NaN,NaN,NaN,NaN,NaN,NaN,NaN,NaN,NaN,NaN,NaN,NaN,NaN,NaN,NaN,NaN
19226,19227,ImageProcessor_Viz,frame_processed,0,558,7,0.479379,NaN,9,NaN,NaN,NaN,NaN,NaN,NaN,NaN,NaN,NaN,NaN,NaN,NaN,NaN,NaN,NaN,NaN,NaN
19240,19241,InferenceEngine,inference_complete,0,558,NaN,NaN,NaN,0,21.82,41.3,0.933322,13,NaN,NaN,NaN,NaN,NaN,NaN,NaN,NaN,NaN,NaN,NaN,NaN,NaN
19241,19215,Logic,frame_complete,-268457733656721424,558,7,1.46844,75,0,22,41.3,0.933322,13,3.07228,-0.0234162,9.64105e-06,0.491918,0.407417,32.556,0,0,0,65.55,26.5887,42.4404,0
19252,19253,CameraCapture,frame_captured,0,559,7,0.461949,75,NaN,NaN,NaN,NaN,NaN,NaN,NaN,NaN,NaN,NaN,NaN,NaN,NaN,NaN,NaN,NaN,NaN,NaN
19256,19257,ImageProcessor_TPU,frame_processed,0,559,7,2.97703,75,1,NaN,NaN,NaN,NaN,NaN,NaN,NaN,NaN,NaN,NaN,NaN,NaN,NaN,NaN,NaN,NaN,NaN
19267,19267,ImageProcessor_Viz,frame_processed,0,559,7,1.54503,NaN,12,NaN,NaN,NaN,NaN,NaN,NaN,NaN,NaN,NaN,NaN,NaN,NaN,NaN,NaN,NaN,NaN,NaN
19279,19280,InferenceEngine,inference_complete,0,559,NaN,NaN,NaN,1,23.067,41.3,0.921557,13,NaN,NaN,NaN,NaN,NaN,NaN,NaN,NaN,NaN,NaN,NaN,NaN,NaN
19280,19251,Logic,frame_complete,-268457733656721424,559,7,2.97703,75,1,23,41.3,0.921557,13,3.06472,-0.0234671,9.61125e-06,0.491918,0.407196,38.932,0,0,0,65.55,26.5887,42.4404,0
19282,19283,CameraCapture,frame_captured,0,560,7,0.173992,75,NaN,NaN,NaN,NaN,NaN,NaN,NaN,NaN,NaN,NaN,NaN,NaN,NaN,NaN,NaN,NaN,NaN,NaN
19283,19284,ImageProcessor_TPU,frame_processed,0,560,7,0.80204,75,0,NaN,NaN,NaN,NaN,NaN,NaN,NaN,NaN,NaN,NaN,NaN,NaN,NaN,NaN,NaN,NaN,NaN
19290,19291,ImageProcessor_Viz,frame_processed,0,560,7,0.334747,NaN,8,NaN,NaN,NaN,NaN,NaN,NaN,NaN,NaN,NaN,NaN,NaN,NaN,NaN,NaN,NaN,NaN,NaN
19306,19307,InferenceEngine,inference_complete,0,560,NaN,NaN,NaN,0,20.36,41.3,0.921557,13,NaN,NaN,NaN,NaN,NaN,NaN,NaN,NaN,NaN,NaN,NaN,NaN,NaN
19306,19281,Logic,frame_complete,-268457733656721424,560,7,0.80204,75,0,21,41.3,0.921557,13,3.05436,-0.0235374,9.58145e-06,0.491918,0.406892,26.623,0,0,0,65.55,26.5887,42.4404,0
19315,19316,CameraCapture,frame_captured,0,561,7,0.180342,75,NaN,NaN,NaN,NaN,NaN,NaN,NaN,NaN,NaN,NaN,NaN,NaN,NaN,NaN,NaN,NaN,NaN,NaN
19316,19316,ImageProcessor_TPU,frame_processed,0,561,7,0.730815,75,1,NaN,NaN,NaN,NaN,NaN,NaN,NaN,NaN,NaN,NaN,NaN,NaN,NaN,NaN,NaN,NaN,NaN
19323,19324,ImageProcessor_Viz,frame_processed,0,561,7,0.335265,NaN,7,NaN,NaN,NaN,NaN,NaN,NaN,NaN,NaN,NaN,NaN,NaN,NaN,NaN,NaN,NaN,NaN,NaN
19336,19336,InferenceEngine,inference_complete,0,561,NaN,NaN,NaN,1,19.002,41.3,0.921557,13,NaN,NaN,NaN,NaN,NaN,NaN,NaN,NaN,NaN,NaN,NaN,NaN,NaN
19336,19314,Logic,frame_complete,-268457733656721424,561,7,0.730815,75,1,19,41.3,0.921557,13,3.04087,-0.0236294,9.53674e-06,0.491918,0.406493,29.715,0,0,0,65.55,26.5887,42.4404,0
19348,19348,CameraCapture,frame_captured,0,562,7,0.168587,75,NaN,NaN,NaN,NaN,NaN,NaN,NaN,NaN,NaN,NaN,NaN,NaN,NaN,NaN,NaN,NaN,NaN,NaN
19349,19349,ImageProcessor_TPU,frame_processed,0,562,7,0.730319,75,0,NaN,NaN,NaN,NaN,NaN,NaN,NaN,NaN,NaN,NaN,NaN,NaN,NaN,NaN,NaN,NaN,NaN
19356,19357,ImageProcessor_Viz,frame_processed,0,562,7,0.33695,NaN,8,NaN,NaN,NaN,NaN,NaN,NaN,NaN,NaN,NaN,NaN,NaN,NaN,NaN,NaN,NaN,NaN,NaN
19368,19369,InferenceEngine,inference_complete,0,562,NaN,NaN,NaN,0,19.404,41.3,0.933322,12,NaN,NaN,NaN,NaN,NaN,NaN,NaN,NaN,NaN,NaN,NaN,NaN,NaN
19369,19347,Logic,frame_complete,-268457733656721424,562,7,0.730319,75,0,19,41.3,0.933322,12,3.02396,-0.0237459,9.48459e-06,0.491918,0.405988,32.801,0,0,0,65.55,26.5887,42.4404,0
19383,19383,CameraCapture,frame_captured,0,563,7,0.304888,75,NaN,NaN,NaN,NaN,NaN,NaN,NaN,NaN,NaN,NaN,NaN,NaN,NaN,NaN,NaN,NaN,NaN,NaN
19384,19385,ImageProcessor_TPU,frame_processed,0,563,7,1.22922,75,0,NaN,NaN,NaN,NaN,NaN,NaN,NaN,NaN,NaN,NaN,NaN,NaN,NaN,NaN,NaN,NaN,NaN
19394,19395,ImageProcessor_Viz,frame_processed,0,563,7,0.461619,NaN,11,NaN,NaN,NaN,NaN,NaN,NaN,NaN,NaN,NaN,NaN,NaN,NaN,NaN,NaN,NaN,NaN,NaN
19407,19408,InferenceEngine,inference_complete,0,563,NaN,NaN,NaN,0,22.638,41.3,0.909793,13,NaN,NaN,NaN,NaN,NaN,NaN,NaN,NaN,NaN,NaN,NaN,NaN,NaN
19408,19382,Logic,frame_complete,-268457733656721424,563,7,1.22922,75,0,23,41.3,0.909793,13,1.53773,-0.0187733,0.000288323,0.490157,0.41712,39.193,0,0,0,65.55,26.5887,42.4404,0
19417,19418,CameraCapture,frame_captured,0,564,7,0.400777,75,NaN,NaN,NaN,NaN,NaN,NaN,NaN,NaN,NaN,NaN,NaN,NaN,NaN,NaN,NaN,NaN,NaN,NaN
19419,19420,ImageProcessor_TPU,frame_processed,0,564,7,1.4135,75,0,NaN,NaN,NaN,NaN,NaN,NaN,NaN,NaN,NaN,NaN,NaN,NaN,NaN,NaN,NaN,NaN,NaN
19428,19429,ImageProcessor_Viz,frame_processed,0,564,7,0.479175,NaN,10,NaN,NaN,NaN,NaN,NaN,NaN,NaN,NaN,NaN,NaN,NaN,NaN,NaN,NaN,NaN,NaN,NaN
19441,19442,InferenceEngine,inference_complete,0,564,NaN,NaN,NaN,0,21.31,41.3,0.909793,12,NaN,NaN,NaN,NaN,NaN,NaN,NaN,NaN,NaN,NaN,NaN,NaN,NaN
19441,19416,Logic,frame_complete,-268457733656721424,564,7,1.4135,75,0,22,41.3,0.909793,12,1.53019,-0.0184724,-0.000107922,0.490075,0.417161,33.433,0,0,0,65.55,26.5887,42.4404,0
19452,19452,CameraCapture,frame_captured,0,565,7,0.681878,75,NaN,NaN,NaN,NaN,NaN,NaN,NaN,NaN,NaN,NaN,NaN,NaN,NaN,NaN,NaN,NaN,NaN,NaN
19454,19455,ImageProcessor_TPU,frame_processed,0,565,7,2.25592,75,1,NaN,NaN,NaN,NaN,NaN,NaN,NaN,NaN,NaN,NaN,NaN,NaN,NaN,NaN,NaN,NaN,NaN
19461,19462,ImageProcessor_Viz,frame_processed,0,565,7,0.430026,NaN,9,NaN,NaN,NaN,NaN,NaN,NaN,NaN,NaN,NaN,NaN,NaN,NaN,NaN,NaN,NaN,NaN,NaN
19476,19476,InferenceEngine,inference_complete,0,565,NaN,NaN,NaN,1,21.058,41.3,0.921557,13,NaN,NaN,NaN,NaN,NaN,NaN,NaN,NaN,NaN,NaN,NaN,NaN,NaN
19476,19450,Logic,frame_complete,-268457733656721424,565,7,2.25592,75,1,21,41.3,0.921557,13,1.53773,-0.0187466,3.55169e-05,0.490105,0.417126,34.689,0,0,0,65.55,26.5887,42.4404,0
19482,19482,CameraCapture,frame_captured,0,566,7,0.167811,75,NaN,NaN,NaN,NaN,NaN,NaN,NaN,NaN,NaN,NaN,NaN,NaN,NaN,NaN,NaN,NaN,NaN,NaN
19483,19484,ImageProcessor_TPU,frame_processed,0,566,7,0.777174,75,0,NaN,NaN,NaN,NaN,NaN,NaN,NaN,NaN,NaN,NaN,NaN,NaN,NaN,NaN,NaN,NaN,NaN
19490,19490,ImageProcessor_Viz,frame_processed,0,566,7,0.344635,NaN,8,NaN,NaN,NaN,NaN,NaN,NaN,NaN,NaN,NaN,NaN,NaN,NaN,NaN,NaN,NaN,NaN,NaN
19502,19503,InferenceEngine,inference_complete,0,566,NaN,NaN,NaN,0,18.79,41.3,0.909793,12,NaN,NaN,NaN,NaN,NaN,NaN,NaN,NaN,NaN,NaN,NaN,NaN,NaN
19503,19480,Logic,frame_complete,-268457733656721424,566,7,0.777174,75,0,19,41.3,0.909793,12,1.53773,-0.0215651,0,0.491917,0.405646,26.588,0,0,0,65.55,26.5887,42.4404,0
19514,19515,CameraCapture,frame_captured,0,567,7,0.160383,75,NaN,NaN,NaN,NaN,NaN,NaN,NaN,NaN,NaN,NaN,NaN,NaN,NaN,NaN,NaN,NaN,NaN,NaN
19516,19516,ImageProcessor_TPU,frame_processed,0,567,7,1.04564,75,1,NaN,NaN,NaN,NaN,NaN,NaN,NaN,NaN,NaN,NaN,NaN,NaN,NaN,NaN,NaN,NaN,NaN
19522,19523,ImageProcessor_Viz,frame_processed,0,567,7,0.340358,NaN,8,NaN,NaN,NaN,NaN,NaN,NaN,NaN,NaN,NaN,NaN,NaN,NaN,NaN,NaN,NaN,NaN,NaN
19536,19536,InferenceEngine,inference_complete,0,567,NaN,NaN,NaN,1,19.599,41.3,0.909793,12,NaN,NaN,NaN,NaN,NaN,NaN,NaN,NaN,NaN,NaN,NaN,NaN,NaN
19536,19513,Logic,frame_complete,-268457733656721424,567,7,1.04564,75,1,19,41.3,0.909793,12,1.53773,-0.0215651,0,0.491917,0.405646,33.307,0,0,0,65.55,26.5887,42.4404,0
19548,19549,CameraCapture,frame_captured,0,568,7,0.251371,75,NaN,NaN,NaN,NaN,NaN,NaN,NaN,NaN,NaN,NaN,NaN,NaN,NaN,NaN,NaN,NaN,NaN,NaN
19550,19551,ImageProcessor_TPU,frame_processed,0,568,7,1.43795,75,0,NaN,NaN,NaN,NaN,NaN,NaN,NaN,NaN,NaN,NaN,NaN,NaN,NaN,NaN,NaN,NaN,NaN
19557,19557,ImageProcessor_Viz,frame_processed,0,568,7,0.348599,NaN,8,NaN,NaN,NaN,NaN,NaN,NaN,NaN,NaN,NaN,NaN,NaN,NaN,NaN,NaN,NaN,NaN,NaN
19570,19571,InferenceEngine,inference_complete,0,568,NaN,NaN,NaN,0,19.747,41.3,0.909793,12,NaN,NaN,NaN,NaN,NaN,NaN,NaN,NaN,NaN,NaN,NaN,NaN,NaN
19571,19547,Logic,frame_complete,-268457733656721424,568,7,1.43795,75,0,19,41.3,0.909793,12,1.53773,-0.0215678,0.000318296,0.493803,0.405646,35.186,0,0,0,65.55,26.5887,42.4404,0
19581,19582,CameraCapture,frame_captured,0,569,7,0.160761,75,NaN,NaN,NaN,NaN,NaN,NaN,NaN,NaN,NaN,NaN,NaN,NaN,NaN,NaN,NaN,NaN,NaN,NaN
19583,19583,ImageProcessor_TPU,frame_processed,0,569,7,0.802532,75,1,NaN,NaN,NaN,NaN,NaN,NaN,NaN,NaN,NaN,NaN,NaN,NaN,NaN,NaN,NaN,NaN,NaN
19593,19593,ImageProcessor_Viz,frame_processed,0,569,7,0.333432,NaN,11,NaN,NaN,NaN,NaN,NaN,NaN,NaN,NaN,NaN,NaN,NaN,NaN,NaN,NaN,NaN,NaN,NaN
