The system is: Linux - 6.6.51+rpt-rpi-v8 - aarch64
Compiling the CXX compiler identification source file "CMakeCXXCompilerId.cpp" succeeded.
Compiler: /usr/bin/c++ 
Build flags: 
Id flags:  

The output was:
0


Compilation of the CXX compiler identification source "CMakeCXXCompilerId.cpp" produced "a.out"

The CXX compiler identification is GNU, found in "/home/pi/CoralEdgeTpu/CMakeFiles/3.25.1/CompilerIdCXX/a.out"

Compiling the C compiler identification source file "CMakeCCompilerId.c" succeeded.
Compiler: /usr/bin/cc 
Build flags: 
Id flags:  

The output was:
0


Compilation of the C compiler identification source "CMakeCCompilerId.c" produced "a.out"

The C compiler identification is GNU, found in "/home/pi/CoralEdgeTpu/CMakeFiles/3.25.1/CompilerIdC/a.out"

Detecting CXX compiler ABI info compiled with the following output:
Change Dir: /home/pi/CoralEdgeTpu/CMakeFiles/CMakeScratch/TryCompile-RuF04S

Run Build Command(s):/usr/bin/gmake -f Makefile cmTC_7b352/fast && /usr/bin/gmake  -f CMakeFiles/cmTC_7b352.dir/build.make CMakeFiles/cmTC_7b352.dir/build
gmake[1]: Entering directory '/home/pi/CoralEdgeTpu/CMakeFiles/CMakeScratch/TryCompile-RuF04S'
Building CXX object CMakeFiles/cmTC_7b352.dir/CMakeCXXCompilerABI.cpp.o
/usr/bin/c++   -v -o CMakeFiles/cmTC_7b352.dir/CMakeCXXCompilerABI.cpp.o -c /usr/share/cmake-3.25/Modules/CMakeCXXCompilerABI.cpp
Using built-in specs.
COLLECT_GCC=/usr/bin/c++
Target: aarch64-linux-gnu
Configured with: ../src/configure -v --with-pkgversion='Debian 12.2.0-14+deb12u1' --with-bugurl=file:///usr/share/doc/gcc-12/README.Bugs --enable-languages=c,ada,c++,go,d,fortran,objc,obj-c++,m2 --prefix=/usr --with-gcc-major-version-only --program-suffix=-12 --program-prefix=aarch64-linux-gnu- --enable-shared --enable-linker-build-id --libexecdir=/usr/lib --without-included-gettext --enable-threads=posix --libdir=/usr/lib --enable-nls --enable-clocale=gnu --enable-libstdcxx-debug --enable-libstdcxx-time=yes --with-default-libstdcxx-abi=new --enable-gnu-unique-object --disable-libquadmath --disable-libquadmath-support --enable-plugin --enable-default-pie --with-system-zlib --enable-libphobos-checking=release --with-target-system-zlib=auto --enable-objc-gc=auto --enable-multiarch --enable-fix-cortex-a53-843419 --disable-werror --enable-checking=release --build=aarch64-linux-gnu --host=aarch64-linux-gnu --target=aarch64-linux-gnu
Thread model: posix
Supported LTO compression algorithms: zlib zstd
gcc version 12.2.0 (Debian 12.2.0-14+deb12u1) 
COLLECT_GCC_OPTIONS='-v' '-o' 'CMakeFiles/cmTC_7b352.dir/CMakeCXXCompilerABI.cpp.o' '-c' '-shared-libgcc' '-mlittle-endian' '-mabi=lp64' '-dumpdir' 'CMakeFiles/cmTC_7b352.dir/'
 /usr/lib/gcc/aarch64-linux-gnu/12/cc1plus -quiet -v -imultiarch aarch64-linux-gnu -D_GNU_SOURCE /usr/share/cmake-3.25/Modules/CMakeCXXCompilerABI.cpp -quiet -dumpdir CMakeFiles/cmTC_7b352.dir/ -dumpbase CMakeCXXCompilerABI.cpp.cpp -dumpbase-ext .cpp -mlittle-endian -mabi=lp64 -version -fasynchronous-unwind-tables -o /tmp/cc5u2p9M.s
GNU C++17 (Debian 12.2.0-14+deb12u1) version 12.2.0 (aarch64-linux-gnu)
	compiled by GNU C version 12.2.0, GMP version 6.2.1, MPFR version 4.2.0, MPC version 1.3.1, isl version isl-0.25-GMP

GGC heuristics: --param ggc-min-expand=100 --param ggc-min-heapsize=131072
ignoring duplicate directory "/usr/include/aarch64-linux-gnu/c++/12"
ignoring nonexistent directory "/usr/local/include/aarch64-linux-gnu"
ignoring nonexistent directory "/usr/lib/gcc/aarch64-linux-gnu/12/include-fixed"
ignoring nonexistent directory "/usr/lib/gcc/aarch64-linux-gnu/12/../../../../aarch64-linux-gnu/include"
#include "..." search starts here:
#include <...> search starts here:
 /usr/include/c++/12
 /usr/include/aarch64-linux-gnu/c++/12
 /usr/include/c++/12/backward
 /usr/lib/gcc/aarch64-linux-gnu/12/include
 /usr/local/include
 /usr/include/aarch64-linux-gnu
 /usr/include
End of search list.
GNU C++17 (Debian 12.2.0-14+deb12u1) version 12.2.0 (aarch64-linux-gnu)
	compiled by GNU C version 12.2.0, GMP version 6.2.1, MPFR version 4.2.0, MPC version 1.3.1, isl version isl-0.25-GMP

GGC heuristics: --param ggc-min-expand=100 --param ggc-min-heapsize=131072
Compiler executable checksum: d9103456b43be91192fb7c39dd0b8040
COLLECT_GCC_OPTIONS='-v' '-o' 'CMakeFiles/cmTC_7b352.dir/CMakeCXXCompilerABI.cpp.o' '-c' '-shared-libgcc' '-mlittle-endian' '-mabi=lp64' '-dumpdir' 'CMakeFiles/cmTC_7b352.dir/'
 as -v -EL -mabi=lp64 -o CMakeFiles/cmTC_7b352.dir/CMakeCXXCompilerABI.cpp.o /tmp/cc5u2p9M.s
GNU assembler version 2.40 (aarch64-linux-gnu) using BFD version (GNU Binutils for Debian) 2.40
COMPILER_PATH=/usr/lib/gcc/aarch64-linux-gnu/12/:/usr/lib/gcc/aarch64-linux-gnu/12/:/usr/lib/gcc/aarch64-linux-gnu/:/usr/lib/gcc/aarch64-linux-gnu/12/:/usr/lib/gcc/aarch64-linux-gnu/
LIBRARY_PATH=/usr/lib/gcc/aarch64-linux-gnu/12/:/usr/lib/gcc/aarch64-linux-gnu/12/../../../aarch64-linux-gnu/:/usr/lib/gcc/aarch64-linux-gnu/12/../../../../lib/:/lib/aarch64-linux-gnu/:/lib/../lib/:/usr/lib/aarch64-linux-gnu/:/usr/lib/../lib/:/usr/lib/gcc/aarch64-linux-gnu/12/../../../:/lib/:/usr/lib/
COLLECT_GCC_OPTIONS='-v' '-o' 'CMakeFiles/cmTC_7b352.dir/CMakeCXXCompilerABI.cpp.o' '-c' '-shared-libgcc' '-mlittle-endian' '-mabi=lp64' '-dumpdir' 'CMakeFiles/cmTC_7b352.dir/CMakeCXXCompilerABI.cpp.'
Linking CXX executable cmTC_7b352
/usr/bin/cmake -E cmake_link_script CMakeFiles/cmTC_7b352.dir/link.txt --verbose=1
/usr/bin/c++  -v CMakeFiles/cmTC_7b352.dir/CMakeCXXCompilerABI.cpp.o -o cmTC_7b352 
Using built-in specs.
COLLECT_GCC=/usr/bin/c++
COLLECT_LTO_WRAPPER=/usr/lib/gcc/aarch64-linux-gnu/12/lto-wrapper
Target: aarch64-linux-gnu
Configured with: ../src/configure -v --with-pkgversion='Debian 12.2.0-14+deb12u1' --with-bugurl=file:///usr/share/doc/gcc-12/README.Bugs --enable-languages=c,ada,c++,go,d,fortran,objc,obj-c++,m2 --prefix=/usr --with-gcc-major-version-only --program-suffix=-12 --program-prefix=aarch64-linux-gnu- --enable-shared --enable-linker-build-id --libexecdir=/usr/lib --without-included-gettext --enable-threads=posix --libdir=/usr/lib --enable-nls --enable-clocale=gnu --enable-libstdcxx-debug --enable-libstdcxx-time=yes --with-default-libstdcxx-abi=new --enable-gnu-unique-object --disable-libquadmath --disable-libquadmath-support --enable-plugin --enable-default-pie --with-system-zlib --enable-libphobos-checking=release --with-target-system-zlib=auto --enable-objc-gc=auto --enable-multiarch --enable-fix-cortex-a53-843419 --disable-werror --enable-checking=release --build=aarch64-linux-gnu --host=aarch64-linux-gnu --target=aarch64-linux-gnu
Thread model: posix
Supported LTO compression algorithms: zlib zstd
gcc version 12.2.0 (Debian 12.2.0-14+deb12u1) 
COMPILER_PATH=/usr/lib/gcc/aarch64-linux-gnu/12/:/usr/lib/gcc/aarch64-linux-gnu/12/:/usr/lib/gcc/aarch64-linux-gnu/:/usr/lib/gcc/aarch64-linux-gnu/12/:/usr/lib/gcc/aarch64-linux-gnu/
LIBRARY_PATH=/usr/lib/gcc/aarch64-linux-gnu/12/:/usr/lib/gcc/aarch64-linux-gnu/12/../../../aarch64-linux-gnu/:/usr/lib/gcc/aarch64-linux-gnu/12/../../../../lib/:/lib/aarch64-linux-gnu/:/lib/../lib/:/usr/lib/aarch64-linux-gnu/:/usr/lib/../lib/:/usr/lib/gcc/aarch64-linux-gnu/12/../../../:/lib/:/usr/lib/
COLLECT_GCC_OPTIONS='-v' '-o' 'cmTC_7b352' '-shared-libgcc' '-mlittle-endian' '-mabi=lp64' '-dumpdir' 'cmTC_7b352.'
 /usr/lib/gcc/aarch64-linux-gnu/12/collect2 -plugin /usr/lib/gcc/aarch64-linux-gnu/12/liblto_plugin.so -plugin-opt=/usr/lib/gcc/aarch64-linux-gnu/12/lto-wrapper -plugin-opt=-fresolution=/tmp/ccxrxoD2.res -plugin-opt=-pass-through=-lgcc_s -plugin-opt=-pass-through=-lgcc -plugin-opt=-pass-through=-lc -plugin-opt=-pass-through=-lgcc_s -plugin-opt=-pass-through=-lgcc --build-id --eh-frame-hdr --hash-style=gnu --as-needed -dynamic-linker /lib/ld-linux-aarch64.so.1 -X -EL -maarch64linux --fix-cortex-a53-843419 -pie -o cmTC_7b352 /usr/lib/gcc/aarch64-linux-gnu/12/../../../aarch64-linux-gnu/Scrt1.o /usr/lib/gcc/aarch64-linux-gnu/12/../../../aarch64-linux-gnu/crti.o /usr/lib/gcc/aarch64-linux-gnu/12/crtbeginS.o -L/usr/lib/gcc/aarch64-linux-gnu/12 -L/usr/lib/gcc/aarch64-linux-gnu/12/../../../aarch64-linux-gnu -L/usr/lib/gcc/aarch64-linux-gnu/12/../../../../lib -L/lib/aarch64-linux-gnu -L/lib/../lib -L/usr/lib/aarch64-linux-gnu -L/usr/lib/../lib -L/usr/lib/gcc/aarch64-linux-gnu/12/../../.. CMakeFiles/cmTC_7b352.dir/CMakeCXXCompilerABI.cpp.o -lstdc++ -lm -lgcc_s -lgcc -lc -lgcc_s -lgcc /usr/lib/gcc/aarch64-linux-gnu/12/crtendS.o /usr/lib/gcc/aarch64-linux-gnu/12/../../../aarch64-linux-gnu/crtn.o
COLLECT_GCC_OPTIONS='-v' '-o' 'cmTC_7b352' '-shared-libgcc' '-mlittle-endian' '-mabi=lp64' '-dumpdir' 'cmTC_7b352.'
gmake[1]: Leaving directory '/home/pi/CoralEdgeTpu/CMakeFiles/CMakeScratch/TryCompile-RuF04S'



Parsed CXX implicit include dir info from above output: rv=done
  found start of include info
  found start of implicit include info
    add: [/usr/include/c++/12]
    add: [/usr/include/aarch64-linux-gnu/c++/12]
    add: [/usr/include/c++/12/backward]
    add: [/usr/lib/gcc/aarch64-linux-gnu/12/include]
    add: [/usr/local/include]
    add: [/usr/include/aarch64-linux-gnu]
    add: [/usr/include]
  end of search list found
  collapse include dir [/usr/include/c++/12] ==> [/usr/include/c++/12]
  collapse include dir [/usr/include/aarch64-linux-gnu/c++/12] ==> [/usr/include/aarch64-linux-gnu/c++/12]
  collapse include dir [/usr/include/c++/12/backward] ==> [/usr/include/c++/12/backward]
  collapse include dir [/usr/lib/gcc/aarch64-linux-gnu/12/include] ==> [/usr/lib/gcc/aarch64-linux-gnu/12/include]
  collapse include dir [/usr/local/include] ==> [/usr/local/include]
  collapse include dir [/usr/include/aarch64-linux-gnu] ==> [/usr/include/aarch64-linux-gnu]
  collapse include dir [/usr/include] ==> [/usr/include]
  implicit include dirs: [/usr/include/c++/12;/usr/include/aarch64-linux-gnu/c++/12;/usr/include/c++/12/backward;/usr/lib/gcc/aarch64-linux-gnu/12/include;/usr/local/include;/usr/include/aarch64-linux-gnu;/usr/include]


Parsed CXX implicit link information from above output:
  link line regex: [^( *|.*[/\])(ld|CMAKE_LINK_STARTFILE-NOTFOUND|([^/\]+-)?ld|collect2)[^/\]*( |$)]
  ignore line: [Change Dir: /home/pi/CoralEdgeTpu/CMakeFiles/CMakeScratch/TryCompile-RuF04S]
  ignore line: []
  ignore line: [Run Build Command(s):/usr/bin/gmake -f Makefile cmTC_7b352/fast && /usr/bin/gmake  -f CMakeFiles/cmTC_7b352.dir/build.make CMakeFiles/cmTC_7b352.dir/build]
  ignore line: [gmake[1]: Entering directory '/home/pi/CoralEdgeTpu/CMakeFiles/CMakeScratch/TryCompile-RuF04S']
  ignore line: [Building CXX object CMakeFiles/cmTC_7b352.dir/CMakeCXXCompilerABI.cpp.o]
  ignore line: [/usr/bin/c++   -v -o CMakeFiles/cmTC_7b352.dir/CMakeCXXCompilerABI.cpp.o -c /usr/share/cmake-3.25/Modules/CMakeCXXCompilerABI.cpp]
  ignore line: [Using built-in specs.]
  ignore line: [COLLECT_GCC=/usr/bin/c++]
  ignore line: [Target: aarch64-linux-gnu]
  ignore line: [Configured with: ../src/configure -v --with-pkgversion='Debian 12.2.0-14+deb12u1' --with-bugurl=file:///usr/share/doc/gcc-12/README.Bugs --enable-languages=c ada c++ go d fortran objc obj-c++ m2 --prefix=/usr --with-gcc-major-version-only --program-suffix=-12 --program-prefix=aarch64-linux-gnu- --enable-shared --enable-linker-build-id --libexecdir=/usr/lib --without-included-gettext --enable-threads=posix --libdir=/usr/lib --enable-nls --enable-clocale=gnu --enable-libstdcxx-debug --enable-libstdcxx-time=yes --with-default-libstdcxx-abi=new --enable-gnu-unique-object --disable-libquadmath --disable-libquadmath-support --enable-plugin --enable-default-pie --with-system-zlib --enable-libphobos-checking=release --with-target-system-zlib=auto --enable-objc-gc=auto --enable-multiarch --enable-fix-cortex-a53-843419 --disable-werror --enable-checking=release --build=aarch64-linux-gnu --host=aarch64-linux-gnu --target=aarch64-linux-gnu]
  ignore line: [Thread model: posix]
  ignore line: [Supported LTO compression algorithms: zlib zstd]
  ignore line: [gcc version 12.2.0 (Debian 12.2.0-14+deb12u1) ]
  ignore line: [COLLECT_GCC_OPTIONS='-v' '-o' 'CMakeFiles/cmTC_7b352.dir/CMakeCXXCompilerABI.cpp.o' '-c' '-shared-libgcc' '-mlittle-endian' '-mabi=lp64' '-dumpdir' 'CMakeFiles/cmTC_7b352.dir/']
  ignore line: [ /usr/lib/gcc/aarch64-linux-gnu/12/cc1plus -quiet -v -imultiarch aarch64-linux-gnu -D_GNU_SOURCE /usr/share/cmake-3.25/Modules/CMakeCXXCompilerABI.cpp -quiet -dumpdir CMakeFiles/cmTC_7b352.dir/ -dumpbase CMakeCXXCompilerABI.cpp.cpp -dumpbase-ext .cpp -mlittle-endian -mabi=lp64 -version -fasynchronous-unwind-tables -o /tmp/cc5u2p9M.s]
  ignore line: [GNU C++17 (Debian 12.2.0-14+deb12u1) version 12.2.0 (aarch64-linux-gnu)]
  ignore line: [	compiled by GNU C version 12.2.0  GMP version 6.2.1  MPFR version 4.2.0  MPC version 1.3.1  isl version isl-0.25-GMP]
  ignore line: []
  ignore line: [GGC heuristics: --param ggc-min-expand=100 --param ggc-min-heapsize=131072]
  ignore line: [ignoring duplicate directory "/usr/include/aarch64-linux-gnu/c++/12"]
  ignore line: [ignoring nonexistent directory "/usr/local/include/aarch64-linux-gnu"]
  ignore line: [ignoring nonexistent directory "/usr/lib/gcc/aarch64-linux-gnu/12/include-fixed"]
  ignore line: [ignoring nonexistent directory "/usr/lib/gcc/aarch64-linux-gnu/12/../../../../aarch64-linux-gnu/include"]
  ignore line: [#include "..." search starts here:]
  ignore line: [#include <...> search starts here:]
  ignore line: [ /usr/include/c++/12]
  ignore line: [ /usr/include/aarch64-linux-gnu/c++/12]
  ignore line: [ /usr/include/c++/12/backward]
  ignore line: [ /usr/lib/gcc/aarch64-linux-gnu/12/include]
  ignore line: [ /usr/local/include]
  ignore line: [ /usr/include/aarch64-linux-gnu]
  ignore line: [ /usr/include]
  ignore line: [End of search list.]
  ignore line: [GNU C++17 (Debian 12.2.0-14+deb12u1) version 12.2.0 (aarch64-linux-gnu)]
  ignore line: [	compiled by GNU C version 12.2.0  GMP version 6.2.1  MPFR version 4.2.0  MPC version 1.3.1  isl version isl-0.25-GMP]
  ignore line: []
  ignore line: [GGC heuristics: --param ggc-min-expand=100 --param ggc-min-heapsize=131072]
  ignore line: [Compiler executable checksum: d9103456b43be91192fb7c39dd0b8040]
  ignore line: [COLLECT_GCC_OPTIONS='-v' '-o' 'CMakeFiles/cmTC_7b352.dir/CMakeCXXCompilerABI.cpp.o' '-c' '-shared-libgcc' '-mlittle-endian' '-mabi=lp64' '-dumpdir' 'CMakeFiles/cmTC_7b352.dir/']
  ignore line: [ as -v -EL -mabi=lp64 -o CMakeFiles/cmTC_7b352.dir/CMakeCXXCompilerABI.cpp.o /tmp/cc5u2p9M.s]
  ignore line: [GNU assembler version 2.40 (aarch64-linux-gnu) using BFD version (GNU Binutils for Debian) 2.40]
  ignore line: [COMPILER_PATH=/usr/lib/gcc/aarch64-linux-gnu/12/:/usr/lib/gcc/aarch64-linux-gnu/12/:/usr/lib/gcc/aarch64-linux-gnu/:/usr/lib/gcc/aarch64-linux-gnu/12/:/usr/lib/gcc/aarch64-linux-gnu/]
  ignore line: [LIBRARY_PATH=/usr/lib/gcc/aarch64-linux-gnu/12/:/usr/lib/gcc/aarch64-linux-gnu/12/../../../aarch64-linux-gnu/:/usr/lib/gcc/aarch64-linux-gnu/12/../../../../lib/:/lib/aarch64-linux-gnu/:/lib/../lib/:/usr/lib/aarch64-linux-gnu/:/usr/lib/../lib/:/usr/lib/gcc/aarch64-linux-gnu/12/../../../:/lib/:/usr/lib/]
  ignore line: [COLLECT_GCC_OPTIONS='-v' '-o' 'CMakeFiles/cmTC_7b352.dir/CMakeCXXCompilerABI.cpp.o' '-c' '-shared-libgcc' '-mlittle-endian' '-mabi=lp64' '-dumpdir' 'CMakeFiles/cmTC_7b352.dir/CMakeCXXCompilerABI.cpp.']
  ignore line: [Linking CXX executable cmTC_7b352]
  ignore line: [/usr/bin/cmake -E cmake_link_script CMakeFiles/cmTC_7b352.dir/link.txt --verbose=1]
  ignore line: [/usr/bin/c++  -v CMakeFiles/cmTC_7b352.dir/CMakeCXXCompilerABI.cpp.o -o cmTC_7b352 ]
  ignore line: [Using built-in specs.]
  ignore line: [COLLECT_GCC=/usr/bin/c++]
  ignore line: [COLLECT_LTO_WRAPPER=/usr/lib/gcc/aarch64-linux-gnu/12/lto-wrapper]
  ignore line: [Target: aarch64-linux-gnu]
  ignore line: [Configured with: ../src/configure -v --with-pkgversion='Debian 12.2.0-14+deb12u1' --with-bugurl=file:///usr/share/doc/gcc-12/README.Bugs --enable-languages=c ada c++ go d fortran objc obj-c++ m2 --prefix=/usr --with-gcc-major-version-only --program-suffix=-12 --program-prefix=aarch64-linux-gnu- --enable-shared --enable-linker-build-id --libexecdir=/usr/lib --without-included-gettext --enable-threads=posix --libdir=/usr/lib --enable-nls --enable-clocale=gnu --enable-libstdcxx-debug --enable-libstdcxx-time=yes --with-default-libstdcxx-abi=new --enable-gnu-unique-object --disable-libquadmath --disable-libquadmath-support --enable-plugin --enable-default-pie --with-system-zlib --enable-libphobos-checking=release --with-target-system-zlib=auto --enable-objc-gc=auto --enable-multiarch --enable-fix-cortex-a53-843419 --disable-werror --enable-checking=release --build=aarch64-linux-gnu --host=aarch64-linux-gnu --target=aarch64-linux-gnu]
  ignore line: [Thread model: posix]
  ignore line: [Supported LTO compression algorithms: zlib zstd]
  ignore line: [gcc version 12.2.0 (Debian 12.2.0-14+deb12u1) ]
  ignore line: [COMPILER_PATH=/usr/lib/gcc/aarch64-linux-gnu/12/:/usr/lib/gcc/aarch64-linux-gnu/12/:/usr/lib/gcc/aarch64-linux-gnu/:/usr/lib/gcc/aarch64-linux-gnu/12/:/usr/lib/gcc/aarch64-linux-gnu/]
  ignore line: [LIBRARY_PATH=/usr/lib/gcc/aarch64-linux-gnu/12/:/usr/lib/gcc/aarch64-linux-gnu/12/../../../aarch64-linux-gnu/:/usr/lib/gcc/aarch64-linux-gnu/12/../../../../lib/:/lib/aarch64-linux-gnu/:/lib/../lib/:/usr/lib/aarch64-linux-gnu/:/usr/lib/../lib/:/usr/lib/gcc/aarch64-linux-gnu/12/../../../:/lib/:/usr/lib/]
  ignore line: [COLLECT_GCC_OPTIONS='-v' '-o' 'cmTC_7b352' '-shared-libgcc' '-mlittle-endian' '-mabi=lp64' '-dumpdir' 'cmTC_7b352.']
  link line: [ /usr/lib/gcc/aarch64-linux-gnu/12/collect2 -plugin /usr/lib/gcc/aarch64-linux-gnu/12/liblto_plugin.so -plugin-opt=/usr/lib/gcc/aarch64-linux-gnu/12/lto-wrapper -plugin-opt=-fresolution=/tmp/ccxrxoD2.res -plugin-opt=-pass-through=-lgcc_s -plugin-opt=-pass-through=-lgcc -plugin-opt=-pass-through=-lc -plugin-opt=-pass-through=-lgcc_s -plugin-opt=-pass-through=-lgcc --build-id --eh-frame-hdr --hash-style=gnu --as-needed -dynamic-linker /lib/ld-linux-aarch64.so.1 -X -EL -maarch64linux --fix-cortex-a53-843419 -pie -o cmTC_7b352 /usr/lib/gcc/aarch64-linux-gnu/12/../../../aarch64-linux-gnu/Scrt1.o /usr/lib/gcc/aarch64-linux-gnu/12/../../../aarch64-linux-gnu/crti.o /usr/lib/gcc/aarch64-linux-gnu/12/crtbeginS.o -L/usr/lib/gcc/aarch64-linux-gnu/12 -L/usr/lib/gcc/aarch64-linux-gnu/12/../../../aarch64-linux-gnu -L/usr/lib/gcc/aarch64-linux-gnu/12/../../../../lib -L/lib/aarch64-linux-gnu -L/lib/../lib -L/usr/lib/aarch64-linux-gnu -L/usr/lib/../lib -L/usr/lib/gcc/aarch64-linux-gnu/12/../../.. CMakeFiles/cmTC_7b352.dir/CMakeCXXCompilerABI.cpp.o -lstdc++ -lm -lgcc_s -lgcc -lc -lgcc_s -lgcc /usr/lib/gcc/aarch64-linux-gnu/12/crtendS.o /usr/lib/gcc/aarch64-linux-gnu/12/../../../aarch64-linux-gnu/crtn.o]
    arg [/usr/lib/gcc/aarch64-linux-gnu/12/collect2] ==> ignore
    arg [-plugin] ==> ignore
    arg [/usr/lib/gcc/aarch64-linux-gnu/12/liblto_plugin.so] ==> ignore
    arg [-plugin-opt=/usr/lib/gcc/aarch64-linux-gnu/12/lto-wrapper] ==> ignore
    arg [-plugin-opt=-fresolution=/tmp/ccxrxoD2.res] ==> ignore
    arg [-plugin-opt=-pass-through=-lgcc_s] ==> ignore
    arg [-plugin-opt=-pass-through=-lgcc] ==> ignore
    arg [-plugin-opt=-pass-through=-lc] ==> ignore
    arg [-plugin-opt=-pass-through=-lgcc_s] ==> ignore
    arg [-plugin-opt=-pass-through=-lgcc] ==> ignore
    arg [--build-id] ==> ignore
    arg [--eh-frame-hdr] ==> ignore
    arg [--hash-style=gnu] ==> ignore
    arg [--as-needed] ==> ignore
    arg [-dynamic-linker] ==> ignore
    arg [/lib/ld-linux-aarch64.so.1] ==> ignore
    arg [-X] ==> ignore
    arg [-EL] ==> ignore
    arg [-maarch64linux] ==> ignore
    arg [--fix-cortex-a53-843419] ==> ignore
    arg [-pie] ==> ignore
    arg [-o] ==> ignore
    arg [cmTC_7b352] ==> ignore
    arg [/usr/lib/gcc/aarch64-linux-gnu/12/../../../aarch64-linux-gnu/Scrt1.o] ==> obj [/usr/lib/gcc/aarch64-linux-gnu/12/../../../aarch64-linux-gnu/Scrt1.o]
    arg [/usr/lib/gcc/aarch64-linux-gnu/12/../../../aarch64-linux-gnu/crti.o] ==> obj [/usr/lib/gcc/aarch64-linux-gnu/12/../../../aarch64-linux-gnu/crti.o]
    arg [/usr/lib/gcc/aarch64-linux-gnu/12/crtbeginS.o] ==> obj [/usr/lib/gcc/aarch64-linux-gnu/12/crtbeginS.o]
    arg [-L/usr/lib/gcc/aarch64-linux-gnu/12] ==> dir [/usr/lib/gcc/aarch64-linux-gnu/12]
    arg [-L/usr/lib/gcc/aarch64-linux-gnu/12/../../../aarch64-linux-gnu] ==> dir [/usr/lib/gcc/aarch64-linux-gnu/12/../../../aarch64-linux-gnu]
    arg [-L/usr/lib/gcc/aarch64-linux-gnu/12/../../../../lib] ==> dir [/usr/lib/gcc/aarch64-linux-gnu/12/../../../../lib]
    arg [-L/lib/aarch64-linux-gnu] ==> dir [/lib/aarch64-linux-gnu]
    arg [-L/lib/../lib] ==> dir [/lib/../lib]
    arg [-L/usr/lib/aarch64-linux-gnu] ==> dir [/usr/lib/aarch64-linux-gnu]
    arg [-L/usr/lib/../lib] ==> dir [/usr/lib/../lib]
    arg [-L/usr/lib/gcc/aarch64-linux-gnu/12/../../..] ==> dir [/usr/lib/gcc/aarch64-linux-gnu/12/../../..]
    arg [CMakeFiles/cmTC_7b352.dir/CMakeCXXCompilerABI.cpp.o] ==> ignore
    arg [-lstdc++] ==> lib [stdc++]
    arg [-lm] ==> lib [m]
    arg [-lgcc_s] ==> lib [gcc_s]
    arg [-lgcc] ==> lib [gcc]
    arg [-lc] ==> lib [c]
    arg [-lgcc_s] ==> lib [gcc_s]
    arg [-lgcc] ==> lib [gcc]
    arg [/usr/lib/gcc/aarch64-linux-gnu/12/crtendS.o] ==> obj [/usr/lib/gcc/aarch64-linux-gnu/12/crtendS.o]
    arg [/usr/lib/gcc/aarch64-linux-gnu/12/../../../aarch64-linux-gnu/crtn.o] ==> obj [/usr/lib/gcc/aarch64-linux-gnu/12/../../../aarch64-linux-gnu/crtn.o]
  collapse obj [/usr/lib/gcc/aarch64-linux-gnu/12/../../../aarch64-linux-gnu/Scrt1.o] ==> [/usr/lib/aarch64-linux-gnu/Scrt1.o]
  collapse obj [/usr/lib/gcc/aarch64-linux-gnu/12/../../../aarch64-linux-gnu/crti.o] ==> [/usr/lib/aarch64-linux-gnu/crti.o]
  collapse obj [/usr/lib/gcc/aarch64-linux-gnu/12/../../../aarch64-linux-gnu/crtn.o] ==> [/usr/lib/aarch64-linux-gnu/crtn.o]
  collapse library dir [/usr/lib/gcc/aarch64-linux-gnu/12] ==> [/usr/lib/gcc/aarch64-linux-gnu/12]
  collapse library dir [/usr/lib/gcc/aarch64-linux-gnu/12/../../../aarch64-linux-gnu] ==> [/usr/lib/aarch64-linux-gnu]
  collapse library dir [/usr/lib/gcc/aarch64-linux-gnu/12/../../../../lib] ==> [/usr/lib]
  collapse library dir [/lib/aarch64-linux-gnu] ==> [/lib/aarch64-linux-gnu]
  collapse library dir [/lib/../lib] ==> [/lib]
  collapse library dir [/usr/lib/aarch64-linux-gnu] ==> [/usr/lib/aarch64-linux-gnu]
  collapse library dir [/usr/lib/../lib] ==> [/usr/lib]
  collapse library dir [/usr/lib/gcc/aarch64-linux-gnu/12/../../..] ==> [/usr/lib]
  implicit libs: [stdc++;m;gcc_s;gcc;c;gcc_s;gcc]
  implicit objs: [/usr/lib/aarch64-linux-gnu/Scrt1.o;/usr/lib/aarch64-linux-gnu/crti.o;/usr/lib/gcc/aarch64-linux-gnu/12/crtbeginS.o;/usr/lib/gcc/aarch64-linux-gnu/12/crtendS.o;/usr/lib/aarch64-linux-gnu/crtn.o]
  implicit dirs: [/usr/lib/gcc/aarch64-linux-gnu/12;/usr/lib/aarch64-linux-gnu;/usr/lib;/lib/aarch64-linux-gnu;/lib]
  implicit fwks: []


Detecting C compiler ABI info compiled with the following output:
Change Dir: /home/pi/CoralEdgeTpu/CMakeFiles/CMakeScratch/TryCompile-2czxpK

Run Build Command(s):/usr/bin/gmake -f Makefile cmTC_7016d/fast && /usr/bin/gmake  -f CMakeFiles/cmTC_7016d.dir/build.make CMakeFiles/cmTC_7016d.dir/build
gmake[1]: Entering directory '/home/pi/CoralEdgeTpu/CMakeFiles/CMakeScratch/TryCompile-2czxpK'
Building C object CMakeFiles/cmTC_7016d.dir/CMakeCCompilerABI.c.o
/usr/bin/cc   -v -o CMakeFiles/cmTC_7016d.dir/CMakeCCompilerABI.c.o -c /usr/share/cmake-3.25/Modules/CMakeCCompilerABI.c
Using built-in specs.
COLLECT_GCC=/usr/bin/cc
Target: aarch64-linux-gnu
Configured with: ../src/configure -v --with-pkgversion='Debian 12.2.0-14+deb12u1' --with-bugurl=file:///usr/share/doc/gcc-12/README.Bugs --enable-languages=c,ada,c++,go,d,fortran,objc,obj-c++,m2 --prefix=/usr --with-gcc-major-version-only --program-suffix=-12 --program-prefix=aarch64-linux-gnu- --enable-shared --enable-linker-build-id --libexecdir=/usr/lib --without-included-gettext --enable-threads=posix --libdir=/usr/lib --enable-nls --enable-clocale=gnu --enable-libstdcxx-debug --enable-libstdcxx-time=yes --with-default-libstdcxx-abi=new --enable-gnu-unique-object --disable-libquadmath --disable-libquadmath-support --enable-plugin --enable-default-pie --with-system-zlib --enable-libphobos-checking=release --with-target-system-zlib=auto --enable-objc-gc=auto --enable-multiarch --enable-fix-cortex-a53-843419 --disable-werror --enable-checking=release --build=aarch64-linux-gnu --host=aarch64-linux-gnu --target=aarch64-linux-gnu
Thread model: posix
Supported LTO compression algorithms: zlib zstd
gcc version 12.2.0 (Debian 12.2.0-14+deb12u1) 
COLLECT_GCC_OPTIONS='-v' '-o' 'CMakeFiles/cmTC_7016d.dir/CMakeCCompilerABI.c.o' '-c' '-mlittle-endian' '-mabi=lp64' '-dumpdir' 'CMakeFiles/cmTC_7016d.dir/'
 /usr/lib/gcc/aarch64-linux-gnu/12/cc1 -quiet -v -imultiarch aarch64-linux-gnu /usr/share/cmake-3.25/Modules/CMakeCCompilerABI.c -quiet -dumpdir CMakeFiles/cmTC_7016d.dir/ -dumpbase CMakeCCompilerABI.c.c -dumpbase-ext .c -mlittle-endian -mabi=lp64 -version -fasynchronous-unwind-tables -o /tmp/cc0TDfJO.s
GNU C17 (Debian 12.2.0-14+deb12u1) version 12.2.0 (aarch64-linux-gnu)
	compiled by GNU C version 12.2.0, GMP version 6.2.1, MPFR version 4.2.0, MPC version 1.3.1, isl version isl-0.25-GMP

GGC heuristics: --param ggc-min-expand=100 --param ggc-min-heapsize=131072
ignoring nonexistent directory "/usr/local/include/aarch64-linux-gnu"
ignoring nonexistent directory "/usr/lib/gcc/aarch64-linux-gnu/12/include-fixed"
ignoring nonexistent directory "/usr/lib/gcc/aarch64-linux-gnu/12/../../../../aarch64-linux-gnu/include"
#include "..." search starts here:
#include <...> search starts here:
 /usr/lib/gcc/aarch64-linux-gnu/12/include
 /usr/local/include
 /usr/include/aarch64-linux-gnu
 /usr/include
End of search list.
GNU C17 (Debian 12.2.0-14+deb12u1) version 12.2.0 (aarch64-linux-gnu)
	compiled by GNU C version 12.2.0, GMP version 6.2.1, MPFR version 4.2.0, MPC version 1.3.1, isl version isl-0.25-GMP

GGC heuristics: --param ggc-min-expand=100 --param ggc-min-heapsize=131072
Compiler executable checksum: 353d9f3bda0709922bce3bd32cc6f6a4
COLLECT_GCC_OPTIONS='-v' '-o' 'CMakeFiles/cmTC_7016d.dir/CMakeCCompilerABI.c.o' '-c' '-mlittle-endian' '-mabi=lp64' '-dumpdir' 'CMakeFiles/cmTC_7016d.dir/'
 as -v -EL -mabi=lp64 -o CMakeFiles/cmTC_7016d.dir/CMakeCCompilerABI.c.o /tmp/cc0TDfJO.s
GNU assembler version 2.40 (aarch64-linux-gnu) using BFD version (GNU Binutils for Debian) 2.40
COMPILER_PATH=/usr/lib/gcc/aarch64-linux-gnu/12/:/usr/lib/gcc/aarch64-linux-gnu/12/:/usr/lib/gcc/aarch64-linux-gnu/:/usr/lib/gcc/aarch64-linux-gnu/12/:/usr/lib/gcc/aarch64-linux-gnu/
LIBRARY_PATH=/usr/lib/gcc/aarch64-linux-gnu/12/:/usr/lib/gcc/aarch64-linux-gnu/12/../../../aarch64-linux-gnu/:/usr/lib/gcc/aarch64-linux-gnu/12/../../../../lib/:/lib/aarch64-linux-gnu/:/lib/../lib/:/usr/lib/aarch64-linux-gnu/:/usr/lib/../lib/:/usr/lib/gcc/aarch64-linux-gnu/12/../../../:/lib/:/usr/lib/
COLLECT_GCC_OPTIONS='-v' '-o' 'CMakeFiles/cmTC_7016d.dir/CMakeCCompilerABI.c.o' '-c' '-mlittle-endian' '-mabi=lp64' '-dumpdir' 'CMakeFiles/cmTC_7016d.dir/CMakeCCompilerABI.c.'
Linking C executable cmTC_7016d
/usr/bin/cmake -E cmake_link_script CMakeFiles/cmTC_7016d.dir/link.txt --verbose=1
/usr/bin/cc  -v CMakeFiles/cmTC_7016d.dir/CMakeCCompilerABI.c.o -o cmTC_7016d 
Using built-in specs.
COLLECT_GCC=/usr/bin/cc
COLLECT_LTO_WRAPPER=/usr/lib/gcc/aarch64-linux-gnu/12/lto-wrapper
Target: aarch64-linux-gnu
Configured with: ../src/configure -v --with-pkgversion='Debian 12.2.0-14+deb12u1' --with-bugurl=file:///usr/share/doc/gcc-12/README.Bugs --enable-languages=c,ada,c++,go,d,fortran,objc,obj-c++,m2 --prefix=/usr --with-gcc-major-version-only --program-suffix=-12 --program-prefix=aarch64-linux-gnu- --enable-shared --enable-linker-build-id --libexecdir=/usr/lib --without-included-gettext --enable-threads=posix --libdir=/usr/lib --enable-nls --enable-clocale=gnu --enable-libstdcxx-debug --enable-libstdcxx-time=yes --with-default-libstdcxx-abi=new --enable-gnu-unique-object --disable-libquadmath --disable-libquadmath-support --enable-plugin --enable-default-pie --with-system-zlib --enable-libphobos-checking=release --with-target-system-zlib=auto --enable-objc-gc=auto --enable-multiarch --enable-fix-cortex-a53-843419 --disable-werror --enable-checking=release --build=aarch64-linux-gnu --host=aarch64-linux-gnu --target=aarch64-linux-gnu
Thread model: posix
Supported LTO compression algorithms: zlib zstd
gcc version 12.2.0 (Debian 12.2.0-14+deb12u1) 
COMPILER_PATH=/usr/lib/gcc/aarch64-linux-gnu/12/:/usr/lib/gcc/aarch64-linux-gnu/12/:/usr/lib/gcc/aarch64-linux-gnu/:/usr/lib/gcc/aarch64-linux-gnu/12/:/usr/lib/gcc/aarch64-linux-gnu/
LIBRARY_PATH=/usr/lib/gcc/aarch64-linux-gnu/12/:/usr/lib/gcc/aarch64-linux-gnu/12/../../../aarch64-linux-gnu/:/usr/lib/gcc/aarch64-linux-gnu/12/../../../../lib/:/lib/aarch64-linux-gnu/:/lib/../lib/:/usr/lib/aarch64-linux-gnu/:/usr/lib/../lib/:/usr/lib/gcc/aarch64-linux-gnu/12/../../../:/lib/:/usr/lib/
COLLECT_GCC_OPTIONS='-v' '-o' 'cmTC_7016d' '-mlittle-endian' '-mabi=lp64' '-dumpdir' 'cmTC_7016d.'
 /usr/lib/gcc/aarch64-linux-gnu/12/collect2 -plugin /usr/lib/gcc/aarch64-linux-gnu/12/liblto_plugin.so -plugin-opt=/usr/lib/gcc/aarch64-linux-gnu/12/lto-wrapper -plugin-opt=-fresolution=/tmp/ccTu2Wlu.res -plugin-opt=-pass-through=-lgcc -plugin-opt=-pass-through=-lgcc_s -plugin-opt=-pass-through=-lc -plugin-opt=-pass-through=-lgcc -plugin-opt=-pass-through=-lgcc_s --build-id --eh-frame-hdr --hash-style=gnu --as-needed -dynamic-linker /lib/ld-linux-aarch64.so.1 -X -EL -maarch64linux --fix-cortex-a53-843419 -pie -o cmTC_7016d /usr/lib/gcc/aarch64-linux-gnu/12/../../../aarch64-linux-gnu/Scrt1.o /usr/lib/gcc/aarch64-linux-gnu/12/../../../aarch64-linux-gnu/crti.o /usr/lib/gcc/aarch64-linux-gnu/12/crtbeginS.o -L/usr/lib/gcc/aarch64-linux-gnu/12 -L/usr/lib/gcc/aarch64-linux-gnu/12/../../../aarch64-linux-gnu -L/usr/lib/gcc/aarch64-linux-gnu/12/../../../../lib -L/lib/aarch64-linux-gnu -L/lib/../lib -L/usr/lib/aarch64-linux-gnu -L/usr/lib/../lib -L/usr/lib/gcc/aarch64-linux-gnu/12/../../.. CMakeFiles/cmTC_7016d.dir/CMakeCCompilerABI.c.o -lgcc --push-state --as-needed -lgcc_s --pop-state -lc -lgcc --push-state --as-needed -lgcc_s --pop-state /usr/lib/gcc/aarch64-linux-gnu/12/crtendS.o /usr/lib/gcc/aarch64-linux-gnu/12/../../../aarch64-linux-gnu/crtn.o
COLLECT_GCC_OPTIONS='-v' '-o' 'cmTC_7016d' '-mlittle-endian' '-mabi=lp64' '-dumpdir' 'cmTC_7016d.'
gmake[1]: Leaving directory '/home/pi/CoralEdgeTpu/CMakeFiles/CMakeScratch/TryCompile-2czxpK'



Parsed C implicit include dir info from above output: rv=done
  found start of include info
  found start of implicit include info
    add: [/usr/lib/gcc/aarch64-linux-gnu/12/include]
    add: [/usr/local/include]
    add: [/usr/include/aarch64-linux-gnu]
    add: [/usr/include]
  end of search list found
  collapse include dir [/usr/lib/gcc/aarch64-linux-gnu/12/include] ==> [/usr/lib/gcc/aarch64-linux-gnu/12/include]
  collapse include dir [/usr/local/include] ==> [/usr/local/include]
  collapse include dir [/usr/include/aarch64-linux-gnu] ==> [/usr/include/aarch64-linux-gnu]
  collapse include dir [/usr/include] ==> [/usr/include]
  implicit include dirs: [/usr/lib/gcc/aarch64-linux-gnu/12/include;/usr/local/include;/usr/include/aarch64-linux-gnu;/usr/include]


Parsed C implicit link information from above output:
  link line regex: [^( *|.*[/\])(ld|CMAKE_LINK_STARTFILE-NOTFOUND|([^/\]+-)?ld|collect2)[^/\]*( |$)]
  ignore line: [Change Dir: /home/pi/CoralEdgeTpu/CMakeFiles/CMakeScratch/TryCompile-2czxpK]
  ignore line: []
  ignore line: [Run Build Command(s):/usr/bin/gmake -f Makefile cmTC_7016d/fast && /usr/bin/gmake  -f CMakeFiles/cmTC_7016d.dir/build.make CMakeFiles/cmTC_7016d.dir/build]
  ignore line: [gmake[1]: Entering directory '/home/pi/CoralEdgeTpu/CMakeFiles/CMakeScratch/TryCompile-2czxpK']
  ignore line: [Building C object CMakeFiles/cmTC_7016d.dir/CMakeCCompilerABI.c.o]
  ignore line: [/usr/bin/cc   -v -o CMakeFiles/cmTC_7016d.dir/CMakeCCompilerABI.c.o -c /usr/share/cmake-3.25/Modules/CMakeCCompilerABI.c]
  ignore line: [Using built-in specs.]
  ignore line: [COLLECT_GCC=/usr/bin/cc]
  ignore line: [Target: aarch64-linux-gnu]
  ignore line: [Configured with: ../src/configure -v --with-pkgversion='Debian 12.2.0-14+deb12u1' --with-bugurl=file:///usr/share/doc/gcc-12/README.Bugs --enable-languages=c ada c++ go d fortran objc obj-c++ m2 --prefix=/usr --with-gcc-major-version-only --program-suffix=-12 --program-prefix=aarch64-linux-gnu- --enable-shared --enable-linker-build-id --libexecdir=/usr/lib --without-included-gettext --enable-threads=posix --libdir=/usr/lib --enable-nls --enable-clocale=gnu --enable-libstdcxx-debug --enable-libstdcxx-time=yes --with-default-libstdcxx-abi=new --enable-gnu-unique-object --disable-libquadmath --disable-libquadmath-support --enable-plugin --enable-default-pie --with-system-zlib --enable-libphobos-checking=release --with-target-system-zlib=auto --enable-objc-gc=auto --enable-multiarch --enable-fix-cortex-a53-843419 --disable-werror --enable-checking=release --build=aarch64-linux-gnu --host=aarch64-linux-gnu --target=aarch64-linux-gnu]
  ignore line: [Thread model: posix]
  ignore line: [Supported LTO compression algorithms: zlib zstd]
  ignore line: [gcc version 12.2.0 (Debian 12.2.0-14+deb12u1) ]
  ignore line: [COLLECT_GCC_OPTIONS='-v' '-o' 'CMakeFiles/cmTC_7016d.dir/CMakeCCompilerABI.c.o' '-c' '-mlittle-endian' '-mabi=lp64' '-dumpdir' 'CMakeFiles/cmTC_7016d.dir/']
  ignore line: [ /usr/lib/gcc/aarch64-linux-gnu/12/cc1 -quiet -v -imultiarch aarch64-linux-gnu /usr/share/cmake-3.25/Modules/CMakeCCompilerABI.c -quiet -dumpdir CMakeFiles/cmTC_7016d.dir/ -dumpbase CMakeCCompilerABI.c.c -dumpbase-ext .c -mlittle-endian -mabi=lp64 -version -fasynchronous-unwind-tables -o /tmp/cc0TDfJO.s]
  ignore line: [GNU C17 (Debian 12.2.0-14+deb12u1) version 12.2.0 (aarch64-linux-gnu)]
  ignore line: [	compiled by GNU C version 12.2.0  GMP version 6.2.1  MPFR version 4.2.0  MPC version 1.3.1  isl version isl-0.25-GMP]
  ignore line: []
  ignore line: [GGC heuristics: --param ggc-min-expand=100 --param ggc-min-heapsize=131072]
  ignore line: [ignoring nonexistent directory "/usr/local/include/aarch64-linux-gnu"]
  ignore line: [ignoring nonexistent directory "/usr/lib/gcc/aarch64-linux-gnu/12/include-fixed"]
  ignore line: [ignoring nonexistent directory "/usr/lib/gcc/aarch64-linux-gnu/12/../../../../aarch64-linux-gnu/include"]
  ignore line: [#include "..." search starts here:]
  ignore line: [#include <...> search starts here:]
  ignore line: [ /usr/lib/gcc/aarch64-linux-gnu/12/include]
  ignore line: [ /usr/local/include]
  ignore line: [ /usr/include/aarch64-linux-gnu]
  ignore line: [ /usr/include]
  ignore line: [End of search list.]
  ignore line: [GNU C17 (Debian 12.2.0-14+deb12u1) version 12.2.0 (aarch64-linux-gnu)]
  ignore line: [	compiled by GNU C version 12.2.0  GMP version 6.2.1  MPFR version 4.2.0  MPC version 1.3.1  isl version isl-0.25-GMP]
  ignore line: []
  ignore line: [GGC heuristics: --param ggc-min-expand=100 --param ggc-min-heapsize=131072]
  ignore line: [Compiler executable checksum: 353d9f3bda0709922bce3bd32cc6f6a4]
  ignore line: [COLLECT_GCC_OPTIONS='-v' '-o' 'CMakeFiles/cmTC_7016d.dir/CMakeCCompilerABI.c.o' '-c' '-mlittle-endian' '-mabi=lp64' '-dumpdir' 'CMakeFiles/cmTC_7016d.dir/']
  ignore line: [ as -v -EL -mabi=lp64 -o CMakeFiles/cmTC_7016d.dir/CMakeCCompilerABI.c.o /tmp/cc0TDfJO.s]
  ignore line: [GNU assembler version 2.40 (aarch64-linux-gnu) using BFD version (GNU Binutils for Debian) 2.40]
  ignore line: [COMPILER_PATH=/usr/lib/gcc/aarch64-linux-gnu/12/:/usr/lib/gcc/aarch64-linux-gnu/12/:/usr/lib/gcc/aarch64-linux-gnu/:/usr/lib/gcc/aarch64-linux-gnu/12/:/usr/lib/gcc/aarch64-linux-gnu/]
  ignore line: [LIBRARY_PATH=/usr/lib/gcc/aarch64-linux-gnu/12/:/usr/lib/gcc/aarch64-linux-gnu/12/../../../aarch64-linux-gnu/:/usr/lib/gcc/aarch64-linux-gnu/12/../../../../lib/:/lib/aarch64-linux-gnu/:/lib/../lib/:/usr/lib/aarch64-linux-gnu/:/usr/lib/../lib/:/usr/lib/gcc/aarch64-linux-gnu/12/../../../:/lib/:/usr/lib/]
  ignore line: [COLLECT_GCC_OPTIONS='-v' '-o' 'CMakeFiles/cmTC_7016d.dir/CMakeCCompilerABI.c.o' '-c' '-mlittle-endian' '-mabi=lp64' '-dumpdir' 'CMakeFiles/cmTC_7016d.dir/CMakeCCompilerABI.c.']
  ignore line: [Linking C executable cmTC_7016d]
  ignore line: [/usr/bin/cmake -E cmake_link_script CMakeFiles/cmTC_7016d.dir/link.txt --verbose=1]
  ignore line: [/usr/bin/cc  -v CMakeFiles/cmTC_7016d.dir/CMakeCCompilerABI.c.o -o cmTC_7016d ]
  ignore line: [Using built-in specs.]
  ignore line: [COLLECT_GCC=/usr/bin/cc]
  ignore line: [COLLECT_LTO_WRAPPER=/usr/lib/gcc/aarch64-linux-gnu/12/lto-wrapper]
  ignore line: [Target: aarch64-linux-gnu]
  ignore line: [Configured with: ../src/configure -v --with-pkgversion='Debian 12.2.0-14+deb12u1' --with-bugurl=file:///usr/share/doc/gcc-12/README.Bugs --enable-languages=c ada c++ go d fortran objc obj-c++ m2 --prefix=/usr --with-gcc-major-version-only --program-suffix=-12 --program-prefix=aarch64-linux-gnu- --enable-shared --enable-linker-build-id --libexecdir=/usr/lib --without-included-gettext --enable-threads=posix --libdir=/usr/lib --enable-nls --enable-clocale=gnu --enable-libstdcxx-debug --enable-libstdcxx-time=yes --with-default-libstdcxx-abi=new --enable-gnu-unique-object --disable-libquadmath --disable-libquadmath-support --enable-plugin --enable-default-pie --with-system-zlib --enable-libphobos-checking=release --with-target-system-zlib=auto --enable-objc-gc=auto --enable-multiarch --enable-fix-cortex-a53-843419 --disable-werror --enable-checking=release --build=aarch64-linux-gnu --host=aarch64-linux-gnu --target=aarch64-linux-gnu]
  ignore line: [Thread model: posix]
  ignore line: [Supported LTO compression algorithms: zlib zstd]
  ignore line: [gcc version 12.2.0 (Debian 12.2.0-14+deb12u1) ]
  ignore line: [COMPILER_PATH=/usr/lib/gcc/aarch64-linux-gnu/12/:/usr/lib/gcc/aarch64-linux-gnu/12/:/usr/lib/gcc/aarch64-linux-gnu/:/usr/lib/gcc/aarch64-linux-gnu/12/:/usr/lib/gcc/aarch64-linux-gnu/]
  ignore line: [LIBRARY_PATH=/usr/lib/gcc/aarch64-linux-gnu/12/:/usr/lib/gcc/aarch64-linux-gnu/12/../../../aarch64-linux-gnu/:/usr/lib/gcc/aarch64-linux-gnu/12/../../../../lib/:/lib/aarch64-linux-gnu/:/lib/../lib/:/usr/lib/aarch64-linux-gnu/:/usr/lib/../lib/:/usr/lib/gcc/aarch64-linux-gnu/12/../../../:/lib/:/usr/lib/]
  ignore line: [COLLECT_GCC_OPTIONS='-v' '-o' 'cmTC_7016d' '-mlittle-endian' '-mabi=lp64' '-dumpdir' 'cmTC_7016d.']
  link line: [ /usr/lib/gcc/aarch64-linux-gnu/12/collect2 -plugin /usr/lib/gcc/aarch64-linux-gnu/12/liblto_plugin.so -plugin-opt=/usr/lib/gcc/aarch64-linux-gnu/12/lto-wrapper -plugin-opt=-fresolution=/tmp/ccTu2Wlu.res -plugin-opt=-pass-through=-lgcc -plugin-opt=-pass-through=-lgcc_s -plugin-opt=-pass-through=-lc -plugin-opt=-pass-through=-lgcc -plugin-opt=-pass-through=-lgcc_s --build-id --eh-frame-hdr --hash-style=gnu --as-needed -dynamic-linker /lib/ld-linux-aarch64.so.1 -X -EL -maarch64linux --fix-cortex-a53-843419 -pie -o cmTC_7016d /usr/lib/gcc/aarch64-linux-gnu/12/../../../aarch64-linux-gnu/Scrt1.o /usr/lib/gcc/aarch64-linux-gnu/12/../../../aarch64-linux-gnu/crti.o /usr/lib/gcc/aarch64-linux-gnu/12/crtbeginS.o -L/usr/lib/gcc/aarch64-linux-gnu/12 -L/usr/lib/gcc/aarch64-linux-gnu/12/../../../aarch64-linux-gnu -L/usr/lib/gcc/aarch64-linux-gnu/12/../../../../lib -L/lib/aarch64-linux-gnu -L/lib/../lib -L/usr/lib/aarch64-linux-gnu -L/usr/lib/../lib -L/usr/lib/gcc/aarch64-linux-gnu/12/../../.. CMakeFiles/cmTC_7016d.dir/CMakeCCompilerABI.c.o -lgcc --push-state --as-needed -lgcc_s --pop-state -lc -lgcc --push-state --as-needed -lgcc_s --pop-state /usr/lib/gcc/aarch64-linux-gnu/12/crtendS.o /usr/lib/gcc/aarch64-linux-gnu/12/../../../aarch64-linux-gnu/crtn.o]
    arg [/usr/lib/gcc/aarch64-linux-gnu/12/collect2] ==> ignore
    arg [-plugin] ==> ignore
    arg [/usr/lib/gcc/aarch64-linux-gnu/12/liblto_plugin.so] ==> ignore
    arg [-plugin-opt=/usr/lib/gcc/aarch64-linux-gnu/12/lto-wrapper] ==> ignore
    arg [-plugin-opt=-fresolution=/tmp/ccTu2Wlu.res] ==> ignore
    arg [-plugin-opt=-pass-through=-lgcc] ==> ignore
    arg [-plugin-opt=-pass-through=-lgcc_s] ==> ignore
    arg [-plugin-opt=-pass-through=-lc] ==> ignore
    arg [-plugin-opt=-pass-through=-lgcc] ==> ignore
    arg [-plugin-opt=-pass-through=-lgcc_s] ==> ignore
    arg [--build-id] ==> ignore
    arg [--eh-frame-hdr] ==> ignore
    arg [--hash-style=gnu] ==> ignore
    arg [--as-needed] ==> ignore
    arg [-dynamic-linker] ==> ignore
    arg [/lib/ld-linux-aarch64.so.1] ==> ignore
    arg [-X] ==> ignore
    arg [-EL] ==> ignore
    arg [-maarch64linux] ==> ignore
    arg [--fix-cortex-a53-843419] ==> ignore
    arg [-pie] ==> ignore
    arg [-o] ==> ignore
    arg [cmTC_7016d] ==> ignore
    arg [/usr/lib/gcc/aarch64-linux-gnu/12/../../../aarch64-linux-gnu/Scrt1.o] ==> obj [/usr/lib/gcc/aarch64-linux-gnu/12/../../../aarch64-linux-gnu/Scrt1.o]
    arg [/usr/lib/gcc/aarch64-linux-gnu/12/../../../aarch64-linux-gnu/crti.o] ==> obj [/usr/lib/gcc/aarch64-linux-gnu/12/../../../aarch64-linux-gnu/crti.o]
    arg [/usr/lib/gcc/aarch64-linux-gnu/12/crtbeginS.o] ==> obj [/usr/lib/gcc/aarch64-linux-gnu/12/crtbeginS.o]
    arg [-L/usr/lib/gcc/aarch64-linux-gnu/12] ==> dir [/usr/lib/gcc/aarch64-linux-gnu/12]
    arg [-L/usr/lib/gcc/aarch64-linux-gnu/12/../../../aarch64-linux-gnu] ==> dir [/usr/lib/gcc/aarch64-linux-gnu/12/../../../aarch64-linux-gnu]
    arg [-L/usr/lib/gcc/aarch64-linux-gnu/12/../../../../lib] ==> dir [/usr/lib/gcc/aarch64-linux-gnu/12/../../../../lib]
    arg [-L/lib/aarch64-linux-gnu] ==> dir [/lib/aarch64-linux-gnu]
    arg [-L/lib/../lib] ==> dir [/lib/../lib]
    arg [-L/usr/lib/aarch64-linux-gnu] ==> dir [/usr/lib/aarch64-linux-gnu]
    arg [-L/usr/lib/../lib] ==> dir [/usr/lib/../lib]
    arg [-L/usr/lib/gcc/aarch64-linux-gnu/12/../../..] ==> dir [/usr/lib/gcc/aarch64-linux-gnu/12/../../..]
    arg [CMakeFiles/cmTC_7016d.dir/CMakeCCompilerABI.c.o] ==> ignore
    arg [-lgcc] ==> lib [gcc]
    arg [--push-state] ==> ignore
    arg [--as-needed] ==> ignore
    arg [-lgcc_s] ==> lib [gcc_s]
    arg [--pop-state] ==> ignore
    arg [-lc] ==> lib [c]
    arg [-lgcc] ==> lib [gcc]
    arg [--push-state] ==> ignore
    arg [--as-needed] ==> ignore
    arg [-lgcc_s] ==> lib [gcc_s]
    arg [--pop-state] ==> ignore
    arg [/usr/lib/gcc/aarch64-linux-gnu/12/crtendS.o] ==> obj [/usr/lib/gcc/aarch64-linux-gnu/12/crtendS.o]
    arg [/usr/lib/gcc/aarch64-linux-gnu/12/../../../aarch64-linux-gnu/crtn.o] ==> obj [/usr/lib/gcc/aarch64-linux-gnu/12/../../../aarch64-linux-gnu/crtn.o]
  collapse obj [/usr/lib/gcc/aarch64-linux-gnu/12/../../../aarch64-linux-gnu/Scrt1.o] ==> [/usr/lib/aarch64-linux-gnu/Scrt1.o]
  collapse obj [/usr/lib/gcc/aarch64-linux-gnu/12/../../../aarch64-linux-gnu/crti.o] ==> [/usr/lib/aarch64-linux-gnu/crti.o]
  collapse obj [/usr/lib/gcc/aarch64-linux-gnu/12/../../../aarch64-linux-gnu/crtn.o] ==> [/usr/lib/aarch64-linux-gnu/crtn.o]
  collapse library dir [/usr/lib/gcc/aarch64-linux-gnu/12] ==> [/usr/lib/gcc/aarch64-linux-gnu/12]
  collapse library dir [/usr/lib/gcc/aarch64-linux-gnu/12/../../../aarch64-linux-gnu] ==> [/usr/lib/aarch64-linux-gnu]
  collapse library dir [/usr/lib/gcc/aarch64-linux-gnu/12/../../../../lib] ==> [/usr/lib]
  collapse library dir [/lib/aarch64-linux-gnu] ==> [/lib/aarch64-linux-gnu]
  collapse library dir [/lib/../lib] ==> [/lib]
  collapse library dir [/usr/lib/aarch64-linux-gnu] ==> [/usr/lib/aarch64-linux-gnu]
  collapse library dir [/usr/lib/../lib] ==> [/usr/lib]
  collapse library dir [/usr/lib/gcc/aarch64-linux-gnu/12/../../..] ==> [/usr/lib]
  implicit libs: [gcc;gcc_s;c;gcc;gcc_s]
  implicit objs: [/usr/lib/aarch64-linux-gnu/Scrt1.o;/usr/lib/aarch64-linux-gnu/crti.o;/usr/lib/gcc/aarch64-linux-gnu/12/crtbeginS.o;/usr/lib/gcc/aarch64-linux-gnu/12/crtendS.o;/usr/lib/aarch64-linux-gnu/crtn.o]
  implicit dirs: [/usr/lib/gcc/aarch64-linux-gnu/12;/usr/lib/aarch64-linux-gnu;/usr/lib;/lib/aarch64-linux-gnu;/lib]
  implicit fwks: []


Performing C SOURCE FILE Test CMAKE_HAVE_LIBC_PTHREAD succeeded with the following output:
Change Dir: /home/pi/CoralEdgeTpu/CMakeFiles/CMakeScratch/TryCompile-DBz6B8

Run Build Command(s):/usr/bin/gmake -f Makefile cmTC_06b75/fast && /usr/bin/gmake  -f CMakeFiles/cmTC_06b75.dir/build.make CMakeFiles/cmTC_06b75.dir/build
gmake[1]: Entering directory '/home/pi/CoralEdgeTpu/CMakeFiles/CMakeScratch/TryCompile-DBz6B8'
Building C object CMakeFiles/cmTC_06b75.dir/src.c.o
/usr/bin/cc -DCMAKE_HAVE_LIBC_PTHREAD  -Wall -Wextra  -o CMakeFiles/cmTC_06b75.dir/src.c.o -c /home/pi/CoralEdgeTpu/CMakeFiles/CMakeScratch/TryCompile-DBz6B8/src.c
Linking C executable cmTC_06b75
/usr/bin/cmake -E cmake_link_script CMakeFiles/cmTC_06b75.dir/link.txt --verbose=1
/usr/bin/cc  -Wall -Wextra  CMakeFiles/cmTC_06b75.dir/src.c.o -o cmTC_06b75 
gmake[1]: Leaving directory '/home/pi/CoralEdgeTpu/CMakeFiles/CMakeScratch/TryCompile-DBz6B8'


Source file was:
#include <pthread.h>

static void* test_func(void* data)
{
  return data;
}

int main(void)
{
  pthread_t thread;
  pthread_create(&thread, NULL, test_func, NULL);
  pthread_detach(thread);
  pthread_cancel(thread);
  pthread_join(thread, NULL);
  pthread_atfork(NULL, NULL, NULL);
  pthread_exit(NULL);

  return 0;
}


The system is: Linux - 6.6.51+rpt-rpi-v8 - aarch64
Compiling the CXX compiler identification source file "CMakeCXXCompilerId.cpp" succeeded.
Compiler: /usr/bin/c++ 
Build flags: 
Id flags:  

The output was:
0


Compilation of the CXX compiler identification source "CMakeCXXCompilerId.cpp" produced "a.out"

The CXX compiler identification is GNU, found in "/home/pi/CoralEdgeTpu/CMakeFiles/3.25.1/CompilerIdCXX/a.out"

Compiling the C compiler identification source file "CMakeCCompilerId.c" succeeded.
Compiler: /usr/bin/cc 
Build flags: 
Id flags:  

The output was:
0


Compilation of the C compiler identification source "CMakeCCompilerId.c" produced "a.out"

The C compiler identification is GNU, found in "/home/pi/CoralEdgeTpu/CMakeFiles/3.25.1/CompilerIdC/a.out"

Detecting CXX compiler ABI info compiled with the following output:
Change Dir: /home/pi/CoralEdgeTpu/CMakeFiles/CMakeScratch/TryCompile-wj6GR0

Run Build Command(s):/usr/bin/gmake -f Makefile cmTC_f2e32/fast && gmake[1]: Entering directory '/home/pi/CoralEdgeTpu/CMakeFiles/CMakeScratch/TryCompile-wj6GR0'
/usr/bin/gmake  -f CMakeFiles/cmTC_f2e32.dir/build.make CMakeFiles/cmTC_f2e32.dir/build
gmake[2]: Entering directory '/home/pi/CoralEdgeTpu/CMakeFiles/CMakeScratch/TryCompile-wj6GR0'
Building CXX object CMakeFiles/cmTC_f2e32.dir/CMakeCXXCompilerABI.cpp.o
/usr/bin/c++   -v -o CMakeFiles/cmTC_f2e32.dir/CMakeCXXCompilerABI.cpp.o -c /usr/share/cmake-3.25/Modules/CMakeCXXCompilerABI.cpp
Using built-in specs.
COLLECT_GCC=/usr/bin/c++
Target: aarch64-linux-gnu
Configured with: ../src/configure -v --with-pkgversion='Debian 12.2.0-14+deb12u1' --with-bugurl=file:///usr/share/doc/gcc-12/README.Bugs --enable-languages=c,ada,c++,go,d,fortran,objc,obj-c++,m2 --prefix=/usr --with-gcc-major-version-only --program-suffix=-12 --program-prefix=aarch64-linux-gnu- --enable-shared --enable-linker-build-id --libexecdir=/usr/lib --without-included-gettext --enable-threads=posix --libdir=/usr/lib --enable-nls --enable-clocale=gnu --enable-libstdcxx-debug --enable-libstdcxx-time=yes --with-default-libstdcxx-abi=new --enable-gnu-unique-object --disable-libquadmath --disable-libquadmath-support --enable-plugin --enable-default-pie --with-system-zlib --enable-libphobos-checking=release --with-target-system-zlib=auto --enable-objc-gc=auto --enable-multiarch --enable-fix-cortex-a53-843419 --disable-werror --enable-checking=release --build=aarch64-linux-gnu --host=aarch64-linux-gnu --target=aarch64-linux-gnu
Thread model: posix
Supported LTO compression algorithms: zlib zstd
gcc version 12.2.0 (Debian 12.2.0-14+deb12u1) 
COLLECT_GCC_OPTIONS='-v' '-o' 'CMakeFiles/cmTC_f2e32.dir/CMakeCXXCompilerABI.cpp.o' '-c' '-shared-libgcc' '-mlittle-endian' '-mabi=lp64' '-dumpdir' 'CMakeFiles/cmTC_f2e32.dir/'
 /usr/lib/gcc/aarch64-linux-gnu/12/cc1plus -quiet -v -imultiarch aarch64-linux-gnu -D_GNU_SOURCE /usr/share/cmake-3.25/Modules/CMakeCXXCompilerABI.cpp -quiet -dumpdir CMakeFiles/cmTC_f2e32.dir/ -dumpbase CMakeCXXCompilerABI.cpp.cpp -dumpbase-ext .cpp -mlittle-endian -mabi=lp64 -version -fasynchronous-unwind-tables -o /tmp/cckMtyKb.s
GNU C++17 (Debian 12.2.0-14+deb12u1) version 12.2.0 (aarch64-linux-gnu)
	compiled by GNU C version 12.2.0, GMP version 6.2.1, MPFR version 4.2.0, MPC version 1.3.1, isl version isl-0.25-GMP

GGC heuristics: --param ggc-min-expand=100 --param ggc-min-heapsize=131072
ignoring duplicate directory "/usr/include/aarch64-linux-gnu/c++/12"
ignoring nonexistent directory "/usr/local/include/aarch64-linux-gnu"
ignoring nonexistent directory "/usr/lib/gcc/aarch64-linux-gnu/12/include-fixed"
ignoring nonexistent directory "/usr/lib/gcc/aarch64-linux-gnu/12/../../../../aarch64-linux-gnu/include"
#include "..." search starts here:
#include <...> search starts here:
 /usr/include/c++/12
 /usr/include/aarch64-linux-gnu/c++/12
 /usr/include/c++/12/backward
 /usr/lib/gcc/aarch64-linux-gnu/12/include
 /usr/local/include
 /usr/include/aarch64-linux-gnu
 /usr/include
End of search list.
GNU C++17 (Debian 12.2.0-14+deb12u1) version 12.2.0 (aarch64-linux-gnu)
	compiled by GNU C version 12.2.0, GMP version 6.2.1, MPFR version 4.2.0, MPC version 1.3.1, isl version isl-0.25-GMP

GGC heuristics: --param ggc-min-expand=100 --param ggc-min-heapsize=131072
Compiler executable checksum: d9103456b43be91192fb7c39dd0b8040
COLLECT_GCC_OPTIONS='-v' '-o' 'CMakeFiles/cmTC_f2e32.dir/CMakeCXXCompilerABI.cpp.o' '-c' '-shared-libgcc' '-mlittle-endian' '-mabi=lp64' '-dumpdir' 'CMakeFiles/cmTC_f2e32.dir/'
 as -v -EL -mabi=lp64 -o CMakeFiles/cmTC_f2e32.dir/CMakeCXXCompilerABI.cpp.o /tmp/cckMtyKb.s
GNU assembler version 2.40 (aarch64-linux-gnu) using BFD version (GNU Binutils for Debian) 2.40
COMPILER_PATH=/usr/lib/gcc/aarch64-linux-gnu/12/:/usr/lib/gcc/aarch64-linux-gnu/12/:/usr/lib/gcc/aarch64-linux-gnu/:/usr/lib/gcc/aarch64-linux-gnu/12/:/usr/lib/gcc/aarch64-linux-gnu/
LIBRARY_PATH=/usr/lib/gcc/aarch64-linux-gnu/12/:/usr/lib/gcc/aarch64-linux-gnu/12/../../../aarch64-linux-gnu/:/usr/lib/gcc/aarch64-linux-gnu/12/../../../../lib/:/lib/aarch64-linux-gnu/:/lib/../lib/:/usr/lib/aarch64-linux-gnu/:/usr/lib/../lib/:/usr/lib/gcc/aarch64-linux-gnu/12/../../../:/lib/:/usr/lib/
COLLECT_GCC_OPTIONS='-v' '-o' 'CMakeFiles/cmTC_f2e32.dir/CMakeCXXCompilerABI.cpp.o' '-c' '-shared-libgcc' '-mlittle-endian' '-mabi=lp64' '-dumpdir' 'CMakeFiles/cmTC_f2e32.dir/CMakeCXXCompilerABI.cpp.'
Linking CXX executable cmTC_f2e32
/usr/bin/cmake -E cmake_link_script CMakeFiles/cmTC_f2e32.dir/link.txt --verbose=1
/usr/bin/c++  -v CMakeFiles/cmTC_f2e32.dir/CMakeCXXCompilerABI.cpp.o -o cmTC_f2e32 
Using built-in specs.
COLLECT_GCC=/usr/bin/c++
COLLECT_LTO_WRAPPER=/usr/lib/gcc/aarch64-linux-gnu/12/lto-wrapper
Target: aarch64-linux-gnu
Configured with: ../src/configure -v --with-pkgversion='Debian 12.2.0-14+deb12u1' --with-bugurl=file:///usr/share/doc/gcc-12/README.Bugs --enable-languages=c,ada,c++,go,d,fortran,objc,obj-c++,m2 --prefix=/usr --with-gcc-major-version-only --program-suffix=-12 --program-prefix=aarch64-linux-gnu- --enable-shared --enable-linker-build-id --libexecdir=/usr/lib --without-included-gettext --enable-threads=posix --libdir=/usr/lib --enable-nls --enable-clocale=gnu --enable-libstdcxx-debug --enable-libstdcxx-time=yes --with-default-libstdcxx-abi=new --enable-gnu-unique-object --disable-libquadmath --disable-libquadmath-support --enable-plugin --enable-default-pie --with-system-zlib --enable-libphobos-checking=release --with-target-system-zlib=auto --enable-objc-gc=auto --enable-multiarch --enable-fix-cortex-a53-843419 --disable-werror --enable-checking=release --build=aarch64-linux-gnu --host=aarch64-linux-gnu --target=aarch64-linux-gnu
Thread model: posix
Supported LTO compression algorithms: zlib zstd
gcc version 12.2.0 (Debian 12.2.0-14+deb12u1) 
COMPILER_PATH=/usr/lib/gcc/aarch64-linux-gnu/12/:/usr/lib/gcc/aarch64-linux-gnu/12/:/usr/lib/gcc/aarch64-linux-gnu/:/usr/lib/gcc/aarch64-linux-gnu/12/:/usr/lib/gcc/aarch64-linux-gnu/
LIBRARY_PATH=/usr/lib/gcc/aarch64-linux-gnu/12/:/usr/lib/gcc/aarch64-linux-gnu/12/../../../aarch64-linux-gnu/:/usr/lib/gcc/aarch64-linux-gnu/12/../../../../lib/:/lib/aarch64-linux-gnu/:/lib/../lib/:/usr/lib/aarch64-linux-gnu/:/usr/lib/../lib/:/usr/lib/gcc/aarch64-linux-gnu/12/../../../:/lib/:/usr/lib/
COLLECT_GCC_OPTIONS='-v' '-o' 'cmTC_f2e32' '-shared-libgcc' '-mlittle-endian' '-mabi=lp64' '-dumpdir' 'cmTC_f2e32.'
 /usr/lib/gcc/aarch64-linux-gnu/12/collect2 -plugin /usr/lib/gcc/aarch64-linux-gnu/12/liblto_plugin.so -plugin-opt=/usr/lib/gcc/aarch64-linux-gnu/12/lto-wrapper -plugin-opt=-fresolution=/tmp/ccGrJIhp.res -plugin-opt=-pass-through=-lgcc_s -plugin-opt=-pass-through=-lgcc -plugin-opt=-pass-through=-lc -plugin-opt=-pass-through=-lgcc_s -plugin-opt=-pass-through=-lgcc --build-id --eh-frame-hdr --hash-style=gnu --as-needed -dynamic-linker /lib/ld-linux-aarch64.so.1 -X -EL -maarch64linux --fix-cortex-a53-843419 -pie -o cmTC_f2e32 /usr/lib/gcc/aarch64-linux-gnu/12/../../../aarch64-linux-gnu/Scrt1.o /usr/lib/gcc/aarch64-linux-gnu/12/../../../aarch64-linux-gnu/crti.o /usr/lib/gcc/aarch64-linux-gnu/12/crtbeginS.o -L/usr/lib/gcc/aarch64-linux-gnu/12 -L/usr/lib/gcc/aarch64-linux-gnu/12/../../../aarch64-linux-gnu -L/usr/lib/gcc/aarch64-linux-gnu/12/../../../../lib -L/lib/aarch64-linux-gnu -L/lib/../lib -L/usr/lib/aarch64-linux-gnu -L/usr/lib/../lib -L/usr/lib/gcc/aarch64-linux-gnu/12/../../.. CMakeFiles/cmTC_f2e32.dir/CMakeCXXCompilerABI.cpp.o -lstdc++ -lm -lgcc_s -lgcc -lc -lgcc_s -lgcc /usr/lib/gcc/aarch64-linux-gnu/12/crtendS.o /usr/lib/gcc/aarch64-linux-gnu/12/../../../aarch64-linux-gnu/crtn.o
COLLECT_GCC_OPTIONS='-v' '-o' 'cmTC_f2e32' '-shared-libgcc' '-mlittle-endian' '-mabi=lp64' '-dumpdir' 'cmTC_f2e32.'
gmake[2]: Leaving directory '/home/pi/CoralEdgeTpu/CMakeFiles/CMakeScratch/TryCompile-wj6GR0'
gmake[1]: Leaving directory '/home/pi/CoralEdgeTpu/CMakeFiles/CMakeScratch/TryCompile-wj6GR0'



Parsed CXX implicit include dir info from above output: rv=done
  found start of include info
  found start of implicit include info
    add: [/usr/include/c++/12]
    add: [/usr/include/aarch64-linux-gnu/c++/12]
    add: [/usr/include/c++/12/backward]
    add: [/usr/lib/gcc/aarch64-linux-gnu/12/include]
    add: [/usr/local/include]
    add: [/usr/include/aarch64-linux-gnu]
    add: [/usr/include]
  end of search list found
  collapse include dir [/usr/include/c++/12] ==> [/usr/include/c++/12]
  collapse include dir [/usr/include/aarch64-linux-gnu/c++/12] ==> [/usr/include/aarch64-linux-gnu/c++/12]
  collapse include dir [/usr/include/c++/12/backward] ==> [/usr/include/c++/12/backward]
  collapse include dir [/usr/lib/gcc/aarch64-linux-gnu/12/include] ==> [/usr/lib/gcc/aarch64-linux-gnu/12/include]
  collapse include dir [/usr/local/include] ==> [/usr/local/include]
  collapse include dir [/usr/include/aarch64-linux-gnu] ==> [/usr/include/aarch64-linux-gnu]
  collapse include dir [/usr/include] ==> [/usr/include]
  implicit include dirs: [/usr/include/c++/12;/usr/include/aarch64-linux-gnu/c++/12;/usr/include/c++/12/backward;/usr/lib/gcc/aarch64-linux-gnu/12/include;/usr/local/include;/usr/include/aarch64-linux-gnu;/usr/include]


Parsed CXX implicit link information from above output:
  link line regex: [^( *|.*[/\])(ld|CMAKE_LINK_STARTFILE-NOTFOUND|([^/\]+-)?ld|collect2)[^/\]*( |$)]
  ignore line: [Change Dir: /home/pi/CoralEdgeTpu/CMakeFiles/CMakeScratch/TryCompile-wj6GR0]
  ignore line: []
  ignore line: [Run Build Command(s):/usr/bin/gmake -f Makefile cmTC_f2e32/fast && gmake[1]: Entering directory '/home/pi/CoralEdgeTpu/CMakeFiles/CMakeScratch/TryCompile-wj6GR0']
  ignore line: [/usr/bin/gmake  -f CMakeFiles/cmTC_f2e32.dir/build.make CMakeFiles/cmTC_f2e32.dir/build]
  ignore line: [gmake[2]: Entering directory '/home/pi/CoralEdgeTpu/CMakeFiles/CMakeScratch/TryCompile-wj6GR0']
  ignore line: [Building CXX object CMakeFiles/cmTC_f2e32.dir/CMakeCXXCompilerABI.cpp.o]
  ignore line: [/usr/bin/c++   -v -o CMakeFiles/cmTC_f2e32.dir/CMakeCXXCompilerABI.cpp.o -c /usr/share/cmake-3.25/Modules/CMakeCXXCompilerABI.cpp]
  ignore line: [Using built-in specs.]
  ignore line: [COLLECT_GCC=/usr/bin/c++]
  ignore line: [Target: aarch64-linux-gnu]
  ignore line: [Configured with: ../src/configure -v --with-pkgversion='Debian 12.2.0-14+deb12u1' --with-bugurl=file:///usr/share/doc/gcc-12/README.Bugs --enable-languages=c ada c++ go d fortran objc obj-c++ m2 --prefix=/usr --with-gcc-major-version-only --program-suffix=-12 --program-prefix=aarch64-linux-gnu- --enable-shared --enable-linker-build-id --libexecdir=/usr/lib --without-included-gettext --enable-threads=posix --libdir=/usr/lib --enable-nls --enable-clocale=gnu --enable-libstdcxx-debug --enable-libstdcxx-time=yes --with-default-libstdcxx-abi=new --enable-gnu-unique-object --disable-libquadmath --disable-libquadmath-support --enable-plugin --enable-default-pie --with-system-zlib --enable-libphobos-checking=release --with-target-system-zlib=auto --enable-objc-gc=auto --enable-multiarch --enable-fix-cortex-a53-843419 --disable-werror --enable-checking=release --build=aarch64-linux-gnu --host=aarch64-linux-gnu --target=aarch64-linux-gnu]
  ignore line: [Thread model: posix]
  ignore line: [Supported LTO compression algorithms: zlib zstd]
  ignore line: [gcc version 12.2.0 (Debian 12.2.0-14+deb12u1) ]
  ignore line: [COLLECT_GCC_OPTIONS='-v' '-o' 'CMakeFiles/cmTC_f2e32.dir/CMakeCXXCompilerABI.cpp.o' '-c' '-shared-libgcc' '-mlittle-endian' '-mabi=lp64' '-dumpdir' 'CMakeFiles/cmTC_f2e32.dir/']
  ignore line: [ /usr/lib/gcc/aarch64-linux-gnu/12/cc1plus -quiet -v -imultiarch aarch64-linux-gnu -D_GNU_SOURCE /usr/share/cmake-3.25/Modules/CMakeCXXCompilerABI.cpp -quiet -dumpdir CMakeFiles/cmTC_f2e32.dir/ -dumpbase CMakeCXXCompilerABI.cpp.cpp -dumpbase-ext .cpp -mlittle-endian -mabi=lp64 -version -fasynchronous-unwind-tables -o /tmp/cckMtyKb.s]
  ignore line: [GNU C++17 (Debian 12.2.0-14+deb12u1) version 12.2.0 (aarch64-linux-gnu)]
  ignore line: [	compiled by GNU C version 12.2.0  GMP version 6.2.1  MPFR version 4.2.0  MPC version 1.3.1  isl version isl-0.25-GMP]
  ignore line: []
  ignore line: [GGC heuristics: --param ggc-min-expand=100 --param ggc-min-heapsize=131072]
  ignore line: [ignoring duplicate directory "/usr/include/aarch64-linux-gnu/c++/12"]
  ignore line: [ignoring nonexistent directory "/usr/local/include/aarch64-linux-gnu"]
  ignore line: [ignoring nonexistent directory "/usr/lib/gcc/aarch64-linux-gnu/12/include-fixed"]
  ignore line: [ignoring nonexistent directory "/usr/lib/gcc/aarch64-linux-gnu/12/../../../../aarch64-linux-gnu/include"]
  ignore line: [#include "..." search starts here:]
  ignore line: [#include <...> search starts here:]
  ignore line: [ /usr/include/c++/12]
  ignore line: [ /usr/include/aarch64-linux-gnu/c++/12]
  ignore line: [ /usr/include/c++/12/backward]
  ignore line: [ /usr/lib/gcc/aarch64-linux-gnu/12/include]
  ignore line: [ /usr/local/include]
  ignore line: [ /usr/include/aarch64-linux-gnu]
  ignore line: [ /usr/include]
  ignore line: [End of search list.]
  ignore line: [GNU C++17 (Debian 12.2.0-14+deb12u1) version 12.2.0 (aarch64-linux-gnu)]
  ignore line: [	compiled by GNU C version 12.2.0  GMP version 6.2.1  MPFR version 4.2.0  MPC version 1.3.1  isl version isl-0.25-GMP]
  ignore line: []
  ignore line: [GGC heuristics: --param ggc-min-expand=100 --param ggc-min-heapsize=131072]
  ignore line: [Compiler executable checksum: d9103456b43be91192fb7c39dd0b8040]
  ignore line: [COLLECT_GCC_OPTIONS='-v' '-o' 'CMakeFiles/cmTC_f2e32.dir/CMakeCXXCompilerABI.cpp.o' '-c' '-shared-libgcc' '-mlittle-endian' '-mabi=lp64' '-dumpdir' 'CMakeFiles/cmTC_f2e32.dir/']
  ignore line: [ as -v -EL -mabi=lp64 -o CMakeFiles/cmTC_f2e32.dir/CMakeCXXCompilerABI.cpp.o /tmp/cckMtyKb.s]
  ignore line: [GNU assembler version 2.40 (aarch64-linux-gnu) using BFD version (GNU Binutils for Debian) 2.40]
  ignore line: [COMPILER_PATH=/usr/lib/gcc/aarch64-linux-gnu/12/:/usr/lib/gcc/aarch64-linux-gnu/12/:/usr/lib/gcc/aarch64-linux-gnu/:/usr/lib/gcc/aarch64-linux-gnu/12/:/usr/lib/gcc/aarch64-linux-gnu/]
  ignore line: [LIBRARY_PATH=/usr/lib/gcc/aarch64-linux-gnu/12/:/usr/lib/gcc/aarch64-linux-gnu/12/../../../aarch64-linux-gnu/:/usr/lib/gcc/aarch64-linux-gnu/12/../../../../lib/:/lib/aarch64-linux-gnu/:/lib/../lib/:/usr/lib/aarch64-linux-gnu/:/usr/lib/../lib/:/usr/lib/gcc/aarch64-linux-gnu/12/../../../:/lib/:/usr/lib/]
  ignore line: [COLLECT_GCC_OPTIONS='-v' '-o' 'CMakeFiles/cmTC_f2e32.dir/CMakeCXXCompilerABI.cpp.o' '-c' '-shared-libgcc' '-mlittle-endian' '-mabi=lp64' '-dumpdir' 'CMakeFiles/cmTC_f2e32.dir/CMakeCXXCompilerABI.cpp.']
  ignore line: [Linking CXX executable cmTC_f2e32]
  ignore line: [/usr/bin/cmake -E cmake_link_script CMakeFiles/cmTC_f2e32.dir/link.txt --verbose=1]
  ignore line: [/usr/bin/c++  -v CMakeFiles/cmTC_f2e32.dir/CMakeCXXCompilerABI.cpp.o -o cmTC_f2e32 ]
  ignore line: [Using built-in specs.]
  ignore line: [COLLECT_GCC=/usr/bin/c++]
  ignore line: [COLLECT_LTO_WRAPPER=/usr/lib/gcc/aarch64-linux-gnu/12/lto-wrapper]
  ignore line: [Target: aarch64-linux-gnu]
  ignore line: [Configured with: ../src/configure -v --with-pkgversion='Debian 12.2.0-14+deb12u1' --with-bugurl=file:///usr/share/doc/gcc-12/README.Bugs --enable-languages=c ada c++ go d fortran objc obj-c++ m2 --prefix=/usr --with-gcc-major-version-only --program-suffix=-12 --program-prefix=aarch64-linux-gnu- --enable-shared --enable-linker-build-id --libexecdir=/usr/lib --without-included-gettext --enable-threads=posix --libdir=/usr/lib --enable-nls --enable-clocale=gnu --enable-libstdcxx-debug --enable-libstdcxx-time=yes --with-default-libstdcxx-abi=new --enable-gnu-unique-object --disable-libquadmath --disable-libquadmath-support --enable-plugin --enable-default-pie --with-system-zlib --enable-libphobos-checking=release --with-target-system-zlib=auto --enable-objc-gc=auto --enable-multiarch --enable-fix-cortex-a53-843419 --disable-werror --enable-checking=release --build=aarch64-linux-gnu --host=aarch64-linux-gnu --target=aarch64-linux-gnu]
  ignore line: [Thread model: posix]
  ignore line: [Supported LTO compression algorithms: zlib zstd]
  ignore line: [gcc version 12.2.0 (Debian 12.2.0-14+deb12u1) ]
  ignore line: [COMPILER_PATH=/usr/lib/gcc/aarch64-linux-gnu/12/:/usr/lib/gcc/aarch64-linux-gnu/12/:/usr/lib/gcc/aarch64-linux-gnu/:/usr/lib/gcc/aarch64-linux-gnu/12/:/usr/lib/gcc/aarch64-linux-gnu/]
  ignore line: [LIBRARY_PATH=/usr/lib/gcc/aarch64-linux-gnu/12/:/usr/lib/gcc/aarch64-linux-gnu/12/../../../aarch64-linux-gnu/:/usr/lib/gcc/aarch64-linux-gnu/12/../../../../lib/:/lib/aarch64-linux-gnu/:/lib/../lib/:/usr/lib/aarch64-linux-gnu/:/usr/lib/../lib/:/usr/lib/gcc/aarch64-linux-gnu/12/../../../:/lib/:/usr/lib/]
  ignore line: [COLLECT_GCC_OPTIONS='-v' '-o' 'cmTC_f2e32' '-shared-libgcc' '-mlittle-endian' '-mabi=lp64' '-dumpdir' 'cmTC_f2e32.']
  link line: [ /usr/lib/gcc/aarch64-linux-gnu/12/collect2 -plugin /usr/lib/gcc/aarch64-linux-gnu/12/liblto_plugin.so -plugin-opt=/usr/lib/gcc/aarch64-linux-gnu/12/lto-wrapper -plugin-opt=-fresolution=/tmp/ccGrJIhp.res -plugin-opt=-pass-through=-lgcc_s -plugin-opt=-pass-through=-lgcc -plugin-opt=-pass-through=-lc -plugin-opt=-pass-through=-lgcc_s -plugin-opt=-pass-through=-lgcc --build-id --eh-frame-hdr --hash-style=gnu --as-needed -dynamic-linker /lib/ld-linux-aarch64.so.1 -X -EL -maarch64linux --fix-cortex-a53-843419 -pie -o cmTC_f2e32 /usr/lib/gcc/aarch64-linux-gnu/12/../../../aarch64-linux-gnu/Scrt1.o /usr/lib/gcc/aarch64-linux-gnu/12/../../../aarch64-linux-gnu/crti.o /usr/lib/gcc/aarch64-linux-gnu/12/crtbeginS.o -L/usr/lib/gcc/aarch64-linux-gnu/12 -L/usr/lib/gcc/aarch64-linux-gnu/12/../../../aarch64-linux-gnu -L/usr/lib/gcc/aarch64-linux-gnu/12/../../../../lib -L/lib/aarch64-linux-gnu -L/lib/../lib -L/usr/lib/aarch64-linux-gnu -L/usr/lib/../lib -L/usr/lib/gcc/aarch64-linux-gnu/12/../../.. CMakeFiles/cmTC_f2e32.dir/CMakeCXXCompilerABI.cpp.o -lstdc++ -lm -lgcc_s -lgcc -lc -lgcc_s -lgcc /usr/lib/gcc/aarch64-linux-gnu/12/crtendS.o /usr/lib/gcc/aarch64-linux-gnu/12/../../../aarch64-linux-gnu/crtn.o]
    arg [/usr/lib/gcc/aarch64-linux-gnu/12/collect2] ==> ignore
    arg [-plugin] ==> ignore
    arg [/usr/lib/gcc/aarch64-linux-gnu/12/liblto_plugin.so] ==> ignore
    arg [-plugin-opt=/usr/lib/gcc/aarch64-linux-gnu/12/lto-wrapper] ==> ignore
    arg [-plugin-opt=-fresolution=/tmp/ccGrJIhp.res] ==> ignore
    arg [-plugin-opt=-pass-through=-lgcc_s] ==> ignore
    arg [-plugin-opt=-pass-through=-lgcc] ==> ignore
    arg [-plugin-opt=-pass-through=-lc] ==> ignore
    arg [-plugin-opt=-pass-through=-lgcc_s] ==> ignore
    arg [-plugin-opt=-pass-through=-lgcc] ==> ignore
    arg [--build-id] ==> ignore
    arg [--eh-frame-hdr] ==> ignore
    arg [--hash-style=gnu] ==> ignore
    arg [--as-needed] ==> ignore
    arg [-dynamic-linker] ==> ignore
    arg [/lib/ld-linux-aarch64.so.1] ==> ignore
    arg [-X] ==> ignore
    arg [-EL] ==> ignore
    arg [-maarch64linux] ==> ignore
    arg [--fix-cortex-a53-843419] ==> ignore
    arg [-pie] ==> ignore
    arg [-o] ==> ignore
    arg [cmTC_f2e32] ==> ignore
    arg [/usr/lib/gcc/aarch64-linux-gnu/12/../../../aarch64-linux-gnu/Scrt1.o] ==> obj [/usr/lib/gcc/aarch64-linux-gnu/12/../../../aarch64-linux-gnu/Scrt1.o]
    arg [/usr/lib/gcc/aarch64-linux-gnu/12/../../../aarch64-linux-gnu/crti.o] ==> obj [/usr/lib/gcc/aarch64-linux-gnu/12/../../../aarch64-linux-gnu/crti.o]
    arg [/usr/lib/gcc/aarch64-linux-gnu/12/crtbeginS.o] ==> obj [/usr/lib/gcc/aarch64-linux-gnu/12/crtbeginS.o]
    arg [-L/usr/lib/gcc/aarch64-linux-gnu/12] ==> dir [/usr/lib/gcc/aarch64-linux-gnu/12]
    arg [-L/usr/lib/gcc/aarch64-linux-gnu/12/../../../aarch64-linux-gnu] ==> dir [/usr/lib/gcc/aarch64-linux-gnu/12/../../../aarch64-linux-gnu]
    arg [-L/usr/lib/gcc/aarch64-linux-gnu/12/../../../../lib] ==> dir [/usr/lib/gcc/aarch64-linux-gnu/12/../../../../lib]
    arg [-L/lib/aarch64-linux-gnu] ==> dir [/lib/aarch64-linux-gnu]
    arg [-L/lib/../lib] ==> dir [/lib/../lib]
    arg [-L/usr/lib/aarch64-linux-gnu] ==> dir [/usr/lib/aarch64-linux-gnu]
    arg [-L/usr/lib/../lib] ==> dir [/usr/lib/../lib]
    arg [-L/usr/lib/gcc/aarch64-linux-gnu/12/../../..] ==> dir [/usr/lib/gcc/aarch64-linux-gnu/12/../../..]
    arg [CMakeFiles/cmTC_f2e32.dir/CMakeCXXCompilerABI.cpp.o] ==> ignore
    arg [-lstdc++] ==> lib [stdc++]
    arg [-lm] ==> lib [m]
    arg [-lgcc_s] ==> lib [gcc_s]
    arg [-lgcc] ==> lib [gcc]
    arg [-lc] ==> lib [c]
    arg [-lgcc_s] ==> lib [gcc_s]
    arg [-lgcc] ==> lib [gcc]
    arg [/usr/lib/gcc/aarch64-linux-gnu/12/crtendS.o] ==> obj [/usr/lib/gcc/aarch64-linux-gnu/12/crtendS.o]
    arg [/usr/lib/gcc/aarch64-linux-gnu/12/../../../aarch64-linux-gnu/crtn.o] ==> obj [/usr/lib/gcc/aarch64-linux-gnu/12/../../../aarch64-linux-gnu/crtn.o]
  collapse obj [/usr/lib/gcc/aarch64-linux-gnu/12/../../../aarch64-linux-gnu/Scrt1.o] ==> [/usr/lib/aarch64-linux-gnu/Scrt1.o]
  collapse obj [/usr/lib/gcc/aarch64-linux-gnu/12/../../../aarch64-linux-gnu/crti.o] ==> [/usr/lib/aarch64-linux-gnu/crti.o]
  collapse obj [/usr/lib/gcc/aarch64-linux-gnu/12/../../../aarch64-linux-gnu/crtn.o] ==> [/usr/lib/aarch64-linux-gnu/crtn.o]
  collapse library dir [/usr/lib/gcc/aarch64-linux-gnu/12] ==> [/usr/lib/gcc/aarch64-linux-gnu/12]
  collapse library dir [/usr/lib/gcc/aarch64-linux-gnu/12/../../../aarch64-linux-gnu] ==> [/usr/lib/aarch64-linux-gnu]
  collapse library dir [/usr/lib/gcc/aarch64-linux-gnu/12/../../../../lib] ==> [/usr/lib]
  collapse library dir [/lib/aarch64-linux-gnu] ==> [/lib/aarch64-linux-gnu]
  collapse library dir [/lib/../lib] ==> [/lib]
  collapse library dir [/usr/lib/aarch64-linux-gnu] ==> [/usr/lib/aarch64-linux-gnu]
  collapse library dir [/usr/lib/../lib] ==> [/usr/lib]
  collapse library dir [/usr/lib/gcc/aarch64-linux-gnu/12/../../..] ==> [/usr/lib]
  implicit libs: [stdc++;m;gcc_s;gcc;c;gcc_s;gcc]
  implicit objs: [/usr/lib/aarch64-linux-gnu/Scrt1.o;/usr/lib/aarch64-linux-gnu/crti.o;/usr/lib/gcc/aarch64-linux-gnu/12/crtbeginS.o;/usr/lib/gcc/aarch64-linux-gnu/12/crtendS.o;/usr/lib/aarch64-linux-gnu/crtn.o]
  implicit dirs: [/usr/lib/gcc/aarch64-linux-gnu/12;/usr/lib/aarch64-linux-gnu;/usr/lib;/lib/aarch64-linux-gnu;/lib]
  implicit fwks: []


Detecting C compiler ABI info compiled with the following output:
Change Dir: /home/pi/CoralEdgeTpu/CMakeFiles/CMakeScratch/TryCompile-MXh5nX

Run Build Command(s):/usr/bin/gmake -f Makefile cmTC_d33b8/fast && gmake[1]: Entering directory '/home/pi/CoralEdgeTpu/CMakeFiles/CMakeScratch/TryCompile-MXh5nX'
/usr/bin/gmake  -f CMakeFiles/cmTC_d33b8.dir/build.make CMakeFiles/cmTC_d33b8.dir/build
gmake[2]: Entering directory '/home/pi/CoralEdgeTpu/CMakeFiles/CMakeScratch/TryCompile-MXh5nX'
Building C object CMakeFiles/cmTC_d33b8.dir/CMakeCCompilerABI.c.o
/usr/bin/cc   -v -o CMakeFiles/cmTC_d33b8.dir/CMakeCCompilerABI.c.o -c /usr/share/cmake-3.25/Modules/CMakeCCompilerABI.c
Using built-in specs.
COLLECT_GCC=/usr/bin/cc
Target: aarch64-linux-gnu
Configured with: ../src/configure -v --with-pkgversion='Debian 12.2.0-14+deb12u1' --with-bugurl=file:///usr/share/doc/gcc-12/README.Bugs --enable-languages=c,ada,c++,go,d,fortran,objc,obj-c++,m2 --prefix=/usr --with-gcc-major-version-only --program-suffix=-12 --program-prefix=aarch64-linux-gnu- --enable-shared --enable-linker-build-id --libexecdir=/usr/lib --without-included-gettext --enable-threads=posix --libdir=/usr/lib --enable-nls --enable-clocale=gnu --enable-libstdcxx-debug --enable-libstdcxx-time=yes --with-default-libstdcxx-abi=new --enable-gnu-unique-object --disable-libquadmath --disable-libquadmath-support --enable-plugin --enable-default-pie --with-system-zlib --enable-libphobos-checking=release --with-target-system-zlib=auto --enable-objc-gc=auto --enable-multiarch --enable-fix-cortex-a53-843419 --disable-werror --enable-checking=release --build=aarch64-linux-gnu --host=aarch64-linux-gnu --target=aarch64-linux-gnu
Thread model: posix
Supported LTO compression algorithms: zlib zstd
gcc version 12.2.0 (Debian 12.2.0-14+deb12u1) 
COLLECT_GCC_OPTIONS='-v' '-o' 'CMakeFiles/cmTC_d33b8.dir/CMakeCCompilerABI.c.o' '-c' '-mlittle-endian' '-mabi=lp64' '-dumpdir' 'CMakeFiles/cmTC_d33b8.dir/'
 /usr/lib/gcc/aarch64-linux-gnu/12/cc1 -quiet -v -imultiarch aarch64-linux-gnu /usr/share/cmake-3.25/Modules/CMakeCCompilerABI.c -quiet -dumpdir CMakeFiles/cmTC_d33b8.dir/ -dumpbase CMakeCCompilerABI.c.c -dumpbase-ext .c -mlittle-endian -mabi=lp64 -version -fasynchronous-unwind-tables -o /tmp/ccyCoiNh.s
GNU C17 (Debian 12.2.0-14+deb12u1) version 12.2.0 (aarch64-linux-gnu)
	compiled by GNU C version 12.2.0, GMP version 6.2.1, MPFR version 4.2.0, MPC version 1.3.1, isl version isl-0.25-GMP

GGC heuristics: --param ggc-min-expand=100 --param ggc-min-heapsize=131072
ignoring nonexistent directory "/usr/local/include/aarch64-linux-gnu"
ignoring nonexistent directory "/usr/lib/gcc/aarch64-linux-gnu/12/include-fixed"
ignoring nonexistent directory "/usr/lib/gcc/aarch64-linux-gnu/12/../../../../aarch64-linux-gnu/include"
#include "..." search starts here:
#include <...> search starts here:
 /usr/lib/gcc/aarch64-linux-gnu/12/include
 /usr/local/include
 /usr/include/aarch64-linux-gnu
 /usr/include
End of search list.
GNU C17 (Debian 12.2.0-14+deb12u1) version 12.2.0 (aarch64-linux-gnu)
	compiled by GNU C version 12.2.0, GMP version 6.2.1, MPFR version 4.2.0, MPC version 1.3.1, isl version isl-0.25-GMP

GGC heuristics: --param ggc-min-expand=100 --param ggc-min-heapsize=131072
Compiler executable checksum: 353d9f3bda0709922bce3bd32cc6f6a4
COLLECT_GCC_OPTIONS='-v' '-o' 'CMakeFiles/cmTC_d33b8.dir/CMakeCCompilerABI.c.o' '-c' '-mlittle-endian' '-mabi=lp64' '-dumpdir' 'CMakeFiles/cmTC_d33b8.dir/'
 as -v -EL -mabi=lp64 -o CMakeFiles/cmTC_d33b8.dir/CMakeCCompilerABI.c.o /tmp/ccyCoiNh.s
GNU assembler version 2.40 (aarch64-linux-gnu) using BFD version (GNU Binutils for Debian) 2.40
COMPILER_PATH=/usr/lib/gcc/aarch64-linux-gnu/12/:/usr/lib/gcc/aarch64-linux-gnu/12/:/usr/lib/gcc/aarch64-linux-gnu/:/usr/lib/gcc/aarch64-linux-gnu/12/:/usr/lib/gcc/aarch64-linux-gnu/
LIBRARY_PATH=/usr/lib/gcc/aarch64-linux-gnu/12/:/usr/lib/gcc/aarch64-linux-gnu/12/../../../aarch64-linux-gnu/:/usr/lib/gcc/aarch64-linux-gnu/12/../../../../lib/:/lib/aarch64-linux-gnu/:/lib/../lib/:/usr/lib/aarch64-linux-gnu/:/usr/lib/../lib/:/usr/lib/gcc/aarch64-linux-gnu/12/../../../:/lib/:/usr/lib/
COLLECT_GCC_OPTIONS='-v' '-o' 'CMakeFiles/cmTC_d33b8.dir/CMakeCCompilerABI.c.o' '-c' '-mlittle-endian' '-mabi=lp64' '-dumpdir' 'CMakeFiles/cmTC_d33b8.dir/CMakeCCompilerABI.c.'
Linking C executable cmTC_d33b8
/usr/bin/cmake -E cmake_link_script CMakeFiles/cmTC_d33b8.dir/link.txt --verbose=1
/usr/bin/cc  -v CMakeFiles/cmTC_d33b8.dir/CMakeCCompilerABI.c.o -o cmTC_d33b8 
Using built-in specs.
COLLECT_GCC=/usr/bin/cc
COLLECT_LTO_WRAPPER=/usr/lib/gcc/aarch64-linux-gnu/12/lto-wrapper
Target: aarch64-linux-gnu
Configured with: ../src/configure -v --with-pkgversion='Debian 12.2.0-14+deb12u1' --with-bugurl=file:///usr/share/doc/gcc-12/README.Bugs --enable-languages=c,ada,c++,go,d,fortran,objc,obj-c++,m2 --prefix=/usr --with-gcc-major-version-only --program-suffix=-12 --program-prefix=aarch64-linux-gnu- --enable-shared --enable-linker-build-id --libexecdir=/usr/lib --without-included-gettext --enable-threads=posix --libdir=/usr/lib --enable-nls --enable-clocale=gnu --enable-libstdcxx-debug --enable-libstdcxx-time=yes --with-default-libstdcxx-abi=new --enable-gnu-unique-object --disable-libquadmath --disable-libquadmath-support --enable-plugin --enable-default-pie --with-system-zlib --enable-libphobos-checking=release --with-target-system-zlib=auto --enable-objc-gc=auto --enable-multiarch --enable-fix-cortex-a53-843419 --disable-werror --enable-checking=release --build=aarch64-linux-gnu --host=aarch64-linux-gnu --target=aarch64-linux-gnu
Thread model: posix
Supported LTO compression algorithms: zlib zstd
gcc version 12.2.0 (Debian 12.2.0-14+deb12u1) 
COMPILER_PATH=/usr/lib/gcc/aarch64-linux-gnu/12/:/usr/lib/gcc/aarch64-linux-gnu/12/:/usr/lib/gcc/aarch64-linux-gnu/:/usr/lib/gcc/aarch64-linux-gnu/12/:/usr/lib/gcc/aarch64-linux-gnu/
LIBRARY_PATH=/usr/lib/gcc/aarch64-linux-gnu/12/:/usr/lib/gcc/aarch64-linux-gnu/12/../../../aarch64-linux-gnu/:/usr/lib/gcc/aarch64-linux-gnu/12/../../../../lib/:/lib/aarch64-linux-gnu/:/lib/../lib/:/usr/lib/aarch64-linux-gnu/:/usr/lib/../lib/:/usr/lib/gcc/aarch64-linux-gnu/12/../../../:/lib/:/usr/lib/
COLLECT_GCC_OPTIONS='-v' '-o' 'cmTC_d33b8' '-mlittle-endian' '-mabi=lp64' '-dumpdir' 'cmTC_d33b8.'
 /usr/lib/gcc/aarch64-linux-gnu/12/collect2 -plugin /usr/lib/gcc/aarch64-linux-gnu/12/liblto_plugin.so -plugin-opt=/usr/lib/gcc/aarch64-linux-gnu/12/lto-wrapper -plugin-opt=-fresolution=/tmp/cc1BEl3q.res -plugin-opt=-pass-through=-lgcc -plugin-opt=-pass-through=-lgcc_s -plugin-opt=-pass-through=-lc -plugin-opt=-pass-through=-lgcc -plugin-opt=-pass-through=-lgcc_s --build-id --eh-frame-hdr --hash-style=gnu --as-needed -dynamic-linker /lib/ld-linux-aarch64.so.1 -X -EL -maarch64linux --fix-cortex-a53-843419 -pie -o cmTC_d33b8 /usr/lib/gcc/aarch64-linux-gnu/12/../../../aarch64-linux-gnu/Scrt1.o /usr/lib/gcc/aarch64-linux-gnu/12/../../../aarch64-linux-gnu/crti.o /usr/lib/gcc/aarch64-linux-gnu/12/crtbeginS.o -L/usr/lib/gcc/aarch64-linux-gnu/12 -L/usr/lib/gcc/aarch64-linux-gnu/12/../../../aarch64-linux-gnu -L/usr/lib/gcc/aarch64-linux-gnu/12/../../../../lib -L/lib/aarch64-linux-gnu -L/lib/../lib -L/usr/lib/aarch64-linux-gnu -L/usr/lib/../lib -L/usr/lib/gcc/aarch64-linux-gnu/12/../../.. CMakeFiles/cmTC_d33b8.dir/CMakeCCompilerABI.c.o -lgcc --push-state --as-needed -lgcc_s --pop-state -lc -lgcc --push-state --as-needed -lgcc_s --pop-state /usr/lib/gcc/aarch64-linux-gnu/12/crtendS.o /usr/lib/gcc/aarch64-linux-gnu/12/../../../aarch64-linux-gnu/crtn.o
COLLECT_GCC_OPTIONS='-v' '-o' 'cmTC_d33b8' '-mlittle-endian' '-mabi=lp64' '-dumpdir' 'cmTC_d33b8.'
gmake[2]: Leaving directory '/home/pi/CoralEdgeTpu/CMakeFiles/CMakeScratch/TryCompile-MXh5nX'
gmake[1]: Leaving directory '/home/pi/CoralEdgeTpu/CMakeFiles/CMakeScratch/TryCompile-MXh5nX'



Parsed C implicit include dir info from above output: rv=done
  found start of include info
  found start of implicit include info
    add: [/usr/lib/gcc/aarch64-linux-gnu/12/include]
    add: [/usr/local/include]
    add: [/usr/include/aarch64-linux-gnu]
    add: [/usr/include]
  end of search list found
  collapse include dir [/usr/lib/gcc/aarch64-linux-gnu/12/include] ==> [/usr/lib/gcc/aarch64-linux-gnu/12/include]
  collapse include dir [/usr/local/include] ==> [/usr/local/include]
  collapse include dir [/usr/include/aarch64-linux-gnu] ==> [/usr/include/aarch64-linux-gnu]
  collapse include dir [/usr/include] ==> [/usr/include]
  implicit include dirs: [/usr/lib/gcc/aarch64-linux-gnu/12/include;/usr/local/include;/usr/include/aarch64-linux-gnu;/usr/include]


Parsed C implicit link information from above output:
  link line regex: [^( *|.*[/\])(ld|CMAKE_LINK_STARTFILE-NOTFOUND|([^/\]+-)?ld|collect2)[^/\]*( |$)]
  ignore line: [Change Dir: /home/pi/CoralEdgeTpu/CMakeFiles/CMakeScratch/TryCompile-MXh5nX]
  ignore line: []
  ignore line: [Run Build Command(s):/usr/bin/gmake -f Makefile cmTC_d33b8/fast && gmake[1]: Entering directory '/home/pi/CoralEdgeTpu/CMakeFiles/CMakeScratch/TryCompile-MXh5nX']
  ignore line: [/usr/bin/gmake  -f CMakeFiles/cmTC_d33b8.dir/build.make CMakeFiles/cmTC_d33b8.dir/build]
  ignore line: [gmake[2]: Entering directory '/home/pi/CoralEdgeTpu/CMakeFiles/CMakeScratch/TryCompile-MXh5nX']
  ignore line: [Building C object CMakeFiles/cmTC_d33b8.dir/CMakeCCompilerABI.c.o]
  ignore line: [/usr/bin/cc   -v -o CMakeFiles/cmTC_d33b8.dir/CMakeCCompilerABI.c.o -c /usr/share/cmake-3.25/Modules/CMakeCCompilerABI.c]
  ignore line: [Using built-in specs.]
  ignore line: [COLLECT_GCC=/usr/bin/cc]
  ignore line: [Target: aarch64-linux-gnu]
  ignore line: [Configured with: ../src/configure -v --with-pkgversion='Debian 12.2.0-14+deb12u1' --with-bugurl=file:///usr/share/doc/gcc-12/README.Bugs --enable-languages=c ada c++ go d fortran objc obj-c++ m2 --prefix=/usr --with-gcc-major-version-only --program-suffix=-12 --program-prefix=aarch64-linux-gnu- --enable-shared --enable-linker-build-id --libexecdir=/usr/lib --without-included-gettext --enable-threads=posix --libdir=/usr/lib --enable-nls --enable-clocale=gnu --enable-libstdcxx-debug --enable-libstdcxx-time=yes --with-default-libstdcxx-abi=new --enable-gnu-unique-object --disable-libquadmath --disable-libquadmath-support --enable-plugin --enable-default-pie --with-system-zlib --enable-libphobos-checking=release --with-target-system-zlib=auto --enable-objc-gc=auto --enable-multiarch --enable-fix-cortex-a53-843419 --disable-werror --enable-checking=release --build=aarch64-linux-gnu --host=aarch64-linux-gnu --target=aarch64-linux-gnu]
  ignore line: [Thread model: posix]
  ignore line: [Supported LTO compression algorithms: zlib zstd]
  ignore line: [gcc version 12.2.0 (Debian 12.2.0-14+deb12u1) ]
  ignore line: [COLLECT_GCC_OPTIONS='-v' '-o' 'CMakeFiles/cmTC_d33b8.dir/CMakeCCompilerABI.c.o' '-c' '-mlittle-endian' '-mabi=lp64' '-dumpdir' 'CMakeFiles/cmTC_d33b8.dir/']
  ignore line: [ /usr/lib/gcc/aarch64-linux-gnu/12/cc1 -quiet -v -imultiarch aarch64-linux-gnu /usr/share/cmake-3.25/Modules/CMakeCCompilerABI.c -quiet -dumpdir CMakeFiles/cmTC_d33b8.dir/ -dumpbase CMakeCCompilerABI.c.c -dumpbase-ext .c -mlittle-endian -mabi=lp64 -version -fasynchronous-unwind-tables -o /tmp/ccyCoiNh.s]
  ignore line: [GNU C17 (Debian 12.2.0-14+deb12u1) version 12.2.0 (aarch64-linux-gnu)]
  ignore line: [	compiled by GNU C version 12.2.0  GMP version 6.2.1  MPFR version 4.2.0  MPC version 1.3.1  isl version isl-0.25-GMP]
  ignore line: []
  ignore line: [GGC heuristics: --param ggc-min-expand=100 --param ggc-min-heapsize=131072]
  ignore line: [ignoring nonexistent directory "/usr/local/include/aarch64-linux-gnu"]
  ignore line: [ignoring nonexistent directory "/usr/lib/gcc/aarch64-linux-gnu/12/include-fixed"]
  ignore line: [ignoring nonexistent directory "/usr/lib/gcc/aarch64-linux-gnu/12/../../../../aarch64-linux-gnu/include"]
  ignore line: [#include "..." search starts here:]
  ignore line: [#include <...> search starts here:]
  ignore line: [ /usr/lib/gcc/aarch64-linux-gnu/12/include]
  ignore line: [ /usr/local/include]
  ignore line: [ /usr/include/aarch64-linux-gnu]
  ignore line: [ /usr/include]
  ignore line: [End of search list.]
  ignore line: [GNU C17 (Debian 12.2.0-14+deb12u1) version 12.2.0 (aarch64-linux-gnu)]
  ignore line: [	compiled by GNU C version 12.2.0  GMP version 6.2.1  MPFR version 4.2.0  MPC version 1.3.1  isl version isl-0.25-GMP]
  ignore line: []
  ignore line: [GGC heuristics: --param ggc-min-expand=100 --param ggc-min-heapsize=131072]
  ignore line: [Compiler executable checksum: 353d9f3bda0709922bce3bd32cc6f6a4]
  ignore line: [COLLECT_GCC_OPTIONS='-v' '-o' 'CMakeFiles/cmTC_d33b8.dir/CMakeCCompilerABI.c.o' '-c' '-mlittle-endian' '-mabi=lp64' '-dumpdir' 'CMakeFiles/cmTC_d33b8.dir/']
  ignore line: [ as -v -EL -mabi=lp64 -o CMakeFiles/cmTC_d33b8.dir/CMakeCCompilerABI.c.o /tmp/ccyCoiNh.s]
  ignore line: [GNU assembler version 2.40 (aarch64-linux-gnu) using BFD version (GNU Binutils for Debian) 2.40]
  ignore line: [COMPILER_PATH=/usr/lib/gcc/aarch64-linux-gnu/12/:/usr/lib/gcc/aarch64-linux-gnu/12/:/usr/lib/gcc/aarch64-linux-gnu/:/usr/lib/gcc/aarch64-linux-gnu/12/:/usr/lib/gcc/aarch64-linux-gnu/]
  ignore line: [LIBRARY_PATH=/usr/lib/gcc/aarch64-linux-gnu/12/:/usr/lib/gcc/aarch64-linux-gnu/12/../../../aarch64-linux-gnu/:/usr/lib/gcc/aarch64-linux-gnu/12/../../../../lib/:/lib/aarch64-linux-gnu/:/lib/../lib/:/usr/lib/aarch64-linux-gnu/:/usr/lib/../lib/:/usr/lib/gcc/aarch64-linux-gnu/12/../../../:/lib/:/usr/lib/]
  ignore line: [COLLECT_GCC_OPTIONS='-v' '-o' 'CMakeFiles/cmTC_d33b8.dir/CMakeCCompilerABI.c.o' '-c' '-mlittle-endian' '-mabi=lp64' '-dumpdir' 'CMakeFiles/cmTC_d33b8.dir/CMakeCCompilerABI.c.']
  ignore line: [Linking C executable cmTC_d33b8]
  ignore line: [/usr/bin/cmake -E cmake_link_script CMakeFiles/cmTC_d33b8.dir/link.txt --verbose=1]
  ignore line: [/usr/bin/cc  -v CMakeFiles/cmTC_d33b8.dir/CMakeCCompilerABI.c.o -o cmTC_d33b8 ]
  ignore line: [Using built-in specs.]
  ignore line: [COLLECT_GCC=/usr/bin/cc]
  ignore line: [COLLECT_LTO_WRAPPER=/usr/lib/gcc/aarch64-linux-gnu/12/lto-wrapper]
  ignore line: [Target: aarch64-linux-gnu]
  ignore line: [Configured with: ../src/configure -v --with-pkgversion='Debian 12.2.0-14+deb12u1' --with-bugurl=file:///usr/share/doc/gcc-12/README.Bugs --enable-languages=c ada c++ go d fortran objc obj-c++ m2 --prefix=/usr --with-gcc-major-version-only --program-suffix=-12 --program-prefix=aarch64-linux-gnu- --enable-shared --enable-linker-build-id --libexecdir=/usr/lib --without-included-gettext --enable-threads=posix --libdir=/usr/lib --enable-nls --enable-clocale=gnu --enable-libstdcxx-debug --enable-libstdcxx-time=yes --with-default-libstdcxx-abi=new --enable-gnu-unique-object --disable-libquadmath --disable-libquadmath-support --enable-plugin --enable-default-pie --with-system-zlib --enable-libphobos-checking=release --with-target-system-zlib=auto --enable-objc-gc=auto --enable-multiarch --enable-fix-cortex-a53-843419 --disable-werror --enable-checking=release --build=aarch64-linux-gnu --host=aarch64-linux-gnu --target=aarch64-linux-gnu]
  ignore line: [Thread model: posix]
  ignore line: [Supported LTO compression algorithms: zlib zstd]
  ignore line: [gcc version 12.2.0 (Debian 12.2.0-14+deb12u1) ]
  ignore line: [COMPILER_PATH=/usr/lib/gcc/aarch64-linux-gnu/12/:/usr/lib/gcc/aarch64-linux-gnu/12/:/usr/lib/gcc/aarch64-linux-gnu/:/usr/lib/gcc/aarch64-linux-gnu/12/:/usr/lib/gcc/aarch64-linux-gnu/]
  ignore line: [LIBRARY_PATH=/usr/lib/gcc/aarch64-linux-gnu/12/:/usr/lib/gcc/aarch64-linux-gnu/12/../../../aarch64-linux-gnu/:/usr/lib/gcc/aarch64-linux-gnu/12/../../../../lib/:/lib/aarch64-linux-gnu/:/lib/../lib/:/usr/lib/aarch64-linux-gnu/:/usr/lib/../lib/:/usr/lib/gcc/aarch64-linux-gnu/12/../../../:/lib/:/usr/lib/]
  ignore line: [COLLECT_GCC_OPTIONS='-v' '-o' 'cmTC_d33b8' '-mlittle-endian' '-mabi=lp64' '-dumpdir' 'cmTC_d33b8.']
  link line: [ /usr/lib/gcc/aarch64-linux-gnu/12/collect2 -plugin /usr/lib/gcc/aarch64-linux-gnu/12/liblto_plugin.so -plugin-opt=/usr/lib/gcc/aarch64-linux-gnu/12/lto-wrapper -plugin-opt=-fresolution=/tmp/cc1BEl3q.res -plugin-opt=-pass-through=-lgcc -plugin-opt=-pass-through=-lgcc_s -plugin-opt=-pass-through=-lc -plugin-opt=-pass-through=-lgcc -plugin-opt=-pass-through=-lgcc_s --build-id --eh-frame-hdr --hash-style=gnu --as-needed -dynamic-linker /lib/ld-linux-aarch64.so.1 -X -EL -maarch64linux --fix-cortex-a53-843419 -pie -o cmTC_d33b8 /usr/lib/gcc/aarch64-linux-gnu/12/../../../aarch64-linux-gnu/Scrt1.o /usr/lib/gcc/aarch64-linux-gnu/12/../../../aarch64-linux-gnu/crti.o /usr/lib/gcc/aarch64-linux-gnu/12/crtbeginS.o -L/usr/lib/gcc/aarch64-linux-gnu/12 -L/usr/lib/gcc/aarch64-linux-gnu/12/../../../aarch64-linux-gnu -L/usr/lib/gcc/aarch64-linux-gnu/12/../../../../lib -L/lib/aarch64-linux-gnu -L/lib/../lib -L/usr/lib/aarch64-linux-gnu -L/usr/lib/../lib -L/usr/lib/gcc/aarch64-linux-gnu/12/../../.. CMakeFiles/cmTC_d33b8.dir/CMakeCCompilerABI.c.o -lgcc --push-state --as-needed -lgcc_s --pop-state -lc -lgcc --push-state --as-needed -lgcc_s --pop-state /usr/lib/gcc/aarch64-linux-gnu/12/crtendS.o /usr/lib/gcc/aarch64-linux-gnu/12/../../../aarch64-linux-gnu/crtn.o]
    arg [/usr/lib/gcc/aarch64-linux-gnu/12/collect2] ==> ignore
    arg [-plugin] ==> ignore
    arg [/usr/lib/gcc/aarch64-linux-gnu/12/liblto_plugin.so] ==> ignore
    arg [-plugin-opt=/usr/lib/gcc/aarch64-linux-gnu/12/lto-wrapper] ==> ignore
    arg [-plugin-opt=-fresolution=/tmp/cc1BEl3q.res] ==> ignore
    arg [-plugin-opt=-pass-through=-lgcc] ==> ignore
    arg [-plugin-opt=-pass-through=-lgcc_s] ==> ignore
    arg [-plugin-opt=-pass-through=-lc] ==> ignore
    arg [-plugin-opt=-pass-through=-lgcc] ==> ignore
    arg [-plugin-opt=-pass-through=-lgcc_s] ==> ignore
    arg [--build-id] ==> ignore
    arg [--eh-frame-hdr] ==> ignore
    arg [--hash-style=gnu] ==> ignore
    arg [--as-needed] ==> ignore
    arg [-dynamic-linker] ==> ignore
    arg [/lib/ld-linux-aarch64.so.1] ==> ignore
    arg [-X] ==> ignore
    arg [-EL] ==> ignore
    arg [-maarch64linux] ==> ignore
    arg [--fix-cortex-a53-843419] ==> ignore
    arg [-pie] ==> ignore
    arg [-o] ==> ignore
    arg [cmTC_d33b8] ==> ignore
    arg [/usr/lib/gcc/aarch64-linux-gnu/12/../../../aarch64-linux-gnu/Scrt1.o] ==> obj [/usr/lib/gcc/aarch64-linux-gnu/12/../../../aarch64-linux-gnu/Scrt1.o]
    arg [/usr/lib/gcc/aarch64-linux-gnu/12/../../../aarch64-linux-gnu/crti.o] ==> obj [/usr/lib/gcc/aarch64-linux-gnu/12/../../../aarch64-linux-gnu/crti.o]
    arg [/usr/lib/gcc/aarch64-linux-gnu/12/crtbeginS.o] ==> obj [/usr/lib/gcc/aarch64-linux-gnu/12/crtbeginS.o]
    arg [-L/usr/lib/gcc/aarch64-linux-gnu/12] ==> dir [/usr/lib/gcc/aarch64-linux-gnu/12]
    arg [-L/usr/lib/gcc/aarch64-linux-gnu/12/../../../aarch64-linux-gnu] ==> dir [/usr/lib/gcc/aarch64-linux-gnu/12/../../../aarch64-linux-gnu]
    arg [-L/usr/lib/gcc/aarch64-linux-gnu/12/../../../../lib] ==> dir [/usr/lib/gcc/aarch64-linux-gnu/12/../../../../lib]
    arg [-L/lib/aarch64-linux-gnu] ==> dir [/lib/aarch64-linux-gnu]
    arg [-L/lib/../lib] ==> dir [/lib/../lib]
    arg [-L/usr/lib/aarch64-linux-gnu] ==> dir [/usr/lib/aarch64-linux-gnu]
    arg [-L/usr/lib/../lib] ==> dir [/usr/lib/../lib]
    arg [-L/usr/lib/gcc/aarch64-linux-gnu/12/../../..] ==> dir [/usr/lib/gcc/aarch64-linux-gnu/12/../../..]
    arg [CMakeFiles/cmTC_d33b8.dir/CMakeCCompilerABI.c.o] ==> ignore
    arg [-lgcc] ==> lib [gcc]
    arg [--push-state] ==> ignore
    arg [--as-needed] ==> ignore
    arg [-lgcc_s] ==> lib [gcc_s]
    arg [--pop-state] ==> ignore
    arg [-lc] ==> lib [c]
    arg [-lgcc] ==> lib [gcc]
    arg [--push-state] ==> ignore
    arg [--as-needed] ==> ignore
    arg [-lgcc_s] ==> lib [gcc_s]
    arg [--pop-state] ==> ignore
    arg [/usr/lib/gcc/aarch64-linux-gnu/12/crtendS.o] ==> obj [/usr/lib/gcc/aarch64-linux-gnu/12/crtendS.o]
    arg [/usr/lib/gcc/aarch64-linux-gnu/12/../../../aarch64-linux-gnu/crtn.o] ==> obj [/usr/lib/gcc/aarch64-linux-gnu/12/../../../aarch64-linux-gnu/crtn.o]
  collapse obj [/usr/lib/gcc/aarch64-linux-gnu/12/../../../aarch64-linux-gnu/Scrt1.o] ==> [/usr/lib/aarch64-linux-gnu/Scrt1.o]
  collapse obj [/usr/lib/gcc/aarch64-linux-gnu/12/../../../aarch64-linux-gnu/crti.o] ==> [/usr/lib/aarch64-linux-gnu/crti.o]
  collapse obj [/usr/lib/gcc/aarch64-linux-gnu/12/../../../aarch64-linux-gnu/crtn.o] ==> [/usr/lib/aarch64-linux-gnu/crtn.o]
  collapse library dir [/usr/lib/gcc/aarch64-linux-gnu/12] ==> [/usr/lib/gcc/aarch64-linux-gnu/12]
  collapse library dir [/usr/lib/gcc/aarch64-linux-gnu/12/../../../aarch64-linux-gnu] ==> [/usr/lib/aarch64-linux-gnu]
  collapse library dir [/usr/lib/gcc/aarch64-linux-gnu/12/../../../../lib] ==> [/usr/lib]
  collapse library dir [/lib/aarch64-linux-gnu] ==> [/lib/aarch64-linux-gnu]
  collapse library dir [/lib/../lib] ==> [/lib]
  collapse library dir [/usr/lib/aarch64-linux-gnu] ==> [/usr/lib/aarch64-linux-gnu]
  collapse library dir [/usr/lib/../lib] ==> [/usr/lib]
  collapse library dir [/usr/lib/gcc/aarch64-linux-gnu/12/../../..] ==> [/usr/lib]
  implicit libs: [gcc;gcc_s;c;gcc;gcc_s]
  implicit objs: [/usr/lib/aarch64-linux-gnu/Scrt1.o;/usr/lib/aarch64-linux-gnu/crti.o;/usr/lib/gcc/aarch64-linux-gnu/12/crtbeginS.o;/usr/lib/gcc/aarch64-linux-gnu/12/crtendS.o;/usr/lib/aarch64-linux-gnu/crtn.o]
  implicit dirs: [/usr/lib/gcc/aarch64-linux-gnu/12;/usr/lib/aarch64-linux-gnu;/usr/lib;/lib/aarch64-linux-gnu;/lib]
  implicit fwks: []


Performing C SOURCE FILE Test CMAKE_HAVE_LIBC_PTHREAD succeeded with the following output:
Change Dir: /home/pi/CoralEdgeTpu/CMakeFiles/CMakeScratch/TryCompile-Zs5Cjx

Run Build Command(s):/usr/bin/gmake -f Makefile cmTC_a9ca7/fast && gmake[1]: Entering directory '/home/pi/CoralEdgeTpu/CMakeFiles/CMakeScratch/TryCompile-Zs5Cjx'
/usr/bin/gmake  -f CMakeFiles/cmTC_a9ca7.dir/build.make CMakeFiles/cmTC_a9ca7.dir/build
gmake[2]: Entering directory '/home/pi/CoralEdgeTpu/CMakeFiles/CMakeScratch/TryCompile-Zs5Cjx'
Building C object CMakeFiles/cmTC_a9ca7.dir/src.c.o
/usr/bin/cc -DCMAKE_HAVE_LIBC_PTHREAD  -Wall -Wextra  -o CMakeFiles/cmTC_a9ca7.dir/src.c.o -c /home/pi/CoralEdgeTpu/CMakeFiles/CMakeScratch/TryCompile-Zs5Cjx/src.c
Linking C executable cmTC_a9ca7
/usr/bin/cmake -E cmake_link_script CMakeFiles/cmTC_a9ca7.dir/link.txt --verbose=1
/usr/bin/cc  -Wall -Wextra  CMakeFiles/cmTC_a9ca7.dir/src.c.o -o cmTC_a9ca7 
gmake[2]: Leaving directory '/home/pi/CoralEdgeTpu/CMakeFiles/CMakeScratch/TryCompile-Zs5Cjx'
gmake[1]: Leaving directory '/home/pi/CoralEdgeTpu/CMakeFiles/CMakeScratch/TryCompile-Zs5Cjx'


Source file was:
#include <pthread.h>

static void* test_func(void* data)
{
  return data;
}

int main(void)
{
  pthread_t thread;
  pthread_create(&thread, NULL, test_func, NULL);
  pthread_detach(thread);
  pthread_cancel(thread);
  pthread_join(thread, NULL);
  pthread_atfork(NULL, NULL, NULL);
  pthread_exit(NULL);

  return 0;
}


The system is: Linux - 6.6.51+rpt-rpi-v8 - aarch64
Compiling the CXX compiler identification source file "CMakeCXXCompilerId.cpp" succeeded.
Compiler: /usr/bin/c++ 
Build flags: 
Id flags:  

The output was:
0


Compilation of the CXX compiler identification source "CMakeCXXCompilerId.cpp" produced "a.out"

The CXX compiler identification is GNU, found in "/home/pi/CoralEdgeTpu/CMakeFiles/3.25.1/CompilerIdCXX/a.out"

Compiling the C compiler identification source file "CMakeCCompilerId.c" succeeded.
Compiler: /usr/bin/cc 
Build flags: 
Id flags:  

The output was:
0


Compilation of the C compiler identification source "CMakeCCompilerId.c" produced "a.out"

The C compiler identification is GNU, found in "/home/pi/CoralEdgeTpu/CMakeFiles/3.25.1/CompilerIdC/a.out"

Detecting CXX compiler ABI info compiled with the following output:
Change Dir: /home/pi/CoralEdgeTpu/CMakeFiles/CMakeScratch/TryCompile-LA6TKY

Run Build Command(s):/usr/bin/gmake -f Makefile cmTC_f3fbb/fast && gmake[1]: Entering directory '/home/pi/CoralEdgeTpu/CMakeFiles/CMakeScratch/TryCompile-LA6TKY'
/usr/bin/gmake  -f CMakeFiles/cmTC_f3fbb.dir/build.make CMakeFiles/cmTC_f3fbb.dir/build
gmake[2]: Entering directory '/home/pi/CoralEdgeTpu/CMakeFiles/CMakeScratch/TryCompile-LA6TKY'
Building CXX object CMakeFiles/cmTC_f3fbb.dir/CMakeCXXCompilerABI.cpp.o
/usr/bin/c++   -v -o CMakeFiles/cmTC_f3fbb.dir/CMakeCXXCompilerABI.cpp.o -c /usr/share/cmake-3.25/Modules/CMakeCXXCompilerABI.cpp
Using built-in specs.
COLLECT_GCC=/usr/bin/c++
Target: aarch64-linux-gnu
Configured with: ../src/configure -v --with-pkgversion='Debian 12.2.0-14+deb12u1' --with-bugurl=file:///usr/share/doc/gcc-12/README.Bugs --enable-languages=c,ada,c++,go,d,fortran,objc,obj-c++,m2 --prefix=/usr --with-gcc-major-version-only --program-suffix=-12 --program-prefix=aarch64-linux-gnu- --enable-shared --enable-linker-build-id --libexecdir=/usr/lib --without-included-gettext --enable-threads=posix --libdir=/usr/lib --enable-nls --enable-clocale=gnu --enable-libstdcxx-debug --enable-libstdcxx-time=yes --with-default-libstdcxx-abi=new --enable-gnu-unique-object --disable-libquadmath --disable-libquadmath-support --enable-plugin --enable-default-pie --with-system-zlib --enable-libphobos-checking=release --with-target-system-zlib=auto --enable-objc-gc=auto --enable-multiarch --enable-fix-cortex-a53-843419 --disable-werror --enable-checking=release --build=aarch64-linux-gnu --host=aarch64-linux-gnu --target=aarch64-linux-gnu
Thread model: posix
Supported LTO compression algorithms: zlib zstd
gcc version 12.2.0 (Debian 12.2.0-14+deb12u1) 
COLLECT_GCC_OPTIONS='-v' '-o' 'CMakeFiles/cmTC_f3fbb.dir/CMakeCXXCompilerABI.cpp.o' '-c' '-shared-libgcc' '-mlittle-endian' '-mabi=lp64' '-dumpdir' 'CMakeFiles/cmTC_f3fbb.dir/'
 /usr/lib/gcc/aarch64-linux-gnu/12/cc1plus -quiet -v -imultiarch aarch64-linux-gnu -D_GNU_SOURCE /usr/share/cmake-3.25/Modules/CMakeCXXCompilerABI.cpp -quiet -dumpdir CMakeFiles/cmTC_f3fbb.dir/ -dumpbase CMakeCXXCompilerABI.cpp.cpp -dumpbase-ext .cpp -mlittle-endian -mabi=lp64 -version -fasynchronous-unwind-tables -o /tmp/cceqXvY5.s
GNU C++17 (Debian 12.2.0-14+deb12u1) version 12.2.0 (aarch64-linux-gnu)
	compiled by GNU C version 12.2.0, GMP version 6.2.1, MPFR version 4.2.0, MPC version 1.3.1, isl version isl-0.25-GMP

GGC heuristics: --param ggc-min-expand=100 --param ggc-min-heapsize=131072
ignoring duplicate directory "/usr/include/aarch64-linux-gnu/c++/12"
ignoring nonexistent directory "/usr/local/include/aarch64-linux-gnu"
ignoring nonexistent directory "/usr/lib/gcc/aarch64-linux-gnu/12/include-fixed"
ignoring nonexistent directory "/usr/lib/gcc/aarch64-linux-gnu/12/../../../../aarch64-linux-gnu/include"
#include "..." search starts here:
#include <...> search starts here:
 /usr/include/c++/12
 /usr/include/aarch64-linux-gnu/c++/12
 /usr/include/c++/12/backward
 /usr/lib/gcc/aarch64-linux-gnu/12/include
 /usr/local/include
 /usr/include/aarch64-linux-gnu
 /usr/include
End of search list.
GNU C++17 (Debian 12.2.0-14+deb12u1) version 12.2.0 (aarch64-linux-gnu)
	compiled by GNU C version 12.2.0, GMP version 6.2.1, MPFR version 4.2.0, MPC version 1.3.1, isl version isl-0.25-GMP

GGC heuristics: --param ggc-min-expand=100 --param ggc-min-heapsize=131072
Compiler executable checksum: d9103456b43be91192fb7c39dd0b8040
COLLECT_GCC_OPTIONS='-v' '-o' 'CMakeFiles/cmTC_f3fbb.dir/CMakeCXXCompilerABI.cpp.o' '-c' '-shared-libgcc' '-mlittle-endian' '-mabi=lp64' '-dumpdir' 'CMakeFiles/cmTC_f3fbb.dir/'
 as -v -EL -mabi=lp64 -o CMakeFiles/cmTC_f3fbb.dir/CMakeCXXCompilerABI.cpp.o /tmp/cceqXvY5.s
GNU assembler version 2.40 (aarch64-linux-gnu) using BFD version (GNU Binutils for Debian) 2.40
COMPILER_PATH=/usr/lib/gcc/aarch64-linux-gnu/12/:/usr/lib/gcc/aarch64-linux-gnu/12/:/usr/lib/gcc/aarch64-linux-gnu/:/usr/lib/gcc/aarch64-linux-gnu/12/:/usr/lib/gcc/aarch64-linux-gnu/
LIBRARY_PATH=/usr/lib/gcc/aarch64-linux-gnu/12/:/usr/lib/gcc/aarch64-linux-gnu/12/../../../aarch64-linux-gnu/:/usr/lib/gcc/aarch64-linux-gnu/12/../../../../lib/:/lib/aarch64-linux-gnu/:/lib/../lib/:/usr/lib/aarch64-linux-gnu/:/usr/lib/../lib/:/usr/lib/gcc/aarch64-linux-gnu/12/../../../:/lib/:/usr/lib/
COLLECT_GCC_OPTIONS='-v' '-o' 'CMakeFiles/cmTC_f3fbb.dir/CMakeCXXCompilerABI.cpp.o' '-c' '-shared-libgcc' '-mlittle-endian' '-mabi=lp64' '-dumpdir' 'CMakeFiles/cmTC_f3fbb.dir/CMakeCXXCompilerABI.cpp.'
Linking CXX executable cmTC_f3fbb
/usr/bin/cmake -E cmake_link_script CMakeFiles/cmTC_f3fbb.dir/link.txt --verbose=1
/usr/bin/c++  -v CMakeFiles/cmTC_f3fbb.dir/CMakeCXXCompilerABI.cpp.o -o cmTC_f3fbb 
Using built-in specs.
COLLECT_GCC=/usr/bin/c++
COLLECT_LTO_WRAPPER=/usr/lib/gcc/aarch64-linux-gnu/12/lto-wrapper
Target: aarch64-linux-gnu
Configured with: ../src/configure -v --with-pkgversion='Debian 12.2.0-14+deb12u1' --with-bugurl=file:///usr/share/doc/gcc-12/README.Bugs --enable-languages=c,ada,c++,go,d,fortran,objc,obj-c++,m2 --prefix=/usr --with-gcc-major-version-only --program-suffix=-12 --program-prefix=aarch64-linux-gnu- --enable-shared --enable-linker-build-id --libexecdir=/usr/lib --without-included-gettext --enable-threads=posix --libdir=/usr/lib --enable-nls --enable-clocale=gnu --enable-libstdcxx-debug --enable-libstdcxx-time=yes --with-default-libstdcxx-abi=new --enable-gnu-unique-object --disable-libquadmath --disable-libquadmath-support --enable-plugin --enable-default-pie --with-system-zlib --enable-libphobos-checking=release --with-target-system-zlib=auto --enable-objc-gc=auto --enable-multiarch --enable-fix-cortex-a53-843419 --disable-werror --enable-checking=release --build=aarch64-linux-gnu --host=aarch64-linux-gnu --target=aarch64-linux-gnu
Thread model: posix
Supported LTO compression algorithms: zlib zstd
gcc version 12.2.0 (Debian 12.2.0-14+deb12u1) 
COMPILER_PATH=/usr/lib/gcc/aarch64-linux-gnu/12/:/usr/lib/gcc/aarch64-linux-gnu/12/:/usr/lib/gcc/aarch64-linux-gnu/:/usr/lib/gcc/aarch64-linux-gnu/12/:/usr/lib/gcc/aarch64-linux-gnu/
LIBRARY_PATH=/usr/lib/gcc/aarch64-linux-gnu/12/:/usr/lib/gcc/aarch64-linux-gnu/12/../../../aarch64-linux-gnu/:/usr/lib/gcc/aarch64-linux-gnu/12/../../../../lib/:/lib/aarch64-linux-gnu/:/lib/../lib/:/usr/lib/aarch64-linux-gnu/:/usr/lib/../lib/:/usr/lib/gcc/aarch64-linux-gnu/12/../../../:/lib/:/usr/lib/
COLLECT_GCC_OPTIONS='-v' '-o' 'cmTC_f3fbb' '-shared-libgcc' '-mlittle-endian' '-mabi=lp64' '-dumpdir' 'cmTC_f3fbb.'
 /usr/lib/gcc/aarch64-linux-gnu/12/collect2 -plugin /usr/lib/gcc/aarch64-linux-gnu/12/liblto_plugin.so -plugin-opt=/usr/lib/gcc/aarch64-linux-gnu/12/lto-wrapper -plugin-opt=-fresolution=/tmp/ccmuaWEN.res -plugin-opt=-pass-through=-lgcc_s -plugin-opt=-pass-through=-lgcc -plugin-opt=-pass-through=-lc -plugin-opt=-pass-through=-lgcc_s -plugin-opt=-pass-through=-lgcc --build-id --eh-frame-hdr --hash-style=gnu --as-needed -dynamic-linker /lib/ld-linux-aarch64.so.1 -X -EL -maarch64linux --fix-cortex-a53-843419 -pie -o cmTC_f3fbb /usr/lib/gcc/aarch64-linux-gnu/12/../../../aarch64-linux-gnu/Scrt1.o /usr/lib/gcc/aarch64-linux-gnu/12/../../../aarch64-linux-gnu/crti.o /usr/lib/gcc/aarch64-linux-gnu/12/crtbeginS.o -L/usr/lib/gcc/aarch64-linux-gnu/12 -L/usr/lib/gcc/aarch64-linux-gnu/12/../../../aarch64-linux-gnu -L/usr/lib/gcc/aarch64-linux-gnu/12/../../../../lib -L/lib/aarch64-linux-gnu -L/lib/../lib -L/usr/lib/aarch64-linux-gnu -L/usr/lib/../lib -L/usr/lib/gcc/aarch64-linux-gnu/12/../../.. CMakeFiles/cmTC_f3fbb.dir/CMakeCXXCompilerABI.cpp.o -lstdc++ -lm -lgcc_s -lgcc -lc -lgcc_s -lgcc /usr/lib/gcc/aarch64-linux-gnu/12/crtendS.o /usr/lib/gcc/aarch64-linux-gnu/12/../../../aarch64-linux-gnu/crtn.o
COLLECT_GCC_OPTIONS='-v' '-o' 'cmTC_f3fbb' '-shared-libgcc' '-mlittle-endian' '-mabi=lp64' '-dumpdir' 'cmTC_f3fbb.'
gmake[2]: Leaving directory '/home/pi/CoralEdgeTpu/CMakeFiles/CMakeScratch/TryCompile-LA6TKY'
gmake[1]: Leaving directory '/home/pi/CoralEdgeTpu/CMakeFiles/CMakeScratch/TryCompile-LA6TKY'



Parsed CXX implicit include dir info from above output: rv=done
  found start of include info
  found start of implicit include info
    add: [/usr/include/c++/12]
    add: [/usr/include/aarch64-linux-gnu/c++/12]
    add: [/usr/include/c++/12/backward]
    add: [/usr/lib/gcc/aarch64-linux-gnu/12/include]
    add: [/usr/local/include]
    add: [/usr/include/aarch64-linux-gnu]
    add: [/usr/include]
  end of search list found
  collapse include dir [/usr/include/c++/12] ==> [/usr/include/c++/12]
  collapse include dir [/usr/include/aarch64-linux-gnu/c++/12] ==> [/usr/include/aarch64-linux-gnu/c++/12]
  collapse include dir [/usr/include/c++/12/backward] ==> [/usr/include/c++/12/backward]
  collapse include dir [/usr/lib/gcc/aarch64-linux-gnu/12/include] ==> [/usr/lib/gcc/aarch64-linux-gnu/12/include]
  collapse include dir [/usr/local/include] ==> [/usr/local/include]
  collapse include dir [/usr/include/aarch64-linux-gnu] ==> [/usr/include/aarch64-linux-gnu]
  collapse include dir [/usr/include] ==> [/usr/include]
  implicit include dirs: [/usr/include/c++/12;/usr/include/aarch64-linux-gnu/c++/12;/usr/include/c++/12/backward;/usr/lib/gcc/aarch64-linux-gnu/12/include;/usr/local/include;/usr/include/aarch64-linux-gnu;/usr/include]


Parsed CXX implicit link information from above output:
  link line regex: [^( *|.*[/\])(ld|CMAKE_LINK_STARTFILE-NOTFOUND|([^/\]+-)?ld|collect2)[^/\]*( |$)]
  ignore line: [Change Dir: /home/pi/CoralEdgeTpu/CMakeFiles/CMakeScratch/TryCompile-LA6TKY]
  ignore line: []
  ignore line: [Run Build Command(s):/usr/bin/gmake -f Makefile cmTC_f3fbb/fast && gmake[1]: Entering directory '/home/pi/CoralEdgeTpu/CMakeFiles/CMakeScratch/TryCompile-LA6TKY']
  ignore line: [/usr/bin/gmake  -f CMakeFiles/cmTC_f3fbb.dir/build.make CMakeFiles/cmTC_f3fbb.dir/build]
  ignore line: [gmake[2]: Entering directory '/home/pi/CoralEdgeTpu/CMakeFiles/CMakeScratch/TryCompile-LA6TKY']
  ignore line: [Building CXX object CMakeFiles/cmTC_f3fbb.dir/CMakeCXXCompilerABI.cpp.o]
  ignore line: [/usr/bin/c++   -v -o CMakeFiles/cmTC_f3fbb.dir/CMakeCXXCompilerABI.cpp.o -c /usr/share/cmake-3.25/Modules/CMakeCXXCompilerABI.cpp]
  ignore line: [Using built-in specs.]
  ignore line: [COLLECT_GCC=/usr/bin/c++]
  ignore line: [Target: aarch64-linux-gnu]
  ignore line: [Configured with: ../src/configure -v --with-pkgversion='Debian 12.2.0-14+deb12u1' --with-bugurl=file:///usr/share/doc/gcc-12/README.Bugs --enable-languages=c ada c++ go d fortran objc obj-c++ m2 --prefix=/usr --with-gcc-major-version-only --program-suffix=-12 --program-prefix=aarch64-linux-gnu- --enable-shared --enable-linker-build-id --libexecdir=/usr/lib --without-included-gettext --enable-threads=posix --libdir=/usr/lib --enable-nls --enable-clocale=gnu --enable-libstdcxx-debug --enable-libstdcxx-time=yes --with-default-libstdcxx-abi=new --enable-gnu-unique-object --disable-libquadmath --disable-libquadmath-support --enable-plugin --enable-default-pie --with-system-zlib --enable-libphobos-checking=release --with-target-system-zlib=auto --enable-objc-gc=auto --enable-multiarch --enable-fix-cortex-a53-843419 --disable-werror --enable-checking=release --build=aarch64-linux-gnu --host=aarch64-linux-gnu --target=aarch64-linux-gnu]
  ignore line: [Thread model: posix]
  ignore line: [Supported LTO compression algorithms: zlib zstd]
  ignore line: [gcc version 12.2.0 (Debian 12.2.0-14+deb12u1) ]
  ignore line: [COLLECT_GCC_OPTIONS='-v' '-o' 'CMakeFiles/cmTC_f3fbb.dir/CMakeCXXCompilerABI.cpp.o' '-c' '-shared-libgcc' '-mlittle-endian' '-mabi=lp64' '-dumpdir' 'CMakeFiles/cmTC_f3fbb.dir/']
  ignore line: [ /usr/lib/gcc/aarch64-linux-gnu/12/cc1plus -quiet -v -imultiarch aarch64-linux-gnu -D_GNU_SOURCE /usr/share/cmake-3.25/Modules/CMakeCXXCompilerABI.cpp -quiet -dumpdir CMakeFiles/cmTC_f3fbb.dir/ -dumpbase CMakeCXXCompilerABI.cpp.cpp -dumpbase-ext .cpp -mlittle-endian -mabi=lp64 -version -fasynchronous-unwind-tables -o /tmp/cceqXvY5.s]
  ignore line: [GNU C++17 (Debian 12.2.0-14+deb12u1) version 12.2.0 (aarch64-linux-gnu)]
  ignore line: [	compiled by GNU C version 12.2.0  GMP version 6.2.1  MPFR version 4.2.0  MPC version 1.3.1  isl version isl-0.25-GMP]
  ignore line: []
  ignore line: [GGC heuristics: --param ggc-min-expand=100 --param ggc-min-heapsize=131072]
  ignore line: [ignoring duplicate directory "/usr/include/aarch64-linux-gnu/c++/12"]
  ignore line: [ignoring nonexistent directory "/usr/local/include/aarch64-linux-gnu"]
  ignore line: [ignoring nonexistent directory "/usr/lib/gcc/aarch64-linux-gnu/12/include-fixed"]
  ignore line: [ignoring nonexistent directory "/usr/lib/gcc/aarch64-linux-gnu/12/../../../../aarch64-linux-gnu/include"]
  ignore line: [#include "..." search starts here:]
  ignore line: [#include <...> search starts here:]
  ignore line: [ /usr/include/c++/12]
  ignore line: [ /usr/include/aarch64-linux-gnu/c++/12]
  ignore line: [ /usr/include/c++/12/backward]
  ignore line: [ /usr/lib/gcc/aarch64-linux-gnu/12/include]
  ignore line: [ /usr/local/include]
  ignore line: [ /usr/include/aarch64-linux-gnu]
  ignore line: [ /usr/include]
  ignore line: [End of search list.]
  ignore line: [GNU C++17 (Debian 12.2.0-14+deb12u1) version 12.2.0 (aarch64-linux-gnu)]
  ignore line: [	compiled by GNU C version 12.2.0  GMP version 6.2.1  MPFR version 4.2.0  MPC version 1.3.1  isl version isl-0.25-GMP]
  ignore line: []
  ignore line: [GGC heuristics: --param ggc-min-expand=100 --param ggc-min-heapsize=131072]
  ignore line: [Compiler executable checksum: d9103456b43be91192fb7c39dd0b8040]
  ignore line: [COLLECT_GCC_OPTIONS='-v' '-o' 'CMakeFiles/cmTC_f3fbb.dir/CMakeCXXCompilerABI.cpp.o' '-c' '-shared-libgcc' '-mlittle-endian' '-mabi=lp64' '-dumpdir' 'CMakeFiles/cmTC_f3fbb.dir/']
  ignore line: [ as -v -EL -mabi=lp64 -o CMakeFiles/cmTC_f3fbb.dir/CMakeCXXCompilerABI.cpp.o /tmp/cceqXvY5.s]
  ignore line: [GNU assembler version 2.40 (aarch64-linux-gnu) using BFD version (GNU Binutils for Debian) 2.40]
  ignore line: [COMPILER_PATH=/usr/lib/gcc/aarch64-linux-gnu/12/:/usr/lib/gcc/aarch64-linux-gnu/12/:/usr/lib/gcc/aarch64-linux-gnu/:/usr/lib/gcc/aarch64-linux-gnu/12/:/usr/lib/gcc/aarch64-linux-gnu/]
  ignore line: [LIBRARY_PATH=/usr/lib/gcc/aarch64-linux-gnu/12/:/usr/lib/gcc/aarch64-linux-gnu/12/../../../aarch64-linux-gnu/:/usr/lib/gcc/aarch64-linux-gnu/12/../../../../lib/:/lib/aarch64-linux-gnu/:/lib/../lib/:/usr/lib/aarch64-linux-gnu/:/usr/lib/../lib/:/usr/lib/gcc/aarch64-linux-gnu/12/../../../:/lib/:/usr/lib/]
  ignore line: [COLLECT_GCC_OPTIONS='-v' '-o' 'CMakeFiles/cmTC_f3fbb.dir/CMakeCXXCompilerABI.cpp.o' '-c' '-shared-libgcc' '-mlittle-endian' '-mabi=lp64' '-dumpdir' 'CMakeFiles/cmTC_f3fbb.dir/CMakeCXXCompilerABI.cpp.']
  ignore line: [Linking CXX executable cmTC_f3fbb]
  ignore line: [/usr/bin/cmake -E cmake_link_script CMakeFiles/cmTC_f3fbb.dir/link.txt --verbose=1]
  ignore line: [/usr/bin/c++  -v CMakeFiles/cmTC_f3fbb.dir/CMakeCXXCompilerABI.cpp.o -o cmTC_f3fbb ]
  ignore line: [Using built-in specs.]
  ignore line: [COLLECT_GCC=/usr/bin/c++]
  ignore line: [COLLECT_LTO_WRAPPER=/usr/lib/gcc/aarch64-linux-gnu/12/lto-wrapper]
  ignore line: [Target: aarch64-linux-gnu]
  ignore line: [Configured with: ../src/configure -v --with-pkgversion='Debian 12.2.0-14+deb12u1' --with-bugurl=file:///usr/share/doc/gcc-12/README.Bugs --enable-languages=c ada c++ go d fortran objc obj-c++ m2 --prefix=/usr --with-gcc-major-version-only --program-suffix=-12 --program-prefix=aarch64-linux-gnu- --enable-shared --enable-linker-build-id --libexecdir=/usr/lib --without-included-gettext --enable-threads=posix --libdir=/usr/lib --enable-nls --enable-clocale=gnu --enable-libstdcxx-debug --enable-libstdcxx-time=yes --with-default-libstdcxx-abi=new --enable-gnu-unique-object --disable-libquadmath --disable-libquadmath-support --enable-plugin --enable-default-pie --with-system-zlib --enable-libphobos-checking=release --with-target-system-zlib=auto --enable-objc-gc=auto --enable-multiarch --enable-fix-cortex-a53-843419 --disable-werror --enable-checking=release --build=aarch64-linux-gnu --host=aarch64-linux-gnu --target=aarch64-linux-gnu]
  ignore line: [Thread model: posix]
  ignore line: [Supported LTO compression algorithms: zlib zstd]
  ignore line: [gcc version 12.2.0 (Debian 12.2.0-14+deb12u1) ]
  ignore line: [COMPILER_PATH=/usr/lib/gcc/aarch64-linux-gnu/12/:/usr/lib/gcc/aarch64-linux-gnu/12/:/usr/lib/gcc/aarch64-linux-gnu/:/usr/lib/gcc/aarch64-linux-gnu/12/:/usr/lib/gcc/aarch64-linux-gnu/]
  ignore line: [LIBRARY_PATH=/usr/lib/gcc/aarch64-linux-gnu/12/:/usr/lib/gcc/aarch64-linux-gnu/12/../../../aarch64-linux-gnu/:/usr/lib/gcc/aarch64-linux-gnu/12/../../../../lib/:/lib/aarch64-linux-gnu/:/lib/../lib/:/usr/lib/aarch64-linux-gnu/:/usr/lib/../lib/:/usr/lib/gcc/aarch64-linux-gnu/12/../../../:/lib/:/usr/lib/]
  ignore line: [COLLECT_GCC_OPTIONS='-v' '-o' 'cmTC_f3fbb' '-shared-libgcc' '-mlittle-endian' '-mabi=lp64' '-dumpdir' 'cmTC_f3fbb.']
  link line: [ /usr/lib/gcc/aarch64-linux-gnu/12/collect2 -plugin /usr/lib/gcc/aarch64-linux-gnu/12/liblto_plugin.so -plugin-opt=/usr/lib/gcc/aarch64-linux-gnu/12/lto-wrapper -plugin-opt=-fresolution=/tmp/ccmuaWEN.res -plugin-opt=-pass-through=-lgcc_s -plugin-opt=-pass-through=-lgcc -plugin-opt=-pass-through=-lc -plugin-opt=-pass-through=-lgcc_s -plugin-opt=-pass-through=-lgcc --build-id --eh-frame-hdr --hash-style=gnu --as-needed -dynamic-linker /lib/ld-linux-aarch64.so.1 -X -EL -maarch64linux --fix-cortex-a53-843419 -pie -o cmTC_f3fbb /usr/lib/gcc/aarch64-linux-gnu/12/../../../aarch64-linux-gnu/Scrt1.o /usr/lib/gcc/aarch64-linux-gnu/12/../../../aarch64-linux-gnu/crti.o /usr/lib/gcc/aarch64-linux-gnu/12/crtbeginS.o -L/usr/lib/gcc/aarch64-linux-gnu/12 -L/usr/lib/gcc/aarch64-linux-gnu/12/../../../aarch64-linux-gnu -L/usr/lib/gcc/aarch64-linux-gnu/12/../../../../lib -L/lib/aarch64-linux-gnu -L/lib/../lib -L/usr/lib/aarch64-linux-gnu -L/usr/lib/../lib -L/usr/lib/gcc/aarch64-linux-gnu/12/../../.. CMakeFiles/cmTC_f3fbb.dir/CMakeCXXCompilerABI.cpp.o -lstdc++ -lm -lgcc_s -lgcc -lc -lgcc_s -lgcc /usr/lib/gcc/aarch64-linux-gnu/12/crtendS.o /usr/lib/gcc/aarch64-linux-gnu/12/../../../aarch64-linux-gnu/crtn.o]
    arg [/usr/lib/gcc/aarch64-linux-gnu/12/collect2] ==> ignore
    arg [-plugin] ==> ignore
    arg [/usr/lib/gcc/aarch64-linux-gnu/12/liblto_plugin.so] ==> ignore
    arg [-plugin-opt=/usr/lib/gcc/aarch64-linux-gnu/12/lto-wrapper] ==> ignore
    arg [-plugin-opt=-fresolution=/tmp/ccmuaWEN.res] ==> ignore
    arg [-plugin-opt=-pass-through=-lgcc_s] ==> ignore
    arg [-plugin-opt=-pass-through=-lgcc] ==> ignore
    arg [-plugin-opt=-pass-through=-lc] ==> ignore
    arg [-plugin-opt=-pass-through=-lgcc_s] ==> ignore
    arg [-plugin-opt=-pass-through=-lgcc] ==> ignore
    arg [--build-id] ==> ignore
    arg [--eh-frame-hdr] ==> ignore
    arg [--hash-style=gnu] ==> ignore
    arg [--as-needed] ==> ignore
    arg [-dynamic-linker] ==> ignore
    arg [/lib/ld-linux-aarch64.so.1] ==> ignore
    arg [-X] ==> ignore
    arg [-EL] ==> ignore
    arg [-maarch64linux] ==> ignore
    arg [--fix-cortex-a53-843419] ==> ignore
    arg [-pie] ==> ignore
    arg [-o] ==> ignore
    arg [cmTC_f3fbb] ==> ignore
    arg [/usr/lib/gcc/aarch64-linux-gnu/12/../../../aarch64-linux-gnu/Scrt1.o] ==> obj [/usr/lib/gcc/aarch64-linux-gnu/12/../../../aarch64-linux-gnu/Scrt1.o]
    arg [/usr/lib/gcc/aarch64-linux-gnu/12/../../../aarch64-linux-gnu/crti.o] ==> obj [/usr/lib/gcc/aarch64-linux-gnu/12/../../../aarch64-linux-gnu/crti.o]
    arg [/usr/lib/gcc/aarch64-linux-gnu/12/crtbeginS.o] ==> obj [/usr/lib/gcc/aarch64-linux-gnu/12/crtbeginS.o]
    arg [-L/usr/lib/gcc/aarch64-linux-gnu/12] ==> dir [/usr/lib/gcc/aarch64-linux-gnu/12]
    arg [-L/usr/lib/gcc/aarch64-linux-gnu/12/../../../aarch64-linux-gnu] ==> dir [/usr/lib/gcc/aarch64-linux-gnu/12/../../../aarch64-linux-gnu]
    arg [-L/usr/lib/gcc/aarch64-linux-gnu/12/../../../../lib] ==> dir [/usr/lib/gcc/aarch64-linux-gnu/12/../../../../lib]
    arg [-L/lib/aarch64-linux-gnu] ==> dir [/lib/aarch64-linux-gnu]
    arg [-L/lib/../lib] ==> dir [/lib/../lib]
    arg [-L/usr/lib/aarch64-linux-gnu] ==> dir [/usr/lib/aarch64-linux-gnu]
    arg [-L/usr/lib/../lib] ==> dir [/usr/lib/../lib]
    arg [-L/usr/lib/gcc/aarch64-linux-gnu/12/../../..] ==> dir [/usr/lib/gcc/aarch64-linux-gnu/12/../../..]
    arg [CMakeFiles/cmTC_f3fbb.dir/CMakeCXXCompilerABI.cpp.o] ==> ignore
    arg [-lstdc++] ==> lib [stdc++]
    arg [-lm] ==> lib [m]
    arg [-lgcc_s] ==> lib [gcc_s]
    arg [-lgcc] ==> lib [gcc]
    arg [-lc] ==> lib [c]
    arg [-lgcc_s] ==> lib [gcc_s]
    arg [-lgcc] ==> lib [gcc]
    arg [/usr/lib/gcc/aarch64-linux-gnu/12/crtendS.o] ==> obj [/usr/lib/gcc/aarch64-linux-gnu/12/crtendS.o]
    arg [/usr/lib/gcc/aarch64-linux-gnu/12/../../../aarch64-linux-gnu/crtn.o] ==> obj [/usr/lib/gcc/aarch64-linux-gnu/12/../../../aarch64-linux-gnu/crtn.o]
  collapse obj [/usr/lib/gcc/aarch64-linux-gnu/12/../../../aarch64-linux-gnu/Scrt1.o] ==> [/usr/lib/aarch64-linux-gnu/Scrt1.o]
  collapse obj [/usr/lib/gcc/aarch64-linux-gnu/12/../../../aarch64-linux-gnu/crti.o] ==> [/usr/lib/aarch64-linux-gnu/crti.o]
  collapse obj [/usr/lib/gcc/aarch64-linux-gnu/12/../../../aarch64-linux-gnu/crtn.o] ==> [/usr/lib/aarch64-linux-gnu/crtn.o]
  collapse library dir [/usr/lib/gcc/aarch64-linux-gnu/12] ==> [/usr/lib/gcc/aarch64-linux-gnu/12]
  collapse library dir [/usr/lib/gcc/aarch64-linux-gnu/12/../../../aarch64-linux-gnu] ==> [/usr/lib/aarch64-linux-gnu]
  collapse library dir [/usr/lib/gcc/aarch64-linux-gnu/12/../../../../lib] ==> [/usr/lib]
  collapse library dir [/lib/aarch64-linux-gnu] ==> [/lib/aarch64-linux-gnu]
  collapse library dir [/lib/../lib] ==> [/lib]
  collapse library dir [/usr/lib/aarch64-linux-gnu] ==> [/usr/lib/aarch64-linux-gnu]
  collapse library dir [/usr/lib/../lib] ==> [/usr/lib]
  collapse library dir [/usr/lib/gcc/aarch64-linux-gnu/12/../../..] ==> [/usr/lib]
  implicit libs: [stdc++;m;gcc_s;gcc;c;gcc_s;gcc]
  implicit objs: [/usr/lib/aarch64-linux-gnu/Scrt1.o;/usr/lib/aarch64-linux-gnu/crti.o;/usr/lib/gcc/aarch64-linux-gnu/12/crtbeginS.o;/usr/lib/gcc/aarch64-linux-gnu/12/crtendS.o;/usr/lib/aarch64-linux-gnu/crtn.o]
  implicit dirs: [/usr/lib/gcc/aarch64-linux-gnu/12;/usr/lib/aarch64-linux-gnu;/usr/lib;/lib/aarch64-linux-gnu;/lib]
  implicit fwks: []


Detecting C compiler ABI info compiled with the following output:
Change Dir: /home/pi/CoralEdgeTpu/CMakeFiles/CMakeScratch/TryCompile-dDKqRf

Run Build Command(s):/usr/bin/gmake -f Makefile cmTC_eacae/fast && gmake[1]: Entering directory '/home/pi/CoralEdgeTpu/CMakeFiles/CMakeScratch/TryCompile-dDKqRf'
/usr/bin/gmake  -f CMakeFiles/cmTC_eacae.dir/build.make CMakeFiles/cmTC_eacae.dir/build
gmake[2]: Entering directory '/home/pi/CoralEdgeTpu/CMakeFiles/CMakeScratch/TryCompile-dDKqRf'
Building C object CMakeFiles/cmTC_eacae.dir/CMakeCCompilerABI.c.o
/usr/bin/cc   -v -o CMakeFiles/cmTC_eacae.dir/CMakeCCompilerABI.c.o -c /usr/share/cmake-3.25/Modules/CMakeCCompilerABI.c
Using built-in specs.
COLLECT_GCC=/usr/bin/cc
Target: aarch64-linux-gnu
Configured with: ../src/configure -v --with-pkgversion='Debian 12.2.0-14+deb12u1' --with-bugurl=file:///usr/share/doc/gcc-12/README.Bugs --enable-languages=c,ada,c++,go,d,fortran,objc,obj-c++,m2 --prefix=/usr --with-gcc-major-version-only --program-suffix=-12 --program-prefix=aarch64-linux-gnu- --enable-shared --enable-linker-build-id --libexecdir=/usr/lib --without-included-gettext --enable-threads=posix --libdir=/usr/lib --enable-nls --enable-clocale=gnu --enable-libstdcxx-debug --enable-libstdcxx-time=yes --with-default-libstdcxx-abi=new --enable-gnu-unique-object --disable-libquadmath --disable-libquadmath-support --enable-plugin --enable-default-pie --with-system-zlib --enable-libphobos-checking=release --with-target-system-zlib=auto --enable-objc-gc=auto --enable-multiarch --enable-fix-cortex-a53-843419 --disable-werror --enable-checking=release --build=aarch64-linux-gnu --host=aarch64-linux-gnu --target=aarch64-linux-gnu
Thread model: posix
Supported LTO compression algorithms: zlib zstd
gcc version 12.2.0 (Debian 12.2.0-14+deb12u1) 
COLLECT_GCC_OPTIONS='-v' '-o' 'CMakeFiles/cmTC_eacae.dir/CMakeCCompilerABI.c.o' '-c' '-mlittle-endian' '-mabi=lp64' '-dumpdir' 'CMakeFiles/cmTC_eacae.dir/'
 /usr/lib/gcc/aarch64-linux-gnu/12/cc1 -quiet -v -imultiarch aarch64-linux-gnu /usr/share/cmake-3.25/Modules/CMakeCCompilerABI.c -quiet -dumpdir CMakeFiles/cmTC_eacae.dir/ -dumpbase CMakeCCompilerABI.c.c -dumpbase-ext .c -mlittle-endian -mabi=lp64 -version -fasynchronous-unwind-tables -o /tmp/cc3pJ0rO.s
GNU C17 (Debian 12.2.0-14+deb12u1) version 12.2.0 (aarch64-linux-gnu)
	compiled by GNU C version 12.2.0, GMP version 6.2.1, MPFR version 4.2.0, MPC version 1.3.1, isl version isl-0.25-GMP

GGC heuristics: --param ggc-min-expand=100 --param ggc-min-heapsize=131072
ignoring nonexistent directory "/usr/local/include/aarch64-linux-gnu"
ignoring nonexistent directory "/usr/lib/gcc/aarch64-linux-gnu/12/include-fixed"
ignoring nonexistent directory "/usr/lib/gcc/aarch64-linux-gnu/12/../../../../aarch64-linux-gnu/include"
#include "..." search starts here:
#include <...> search starts here:
 /usr/lib/gcc/aarch64-linux-gnu/12/include
 /usr/local/include
 /usr/include/aarch64-linux-gnu
 /usr/include
End of search list.
GNU C17 (Debian 12.2.0-14+deb12u1) version 12.2.0 (aarch64-linux-gnu)
	compiled by GNU C version 12.2.0, GMP version 6.2.1, MPFR version 4.2.0, MPC version 1.3.1, isl version isl-0.25-GMP

GGC heuristics: --param ggc-min-expand=100 --param ggc-min-heapsize=131072
Compiler executable checksum: 353d9f3bda0709922bce3bd32cc6f6a4
COLLECT_GCC_OPTIONS='-v' '-o' 'CMakeFiles/cmTC_eacae.dir/CMakeCCompilerABI.c.o' '-c' '-mlittle-endian' '-mabi=lp64' '-dumpdir' 'CMakeFiles/cmTC_eacae.dir/'
 as -v -EL -mabi=lp64 -o CMakeFiles/cmTC_eacae.dir/CMakeCCompilerABI.c.o /tmp/cc3pJ0rO.s
GNU assembler version 2.40 (aarch64-linux-gnu) using BFD version (GNU Binutils for Debian) 2.40
COMPILER_PATH=/usr/lib/gcc/aarch64-linux-gnu/12/:/usr/lib/gcc/aarch64-linux-gnu/12/:/usr/lib/gcc/aarch64-linux-gnu/:/usr/lib/gcc/aarch64-linux-gnu/12/:/usr/lib/gcc/aarch64-linux-gnu/
LIBRARY_PATH=/usr/lib/gcc/aarch64-linux-gnu/12/:/usr/lib/gcc/aarch64-linux-gnu/12/../../../aarch64-linux-gnu/:/usr/lib/gcc/aarch64-linux-gnu/12/../../../../lib/:/lib/aarch64-linux-gnu/:/lib/../lib/:/usr/lib/aarch64-linux-gnu/:/usr/lib/../lib/:/usr/lib/gcc/aarch64-linux-gnu/12/../../../:/lib/:/usr/lib/
COLLECT_GCC_OPTIONS='-v' '-o' 'CMakeFiles/cmTC_eacae.dir/CMakeCCompilerABI.c.o' '-c' '-mlittle-endian' '-mabi=lp64' '-dumpdir' 'CMakeFiles/cmTC_eacae.dir/CMakeCCompilerABI.c.'
Linking C executable cmTC_eacae
/usr/bin/cmake -E cmake_link_script CMakeFiles/cmTC_eacae.dir/link.txt --verbose=1
/usr/bin/cc  -v CMakeFiles/cmTC_eacae.dir/CMakeCCompilerABI.c.o -o cmTC_eacae 
Using built-in specs.
COLLECT_GCC=/usr/bin/cc
COLLECT_LTO_WRAPPER=/usr/lib/gcc/aarch64-linux-gnu/12/lto-wrapper
Target: aarch64-linux-gnu
Configured with: ../src/configure -v --with-pkgversion='Debian 12.2.0-14+deb12u1' --with-bugurl=file:///usr/share/doc/gcc-12/README.Bugs --enable-languages=c,ada,c++,go,d,fortran,objc,obj-c++,m2 --prefix=/usr --with-gcc-major-version-only --program-suffix=-12 --program-prefix=aarch64-linux-gnu- --enable-shared --enable-linker-build-id --libexecdir=/usr/lib --without-included-gettext --enable-threads=posix --libdir=/usr/lib --enable-nls --enable-clocale=gnu --enable-libstdcxx-debug --enable-libstdcxx-time=yes --with-default-libstdcxx-abi=new --enable-gnu-unique-object --disable-libquadmath --disable-libquadmath-support --enable-plugin --enable-default-pie --with-system-zlib --enable-libphobos-checking=release --with-target-system-zlib=auto --enable-objc-gc=auto --enable-multiarch --enable-fix-cortex-a53-843419 --disable-werror --enable-checking=release --build=aarch64-linux-gnu --host=aarch64-linux-gnu --target=aarch64-linux-gnu
Thread model: posix
Supported LTO compression algorithms: zlib zstd
gcc version 12.2.0 (Debian 12.2.0-14+deb12u1) 
COMPILER_PATH=/usr/lib/gcc/aarch64-linux-gnu/12/:/usr/lib/gcc/aarch64-linux-gnu/12/:/usr/lib/gcc/aarch64-linux-gnu/:/usr/lib/gcc/aarch64-linux-gnu/12/:/usr/lib/gcc/aarch64-linux-gnu/
LIBRARY_PATH=/usr/lib/gcc/aarch64-linux-gnu/12/:/usr/lib/gcc/aarch64-linux-gnu/12/../../../aarch64-linux-gnu/:/usr/lib/gcc/aarch64-linux-gnu/12/../../../../lib/:/lib/aarch64-linux-gnu/:/lib/../lib/:/usr/lib/aarch64-linux-gnu/:/usr/lib/../lib/:/usr/lib/gcc/aarch64-linux-gnu/12/../../../:/lib/:/usr/lib/
COLLECT_GCC_OPTIONS='-v' '-o' 'cmTC_eacae' '-mlittle-endian' '-mabi=lp64' '-dumpdir' 'cmTC_eacae.'
 /usr/lib/gcc/aarch64-linux-gnu/12/collect2 -plugin /usr/lib/gcc/aarch64-linux-gnu/12/liblto_plugin.so -plugin-opt=/usr/lib/gcc/aarch64-linux-gnu/12/lto-wrapper -plugin-opt=-fresolution=/tmp/cc8JAfnt.res -plugin-opt=-pass-through=-lgcc -plugin-opt=-pass-through=-lgcc_s -plugin-opt=-pass-through=-lc -plugin-opt=-pass-through=-lgcc -plugin-opt=-pass-through=-lgcc_s --build-id --eh-frame-hdr --hash-style=gnu --as-needed -dynamic-linker /lib/ld-linux-aarch64.so.1 -X -EL -maarch64linux --fix-cortex-a53-843419 -pie -o cmTC_eacae /usr/lib/gcc/aarch64-linux-gnu/12/../../../aarch64-linux-gnu/Scrt1.o /usr/lib/gcc/aarch64-linux-gnu/12/../../../aarch64-linux-gnu/crti.o /usr/lib/gcc/aarch64-linux-gnu/12/crtbeginS.o -L/usr/lib/gcc/aarch64-linux-gnu/12 -L/usr/lib/gcc/aarch64-linux-gnu/12/../../../aarch64-linux-gnu -L/usr/lib/gcc/aarch64-linux-gnu/12/../../../../lib -L/lib/aarch64-linux-gnu -L/lib/../lib -L/usr/lib/aarch64-linux-gnu -L/usr/lib/../lib -L/usr/lib/gcc/aarch64-linux-gnu/12/../../.. CMakeFiles/cmTC_eacae.dir/CMakeCCompilerABI.c.o -lgcc --push-state --as-needed -lgcc_s --pop-state -lc -lgcc --push-state --as-needed -lgcc_s --pop-state /usr/lib/gcc/aarch64-linux-gnu/12/crtendS.o /usr/lib/gcc/aarch64-linux-gnu/12/../../../aarch64-linux-gnu/crtn.o
COLLECT_GCC_OPTIONS='-v' '-o' 'cmTC_eacae' '-mlittle-endian' '-mabi=lp64' '-dumpdir' 'cmTC_eacae.'
gmake[2]: Leaving directory '/home/pi/CoralEdgeTpu/CMakeFiles/CMakeScratch/TryCompile-dDKqRf'
gmake[1]: Leaving directory '/home/pi/CoralEdgeTpu/CMakeFiles/CMakeScratch/TryCompile-dDKqRf'



Parsed C implicit include dir info from above output: rv=done
  found start of include info
  found start of implicit include info
    add: [/usr/lib/gcc/aarch64-linux-gnu/12/include]
    add: [/usr/local/include]
    add: [/usr/include/aarch64-linux-gnu]
    add: [/usr/include]
  end of search list found
  collapse include dir [/usr/lib/gcc/aarch64-linux-gnu/12/include] ==> [/usr/lib/gcc/aarch64-linux-gnu/12/include]
  collapse include dir [/usr/local/include] ==> [/usr/local/include]
  collapse include dir [/usr/include/aarch64-linux-gnu] ==> [/usr/include/aarch64-linux-gnu]
  collapse include dir [/usr/include] ==> [/usr/include]
  implicit include dirs: [/usr/lib/gcc/aarch64-linux-gnu/12/include;/usr/local/include;/usr/include/aarch64-linux-gnu;/usr/include]


Parsed C implicit link information from above output:
  link line regex: [^( *|.*[/\])(ld|CMAKE_LINK_STARTFILE-NOTFOUND|([^/\]+-)?ld|collect2)[^/\]*( |$)]
  ignore line: [Change Dir: /home/pi/CoralEdgeTpu/CMakeFiles/CMakeScratch/TryCompile-dDKqRf]
  ignore line: []
  ignore line: [Run Build Command(s):/usr/bin/gmake -f Makefile cmTC_eacae/fast && gmake[1]: Entering directory '/home/pi/CoralEdgeTpu/CMakeFiles/CMakeScratch/TryCompile-dDKqRf']
  ignore line: [/usr/bin/gmake  -f CMakeFiles/cmTC_eacae.dir/build.make CMakeFiles/cmTC_eacae.dir/build]
  ignore line: [gmake[2]: Entering directory '/home/pi/CoralEdgeTpu/CMakeFiles/CMakeScratch/TryCompile-dDKqRf']
  ignore line: [Building C object CMakeFiles/cmTC_eacae.dir/CMakeCCompilerABI.c.o]
  ignore line: [/usr/bin/cc   -v -o CMakeFiles/cmTC_eacae.dir/CMakeCCompilerABI.c.o -c /usr/share/cmake-3.25/Modules/CMakeCCompilerABI.c]
  ignore line: [Using built-in specs.]
  ignore line: [COLLECT_GCC=/usr/bin/cc]
  ignore line: [Target: aarch64-linux-gnu]
  ignore line: [Configured with: ../src/configure -v --with-pkgversion='Debian 12.2.0-14+deb12u1' --with-bugurl=file:///usr/share/doc/gcc-12/README.Bugs --enable-languages=c ada c++ go d fortran objc obj-c++ m2 --prefix=/usr --with-gcc-major-version-only --program-suffix=-12 --program-prefix=aarch64-linux-gnu- --enable-shared --enable-linker-build-id --libexecdir=/usr/lib --without-included-gettext --enable-threads=posix --libdir=/usr/lib --enable-nls --enable-clocale=gnu --enable-libstdcxx-debug --enable-libstdcxx-time=yes --with-default-libstdcxx-abi=new --enable-gnu-unique-object --disable-libquadmath --disable-libquadmath-support --enable-plugin --enable-default-pie --with-system-zlib --enable-libphobos-checking=release --with-target-system-zlib=auto --enable-objc-gc=auto --enable-multiarch --enable-fix-cortex-a53-843419 --disable-werror --enable-checking=release --build=aarch64-linux-gnu --host=aarch64-linux-gnu --target=aarch64-linux-gnu]
  ignore line: [Thread model: posix]
  ignore line: [Supported LTO compression algorithms: zlib zstd]
  ignore line: [gcc version 12.2.0 (Debian 12.2.0-14+deb12u1) ]
  ignore line: [COLLECT_GCC_OPTIONS='-v' '-o' 'CMakeFiles/cmTC_eacae.dir/CMakeCCompilerABI.c.o' '-c' '-mlittle-endian' '-mabi=lp64' '-dumpdir' 'CMakeFiles/cmTC_eacae.dir/']
  ignore line: [ /usr/lib/gcc/aarch64-linux-gnu/12/cc1 -quiet -v -imultiarch aarch64-linux-gnu /usr/share/cmake-3.25/Modules/CMakeCCompilerABI.c -quiet -dumpdir CMakeFiles/cmTC_eacae.dir/ -dumpbase CMakeCCompilerABI.c.c -dumpbase-ext .c -mlittle-endian -mabi=lp64 -version -fasynchronous-unwind-tables -o /tmp/cc3pJ0rO.s]
  ignore line: [GNU C17 (Debian 12.2.0-14+deb12u1) version 12.2.0 (aarch64-linux-gnu)]
  ignore line: [	compiled by GNU C version 12.2.0  GMP version 6.2.1  MPFR version 4.2.0  MPC version 1.3.1  isl version isl-0.25-GMP]
  ignore line: []
  ignore line: [GGC heuristics: --param ggc-min-expand=100 --param ggc-min-heapsize=131072]
  ignore line: [ignoring nonexistent directory "/usr/local/include/aarch64-linux-gnu"]
  ignore line: [ignoring nonexistent directory "/usr/lib/gcc/aarch64-linux-gnu/12/include-fixed"]
  ignore line: [ignoring nonexistent directory "/usr/lib/gcc/aarch64-linux-gnu/12/../../../../aarch64-linux-gnu/include"]
  ignore line: [#include "..." search starts here:]
  ignore line: [#include <...> search starts here:]
  ignore line: [ /usr/lib/gcc/aarch64-linux-gnu/12/include]
  ignore line: [ /usr/local/include]
  ignore line: [ /usr/include/aarch64-linux-gnu]
  ignore line: [ /usr/include]
  ignore line: [End of search list.]
  ignore line: [GNU C17 (Debian 12.2.0-14+deb12u1) version 12.2.0 (aarch64-linux-gnu)]
  ignore line: [	compiled by GNU C version 12.2.0  GMP version 6.2.1  MPFR version 4.2.0  MPC version 1.3.1  isl version isl-0.25-GMP]
  ignore line: []
  ignore line: [GGC heuristics: --param ggc-min-expand=100 --param ggc-min-heapsize=131072]
  ignore line: [Compiler executable checksum: 353d9f3bda0709922bce3bd32cc6f6a4]
  ignore line: [COLLECT_GCC_OPTIONS='-v' '-o' 'CMakeFiles/cmTC_eacae.dir/CMakeCCompilerABI.c.o' '-c' '-mlittle-endian' '-mabi=lp64' '-dumpdir' 'CMakeFiles/cmTC_eacae.dir/']
  ignore line: [ as -v -EL -mabi=lp64 -o CMakeFiles/cmTC_eacae.dir/CMakeCCompilerABI.c.o /tmp/cc3pJ0rO.s]
  ignore line: [GNU assembler version 2.40 (aarch64-linux-gnu) using BFD version (GNU Binutils for Debian) 2.40]
  ignore line: [COMPILER_PATH=/usr/lib/gcc/aarch64-linux-gnu/12/:/usr/lib/gcc/aarch64-linux-gnu/12/:/usr/lib/gcc/aarch64-linux-gnu/:/usr/lib/gcc/aarch64-linux-gnu/12/:/usr/lib/gcc/aarch64-linux-gnu/]
  ignore line: [LIBRARY_PATH=/usr/lib/gcc/aarch64-linux-gnu/12/:/usr/lib/gcc/aarch64-linux-gnu/12/../../../aarch64-linux-gnu/:/usr/lib/gcc/aarch64-linux-gnu/12/../../../../lib/:/lib/aarch64-linux-gnu/:/lib/../lib/:/usr/lib/aarch64-linux-gnu/:/usr/lib/../lib/:/usr/lib/gcc/aarch64-linux-gnu/12/../../../:/lib/:/usr/lib/]
  ignore line: [COLLECT_GCC_OPTIONS='-v' '-o' 'CMakeFiles/cmTC_eacae.dir/CMakeCCompilerABI.c.o' '-c' '-mlittle-endian' '-mabi=lp64' '-dumpdir' 'CMakeFiles/cmTC_eacae.dir/CMakeCCompilerABI.c.']
  ignore line: [Linking C executable cmTC_eacae]
  ignore line: [/usr/bin/cmake -E cmake_link_script CMakeFiles/cmTC_eacae.dir/link.txt --verbose=1]
  ignore line: [/usr/bin/cc  -v CMakeFiles/cmTC_eacae.dir/CMakeCCompilerABI.c.o -o cmTC_eacae ]
  ignore line: [Using built-in specs.]
  ignore line: [COLLECT_GCC=/usr/bin/cc]
  ignore line: [COLLECT_LTO_WRAPPER=/usr/lib/gcc/aarch64-linux-gnu/12/lto-wrapper]
  ignore line: [Target: aarch64-linux-gnu]
  ignore line: [Configured with: ../src/configure -v --with-pkgversion='Debian 12.2.0-14+deb12u1' --with-bugurl=file:///usr/share/doc/gcc-12/README.Bugs --enable-languages=c ada c++ go d fortran objc obj-c++ m2 --prefix=/usr --with-gcc-major-version-only --program-suffix=-12 --program-prefix=aarch64-linux-gnu- --enable-shared --enable-linker-build-id --libexecdir=/usr/lib --without-included-gettext --enable-threads=posix --libdir=/usr/lib --enable-nls --enable-clocale=gnu --enable-libstdcxx-debug --enable-libstdcxx-time=yes --with-default-libstdcxx-abi=new --enable-gnu-unique-object --disable-libquadmath --disable-libquadmath-support --enable-plugin --enable-default-pie --with-system-zlib --enable-libphobos-checking=release --with-target-system-zlib=auto --enable-objc-gc=auto --enable-multiarch --enable-fix-cortex-a53-843419 --disable-werror --enable-checking=release --build=aarch64-linux-gnu --host=aarch64-linux-gnu --target=aarch64-linux-gnu]
  ignore line: [Thread model: posix]
  ignore line: [Supported LTO compression algorithms: zlib zstd]
  ignore line: [gcc version 12.2.0 (Debian 12.2.0-14+deb12u1) ]
  ignore line: [COMPILER_PATH=/usr/lib/gcc/aarch64-linux-gnu/12/:/usr/lib/gcc/aarch64-linux-gnu/12/:/usr/lib/gcc/aarch64-linux-gnu/:/usr/lib/gcc/aarch64-linux-gnu/12/:/usr/lib/gcc/aarch64-linux-gnu/]
  ignore line: [LIBRARY_PATH=/usr/lib/gcc/aarch64-linux-gnu/12/:/usr/lib/gcc/aarch64-linux-gnu/12/../../../aarch64-linux-gnu/:/usr/lib/gcc/aarch64-linux-gnu/12/../../../../lib/:/lib/aarch64-linux-gnu/:/lib/../lib/:/usr/lib/aarch64-linux-gnu/:/usr/lib/../lib/:/usr/lib/gcc/aarch64-linux-gnu/12/../../../:/lib/:/usr/lib/]
  ignore line: [COLLECT_GCC_OPTIONS='-v' '-o' 'cmTC_eacae' '-mlittle-endian' '-mabi=lp64' '-dumpdir' 'cmTC_eacae.']
  link line: [ /usr/lib/gcc/aarch64-linux-gnu/12/collect2 -plugin /usr/lib/gcc/aarch64-linux-gnu/12/liblto_plugin.so -plugin-opt=/usr/lib/gcc/aarch64-linux-gnu/12/lto-wrapper -plugin-opt=-fresolution=/tmp/cc8JAfnt.res -plugin-opt=-pass-through=-lgcc -plugin-opt=-pass-through=-lgcc_s -plugin-opt=-pass-through=-lc -plugin-opt=-pass-through=-lgcc -plugin-opt=-pass-through=-lgcc_s --build-id --eh-frame-hdr --hash-style=gnu --as-needed -dynamic-linker /lib/ld-linux-aarch64.so.1 -X -EL -maarch64linux --fix-cortex-a53-843419 -pie -o cmTC_eacae /usr/lib/gcc/aarch64-linux-gnu/12/../../../aarch64-linux-gnu/Scrt1.o /usr/lib/gcc/aarch64-linux-gnu/12/../../../aarch64-linux-gnu/crti.o /usr/lib/gcc/aarch64-linux-gnu/12/crtbeginS.o -L/usr/lib/gcc/aarch64-linux-gnu/12 -L/usr/lib/gcc/aarch64-linux-gnu/12/../../../aarch64-linux-gnu -L/usr/lib/gcc/aarch64-linux-gnu/12/../../../../lib -L/lib/aarch64-linux-gnu -L/lib/../lib -L/usr/lib/aarch64-linux-gnu -L/usr/lib/../lib -L/usr/lib/gcc/aarch64-linux-gnu/12/../../.. CMakeFiles/cmTC_eacae.dir/CMakeCCompilerABI.c.o -lgcc --push-state --as-needed -lgcc_s --pop-state -lc -lgcc --push-state --as-needed -lgcc_s --pop-state /usr/lib/gcc/aarch64-linux-gnu/12/crtendS.o /usr/lib/gcc/aarch64-linux-gnu/12/../../../aarch64-linux-gnu/crtn.o]
    arg [/usr/lib/gcc/aarch64-linux-gnu/12/collect2] ==> ignore
    arg [-plugin] ==> ignore
    arg [/usr/lib/gcc/aarch64-linux-gnu/12/liblto_plugin.so] ==> ignore
    arg [-plugin-opt=/usr/lib/gcc/aarch64-linux-gnu/12/lto-wrapper] ==> ignore
    arg [-plugin-opt=-fresolution=/tmp/cc8JAfnt.res] ==> ignore
    arg [-plugin-opt=-pass-through=-lgcc] ==> ignore
    arg [-plugin-opt=-pass-through=-lgcc_s] ==> ignore
    arg [-plugin-opt=-pass-through=-lc] ==> ignore
    arg [-plugin-opt=-pass-through=-lgcc] ==> ignore
    arg [-plugin-opt=-pass-through=-lgcc_s] ==> ignore
    arg [--build-id] ==> ignore
    arg [--eh-frame-hdr] ==> ignore
    arg [--hash-style=gnu] ==> ignore
    arg [--as-needed] ==> ignore
    arg [-dynamic-linker] ==> ignore
    arg [/lib/ld-linux-aarch64.so.1] ==> ignore
    arg [-X] ==> ignore
    arg [-EL] ==> ignore
    arg [-maarch64linux] ==> ignore
    arg [--fix-cortex-a53-843419] ==> ignore
    arg [-pie] ==> ignore
    arg [-o] ==> ignore
    arg [cmTC_eacae] ==> ignore
    arg [/usr/lib/gcc/aarch64-linux-gnu/12/../../../aarch64-linux-gnu/Scrt1.o] ==> obj [/usr/lib/gcc/aarch64-linux-gnu/12/../../../aarch64-linux-gnu/Scrt1.o]
    arg [/usr/lib/gcc/aarch64-linux-gnu/12/../../../aarch64-linux-gnu/crti.o] ==> obj [/usr/lib/gcc/aarch64-linux-gnu/12/../../../aarch64-linux-gnu/crti.o]
    arg [/usr/lib/gcc/aarch64-linux-gnu/12/crtbeginS.o] ==> obj [/usr/lib/gcc/aarch64-linux-gnu/12/crtbeginS.o]
    arg [-L/usr/lib/gcc/aarch64-linux-gnu/12] ==> dir [/usr/lib/gcc/aarch64-linux-gnu/12]
    arg [-L/usr/lib/gcc/aarch64-linux-gnu/12/../../../aarch64-linux-gnu] ==> dir [/usr/lib/gcc/aarch64-linux-gnu/12/../../../aarch64-linux-gnu]
    arg [-L/usr/lib/gcc/aarch64-linux-gnu/12/../../../../lib] ==> dir [/usr/lib/gcc/aarch64-linux-gnu/12/../../../../lib]
    arg [-L/lib/aarch64-linux-gnu] ==> dir [/lib/aarch64-linux-gnu]
    arg [-L/lib/../lib] ==> dir [/lib/../lib]
    arg [-L/usr/lib/aarch64-linux-gnu] ==> dir [/usr/lib/aarch64-linux-gnu]
    arg [-L/usr/lib/../lib] ==> dir [/usr/lib/../lib]
    arg [-L/usr/lib/gcc/aarch64-linux-gnu/12/../../..] ==> dir [/usr/lib/gcc/aarch64-linux-gnu/12/../../..]
    arg [CMakeFiles/cmTC_eacae.dir/CMakeCCompilerABI.c.o] ==> ignore
    arg [-lgcc] ==> lib [gcc]
    arg [--push-state] ==> ignore
    arg [--as-needed] ==> ignore
    arg [-lgcc_s] ==> lib [gcc_s]
    arg [--pop-state] ==> ignore
    arg [-lc] ==> lib [c]
    arg [-lgcc] ==> lib [gcc]
    arg [--push-state] ==> ignore
    arg [--as-needed] ==> ignore
    arg [-lgcc_s] ==> lib [gcc_s]
    arg [--pop-state] ==> ignore
    arg [/usr/lib/gcc/aarch64-linux-gnu/12/crtendS.o] ==> obj [/usr/lib/gcc/aarch64-linux-gnu/12/crtendS.o]
    arg [/usr/lib/gcc/aarch64-linux-gnu/12/../../../aarch64-linux-gnu/crtn.o] ==> obj [/usr/lib/gcc/aarch64-linux-gnu/12/../../../aarch64-linux-gnu/crtn.o]
  collapse obj [/usr/lib/gcc/aarch64-linux-gnu/12/../../../aarch64-linux-gnu/Scrt1.o] ==> [/usr/lib/aarch64-linux-gnu/Scrt1.o]
  collapse obj [/usr/lib/gcc/aarch64-linux-gnu/12/../../../aarch64-linux-gnu/crti.o] ==> [/usr/lib/aarch64-linux-gnu/crti.o]
  collapse obj [/usr/lib/gcc/aarch64-linux-gnu/12/../../../aarch64-linux-gnu/crtn.o] ==> [/usr/lib/aarch64-linux-gnu/crtn.o]
  collapse library dir [/usr/lib/gcc/aarch64-linux-gnu/12] ==> [/usr/lib/gcc/aarch64-linux-gnu/12]
  collapse library dir [/usr/lib/gcc/aarch64-linux-gnu/12/../../../aarch64-linux-gnu] ==> [/usr/lib/aarch64-linux-gnu]
  collapse library dir [/usr/lib/gcc/aarch64-linux-gnu/12/../../../../lib] ==> [/usr/lib]
  collapse library dir [/lib/aarch64-linux-gnu] ==> [/lib/aarch64-linux-gnu]
  collapse library dir [/lib/../lib] ==> [/lib]
  collapse library dir [/usr/lib/aarch64-linux-gnu] ==> [/usr/lib/aarch64-linux-gnu]
  collapse library dir [/usr/lib/../lib] ==> [/usr/lib]
  collapse library dir [/usr/lib/gcc/aarch64-linux-gnu/12/../../..] ==> [/usr/lib]
  implicit libs: [gcc;gcc_s;c;gcc;gcc_s]
  implicit objs: [/usr/lib/aarch64-linux-gnu/Scrt1.o;/usr/lib/aarch64-linux-gnu/crti.o;/usr/lib/gcc/aarch64-linux-gnu/12/crtbeginS.o;/usr/lib/gcc/aarch64-linux-gnu/12/crtendS.o;/usr/lib/aarch64-linux-gnu/crtn.o]
  implicit dirs: [/usr/lib/gcc/aarch64-linux-gnu/12;/usr/lib/aarch64-linux-gnu;/usr/lib;/lib/aarch64-linux-gnu;/lib]
  implicit fwks: []


Performing C SOURCE FILE Test CMAKE_HAVE_LIBC_PTHREAD succeeded with the following output:
Change Dir: /home/pi/CoralEdgeTpu/CMakeFiles/CMakeScratch/TryCompile-ujxxN3

Run Build Command(s):/usr/bin/gmake -f Makefile cmTC_ee0c3/fast && gmake[1]: Entering directory '/home/pi/CoralEdgeTpu/CMakeFiles/CMakeScratch/TryCompile-ujxxN3'
/usr/bin/gmake  -f CMakeFiles/cmTC_ee0c3.dir/build.make CMakeFiles/cmTC_ee0c3.dir/build
gmake[2]: Entering directory '/home/pi/CoralEdgeTpu/CMakeFiles/CMakeScratch/TryCompile-ujxxN3'
Building C object CMakeFiles/cmTC_ee0c3.dir/src.c.o
/usr/bin/cc -DCMAKE_HAVE_LIBC_PTHREAD  -Wall -Wextra  -o CMakeFiles/cmTC_ee0c3.dir/src.c.o -c /home/pi/CoralEdgeTpu/CMakeFiles/CMakeScratch/TryCompile-ujxxN3/src.c
Linking C executable cmTC_ee0c3
/usr/bin/cmake -E cmake_link_script CMakeFiles/cmTC_ee0c3.dir/link.txt --verbose=1
/usr/bin/cc  -Wall -Wextra  CMakeFiles/cmTC_ee0c3.dir/src.c.o -o cmTC_ee0c3 
gmake[2]: Leaving directory '/home/pi/CoralEdgeTpu/CMakeFiles/CMakeScratch/TryCompile-ujxxN3'
gmake[1]: Leaving directory '/home/pi/CoralEdgeTpu/CMakeFiles/CMakeScratch/TryCompile-ujxxN3'


Source file was:
#include <pthread.h>

static void* test_func(void* data)
{
  return data;
}

int main(void)
{
  pthread_t thread;
  pthread_create(&thread, NULL, test_func, NULL);
  pthread_detach(thread);
  pthread_cancel(thread);
  pthread_join(thread, NULL);
  pthread_atfork(NULL, NULL, NULL);
  pthread_exit(NULL);

  return 0;
}


