produced_ts_epoch_ms,module,thread_id,event,call_ts_epoch_ms,camera_frame_id,camera_width,camera_height,camera_exposure_ms,camera_copy_time_ms,tpu_inference_ms,tpu_input_w,tpu_input_h,tpu_temp_c,encoder_encode_ms,encoder_total_encoded_frames,encoder_average_fps,logic_metric_ballistics,logic_metric_hit_scan,logic_metric_servo_actuation,sysmon_cpu_temp_c,sysmon_cpu_usage_percent,sysmon_mem_usage_percent,p50_latency_ms,p95_latency_ms,p99_latency_ms,average_fps,total_frames_processed_or_inferences,average_latency_ms,details
1765570211522,InferenceEngine,4983896139603681267,inference_done,1765570211010,-1,-1,-1,-1,-1,26,300,300,32.55,-1,-1,-1,-1,-1,-1,-1,-1,-1,-1,-1,-1,-1,-1,-1,
1765570211540,InferenceEngine,4983896139603681267,inference_done,1765570211043,-1,-1,-1,-1,-1,7,300,300,32.55,-1,-1,-1,-1,-1,-1,-1,-1,-1,-1,-1,-1,-1,-1,-1,
1765570211568,InferenceEngine,4983896139603681267,inference_done,1765570211075,-1,-1,-1,-1,-1,7,300,300,32.55,-1,-1,-1,-1,-1,-1,-1,-1,-1,-1,-1,-1,-1,-1,-1,
1765570211605,InferenceEngine,4983896139603681267,inference_done,1765570211109,-1,-1,-1,-1,-1,6,300,300,32.55,-1,-1,-1,-1,-1,-1,-1,-1,-1,-1,-1,-1,-1,-1,-1,
1765570211643,InferenceEngine,4983896139603681267,inference_done,1765570211142,-1,-1,-1,-1,-1,7,300,300,32.8,-1,-1,-1,-1,-1,-1,-1,-1,-1,-1,-1,-1,-1,-1,-1,
1765570211671,InferenceEngine,4983896139603681267,inference_done,1765570211182,-1,-1,-1,-1,-1,7,300,300,32.8,-1,-1,-1,-1,-1,-1,-1,-1,-1,-1,-1,-1,-1,-1,-1,
1765570211718,InferenceEngine,4983896139603681267,inference_done,1765570211223,-1,-1,-1,-1,-1,7,300,300,33.05,-1,-1,-1,-1,-1,-1,-1,-1,-1,-1,-1,-1,-1,-1,-1,
1765570211757,InferenceEngine,4983896139603681267,inference_done,1765570211262,-1,-1,-1,-1,-1,8,300,300,32.55,-1,-1,-1,-1,-1,-1,-1,-1,-1,-1,-1,-1,-1,-1,-1,
1765570211794,InferenceEngine,4983896139603681267,inference_done,1765570211301,-1,-1,-1,-1,-1,6,300,300,32.8,-1,-1,-1,-1,-1,-1,-1,-1,-1,-1,-1,-1,-1,-1,-1,
1765570211842,InferenceEngine,4983896139603681267,inference_done,1765570211345,-1,-1,-1,-1,-1,7,300,300,32.8,-1,-1,-1,-1,-1,-1,-1,-1,-1,-1,-1,-1,-1,-1,-1,
1765570211879,InferenceEngine,4983896139603681267,inference_done,1765570211388,-1,-1,-1,-1,-1,7,300,300,33.05,-1,-1,-1,-1,-1,-1,-1,-1,-1,-1,-1,-1,-1,-1,-1,
1765570211927,InferenceEngine,4983896139603681267,inference_done,1765570211432,-1,-1,-1,-1,-1,7,300,300,32.8,-1,-1,-1,-1,-1,-1,-1,-1,-1,-1,-1,-1,-1,-1,-1,
1765570211964,InferenceEngine,4983896139603681267,inference_done,1765570211476,-1,-1,-1,-1,-1,6,300,300,32.8,-1,-1,-1,-1,-1,-1,-1,-1,-1,-1,-1,-1,-1,-1,-1,
1765570212012,InferenceEngine,4983896139603681267,inference_done,1765570211519,-1,-1,-1,-1,-1,7,300,300,32.8,-1,-1,-1,-1,-1,-1,-1,-1,-1,-1,-1,-1,-1,-1,-1,
1765570212059,InferenceEngine,4983896139603681267,inference_done,1765570211563,-1,-1,-1,-1,-1,7,300,300,33.05,-1,-1,-1,-1,-1,-1,-1,-1,-1,-1,-1,-1,-1,-1,-1,
1765570212097,InferenceEngine,4983896139603681267,inference_done,1765570211607,-1,-1,-1,-1,-1,7,300,300,33.05,-1,-1,-1,-1,-1,-1,-1,-1,-1,-1,-1,-1,-1,-1,-1,
1765570212144,InferenceEngine,4983896139603681267,inference_done,1765570211651,-1,-1,-1,-1,-1,7,300,300,33.3,-1,-1,-1,-1,-1,-1,-1,-1,-1,-1,-1,-1,-1,-1,-1,
1765570212192,InferenceEngine,4983896139603681267,inference_done,1765570211694,-1,-1,-1,-1,-1,7,300,300,32.8,-1,-1,-1,-1,-1,-1,-1,-1,-1,-1,-1,-1,-1,-1,-1,
1765570212229,InferenceEngine,4983896139603681267,inference_done,1765570211738,-1,-1,-1,-1,-1,7,300,300,33.05,-1,-1,-1,-1,-1,-1,-1,-1,-1,-1,-1,-1,-1,-1,-1,
1765570212277,InferenceEngine,4983896139603681267,inference_done,1765570211782,-1,-1,-1,-1,-1,7,300,300,33.3,-1,-1,-1,-1,-1,-1,-1,-1,-1,-1,-1,-1,-1,-1,-1,
1765570212325,InferenceEngine,4983896139603681267,inference_done,1765570211826,-1,-1,-1,-1,-1,7,300,300,33.05,-1,-1,-1,-1,-1,-1,-1,-1,-1,-1,-1,-1,-1,-1,-1,
1765570212363,InferenceEngine,4983896139603681267,inference_done,1765570211869,-1,-1,-1,-1,-1,7,300,300,33.05,-1,-1,-1,-1,-1,-1,-1,-1,-1,-1,-1,-1,-1,-1,-1,
1765570212411,InferenceEngine,4983896139603681267,inference_done,1765570211913,-1,-1,-1,-1,-1,7,300,300,33.05,-1,-1,-1,-1,-1,-1,-1,-1,-1,-1,-1,-1,-1,-1,-1,
1765570212448,InferenceEngine,4983896139603681267,inference_done,1765570211957,-1,-1,-1,-1,-1,7,300,300,33.05,-1,-1,-1,-1,-1,-1,-1,-1,-1,-1,-1,-1,-1,-1,-1,
1765570212496,InferenceEngine,4983896139603681267,inference_done,1765570212001,-1,-1,-1,-1,-1,7,300,300,32.8,-1,-1,-1,-1,-1,-1,-1,-1,-1,-1,-1,-1,-1,-1,-1,
1765570212533,InferenceEngine,4983896139603681267,inference_done,1765570212044,-1,-1,-1,-1,-1,7,300,300,33.05,-1,-1,-1,-1,-1,-1,-1,-1,-1,-1,-1,-1,-1,-1,-1,
1765570212743,InferenceEngine,4983896139603681267,inference_done,1765570212087,-1,-1,-1,-1,-1,8,300,300,33.05,-1,-1,-1,-1,-1,-1,-1,-1,-1,-1,-1,-1,-1,-1,-1,
1765570212752,InferenceEngine,4983896139603681267,inference_done,1765570212131,-1,-1,-1,-1,-1,7,300,300,33.05,-1,-1,-1,-1,-1,-1,-1,-1,-1,-1,-1,-1,-1,-1,-1,
1765570212759,InferenceEngine,4983896139603681267,inference_done,1765570212175,-1,-1,-1,-1,-1,7,300,300,32.8,-1,-1,-1,-1,-1,-1,-1,-1,-1,-1,-1,-1,-1,-1,-1,
1765570212767,InferenceEngine,4983896139603681267,inference_done,1765570212219,-1,-1,-1,-1,-1,7,300,300,33.05,-1,-1,-1,-1,-1,-1,-1,-1,-1,-1,-1,-1,-1,-1,-1,
1765570212775,InferenceEngine,4983896139603681267,inference_done,1765570212262,-1,-1,-1,-1,-1,7,300,300,33.05,-1,-1,-1,-1,-1,-1,-1,-1,-1,-1,-1,-1,-1,-1,-1,
1765570212802,InferenceEngine,4983896139603681267,inference_done,1765570212306,-1,-1,-1,-1,-1,7,300,300,33.05,-1,-1,-1,-1,-1,-1,-1,-1,-1,-1,-1,-1,-1,-1,-1,
1765570212850,InferenceEngine,4983896139603681267,inference_done,1765570212351,-1,-1,-1,-1,-1,7,300,300,33.3,-1,-1,-1,-1,-1,-1,-1,-1,-1,-1,-1,-1,-1,-1,-1,
1765570212888,InferenceEngine,4983896139603681267,inference_done,1765570212394,-1,-1,-1,-1,-1,8,300,300,33.05,-1,-1,-1,-1,-1,-1,-1,-1,-1,-1,-1,-1,-1,-1,-1,
1765570212936,InferenceEngine,4983896139603681267,inference_done,1765570212437,-1,-1,-1,-1,-1,7,300,300,33.3,-1,-1,-1,-1,-1,-1,-1,-1,-1,-1,-1,-1,-1,-1,-1,
1765570212975,InferenceEngine,4983896139603681267,inference_done,1765570212481,-1,-1,-1,-1,-1,7,300,300,33.3,-1,-1,-1,-1,-1,-1,-1,-1,-1,-1,-1,-1,-1,-1,-1,
1765570213022,InferenceEngine,4983896139603681267,inference_done,1765570212526,-1,-1,-1,-1,-1,7,300,300,33.05,-1,-1,-1,-1,-1,-1,-1,-1,-1,-1,-1,-1,-1,-1,-1,
1765570213061,InferenceEngine,4983896139603681267,inference_done,1765570212569,-1,-1,-1,-1,-1,8,300,300,32.8,-1,-1,-1,-1,-1,-1,-1,-1,-1,-1,-1,-1,-1,-1,-1,
1765570213109,InferenceEngine,4983896139603681267,inference_done,1765570212612,-1,-1,-1,-1,-1,7,300,300,33.05,-1,-1,-1,-1,-1,-1,-1,-1,-1,-1,-1,-1,-1,-1,-1,
1765570213147,InferenceEngine,4983896139603681267,inference_done,1765570212656,-1,-1,-1,-1,-1,7,300,300,33.3,-1,-1,-1,-1,-1,-1,-1,-1,-1,-1,-1,-1,-1,-1,-1,
1765570213194,InferenceEngine,4983896139603681267,inference_done,1765570212700,-1,-1,-1,-1,-1,7,300,300,33.05,-1,-1,-1,-1,-1,-1,-1,-1,-1,-1,-1,-1,-1,-1,-1,
1765570213242,InferenceEngine,4983896139603681267,inference_done,1765570212744,-1,-1,-1,-1,-1,7,300,300,33.05,-1,-1,-1,-1,-1,-1,-1,-1,-1,-1,-1,-1,-1,-1,-1,
1765570213280,InferenceEngine,4983896139603681267,inference_done,1765570212787,-1,-1,-1,-1,-1,7,300,300,33.05,-1,-1,-1,-1,-1,-1,-1,-1,-1,-1,-1,-1,-1,-1,-1,
1765570213328,InferenceEngine,4983896139603681267,inference_done,1765570212831,-1,-1,-1,-1,-1,7,300,300,33.05,-1,-1,-1,-1,-1,-1,-1,-1,-1,-1,-1,-1,-1,-1,-1,
1765570213366,InferenceEngine,4983896139603681267,inference_done,1765570212875,-1,-1,-1,-1,-1,7,300,300,33.05,-1,-1,-1,-1,-1,-1,-1,-1,-1,-1,-1,-1,-1,-1,-1,
1765570213414,InferenceEngine,4983896139603681267,inference_done,1765570212919,-1,-1,-1,-1,-1,7,300,300,32.8,-1,-1,-1,-1,-1,-1,-1,-1,-1,-1,-1,-1,-1,-1,-1,
1765570213461,InferenceEngine,4983896139603681267,inference_done,1765570212962,-1,-1,-1,-1,-1,6,300,300,33.05,-1,-1,-1,-1,-1,-1,-1,-1,-1,-1,-1,-1,-1,-1,-1,
1765570213499,InferenceEngine,4983896139603681267,inference_done,1765570213006,-1,-1,-1,-1,-1,7,300,300,33.3,-1,-1,-1,-1,-1,-1,-1,-1,-1,-1,-1,-1,-1,-1,-1,
1765570213547,InferenceEngine,4983896139603681267,inference_done,1765570213051,-1,-1,-1,-1,-1,7,300,300,33.55,-1,-1,-1,-1,-1,-1,-1,-1,-1,-1,-1,-1,-1,-1,-1,
1765570213586,InferenceEngine,4983896139603681267,inference_done,1765570213094,-1,-1,-1,-1,-1,8,300,300,33.05,-1,-1,-1,-1,-1,-1,-1,-1,-1,-1,-1,-1,-1,-1,-1,
1765570213634,InferenceEngine,4983896139603681267,inference_done,1765570213137,-1,-1,-1,-1,-1,7,300,300,33.05,-1,-1,-1,-1,-1,-1,-1,-1,-1,-1,-1,-1,-1,-1,-1,
1765570213672,InferenceEngine,4983896139603681267,inference_done,1765570213181,-1,-1,-1,-1,-1,7,300,300,33.3,-1,-1,-1,-1,-1,-1,-1,-1,-1,-1,-1,-1,-1,-1,-1,
1765570213720,InferenceEngine,4983896139603681267,inference_done,1765570213225,-1,-1,-1,-1,-1,7,300,300,33.3,-1,-1,-1,-1,-1,-1,-1,-1,-1,-1,-1,-1,-1,-1,-1,
1765570213758,InferenceEngine,4983896139603681267,inference_done,1765570213269,-1,-1,-1,-1,-1,7,300,300,33.3,-1,-1,-1,-1,-1,-1,-1,-1,-1,-1,-1,-1,-1,-1,-1,
1765570213806,InferenceEngine,4983896139603681267,inference_done,1765570213312,-1,-1,-1,-1,-1,7,300,300,33.05,-1,-1,-1,-1,-1,-1,-1,-1,-1,-1,-1,-1,-1,-1,-1,
1765570213853,InferenceEngine,4983896139603681267,inference_done,1765570213356,-1,-1,-1,-1,-1,7,300,300,33.3,-1,-1,-1,-1,-1,-1,-1,-1,-1,-1,-1,-1,-1,-1,-1,
1765570213892,InferenceEngine,4983896139603681267,inference_done,1765570213400,-1,-1,-1,-1,-1,8,300,300,33.3,-1,-1,-1,-1,-1,-1,-1,-1,-1,-1,-1,-1,-1,-1,-1,
1765570213940,InferenceEngine,4983896139603681267,inference_done,1765570213444,-1,-1,-1,-1,-1,7,300,300,33.05,-1,-1,-1,-1,-1,-1,-1,-1,-1,-1,-1,-1,-1,-1,-1,
1765570213978,InferenceEngine,4983896139603681267,inference_done,1765570213487,-1,-1,-1,-1,-1,7,300,300,33.05,-1,-1,-1,-1,-1,-1,-1,-1,-1,-1,-1,-1,-1,-1,-1,
1765570214026,InferenceEngine,4983896139603681267,inference_done,1765570213531,-1,-1,-1,-1,-1,7,300,300,33.05,-1,-1,-1,-1,-1,-1,-1,-1,-1,-1,-1,-1,-1,-1,-1,
1765570214073,InferenceEngine,4983896139603681267,inference_done,1765570213575,-1,-1,-1,-1,-1,7,300,300,33.05,-1,-1,-1,-1,-1,-1,-1,-1,-1,-1,-1,-1,-1,-1,-1,
1765570214111,InferenceEngine,4983896139603681267,inference_done,1765570213618,-1,-1,-1,-1,-1,7,300,300,33.05,-1,-1,-1,-1,-1,-1,-1,-1,-1,-1,-1,-1,-1,-1,-1,
1765570214159,InferenceEngine,4983896139603681267,inference_done,1765570213662,-1,-1,-1,-1,-1,7,300,300,32.8,-1,-1,-1,-1,-1,-1,-1,-1,-1,-1,-1,-1,-1,-1,-1,
1765570214198,InferenceEngine,4983896139603681267,inference_done,1765570213706,-1,-1,-1,-1,-1,8,300,300,33.3,-1,-1,-1,-1,-1,-1,-1,-1,-1,-1,-1,-1,-1,-1,-1,
1765570214246,InferenceEngine,4983896139603681267,inference_done,1765570213750,-1,-1,-1,-1,-1,7,300,300,33.05,-1,-1,-1,-1,-1,-1,-1,-1,-1,-1,-1,-1,-1,-1,-1,
1765570214283,InferenceEngine,4983896139603681267,inference_done,1765570213793,-1,-1,-1,-1,-1,7,300,300,33.05,-1,-1,-1,-1,-1,-1,-1,-1,-1,-1,-1,-1,-1,-1,-1,
1765570214332,InferenceEngine,4983896139603681267,inference_done,1765570213837,-1,-1,-1,-1,-1,7,300,300,33.05,-1,-1,-1,-1,-1,-1,-1,-1,-1,-1,-1,-1,-1,-1,-1,
1765570214379,InferenceEngine,4983896139603681267,inference_done,1765570213881,-1,-1,-1,-1,-1,7,300,300,32.8,-1,-1,-1,-1,-1,-1,-1,-1,-1,-1,-1,-1,-1,-1,-1,
1765570214418,InferenceEngine,4983896139603681267,inference_done,1765570213925,-1,-1,-1,-1,-1,7,300,300,33.05,-1,-1,-1,-1,-1,-1,-1,-1,-1,-1,-1,-1,-1,-1,-1,
1765570214465,InferenceEngine,4983896139603681267,inference_done,1765570213968,-1,-1,-1,-1,-1,7,300,300,33.3,-1,-1,-1,-1,-1,-1,-1,-1,-1,-1,-1,-1,-1,-1,-1,
1765570214504,InferenceEngine,4983896139603681267,inference_done,1765570214013,-1,-1,-1,-1,-1,8,300,300,33.05,-1,-1,-1,-1,-1,-1,-1,-1,-1,-1,-1,-1,-1,-1,-1,
1765570214552,InferenceEngine,4983896139603681267,inference_done,1765570214056,-1,-1,-1,-1,-1,7,300,300,33.05,-1,-1,-1,-1,-1,-1,-1,-1,-1,-1,-1,-1,-1,-1,-1,
1765570214600,InferenceEngine,4983896139603681267,inference_done,1765570214100,-1,-1,-1,-1,-1,7,300,300,33.05,-1,-1,-1,-1,-1,-1,-1,-1,-1,-1,-1,-1,-1,-1,-1,
1765570214637,InferenceEngine,4983896139603681267,inference_done,1765570214143,-1,-1,-1,-1,-1,6,300,300,33.3,-1,-1,-1,-1,-1,-1,-1,-1,-1,-1,-1,-1,-1,-1,-1,
1765570214685,InferenceEngine,4983896139603681267,inference_done,1765570214188,-1,-1,-1,-1,-1,7,300,300,33.3,-1,-1,-1,-1,-1,-1,-1,-1,-1,-1,-1,-1,-1,-1,-1,
1765570214724,InferenceEngine,4983896139603681267,inference_done,1765570214231,-1,-1,-1,-1,-1,7,300,300,33.05,-1,-1,-1,-1,-1,-1,-1,-1,-1,-1,-1,-1,-1,-1,-1,
1765570214771,InferenceEngine,4983896139603681267,inference_done,1765570214275,-1,-1,-1,-1,-1,7,300,300,33.3,-1,-1,-1,-1,-1,-1,-1,-1,-1,-1,-1,-1,-1,-1,-1,
1765570214809,InferenceEngine,4983896139603681267,inference_done,1765570214319,-1,-1,-1,-1,-1,6,300,300,33.05,-1,-1,-1,-1,-1,-1,-1,-1,-1,-1,-1,-1,-1,-1,-1,
1765570214857,InferenceEngine,4983896139603681267,inference_done,1765570214363,-1,-1,-1,-1,-1,7,300,300,33.05,-1,-1,-1,-1,-1,-1,-1,-1,-1,-1,-1,-1,-1,-1,-1,
1765570214905,InferenceEngine,4983896139603681267,inference_done,1765570214406,-1,-1,-1,-1,-1,6,300,300,33.05,-1,-1,-1,-1,-1,-1,-1,-1,-1,-1,-1,-1,-1,-1,-1,
1765570214943,InferenceEngine,4983896139603681267,inference_done,1765570214450,-1,-1,-1,-1,-1,7,300,300,33.05,-1,-1,-1,-1,-1,-1,-1,-1,-1,-1,-1,-1,-1,-1,-1,
1765570214991,InferenceEngine,4983896139603681267,inference_done,1765570214493,-1,-1,-1,-1,-1,7,300,300,33.05,-1,-1,-1,-1,-1,-1,-1,-1,-1,-1,-1,-1,-1,-1,-1,
1765570215029,InferenceEngine,4983896139603681267,inference_done,1765570214538,-1,-1,-1,-1,-1,7,300,300,33.05,-1,-1,-1,-1,-1,-1,-1,-1,-1,-1,-1,-1,-1,-1,-1,
1765570215077,InferenceEngine,4983896139603681267,inference_done,1765570214581,-1,-1,-1,-1,-1,7,300,300,33.3,-1,-1,-1,-1,-1,-1,-1,-1,-1,-1,-1,-1,-1,-1,-1,
1765570215114,InferenceEngine,4983896139603681267,inference_done,1765570214625,-1,-1,-1,-1,-1,7,300,300,33.05,-1,-1,-1,-1,-1,-1,-1,-1,-1,-1,-1,-1,-1,-1,-1,
1765570215163,InferenceEngine,4983896139603681267,inference_done,1765570214669,-1,-1,-1,-1,-1,7,300,300,33.05,-1,-1,-1,-1,-1,-1,-1,-1,-1,-1,-1,-1,-1,-1,-1,
1765570215211,InferenceEngine,4983896139603681267,inference_done,1765570214713,-1,-1,-1,-1,-1,7,300,300,33.3,-1,-1,-1,-1,-1,-1,-1,-1,-1,-1,-1,-1,-1,-1,-1,
1765570215249,InferenceEngine,4983896139603681267,inference_done,1765570214756,-1,-1,-1,-1,-1,8,300,300,33.55,-1,-1,-1,-1,-1,-1,-1,-1,-1,-1,-1,-1,-1,-1,-1,
1765570215298,InferenceEngine,4983896139603681267,inference_done,1765570214801,-1,-1,-1,-1,-1,7,300,300,33.05,-1,-1,-1,-1,-1,-1,-1,-1,-1,-1,-1,-1,-1,-1,-1,
1765570215335,InferenceEngine,4983896139603681267,inference_done,1765570214844,-1,-1,-1,-1,-1,7,300,300,33.05,-1,-1,-1,-1,-1,-1,-1,-1,-1,-1,-1,-1,-1,-1,-1,
1765570215383,InferenceEngine,4983896139603681267,inference_done,1765570214888,-1,-1,-1,-1,-1,7,300,300,33.05,-1,-1,-1,-1,-1,-1,-1,-1,-1,-1,-1,-1,-1,-1,-1,
1765570215420,InferenceEngine,4983896139603681267,inference_done,1765570214931,-1,-1,-1,-1,-1,7,300,300,33.05,-1,-1,-1,-1,-1,-1,-1,-1,-1,-1,-1,-1,-1,-1,-1,
1765570215469,InferenceEngine,4983896139603681267,inference_done,1765570214975,-1,-1,-1,-1,-1,7,300,300,33.05,-1,-1,-1,-1,-1,-1,-1,-1,-1,-1,-1,-1,-1,-1,-1,
1765570215516,InferenceEngine,4983896139603681267,inference_done,1765570215019,-1,-1,-1,-1,-1,7,300,300,33.05,-1,-1,-1,-1,-1,-1,-1,-1,-1,-1,-1,-1,-1,-1,-1,
1765570215555,InferenceEngine,4983896139603681267,inference_done,1765570215063,-1,-1,-1,-1,-1,8,300,300,33.05,-1,-1,-1,-1,-1,-1,-1,-1,-1,-1,-1,-1,-1,-1,-1,
1765570215603,InferenceEngine,4983896139603681267,inference_done,1765570215106,-1,-1,-1,-1,-1,7,300,300,33.3,-1,-1,-1,-1,-1,-1,-1,-1,-1,-1,-1,-1,-1,-1,-1,
1765570215642,InferenceEngine,4983896139603681267,inference_done,1765570215149,-1,-1,-1,-1,-1,7,300,300,33.3,-1,-1,-1,-1,-1,-1,-1,-1,-1,-1,-1,-1,-1,-1,-1,
1765570215690,InferenceEngine,4983896139603681267,inference_done,1765570215194,-1,-1,-1,-1,-1,7,300,300,33.05,-1,-1,-1,-1,-1,-1,-1,-1,-1,-1,-1,-1,-1,-1,-1,
1765570215737,InferenceEngine,4983896139603681267,inference_done,1765570215237,-1,-1,-1,-1,-1,7,300,300,33.05,-1,-1,-1,-1,-1,-1,-1,-1,-1,-1,-1,-1,-1,-1,-1,
1765570215776,InferenceEngine,4983896139603681267,inference_done,1765570215281,-1,-1,-1,-1,-1,7,300,300,33.05,-1,-1,-1,-1,-1,-1,-1,-1,-1,-1,-1,-1,-1,-1,-1,
1765570215824,InferenceEngine,4983896139603681267,inference_done,1765570215324,-1,-1,-1,-1,-1,7,300,300,33.05,-1,-1,-1,-1,-1,-1,-1,-1,-1,-1,-1,-1,-1,-1,-1,
1765570215861,InferenceEngine,4983896139603681267,inference_done,1765570215369,-1,-1,-1,-1,-1,7,300,300,32.8,-1,-1,-1,-1,-1,-1,-1,-1,-1,-1,-1,-1,-1,-1,-1,
1765570215910,InferenceEngine,4983896139603681267,inference_done,1765570215413,-1,-1,-1,-1,-1,7,300,300,33.05,-1,-1,-1,-1,-1,-1,-1,-1,-1,-1,-1,-1,-1,-1,-1,
1765570215947,InferenceEngine,4983896139603681267,inference_done,1765570215456,-1,-1,-1,-1,-1,7,300,300,33.05,-1,-1,-1,-1,-1,-1,-1,-1,-1,-1,-1,-1,-1,-1,-1,
1765570215995,InferenceEngine,4983896139603681267,inference_done,1765570215499,-1,-1,-1,-1,-1,7,300,300,33.05,-1,-1,-1,-1,-1,-1,-1,-1,-1,-1,-1,-1,-1,-1,-1,
1765570216032,InferenceEngine,4983896139603681267,inference_done,1765570215544,-1,-1,-1,-1,-1,6,300,300,33.05,-1,-1,-1,-1,-1,-1,-1,-1,-1,-1,-1,-1,-1,-1,-1,
1765570216080,InferenceEngine,4983896139603681267,inference_done,1765570215588,-1,-1,-1,-1,-1,7,300,300,33.3,-1,-1,-1,-1,-1,-1,-1,-1,-1,-1,-1,-1,-1,-1,-1,
1765570216131,InferenceEngine,4983896139603681267,inference_done,1765570215631,-1,-1,-1,-1,-1,7,300,300,33.05,-1,-1,-1,-1,-1,-1,-1,-1,-1,-1,-1,-1,-1,-1,-1,
1765570216170,InferenceEngine,4983896139603681267,inference_done,1765570215674,-1,-1,-1,-1,-1,7,300,300,33.05,-1,-1,-1,-1,-1,-1,-1,-1,-1,-1,-1,-1,-1,-1,-1,
1765570216218,InferenceEngine,4983896139603681267,inference_done,1765570215718,-1,-1,-1,-1,-1,7,300,300,33.05,-1,-1,-1,-1,-1,-1,-1,-1,-1,-1,-1,-1,-1,-1,-1,
1765570216256,InferenceEngine,4983896139603681267,inference_done,1765570215762,-1,-1,-1,-1,-1,7,300,300,33.3,-1,-1,-1,-1,-1,-1,-1,-1,-1,-1,-1,-1,-1,-1,-1,
1765570216304,InferenceEngine,4983896139603681267,inference_done,1765570215807,-1,-1,-1,-1,-1,7,300,300,33.05,-1,-1,-1,-1,-1,-1,-1,-1,-1,-1,-1,-1,-1,-1,-1,
1765570216343,InferenceEngine,4983896139603681267,inference_done,1765570215849,-1,-1,-1,-1,-1,7,300,300,33.3,-1,-1,-1,-1,-1,-1,-1,-1,-1,-1,-1,-1,-1,-1,-1,
1765570216391,InferenceEngine,4983896139603681267,inference_done,1765570215893,-1,-1,-1,-1,-1,7,300,300,33.3,-1,-1,-1,-1,-1,-1,-1,-1,-1,-1,-1,-1,-1,-1,-1,
1765570216430,InferenceEngine,4983896139603681267,inference_done,1765570215938,-1,-1,-1,-1,-1,7,300,300,33.3,-1,-1,-1,-1,-1,-1,-1,-1,-1,-1,-1,-1,-1,-1,-1,
1765570216478,InferenceEngine,4983896139603681267,inference_done,1765570215981,-1,-1,-1,-1,-1,7,300,300,33.3,-1,-1,-1,-1,-1,-1,-1,-1,-1,-1,-1,-1,-1,-1,-1,
1765570216517,InferenceEngine,4983896139603681267,inference_done,1765570216024,-1,-1,-1,-1,-1,7,300,300,33.05,-1,-1,-1,-1,-1,-1,-1,-1,-1,-1,-1,-1,-1,-1,-1,
1765570216565,InferenceEngine,4983896139603681267,inference_done,1765570216068,-1,-1,-1,-1,-1,7,300,300,33.05,-1,-1,-1,-1,-1,-1,-1,-1,-1,-1,-1,-1,-1,-1,-1,
1765570216604,InferenceEngine,4983896139603681267,inference_done,1765570216113,-1,-1,-1,-1,-1,8,300,300,33.3,-1,-1,-1,-1,-1,-1,-1,-1,-1,-1,-1,-1,-1,-1,-1,
1765570216652,InferenceEngine,4983896139603681267,inference_done,1765570216156,-1,-1,-1,-1,-1,7,300,300,33.05,-1,-1,-1,-1,-1,-1,-1,-1,-1,-1,-1,-1,-1,-1,-1,
1765570216700,InferenceEngine,4983896139603681267,inference_done,1765570216199,-1,-1,-1,-1,-1,7,300,300,32.8,-1,-1,-1,-1,-1,-1,-1,-1,-1,-1,-1,-1,-1,-1,-1,
1765570216739,InferenceEngine,4983896139603681267,inference_done,1765570216243,-1,-1,-1,-1,-1,8,300,300,33.3,-1,-1,-1,-1,-1,-1,-1,-1,-1,-1,-1,-1,-1,-1,-1,
1765570216787,InferenceEngine,4983896139603681267,inference_done,1765570216287,-1,-1,-1,-1,-1,7,300,300,33.3,-1,-1,-1,-1,-1,-1,-1,-1,-1,-1,-1,-1,-1,-1,-1,
1765570216825,InferenceEngine,4983896139603681267,inference_done,1765570216331,-1,-1,-1,-1,-1,7,300,300,33.55,-1,-1,-1,-1,-1,-1,-1,-1,-1,-1,-1,-1,-1,-1,-1,
1765570216873,InferenceEngine,4983896139603681267,inference_done,1765570216374,-1,-1,-1,-1,-1,7,300,300,33.3,-1,-1,-1,-1,-1,-1,-1,-1,-1,-1,-1,-1,-1,-1,-1,
1765570216912,InferenceEngine,4983896139603681267,inference_done,1765570216418,-1,-1,-1,-1,-1,7,300,300,33.3,-1,-1,-1,-1,-1,-1,-1,-1,-1,-1,-1,-1,-1,-1,-1,
1765570216960,InferenceEngine,4983896139603681267,inference_done,1765570216463,-1,-1,-1,-1,-1,7,300,300,33.3,-1,-1,-1,-1,-1,-1,-1,-1,-1,-1,-1,-1,-1,-1,-1,
1765570216998,InferenceEngine,4983896139603681267,inference_done,1765570216506,-1,-1,-1,-1,-1,7,300,300,33.3,-1,-1,-1,-1,-1,-1,-1,-1,-1,-1,-1,-1,-1,-1,-1,
1765570217046,InferenceEngine,4983896139603681267,inference_done,1765570216549,-1,-1,-1,-1,-1,7,300,300,33.3,-1,-1,-1,-1,-1,-1,-1,-1,-1,-1,-1,-1,-1,-1,-1,
1765570217086,InferenceEngine,4983896139603681267,inference_done,1765570216593,-1,-1,-1,-1,-1,8,300,300,33.3,-1,-1,-1,-1,-1,-1,-1,-1,-1,-1,-1,-1,-1,-1,-1,
1765570217134,InferenceEngine,4983896139603681267,inference_done,1765570216638,-1,-1,-1,-1,-1,7,300,300,33.3,-1,-1,-1,-1,-1,-1,-1,-1,-1,-1,-1,-1,-1,-1,-1,
1765570217172,InferenceEngine,4983896139603681267,inference_done,1765570216681,-1,-1,-1,-1,-1,7,300,300,33.05,-1,-1,-1,-1,-1,-1,-1,-1,-1,-1,-1,-1,-1,-1,-1,
1765570217221,InferenceEngine,4983896139603681267,inference_done,1765570216724,-1,-1,-1,-1,-1,7,300,300,33.55,-1,-1,-1,-1,-1,-1,-1,-1,-1,-1,-1,-1,-1,-1,-1,
1765570217259,InferenceEngine,4983896139603681267,inference_done,1765570216768,-1,-1,-1,-1,-1,7,300,300,33.55,-1,-1,-1,-1,-1,-1,-1,-1,-1,-1,-1,-1,-1,-1,-1,
1765570217307,InferenceEngine,4983896139603681267,inference_done,1765570216813,-1,-1,-1,-1,-1,7,300,300,33.05,-1,-1,-1,-1,-1,-1,-1,-1,-1,-1,-1,-1,-1,-1,-1,
1765570217345,InferenceEngine,4983896139603681267,inference_done,1765570216855,-1,-1,-1,-1,-1,7,300,300,33.05,-1,-1,-1,-1,-1,-1,-1,-1,-1,-1,-1,-1,-1,-1,-1,
1765570217394,InferenceEngine,4983896139603681267,inference_done,1765570216899,-1,-1,-1,-1,-1,7,300,300,33.3,-1,-1,-1,-1,-1,-1,-1,-1,-1,-1,-1,-1,-1,-1,-1,
1765570217442,InferenceEngine,4983896139603681267,inference_done,1765570216944,-1,-1,-1,-1,-1,7,300,300,33.55,-1,-1,-1,-1,-1,-1,-1,-1,-1,-1,-1,-1,-1,-1,-1,
1765570217480,InferenceEngine,4983896139603681267,inference_done,1765570216988,-1,-1,-1,-1,-1,7,300,300,33.3,-1,-1,-1,-1,-1,-1,-1,-1,-1,-1,-1,-1,-1,-1,-1,
1765570217528,InferenceEngine,4983896139603681267,inference_done,1765570217030,-1,-1,-1,-1,-1,7,300,300,33.05,-1,-1,-1,-1,-1,-1,-1,-1,-1,-1,-1,-1,-1,-1,-1,
1765570217596,InferenceEngine,4983896139603681267,inference_done,1765570217074,-1,-1,-1,-1,-1,7,300,300,33.8,-1,-1,-1,-1,-1,-1,-1,-1,-1,-1,-1,-1,-1,-1,-1,
1765570217614,InferenceEngine,4983896139603681267,inference_done,1765570217118,-1,-1,-1,-1,-1,8,300,300,33.55,-1,-1,-1,-1,-1,-1,-1,-1,-1,-1,-1,-1,-1,-1,-1,
1765570217662,InferenceEngine,4983896139603681267,inference_done,1765570217163,-1,-1,-1,-1,-1,7,300,300,33.55,-1,-1,-1,-1,-1,-1,-1,-1,-1,-1,-1,-1,-1,-1,-1,
1765570217701,InferenceEngine,4983896139603681267,inference_done,1765570217205,-1,-1,-1,-1,-1,8,300,300,33.55,-1,-1,-1,-1,-1,-1,-1,-1,-1,-1,-1,-1,-1,-1,-1,
1765570217749,InferenceEngine,4983896139603681267,inference_done,1765570217249,-1,-1,-1,-1,-1,7,300,300,33.55,-1,-1,-1,-1,-1,-1,-1,-1,-1,-1,-1,-1,-1,-1,-1,
1765570217788,InferenceEngine,4983896139603681267,inference_done,1765570217294,-1,-1,-1,-1,-1,8,300,300,33.05,-1,-1,-1,-1,-1,-1,-1,-1,-1,-1,-1,-1,-1,-1,-1,
1765570217837,InferenceEngine,4983896139603681267,inference_done,1765570217338,-1,-1,-1,-1,-1,7,300,300,33.3,-1,-1,-1,-1,-1,-1,-1,-1,-1,-1,-1,-1,-1,-1,-1,
1765570217875,InferenceEngine,4983896139603681267,inference_done,1765570217380,-1,-1,-1,-1,-1,7,300,300,33.3,-1,-1,-1,-1,-1,-1,-1,-1,-1,-1,-1,-1,-1,-1,-1,
1765570217923,InferenceEngine,4983896139603681267,inference_done,1765570217424,-1,-1,-1,-1,-1,7,300,300,33.3,-1,-1,-1,-1,-1,-1,-1,-1,-1,-1,-1,-1,-1,-1,-1,
1765570217961,InferenceEngine,4983896139603681267,inference_done,1765570217469,-1,-1,-1,-1,-1,7,300,300,33.3,-1,-1,-1,-1,-1,-1,-1,-1,-1,-1,-1,-1,-1,-1,-1,
1765570218009,InferenceEngine,4983896139603681267,inference_done,1765570217513,-1,-1,-1,-1,-1,7,300,300,33.55,-1,-1,-1,-1,-1,-1,-1,-1,-1,-1,-1,-1,-1,-1,-1,
1765570218057,InferenceEngine,4983896139603681267,inference_done,1765570217555,-1,-1,-1,-1,-1,7,300,300,33.3,-1,-1,-1,-1,-1,-1,-1,-1,-1,-1,-1,-1,-1,-1,-1,
1765570218095,InferenceEngine,4983896139603681267,inference_done,1765570217599,-1,-1,-1,-1,-1,7,300,300,33.55,-1,-1,-1,-1,-1,-1,-1,-1,-1,-1,-1,-1,-1,-1,-1,
1765570218143,InferenceEngine,4983896139603681267,inference_done,1765570217644,-1,-1,-1,-1,-1,7,300,300,33.55,-1,-1,-1,-1,-1,-1,-1,-1,-1,-1,-1,-1,-1,-1,-1,
1765570218181,InferenceEngine,4983896139603681267,inference_done,1765570217688,-1,-1,-1,-1,-1,7,300,300,33.55,-1,-1,-1,-1,-1,-1,-1,-1,-1,-1,-1,-1,-1,-1,-1,
1765570218229,InferenceEngine,4983896139603681267,inference_done,1765570217730,-1,-1,-1,-1,-1,7,300,300,33.05,-1,-1,-1,-1,-1,-1,-1,-1,-1,-1,-1,-1,-1,-1,-1,
1765570218267,InferenceEngine,4983896139603681267,inference_done,1765570217774,-1,-1,-1,-1,-1,7,300,300,33.3,-1,-1,-1,-1,-1,-1,-1,-1,-1,-1,-1,-1,-1,-1,-1,
1765570218315,InferenceEngine,4983896139603681267,inference_done,1765570217819,-1,-1,-1,-1,-1,7,300,300,33.3,-1,-1,-1,-1,-1,-1,-1,-1,-1,-1,-1,-1,-1,-1,-1,
1765570218353,InferenceEngine,4983896139603681267,inference_done,1765570217862,-1,-1,-1,-1,-1,7,300,300,33.3,-1,-1,-1,-1,-1,-1,-1,-1,-1,-1,-1,-1,-1,-1,-1,
1765570218401,InferenceEngine,4983896139603681267,inference_done,1765570217906,-1,-1,-1,-1,-1,7,300,300,33.55,-1,-1,-1,-1,-1,-1,-1,-1,-1,-1,-1,-1,-1,-1,-1,
1765570218451,InferenceEngine,4983896139603681267,inference_done,1765570217949,-1,-1,-1,-1,-1,7,300,300,33.55,-1,-1,-1,-1,-1,-1,-1,-1,-1,-1,-1,-1,-1,-1,-1,
1765570218489,InferenceEngine,4983896139603681267,inference_done,1765570217994,-1,-1,-1,-1,-1,7,300,300,33.3,-1,-1,-1,-1,-1,-1,-1,-1,-1,-1,-1,-1,-1,-1,-1,
1765570218537,InferenceEngine,4983896139603681267,inference_done,1765570218038,-1,-1,-1,-1,-1,7,300,300,33.3,-1,-1,-1,-1,-1,-1,-1,-1,-1,-1,-1,-1,-1,-1,-1,
1765570218575,InferenceEngine,4983896139603681267,inference_done,1765570218080,-1,-1,-1,-1,-1,7,300,300,33.05,-1,-1,-1,-1,-1,-1,-1,-1,-1,-1,-1,-1,-1,-1,-1,
1765570218623,InferenceEngine,4983896139603681267,inference_done,1765570218124,-1,-1,-1,-1,-1,7,300,300,33.55,-1,-1,-1,-1,-1,-1,-1,-1,-1,-1,-1,-1,-1,-1,-1,
1765570218661,InferenceEngine,4983896139603681267,inference_done,1765570218169,-1,-1,-1,-1,-1,7,300,300,33.55,-1,-1,-1,-1,-1,-1,-1,-1,-1,-1,-1,-1,-1,-1,-1,
1765570218709,InferenceEngine,4983896139603681267,inference_done,1765570218213,-1,-1,-1,-1,-1,7,300,300,33.55,-1,-1,-1,-1,-1,-1,-1,-1,-1,-1,-1,-1,-1,-1,-1,
1765570218747,InferenceEngine,4983896139603681267,inference_done,1765570218256,-1,-1,-1,-1,-1,7,300,300,33.55,-1,-1,-1,-1,-1,-1,-1,-1,-1,-1,-1,-1,-1,-1,-1,
1765570218795,InferenceEngine,4983896139603681267,inference_done,1765570218299,-1,-1,-1,-1,-1,7,300,300,33.55,-1,-1,-1,-1,-1,-1,-1,-1,-1,-1,-1,-1,-1,-1,-1,
1765570218834,InferenceEngine,4983896139603681267,inference_done,1765570218344,-1,-1,-1,-1,-1,8,300,300,33.55,-1,-1,-1,-1,-1,-1,-1,-1,-1,-1,-1,-1,-1,-1,-1,
1765570218883,InferenceEngine,4983896139603681267,inference_done,1765570218386,-1,-1,-1,-1,-1,7,300,300,33.55,-1,-1,-1,-1,-1,-1,-1,-1,-1,-1,-1,-1,-1,-1,-1,
1765570218922,InferenceEngine,4983896139603681267,inference_done,1765570218430,-1,-1,-1,-1,-1,8,300,300,33.3,-1,-1,-1,-1,-1,-1,-1,-1,-1,-1,-1,-1,-1,-1,-1,
1765570218970,InferenceEngine,4983896139603681267,inference_done,1765570218474,-1,-1,-1,-1,-1,7,300,300,33.3,-1,-1,-1,-1,-1,-1,-1,-1,-1,-1,-1,-1,-1,-1,-1,
1765570219018,InferenceEngine,4983896139603681267,inference_done,1765570218519,-1,-1,-1,-1,-1,7,300,300,33.3,-1,-1,-1,-1,-1,-1,-1,-1,-1,-1,-1,-1,-1,-1,-1,
1765570219056,InferenceEngine,4983896139603681267,inference_done,1765570218562,-1,-1,-1,-1,-1,7,300,300,33.55,-1,-1,-1,-1,-1,-1,-1,-1,-1,-1,-1,-1,-1,-1,-1,
1765570219105,InferenceEngine,4983896139603681267,inference_done,1765570218605,-1,-1,-1,-1,-1,7,300,300,33.3,-1,-1,-1,-1,-1,-1,-1,-1,-1,-1,-1,-1,-1,-1,-1,
1765570219143,InferenceEngine,4983896139603681267,inference_done,1765570218649,-1,-1,-1,-1,-1,7,300,300,33.3,-1,-1,-1,-1,-1,-1,-1,-1,-1,-1,-1,-1,-1,-1,-1,
1765570219192,InferenceEngine,4983896139603681267,inference_done,1765570218694,-1,-1,-1,-1,-1,7,300,300,33.05,-1,-1,-1,-1,-1,-1,-1,-1,-1,-1,-1,-1,-1,-1,-1,
1765570219231,InferenceEngine,4983896139603681267,inference_done,1765570218736,-1,-1,-1,-1,-1,7,300,300,33.3,-1,-1,-1,-1,-1,-1,-1,-1,-1,-1,-1,-1,-1,-1,-1,
1765570219279,InferenceEngine,4983896139603681267,inference_done,1765570218780,-1,-1,-1,-1,-1,7,300,300,33.3,-1,-1,-1,-1,-1,-1,-1,-1,-1,-1,-1,-1,-1,-1,-1,
1765570219317,InferenceEngine,4983896139603681267,inference_done,1765570218825,-1,-1,-1,-1,-1,7,300,300,33.55,-1,-1,-1,-1,-1,-1,-1,-1,-1,-1,-1,-1,-1,-1,-1,
1765570219365,InferenceEngine,4983896139603681267,inference_done,1765570218869,-1,-1,-1,-1,-1,7,300,300,33.3,-1,-1,-1,-1,-1,-1,-1,-1,-1,-1,-1,-1,-1,-1,-1,
1765570219403,InferenceEngine,4983896139603681267,inference_done,1765570218911,-1,-1,-1,-1,-1,8,300,300,33.55,-1,-1,-1,-1,-1,-1,-1,-1,-1,-1,-1,-1,-1,-1,-1,
1765570219454,InferenceEngine,4983896139603681267,inference_done,1765570218956,-1,-1,-1,-1,-1,8,300,300,33.55,-1,-1,-1,-1,-1,-1,-1,-1,-1,-1,-1,-1,-1,-1,-1,
1765570219492,InferenceEngine,4983896139603681267,inference_done,1765570219000,-1,-1,-1,-1,-1,8,300,300,33.3,-1,-1,-1,-1,-1,-1,-1,-1,-1,-1,-1,-1,-1,-1,-1,
1765570219541,InferenceEngine,4983896139603681267,inference_done,1765570219044,-1,-1,-1,-1,-1,7,300,300,33.55,-1,-1,-1,-1,-1,-1,-1,-1,-1,-1,-1,-1,-1,-1,-1,
1765570219579,InferenceEngine,4983896139603681267,inference_done,1765570219086,-1,-1,-1,-1,-1,7,300,300,33.3,-1,-1,-1,-1,-1,-1,-1,-1,-1,-1,-1,-1,-1,-1,-1,
1765570219628,InferenceEngine,4983896139603681267,inference_done,1765570219130,-1,-1,-1,-1,-1,7,300,300,33.3,-1,-1,-1,-1,-1,-1,-1,-1,-1,-1,-1,-1,-1,-1,-1,
1765570219676,InferenceEngine,4983896139603681267,inference_done,1765570219174,-1,-1,-1,-1,-1,7,300,300,33.55,-1,-1,-1,-1,-1,-1,-1,-1,-1,-1,-1,-1,-1,-1,-1,
1765570219714,InferenceEngine,4983896139603681267,inference_done,1765570219219,-1,-1,-1,-1,-1,7,300,300,33.3,-1,-1,-1,-1,-1,-1,-1,-1,-1,-1,-1,-1,-1,-1,-1,
1765570219752,InferenceEngine,4983896139603681267,inference_done,1765570219261,-1,-1,-1,-1,-1,7,300,300,33.55,-1,-1,-1,-1,-1,-1,-1,-1,-1,-1,-1,-1,-1,-1,-1,
1765570219800,InferenceEngine,4983896139603681267,inference_done,1765570219305,-1,-1,-1,-1,-1,7,300,300,33.55,-1,-1,-1,-1,-1,-1,-1,-1,-1,-1,-1,-1,-1,-1,-1,
1765570219848,InferenceEngine,4983896139603681267,inference_done,1765570219350,-1,-1,-1,-1,-1,7,300,300,33.05,-1,-1,-1,-1,-1,-1,-1,-1,-1,-1,-1,-1,-1,-1,-1,
1765570219887,InferenceEngine,4983896139603681267,inference_done,1765570219393,-1,-1,-1,-1,-1,7,300,300,33.3,-1,-1,-1,-1,-1,-1,-1,-1,-1,-1,-1,-1,-1,-1,-1,
1765570219935,InferenceEngine,4983896139603681267,inference_done,1765570219436,-1,-1,-1,-1,-1,7,300,300,33.3,-1,-1,-1,-1,-1,-1,-1,-1,-1,-1,-1,-1,-1,-1,-1,
1765570219973,InferenceEngine,4983896139603681267,inference_done,1765570219481,-1,-1,-1,-1,-1,7,300,300,33.55,-1,-1,-1,-1,-1,-1,-1,-1,-1,-1,-1,-1,-1,-1,-1,
1765570220021,InferenceEngine,4983896139603681267,inference_done,1765570219525,-1,-1,-1,-1,-1,7,300,300,33.3,-1,-1,-1,-1,-1,-1,-1,-1,-1,-1,-1,-1,-1,-1,-1,
1765570220060,InferenceEngine,4983896139603681267,inference_done,1765570219568,-1,-1,-1,-1,-1,8,300,300,33.55,-1,-1,-1,-1,-1,-1,-1,-1,-1,-1,-1,-1,-1,-1,-1,
1765570220108,InferenceEngine,4983896139603681267,inference_done,1765570219611,-1,-1,-1,-1,-1,7,300,300,33.55,-1,-1,-1,-1,-1,-1,-1,-1,-1,-1,-1,-1,-1,-1,-1,
1765570220156,InferenceEngine,4983896139603681267,inference_done,1765570219656,-1,-1,-1,-1,-1,7,300,300,33.3,-1,-1,-1,-1,-1,-1,-1,-1,-1,-1,-1,-1,-1,-1,-1,
1765570220194,InferenceEngine,4983896139603681267,inference_done,1765570219700,-1,-1,-1,-1,-1,7,300,300,33.3,-1,-1,-1,-1,-1,-1,-1,-1,-1,-1,-1,-1,-1,-1,-1,
1765570220232,InferenceEngine,4983896139603681267,inference_done,1765570219743,-1,-1,-1,-1,-1,7,300,300,33.3,-1,-1,-1,-1,-1,-1,-1,-1,-1,-1,-1,-1,-1,-1,-1,
1765570220281,InferenceEngine,4983896139603681267,inference_done,1765570219786,-1,-1,-1,-1,-1,8,300,300,33.3,-1,-1,-1,-1,-1,-1,-1,-1,-1,-1,-1,-1,-1,-1,-1,
1765570220329,InferenceEngine,4983896139603681267,inference_done,1765570219831,-1,-1,-1,-1,-1,7,300,300,33.3,-1,-1,-1,-1,-1,-1,-1,-1,-1,-1,-1,-1,-1,-1,-1,
1765570220367,InferenceEngine,4983896139603681267,inference_done,1765570219875,-1,-1,-1,-1,-1,7,300,300,33.3,-1,-1,-1,-1,-1,-1,-1,-1,-1,-1,-1,-1,-1,-1,-1,
1765570220415,InferenceEngine,4983896139603681267,inference_done,1765570219918,-1,-1,-1,-1,-1,7,300,300,33.55,-1,-1,-1,-1,-1,-1,-1,-1,-1,-1,-1,-1,-1,-1,-1,
1765570220453,InferenceEngine,4983896139603681267,inference_done,1765570219961,-1,-1,-1,-1,-1,7,300,300,33.55,-1,-1,-1,-1,-1,-1,-1,-1,-1,-1,-1,-1,-1,-1,-1,
1765570220501,InferenceEngine,4983896139603681267,inference_done,1765570220005,-1,-1,-1,-1,-1,7,300,300,33.3,-1,-1,-1,-1,-1,-1,-1,-1,-1,-1,-1,-1,-1,-1,-1,
1765570220549,InferenceEngine,4983896139603681267,inference_done,1765570220050,-1,-1,-1,-1,-1,7,300,300,33.3,-1,-1,-1,-1,-1,-1,-1,-1,-1,-1,-1,-1,-1,-1,-1,
1765570220587,InferenceEngine,4983896139603681267,inference_done,1765570220092,-1,-1,-1,-1,-1,7,300,300,33.55,-1,-1,-1,-1,-1,-1,-1,-1,-1,-1,-1,-1,-1,-1,-1,
1765570220636,InferenceEngine,4983896139603681267,inference_done,1765570220136,-1,-1,-1,-1,-1,7,300,300,33.3,-1,-1,-1,-1,-1,-1,-1,-1,-1,-1,-1,-1,-1,-1,-1,
1765570220674,InferenceEngine,4983896139603681267,inference_done,1765570220181,-1,-1,-1,-1,-1,7,300,300,33.3,-1,-1,-1,-1,-1,-1,-1,-1,-1,-1,-1,-1,-1,-1,-1,
1765570220723,InferenceEngine,4983896139603681267,inference_done,1765570220224,-1,-1,-1,-1,-1,7,300,300,33.3,-1,-1,-1,-1,-1,-1,-1,-1,-1,-1,-1,-1,-1,-1,-1,
1765570220761,InferenceEngine,4983896139603681267,inference_done,1765570220267,-1,-1,-1,-1,-1,7,300,300,33.3,-1,-1,-1,-1,-1,-1,-1,-1,-1,-1,-1,-1,-1,-1,-1,
1765570220809,InferenceEngine,4983896139603681267,inference_done,1765570220311,-1,-1,-1,-1,-1,7,300,300,33.8,-1,-1,-1,-1,-1,-1,-1,-1,-1,-1,-1,-1,-1,-1,-1,
1765570220846,InferenceEngine,4983896139603681267,inference_done,1765570220356,-1,-1,-1,-1,-1,7,300,300,33.3,-1,-1,-1,-1,-1,-1,-1,-1,-1,-1,-1,-1,-1,-1,-1,
1765570220895,InferenceEngine,4983896139603681267,inference_done,1765570220400,-1,-1,-1,-1,-1,7,300,300,33.55,-1,-1,-1,-1,-1,-1,-1,-1,-1,-1,-1,-1,-1,-1,-1,
1765570220933,InferenceEngine,4983896139603681267,inference_done,1765570220442,-1,-1,-1,-1,-1,8,300,300,33.3,-1,-1,-1,-1,-1,-1,-1,-1,-1,-1,-1,-1,-1,-1,-1,
1765570220982,InferenceEngine,4983896139603681267,inference_done,1765570220486,-1,-1,-1,-1,-1,7,300,300,33.3,-1,-1,-1,-1,-1,-1,-1,-1,-1,-1,-1,-1,-1,-1,-1,
1765570221021,InferenceEngine,4983896139603681267,inference_done,1765570220531,-1,-1,-1,-1,-1,8,300,300,33.55,-1,-1,-1,-1,-1,-1,-1,-1,-1,-1,-1,-1,-1,-1,-1,
1765570221070,InferenceEngine,4983896139603681267,inference_done,1765570220575,-1,-1,-1,-1,-1,7,300,300,33.55,-1,-1,-1,-1,-1,-1,-1,-1,-1,-1,-1,-1,-1,-1,-1,
1765570221110,InferenceEngine,4983896139603681267,inference_done,1765570220617,-1,-1,-1,-1,-1,9,300,300,33.55,-1,-1,-1,-1,-1,-1,-1,-1,-1,-1,-1,-1,-1,-1,-1,
1765570221159,InferenceEngine,4983896139603681267,inference_done,1765570220661,-1,-1,-1,-1,-1,7,300,300,33.3,-1,-1,-1,-1,-1,-1,-1,-1,-1,-1,-1,-1,-1,-1,-1,
1765570221198,InferenceEngine,4983896139603681267,inference_done,1765570220705,-1,-1,-1,-1,-1,8,300,300,33.3,-1,-1,-1,-1,-1,-1,-1,-1,-1,-1,-1,-1,-1,-1,-1,
1765570221246,InferenceEngine,4983896139603681267,inference_done,1765570220750,-1,-1,-1,-1,-1,7,300,300,33.55,-1,-1,-1,-1,-1,-1,-1,-1,-1,-1,-1,-1,-1,-1,-1,
1765570221285,InferenceEngine,4983896139603681267,inference_done,1765570220792,-1,-1,-1,-1,-1,8,300,300,33.05,-1,-1,-1,-1,-1,-1,-1,-1,-1,-1,-1,-1,-1,-1,-1,
1765570221335,InferenceEngine,4983896139603681267,inference_done,1765570220836,-1,-1,-1,-1,-1,7,300,300,33.55,-1,-1,-1,-1,-1,-1,-1,-1,-1,-1,-1,-1,-1,-1,-1,
1765570221374,InferenceEngine,4983896139603681267,inference_done,1765570220880,-1,-1,-1,-1,-1,8,300,300,33.3,-1,-1,-1,-1,-1,-1,-1,-1,-1,-1,-1,-1,-1,-1,-1,
1765570221422,InferenceEngine,4983896139603681267,inference_done,1765570220925,-1,-1,-1,-1,-1,7,300,300,33.55,-1,-1,-1,-1,-1,-1,-1,-1,-1,-1,-1,-1,-1,-1,-1,
1765570221461,InferenceEngine,4983896139603681267,inference_done,1765570220967,-1,-1,-1,-1,-1,8,300,300,33.3,-1,-1,-1,-1,-1,-1,-1,-1,-1,-1,-1,-1,-1,-1,-1,
1765570221510,InferenceEngine,4983896139603681267,inference_done,1765570221011,-1,-1,-1,-1,-1,7,300,300,33.55,-1,-1,-1,-1,-1,-1,-1,-1,-1,-1,-1,-1,-1,-1,-1,
1765570221549,InferenceEngine,4983896139603681267,inference_done,1765570221055,-1,-1,-1,-1,-1,8,300,300,33.3,-1,-1,-1,-1,-1,-1,-1,-1,-1,-1,-1,-1,-1,-1,-1,
1765570221597,InferenceEngine,4983896139603681267,inference_done,1765570221099,-1,-1,-1,-1,-1,7,300,300,33.55,-1,-1,-1,-1,-1,-1,-1,-1,-1,-1,-1,-1,-1,-1,-1,
1765570221636,InferenceEngine,4983896139603681267,inference_done,1765570221142,-1,-1,-1,-1,-1,8,300,300,33.55,-1,-1,-1,-1,-1,-1,-1,-1,-1,-1,-1,-1,-1,-1,-1,
1765570221685,InferenceEngine,4983896139603681267,inference_done,1765570221186,-1,-1,-1,-1,-1,7,300,300,33.55,-1,-1,-1,-1,-1,-1,-1,-1,-1,-1,-1,-1,-1,-1,-1,
1765570221723,InferenceEngine,4983896139603681267,inference_done,1765570221230,-1,-1,-1,-1,-1,8,300,300,33.3,-1,-1,-1,-1,-1,-1,-1,-1,-1,-1,-1,-1,-1,-1,-1,
1765570221772,InferenceEngine,4983896139603681267,inference_done,1765570221274,-1,-1,-1,-1,-1,7,300,300,33.55,-1,-1,-1,-1,-1,-1,-1,-1,-1,-1,-1,-1,-1,-1,-1,
1765570221810,InferenceEngine,4983896139603681267,inference_done,1765570221317,-1,-1,-1,-1,-1,7,300,300,33.3,-1,-1,-1,-1,-1,-1,-1,-1,-1,-1,-1,-1,-1,-1,-1,
1765570221859,InferenceEngine,4983896139603681267,inference_done,1765570221361,-1,-1,-1,-1,-1,8,300,300,33.55,-1,-1,-1,-1,-1,-1,-1,-1,-1,-1,-1,-1,-1,-1,-1,
1765570221898,InferenceEngine,4983896139603681267,inference_done,1765570221405,-1,-1,-1,-1,-1,8,300,300,33.55,-1,-1,-1,-1,-1,-1,-1,-1,-1,-1,-1,-1,-1,-1,-1,
1765570221946,InferenceEngine,4983896139603681267,inference_done,1765570221449,-1,-1,-1,-1,-1,7,300,300,33.55,-1,-1,-1,-1,-1,-1,-1,-1,-1,-1,-1,-1,-1,-1,-1,
1765570221985,InferenceEngine,4983896139603681267,inference_done,1765570221492,-1,-1,-1,-1,-1,8,300,300,33.55,-1,-1,-1,-1,-1,-1,-1,-1,-1,-1,-1,-1,-1,-1,-1,
1765570222033,InferenceEngine,4983896139603681267,inference_done,1765570221536,-1,-1,-1,-1,-1,7,300,300,33.55,-1,-1,-1,-1,-1,-1,-1,-1,-1,-1,-1,-1,-1,-1,-1,
1765570222073,InferenceEngine,4983896139603681267,inference_done,1765570221580,-1,-1,-1,-1,-1,8,300,300,33.3,-1,-1,-1,-1,-1,-1,-1,-1,-1,-1,-1,-1,-1,-1,-1,
1765570222121,InferenceEngine,4983896139603681267,inference_done,1765570221623,-1,-1,-1,-1,-1,7,300,300,33.55,-1,-1,-1,-1,-1,-1,-1,-1,-1,-1,-1,-1,-1,-1,-1,
1765570222159,InferenceEngine,4983896139603681267,inference_done,1765570221668,-1,-1,-1,-1,-1,8,300,300,33.55,-1,-1,-1,-1,-1,-1,-1,-1,-1,-1,-1,-1,-1,-1,-1,
1765570222207,InferenceEngine,4983896139603681267,inference_done,1765570221711,-1,-1,-1,-1,-1,7,300,300,33.55,-1,-1,-1,-1,-1,-1,-1,-1,-1,-1,-1,-1,-1,-1,-1,
1765570222245,InferenceEngine,4983896139603681267,inference_done,1765570221755,-1,-1,-1,-1,-1,7,300,300,33.55,-1,-1,-1,-1,-1,-1,-1,-1,-1,-1,-1,-1,-1,-1,-1,
1765570222294,InferenceEngine,4983896139603681267,inference_done,1765570221798,-1,-1,-1,-1,-1,7,300,300,33.55,-1,-1,-1,-1,-1,-1,-1,-1,-1,-1,-1,-1,-1,-1,-1,
1765570222331,InferenceEngine,4983896139603681267,inference_done,1765570221842,-1,-1,-1,-1,-1,7,300,300,33.55,-1,-1,-1,-1,-1,-1,-1,-1,-1,-1,-1,-1,-1,-1,-1,
1765570222380,InferenceEngine,4983896139603681267,inference_done,1765570221886,-1,-1,-1,-1,-1,8,300,300,33.3,-1,-1,-1,-1,-1,-1,-1,-1,-1,-1,-1,-1,-1,-1,-1,
1765570222428,InferenceEngine,4983896139603681267,inference_done,1765570221930,-1,-1,-1,-1,-1,7,300,300,33.55,-1,-1,-1,-1,-1,-1,-1,-1,-1,-1,-1,-1,-1,-1,-1,
1765570222467,InferenceEngine,4983896139603681267,inference_done,1765570221973,-1,-1,-1,-1,-1,8,300,300,33.55,-1,-1,-1,-1,-1,-1,-1,-1,-1,-1,-1,-1,-1,-1,-1,
1765570222515,InferenceEngine,4983896139603681267,inference_done,1765570222017,-1,-1,-1,-1,-1,7,300,300,33.55,-1,-1,-1,-1,-1,-1,-1,-1,-1,-1,-1,-1,-1,-1,-1,
1765570222554,InferenceEngine,4983896139603681267,inference_done,1765570222061,-1,-1,-1,-1,-1,8,300,300,33.3,-1,-1,-1,-1,-1,-1,-1,-1,-1,-1,-1,-1,-1,-1,-1,
1765570222603,InferenceEngine,4983896139603681267,inference_done,1765570222105,-1,-1,-1,-1,-1,7,300,300,33.55,-1,-1,-1,-1,-1,-1,-1,-1,-1,-1,-1,-1,-1,-1,-1,
1765570222642,InferenceEngine,4983896139603681267,inference_done,1765570222149,-1,-1,-1,-1,-1,8,300,300,33.55,-1,-1,-1,-1,-1,-1,-1,-1,-1,-1,-1,-1,-1,-1,-1,
1765570222690,InferenceEngine,4983896139603681267,inference_done,1765570222192,-1,-1,-1,-1,-1,7,300,300,33.8,-1,-1,-1,-1,-1,-1,-1,-1,-1,-1,-1,-1,-1,-1,-1,
1765570222729,InferenceEngine,4983896139603681267,inference_done,1765570222237,-1,-1,-1,-1,-1,8,300,300,33.55,-1,-1,-1,-1,-1,-1,-1,-1,-1,-1,-1,-1,-1,-1,-1,
1765570222778,InferenceEngine,4983896139603681267,inference_done,1765570222280,-1,-1,-1,-1,-1,8,300,300,33.55,-1,-1,-1,-1,-1,-1,-1,-1,-1,-1,-1,-1,-1,-1,-1,
1765570222816,InferenceEngine,4983896139603681267,inference_done,1765570222323,-1,-1,-1,-1,-1,7,300,300,33.3,-1,-1,-1,-1,-1,-1,-1,-1,-1,-1,-1,-1,-1,-1,-1,
1765570222864,InferenceEngine,4983896139603681267,inference_done,1765570222367,-1,-1,-1,-1,-1,7,300,300,33.55,-1,-1,-1,-1,-1,-1,-1,-1,-1,-1,-1,-1,-1,-1,-1,
1765570222902,InferenceEngine,4983896139603681267,inference_done,1765570222412,-1,-1,-1,-1,-1,7,300,300,33.55,-1,-1,-1,-1,-1,-1,-1,-1,-1,-1,-1,-1,-1,-1,-1,
1765570222951,InferenceEngine,4983896139603681267,inference_done,1765570222455,-1,-1,-1,-1,-1,7,300,300,33.3,-1,-1,-1,-1,-1,-1,-1,-1,-1,-1,-1,-1,-1,-1,-1,
1765570222999,InferenceEngine,4983896139603681267,inference_done,1765570222498,-1,-1,-1,-1,-1,7,300,300,33.55,-1,-1,-1,-1,-1,-1,-1,-1,-1,-1,-1,-1,-1,-1,-1,
1765570223037,InferenceEngine,4983896139603681267,inference_done,1765570222542,-1,-1,-1,-1,-1,7,300,300,33.55,-1,-1,-1,-1,-1,-1,-1,-1,-1,-1,-1,-1,-1,-1,-1,
1765570223085,InferenceEngine,4983896139603681267,inference_done,1765570222587,-1,-1,-1,-1,-1,7,300,300,33.3,-1,-1,-1,-1,-1,-1,-1,-1,-1,-1,-1,-1,-1,-1,-1,
1765570223123,InferenceEngine,4983896139603681267,inference_done,1765570222630,-1,-1,-1,-1,-1,7,300,300,33.55,-1,-1,-1,-1,-1,-1,-1,-1,-1,-1,-1,-1,-1,-1,-1,
1765570223171,InferenceEngine,4983896139603681267,inference_done,1765570222673,-1,-1,-1,-1,-1,7,300,300,33.3,-1,-1,-1,-1,-1,-1,-1,-1,-1,-1,-1,-1,-1,-1,-1,
1765570223209,InferenceEngine,4983896139603681267,inference_done,1765570222718,-1,-1,-1,-1,-1,7,300,300,33.3,-1,-1,-1,-1,-1,-1,-1,-1,-1,-1,-1,-1,-1,-1,-1,
1765570223257,InferenceEngine,4983896139603681267,inference_done,1765570222762,-1,-1,-1,-1,-1,8,300,300,33.55,-1,-1,-1,-1,-1,-1,-1,-1,-1,-1,-1,-1,-1,-1,-1,
1765570223295,InferenceEngine,4983896139603681267,inference_done,1765570222805,-1,-1,-1,-1,-1,7,300,300,33.55,-1,-1,-1,-1,-1,-1,-1,-1,-1,-1,-1,-1,-1,-1,-1,
1765570223344,InferenceEngine,4983896139603681267,inference_done,1765570222848,-1,-1,-1,-1,-1,8,300,300,33.3,-1,-1,-1,-1,-1,-1,-1,-1,-1,-1,-1,-1,-1,-1,-1,
1765570223383,InferenceEngine,4983896139603681267,inference_done,1765570222892,-1,-1,-1,-1,-1,7,300,300,33.55,-1,-1,-1,-1,-1,-1,-1,-1,-1,-1,-1,-1,-1,-1,-1,
1765570223432,InferenceEngine,4983896139603681267,inference_done,1765570222937,-1,-1,-1,-1,-1,8,300,300,33.05,-1,-1,-1,-1,-1,-1,-1,-1,-1,-1,-1,-1,-1,-1,-1,
1765570223480,InferenceEngine,4983896139603681267,inference_done,1765570222980,-1,-1,-1,-1,-1,7,300,300,33.55,-1,-1,-1,-1,-1,-1,-1,-1,-1,-1,-1,-1,-1,-1,-1,
1765570223519,InferenceEngine,4983896139603681267,inference_done,1765570223023,-1,-1,-1,-1,-1,8,300,300,33.55,-1,-1,-1,-1,-1,-1,-1,-1,-1,-1,-1,-1,-1,-1,-1,
1765570223567,InferenceEngine,4983896139603681267,inference_done,1765570223068,-1,-1,-1,-1,-1,7,300,300,33.55,-1,-1,-1,-1,-1,-1,-1,-1,-1,-1,-1,-1,-1,-1,-1,
1765570223605,InferenceEngine,4983896139603681267,inference_done,1765570223112,-1,-1,-1,-1,-1,7,300,300,33.3,-1,-1,-1,-1,-1,-1,-1,-1,-1,-1,-1,-1,-1,-1,-1,
1765570223654,InferenceEngine,4983896139603681267,inference_done,1765570223154,-1,-1,-1,-1,-1,7,300,300,33.55,-1,-1,-1,-1,-1,-1,-1,-1,-1,-1,-1,-1,-1,-1,-1,
1765570223693,InferenceEngine,4983896139603681267,inference_done,1765570223198,-1,-1,-1,-1,-1,7,300,300,33.8,-1,-1,-1,-1,-1,-1,-1,-1,-1,-1,-1,-1,-1,-1,-1,
1765570223741,InferenceEngine,4983896139603681267,inference_done,1765570223242,-1,-1,-1,-1,-1,7,300,300,33.05,-1,-1,-1,-1,-1,-1,-1,-1,-1,-1,-1,-1,-1,-1,-1,
1765570223779,InferenceEngine,4983896139603681267,inference_done,1765570223286,-1,-1,-1,-1,-1,8,300,300,33.3,-1,-1,-1,-1,-1,-1,-1,-1,-1,-1,-1,-1,-1,-1,-1,
1765570223828,InferenceEngine,4983896139603681267,inference_done,1765570223329,-1,-1,-1,-1,-1,7,300,300,33.55,-1,-1,-1,-1,-1,-1,-1,-1,-1,-1,-1,-1,-1,-1,-1,
1765570223866,InferenceEngine,4983896139603681267,inference_done,1765570223373,-1,-1,-1,-1,-1,7,300,300,33.55,-1,-1,-1,-1,-1,-1,-1,-1,-1,-1,-1,-1,-1,-1,-1,
1765570223915,InferenceEngine,4983896139603681267,inference_done,1765570223418,-1,-1,-1,-1,-1,7,300,300,33.3,-1,-1,-1,-1,-1,-1,-1,-1,-1,-1,-1,-1,-1,-1,-1,
1765570223954,InferenceEngine,4983896139603681267,inference_done,1765570223462,-1,-1,-1,-1,-1,8,300,300,33.55,-1,-1,-1,-1,-1,-1,-1,-1,-1,-1,-1,-1,-1,-1,-1,
1765570224002,InferenceEngine,4983896139603681267,inference_done,1765570223504,-1,-1,-1,-1,-1,7,300,300,33.55,-1,-1,-1,-1,-1,-1,-1,-1,-1,-1,-1,-1,-1,-1,-1,
1765570224041,InferenceEngine,4983896139603681267,inference_done,1765570223548,-1,-1,-1,-1,-1,8,300,300,33.55,-1,-1,-1,-1,-1,-1,-1,-1,-1,-1,-1,-1,-1,-1,-1,
1765570224090,InferenceEngine,4983896139603681267,inference_done,1765570223592,-1,-1,-1,-1,-1,7,300,300,33.55,-1,-1,-1,-1,-1,-1,-1,-1,-1,-1,-1,-1,-1,-1,-1,
1765570224129,InferenceEngine,4983896139603681267,inference_done,1765570223637,-1,-1,-1,-1,-1,8,300,300,33.55,-1,-1,-1,-1,-1,-1,-1,-1,-1,-1,-1,-1,-1,-1,-1,
1765570224178,InferenceEngine,4983896139603681267,inference_done,1765570223679,-1,-1,-1,-1,-1,7,300,300,33.55,-1,-1,-1,-1,-1,-1,-1,-1,-1,-1,-1,-1,-1,-1,-1,
1765570224217,InferenceEngine,4983896139603681267,inference_done,1765570223723,-1,-1,-1,-1,-1,8,300,300,33.55,-1,-1,-1,-1,-1,-1,-1,-1,-1,-1,-1,-1,-1,-1,-1,
1765570224265,InferenceEngine,4983896139603681267,inference_done,1765570223768,-1,-1,-1,-1,-1,7,300,300,33.55,-1,-1,-1,-1,-1,-1,-1,-1,-1,-1,-1,-1,-1,-1,-1,
1765570224304,InferenceEngine,4983896139603681267,inference_done,1765570223811,-1,-1,-1,-1,-1,8,300,300,33.55,-1,-1,-1,-1,-1,-1,-1,-1,-1,-1,-1,-1,-1,-1,-1,
1765570224353,InferenceEngine,4983896139603681267,inference_done,1765570223854,-1,-1,-1,-1,-1,7,300,300,33.55,-1,-1,-1,-1,-1,-1,-1,-1,-1,-1,-1,-1,-1,-1,-1,
1765570224391,InferenceEngine,4983896139603681267,inference_done,1765570223898,-1,-1,-1,-1,-1,8,300,300,33.55,-1,-1,-1,-1,-1,-1,-1,-1,-1,-1,-1,-1,-1,-1,-1,
1765570224439,InferenceEngine,4983896139603681267,inference_done,1765570223943,-1,-1,-1,-1,-1,7,300,300,33.05,-1,-1,-1,-1,-1,-1,-1,-1,-1,-1,-1,-1,-1,-1,-1,
1765570224477,InferenceEngine,4983896139603681267,inference_done,1765570223987,-1,-1,-1,-1,-1,7,300,300,33.05,-1,-1,-1,-1,-1,-1,-1,-1,-1,-1,-1,-1,-1,-1,-1,
1765570224525,InferenceEngine,4983896139603681267,inference_done,1765570224029,-1,-1,-1,-1,-1,7,300,300,33.55,-1,-1,-1,-1,-1,-1,-1,-1,-1,-1,-1,-1,-1,-1,-1,
1765570224573,InferenceEngine,4983896139603681267,inference_done,1765570224073,-1,-1,-1,-1,-1,7,300,300,33.55,-1,-1,-1,-1,-1,-1,-1,-1,-1,-1,-1,-1,-1,-1,-1,
1765570224612,InferenceEngine,4983896139603681267,inference_done,1765570224118,-1,-1,-1,-1,-1,7,300,300,33.3,-1,-1,-1,-1,-1,-1,-1,-1,-1,-1,-1,-1,-1,-1,-1,
1765570224661,InferenceEngine,4983896139603681267,inference_done,1765570224162,-1,-1,-1,-1,-1,7,300,300,33.05,-1,-1,-1,-1,-1,-1,-1,-1,-1,-1,-1,-1,-1,-1,-1,
1765570224699,InferenceEngine,4983896139603681267,inference_done,1765570224205,-1,-1,-1,-1,-1,7,300,300,33.3,-1,-1,-1,-1,-1,-1,-1,-1,-1,-1,-1,-1,-1,-1,-1,
1765570224747,InferenceEngine,4983896139603681267,inference_done,1765570224248,-1,-1,-1,-1,-1,7,300,300,33.3,-1,-1,-1,-1,-1,-1,-1,-1,-1,-1,-1,-1,-1,-1,-1,
1765570224785,InferenceEngine,4983896139603681267,inference_done,1765570224292,-1,-1,-1,-1,-1,7,300,300,33.55,-1,-1,-1,-1,-1,-1,-1,-1,-1,-1,-1,-1,-1,-1,-1,
1765570224833,InferenceEngine,4983896139603681267,inference_done,1765570224336,-1,-1,-1,-1,-1,7,300,300,33.55,-1,-1,-1,-1,-1,-1,-1,-1,-1,-1,-1,-1,-1,-1,-1,
1765570224872,InferenceEngine,4983896139603681267,inference_done,1765570224380,-1,-1,-1,-1,-1,8,300,300,33.55,-1,-1,-1,-1,-1,-1,-1,-1,-1,-1,-1,-1,-1,-1,-1,
1765570224921,InferenceEngine,4983896139603681267,inference_done,1765570224424,-1,-1,-1,-1,-1,7,300,300,33.55,-1,-1,-1,-1,-1,-1,-1,-1,-1,-1,-1,-1,-1,-1,-1,
1765570224959,InferenceEngine,4983896139603681267,inference_done,1765570224467,-1,-1,-1,-1,-1,7,300,300,33.55,-1,-1,-1,-1,-1,-1,-1,-1,-1,-1,-1,-1,-1,-1,-1,
1765570225007,InferenceEngine,4983896139603681267,inference_done,1765570224511,-1,-1,-1,-1,-1,7,300,300,33.55,-1,-1,-1,-1,-1,-1,-1,-1,-1,-1,-1,-1,-1,-1,-1,
1765570225045,InferenceEngine,4983896139603681267,inference_done,1765570224554,-1,-1,-1,-1,-1,7,300,300,33.55,-1,-1,-1,-1,-1,-1,-1,-1,-1,-1,-1,-1,-1,-1,-1,
1765570225093,InferenceEngine,4983896139603681267,inference_done,1765570224599,-1,-1,-1,-1,-1,7,300,300,33.55,-1,-1,-1,-1,-1,-1,-1,-1,-1,-1,-1,-1,-1,-1,-1,
1765570225131,InferenceEngine,4983896139603681267,inference_done,1765570224642,-1,-1,-1,-1,-1,7,300,300,33.55,-1,-1,-1,-1,-1,-1,-1,-1,-1,-1,-1,-1,-1,-1,-1,
1765570225179,InferenceEngine,4983896139603681267,inference_done,1765570224686,-1,-1,-1,-1,-1,7,300,300,33.8,-1,-1,-1,-1,-1,-1,-1,-1,-1,-1,-1,-1,-1,-1,-1,
1765570225226,InferenceEngine,4983896139603681267,inference_done,1765570224730,-1,-1,-1,-1,-1,7,300,300,33.55,-1,-1,-1,-1,-1,-1,-1,-1,-1,-1,-1,-1,-1,-1,-1,
1765570225264,InferenceEngine,4983896139603681267,inference_done,1765570224774,-1,-1,-1,-1,-1,7,300,300,33.55,-1,-1,-1,-1,-1,-1,-1,-1,-1,-1,-1,-1,-1,-1,-1,
1765570225311,InferenceEngine,4983896139603681267,inference_done,1765570224817,-1,-1,-1,-1,-1,7,300,300,33.55,-1,-1,-1,-1,-1,-1,-1,-1,-1,-1,-1,-1,-1,-1,-1,
1765570225359,InferenceEngine,4983896139603681267,inference_done,1765570224860,-1,-1,-1,-1,-1,7,300,300,33.55,-1,-1,-1,-1,-1,-1,-1,-1,-1,-1,-1,-1,-1,-1,-1,
1765570225396,InferenceEngine,4983896139603681267,inference_done,1765570224905,-1,-1,-1,-1,-1,7,300,300,33.3,-1,-1,-1,-1,-1,-1,-1,-1,-1,-1,-1,-1,-1,-1,-1,
1765570225444,InferenceEngine,4983896139603681267,inference_done,1765570224949,-1,-1,-1,-1,-1,7,300,300,33.3,-1,-1,-1,-1,-1,-1,-1,-1,-1,-1,-1,-1,-1,-1,-1,
1765570225482,InferenceEngine,4983896139603681267,inference_done,1765570224992,-1,-1,-1,-1,-1,7,300,300,33.3,-1,-1,-1,-1,-1,-1,-1,-1,-1,-1,-1,-1,-1,-1,-1,
1765570225530,InferenceEngine,4983896139603681267,inference_done,1765570225035,-1,-1,-1,-1,-1,7,300,300,33.3,-1,-1,-1,-1,-1,-1,-1,-1,-1,-1,-1,-1,-1,-1,-1,
1765570225578,InferenceEngine,4983896139603681267,inference_done,1765570225079,-1,-1,-1,-1,-1,7,300,300,33.55,-1,-1,-1,-1,-1,-1,-1,-1,-1,-1,-1,-1,-1,-1,-1,
1765570225616,InferenceEngine,4983896139603681267,inference_done,1765570225124,-1,-1,-1,-1,-1,7,300,300,33.3,-1,-1,-1,-1,-1,-1,-1,-1,-1,-1,-1,-1,-1,-1,-1,
1765570225663,InferenceEngine,4983896139603681267,inference_done,1765570225167,-1,-1,-1,-1,-1,7,300,300,33.55,-1,-1,-1,-1,-1,-1,-1,-1,-1,-1,-1,-1,-1,-1,-1,
1765570225701,InferenceEngine,4983896139603681267,inference_done,1765570225210,-1,-1,-1,-1,-1,7,300,300,33.55,-1,-1,-1,-1,-1,-1,-1,-1,-1,-1,-1,-1,-1,-1,-1,
1765570225749,InferenceEngine,4983896139603681267,inference_done,1765570225254,-1,-1,-1,-1,-1,7,300,300,33.55,-1,-1,-1,-1,-1,-1,-1,-1,-1,-1,-1,-1,-1,-1,-1,
1765570225798,InferenceEngine,4983896139603681267,inference_done,1765570225299,-1,-1,-1,-1,-1,7,300,300,33.3,-1,-1,-1,-1,-1,-1,-1,-1,-1,-1,-1,-1,-1,-1,-1,
1765570225836,InferenceEngine,4983896139603681267,inference_done,1765570225342,-1,-1,-1,-1,-1,7,300,300,33.3,-1,-1,-1,-1,-1,-1,-1,-1,-1,-1,-1,-1,-1,-1,-1,
1765570225884,InferenceEngine,4983896139603681267,inference_done,1765570225385,-1,-1,-1,-1,-1,7,300,300,33.55,-1,-1,-1,-1,-1,-1,-1,-1,-1,-1,-1,-1,-1,-1,-1,
1765570225921,InferenceEngine,4983896139603681267,inference_done,1765570225429,-1,-1,-1,-1,-1,7,300,300,33.8,-1,-1,-1,-1,-1,-1,-1,-1,-1,-1,-1,-1,-1,-1,-1,
1765570225969,InferenceEngine,4983896139603681267,inference_done,1765570225473,-1,-1,-1,-1,-1,7,300,300,33.55,-1,-1,-1,-1,-1,-1,-1,-1,-1,-1,-1,-1,-1,-1,-1,
1765570226007,InferenceEngine,4983896139603681267,inference_done,1765570225517,-1,-1,-1,-1,-1,7,300,300,33.55,-1,-1,-1,-1,-1,-1,-1,-1,-1,-1,-1,-1,-1,-1,-1,
1765570226055,InferenceEngine,4983896139603681267,inference_done,1765570225560,-1,-1,-1,-1,-1,7,300,300,33.3,-1,-1,-1,-1,-1,-1,-1,-1,-1,-1,-1,-1,-1,-1,-1,
1765570226103,InferenceEngine,4983896139603681267,inference_done,1765570225604,-1,-1,-1,-1,-1,7,300,300,33.55,-1,-1,-1,-1,-1,-1,-1,-1,-1,-1,-1,-1,-1,-1,-1,
1765570226141,InferenceEngine,4983896139603681267,inference_done,1765570225648,-1,-1,-1,-1,-1,7,300,300,33.55,-1,-1,-1,-1,-1,-1,-1,-1,-1,-1,-1,-1,-1,-1,-1,
1765570226188,InferenceEngine,4983896139603681267,inference_done,1765570225692,-1,-1,-1,-1,-1,7,300,300,33.55,-1,-1,-1,-1,-1,-1,-1,-1,-1,-1,-1,-1,-1,-1,-1,
1765570226227,InferenceEngine,4983896139603681267,inference_done,1765570225735,-1,-1,-1,-1,-1,7,300,300,33.55,-1,-1,-1,-1,-1,-1,-1,-1,-1,-1,-1,-1,-1,-1,-1,
1765570226275,InferenceEngine,4983896139603681267,inference_done,1765570225779,-1,-1,-1,-1,-1,7,300,300,33.55,-1,-1,-1,-1,-1,-1,-1,-1,-1,-1,-1,-1,-1,-1,-1,
1765570226312,InferenceEngine,4983896139603681267,inference_done,1765570225823,-1,-1,-1,-1,-1,7,300,300,33.8,-1,-1,-1,-1,-1,-1,-1,-1,-1,-1,-1,-1,-1,-1,-1,
1765570226360,InferenceEngine,4983896139603681267,inference_done,1765570225867,-1,-1,-1,-1,-1,7,300,300,33.55,-1,-1,-1,-1,-1,-1,-1,-1,-1,-1,-1,-1,-1,-1,-1,
1765570226407,InferenceEngine,4983896139603681267,inference_done,1765570225911,-1,-1,-1,-1,-1,7,300,300,33.3,-1,-1,-1,-1,-1,-1,-1,-1,-1,-1,-1,-1,-1,-1,-1,
1765570226445,InferenceEngine,4983896139603681267,inference_done,1765570225954,-1,-1,-1,-1,-1,7,300,300,33.3,-1,-1,-1,-1,-1,-1,-1,-1,-1,-1,-1,-1,-1,-1,-1,
1765570226494,InferenceEngine,4983896139603681267,inference_done,1765570225998,-1,-1,-1,-1,-1,7,300,300,33.55,-1,-1,-1,-1,-1,-1,-1,-1,-1,-1,-1,-1,-1,-1,-1,
1765570226532,InferenceEngine,4983896139603681267,inference_done,1765570226042,-1,-1,-1,-1,-1,7,300,300,33.3,-1,-1,-1,-1,-1,-1,-1,-1,-1,-1,-1,-1,-1,-1,-1,
1765570226580,InferenceEngine,4983896139603681267,inference_done,1765570226085,-1,-1,-1,-1,-1,7,300,300,33.3,-1,-1,-1,-1,-1,-1,-1,-1,-1,-1,-1,-1,-1,-1,-1,
1765570226628,InferenceEngine,4983896139603681267,inference_done,1765570226129,-1,-1,-1,-1,-1,7,300,300,33.3,-1,-1,-1,-1,-1,-1,-1,-1,-1,-1,-1,-1,-1,-1,-1,
1765570226667,InferenceEngine,4983896139603681267,inference_done,1765570226173,-1,-1,-1,-1,-1,8,300,300,33.3,-1,-1,-1,-1,-1,-1,-1,-1,-1,-1,-1,-1,-1,-1,-1,
1765570226715,InferenceEngine,4983896139603681267,inference_done,1765570226217,-1,-1,-1,-1,-1,7,300,300,33.55,-1,-1,-1,-1,-1,-1,-1,-1,-1,-1,-1,-1,-1,-1,-1,
1765570226753,InferenceEngine,4983896139603681267,inference_done,1765570226260,-1,-1,-1,-1,-1,7,300,300,33.3,-1,-1,-1,-1,-1,-1,-1,-1,-1,-1,-1,-1,-1,-1,-1,
1765570226801,InferenceEngine,4983896139603681267,inference_done,1765570226304,-1,-1,-1,-1,-1,7,300,300,33.8,-1,-1,-1,-1,-1,-1,-1,-1,-1,-1,-1,-1,-1,-1,-1,
1765570226840,InferenceEngine,4983896139603681267,inference_done,1765570226348,-1,-1,-1,-1,-1,7,300,300,33.55,-1,-1,-1,-1,-1,-1,-1,-1,-1,-1,-1,-1,-1,-1,-1,
1765570226887,InferenceEngine,4983896139603681267,inference_done,1765570226391,-1,-1,-1,-1,-1,7,300,300,33.55,-1,-1,-1,-1,-1,-1,-1,-1,-1,-1,-1,-1,-1,-1,-1,
1765570226926,InferenceEngine,4983896139603681267,inference_done,1765570226435,-1,-1,-1,-1,-1,8,300,300,33.55,-1,-1,-1,-1,-1,-1,-1,-1,-1,-1,-1,-1,-1,-1,-1,
1765570226975,InferenceEngine,4983896139603681267,inference_done,1765570226479,-1,-1,-1,-1,-1,7,300,300,33.55,-1,-1,-1,-1,-1,-1,-1,-1,-1,-1,-1,-1,-1,-1,-1,
1765570227023,InferenceEngine,4983896139603681267,inference_done,1765570226523,-1,-1,-1,-1,-1,7,300,300,33.3,-1,-1,-1,-1,-1,-1,-1,-1,-1,-1,-1,-1,-1,-1,-1,
1765570227061,InferenceEngine,4983896139603681267,inference_done,1765570226566,-1,-1,-1,-1,-1,8,300,300,33.55,-1,-1,-1,-1,-1,-1,-1,-1,-1,-1,-1,-1,-1,-1,-1,
1765570227109,InferenceEngine,4983896139603681267,inference_done,1765570226610,-1,-1,-1,-1,-1,7,300,300,33.55,-1,-1,-1,-1,-1,-1,-1,-1,-1,-1,-1,-1,-1,-1,-1,
1765570227148,InferenceEngine,4983896139603681267,inference_done,1765570226654,-1,-1,-1,-1,-1,7,300,300,33.55,-1,-1,-1,-1,-1,-1,-1,-1,-1,-1,-1,-1,-1,-1,-1,
1765570227196,InferenceEngine,4983896139603681267,inference_done,1765570226698,-1,-1,-1,-1,-1,7,300,300,33.55,-1,-1,-1,-1,-1,-1,-1,-1,-1,-1,-1,-1,-1,-1,-1,
1765570227233,InferenceEngine,4983896139603681267,inference_done,1765570226741,-1,-1,-1,-1,-1,7,300,300,33.55,-1,-1,-1,-1,-1,-1,-1,-1,-1,-1,-1,-1,-1,-1,-1,
1765570227282,InferenceEngine,4983896139603681267,inference_done,1765570226786,-1,-1,-1,-1,-1,7,300,300,33.55,-1,-1,-1,-1,-1,-1,-1,-1,-1,-1,-1,-1,-1,-1,-1,
1765570227320,InferenceEngine,4983896139603681267,inference_done,1765570226829,-1,-1,-1,-1,-1,7,300,300,33.55,-1,-1,-1,-1,-1,-1,-1,-1,-1,-1,-1,-1,-1,-1,-1,
1765570227368,InferenceEngine,4983896139603681267,inference_done,1765570226873,-1,-1,-1,-1,-1,7,300,300,33.55,-1,-1,-1,-1,-1,-1,-1,-1,-1,-1,-1,-1,-1,-1,-1,
1765570227406,InferenceEngine,4983896139603681267,inference_done,1765570226917,-1,-1,-1,-1,-1,7,300,300,33.55,-1,-1,-1,-1,-1,-1,-1,-1,-1,-1,-1,-1,-1,-1,-1,
1765570227454,InferenceEngine,4983896139603681267,inference_done,1765570226961,-1,-1,-1,-1,-1,7,300,300,33.55,-1,-1,-1,-1,-1,-1,-1,-1,-1,-1,-1,-1,-1,-1,-1,
1765570227502,InferenceEngine,4983896139603681267,inference_done,1765570227004,-1,-1,-1,-1,-1,7,300,300,33.55,-1,-1,-1,-1,-1,-1,-1,-1,-1,-1,-1,-1,-1,-1,-1,
1765570227540,InferenceEngine,4983896139603681267,inference_done,1765570227048,-1,-1,-1,-1,-1,7,300,300,34.05,-1,-1,-1,-1,-1,-1,-1,-1,-1,-1,-1,-1,-1,-1,-1,
1765570227587,InferenceEngine,4983896139603681267,inference_done,1765570227092,-1,-1,-1,-1,-1,7,300,300,33.55,-1,-1,-1,-1,-1,-1,-1,-1,-1,-1,-1,-1,-1,-1,-1,
1765570227635,InferenceEngine,4983896139603681267,inference_done,1765570227136,-1,-1,-1,-1,-1,7,300,300,33.8,-1,-1,-1,-1,-1,-1,-1,-1,-1,-1,-1,-1,-1,-1,-1,
1765570227673,InferenceEngine,4983896139603681267,inference_done,1765570227179,-1,-1,-1,-1,-1,7,300,300,33.55,-1,-1,-1,-1,-1,-1,-1,-1,-1,-1,-1,-1,-1,-1,-1,
1765570227721,InferenceEngine,4983896139603681267,inference_done,1765570227223,-1,-1,-1,-1,-1,7,300,300,33.55,-1,-1,-1,-1,-1,-1,-1,-1,-1,-1,-1,-1,-1,-1,-1,
1765570227759,InferenceEngine,4983896139603681267,inference_done,1765570227267,-1,-1,-1,-1,-1,7,300,300,33.55,-1,-1,-1,-1,-1,-1,-1,-1,-1,-1,-1,-1,-1,-1,-1,
1765570227806,InferenceEngine,4983896139603681267,inference_done,1765570227310,-1,-1,-1,-1,-1,7,300,300,33.3,-1,-1,-1,-1,-1,-1,-1,-1,-1,-1,-1,-1,-1,-1,-1,
1765570227854,InferenceEngine,4983896139603681267,inference_done,1765570227354,-1,-1,-1,-1,-1,7,300,300,33.3,-1,-1,-1,-1,-1,-1,-1,-1,-1,-1,-1,-1,-1,-1,-1,
1765570227892,InferenceEngine,4983896139603681267,inference_done,1765570227398,-1,-1,-1,-1,-1,7,300,300,33.55,-1,-1,-1,-1,-1,-1,-1,-1,-1,-1,-1,-1,-1,-1,-1,
1765570227939,InferenceEngine,4983896139603681267,inference_done,1765570227442,-1,-1,-1,-1,-1,7,300,300,33.8,-1,-1,-1,-1,-1,-1,-1,-1,-1,-1,-1,-1,-1,-1,-1,
1765570227977,InferenceEngine,4983896139603681267,inference_done,1765570227486,-1,-1,-1,-1,-1,7,300,300,33.3,-1,-1,-1,-1,-1,-1,-1,-1,-1,-1,-1,-1,-1,-1,-1,
1765570228025,InferenceEngine,4983896139603681267,inference_done,1765570227529,-1,-1,-1,-1,-1,7,300,300,33.3,-1,-1,-1,-1,-1,-1,-1,-1,-1,-1,-1,-1,-1,-1,-1,
1765570228063,InferenceEngine,4983896139603681267,inference_done,1765570227573,-1,-1,-1,-1,-1,7,300,300,33.55,-1,-1,-1,-1,-1,-1,-1,-1,-1,-1,-1,-1,-1,-1,-1,
1765570228110,InferenceEngine,4983896139603681267,inference_done,1765570227617,-1,-1,-1,-1,-1,7,300,300,33.55,-1,-1,-1,-1,-1,-1,-1,-1,-1,-1,-1,-1,-1,-1,-1,
1765570228158,InferenceEngine,4983896139603681267,inference_done,1765570227661,-1,-1,-1,-1,-1,7,300,300,33.55,-1,-1,-1,-1,-1,-1,-1,-1,-1,-1,-1,-1,-1,-1,-1,
1765570228196,InferenceEngine,4983896139603681267,inference_done,1765570227704,-1,-1,-1,-1,-1,7,300,300,33.3,-1,-1,-1,-1,-1,-1,-1,-1,-1,-1,-1,-1,-1,-1,-1,
1765570228244,InferenceEngine,4983896139603681267,inference_done,1765570227748,-1,-1,-1,-1,-1,7,300,300,33.8,-1,-1,-1,-1,-1,-1,-1,-1,-1,-1,-1,-1,-1,-1,-1,
1765570228281,InferenceEngine,4983896139603681267,inference_done,1765570227792,-1,-1,-1,-1,-1,6,300,300,33.3,-1,-1,-1,-1,-1,-1,-1,-1,-1,-1,-1,-1,-1,-1,-1,
1765570228329,InferenceEngine,4983896139603681267,inference_done,1765570227836,-1,-1,-1,-1,-1,7,300,300,33.55,-1,-1,-1,-1,-1,-1,-1,-1,-1,-1,-1,-1,-1,-1,-1,
1765570228376,InferenceEngine,4983896139603681267,inference_done,1765570227879,-1,-1,-1,-1,-1,7,300,300,33.8,-1,-1,-1,-1,-1,-1,-1,-1,-1,-1,-1,-1,-1,-1,-1,
1765570228413,InferenceEngine,4983896139603681267,inference_done,1765570227922,-1,-1,-1,-1,-1,6,300,300,33.55,-1,-1,-1,-1,-1,-1,-1,-1,-1,-1,-1,-1,-1,-1,-1,
1765570228461,InferenceEngine,4983896139603681267,inference_done,1765570227967,-1,-1,-1,-1,-1,7,300,300,33.8,-1,-1,-1,-1,-1,-1,-1,-1,-1,-1,-1,-1,-1,-1,-1,
1765570228509,InferenceEngine,4983896139603681267,inference_done,1765570228011,-1,-1,-1,-1,-1,7,300,300,33.55,-1,-1,-1,-1,-1,-1,-1,-1,-1,-1,-1,-1,-1,-1,-1,
1765570228547,InferenceEngine,4983896139603681267,inference_done,1765570228054,-1,-1,-1,-1,-1,7,300,300,33.8,-1,-1,-1,-1,-1,-1,-1,-1,-1,-1,-1,-1,-1,-1,-1,
1765570228595,InferenceEngine,4983896139603681267,inference_done,1765570228097,-1,-1,-1,-1,-1,7,300,300,33.55,-1,-1,-1,-1,-1,-1,-1,-1,-1,-1,-1,-1,-1,-1,-1,
1765570228633,InferenceEngine,4983896139603681267,inference_done,1765570228142,-1,-1,-1,-1,-1,7,300,300,33.3,-1,-1,-1,-1,-1,-1,-1,-1,-1,-1,-1,-1,-1,-1,-1,
1765570228681,InferenceEngine,4983896139603681267,inference_done,1765570228186,-1,-1,-1,-1,-1,7,300,300,33.55,-1,-1,-1,-1,-1,-1,-1,-1,-1,-1,-1,-1,-1,-1,-1,
1765570228718,InferenceEngine,4983896139603681267,inference_done,1765570228229,-1,-1,-1,-1,-1,6,300,300,33.55,-1,-1,-1,-1,-1,-1,-1,-1,-1,-1,-1,-1,-1,-1,-1,
1765570228766,InferenceEngine,4983896139603681267,inference_done,1765570228272,-1,-1,-1,-1,-1,7,300,300,33.55,-1,-1,-1,-1,-1,-1,-1,-1,-1,-1,-1,-1,-1,-1,-1,
1765570228814,InferenceEngine,4983896139603681267,inference_done,1765570228317,-1,-1,-1,-1,-1,7,300,300,33.55,-1,-1,-1,-1,-1,-1,-1,-1,-1,-1,-1,-1,-1,-1,-1,
1765570228851,InferenceEngine,4983896139603681267,inference_done,1765570228361,-1,-1,-1,-1,-1,7,300,300,33.3,-1,-1,-1,-1,-1,-1,-1,-1,-1,-1,-1,-1,-1,-1,-1,
1765570228899,InferenceEngine,4983896139603681267,inference_done,1765570228404,-1,-1,-1,-1,-1,7,300,300,33.55,-1,-1,-1,-1,-1,-1,-1,-1,-1,-1,-1,-1,-1,-1,-1,
1765570228947,InferenceEngine,4983896139603681267,inference_done,1765570228447,-1,-1,-1,-1,-1,7,300,300,33.55,-1,-1,-1,-1,-1,-1,-1,-1,-1,-1,-1,-1,-1,-1,-1,
1765570228985,InferenceEngine,4983896139603681267,inference_done,1765570228492,-1,-1,-1,-1,-1,7,300,300,33.55,-1,-1,-1,-1,-1,-1,-1,-1,-1,-1,-1,-1,-1,-1,-1,
1765570229033,InferenceEngine,4983896139603681267,inference_done,1765570228536,-1,-1,-1,-1,-1,7,300,300,33.8,-1,-1,-1,-1,-1,-1,-1,-1,-1,-1,-1,-1,-1,-1,-1,
1765570229070,InferenceEngine,4983896139603681267,inference_done,1765570228579,-1,-1,-1,-1,-1,7,300,300,33.05,-1,-1,-1,-1,-1,-1,-1,-1,-1,-1,-1,-1,-1,-1,-1,
1765570229118,InferenceEngine,4983896139603681267,inference_done,1765570228622,-1,-1,-1,-1,-1,7,300,300,33.55,-1,-1,-1,-1,-1,-1,-1,-1,-1,-1,-1,-1,-1,-1,-1,
1765570229156,InferenceEngine,4983896139603681267,inference_done,1765570228667,-1,-1,-1,-1,-1,7,300,300,33.3,-1,-1,-1,-1,-1,-1,-1,-1,-1,-1,-1,-1,-1,-1,-1,
1765570229203,InferenceEngine,4983896139603681267,inference_done,1765570228711,-1,-1,-1,-1,-1,7,300,300,33.8,-1,-1,-1,-1,-1,-1,-1,-1,-1,-1,-1,-1,-1,-1,-1,
1765570229251,InferenceEngine,4983896139603681267,inference_done,1765570228754,-1,-1,-1,-1,-1,7,300,300,33.55,-1,-1,-1,-1,-1,-1,-1,-1,-1,-1,-1,-1,-1,-1,-1,
1765570229289,InferenceEngine,4983896139603681267,inference_done,1765570228797,-1,-1,-1,-1,-1,7,300,300,33.55,-1,-1,-1,-1,-1,-1,-1,-1,-1,-1,-1,-1,-1,-1,-1,
1765570229337,InferenceEngine,4983896139603681267,inference_done,1765570228841,-1,-1,-1,-1,-1,7,300,300,33.55,-1,-1,-1,-1,-1,-1,-1,-1,-1,-1,-1,-1,-1,-1,-1,
1765570229384,InferenceEngine,4983896139603681267,inference_done,1765570228885,-1,-1,-1,-1,-1,7,300,300,33.55,-1,-1,-1,-1,-1,-1,-1,-1,-1,-1,-1,-1,-1,-1,-1,
1765570229423,InferenceEngine,4983896139603681267,inference_done,1765570228930,-1,-1,-1,-1,-1,7,300,300,33.8,-1,-1,-1,-1,-1,-1,-1,-1,-1,-1,-1,-1,-1,-1,-1,
1765570229471,InferenceEngine,4983896139603681267,inference_done,1765570228972,-1,-1,-1,-1,-1,7,300,300,33.55,-1,-1,-1,-1,-1,-1,-1,-1,-1,-1,-1,-1,-1,-1,-1,
1765570229510,InferenceEngine,4983896139603681267,inference_done,1765570229016,-1,-1,-1,-1,-1,8,300,300,33.55,-1,-1,-1,-1,-1,-1,-1,-1,-1,-1,-1,-1,-1,-1,-1,
1765570229557,InferenceEngine,4983896139603681267,inference_done,1765570229060,-1,-1,-1,-1,-1,7,300,300,33.55,-1,-1,-1,-1,-1,-1,-1,-1,-1,-1,-1,-1,-1,-1,-1,
1765570229597,InferenceEngine,4983896139603681267,inference_done,1765570229105,-1,-1,-1,-1,-1,9,300,300,33.3,-1,-1,-1,-1,-1,-1,-1,-1,-1,-1,-1,-1,-1,-1,-1,
1765570229645,InferenceEngine,4983896139603681267,inference_done,1765570229147,-1,-1,-1,-1,-1,7,300,300,33.8,-1,-1,-1,-1,-1,-1,-1,-1,-1,-1,-1,-1,-1,-1,-1,
1765570229683,InferenceEngine,4983896139603681267,inference_done,1765570229191,-1,-1,-1,-1,-1,7,300,300,33.55,-1,-1,-1,-1,-1,-1,-1,-1,-1,-1,-1,-1,-1,-1,-1,
1765570229730,InferenceEngine,4983896139603681267,inference_done,1765570229236,-1,-1,-1,-1,-1,7,300,300,33.55,-1,-1,-1,-1,-1,-1,-1,-1,-1,-1,-1,-1,-1,-1,-1,
1765570229779,InferenceEngine,4983896139603681267,inference_done,1765570229279,-1,-1,-1,-1,-1,7,300,300,33.8,-1,-1,-1,-1,-1,-1,-1,-1,-1,-1,-1,-1,-1,-1,-1,
1765570229817,InferenceEngine,4983896139603681267,inference_done,1765570229322,-1,-1,-1,-1,-1,7,300,300,33.8,-1,-1,-1,-1,-1,-1,-1,-1,-1,-1,-1,-1,-1,-1,-1,
1765570229854,InferenceEngine,4983896139603681267,inference_done,1765570229366,-1,-1,-1,-1,-1,7,300,300,33.3,-1,-1,-1,-1,-1,-1,-1,-1,-1,-1,-1,-1,-1,-1,-1,
1765570229902,InferenceEngine,4983896139603681267,inference_done,1765570229410,-1,-1,-1,-1,-1,7,300,300,33.8,-1,-1,-1,-1,-1,-1,-1,-1,-1,-1,-1,-1,-1,-1,-1,
1765570229949,InferenceEngine,4983896139603681267,inference_done,1765570229455,-1,-1,-1,-1,-1,7,300,300,33.55,-1,-1,-1,-1,-1,-1,-1,-1,-1,-1,-1,-1,-1,-1,-1,
1765570229997,InferenceEngine,4983896139603681267,inference_done,1765570229498,-1,-1,-1,-1,-1,7,300,300,33.8,-1,-1,-1,-1,-1,-1,-1,-1,-1,-1,-1,-1,-1,-1,-1,
1765570230035,InferenceEngine,4983896139603681267,inference_done,1765570229541,-1,-1,-1,-1,-1,7,300,300,33.55,-1,-1,-1,-1,-1,-1,-1,-1,-1,-1,-1,-1,-1,-1,-1,
1765570230083,InferenceEngine,4983896139603681267,inference_done,1765570229586,-1,-1,-1,-1,-1,7,300,300,33.3,-1,-1,-1,-1,-1,-1,-1,-1,-1,-1,-1,-1,-1,-1,-1,
1765570230121,InferenceEngine,4983896139603681267,inference_done,1765570229629,-1,-1,-1,-1,-1,7,300,300,33.3,-1,-1,-1,-1,-1,-1,-1,-1,-1,-1,-1,-1,-1,-1,-1,
1765570230170,InferenceEngine,4983896139603681267,inference_done,1765570229672,-1,-1,-1,-1,-1,7,300,300,33.55,-1,-1,-1,-1,-1,-1,-1,-1,-1,-1,-1,-1,-1,-1,-1,
1765570230208,InferenceEngine,4983896139603681267,inference_done,1765570229716,-1,-1,-1,-1,-1,7,300,300,33.55,-1,-1,-1,-1,-1,-1,-1,-1,-1,-1,-1,-1,-1,-1,-1,
1765570230257,InferenceEngine,4983896139603681267,inference_done,1765570229761,-1,-1,-1,-1,-1,8,300,300,33.3,-1,-1,-1,-1,-1,-1,-1,-1,-1,-1,-1,-1,-1,-1,-1,
1765570230296,InferenceEngine,4983896139603681267,inference_done,1765570229803,-1,-1,-1,-1,-1,9,300,300,33.3,-1,-1,-1,-1,-1,-1,-1,-1,-1,-1,-1,-1,-1,-1,-1,
1765570230345,InferenceEngine,4983896139603681267,inference_done,1765570229847,-1,-1,-1,-1,-1,8,300,300,33.55,-1,-1,-1,-1,-1,-1,-1,-1,-1,-1,-1,-1,-1,-1,-1,
1765570230383,InferenceEngine,4983896139603681267,inference_done,1765570229892,-1,-1,-1,-1,-1,8,300,300,33.8,-1,-1,-1,-1,-1,-1,-1,-1,-1,-1,-1,-1,-1,-1,-1,
1765570230432,InferenceEngine,4983896139603681267,inference_done,1765570229936,-1,-1,-1,-1,-1,7,300,300,33.55,-1,-1,-1,-1,-1,-1,-1,-1,-1,-1,-1,-1,-1,-1,-1,
1765570230470,InferenceEngine,4983896139603681267,inference_done,1765570229978,-1,-1,-1,-1,-1,7,300,300,33.3,-1,-1,-1,-1,-1,-1,-1,-1,-1,-1,-1,-1,-1,-1,-1,
1765570230518,InferenceEngine,4983896139603681267,inference_done,1765570230022,-1,-1,-1,-1,-1,7,300,300,33.55,-1,-1,-1,-1,-1,-1,-1,-1,-1,-1,-1,-1,-1,-1,-1,
1765570230567,InferenceEngine,4983896139603681267,inference_done,1765570230066,-1,-1,-1,-1,-1,7,300,300,33.8,-1,-1,-1,-1,-1,-1,-1,-1,-1,-1,-1,-1,-1,-1,-1,
1765570230605,InferenceEngine,4983896139603681267,inference_done,1765570230110,-1,-1,-1,-1,-1,8,300,300,33.8,-1,-1,-1,-1,-1,-1,-1,-1,-1,-1,-1,-1,-1,-1,-1,
1765570230654,InferenceEngine,4983896139603681267,inference_done,1765570230153,-1,-1,-1,-1,-1,7,300,300,33.55,-1,-1,-1,-1,-1,-1,-1,-1,-1,-1,-1,-1,-1,-1,-1,
1765570230693,InferenceEngine,4983896139603681267,inference_done,1765570230197,-1,-1,-1,-1,-1,8,300,300,33.8,-1,-1,-1,-1,-1,-1,-1,-1,-1,-1,-1,-1,-1,-1,-1,
1765570230731,InferenceEngine,4983896139603681267,inference_done,1765570230242,-1,-1,-1,-1,-1,7,300,300,33.8,-1,-1,-1,-1,-1,-1,-1,-1,-1,-1,-1,-1,-1,-1,-1,
1765570230781,InferenceEngine,4983896139603681267,inference_done,1765570230286,-1,-1,-1,-1,-1,8,300,300,33.3,-1,-1,-1,-1,-1,-1,-1,-1,-1,-1,-1,-1,-1,-1,-1,
1765570230819,InferenceEngine,4983896139603681267,inference_done,1765570230329,-1,-1,-1,-1,-1,7,300,300,33.55,-1,-1,-1,-1,-1,-1,-1,-1,-1,-1,-1,-1,-1,-1,-1,
1765570230868,InferenceEngine,4983896139603681267,inference_done,1765570230372,-1,-1,-1,-1,-1,8,300,300,33.55,-1,-1,-1,-1,-1,-1,-1,-1,-1,-1,-1,-1,-1,-1,-1,
1765570230917,InferenceEngine,4983896139603681267,inference_done,1765570230417,-1,-1,-1,-1,-1,7,300,300,33.55,-1,-1,-1,-1,-1,-1,-1,-1,-1,-1,-1,-1,-1,-1,-1,
1765570230956,InferenceEngine,4983896139603681267,inference_done,1765570230461,-1,-1,-1,-1,-1,8,300,300,33.55,-1,-1,-1,-1,-1,-1,-1,-1,-1,-1,-1,-1,-1,-1,-1,
1765570231005,InferenceEngine,4983896139603681267,inference_done,1765570230503,-1,-1,-1,-1,-1,7,300,300,33.55,-1,-1,-1,-1,-1,-1,-1,-1,-1,-1,-1,-1,-1,-1,-1,
1765570231043,InferenceEngine,4983896139603681267,inference_done,1765570230547,-1,-1,-1,-1,-1,8,300,300,33.8,-1,-1,-1,-1,-1,-1,-1,-1,-1,-1,-1,-1,-1,-1,-1,
1765570231082,InferenceEngine,4983896139603681267,inference_done,1765570230592,-1,-1,-1,-1,-1,7,300,300,33.3,-1,-1,-1,-1,-1,-1,-1,-1,-1,-1,-1,-1,-1,-1,-1,
1765570231130,InferenceEngine,4983896139603681267,inference_done,1765570230635,-1,-1,-1,-1,-1,8,300,300,33.8,-1,-1,-1,-1,-1,-1,-1,-1,-1,-1,-1,-1,-1,-1,-1,
1765570231179,InferenceEngine,4983896139603681267,inference_done,1765570230679,-1,-1,-1,-1,-1,7,300,300,33.8,-1,-1,-1,-1,-1,-1,-1,-1,-1,-1,-1,-1,-1,-1,-1,
1765570231218,InferenceEngine,4983896139603681267,inference_done,1765570230722,-1,-1,-1,-1,-1,8,300,300,33.55,-1,-1,-1,-1,-1,-1,-1,-1,-1,-1,-1,-1,-1,-1,-1,
1765570231256,InferenceEngine,4983896139603681267,inference_done,1765570230767,-1,-1,-1,-1,-1,7,300,300,33.55,-1,-1,-1,-1,-1,-1,-1,-1,-1,-1,-1,-1,-1,-1,-1,
1765570231304,InferenceEngine,4983896139603681267,inference_done,1765570230811,-1,-1,-1,-1,-1,8,300,300,33.55,-1,-1,-1,-1,-1,-1,-1,-1,-1,-1,-1,-1,-1,-1,-1,
1765570231354,InferenceEngine,4983896139603681267,inference_done,1765570230853,-1,-1,-1,-1,-1,8,300,300,33.55,-1,-1,-1,-1,-1,-1,-1,-1,-1,-1,-1,-1,-1,-1,-1,
1765570231393,InferenceEngine,4983896139603681267,inference_done,1765570230898,-1,-1,-1,-1,-1,8,300,300,33.3,-1,-1,-1,-1,-1,-1,-1,-1,-1,-1,-1,-1,-1,-1,-1,
1765570231431,InferenceEngine,4983896139603681267,inference_done,1765570230942,-1,-1,-1,-1,-1,7,300,300,33.8,-1,-1,-1,-1,-1,-1,-1,-1,-1,-1,-1,-1,-1,-1,-1,
1765570231479,InferenceEngine,4983896139603681267,inference_done,1765570230985,-1,-1,-1,-1,-1,8,300,300,33.8,-1,-1,-1,-1,-1,-1,-1,-1,-1,-1,-1,-1,-1,-1,-1,
1765570231528,InferenceEngine,4983896139603681267,inference_done,1765570231028,-1,-1,-1,-1,-1,7,300,300,33.8,-1,-1,-1,-1,-1,-1,-1,-1,-1,-1,-1,-1,-1,-1,-1,
1765570231566,InferenceEngine,4983896139603681267,inference_done,1765570231072,-1,-1,-1,-1,-1,7,300,300,34.05,-1,-1,-1,-1,-1,-1,-1,-1,-1,-1,-1,-1,-1,-1,-1,
1765570231614,InferenceEngine,4983896139603681267,inference_done,1765570231116,-1,-1,-1,-1,-1,7,300,300,33.8,-1,-1,-1,-1,-1,-1,-1,-1,-1,-1,-1,-1,-1,-1,-1,
1765570231652,InferenceEngine,4983896139603681267,inference_done,1765570231159,-1,-1,-1,-1,-1,7,300,300,33.55,-1,-1,-1,-1,-1,-1,-1,-1,-1,-1,-1,-1,-1,-1,-1,
1765570231700,InferenceEngine,4983896139603681267,inference_done,1765570231203,-1,-1,-1,-1,-1,7,300,300,34.05,-1,-1,-1,-1,-1,-1,-1,-1,-1,-1,-1,-1,-1,-1,-1,
1765570231738,InferenceEngine,4983896139603681267,inference_done,1765570231247,-1,-1,-1,-1,-1,7,300,300,33.55,-1,-1,-1,-1,-1,-1,-1,-1,-1,-1,-1,-1,-1,-1,-1,
1765570231787,InferenceEngine,4983896139603681267,inference_done,1765570231292,-1,-1,-1,-1,-1,7,300,300,33.55,-1,-1,-1,-1,-1,-1,-1,-1,-1,-1,-1,-1,-1,-1,-1,
1765570231835,InferenceEngine,4983896139603681267,inference_done,1765570231334,-1,-1,-1,-1,-1,7,300,300,33.8,-1,-1,-1,-1,-1,-1,-1,-1,-1,-1,-1,-1,-1,-1,-1,
1765570231874,InferenceEngine,4983896139603681267,inference_done,1765570231378,-1,-1,-1,-1,-1,8,300,300,33.55,-1,-1,-1,-1,-1,-1,-1,-1,-1,-1,-1,-1,-1,-1,-1,
1765570231923,InferenceEngine,4983896139603681267,inference_done,1765570231422,-1,-1,-1,-1,-1,7,300,300,33.55,-1,-1,-1,-1,-1,-1,-1,-1,-1,-1,-1,-1,-1,-1,-1,
1765570231961,InferenceEngine,4983896139603681267,inference_done,1765570231467,-1,-1,-1,-1,-1,7,300,300,33.3,-1,-1,-1,-1,-1,-1,-1,-1,-1,-1,-1,-1,-1,-1,-1,
1765570232009,InferenceEngine,4983896139603681267,inference_done,1765570231509,-1,-1,-1,-1,-1,7,300,300,33.55,-1,-1,-1,-1,-1,-1,-1,-1,-1,-1,-1,-1,-1,-1,-1,
1765570232050,InferenceEngine,4983896139603681267,inference_done,1765570231554,-1,-1,-1,-1,-1,9,300,300,33.55,-1,-1,-1,-1,-1,-1,-1,-1,-1,-1,-1,-1,-1,-1,-1,
1765570232088,InferenceEngine,4983896139603681267,inference_done,1765570231597,-1,-1,-1,-1,-1,7,300,300,33.55,-1,-1,-1,-1,-1,-1,-1,-1,-1,-1,-1,-1,-1,-1,-1,
1765570232136,InferenceEngine,4983896139603681267,inference_done,1765570231642,-1,-1,-1,-1,-1,7,300,300,33.55,-1,-1,-1,-1,-1,-1,-1,-1,-1,-1,-1,-1,-1,-1,-1,
1765570232185,InferenceEngine,4983896139603681267,inference_done,1765570231684,-1,-1,-1,-1,-1,7,300,300,33.55,-1,-1,-1,-1,-1,-1,-1,-1,-1,-1,-1,-1,-1,-1,-1,
1765570232224,InferenceEngine,4983896139603681267,inference_done,1765570231729,-1,-1,-1,-1,-1,8,300,300,33.3,-1,-1,-1,-1,-1,-1,-1,-1,-1,-1,-1,-1,-1,-1,-1,
1765570232272,InferenceEngine,4983896139603681267,inference_done,1765570231772,-1,-1,-1,-1,-1,7,300,300,33.55,-1,-1,-1,-1,-1,-1,-1,-1,-1,-1,-1,-1,-1,-1,-1,
1765570232310,InferenceEngine,4983896139603681267,inference_done,1765570231816,-1,-1,-1,-1,-1,7,300,300,33.55,-1,-1,-1,-1,-1,-1,-1,-1,-1,-1,-1,-1,-1,-1,-1,
1765570232358,InferenceEngine,4983896139603681267,inference_done,1765570231859,-1,-1,-1,-1,-1,7,300,300,33.3,-1,-1,-1,-1,-1,-1,-1,-1,-1,-1,-1,-1,-1,-1,-1,
1765570232398,InferenceEngine,4983896139603681267,inference_done,1765570231904,-1,-1,-1,-1,-1,8,300,300,33.3,-1,-1,-1,-1,-1,-1,-1,-1,-1,-1,-1,-1,-1,-1,-1,
1765570232446,InferenceEngine,4983896139603681267,inference_done,1765570231948,-1,-1,-1,-1,-1,7,300,300,33.55,-1,-1,-1,-1,-1,-1,-1,-1,-1,-1,-1,-1,-1,-1,-1,
1765570232484,InferenceEngine,4983896139603681267,inference_done,1765570231991,-1,-1,-1,-1,-1,7,300,300,33.55,-1,-1,-1,-1,-1,-1,-1,-1,-1,-1,-1,-1,-1,-1,-1,
1765570232532,InferenceEngine,4983896139603681267,inference_done,1765570232034,-1,-1,-1,-1,-1,7,300,300,33.55,-1,-1,-1,-1,-1,-1,-1,-1,-1,-1,-1,-1,-1,-1,-1,
1765570232570,InferenceEngine,4983896139603681267,inference_done,1765570232079,-1,-1,-1,-1,-1,7,300,300,33.55,-1,-1,-1,-1,-1,-1,-1,-1,-1,-1,-1,-1,-1,-1,-1,
1765570232618,InferenceEngine,4983896139603681267,inference_done,1765570232123,-1,-1,-1,-1,-1,7,300,300,33.3,-1,-1,-1,-1,-1,-1,-1,-1,-1,-1,-1,-1,-1,-1,-1,
1765570232656,InferenceEngine,4983896139603681267,inference_done,1765570232166,-1,-1,-1,-1,-1,7,300,300,33.55,-1,-1,-1,-1,-1,-1,-1,-1,-1,-1,-1,-1,-1,-1,-1,
1765570232705,InferenceEngine,4983896139603681267,inference_done,1765570232209,-1,-1,-1,-1,-1,7,300,300,33.55,-1,-1,-1,-1,-1,-1,-1,-1,-1,-1,-1,-1,-1,-1,-1,
1765570232753,InferenceEngine,4983896139603681267,inference_done,1765570232254,-1,-1,-1,-1,-1,7,300,300,33.55,-1,-1,-1,-1,-1,-1,-1,-1,-1,-1,-1,-1,-1,-1,-1,
1765570232791,InferenceEngine,4983896139603681267,inference_done,1765570232298,-1,-1,-1,-1,-1,7,300,300,33.55,-1,-1,-1,-1,-1,-1,-1,-1,-1,-1,-1,-1,-1,-1,-1,
1765570232839,InferenceEngine,4983896139603681267,inference_done,1765570232341,-1,-1,-1,-1,-1,7,300,300,33.8,-1,-1,-1,-1,-1,-1,-1,-1,-1,-1,-1,-1,-1,-1,-1,
1765570232877,InferenceEngine,4983896139603681267,inference_done,1765570232384,-1,-1,-1,-1,-1,7,300,300,33.8,-1,-1,-1,-1,-1,-1,-1,-1,-1,-1,-1,-1,-1,-1,-1,
1765570232926,InferenceEngine,4983896139603681267,inference_done,1765570232429,-1,-1,-1,-1,-1,7,300,300,33.8,-1,-1,-1,-1,-1,-1,-1,-1,-1,-1,-1,-1,-1,-1,-1,
1765570232964,InferenceEngine,4983896139603681267,inference_done,1765570232473,-1,-1,-1,-1,-1,7,300,300,33.55,-1,-1,-1,-1,-1,-1,-1,-1,-1,-1,-1,-1,-1,-1,-1,
1765570233013,InferenceEngine,4983896139603681267,inference_done,1765570232516,-1,-1,-1,-1,-1,7,300,300,33.55,-1,-1,-1,-1,-1,-1,-1,-1,-1,-1,-1,-1,-1,-1,-1,
1765570233061,InferenceEngine,4983896139603681267,inference_done,1765570232559,-1,-1,-1,-1,-1,7,300,300,33.8,-1,-1,-1,-1,-1,-1,-1,-1,-1,-1,-1,-1,-1,-1,-1,
1765570233099,InferenceEngine,4983896139603681267,inference_done,1765570232604,-1,-1,-1,-1,-1,7,300,300,33.55,-1,-1,-1,-1,-1,-1,-1,-1,-1,-1,-1,-1,-1,-1,-1,
1765570233147,InferenceEngine,4983896139603681267,inference_done,1765570232648,-1,-1,-1,-1,-1,7,300,300,33.55,-1,-1,-1,-1,-1,-1,-1,-1,-1,-1,-1,-1,-1,-1,-1,
1765570233185,InferenceEngine,4983896139603681267,inference_done,1765570232690,-1,-1,-1,-1,-1,7,300,300,33.55,-1,-1,-1,-1,-1,-1,-1,-1,-1,-1,-1,-1,-1,-1,-1,
1765570233233,InferenceEngine,4983896139603681267,inference_done,1765570232734,-1,-1,-1,-1,-1,7,300,300,34.05,-1,-1,-1,-1,-1,-1,-1,-1,-1,-1,-1,-1,-1,-1,-1,
1765570233272,InferenceEngine,4983896139603681267,inference_done,1765570232779,-1,-1,-1,-1,-1,8,300,300,33.55,-1,-1,-1,-1,-1,-1,-1,-1,-1,-1,-1,-1,-1,-1,-1,
1765570233320,InferenceEngine,4983896139603681267,inference_done,1765570232823,-1,-1,-1,-1,-1,7,300,300,33.55,-1,-1,-1,-1,-1,-1,-1,-1,-1,-1,-1,-1,-1,-1,-1,
1765570233358,InferenceEngine,4983896139603681267,inference_done,1765570232866,-1,-1,-1,-1,-1,7,300,300,33.8,-1,-1,-1,-1,-1,-1,-1,-1,-1,-1,-1,-1,-1,-1,-1,
1765570233407,InferenceEngine,4983896139603681267,inference_done,1765570232909,-1,-1,-1,-1,-1,7,300,300,33.55,-1,-1,-1,-1,-1,-1,-1,-1,-1,-1,-1,-1,-1,-1,-1,
1765570233444,InferenceEngine,4983896139603681267,inference_done,1765570232953,-1,-1,-1,-1,-1,7,300,300,33.8,-1,-1,-1,-1,-1,-1,-1,-1,-1,-1,-1,-1,-1,-1,-1,
1765570233493,InferenceEngine,4983896139603681267,inference_done,1765570232998,-1,-1,-1,-1,-1,7,300,300,33.55,-1,-1,-1,-1,-1,-1,-1,-1,-1,-1,-1,-1,-1,-1,-1,
1765570233541,InferenceEngine,4983896139603681267,inference_done,1765570233040,-1,-1,-1,-1,-1,7,300,300,33.55,-1,-1,-1,-1,-1,-1,-1,-1,-1,-1,-1,-1,-1,-1,-1,
1765570233579,InferenceEngine,4983896139603681267,inference_done,1765570233084,-1,-1,-1,-1,-1,7,300,300,33.55,-1,-1,-1,-1,-1,-1,-1,-1,-1,-1,-1,-1,-1,-1,-1,
1765570233628,InferenceEngine,4983896139603681267,inference_done,1765570233128,-1,-1,-1,-1,-1,7,300,300,33.8,-1,-1,-1,-1,-1,-1,-1,-1,-1,-1,-1,-1,-1,-1,-1,
1765570233666,InferenceEngine,4983896139603681267,inference_done,1765570233173,-1,-1,-1,-1,-1,7,300,300,33.55,-1,-1,-1,-1,-1,-1,-1,-1,-1,-1,-1,-1,-1,-1,-1,
1765570233714,InferenceEngine,4983896139603681267,inference_done,1765570233215,-1,-1,-1,-1,-1,7,300,300,34.05,-1,-1,-1,-1,-1,-1,-1,-1,-1,-1,-1,-1,-1,-1,-1,
1765570233753,InferenceEngine,4983896139603681267,inference_done,1765570233259,-1,-1,-1,-1,-1,8,300,300,33.8,-1,-1,-1,-1,-1,-1,-1,-1,-1,-1,-1,-1,-1,-1,-1,
1765570233802,InferenceEngine,4983896139603681267,inference_done,1765570233303,-1,-1,-1,-1,-1,7,300,300,33.55,-1,-1,-1,-1,-1,-1,-1,-1,-1,-1,-1,-1,-1,-1,-1,
1765570233842,InferenceEngine,4983896139603681267,inference_done,1765570233347,-1,-1,-1,-1,-1,8,300,300,33.55,-1,-1,-1,-1,-1,-1,-1,-1,-1,-1,-1,-1,-1,-1,-1,
1765570233880,InferenceEngine,4983896139603681267,inference_done,1765570233390,-1,-1,-1,-1,-1,7,300,300,33.8,-1,-1,-1,-1,-1,-1,-1,-1,-1,-1,-1,-1,-1,-1,-1,
1765570233928,InferenceEngine,4983896139603681267,inference_done,1765570233434,-1,-1,-1,-1,-1,7,300,300,33.8,-1,-1,-1,-1,-1,-1,-1,-1,-1,-1,-1,-1,-1,-1,-1,
1765570233976,InferenceEngine,4983896139603681267,inference_done,1765570233478,-1,-1,-1,-1,-1,7,300,300,33.8,-1,-1,-1,-1,-1,-1,-1,-1,-1,-1,-1,-1,-1,-1,-1,
1765570234016,InferenceEngine,4983896139603681267,inference_done,1765570233522,-1,-1,-1,-1,-1,9,300,300,33.55,-1,-1,-1,-1,-1,-1,-1,-1,-1,-1,-1,-1,-1,-1,-1,
1765570234065,InferenceEngine,4983896139603681267,inference_done,1765570233565,-1,-1,-1,-1,-1,7,300,300,33.8,-1,-1,-1,-1,-1,-1,-1,-1,-1,-1,-1,-1,-1,-1,-1,
1765570234104,InferenceEngine,4983896139603681267,inference_done,1765570233609,-1,-1,-1,-1,-1,8,300,300,33.8,-1,-1,-1,-1,-1,-1,-1,-1,-1,-1,-1,-1,-1,-1,-1,
1765570234153,InferenceEngine,4983896139603681267,inference_done,1765570233653,-1,-1,-1,-1,-1,7,300,300,33.8,-1,-1,-1,-1,-1,-1,-1,-1,-1,-1,-1,-1,-1,-1,-1,
1765570234191,InferenceEngine,4983896139603681267,inference_done,1765570233697,-1,-1,-1,-1,-1,7,300,300,33.55,-1,-1,-1,-1,-1,-1,-1,-1,-1,-1,-1,-1,-1,-1,-1,
1765570234240,InferenceEngine,4983896139603681267,inference_done,1765570233740,-1,-1,-1,-1,-1,7,300,300,33.8,-1,-1,-1,-1,-1,-1,-1,-1,-1,-1,-1,-1,-1,-1,-1,
1765570234278,InferenceEngine,4983896139603681267,inference_done,1765570233784,-1,-1,-1,-1,-1,8,300,300,33.8,-1,-1,-1,-1,-1,-1,-1,-1,-1,-1,-1,-1,-1,-1,-1,
1765570234327,InferenceEngine,4983896139603681267,inference_done,1765570233828,-1,-1,-1,-1,-1,7,300,300,33.8,-1,-1,-1,-1,-1,-1,-1,-1,-1,-1,-1,-1,-1,-1,-1,
1765570234366,InferenceEngine,4983896139603681267,inference_done,1765570233872,-1,-1,-1,-1,-1,8,300,300,33.55,-1,-1,-1,-1,-1,-1,-1,-1,-1,-1,-1,-1,-1,-1,-1,
1765570234415,InferenceEngine,4983896139603681267,inference_done,1765570233915,-1,-1,-1,-1,-1,7,300,300,33.55,-1,-1,-1,-1,-1,-1,-1,-1,-1,-1,-1,-1,-1,-1,-1,
1765570234454,InferenceEngine,4983896139603681267,inference_done,1765570233959,-1,-1,-1,-1,-1,8,300,300,33.55,-1,-1,-1,-1,-1,-1,-1,-1,-1,-1,-1,-1,-1,-1,-1,
1765570234502,InferenceEngine,4983896139603681267,inference_done,1765570234004,-1,-1,-1,-1,-1,7,300,300,33.8,-1,-1,-1,-1,-1,-1,-1,-1,-1,-1,-1,-1,-1,-1,-1,
1765570234541,InferenceEngine,4983896139603681267,inference_done,1765570234047,-1,-1,-1,-1,-1,8,300,300,33.8,-1,-1,-1,-1,-1,-1,-1,-1,-1,-1,-1,-1,-1,-1,-1,
1765570234589,InferenceEngine,4983896139603681267,inference_done,1765570234090,-1,-1,-1,-1,-1,7,300,300,33.3,-1,-1,-1,-1,-1,-1,-1,-1,-1,-1,-1,-1,-1,-1,-1,
1765570234628,InferenceEngine,4983896139603681267,inference_done,1765570234134,-1,-1,-1,-1,-1,8,300,300,33.8,-1,-1,-1,-1,-1,-1,-1,-1,-1,-1,-1,-1,-1,-1,-1,
1765570234676,InferenceEngine,4983896139603681267,inference_done,1765570234178,-1,-1,-1,-1,-1,7,300,300,33.55,-1,-1,-1,-1,-1,-1,-1,-1,-1,-1,-1,-1,-1,-1,-1,
1765570234715,InferenceEngine,4983896139603681267,inference_done,1765570234222,-1,-1,-1,-1,-1,8,300,300,33.8,-1,-1,-1,-1,-1,-1,-1,-1,-1,-1,-1,-1,-1,-1,-1,
1765570234763,InferenceEngine,4983896139603681267,inference_done,1765570234265,-1,-1,-1,-1,-1,7,300,300,33.55,-1,-1,-1,-1,-1,-1,-1,-1,-1,-1,-1,-1,-1,-1,-1,
1765570234801,InferenceEngine,4983896139603681267,inference_done,1765570234309,-1,-1,-1,-1,-1,7,300,300,33.55,-1,-1,-1,-1,-1,-1,-1,-1,-1,-1,-1,-1,-1,-1,-1,
1765570234850,InferenceEngine,4983896139603681267,inference_done,1765570234353,-1,-1,-1,-1,-1,7,300,300,33.55,-1,-1,-1,-1,-1,-1,-1,-1,-1,-1,-1,-1,-1,-1,-1,
1765570234889,InferenceEngine,4983896139603681267,inference_done,1765570234396,-1,-1,-1,-1,-1,8,300,300,33.55,-1,-1,-1,-1,-1,-1,-1,-1,-1,-1,-1,-1,-1,-1,-1,
1765570234937,InferenceEngine,4983896139603681267,inference_done,1765570234440,-1,-1,-1,-1,-1,7,300,300,33.55,-1,-1,-1,-1,-1,-1,-1,-1,-1,-1,-1,-1,-1,-1,-1,
1765570234985,InferenceEngine,4983896139603681267,inference_done,1765570234485,-1,-1,-1,-1,-1,7,300,300,33.8,-1,-1,-1,-1,-1,-1,-1,-1,-1,-1,-1,-1,-1,-1,-1,
1765570235023,InferenceEngine,4983896139603681267,inference_done,1765570234528,-1,-1,-1,-1,-1,7,300,300,33.55,-1,-1,-1,-1,-1,-1,-1,-1,-1,-1,-1,-1,-1,-1,-1,
1765570235071,InferenceEngine,4983896139603681267,inference_done,1765570234572,-1,-1,-1,-1,-1,7,300,300,33.8,-1,-1,-1,-1,-1,-1,-1,-1,-1,-1,-1,-1,-1,-1,-1,
1765570235110,InferenceEngine,4983896139603681267,inference_done,1765570234615,-1,-1,-1,-1,-1,7,300,300,33.55,-1,-1,-1,-1,-1,-1,-1,-1,-1,-1,-1,-1,-1,-1,-1,
1765570235158,InferenceEngine,4983896139603681267,inference_done,1765570234660,-1,-1,-1,-1,-1,7,300,300,33.8,-1,-1,-1,-1,-1,-1,-1,-1,-1,-1,-1,-1,-1,-1,-1,
1765570235196,InferenceEngine,4983896139603681267,inference_done,1765570234703,-1,-1,-1,-1,-1,7,300,300,33.55,-1,-1,-1,-1,-1,-1,-1,-1,-1,-1,-1,-1,-1,-1,-1,
1765570235244,InferenceEngine,4983896139603681267,inference_done,1765570234746,-1,-1,-1,-1,-1,7,300,300,33.8,-1,-1,-1,-1,-1,-1,-1,-1,-1,-1,-1,-1,-1,-1,-1,
1765570235282,InferenceEngine,4983896139603681267,inference_done,1765570234790,-1,-1,-1,-1,-1,7,300,300,33.8,-1,-1,-1,-1,-1,-1,-1,-1,-1,-1,-1,-1,-1,-1,-1,
1765570235330,InferenceEngine,4983896139603681267,inference_done,1765570234835,-1,-1,-1,-1,-1,7,300,300,33.3,-1,-1,-1,-1,-1,-1,-1,-1,-1,-1,-1,-1,-1,-1,-1,
1765570235368,InferenceEngine,4983896139603681267,inference_done,1765570234878,-1,-1,-1,-1,-1,7,300,300,33.8,-1,-1,-1,-1,-1,-1,-1,-1,-1,-1,-1,-1,-1,-1,-1,
1765570235416,InferenceEngine,4983896139603681267,inference_done,1765570234921,-1,-1,-1,-1,-1,7,300,300,33.55,-1,-1,-1,-1,-1,-1,-1,-1,-1,-1,-1,-1,-1,-1,-1,
1765570235465,InferenceEngine,4983896139603681267,inference_done,1765570234965,-1,-1,-1,-1,-1,7,300,300,33.55,-1,-1,-1,-1,-1,-1,-1,-1,-1,-1,-1,-1,-1,-1,-1,
1765570235503,InferenceEngine,4983896139603681267,inference_done,1765570235010,-1,-1,-1,-1,-1,7,300,300,33.55,-1,-1,-1,-1,-1,-1,-1,-1,-1,-1,-1,-1,-1,-1,-1,
1765570235551,InferenceEngine,4983896139603681267,inference_done,1765570235053,-1,-1,-1,-1,-1,7,300,300,33.55,-1,-1,-1,-1,-1,-1,-1,-1,-1,-1,-1,-1,-1,-1,-1,
1765570235589,InferenceEngine,4983896139603681267,inference_done,1765570235096,-1,-1,-1,-1,-1,7,300,300,33.8,-1,-1,-1,-1,-1,-1,-1,-1,-1,-1,-1,-1,-1,-1,-1,
1765570235638,InferenceEngine,4983896139603681267,inference_done,1765570235140,-1,-1,-1,-1,-1,7,300,300,33.8,-1,-1,-1,-1,-1,-1,-1,-1,-1,-1,-1,-1,-1,-1,-1,
1765570235676,InferenceEngine,4983896139603681267,inference_done,1765570235185,-1,-1,-1,-1,-1,8,300,300,33.55,-1,-1,-1,-1,-1,-1,-1,-1,-1,-1,-1,-1,-1,-1,-1,
1765570235724,InferenceEngine,4983896139603681267,inference_done,1765570235228,-1,-1,-1,-1,-1,7,300,300,33.55,-1,-1,-1,-1,-1,-1,-1,-1,-1,-1,-1,-1,-1,-1,-1,
1765570235762,InferenceEngine,4983896139603681267,inference_done,1765570235271,-1,-1,-1,-1,-1,7,300,300,33.55,-1,-1,-1,-1,-1,-1,-1,-1,-1,-1,-1,-1,-1,-1,-1,
1765570235811,InferenceEngine,4983896139603681267,inference_done,1765570235316,-1,-1,-1,-1,-1,7,300,300,33.55,-1,-1,-1,-1,-1,-1,-1,-1,-1,-1,-1,-1,-1,-1,-1,
1765570235859,InferenceEngine,4983896139603681267,inference_done,1765570235359,-1,-1,-1,-1,-1,7,300,300,33.8,-1,-1,-1,-1,-1,-1,-1,-1,-1,-1,-1,-1,-1,-1,-1,
1765570235897,InferenceEngine,4983896139603681267,inference_done,1765570235403,-1,-1,-1,-1,-1,7,300,300,33.8,-1,-1,-1,-1,-1,-1,-1,-1,-1,-1,-1,-1,-1,-1,-1,
1765570235945,InferenceEngine,4983896139603681267,inference_done,1765570235446,-1,-1,-1,-1,-1,7,300,300,33.8,-1,-1,-1,-1,-1,-1,-1,-1,-1,-1,-1,-1,-1,-1,-1,
1765570235983,InferenceEngine,4983896139603681267,inference_done,1765570235490,-1,-1,-1,-1,-1,7,300,300,33.55,-1,-1,-1,-1,-1,-1,-1,-1,-1,-1,-1,-1,-1,-1,-1,
1765570236031,InferenceEngine,4983896139603681267,inference_done,1765570235535,-1,-1,-1,-1,-1,7,300,300,33.8,-1,-1,-1,-1,-1,-1,-1,-1,-1,-1,-1,-1,-1,-1,-1,
1765570236069,InferenceEngine,4983896139603681267,inference_done,1765570235578,-1,-1,-1,-1,-1,8,300,300,33.8,-1,-1,-1,-1,-1,-1,-1,-1,-1,-1,-1,-1,-1,-1,-1,
1765570236118,InferenceEngine,4983896139603681267,inference_done,1765570235621,-1,-1,-1,-1,-1,7,300,300,34.05,-1,-1,-1,-1,-1,-1,-1,-1,-1,-1,-1,-1,-1,-1,-1,
1765570236156,InferenceEngine,4983896139603681267,inference_done,1765570235665,-1,-1,-1,-1,-1,7,300,300,33.55,-1,-1,-1,-1,-1,-1,-1,-1,-1,-1,-1,-1,-1,-1,-1,
1765570236204,InferenceEngine,4983896139603681267,inference_done,1765570235710,-1,-1,-1,-1,-1,7,300,300,33.55,-1,-1,-1,-1,-1,-1,-1,-1,-1,-1,-1,-1,-1,-1,-1,
1765570236253,InferenceEngine,4983896139603681267,inference_done,1765570235753,-1,-1,-1,-1,-1,7,300,300,33.8,-1,-1,-1,-1,-1,-1,-1,-1,-1,-1,-1,-1,-1,-1,-1,
1765570236291,InferenceEngine,4983896139603681267,inference_done,1765570235796,-1,-1,-1,-1,-1,7,300,300,33.55,-1,-1,-1,-1,-1,-1,-1,-1,-1,-1,-1,-1,-1,-1,-1,
1765570236340,InferenceEngine,4983896139603681267,inference_done,1765570235840,-1,-1,-1,-1,-1,7,300,300,33.8,-1,-1,-1,-1,-1,-1,-1,-1,-1,-1,-1,-1,-1,-1,-1,
1765570236379,InferenceEngine,4983896139603681267,inference_done,1765570235884,-1,-1,-1,-1,-1,9,300,300,33.8,-1,-1,-1,-1,-1,-1,-1,-1,-1,-1,-1,-1,-1,-1,-1,
1765570236427,InferenceEngine,4983896139603681267,inference_done,1765570235927,-1,-1,-1,-1,-1,7,300,300,33.55,-1,-1,-1,-1,-1,-1,-1,-1,-1,-1,-1,-1,-1,-1,-1,
1765570236466,InferenceEngine,4983896139603681267,inference_done,1765570235971,-1,-1,-1,-1,-1,7,300,300,33.55,-1,-1,-1,-1,-1,-1,-1,-1,-1,-1,-1,-1,-1,-1,-1,
1765570236514,InferenceEngine,4983896139603681267,inference_done,1765570236016,-1,-1,-1,-1,-1,7,300,300,33.3,-1,-1,-1,-1,-1,-1,-1,-1,-1,-1,-1,-1,-1,-1,-1,
1765570236552,InferenceEngine,4983896139603681267,inference_done,1765570236060,-1,-1,-1,-1,-1,8,300,300,33.55,-1,-1,-1,-1,-1,-1,-1,-1,-1,-1,-1,-1,-1,-1,-1,
1765570236601,InferenceEngine,4983896139603681267,inference_done,1765570236102,-1,-1,-1,-1,-1,7,300,300,33.3,-1,-1,-1,-1,-1,-1,-1,-1,-1,-1,-1,-1,-1,-1,-1,
1765570236639,InferenceEngine,4983896139603681267,inference_done,1765570236146,-1,-1,-1,-1,-1,7,300,300,33.55,-1,-1,-1,-1,-1,-1,-1,-1,-1,-1,-1,-1,-1,-1,-1,
1765570236687,InferenceEngine,4983896139603681267,inference_done,1765570236191,-1,-1,-1,-1,-1,7,300,300,33.8,-1,-1,-1,-1,-1,-1,-1,-1,-1,-1,-1,-1,-1,-1,-1,
1765570236726,InferenceEngine,4983896139603681267,inference_done,1765570236235,-1,-1,-1,-1,-1,8,300,300,33.8,-1,-1,-1,-1,-1,-1,-1,-1,-1,-1,-1,-1,-1,-1,-1,
1765570236775,InferenceEngine,4983896139603681267,inference_done,1765570236277,-1,-1,-1,-1,-1,7,300,300,33.55,-1,-1,-1,-1,-1,-1,-1,-1,-1,-1,-1,-1,-1,-1,-1,
1765570236814,InferenceEngine,4983896139603681267,inference_done,1765570236321,-1,-1,-1,-1,-1,8,300,300,33.8,-1,-1,-1,-1,-1,-1,-1,-1,-1,-1,-1,-1,-1,-1,-1,
1765570236864,InferenceEngine,4983896139603681267,inference_done,1765570236366,-1,-1,-1,-1,-1,8,300,300,33.8,-1,-1,-1,-1,-1,-1,-1,-1,-1,-1,-1,-1,-1,-1,-1,
1765570236902,InferenceEngine,4983896139603681267,inference_done,1765570236409,-1,-1,-1,-1,-1,8,300,300,33.55,-1,-1,-1,-1,-1,-1,-1,-1,-1,-1,-1,-1,-1,-1,-1,
1765570236950,InferenceEngine,4983896139603681267,inference_done,1765570236453,-1,-1,-1,-1,-1,7,300,300,33.8,-1,-1,-1,-1,-1,-1,-1,-1,-1,-1,-1,-1,-1,-1,-1,
1765570236989,InferenceEngine,4983896139603681267,inference_done,1765570236496,-1,-1,-1,-1,-1,8,300,300,34.05,-1,-1,-1,-1,-1,-1,-1,-1,-1,-1,-1,-1,-1,-1,-1,
1765570237037,InferenceEngine,4983896139603681267,inference_done,1765570236541,-1,-1,-1,-1,-1,7,300,300,33.55,-1,-1,-1,-1,-1,-1,-1,-1,-1,-1,-1,-1,-1,-1,-1,
1765570237076,InferenceEngine,4983896139603681267,inference_done,1765570236585,-1,-1,-1,-1,-1,8,300,300,33.8,-1,-1,-1,-1,-1,-1,-1,-1,-1,-1,-1,-1,-1,-1,-1,
1765570237124,InferenceEngine,4983896139603681267,inference_done,1765570236627,-1,-1,-1,-1,-1,7,300,300,33.8,-1,-1,-1,-1,-1,-1,-1,-1,-1,-1,-1,-1,-1,-1,-1,
1765570237163,InferenceEngine,4983896139603681267,inference_done,1765570236671,-1,-1,-1,-1,-1,8,300,300,33.55,-1,-1,-1,-1,-1,-1,-1,-1,-1,-1,-1,-1,-1,-1,-1,
1765570237213,InferenceEngine,4983896139603681267,inference_done,1765570236716,-1,-1,-1,-1,-1,7,300,300,33.8,-1,-1,-1,-1,-1,-1,-1,-1,-1,-1,-1,-1,-1,-1,-1,
1765570237251,InferenceEngine,4983896139603681267,inference_done,1765570236760,-1,-1,-1,-1,-1,8,300,300,33.55,-1,-1,-1,-1,-1,-1,-1,-1,-1,-1,-1,-1,-1,-1,-1,
1765570237300,InferenceEngine,4983896139603681267,inference_done,1765570236802,-1,-1,-1,-1,-1,7,300,300,33.55,-1,-1,-1,-1,-1,-1,-1,-1,-1,-1,-1,-1,-1,-1,-1,
1765570237338,InferenceEngine,4983896139603681267,inference_done,1765570236846,-1,-1,-1,-1,-1,8,300,300,33.55,-1,-1,-1,-1,-1,-1,-1,-1,-1,-1,-1,-1,-1,-1,-1,
1765570237387,InferenceEngine,4983896139603681267,inference_done,1765570236890,-1,-1,-1,-1,-1,7,300,300,33.55,-1,-1,-1,-1,-1,-1,-1,-1,-1,-1,-1,-1,-1,-1,-1,
1765570237426,InferenceEngine,4983896139603681267,inference_done,1765570236935,-1,-1,-1,-1,-1,8,300,300,33.8,-1,-1,-1,-1,-1,-1,-1,-1,-1,-1,-1,-1,-1,-1,-1,
1765570237474,InferenceEngine,4983896139603681267,inference_done,1765570236977,-1,-1,-1,-1,-1,7,300,300,33.8,-1,-1,-1,-1,-1,-1,-1,-1,-1,-1,-1,-1,-1,-1,-1,
1765570237522,InferenceEngine,4983896139603681267,inference_done,1765570237021,-1,-1,-1,-1,-1,7,300,300,33.55,-1,-1,-1,-1,-1,-1,-1,-1,-1,-1,-1,-1,-1,-1,-1,
1765570237560,InferenceEngine,4983896139603681267,inference_done,1765570237066,-1,-1,-1,-1,-1,7,300,300,33.55,-1,-1,-1,-1,-1,-1,-1,-1,-1,-1,-1,-1,-1,-1,-1,
1765570237609,InferenceEngine,4983896139603681267,inference_done,1765570237110,-1,-1,-1,-1,-1,7,300,300,33.55,-1,-1,-1,-1,-1,-1,-1,-1,-1,-1,-1,-1,-1,-1,-1,
1765570237649,InferenceEngine,4983896139603681267,inference_done,1765570237153,-1,-1,-1,-1,-1,7,300,300,33.8,-1,-1,-1,-1,-1,-1,-1,-1,-1,-1,-1,-1,-1,-1,-1,
1765570238859,InferenceEngine,4983896139603681267,inference_done,1765570237197,-1,-1,-1,-1,-1,12,300,300,33.55,-1,-1,-1,-1,-1,-1,-1,-1,-1,-1,-1,-1,-1,-1,-1,
1765570238867,InferenceEngine,4983896139603681267,inference_done,1765570237240,-1,-1,-1,-1,-1,7,300,300,33.55,-1,-1,-1,-1,-1,-1,-1,-1,-1,-1,-1,-1,-1,-1,-1,
1765570238876,InferenceEngine,4983896139603681267,inference_done,1765570237284,-1,-1,-1,-1,-1,8,300,300,33.55,-1,-1,-1,-1,-1,-1,-1,-1,-1,-1,-1,-1,-1,-1,-1,
1765570238884,InferenceEngine,4983896139603681267,inference_done,1765570237327,-1,-1,-1,-1,-1,7,300,300,33.8,-1,-1,-1,-1,-1,-1,-1,-1,-1,-1,-1,-1,-1,-1,-1,
1765570238891,InferenceEngine,4983896139603681267,inference_done,1765570237372,-1,-1,-1,-1,-1,7,300,300,33.8,-1,-1,-1,-1,-1,-1,-1,-1,-1,-1,-1,-1,-1,-1,-1,
1765570238902,InferenceEngine,4983896139603681267,inference_done,1765570237415,-1,-1,-1,-1,-1,10,300,300,34.05,-1,-1,-1,-1,-1,-1,-1,-1,-1,-1,-1,-1,-1,-1,-1,
1765570238910,InferenceEngine,4983896139603681267,inference_done,1765570237459,-1,-1,-1,-1,-1,7,300,300,33.8,-1,-1,-1,-1,-1,-1,-1,-1,-1,-1,-1,-1,-1,-1,-1,
1765570238919,InferenceEngine,4983896139603681267,inference_done,1765570237503,-1,-1,-1,-1,-1,8,300,300,34.05,-1,-1,-1,-1,-1,-1,-1,-1,-1,-1,-1,-1,-1,-1,-1,
1765570238927,InferenceEngine,4983896139603681267,inference_done,1765570238421,-1,-1,-1,-1,-1,7,300,300,33.8,-1,-1,-1,-1,-1,-1,-1,-1,-1,-1,-1,-1,-1,-1,-1,
1765570238965,InferenceEngine,4983896139603681267,inference_done,1765570238465,-1,-1,-1,-1,-1,7,300,300,34.05,-1,-1,-1,-1,-1,-1,-1,-1,-1,-1,-1,-1,-1,-1,-1,
1765570239003,InferenceEngine,4983896139603681267,inference_done,1765570238508,-1,-1,-1,-1,-1,7,300,300,34.05,-1,-1,-1,-1,-1,-1,-1,-1,-1,-1,-1,-1,-1,-1,-1,
1765570239050,InferenceEngine,4983896139603681267,inference_done,1765570238552,-1,-1,-1,-1,-1,7,300,300,33.8,-1,-1,-1,-1,-1,-1,-1,-1,-1,-1,-1,-1,-1,-1,-1,
1765570239089,InferenceEngine,4983896139603681267,inference_done,1765570238596,-1,-1,-1,-1,-1,8,300,300,33.55,-1,-1,-1,-1,-1,-1,-1,-1,-1,-1,-1,-1,-1,-1,-1,
1765570239137,InferenceEngine,4983896139603681267,inference_done,1765570238640,-1,-1,-1,-1,-1,7,300,300,33.8,-1,-1,-1,-1,-1,-1,-1,-1,-1,-1,-1,-1,-1,-1,-1,
1765570239174,InferenceEngine,4983896139603681267,inference_done,1765570238683,-1,-1,-1,-1,-1,7,300,300,33.8,-1,-1,-1,-1,-1,-1,-1,-1,-1,-1,-1,-1,-1,-1,-1,
1765570239222,InferenceEngine,4983896139603681267,inference_done,1765570238727,-1,-1,-1,-1,-1,7,300,300,33.8,-1,-1,-1,-1,-1,-1,-1,-1,-1,-1,-1,-1,-1,-1,-1,
1765570239270,InferenceEngine,4983896139603681267,inference_done,1765570238771,-1,-1,-1,-1,-1,7,300,300,33.55,-1,-1,-1,-1,-1,-1,-1,-1,-1,-1,-1,-1,-1,-1,-1,
1765570239308,InferenceEngine,4983896139603681267,inference_done,1765570238815,-1,-1,-1,-1,-1,7,300,300,33.8,-1,-1,-1,-1,-1,-1,-1,-1,-1,-1,-1,-1,-1,-1,-1,
1765570239355,InferenceEngine,4983896139603681267,inference_done,1765570238858,-1,-1,-1,-1,-1,7,300,300,33.8,-1,-1,-1,-1,-1,-1,-1,-1,-1,-1,-1,-1,-1,-1,-1,
1765570239393,InferenceEngine,4983896139603681267,inference_done,1765570238902,-1,-1,-1,-1,-1,7,300,300,33.8,-1,-1,-1,-1,-1,-1,-1,-1,-1,-1,-1,-1,-1,-1,-1,
1765570239441,InferenceEngine,4983896139603681267,inference_done,1765570238946,-1,-1,-1,-1,-1,7,300,300,34.05,-1,-1,-1,-1,-1,-1,-1,-1,-1,-1,-1,-1,-1,-1,-1,
1765570239480,InferenceEngine,4983896139603681267,inference_done,1765570238990,-1,-1,-1,-1,-1,8,300,300,33.8,-1,-1,-1,-1,-1,-1,-1,-1,-1,-1,-1,-1,-1,-1,-1,
1765570239528,InferenceEngine,4983896139603681267,inference_done,1765570239033,-1,-1,-1,-1,-1,7,300,300,33.8,-1,-1,-1,-1,-1,-1,-1,-1,-1,-1,-1,-1,-1,-1,-1,
1765570239576,InferenceEngine,4983896139603681267,inference_done,1765570239077,-1,-1,-1,-1,-1,7,300,300,33.8,-1,-1,-1,-1,-1,-1,-1,-1,-1,-1,-1,-1,-1,-1,-1,
1765570239614,InferenceEngine,4983896139603681267,inference_done,1765570239121,-1,-1,-1,-1,-1,8,300,300,34.05,-1,-1,-1,-1,-1,-1,-1,-1,-1,-1,-1,-1,-1,-1,-1,
1765570239662,InferenceEngine,4983896139603681267,inference_done,1765570239164,-1,-1,-1,-1,-1,7,300,300,34.05,-1,-1,-1,-1,-1,-1,-1,-1,-1,-1,-1,-1,-1,-1,-1,
1765570239701,InferenceEngine,4983896139603681267,inference_done,1765570239209,-1,-1,-1,-1,-1,8,300,300,33.55,-1,-1,-1,-1,-1,-1,-1,-1,-1,-1,-1,-1,-1,-1,-1,
1765570239749,InferenceEngine,4983896139603681267,inference_done,1765570239252,-1,-1,-1,-1,-1,7,300,300,33.55,-1,-1,-1,-1,-1,-1,-1,-1,-1,-1,-1,-1,-1,-1,-1,
1765570239797,InferenceEngine,4983896139603681267,inference_done,1765570239296,-1,-1,-1,-1,-1,7,300,300,33.8,-1,-1,-1,-1,-1,-1,-1,-1,-1,-1,-1,-1,-1,-1,-1,
1765570239835,InferenceEngine,4983896139603681267,inference_done,1765570239339,-1,-1,-1,-1,-1,7,300,300,34.05,-1,-1,-1,-1,-1,-1,-1,-1,-1,-1,-1,-1,-1,-1,-1,
1765570239882,InferenceEngine,4983896139603681267,inference_done,1765570239383,-1,-1,-1,-1,-1,7,300,300,33.8,-1,-1,-1,-1,-1,-1,-1,-1,-1,-1,-1,-1,-1,-1,-1,
1765570239920,InferenceEngine,4983896139603681267,inference_done,1765570239427,-1,-1,-1,-1,-1,7,300,300,33.8,-1,-1,-1,-1,-1,-1,-1,-1,-1,-1,-1,-1,-1,-1,-1,
1765570239968,InferenceEngine,4983896139603681267,inference_done,1765570239471,-1,-1,-1,-1,-1,7,300,300,33.8,-1,-1,-1,-1,-1,-1,-1,-1,-1,-1,-1,-1,-1,-1,-1,
1765570240005,InferenceEngine,4983896139603681267,inference_done,1765570239514,-1,-1,-1,-1,-1,7,300,300,33.55,-1,-1,-1,-1,-1,-1,-1,-1,-1,-1,-1,-1,-1,-1,-1,
1765570240054,InferenceEngine,4983896139603681267,inference_done,1765570239558,-1,-1,-1,-1,-1,7,300,300,33.8,-1,-1,-1,-1,-1,-1,-1,-1,-1,-1,-1,-1,-1,-1,-1,
1765570240092,InferenceEngine,4983896139603681267,inference_done,1765570239602,-1,-1,-1,-1,-1,7,300,300,33.8,-1,-1,-1,-1,-1,-1,-1,-1,-1,-1,-1,-1,-1,-1,-1,
1765570240139,InferenceEngine,4983896139603681267,inference_done,1765570239646,-1,-1,-1,-1,-1,7,300,300,33.55,-1,-1,-1,-1,-1,-1,-1,-1,-1,-1,-1,-1,-1,-1,-1,
1765570240187,InferenceEngine,4983896139603681267,inference_done,1765570239690,-1,-1,-1,-1,-1,7,300,300,33.55,-1,-1,-1,-1,-1,-1,-1,-1,-1,-1,-1,-1,-1,-1,-1,
1765570240225,InferenceEngine,4983896139603681267,inference_done,1765570239734,-1,-1,-1,-1,-1,7,300,300,33.8,-1,-1,-1,-1,-1,-1,-1,-1,-1,-1,-1,-1,-1,-1,-1,
1765570240273,InferenceEngine,4983896139603681267,inference_done,1765570239777,-1,-1,-1,-1,-1,7,300,300,33.55,-1,-1,-1,-1,-1,-1,-1,-1,-1,-1,-1,-1,-1,-1,-1,
1765570240321,InferenceEngine,4983896139603681267,inference_done,1765570239821,-1,-1,-1,-1,-1,7,300,300,33.8,-1,-1,-1,-1,-1,-1,-1,-1,-1,-1,-1,-1,-1,-1,-1,
1765570240358,InferenceEngine,4983896139603681267,inference_done,1765570239865,-1,-1,-1,-1,-1,7,300,300,33.8,-1,-1,-1,-1,-1,-1,-1,-1,-1,-1,-1,-1,-1,-1,-1,
1765570240406,InferenceEngine,4983896139603681267,inference_done,1765570239909,-1,-1,-1,-1,-1,7,300,300,34.05,-1,-1,-1,-1,-1,-1,-1,-1,-1,-1,-1,-1,-1,-1,-1,
1765570240444,InferenceEngine,4983896139603681267,inference_done,1765570239952,-1,-1,-1,-1,-1,7,300,300,33.8,-1,-1,-1,-1,-1,-1,-1,-1,-1,-1,-1,-1,-1,-1,-1,
1765570240491,InferenceEngine,4983896139603681267,inference_done,1765570239996,-1,-1,-1,-1,-1,7,300,300,33.8,-1,-1,-1,-1,-1,-1,-1,-1,-1,-1,-1,-1,-1,-1,-1,
1765570240530,InferenceEngine,4983896139603681267,inference_done,1765570240040,-1,-1,-1,-1,-1,8,300,300,33.55,-1,-1,-1,-1,-1,-1,-1,-1,-1,-1,-1,-1,-1,-1,-1,
1765570240578,InferenceEngine,4983896139603681267,inference_done,1765570240084,-1,-1,-1,-1,-1,7,300,300,33.8,-1,-1,-1,-1,-1,-1,-1,-1,-1,-1,-1,-1,-1,-1,-1,
1765570240626,InferenceEngine,4983896139603681267,inference_done,1765570240127,-1,-1,-1,-1,-1,7,300,300,33.55,-1,-1,-1,-1,-1,-1,-1,-1,-1,-1,-1,-1,-1,-1,-1,
1765570240664,InferenceEngine,4983896139603681267,inference_done,1765570240171,-1,-1,-1,-1,-1,7,300,300,33.8,-1,-1,-1,-1,-1,-1,-1,-1,-1,-1,-1,-1,-1,-1,-1,
1765570240712,InferenceEngine,4983896139603681267,inference_done,1765570240215,-1,-1,-1,-1,-1,7,300,300,33.8,-1,-1,-1,-1,-1,-1,-1,-1,-1,-1,-1,-1,-1,-1,-1,
1765570240750,InferenceEngine,4983896139603681267,inference_done,1765570240258,-1,-1,-1,-1,-1,7,300,300,34.05,-1,-1,-1,-1,-1,-1,-1,-1,-1,-1,-1,-1,-1,-1,-1,
1765570240797,InferenceEngine,4983896139603681267,inference_done,1765570240302,-1,-1,-1,-1,-1,7,300,300,33.55,-1,-1,-1,-1,-1,-1,-1,-1,-1,-1,-1,-1,-1,-1,-1,
1765570240845,InferenceEngine,4983896139603681267,inference_done,1765570240346,-1,-1,-1,-1,-1,7,300,300,33.55,-1,-1,-1,-1,-1,-1,-1,-1,-1,-1,-1,-1,-1,-1,-1,
1765570240883,InferenceEngine,4983896139603681267,inference_done,1765570240390,-1,-1,-1,-1,-1,7,300,300,33.55,-1,-1,-1,-1,-1,-1,-1,-1,-1,-1,-1,-1,-1,-1,-1,
1765570240930,InferenceEngine,4983896139603681267,inference_done,1765570240434,-1,-1,-1,-1,-1,7,300,300,33.8,-1,-1,-1,-1,-1,-1,-1,-1,-1,-1,-1,-1,-1,-1,-1,
1765570240968,InferenceEngine,4983896139603681267,inference_done,1765570240477,-1,-1,-1,-1,-1,7,300,300,33.8,-1,-1,-1,-1,-1,-1,-1,-1,-1,-1,-1,-1,-1,-1,-1,
1765570241016,InferenceEngine,4983896139603681267,inference_done,1765570240521,-1,-1,-1,-1,-1,7,300,300,33.8,-1,-1,-1,-1,-1,-1,-1,-1,-1,-1,-1,-1,-1,-1,-1,
1765570241054,InferenceEngine,4983896139603681267,inference_done,1765570240565,-1,-1,-1,-1,-1,8,300,300,33.55,-1,-1,-1,-1,-1,-1,-1,-1,-1,-1,-1,-1,-1,-1,-1,
1765570241102,InferenceEngine,4983896139603681267,inference_done,1765570240609,-1,-1,-1,-1,-1,7,300,300,33.8,-1,-1,-1,-1,-1,-1,-1,-1,-1,-1,-1,-1,-1,-1,-1,
1765570241150,InferenceEngine,4983896139603681267,inference_done,1765570240652,-1,-1,-1,-1,-1,7,300,300,33.8,-1,-1,-1,-1,-1,-1,-1,-1,-1,-1,-1,-1,-1,-1,-1,
1765570241189,InferenceEngine,4983896139603681267,inference_done,1765570240695,-1,-1,-1,-1,-1,8,300,300,33.8,-1,-1,-1,-1,-1,-1,-1,-1,-1,-1,-1,-1,-1,-1,-1,
1765570241237,InferenceEngine,4983896139603681267,inference_done,1765570240740,-1,-1,-1,-1,-1,7,300,300,33.55,-1,-1,-1,-1,-1,-1,-1,-1,-1,-1,-1,-1,-1,-1,-1,
1765570241274,InferenceEngine,4983896139603681267,inference_done,1765570240784,-1,-1,-1,-1,-1,7,300,300,33.8,-1,-1,-1,-1,-1,-1,-1,-1,-1,-1,-1,-1,-1,-1,-1,
1765570241322,InferenceEngine,4983896139603681267,inference_done,1765570240827,-1,-1,-1,-1,-1,7,300,300,33.55,-1,-1,-1,-1,-1,-1,-1,-1,-1,-1,-1,-1,-1,-1,-1,
1765570241369,InferenceEngine,4983896139603681267,inference_done,1765570240870,-1,-1,-1,-1,-1,7,300,300,33.3,-1,-1,-1,-1,-1,-1,-1,-1,-1,-1,-1,-1,-1,-1,-1,
1765570241407,InferenceEngine,4983896139603681267,inference_done,1765570240915,-1,-1,-1,-1,-1,7,300,300,33.8,-1,-1,-1,-1,-1,-1,-1,-1,-1,-1,-1,-1,-1,-1,-1,
1765570241454,InferenceEngine,4983896139603681267,inference_done,1765570240959,-1,-1,-1,-1,-1,7,300,300,33.55,-1,-1,-1,-1,-1,-1,-1,-1,-1,-1,-1,-1,-1,-1,-1,
1765570241492,InferenceEngine,4983896139603681267,inference_done,1765570241002,-1,-1,-1,-1,-1,6,300,300,33.55,-1,-1,-1,-1,-1,-1,-1,-1,-1,-1,-1,-1,-1,-1,-1,
1765570241539,InferenceEngine,4983896139603681267,inference_done,1765570241045,-1,-1,-1,-1,-1,7,300,300,33.55,-1,-1,-1,-1,-1,-1,-1,-1,-1,-1,-1,-1,-1,-1,-1,
1765570241578,InferenceEngine,4983896139603681267,inference_done,1765570241090,-1,-1,-1,-1,-1,8,300,300,33.3,-1,-1,-1,-1,-1,-1,-1,-1,-1,-1,-1,-1,-1,-1,-1,
1765570241627,InferenceEngine,4983896139603681267,inference_done,1765570241134,-1,-1,-1,-1,-1,7,300,300,33.8,-1,-1,-1,-1,-1,-1,-1,-1,-1,-1,-1,-1,-1,-1,-1,
1765570241674,InferenceEngine,4983896139603681267,inference_done,1765570241177,-1,-1,-1,-1,-1,7,300,300,33.55,-1,-1,-1,-1,-1,-1,-1,-1,-1,-1,-1,-1,-1,-1,-1,
1765570241713,InferenceEngine,4983896139603681267,inference_done,1765570241220,-1,-1,-1,-1,-1,8,300,300,33.55,-1,-1,-1,-1,-1,-1,-1,-1,-1,-1,-1,-1,-1,-1,-1,
1765570241761,InferenceEngine,4983896139603681267,inference_done,1765570241265,-1,-1,-1,-1,-1,7,300,300,33.55,-1,-1,-1,-1,-1,-1,-1,-1,-1,-1,-1,-1,-1,-1,-1,
1765570241798,InferenceEngine,4983896139603681267,inference_done,1765570241309,-1,-1,-1,-1,-1,7,300,300,33.8,-1,-1,-1,-1,-1,-1,-1,-1,-1,-1,-1,-1,-1,-1,-1,
1765570241846,InferenceEngine,4983896139603681267,inference_done,1765570241353,-1,-1,-1,-1,-1,7,300,300,33.55,-1,-1,-1,-1,-1,-1,-1,-1,-1,-1,-1,-1,-1,-1,-1,
1765570241895,InferenceEngine,4983896139603681267,inference_done,1765570241395,-1,-1,-1,-1,-1,7,300,300,33.8,-1,-1,-1,-1,-1,-1,-1,-1,-1,-1,-1,-1,-1,-1,-1,
1765570241932,InferenceEngine,4983896139603681267,inference_done,1765570241440,-1,-1,-1,-1,-1,7,300,300,33.8,-1,-1,-1,-1,-1,-1,-1,-1,-1,-1,-1,-1,-1,-1,-1,
1765570241979,InferenceEngine,4983896139603681267,inference_done,1765570241483,-1,-1,-1,-1,-1,7,300,300,33.8,-1,-1,-1,-1,-1,-1,-1,-1,-1,-1,-1,-1,-1,-1,-1,
1765570242017,InferenceEngine,4983896139603681267,inference_done,1765570241528,-1,-1,-1,-1,-1,6,300,300,33.55,-1,-1,-1,-1,-1,-1,-1,-1,-1,-1,-1,-1,-1,-1,-1,
1765570242064,InferenceEngine,4983896139603681267,inference_done,1765570241570,-1,-1,-1,-1,-1,7,300,300,33.55,-1,-1,-1,-1,-1,-1,-1,-1,-1,-1,-1,-1,-1,-1,-1,
1765570242112,InferenceEngine,4983896139603681267,inference_done,1765570241614,-1,-1,-1,-1,-1,7,300,300,33.8,-1,-1,-1,-1,-1,-1,-1,-1,-1,-1,-1,-1,-1,-1,-1,
1765570242150,InferenceEngine,4983896139603681267,inference_done,1765570241659,-1,-1,-1,-1,-1,7,300,300,33.55,-1,-1,-1,-1,-1,-1,-1,-1,-1,-1,-1,-1,-1,-1,-1,
1765570242198,InferenceEngine,4983896139603681267,inference_done,1765570241702,-1,-1,-1,-1,-1,7,300,300,33.8,-1,-1,-1,-1,-1,-1,-1,-1,-1,-1,-1,-1,-1,-1,-1,
1765570242245,InferenceEngine,4983896139603681267,inference_done,1765570241745,-1,-1,-1,-1,-1,7,300,300,33.55,-1,-1,-1,-1,-1,-1,-1,-1,-1,-1,-1,-1,-1,-1,-1,
1765570242283,InferenceEngine,4983896139603681267,inference_done,1765570241789,-1,-1,-1,-1,-1,7,300,300,33.8,-1,-1,-1,-1,-1,-1,-1,-1,-1,-1,-1,-1,-1,-1,-1,
1765570242331,InferenceEngine,4983896139603681267,inference_done,1765570241833,-1,-1,-1,-1,-1,7,300,300,33.8,-1,-1,-1,-1,-1,-1,-1,-1,-1,-1,-1,-1,-1,-1,-1,
1765570242370,InferenceEngine,4983896139603681267,inference_done,1765570241878,-1,-1,-1,-1,-1,8,300,300,33.55,-1,-1,-1,-1,-1,-1,-1,-1,-1,-1,-1,-1,-1,-1,-1,
1765570242418,InferenceEngine,4983896139603681267,inference_done,1765570241920,-1,-1,-1,-1,-1,7,300,300,33.8,-1,-1,-1,-1,-1,-1,-1,-1,-1,-1,-1,-1,-1,-1,-1,
1765570242456,InferenceEngine,4983896139603681267,inference_done,1765570241964,-1,-1,-1,-1,-1,7,300,300,33.55,-1,-1,-1,-1,-1,-1,-1,-1,-1,-1,-1,-1,-1,-1,-1,
1765570242503,InferenceEngine,4983896139603681267,inference_done,1765570242008,-1,-1,-1,-1,-1,7,300,300,33.8,-1,-1,-1,-1,-1,-1,-1,-1,-1,-1,-1,-1,-1,-1,-1,
1765570242541,InferenceEngine,4983896139603681267,inference_done,1765570242053,-1,-1,-1,-1,-1,6,300,300,33.55,-1,-1,-1,-1,-1,-1,-1,-1,-1,-1,-1,-1,-1,-1,-1,
1765570242619,InferenceEngine,4983896139603681267,inference_done,1765570242096,-1,-1,-1,-1,-1,7,300,300,33.8,-1,-1,-1,-1,-1,-1,-1,-1,-1,-1,-1,-1,-1,-1,-1,
1765570242636,InferenceEngine,4983896139603681267,inference_done,1765570242139,-1,-1,-1,-1,-1,7,300,300,33.8,-1,-1,-1,-1,-1,-1,-1,-1,-1,-1,-1,-1,-1,-1,-1,
1765570242675,InferenceEngine,4983896139603681267,inference_done,1765570242184,-1,-1,-1,-1,-1,7,300,300,33.55,-1,-1,-1,-1,-1,-1,-1,-1,-1,-1,-1,-1,-1,-1,-1,
1765570242723,InferenceEngine,4983896139603681267,inference_done,1765570242227,-1,-1,-1,-1,-1,7,300,300,33.8,-1,-1,-1,-1,-1,-1,-1,-1,-1,-1,-1,-1,-1,-1,-1,
1765570242760,InferenceEngine,4983896139603681267,inference_done,1765570242271,-1,-1,-1,-1,-1,7,300,300,33.8,-1,-1,-1,-1,-1,-1,-1,-1,-1,-1,-1,-1,-1,-1,-1,
1765570242808,InferenceEngine,4983896139603681267,inference_done,1765570242314,-1,-1,-1,-1,-1,7,300,300,33.55,-1,-1,-1,-1,-1,-1,-1,-1,-1,-1,-1,-1,-1,-1,-1,
1765570242855,InferenceEngine,4983896139603681267,inference_done,1765570242358,-1,-1,-1,-1,-1,7,300,300,33.8,-1,-1,-1,-1,-1,-1,-1,-1,-1,-1,-1,-1,-1,-1,-1,
1765570242893,InferenceEngine,4983896139603681267,inference_done,1765570242402,-1,-1,-1,-1,-1,7,300,300,33.3,-1,-1,-1,-1,-1,-1,-1,-1,-1,-1,-1,-1,-1,-1,-1,
1765570242941,InferenceEngine,4983896139603681267,inference_done,1765570242446,-1,-1,-1,-1,-1,7,300,300,33.55,-1,-1,-1,-1,-1,-1,-1,-1,-1,-1,-1,-1,-1,-1,-1,
1765570242979,InferenceEngine,4983896139603681267,inference_done,1765570242489,-1,-1,-1,-1,-1,8,300,300,33.55,-1,-1,-1,-1,-1,-1,-1,-1,-1,-1,-1,-1,-1,-1,-1,
1765570243027,InferenceEngine,4983896139603681267,inference_done,1765570242533,-1,-1,-1,-1,-1,7,300,300,33.55,-1,-1,-1,-1,-1,-1,-1,-1,-1,-1,-1,-1,-1,-1,-1,
1765570243075,InferenceEngine,4983896139603681267,inference_done,1765570242576,-1,-1,-1,-1,-1,7,300,300,33.55,-1,-1,-1,-1,-1,-1,-1,-1,-1,-1,-1,-1,-1,-1,-1,
1765570243113,InferenceEngine,4983896139603681267,inference_done,1765570242621,-1,-1,-1,-1,-1,7,300,300,33.55,-1,-1,-1,-1,-1,-1,-1,-1,-1,-1,-1,-1,-1,-1,-1,
1765570243161,InferenceEngine,4983896139603681267,inference_done,1765570242664,-1,-1,-1,-1,-1,7,300,300,33.55,-1,-1,-1,-1,-1,-1,-1,-1,-1,-1,-1,-1,-1,-1,-1,
1765570243199,InferenceEngine,4983896139603681267,inference_done,1765570242708,-1,-1,-1,-1,-1,7,300,300,33.55,-1,-1,-1,-1,-1,-1,-1,-1,-1,-1,-1,-1,-1,-1,-1,
1765570243247,InferenceEngine,4983896139603681267,inference_done,1765570242752,-1,-1,-1,-1,-1,7,300,300,33.55,-1,-1,-1,-1,-1,-1,-1,-1,-1,-1,-1,-1,-1,-1,-1,
1765570243294,InferenceEngine,4983896139603681267,inference_done,1765570242796,-1,-1,-1,-1,-1,7,300,300,33.8,-1,-1,-1,-1,-1,-1,-1,-1,-1,-1,-1,-1,-1,-1,-1,
1765570243333,InferenceEngine,4983896139603681267,inference_done,1765570242839,-1,-1,-1,-1,-1,7,300,300,33.8,-1,-1,-1,-1,-1,-1,-1,-1,-1,-1,-1,-1,-1,-1,-1,
1765570243380,InferenceEngine,4983896139603681267,inference_done,1765570242883,-1,-1,-1,-1,-1,7,300,300,33.55,-1,-1,-1,-1,-1,-1,-1,-1,-1,-1,-1,-1,-1,-1,-1,
1765570243418,InferenceEngine,4983896139603681267,inference_done,1765570242927,-1,-1,-1,-1,-1,7,300,300,33.8,-1,-1,-1,-1,-1,-1,-1,-1,-1,-1,-1,-1,-1,-1,-1,
1765570243467,InferenceEngine,4983896139603681267,inference_done,1765570242971,-1,-1,-1,-1,-1,7,300,300,33.8,-1,-1,-1,-1,-1,-1,-1,-1,-1,-1,-1,-1,-1,-1,-1,
1765570243505,InferenceEngine,4983896139603681267,inference_done,1765570243014,-1,-1,-1,-1,-1,7,300,300,33.8,-1,-1,-1,-1,-1,-1,-1,-1,-1,-1,-1,-1,-1,-1,-1,
1765570243553,InferenceEngine,4983896139603681267,inference_done,1765570243058,-1,-1,-1,-1,-1,7,300,300,33.8,-1,-1,-1,-1,-1,-1,-1,-1,-1,-1,-1,-1,-1,-1,-1,
1765570243590,InferenceEngine,4983896139603681267,inference_done,1765570243102,-1,-1,-1,-1,-1,7,300,300,33.8,-1,-1,-1,-1,-1,-1,-1,-1,-1,-1,-1,-1,-1,-1,-1,
1765570243638,InferenceEngine,4983896139603681267,inference_done,1765570243145,-1,-1,-1,-1,-1,7,300,300,33.8,-1,-1,-1,-1,-1,-1,-1,-1,-1,-1,-1,-1,-1,-1,-1,
1765570243686,InferenceEngine,4983896139603681267,inference_done,1765570243189,-1,-1,-1,-1,-1,7,300,300,33.55,-1,-1,-1,-1,-1,-1,-1,-1,-1,-1,-1,-1,-1,-1,-1,
1765570243724,InferenceEngine,4983896139603681267,inference_done,1765570243233,-1,-1,-1,-1,-1,7,300,300,33.55,-1,-1,-1,-1,-1,-1,-1,-1,-1,-1,-1,-1,-1,-1,-1,
1765570243772,InferenceEngine,4983896139603681267,inference_done,1765570243277,-1,-1,-1,-1,-1,7,300,300,33.8,-1,-1,-1,-1,-1,-1,-1,-1,-1,-1,-1,-1,-1,-1,-1,
1765570243819,InferenceEngine,4983896139603681267,inference_done,1765570243321,-1,-1,-1,-1,-1,7,300,300,34.05,-1,-1,-1,-1,-1,-1,-1,-1,-1,-1,-1,-1,-1,-1,-1,
1765570243857,InferenceEngine,4983896139603681267,inference_done,1765570243365,-1,-1,-1,-1,-1,7,300,300,33.55,-1,-1,-1,-1,-1,-1,-1,-1,-1,-1,-1,-1,-1,-1,-1,
1765570243905,InferenceEngine,4983896139603681267,inference_done,1765570243408,-1,-1,-1,-1,-1,7,300,300,33.8,-1,-1,-1,-1,-1,-1,-1,-1,-1,-1,-1,-1,-1,-1,-1,
1765570243944,InferenceEngine,4983896139603681267,inference_done,1765570243452,-1,-1,-1,-1,-1,8,300,300,34.05,-1,-1,-1,-1,-1,-1,-1,-1,-1,-1,-1,-1,-1,-1,-1,
1765570243992,InferenceEngine,4983896139603681267,inference_done,1765570243496,-1,-1,-1,-1,-1,7,300,300,33.8,-1,-1,-1,-1,-1,-1,-1,-1,-1,-1,-1,-1,-1,-1,-1,
1765570244032,InferenceEngine,4983896139603681267,inference_done,1765570243540,-1,-1,-1,-1,-1,9,300,300,34.05,-1,-1,-1,-1,-1,-1,-1,-1,-1,-1,-1,-1,-1,-1,-1,
1765570244081,InferenceEngine,4983896139603681267,inference_done,1765570243584,-1,-1,-1,-1,-1,7,300,300,33.8,-1,-1,-1,-1,-1,-1,-1,-1,-1,-1,-1,-1,-1,-1,-1,
1765570244120,InferenceEngine,4983896139603681267,inference_done,1765570243626,-1,-1,-1,-1,-1,8,300,300,33.8,-1,-1,-1,-1,-1,-1,-1,-1,-1,-1,-1,-1,-1,-1,-1,
1765570244169,InferenceEngine,4983896139603681267,inference_done,1765570243670,-1,-1,-1,-1,-1,7,300,300,33.8,-1,-1,-1,-1,-1,-1,-1,-1,-1,-1,-1,-1,-1,-1,-1,
1765570244208,InferenceEngine,4983896139603681267,inference_done,1765570243715,-1,-1,-1,-1,-1,8,300,300,34.05,-1,-1,-1,-1,-1,-1,-1,-1,-1,-1,-1,-1,-1,-1,-1,
1765570244256,InferenceEngine,4983896139603681267,inference_done,1765570243758,-1,-1,-1,-1,-1,7,300,300,33.8,-1,-1,-1,-1,-1,-1,-1,-1,-1,-1,-1,-1,-1,-1,-1,
1765570244295,InferenceEngine,4983896139603681267,inference_done,1765570243802,-1,-1,-1,-1,-1,8,300,300,33.8,-1,-1,-1,-1,-1,-1,-1,-1,-1,-1,-1,-1,-1,-1,-1,
1765570244344,InferenceEngine,4983896139603681267,inference_done,1765570243846,-1,-1,-1,-1,-1,8,300,300,33.8,-1,-1,-1,-1,-1,-1,-1,-1,-1,-1,-1,-1,-1,-1,-1,
1765570244383,InferenceEngine,4983896139603681267,inference_done,1765570243890,-1,-1,-1,-1,-1,8,300,300,34.05,-1,-1,-1,-1,-1,-1,-1,-1,-1,-1,-1,-1,-1,-1,-1,
1765570244432,InferenceEngine,4983896139603681267,inference_done,1765570243932,-1,-1,-1,-1,-1,7,300,300,33.8,-1,-1,-1,-1,-1,-1,-1,-1,-1,-1,-1,-1,-1,-1,-1,
1765570244471,InferenceEngine,4983896139603681267,inference_done,1765570243977,-1,-1,-1,-1,-1,8,300,300,34.05,-1,-1,-1,-1,-1,-1,-1,-1,-1,-1,-1,-1,-1,-1,-1,
1765570244519,InferenceEngine,4983896139603681267,inference_done,1765570244021,-1,-1,-1,-1,-1,7,300,300,33.8,-1,-1,-1,-1,-1,-1,-1,-1,-1,-1,-1,-1,-1,-1,-1,
1765570244559,InferenceEngine,4983896139603681267,inference_done,1765570244065,-1,-1,-1,-1,-1,9,300,300,34.05,-1,-1,-1,-1,-1,-1,-1,-1,-1,-1,-1,-1,-1,-1,-1,
1765570244608,InferenceEngine,4983896139603681267,inference_done,1765570244108,-1,-1,-1,-1,-1,7,300,300,33.55,-1,-1,-1,-1,-1,-1,-1,-1,-1,-1,-1,-1,-1,-1,-1,
1765570244646,InferenceEngine,4983896139603681267,inference_done,1765570244152,-1,-1,-1,-1,-1,8,300,300,33.55,-1,-1,-1,-1,-1,-1,-1,-1,-1,-1,-1,-1,-1,-1,-1,
1765570244695,InferenceEngine,4983896139603681267,inference_done,1765570244196,-1,-1,-1,-1,-1,7,300,300,34.05,-1,-1,-1,-1,-1,-1,-1,-1,-1,-1,-1,-1,-1,-1,-1,
1765570244733,InferenceEngine,4983896139603681267,inference_done,1765570244240,-1,-1,-1,-1,-1,8,300,300,33.8,-1,-1,-1,-1,-1,-1,-1,-1,-1,-1,-1,-1,-1,-1,-1,
1765570244783,InferenceEngine,4983896139603681267,inference_done,1765570244282,-1,-1,-1,-1,-1,8,300,300,33.8,-1,-1,-1,-1,-1,-1,-1,-1,-1,-1,-1,-1,-1,-1,-1,
1765570244821,InferenceEngine,4983896139603681267,inference_done,1765570244326,-1,-1,-1,-1,-1,8,300,300,33.55,-1,-1,-1,-1,-1,-1,-1,-1,-1,-1,-1,-1,-1,-1,-1,
1765570244870,InferenceEngine,4983896139603681267,inference_done,1765570244371,-1,-1,-1,-1,-1,7,300,300,33.8,-1,-1,-1,-1,-1,-1,-1,-1,-1,-1,-1,-1,-1,-1,-1,
1765570244909,InferenceEngine,4983896139603681267,inference_done,1765570244414,-1,-1,-1,-1,-1,8,300,300,33.8,-1,-1,-1,-1,-1,-1,-1,-1,-1,-1,-1,-1,-1,-1,-1,
1765570244957,InferenceEngine,4983896139603681267,inference_done,1765570244457,-1,-1,-1,-1,-1,7,300,300,33.55,-1,-1,-1,-1,-1,-1,-1,-1,-1,-1,-1,-1,-1,-1,-1,
1765570244995,InferenceEngine,4983896139603681267,inference_done,1765570244502,-1,-1,-1,-1,-1,7,300,300,33.55,-1,-1,-1,-1,-1,-1,-1,-1,-1,-1,-1,-1,-1,-1,-1,
1765570245044,InferenceEngine,4983896139603681267,inference_done,1765570244545,-1,-1,-1,-1,-1,7,300,300,33.8,-1,-1,-1,-1,-1,-1,-1,-1,-1,-1,-1,-1,-1,-1,-1,
1765570245082,InferenceEngine,4983896139603681267,inference_done,1765570244590,-1,-1,-1,-1,-1,7,300,300,33.8,-1,-1,-1,-1,-1,-1,-1,-1,-1,-1,-1,-1,-1,-1,-1,
1765570245130,InferenceEngine,4983896139603681267,inference_done,1765570244632,-1,-1,-1,-1,-1,7,300,300,33.8,-1,-1,-1,-1,-1,-1,-1,-1,-1,-1,-1,-1,-1,-1,-1,
1765570245169,InferenceEngine,4983896139603681267,inference_done,1765570244677,-1,-1,-1,-1,-1,8,300,300,34.05,-1,-1,-1,-1,-1,-1,-1,-1,-1,-1,-1,-1,-1,-1,-1,
1765570245218,InferenceEngine,4983896139603681267,inference_done,1765570244721,-1,-1,-1,-1,-1,7,300,300,33.8,-1,-1,-1,-1,-1,-1,-1,-1,-1,-1,-1,-1,-1,-1,-1,
1765570245257,InferenceEngine,4983896139603681267,inference_done,1765570244764,-1,-1,-1,-1,-1,8,300,300,33.55,-1,-1,-1,-1,-1,-1,-1,-1,-1,-1,-1,-1,-1,-1,-1,
1765570245305,InferenceEngine,4983896139603681267,inference_done,1765570244807,-1,-1,-1,-1,-1,7,300,300,33.8,-1,-1,-1,-1,-1,-1,-1,-1,-1,-1,-1,-1,-1,-1,-1,
1765570245344,InferenceEngine,4983896139603681267,inference_done,1765570244852,-1,-1,-1,-1,-1,8,300,300,33.8,-1,-1,-1,-1,-1,-1,-1,-1,-1,-1,-1,-1,-1,-1,-1,
1765570245394,InferenceEngine,4983896139603681267,inference_done,1765570244896,-1,-1,-1,-1,-1,8,300,300,33.8,-1,-1,-1,-1,-1,-1,-1,-1,-1,-1,-1,-1,-1,-1,-1,
1765570245432,InferenceEngine,4983896139603681267,inference_done,1765570244939,-1,-1,-1,-1,-1,7,300,300,34.05,-1,-1,-1,-1,-1,-1,-1,-1,-1,-1,-1,-1,-1,-1,-1,
1765570245480,InferenceEngine,4983896139603681267,inference_done,1765570244982,-1,-1,-1,-1,-1,7,300,300,34.05,-1,-1,-1,-1,-1,-1,-1,-1,-1,-1,-1,-1,-1,-1,-1,
1765570245519,InferenceEngine,4983896139603681267,inference_done,1765570245027,-1,-1,-1,-1,-1,7,300,300,33.8,-1,-1,-1,-1,-1,-1,-1,-1,-1,-1,-1,-1,-1,-1,-1,
1765570245567,InferenceEngine,4983896139603681267,inference_done,1765570245071,-1,-1,-1,-1,-1,7,300,300,33.55,-1,-1,-1,-1,-1,-1,-1,-1,-1,-1,-1,-1,-1,-1,-1,
1765570245605,InferenceEngine,4983896139603681267,inference_done,1765570245114,-1,-1,-1,-1,-1,7,300,300,33.8,-1,-1,-1,-1,-1,-1,-1,-1,-1,-1,-1,-1,-1,-1,-1,
1765570245653,InferenceEngine,4983896139603681267,inference_done,1765570245157,-1,-1,-1,-1,-1,8,300,300,34.05,-1,-1,-1,-1,-1,-1,-1,-1,-1,-1,-1,-1,-1,-1,-1,
1765570245692,InferenceEngine,4983896139603681267,inference_done,1765570245202,-1,-1,-1,-1,-1,7,300,300,33.8,-1,-1,-1,-1,-1,-1,-1,-1,-1,-1,-1,-1,-1,-1,-1,
1765570245740,InferenceEngine,4983896139603681267,inference_done,1765570245246,-1,-1,-1,-1,-1,7,300,300,33.8,-1,-1,-1,-1,-1,-1,-1,-1,-1,-1,-1,-1,-1,-1,-1,
1765570245788,InferenceEngine,4983896139603681267,inference_done,1765570245290,-1,-1,-1,-1,-1,7,300,300,34.05,-1,-1,-1,-1,-1,-1,-1,-1,-1,-1,-1,-1,-1,-1,-1,
1765570245826,InferenceEngine,4983896139603681267,inference_done,1765570245332,-1,-1,-1,-1,-1,7,300,300,33.8,-1,-1,-1,-1,-1,-1,-1,-1,-1,-1,-1,-1,-1,-1,-1,
1765570245874,InferenceEngine,4983896139603681267,inference_done,1765570245377,-1,-1,-1,-1,-1,7,300,300,33.8,-1,-1,-1,-1,-1,-1,-1,-1,-1,-1,-1,-1,-1,-1,-1,
1765570245914,InferenceEngine,4983896139603681267,inference_done,1765570245421,-1,-1,-1,-1,-1,8,300,300,33.8,-1,-1,-1,-1,-1,-1,-1,-1,-1,-1,-1,-1,-1,-1,-1,
1765570245962,InferenceEngine,4983896139603681267,inference_done,1765570245463,-1,-1,-1,-1,-1,7,300,300,33.8,-1,-1,-1,-1,-1,-1,-1,-1,-1,-1,-1,-1,-1,-1,-1,
1765570246000,InferenceEngine,4983896139603681267,inference_done,1765570245507,-1,-1,-1,-1,-1,7,300,300,33.8,-1,-1,-1,-1,-1,-1,-1,-1,-1,-1,-1,-1,-1,-1,-1,
1765570246048,InferenceEngine,4983896139603681267,inference_done,1765570245551,-1,-1,-1,-1,-1,7,300,300,33.8,-1,-1,-1,-1,-1,-1,-1,-1,-1,-1,-1,-1,-1,-1,-1,
1765570246087,InferenceEngine,4983896139603681267,inference_done,1765570245596,-1,-1,-1,-1,-1,8,300,300,33.8,-1,-1,-1,-1,-1,-1,-1,-1,-1,-1,-1,-1,-1,-1,-1,
1765570246135,InferenceEngine,4983896139603681267,inference_done,1765570245638,-1,-1,-1,-1,-1,7,300,300,34.05,-1,-1,-1,-1,-1,-1,-1,-1,-1,-1,-1,-1,-1,-1,-1,
1765570246173,InferenceEngine,4983896139603681267,inference_done,1765570245682,-1,-1,-1,-1,-1,7,300,300,33.8,-1,-1,-1,-1,-1,-1,-1,-1,-1,-1,-1,-1,-1,-1,-1,
1765570246222,InferenceEngine,4983896139603681267,inference_done,1765570245727,-1,-1,-1,-1,-1,8,300,300,34.05,-1,-1,-1,-1,-1,-1,-1,-1,-1,-1,-1,-1,-1,-1,-1,
1765570246272,InferenceEngine,4983896139603681267,inference_done,1765570245771,-1,-1,-1,-1,-1,9,300,300,33.8,-1,-1,-1,-1,-1,-1,-1,-1,-1,-1,-1,-1,-1,-1,-1,
1765570246310,InferenceEngine,4983896139603681267,inference_done,1765570245813,-1,-1,-1,-1,-1,7,300,300,33.8,-1,-1,-1,-1,-1,-1,-1,-1,-1,-1,-1,-1,-1,-1,-1,
1765570246348,InferenceEngine,4983896139603681267,inference_done,1765570245857,-1,-1,-1,-1,-1,7,300,300,33.55,-1,-1,-1,-1,-1,-1,-1,-1,-1,-1,-1,-1,-1,-1,-1,
1765570246397,InferenceEngine,4983896139603681267,inference_done,1765570245902,-1,-1,-1,-1,-1,8,300,300,34.05,-1,-1,-1,-1,-1,-1,-1,-1,-1,-1,-1,-1,-1,-1,-1,
1765570246445,InferenceEngine,4983896139603681267,inference_done,1765570245946,-1,-1,-1,-1,-1,7,300,300,33.8,-1,-1,-1,-1,-1,-1,-1,-1,-1,-1,-1,-1,-1,-1,-1,
1765570246484,InferenceEngine,4983896139603681267,inference_done,1765570245988,-1,-1,-1,-1,-1,8,300,300,34.05,-1,-1,-1,-1,-1,-1,-1,-1,-1,-1,-1,-1,-1,-1,-1,
1765570246533,InferenceEngine,4983896139603681267,inference_done,1765570246033,-1,-1,-1,-1,-1,7,300,300,33.8,-1,-1,-1,-1,-1,-1,-1,-1,-1,-1,-1,-1,-1,-1,-1,
1765570246572,InferenceEngine,4983896139603681267,inference_done,1765570246077,-1,-1,-1,-1,-1,8,300,300,34.05,-1,-1,-1,-1,-1,-1,-1,-1,-1,-1,-1,-1,-1,-1,-1,
1765570246620,InferenceEngine,4983896139603681267,inference_done,1765570246120,-1,-1,-1,-1,-1,7,300,300,34.05,-1,-1,-1,-1,-1,-1,-1,-1,-1,-1,-1,-1,-1,-1,-1,
1765570246658,InferenceEngine,4983896139603681267,inference_done,1765570246163,-1,-1,-1,-1,-1,7,300,300,33.8,-1,-1,-1,-1,-1,-1,-1,-1,-1,-1,-1,-1,-1,-1,-1,
1765570246707,InferenceEngine,4983896139603681267,inference_done,1765570246207,-1,-1,-1,-1,-1,7,300,300,33.8,-1,-1,-1,-1,-1,-1,-1,-1,-1,-1,-1,-1,-1,-1,-1,
1765570246745,InferenceEngine,4983896139603681267,inference_done,1765570246252,-1,-1,-1,-1,-1,8,300,300,33.8,-1,-1,-1,-1,-1,-1,-1,-1,-1,-1,-1,-1,-1,-1,-1,
1765570246794,InferenceEngine,4983896139603681267,inference_done,1765570246295,-1,-1,-1,-1,-1,7,300,300,34.05,-1,-1,-1,-1,-1,-1,-1,-1,-1,-1,-1,-1,-1,-1,-1,
1765570246833,InferenceEngine,4983896139603681267,inference_done,1765570246338,-1,-1,-1,-1,-1,8,300,300,33.8,-1,-1,-1,-1,-1,-1,-1,-1,-1,-1,-1,-1,-1,-1,-1,
1765570246882,InferenceEngine,4983896139603681267,inference_done,1765570246382,-1,-1,-1,-1,-1,7,300,300,33.8,-1,-1,-1,-1,-1,-1,-1,-1,-1,-1,-1,-1,-1,-1,-1,
1765570246920,InferenceEngine,4983896139603681267,inference_done,1765570246426,-1,-1,-1,-1,-1,7,300,300,33.55,-1,-1,-1,-1,-1,-1,-1,-1,-1,-1,-1,-1,-1,-1,-1,
1765570246968,InferenceEngine,4983896139603681267,inference_done,1765570246470,-1,-1,-1,-1,-1,7,300,300,33.8,-1,-1,-1,-1,-1,-1,-1,-1,-1,-1,-1,-1,-1,-1,-1,
1765570247006,InferenceEngine,4983896139603681267,inference_done,1765570246514,-1,-1,-1,-1,-1,7,300,300,33.8,-1,-1,-1,-1,-1,-1,-1,-1,-1,-1,-1,-1,-1,-1,-1,
1765570247055,InferenceEngine,4983896139603681267,inference_done,1765570246557,-1,-1,-1,-1,-1,7,300,300,33.8,-1,-1,-1,-1,-1,-1,-1,-1,-1,-1,-1,-1,-1,-1,-1,
1765570247093,InferenceEngine,4983896139603681267,inference_done,1765570246601,-1,-1,-1,-1,-1,7,300,300,33.55,-1,-1,-1,-1,-1,-1,-1,-1,-1,-1,-1,-1,-1,-1,-1,
1765570247141,InferenceEngine,4983896139603681267,inference_done,1765570246645,-1,-1,-1,-1,-1,7,300,300,33.8,-1,-1,-1,-1,-1,-1,-1,-1,-1,-1,-1,-1,-1,-1,-1,
1765570247180,InferenceEngine,4983896139603681267,inference_done,1765570246688,-1,-1,-1,-1,-1,7,300,300,33.8,-1,-1,-1,-1,-1,-1,-1,-1,-1,-1,-1,-1,-1,-1,-1,
1765570247227,InferenceEngine,4983896139603681267,inference_done,1765570246732,-1,-1,-1,-1,-1,7,300,300,34.05,-1,-1,-1,-1,-1,-1,-1,-1,-1,-1,-1,-1,-1,-1,-1,
1765570247276,InferenceEngine,4983896139603681267,inference_done,1765570246776,-1,-1,-1,-1,-1,7,300,300,33.8,-1,-1,-1,-1,-1,-1,-1,-1,-1,-1,-1,-1,-1,-1,-1,
1765570247315,InferenceEngine,4983896139603681267,inference_done,1765570246821,-1,-1,-1,-1,-1,8,300,300,34.05,-1,-1,-1,-1,-1,-1,-1,-1,-1,-1,-1,-1,-1,-1,-1,
1765570247364,InferenceEngine,4983896139603681267,inference_done,1765570246863,-1,-1,-1,-1,-1,7,300,300,33.8,-1,-1,-1,-1,-1,-1,-1,-1,-1,-1,-1,-1,-1,-1,-1,
1765570247403,InferenceEngine,4983896139603681267,inference_done,1765570246907,-1,-1,-1,-1,-1,8,300,300,33.8,-1,-1,-1,-1,-1,-1,-1,-1,-1,-1,-1,-1,-1,-1,-1,
1765570247441,InferenceEngine,4983896139603681267,inference_done,1765570246951,-1,-1,-1,-1,-1,7,300,300,33.8,-1,-1,-1,-1,-1,-1,-1,-1,-1,-1,-1,-1,-1,-1,-1,
1765570247490,InferenceEngine,4983896139603681267,inference_done,1765570246994,-1,-1,-1,-1,-1,9,300,300,33.8,-1,-1,-1,-1,-1,-1,-1,-1,-1,-1,-1,-1,-1,-1,-1,
1765570247528,InferenceEngine,4983896139603681267,inference_done,1765570247038,-1,-1,-1,-1,-1,7,300,300,33.8,-1,-1,-1,-1,-1,-1,-1,-1,-1,-1,-1,-1,-1,-1,-1,
1765570247577,InferenceEngine,4983896139603681267,inference_done,1765570247082,-1,-1,-1,-1,-1,7,300,300,33.8,-1,-1,-1,-1,-1,-1,-1,-1,-1,-1,-1,-1,-1,-1,-1,
1765570247624,InferenceEngine,4983896139603681267,inference_done,1765570247126,-1,-1,-1,-1,-1,7,300,300,33.8,-1,-1,-1,-1,-1,-1,-1,-1,-1,-1,-1,-1,-1,-1,-1,
1765570247663,InferenceEngine,4983896139603681267,inference_done,1765570247169,-1,-1,-1,-1,-1,7,300,300,33.8,-1,-1,-1,-1,-1,-1,-1,-1,-1,-1,-1,-1,-1,-1,-1,
1765570247711,InferenceEngine,4983896139603681267,inference_done,1765570247213,-1,-1,-1,-1,-1,7,300,300,33.8,-1,-1,-1,-1,-1,-1,-1,-1,-1,-1,-1,-1,-1,-1,-1,
1765570247748,InferenceEngine,4983896139603681267,inference_done,1765570247257,-1,-1,-1,-1,-1,7,300,300,33.8,-1,-1,-1,-1,-1,-1,-1,-1,-1,-1,-1,-1,-1,-1,-1,
1765570247796,InferenceEngine,4983896139603681267,inference_done,1765570247301,-1,-1,-1,-1,-1,7,300,300,33.8,-1,-1,-1,-1,-1,-1,-1,-1,-1,-1,-1,-1,-1,-1,-1,
1765570247844,InferenceEngine,4983896139603681267,inference_done,1765570247344,-1,-1,-1,-1,-1,7,300,300,33.8,-1,-1,-1,-1,-1,-1,-1,-1,-1,-1,-1,-1,-1,-1,-1,
1765570247883,InferenceEngine,4983896139603681267,inference_done,1765570247388,-1,-1,-1,-1,-1,7,300,300,33.55,-1,-1,-1,-1,-1,-1,-1,-1,-1,-1,-1,-1,-1,-1,-1,
1765570247931,InferenceEngine,4983896139603681267,inference_done,1765570247433,-1,-1,-1,-1,-1,7,300,300,34.05,-1,-1,-1,-1,-1,-1,-1,-1,-1,-1,-1,-1,-1,-1,-1,
1765570247969,InferenceEngine,4983896139603681267,inference_done,1765570247477,-1,-1,-1,-1,-1,7,300,300,34.05,-1,-1,-1,-1,-1,-1,-1,-1,-1,-1,-1,-1,-1,-1,-1,
1765570248017,InferenceEngine,4983896139603681267,inference_done,1765570247519,-1,-1,-1,-1,-1,7,300,300,33.8,-1,-1,-1,-1,-1,-1,-1,-1,-1,-1,-1,-1,-1,-1,-1,
1765570248055,InferenceEngine,4983896139603681267,inference_done,1765570247563,-1,-1,-1,-1,-1,7,300,300,33.8,-1,-1,-1,-1,-1,-1,-1,-1,-1,-1,-1,-1,-1,-1,-1,
1765570248104,InferenceEngine,4983896139603681267,inference_done,1765570247608,-1,-1,-1,-1,-1,7,300,300,33.8,-1,-1,-1,-1,-1,-1,-1,-1,-1,-1,-1,-1,-1,-1,-1,
1765570248143,InferenceEngine,4983896139603681267,inference_done,1765570247651,-1,-1,-1,-1,-1,7,300,300,34.05,-1,-1,-1,-1,-1,-1,-1,-1,-1,-1,-1,-1,-1,-1,-1,
1765570248191,InferenceEngine,4983896139603681267,inference_done,1765570247694,-1,-1,-1,-1,-1,7,300,300,34.05,-1,-1,-1,-1,-1,-1,-1,-1,-1,-1,-1,-1,-1,-1,-1,
1765570248239,InferenceEngine,4983896139603681267,inference_done,1765570247739,-1,-1,-1,-1,-1,7,300,300,33.8,-1,-1,-1,-1,-1,-1,-1,-1,-1,-1,-1,-1,-1,-1,-1,
1765570248278,InferenceEngine,4983896139603681267,inference_done,1765570247783,-1,-1,-1,-1,-1,9,300,300,34.05,-1,-1,-1,-1,-1,-1,-1,-1,-1,-1,-1,-1,-1,-1,-1,
1765570248327,InferenceEngine,4983896139603681267,inference_done,1765570247826,-1,-1,-1,-1,-1,7,300,300,33.8,-1,-1,-1,-1,-1,-1,-1,-1,-1,-1,-1,-1,-1,-1,-1,
1765570248365,InferenceEngine,4983896139603681267,inference_done,1765570247870,-1,-1,-1,-1,-1,7,300,300,33.8,-1,-1,-1,-1,-1,-1,-1,-1,-1,-1,-1,-1,-1,-1,-1,
1765570248413,InferenceEngine,4983896139603681267,inference_done,1765570247913,-1,-1,-1,-1,-1,7,300,300,33.8,-1,-1,-1,-1,-1,-1,-1,-1,-1,-1,-1,-1,-1,-1,-1,
1765570248451,InferenceEngine,4983896139603681267,inference_done,1765570247957,-1,-1,-1,-1,-1,7,300,300,33.8,-1,-1,-1,-1,-1,-1,-1,-1,-1,-1,-1,-1,-1,-1,-1,
1765570248499,InferenceEngine,4983896139603681267,inference_done,1765570248001,-1,-1,-1,-1,-1,7,300,300,33.55,-1,-1,-1,-1,-1,-1,-1,-1,-1,-1,-1,-1,-1,-1,-1,
1765570248537,InferenceEngine,4983896139603681267,inference_done,1765570248044,-1,-1,-1,-1,-1,7,300,300,33.8,-1,-1,-1,-1,-1,-1,-1,-1,-1,-1,-1,-1,-1,-1,-1,
1765570248586,InferenceEngine,4983896139603681267,inference_done,1765570248088,-1,-1,-1,-1,-1,7,300,300,33.8,-1,-1,-1,-1,-1,-1,-1,-1,-1,-1,-1,-1,-1,-1,-1,
1765570248623,InferenceEngine,4983896139603681267,inference_done,1765570248133,-1,-1,-1,-1,-1,7,300,300,34.05,-1,-1,-1,-1,-1,-1,-1,-1,-1,-1,-1,-1,-1,-1,-1,
1765570248671,InferenceEngine,4983896139603681267,inference_done,1765570248176,-1,-1,-1,-1,-1,7,300,300,33.8,-1,-1,-1,-1,-1,-1,-1,-1,-1,-1,-1,-1,-1,-1,-1,
1765570248719,InferenceEngine,4983896139603681267,inference_done,1765570248219,-1,-1,-1,-1,-1,7,300,300,33.8,-1,-1,-1,-1,-1,-1,-1,-1,-1,-1,-1,-1,-1,-1,-1,
1765570248758,InferenceEngine,4983896139603681267,inference_done,1765570248263,-1,-1,-1,-1,-1,7,300,300,33.8,-1,-1,-1,-1,-1,-1,-1,-1,-1,-1,-1,-1,-1,-1,-1,
1765570248806,InferenceEngine,4983896139603681267,inference_done,1765570248308,-1,-1,-1,-1,-1,7,300,300,33.8,-1,-1,-1,-1,-1,-1,-1,-1,-1,-1,-1,-1,-1,-1,-1,
1765570248844,InferenceEngine,4983896139603681267,inference_done,1765570248351,-1,-1,-1,-1,-1,7,300,300,34.05,-1,-1,-1,-1,-1,-1,-1,-1,-1,-1,-1,-1,-1,-1,-1,
1765570248892,InferenceEngine,4983896139603681267,inference_done,1765570248394,-1,-1,-1,-1,-1,7,300,300,33.8,-1,-1,-1,-1,-1,-1,-1,-1,-1,-1,-1,-1,-1,-1,-1,
1765570248931,InferenceEngine,4983896139603681267,inference_done,1765570248438,-1,-1,-1,-1,-1,8,300,300,34.05,-1,-1,-1,-1,-1,-1,-1,-1,-1,-1,-1,-1,-1,-1,-1,
1765570248979,InferenceEngine,4983896139603681267,inference_done,1765570248483,-1,-1,-1,-1,-1,7,300,300,33.8,-1,-1,-1,-1,-1,-1,-1,-1,-1,-1,-1,-1,-1,-1,-1,
1765570249018,InferenceEngine,4983896139603681267,inference_done,1765570248526,-1,-1,-1,-1,-1,8,300,300,34.05,-1,-1,-1,-1,-1,-1,-1,-1,-1,-1,-1,-1,-1,-1,-1,
1765570249067,InferenceEngine,4983896139603681267,inference_done,1765570248569,-1,-1,-1,-1,-1,7,300,300,33.8,-1,-1,-1,-1,-1,-1,-1,-1,-1,-1,-1,-1,-1,-1,-1,
1765570249105,InferenceEngine,4983896139603681267,inference_done,1765570248614,-1,-1,-1,-1,-1,8,300,300,34.05,-1,-1,-1,-1,-1,-1,-1,-1,-1,-1,-1,-1,-1,-1,-1,
1765570249154,InferenceEngine,4983896139603681267,inference_done,1765570248658,-1,-1,-1,-1,-1,7,300,300,34.05,-1,-1,-1,-1,-1,-1,-1,-1,-1,-1,-1,-1,-1,-1,-1,
1765570249193,InferenceEngine,4983896139603681267,inference_done,1765570248700,-1,-1,-1,-1,-1,8,300,300,33.8,-1,-1,-1,-1,-1,-1,-1,-1,-1,-1,-1,-1,-1,-1,-1,
1765570249243,InferenceEngine,4983896139603681267,inference_done,1765570248744,-1,-1,-1,-1,-1,7,300,300,33.8,-1,-1,-1,-1,-1,-1,-1,-1,-1,-1,-1,-1,-1,-1,-1,
1765570249281,InferenceEngine,4983896139603681267,inference_done,1765570248789,-1,-1,-1,-1,-1,8,300,300,33.55,-1,-1,-1,-1,-1,-1,-1,-1,-1,-1,-1,-1,-1,-1,-1,
1765570249330,InferenceEngine,4983896139603681267,inference_done,1765570248832,-1,-1,-1,-1,-1,7,300,300,33.8,-1,-1,-1,-1,-1,-1,-1,-1,-1,-1,-1,-1,-1,-1,-1,
1765570249369,InferenceEngine,4983896139603681267,inference_done,1765570248875,-1,-1,-1,-1,-1,8,300,300,33.8,-1,-1,-1,-1,-1,-1,-1,-1,-1,-1,-1,-1,-1,-1,-1,
1765570249417,InferenceEngine,4983896139603681267,inference_done,1765570248920,-1,-1,-1,-1,-1,7,300,300,33.55,-1,-1,-1,-1,-1,-1,-1,-1,-1,-1,-1,-1,-1,-1,-1,
1765570249455,InferenceEngine,4983896139603681267,inference_done,1765570248964,-1,-1,-1,-1,-1,8,300,300,33.8,-1,-1,-1,-1,-1,-1,-1,-1,-1,-1,-1,-1,-1,-1,-1,
1765570249505,InferenceEngine,4983896139603681267,inference_done,1765570249008,-1,-1,-1,-1,-1,7,300,300,33.8,-1,-1,-1,-1,-1,-1,-1,-1,-1,-1,-1,-1,-1,-1,-1,
1765570249543,InferenceEngine,4983896139603681267,inference_done,1765570249050,-1,-1,-1,-1,-1,8,300,300,34.05,-1,-1,-1,-1,-1,-1,-1,-1,-1,-1,-1,-1,-1,-1,-1,
1765570249592,InferenceEngine,4983896139603681267,inference_done,1765570249094,-1,-1,-1,-1,-1,7,300,300,33.55,-1,-1,-1,-1,-1,-1,-1,-1,-1,-1,-1,-1,-1,-1,-1,
1765570249630,InferenceEngine,4983896139603681267,inference_done,1765570249139,-1,-1,-1,-1,-1,8,300,300,33.8,-1,-1,-1,-1,-1,-1,-1,-1,-1,-1,-1,-1,-1,-1,-1,
1765570249679,InferenceEngine,4983896139603681267,inference_done,1765570249183,-1,-1,-1,-1,-1,7,300,300,34.05,-1,-1,-1,-1,-1,-1,-1,-1,-1,-1,-1,-1,-1,-1,-1,
1765570249719,InferenceEngine,4983896139603681267,inference_done,1765570249225,-1,-1,-1,-1,-1,8,300,300,33.8,-1,-1,-1,-1,-1,-1,-1,-1,-1,-1,-1,-1,-1,-1,-1,
1765570249768,InferenceEngine,4983896139603681267,inference_done,1765570249269,-1,-1,-1,-1,-1,7,300,300,34.05,-1,-1,-1,-1,-1,-1,-1,-1,-1,-1,-1,-1,-1,-1,-1,
1765570249807,InferenceEngine,4983896139603681267,inference_done,1765570249314,-1,-1,-1,-1,-1,8,300,300,33.8,-1,-1,-1,-1,-1,-1,-1,-1,-1,-1,-1,-1,-1,-1,-1,
1765570249857,InferenceEngine,4983896139603681267,inference_done,1765570249358,-1,-1,-1,-1,-1,7,300,300,33.8,-1,-1,-1,-1,-1,-1,-1,-1,-1,-1,-1,-1,-1,-1,-1,
1765570249895,InferenceEngine,4983896139603681267,inference_done,1765570249400,-1,-1,-1,-1,-1,7,300,300,34.05,-1,-1,-1,-1,-1,-1,-1,-1,-1,-1,-1,-1,-1,-1,-1,
1765570249943,InferenceEngine,4983896139603681267,inference_done,1765570249444,-1,-1,-1,-1,-1,7,300,300,33.8,-1,-1,-1,-1,-1,-1,-1,-1,-1,-1,-1,-1,-1,-1,-1,
1765570249982,InferenceEngine,4983896139603681267,inference_done,1765570249488,-1,-1,-1,-1,-1,8,300,300,34.05,-1,-1,-1,-1,-1,-1,-1,-1,-1,-1,-1,-1,-1,-1,-1,
1765570250030,InferenceEngine,4983896139603681267,inference_done,1765570249532,-1,-1,-1,-1,-1,7,300,300,33.8,-1,-1,-1,-1,-1,-1,-1,-1,-1,-1,-1,-1,-1,-1,-1,
1765570250069,InferenceEngine,4983896139603681267,inference_done,1765570249576,-1,-1,-1,-1,-1,8,300,300,33.55,-1,-1,-1,-1,-1,-1,-1,-1,-1,-1,-1,-1,-1,-1,-1,
1765570250118,InferenceEngine,4983896139603681267,inference_done,1765570249620,-1,-1,-1,-1,-1,8,300,300,33.8,-1,-1,-1,-1,-1,-1,-1,-1,-1,-1,-1,-1,-1,-1,-1,
1765570250156,InferenceEngine,4983896139603681267,inference_done,1765570249664,-1,-1,-1,-1,-1,7,300,300,33.8,-1,-1,-1,-1,-1,-1,-1,-1,-1,-1,-1,-1,-1,-1,-1,
1765570250204,InferenceEngine,4983896139603681267,inference_done,1765570249708,-1,-1,-1,-1,-1,7,300,300,33.8,-1,-1,-1,-1,-1,-1,-1,-1,-1,-1,-1,-1,-1,-1,-1,
1765570250243,InferenceEngine,4983896139603681267,inference_done,1765570249751,-1,-1,-1,-1,-1,7,300,300,33.8,-1,-1,-1,-1,-1,-1,-1,-1,-1,-1,-1,-1,-1,-1,-1,
1765570250291,InferenceEngine,4983896139603681267,inference_done,1765570249794,-1,-1,-1,-1,-1,8,300,300,33.8,-1,-1,-1,-1,-1,-1,-1,-1,-1,-1,-1,-1,-1,-1,-1,
1765570250330,InferenceEngine,4983896139603681267,inference_done,1765570249839,-1,-1,-1,-1,-1,7,300,300,33.55,-1,-1,-1,-1,-1,-1,-1,-1,-1,-1,-1,-1,-1,-1,-1,
1765570250378,InferenceEngine,4983896139603681267,inference_done,1765570249883,-1,-1,-1,-1,-1,7,300,300,33.8,-1,-1,-1,-1,-1,-1,-1,-1,-1,-1,-1,-1,-1,-1,-1,
1765570250427,InferenceEngine,4983896139603681267,inference_done,1765570249926,-1,-1,-1,-1,-1,7,300,300,33.55,-1,-1,-1,-1,-1,-1,-1,-1,-1,-1,-1,-1,-1,-1,-1,
1765570250465,InferenceEngine,4983896139603681267,inference_done,1765570249969,-1,-1,-1,-1,-1,7,300,300,33.55,-1,-1,-1,-1,-1,-1,-1,-1,-1,-1,-1,-1,-1,-1,-1,
1765570250502,InferenceEngine,4983896139603681267,inference_done,1765570250014,-1,-1,-1,-1,-1,7,300,300,33.55,-1,-1,-1,-1,-1,-1,-1,-1,-1,-1,-1,-1,-1,-1,-1,
1765570250550,InferenceEngine,4983896139603681267,inference_done,1765570250058,-1,-1,-1,-1,-1,7,300,300,33.8,-1,-1,-1,-1,-1,-1,-1,-1,-1,-1,-1,-1,-1,-1,-1,
1765570250599,InferenceEngine,4983896139603681267,inference_done,1765570250101,-1,-1,-1,-1,-1,7,300,300,33.55,-1,-1,-1,-1,-1,-1,-1,-1,-1,-1,-1,-1,-1,-1,-1,
1765570250637,InferenceEngine,4983896139603681267,inference_done,1765570250145,-1,-1,-1,-1,-1,7,300,300,33.8,-1,-1,-1,-1,-1,-1,-1,-1,-1,-1,-1,-1,-1,-1,-1,
1765570250685,InferenceEngine,4983896139603681267,inference_done,1765570250188,-1,-1,-1,-1,-1,7,300,300,33.8,-1,-1,-1,-1,-1,-1,-1,-1,-1,-1,-1,-1,-1,-1,-1,
1765570250733,InferenceEngine,4983896139603681267,inference_done,1765570250231,-1,-1,-1,-1,-1,7,300,300,33.8,-1,-1,-1,-1,-1,-1,-1,-1,-1,-1,-1,-1,-1,-1,-1,
1765570250771,InferenceEngine,4983896139603681267,inference_done,1765570250275,-1,-1,-1,-1,-1,7,300,300,33.55,-1,-1,-1,-1,-1,-1,-1,-1,-1,-1,-1,-1,-1,-1,-1,
1765570250819,InferenceEngine,4983896139603681267,inference_done,1765570250319,-1,-1,-1,-1,-1,7,300,300,33.8,-1,-1,-1,-1,-1,-1,-1,-1,-1,-1,-1,-1,-1,-1,-1,
1765570250857,InferenceEngine,4983896139603681267,inference_done,1765570250364,-1,-1,-1,-1,-1,7,300,300,33.8,-1,-1,-1,-1,-1,-1,-1,-1,-1,-1,-1,-1,-1,-1,-1,
1765570250905,InferenceEngine,4983896139603681267,inference_done,1765570250406,-1,-1,-1,-1,-1,7,300,300,33.8,-1,-1,-1,-1,-1,-1,-1,-1,-1,-1,-1,-1,-1,-1,-1,
1765570250943,InferenceEngine,4983896139603681267,inference_done,1765570250451,-1,-1,-1,-1,-1,7,300,300,33.8,-1,-1,-1,-1,-1,-1,-1,-1,-1,-1,-1,-1,-1,-1,-1,
1765570250991,InferenceEngine,4983896139603681267,inference_done,1765570250495,-1,-1,-1,-1,-1,7,300,300,33.8,-1,-1,-1,-1,-1,-1,-1,-1,-1,-1,-1,-1,-1,-1,-1,
1765570251029,InferenceEngine,4983896139603681267,inference_done,1765570250539,-1,-1,-1,-1,-1,7,300,300,33.8,-1,-1,-1,-1,-1,-1,-1,-1,-1,-1,-1,-1,-1,-1,-1,
1765570251077,InferenceEngine,4983896139603681267,inference_done,1765570250581,-1,-1,-1,-1,-1,7,300,300,33.8,-1,-1,-1,-1,-1,-1,-1,-1,-1,-1,-1,-1,-1,-1,-1,
1765570251125,InferenceEngine,4983896139603681267,inference_done,1765570250626,-1,-1,-1,-1,-1,7,300,300,33.8,-1,-1,-1,-1,-1,-1,-1,-1,-1,-1,-1,-1,-1,-1,-1,
1765570251164,InferenceEngine,4983896139603681267,inference_done,1765570250670,-1,-1,-1,-1,-1,7,300,300,34.05,-1,-1,-1,-1,-1,-1,-1,-1,-1,-1,-1,-1,-1,-1,-1,
1765570251212,InferenceEngine,4983896139603681267,inference_done,1765570250714,-1,-1,-1,-1,-1,7,300,300,33.8,-1,-1,-1,-1,-1,-1,-1,-1,-1,-1,-1,-1,-1,-1,-1,
1765570251250,InferenceEngine,4983896139603681267,inference_done,1765570250756,-1,-1,-1,-1,-1,8,300,300,33.55,-1,-1,-1,-1,-1,-1,-1,-1,-1,-1,-1,-1,-1,-1,-1,
1765570251298,InferenceEngine,4983896139603681267,inference_done,1765570250801,-1,-1,-1,-1,-1,7,300,300,33.8,-1,-1,-1,-1,-1,-1,-1,-1,-1,-1,-1,-1,-1,-1,-1,
1765570251336,InferenceEngine,4983896139603681267,inference_done,1765570250844,-1,-1,-1,-1,-1,7,300,300,33.8,-1,-1,-1,-1,-1,-1,-1,-1,-1,-1,-1,-1,-1,-1,-1,
1765570251384,InferenceEngine,4983896139603681267,inference_done,1765570250888,-1,-1,-1,-1,-1,7,300,300,33.8,-1,-1,-1,-1,-1,-1,-1,-1,-1,-1,-1,-1,-1,-1,-1,
1765570251433,InferenceEngine,4983896139603681267,inference_done,1765570250933,-1,-1,-1,-1,-1,7,300,300,33.8,-1,-1,-1,-1,-1,-1,-1,-1,-1,-1,-1,-1,-1,-1,-1,
1765570251471,InferenceEngine,4983896139603681267,inference_done,1765570250977,-1,-1,-1,-1,-1,7,300,300,33.8,-1,-1,-1,-1,-1,-1,-1,-1,-1,-1,-1,-1,-1,-1,-1,
1765570251519,InferenceEngine,4983896139603681267,inference_done,1765570251022,-1,-1,-1,-1,-1,7,300,300,33.8,-1,-1,-1,-1,-1,-1,-1,-1,-1,-1,-1,-1,-1,-1,-1,
1765570251558,InferenceEngine,4983896139603681267,inference_done,1765570251066,-1,-1,-1,-1,-1,7,300,300,33.8,-1,-1,-1,-1,-1,-1,-1,-1,-1,-1,-1,-1,-1,-1,-1,
1765570251606,InferenceEngine,4983896139603681267,inference_done,1765570251109,-1,-1,-1,-1,-1,8,300,300,33.8,-1,-1,-1,-1,-1,-1,-1,-1,-1,-1,-1,-1,-1,-1,-1,
1765570251655,InferenceEngine,4983896139603681267,inference_done,1765570251154,-1,-1,-1,-1,-1,7,300,300,33.8,-1,-1,-1,-1,-1,-1,-1,-1,-1,-1,-1,-1,-1,-1,-1,
1765570251692,InferenceEngine,4983896139603681267,inference_done,1765570251197,-1,-1,-1,-1,-1,7,300,300,33.8,-1,-1,-1,-1,-1,-1,-1,-1,-1,-1,-1,-1,-1,-1,-1,
1765570251740,InferenceEngine,4983896139603681267,inference_done,1765570251241,-1,-1,-1,-1,-1,7,300,300,33.8,-1,-1,-1,-1,-1,-1,-1,-1,-1,-1,-1,-1,-1,-1,-1,
1765570251778,InferenceEngine,4983896139603681267,inference_done,1765570251287,-1,-1,-1,-1,-1,7,300,300,33.55,-1,-1,-1,-1,-1,-1,-1,-1,-1,-1,-1,-1,-1,-1,-1,
1765570251827,InferenceEngine,4983896139603681267,inference_done,1765570251331,-1,-1,-1,-1,-1,7,300,300,33.55,-1,-1,-1,-1,-1,-1,-1,-1,-1,-1,-1,-1,-1,-1,-1,
1765570251875,InferenceEngine,4983896139603681267,inference_done,1765570251374,-1,-1,-1,-1,-1,7,300,300,33.8,-1,-1,-1,-1,-1,-1,-1,-1,-1,-1,-1,-1,-1,-1,-1,
1765570251913,InferenceEngine,4983896139603681267,inference_done,1765570251418,-1,-1,-1,-1,-1,7,300,300,33.8,-1,-1,-1,-1,-1,-1,-1,-1,-1,-1,-1,-1,-1,-1,-1,
1765570251961,InferenceEngine,4983896139603681267,inference_done,1765570251462,-1,-1,-1,-1,-1,7,300,300,33.55,-1,-1,-1,-1,-1,-1,-1,-1,-1,-1,-1,-1,-1,-1,-1,
1765570251999,InferenceEngine,4983896139603681267,inference_done,1765570251507,-1,-1,-1,-1,-1,7,300,300,33.8,-1,-1,-1,-1,-1,-1,-1,-1,-1,-1,-1,-1,-1,-1,-1,
1765570252047,InferenceEngine,4983896139603681267,inference_done,1765570251550,-1,-1,-1,-1,-1,7,300,300,33.8,-1,-1,-1,-1,-1,-1,-1,-1,-1,-1,-1,-1,-1,-1,-1,
1765570252085,InferenceEngine,4983896139603681267,inference_done,1765570251594,-1,-1,-1,-1,-1,7,300,300,34.05,-1,-1,-1,-1,-1,-1,-1,-1,-1,-1,-1,-1,-1,-1,-1,
1765570252134,InferenceEngine,4983896139603681267,inference_done,1765570251640,-1,-1,-1,-1,-1,8,300,300,33.55,-1,-1,-1,-1,-1,-1,-1,-1,-1,-1,-1,-1,-1,-1,-1,
1765570252182,InferenceEngine,4983896139603681267,inference_done,1765570251683,-1,-1,-1,-1,-1,7,300,300,33.8,-1,-1,-1,-1,-1,-1,-1,-1,-1,-1,-1,-1,-1,-1,-1,
1765570252220,InferenceEngine,4983896139603681267,inference_done,1765570251728,-1,-1,-1,-1,-1,7,300,300,33.8,-1,-1,-1,-1,-1,-1,-1,-1,-1,-1,-1,-1,-1,-1,-1,
1765570252268,InferenceEngine,4983896139603681267,inference_done,1765570251771,-1,-1,-1,-1,-1,7,300,300,33.55,-1,-1,-1,-1,-1,-1,-1,-1,-1,-1,-1,-1,-1,-1,-1,
1765570252307,InferenceEngine,4983896139603681267,inference_done,1765570251815,-1,-1,-1,-1,-1,8,300,300,33.8,-1,-1,-1,-1,-1,-1,-1,-1,-1,-1,-1,-1,-1,-1,-1,
1765570252355,InferenceEngine,4983896139603681267,inference_done,1765570251860,-1,-1,-1,-1,-1,7,300,300,33.55,-1,-1,-1,-1,-1,-1,-1,-1,-1,-1,-1,-1,-1,-1,-1,
1765570252404,InferenceEngine,4983896139603681267,inference_done,1765570251903,-1,-1,-1,-1,-1,7,300,300,33.8,-1,-1,-1,-1,-1,-1,-1,-1,-1,-1,-1,-1,-1,-1,-1,
1765570252442,InferenceEngine,4983896139603681267,inference_done,1765570251948,-1,-1,-1,-1,-1,8,300,300,33.8,-1,-1,-1,-1,-1,-1,-1,-1,-1,-1,-1,-1,-1,-1,-1,
1765570252491,InferenceEngine,4983896139603681267,inference_done,1765570251993,-1,-1,-1,-1,-1,7,300,300,33.8,-1,-1,-1,-1,-1,-1,-1,-1,-1,-1,-1,-1,-1,-1,-1,
1765570252530,InferenceEngine,4983896139603681267,inference_done,1765570252037,-1,-1,-1,-1,-1,8,300,300,33.8,-1,-1,-1,-1,-1,-1,-1,-1,-1,-1,-1,-1,-1,-1,-1,
1765570252578,InferenceEngine,4983896139603681267,inference_done,1765570252080,-1,-1,-1,-1,-1,7,300,300,34.05,-1,-1,-1,-1,-1,-1,-1,-1,-1,-1,-1,-1,-1,-1,-1,
1765570252617,InferenceEngine,4983896139603681267,inference_done,1765570252124,-1,-1,-1,-1,-1,8,300,300,33.8,-1,-1,-1,-1,-1,-1,-1,-1,-1,-1,-1,-1,-1,-1,-1,
1765570252666,InferenceEngine,4983896139603681267,inference_done,1765570252168,-1,-1,-1,-1,-1,7,300,300,33.8,-1,-1,-1,-1,-1,-1,-1,-1,-1,-1,-1,-1,-1,-1,-1,
1765570252705,InferenceEngine,4983896139603681267,inference_done,1765570252212,-1,-1,-1,-1,-1,9,300,300,33.8,-1,-1,-1,-1,-1,-1,-1,-1,-1,-1,-1,-1,-1,-1,-1,
1765570252754,InferenceEngine,4983896139603681267,inference_done,1765570252256,-1,-1,-1,-1,-1,7,300,300,33.8,-1,-1,-1,-1,-1,-1,-1,-1,-1,-1,-1,-1,-1,-1,-1,
1765570252794,InferenceEngine,4983896139603681267,inference_done,1765570252302,-1,-1,-1,-1,-1,9,300,300,33.8,-1,-1,-1,-1,-1,-1,-1,-1,-1,-1,-1,-1,-1,-1,-1,
1765570252842,InferenceEngine,4983896139603681267,inference_done,1765570252346,-1,-1,-1,-1,-1,7,300,300,33.8,-1,-1,-1,-1,-1,-1,-1,-1,-1,-1,-1,-1,-1,-1,-1,
1765570252880,InferenceEngine,4983896139603681267,inference_done,1765570252389,-1,-1,-1,-1,-1,7,300,300,34.05,-1,-1,-1,-1,-1,-1,-1,-1,-1,-1,-1,-1,-1,-1,-1,
1765570252928,InferenceEngine,4983896139603681267,inference_done,1765570252434,-1,-1,-1,-1,-1,7,300,300,33.8,-1,-1,-1,-1,-1,-1,-1,-1,-1,-1,-1,-1,-1,-1,-1,
1765570252977,InferenceEngine,4983896139603681267,inference_done,1765570252477,-1,-1,-1,-1,-1,7,300,300,33.8,-1,-1,-1,-1,-1,-1,-1,-1,-1,-1,-1,-1,-1,-1,-1,
1765570253015,InferenceEngine,4983896139603681267,inference_done,1765570252522,-1,-1,-1,-1,-1,8,300,300,34.05,-1,-1,-1,-1,-1,-1,-1,-1,-1,-1,-1,-1,-1,-1,-1,
1765570253064,InferenceEngine,4983896139603681267,inference_done,1765570252565,-1,-1,-1,-1,-1,7,300,300,33.8,-1,-1,-1,-1,-1,-1,-1,-1,-1,-1,-1,-1,-1,-1,-1,
1765570253103,InferenceEngine,4983896139603681267,inference_done,1765570252609,-1,-1,-1,-1,-1,8,300,300,34.05,-1,-1,-1,-1,-1,-1,-1,-1,-1,-1,-1,-1,-1,-1,-1,
1765570253152,InferenceEngine,4983896139603681267,inference_done,1765570252655,-1,-1,-1,-1,-1,7,300,300,34.05,-1,-1,-1,-1,-1,-1,-1,-1,-1,-1,-1,-1,-1,-1,-1,
1765570253191,InferenceEngine,4983896139603681267,inference_done,1765570252699,-1,-1,-1,-1,-1,8,300,300,33.55,-1,-1,-1,-1,-1,-1,-1,-1,-1,-1,-1,-1,-1,-1,-1,
1765570253239,InferenceEngine,4983896139603681267,inference_done,1765570252743,-1,-1,-1,-1,-1,7,300,300,33.55,-1,-1,-1,-1,-1,-1,-1,-1,-1,-1,-1,-1,-1,-1,-1,
1765570253278,InferenceEngine,4983896139603681267,inference_done,1765570252786,-1,-1,-1,-1,-1,8,300,300,34.05,-1,-1,-1,-1,-1,-1,-1,-1,-1,-1,-1,-1,-1,-1,-1,
1765570253327,InferenceEngine,4983896139603681267,inference_done,1765570252830,-1,-1,-1,-1,-1,7,300,300,33.8,-1,-1,-1,-1,-1,-1,-1,-1,-1,-1,-1,-1,-1,-1,-1,
1765570253375,InferenceEngine,4983896139603681267,inference_done,1765570252874,-1,-1,-1,-1,-1,7,300,300,33.8,-1,-1,-1,-1,-1,-1,-1,-1,-1,-1,-1,-1,-1,-1,-1,
1765570253413,InferenceEngine,4983896139603681267,inference_done,1765570252918,-1,-1,-1,-1,-1,7,300,300,34.05,-1,-1,-1,-1,-1,-1,-1,-1,-1,-1,-1,-1,-1,-1,-1,
1765570253461,InferenceEngine,4983896139603681267,inference_done,1765570252963,-1,-1,-1,-1,-1,7,300,300,33.8,-1,-1,-1,-1,-1,-1,-1,-1,-1,-1,-1,-1,-1,-1,-1,
1765570253500,InferenceEngine,4983896139603681267,inference_done,1765570253008,-1,-1,-1,-1,-1,7,300,300,33.8,-1,-1,-1,-1,-1,-1,-1,-1,-1,-1,-1,-1,-1,-1,-1,
1765570253548,InferenceEngine,4983896139603681267,inference_done,1765570253052,-1,-1,-1,-1,-1,7,300,300,33.8,-1,-1,-1,-1,-1,-1,-1,-1,-1,-1,-1,-1,-1,-1,-1,
1765570253596,InferenceEngine,4983896139603681267,inference_done,1765570253096,-1,-1,-1,-1,-1,7,300,300,34.05,-1,-1,-1,-1,-1,-1,-1,-1,-1,-1,-1,-1,-1,-1,-1,
1765570253635,InferenceEngine,4983896139603681267,inference_done,1765570253139,-1,-1,-1,-1,-1,7,300,300,34.05,-1,-1,-1,-1,-1,-1,-1,-1,-1,-1,-1,-1,-1,-1,-1,
1765570253684,InferenceEngine,4983896139603681267,inference_done,1765570253183,-1,-1,-1,-1,-1,7,300,300,34.05,-1,-1,-1,-1,-1,-1,-1,-1,-1,-1,-1,-1,-1,-1,-1,
1765570253723,InferenceEngine,4983896139603681267,inference_done,1765570253227,-1,-1,-1,-1,-1,8,300,300,33.8,-1,-1,-1,-1,-1,-1,-1,-1,-1,-1,-1,-1,-1,-1,-1,
1765570253772,InferenceEngine,4983896139603681267,inference_done,1765570253271,-1,-1,-1,-1,-1,8,300,300,33.55,-1,-1,-1,-1,-1,-1,-1,-1,-1,-1,-1,-1,-1,-1,-1,
1765570253811,InferenceEngine,4983896139603681267,inference_done,1765570253316,-1,-1,-1,-1,-1,8,300,300,34.05,-1,-1,-1,-1,-1,-1,-1,-1,-1,-1,-1,-1,-1,-1,-1,
1765570253849,InferenceEngine,4983896139603681267,inference_done,1765570253361,-1,-1,-1,-1,-1,7,300,300,33.55,-1,-1,-1,-1,-1,-1,-1,-1,-1,-1,-1,-1,-1,-1,-1,
1765570253898,InferenceEngine,4983896139603681267,inference_done,1765570253405,-1,-1,-1,-1,-1,8,300,300,33.8,-1,-1,-1,-1,-1,-1,-1,-1,-1,-1,-1,-1,-1,-1,-1,
1765570253946,InferenceEngine,4983896139603681267,inference_done,1765570253449,-1,-1,-1,-1,-1,7,300,300,33.8,-1,-1,-1,-1,-1,-1,-1,-1,-1,-1,-1,-1,-1,-1,-1,
1765570253985,InferenceEngine,4983896139603681267,inference_done,1765570253492,-1,-1,-1,-1,-1,8,300,300,34.05,-1,-1,-1,-1,-1,-1,-1,-1,-1,-1,-1,-1,-1,-1,-1,
1765570254033,InferenceEngine,4983896139603681267,inference_done,1765570253536,-1,-1,-1,-1,-1,7,300,300,33.8,-1,-1,-1,-1,-1,-1,-1,-1,-1,-1,-1,-1,-1,-1,-1,
1765570254081,InferenceEngine,4983896139603681267,inference_done,1765570253581,-1,-1,-1,-1,-1,7,300,300,33.8,-1,-1,-1,-1,-1,-1,-1,-1,-1,-1,-1,-1,-1,-1,-1,
1765570254120,InferenceEngine,4983896139603681267,inference_done,1765570253624,-1,-1,-1,-1,-1,7,300,300,33.8,-1,-1,-1,-1,-1,-1,-1,-1,-1,-1,-1,-1,-1,-1,-1,
1765570254168,InferenceEngine,4983896139603681267,inference_done,1765570253669,-1,-1,-1,-1,-1,7,300,300,34.05,-1,-1,-1,-1,-1,-1,-1,-1,-1,-1,-1,-1,-1,-1,-1,
1765570254206,InferenceEngine,4983896139603681267,inference_done,1765570253714,-1,-1,-1,-1,-1,7,300,300,34.05,-1,-1,-1,-1,-1,-1,-1,-1,-1,-1,-1,-1,-1,-1,-1,
1765570254254,InferenceEngine,4983896139603681267,inference_done,1765570253758,-1,-1,-1,-1,-1,7,300,300,34.05,-1,-1,-1,-1,-1,-1,-1,-1,-1,-1,-1,-1,-1,-1,-1,
1765570254292,InferenceEngine,4983896139603681267,inference_done,1765570253802,-1,-1,-1,-1,-1,7,300,300,33.8,-1,-1,-1,-1,-1,-1,-1,-1,-1,-1,-1,-1,-1,-1,-1,
1765570254341,InferenceEngine,4983896139603681267,inference_done,1765570253845,-1,-1,-1,-1,-1,8,300,300,34.05,-1,-1,-1,-1,-1,-1,-1,-1,-1,-1,-1,-1,-1,-1,-1,
1765570254379,InferenceEngine,4983896139603681267,inference_done,1765570253889,-1,-1,-1,-1,-1,7,300,300,34.05,-1,-1,-1,-1,-1,-1,-1,-1,-1,-1,-1,-1,-1,-1,-1,
1765570254428,InferenceEngine,4983896139603681267,inference_done,1765570253934,-1,-1,-1,-1,-1,8,300,300,34.3,-1,-1,-1,-1,-1,-1,-1,-1,-1,-1,-1,-1,-1,-1,-1,
1765570254477,InferenceEngine,4983896139603681267,inference_done,1765570253978,-1,-1,-1,-1,-1,7,300,300,33.8,-1,-1,-1,-1,-1,-1,-1,-1,-1,-1,-1,-1,-1,-1,-1,
1765570254515,InferenceEngine,4983896139603681267,inference_done,1765570254023,-1,-1,-1,-1,-1,8,300,300,34.05,-1,-1,-1,-1,-1,-1,-1,-1,-1,-1,-1,-1,-1,-1,-1,
1765570254564,InferenceEngine,4983896139603681267,inference_done,1765570254067,-1,-1,-1,-1,-1,8,300,300,33.8,-1,-1,-1,-1,-1,-1,-1,-1,-1,-1,-1,-1,-1,-1,-1,
1765570254603,InferenceEngine,4983896139603681267,inference_done,1765570254111,-1,-1,-1,-1,-1,8,300,300,34.05,-1,-1,-1,-1,-1,-1,-1,-1,-1,-1,-1,-1,-1,-1,-1,
1765570254652,InferenceEngine,4983896139603681267,inference_done,1765570254155,-1,-1,-1,-1,-1,7,300,300,33.8,-1,-1,-1,-1,-1,-1,-1,-1,-1,-1,-1,-1,-1,-1,-1,
1765570254691,InferenceEngine,4983896139603681267,inference_done,1765570254198,-1,-1,-1,-1,-1,7,300,300,34.05,-1,-1,-1,-1,-1,-1,-1,-1,-1,-1,-1,-1,-1,-1,-1,
1765570254739,InferenceEngine,4983896139603681267,inference_done,1765570254242,-1,-1,-1,-1,-1,7,300,300,34.05,-1,-1,-1,-1,-1,-1,-1,-1,-1,-1,-1,-1,-1,-1,-1,
1765570254787,InferenceEngine,4983896139603681267,inference_done,1765570254286,-1,-1,-1,-1,-1,7,300,300,33.8,-1,-1,-1,-1,-1,-1,-1,-1,-1,-1,-1,-1,-1,-1,-1,
1765570254825,InferenceEngine,4983896139603681267,inference_done,1765570254332,-1,-1,-1,-1,-1,7,300,300,33.8,-1,-1,-1,-1,-1,-1,-1,-1,-1,-1,-1,-1,-1,-1,-1,
1765570254873,InferenceEngine,4983896139603681267,inference_done,1765570254376,-1,-1,-1,-1,-1,7,300,300,34.05,-1,-1,-1,-1,-1,-1,-1,-1,-1,-1,-1,-1,-1,-1,-1,
1765570254912,InferenceEngine,4983896139603681267,inference_done,1765570254420,-1,-1,-1,-1,-1,7,300,300,33.8,-1,-1,-1,-1,-1,-1,-1,-1,-1,-1,-1,-1,-1,-1,-1,
1765570254961,InferenceEngine,4983896139603681267,inference_done,1765570254463,-1,-1,-1,-1,-1,7,300,300,34.05,-1,-1,-1,-1,-1,-1,-1,-1,-1,-1,-1,-1,-1,-1,-1,
1765570254999,InferenceEngine,4983896139603681267,inference_done,1765570254508,-1,-1,-1,-1,-1,7,300,300,33.55,-1,-1,-1,-1,-1,-1,-1,-1,-1,-1,-1,-1,-1,-1,-1,
1765570255048,InferenceEngine,4983896139603681267,inference_done,1765570254551,-1,-1,-1,-1,-1,8,300,300,33.8,-1,-1,-1,-1,-1,-1,-1,-1,-1,-1,-1,-1,-1,-1,-1,
1765570255086,InferenceEngine,4983896139603681267,inference_done,1765570254595,-1,-1,-1,-1,-1,7,300,300,33.8,-1,-1,-1,-1,-1,-1,-1,-1,-1,-1,-1,-1,-1,-1,-1,
1765570255135,InferenceEngine,4983896139603681267,inference_done,1765570254639,-1,-1,-1,-1,-1,8,300,300,33.8,-1,-1,-1,-1,-1,-1,-1,-1,-1,-1,-1,-1,-1,-1,-1,
1765570255183,InferenceEngine,4983896139603681267,inference_done,1765570254685,-1,-1,-1,-1,-1,7,300,300,34.05,-1,-1,-1,-1,-1,-1,-1,-1,-1,-1,-1,-1,-1,-1,-1,
1765570255222,InferenceEngine,4983896139603681267,inference_done,1765570254729,-1,-1,-1,-1,-1,8,300,300,33.8,-1,-1,-1,-1,-1,-1,-1,-1,-1,-1,-1,-1,-1,-1,-1,
1765570255270,InferenceEngine,4983896139603681267,inference_done,1765570254772,-1,-1,-1,-1,-1,7,300,300,33.55,-1,-1,-1,-1,-1,-1,-1,-1,-1,-1,-1,-1,-1,-1,-1,
1765570255308,InferenceEngine,4983896139603681267,inference_done,1765570254816,-1,-1,-1,-1,-1,7,300,300,33.8,-1,-1,-1,-1,-1,-1,-1,-1,-1,-1,-1,-1,-1,-1,-1,
1765570255357,InferenceEngine,4983896139603681267,inference_done,1765570254861,-1,-1,-1,-1,-1,7,300,300,33.55,-1,-1,-1,-1,-1,-1,-1,-1,-1,-1,-1,-1,-1,-1,-1,
1765570255395,InferenceEngine,4983896139603681267,inference_done,1765570254904,-1,-1,-1,-1,-1,7,300,300,33.8,-1,-1,-1,-1,-1,-1,-1,-1,-1,-1,-1,-1,-1,-1,-1,
1765570255443,InferenceEngine,4983896139603681267,inference_done,1765570254948,-1,-1,-1,-1,-1,7,300,300,33.8,-1,-1,-1,-1,-1,-1,-1,-1,-1,-1,-1,-1,-1,-1,-1,
1765570255492,InferenceEngine,4983896139603681267,inference_done,1765570254993,-1,-1,-1,-1,-1,7,300,300,33.8,-1,-1,-1,-1,-1,-1,-1,-1,-1,-1,-1,-1,-1,-1,-1,
1765570255530,InferenceEngine,4983896139603681267,inference_done,1765570255037,-1,-1,-1,-1,-1,7,300,300,33.3,-1,-1,-1,-1,-1,-1,-1,-1,-1,-1,-1,-1,-1,-1,-1,
1765570255578,InferenceEngine,4983896139603681267,inference_done,1765570255081,-1,-1,-1,-1,-1,7,300,300,33.8,-1,-1,-1,-1,-1,-1,-1,-1,-1,-1,-1,-1,-1,-1,-1,
1765570255616,InferenceEngine,4983896139603681267,inference_done,1765570255126,-1,-1,-1,-1,-1,7,300,300,33.8,-1,-1,-1,-1,-1,-1,-1,-1,-1,-1,-1,-1,-1,-1,-1,
1765570255665,InferenceEngine,4983896139603681267,inference_done,1765570255169,-1,-1,-1,-1,-1,8,300,300,33.8,-1,-1,-1,-1,-1,-1,-1,-1,-1,-1,-1,-1,-1,-1,-1,
1765570255713,InferenceEngine,4983896139603681267,inference_done,1765570255214,-1,-1,-1,-1,-1,7,300,300,33.8,-1,-1,-1,-1,-1,-1,-1,-1,-1,-1,-1,-1,-1,-1,-1,
1765570255751,InferenceEngine,4983896139603681267,inference_done,1765570255257,-1,-1,-1,-1,-1,7,300,300,33.8,-1,-1,-1,-1,-1,-1,-1,-1,-1,-1,-1,-1,-1,-1,-1,
1765570255799,InferenceEngine,4983896139603681267,inference_done,1765570255302,-1,-1,-1,-1,-1,7,300,300,33.8,-1,-1,-1,-1,-1,-1,-1,-1,-1,-1,-1,-1,-1,-1,-1,
1765570255838,InferenceEngine,4983896139603681267,inference_done,1765570255347,-1,-1,-1,-1,-1,8,300,300,34.05,-1,-1,-1,-1,-1,-1,-1,-1,-1,-1,-1,-1,-1,-1,-1,
1765570255886,InferenceEngine,4983896139603681267,inference_done,1765570255390,-1,-1,-1,-1,-1,7,300,300,34.05,-1,-1,-1,-1,-1,-1,-1,-1,-1,-1,-1,-1,-1,-1,-1,
1765570255935,InferenceEngine,4983896139603681267,inference_done,1765570255435,-1,-1,-1,-1,-1,7,300,300,33.8,-1,-1,-1,-1,-1,-1,-1,-1,-1,-1,-1,-1,-1,-1,-1,
1765570255974,InferenceEngine,4983896139603681267,inference_done,1765570255479,-1,-1,-1,-1,-1,8,300,300,33.8,-1,-1,-1,-1,-1,-1,-1,-1,-1,-1,-1,-1,-1,-1,-1,
1765570256022,InferenceEngine,4983896139603681267,inference_done,1765570255522,-1,-1,-1,-1,-1,7,300,300,33.8,-1,-1,-1,-1,-1,-1,-1,-1,-1,-1,-1,-1,-1,-1,-1,
1765570256060,InferenceEngine,4983896139603681267,inference_done,1765570255567,-1,-1,-1,-1,-1,7,300,300,34.05,-1,-1,-1,-1,-1,-1,-1,-1,-1,-1,-1,-1,-1,-1,-1,
1765570256109,InferenceEngine,4983896139603681267,inference_done,1765570255610,-1,-1,-1,-1,-1,7,300,300,33.8,-1,-1,-1,-1,-1,-1,-1,-1,-1,-1,-1,-1,-1,-1,-1,
1765570256147,InferenceEngine,4983896139603681267,inference_done,1765570255655,-1,-1,-1,-1,-1,7,300,300,34.05,-1,-1,-1,-1,-1,-1,-1,-1,-1,-1,-1,-1,-1,-1,-1,
1765570256196,InferenceEngine,4983896139603681267,inference_done,1765570255700,-1,-1,-1,-1,-1,8,300,300,33.8,-1,-1,-1,-1,-1,-1,-1,-1,-1,-1,-1,-1,-1,-1,-1,
1765570256244,InferenceEngine,4983896139603681267,inference_done,1765570255744,-1,-1,-1,-1,-1,7,300,300,34.05,-1,-1,-1,-1,-1,-1,-1,-1,-1,-1,-1,-1,-1,-1,-1,
1765570256283,InferenceEngine,4983896139603681267,inference_done,1765570255788,-1,-1,-1,-1,-1,7,300,300,33.55,-1,-1,-1,-1,-1,-1,-1,-1,-1,-1,-1,-1,-1,-1,-1,
1765570256321,InferenceEngine,4983896139603681267,inference_done,1765570255831,-1,-1,-1,-1,-1,7,300,300,34.05,-1,-1,-1,-1,-1,-1,-1,-1,-1,-1,-1,-1,-1,-1,-1,
1765570256369,InferenceEngine,4983896139603681267,inference_done,1765570255876,-1,-1,-1,-1,-1,7,300,300,34.05,-1,-1,-1,-1,-1,-1,-1,-1,-1,-1,-1,-1,-1,-1,-1,
1765570256418,InferenceEngine,4983896139603681267,inference_done,1765570255920,-1,-1,-1,-1,-1,7,300,300,34.05,-1,-1,-1,-1,-1,-1,-1,-1,-1,-1,-1,-1,-1,-1,-1,
1765570256458,InferenceEngine,4983896139603681267,inference_done,1765570255963,-1,-1,-1,-1,-1,8,300,300,33.8,-1,-1,-1,-1,-1,-1,-1,-1,-1,-1,-1,-1,-1,-1,-1,
1765570256506,InferenceEngine,4983896139603681267,inference_done,1765570256007,-1,-1,-1,-1,-1,7,300,300,33.8,-1,-1,-1,-1,-1,-1,-1,-1,-1,-1,-1,-1,-1,-1,-1,
1765570256545,InferenceEngine,4983896139603681267,inference_done,1765570256052,-1,-1,-1,-1,-1,9,300,300,33.8,-1,-1,-1,-1,-1,-1,-1,-1,-1,-1,-1,-1,-1,-1,-1,
1765570256593,InferenceEngine,4983896139603681267,inference_done,1765570256096,-1,-1,-1,-1,-1,7,300,300,33.8,-1,-1,-1,-1,-1,-1,-1,-1,-1,-1,-1,-1,-1,-1,-1,
1765570256633,InferenceEngine,4983896139603681267,inference_done,1765570256140,-1,-1,-1,-1,-1,9,300,300,34.05,-1,-1,-1,-1,-1,-1,-1,-1,-1,-1,-1,-1,-1,-1,-1,
1765570256681,InferenceEngine,4983896139603681267,inference_done,1765570256185,-1,-1,-1,-1,-1,7,300,300,33.8,-1,-1,-1,-1,-1,-1,-1,-1,-1,-1,-1,-1,-1,-1,-1,
1765570256720,InferenceEngine,4983896139603681267,inference_done,1765570256228,-1,-1,-1,-1,-1,8,300,300,34.05,-1,-1,-1,-1,-1,-1,-1,-1,-1,-1,-1,-1,-1,-1,-1,
1765570256768,InferenceEngine,4983896139603681267,inference_done,1765570256273,-1,-1,-1,-1,-1,7,300,300,33.8,-1,-1,-1,-1,-1,-1,-1,-1,-1,-1,-1,-1,-1,-1,-1,
1765570256816,InferenceEngine,4983896139603681267,inference_done,1765570256316,-1,-1,-1,-1,-1,7,300,300,34.05,-1,-1,-1,-1,-1,-1,-1,-1,-1,-1,-1,-1,-1,-1,-1,
1765570256855,InferenceEngine,4983896139603681267,inference_done,1765570256361,-1,-1,-1,-1,-1,7,300,300,34.05,-1,-1,-1,-1,-1,-1,-1,-1,-1,-1,-1,-1,-1,-1,-1,
1765570256903,InferenceEngine,4983896139603681267,inference_done,1765570256406,-1,-1,-1,-1,-1,7,300,300,33.8,-1,-1,-1,-1,-1,-1,-1,-1,-1,-1,-1,-1,-1,-1,-1,
1765570256941,InferenceEngine,4983896139603681267,inference_done,1765570256450,-1,-1,-1,-1,-1,7,300,300,34.05,-1,-1,-1,-1,-1,-1,-1,-1,-1,-1,-1,-1,-1,-1,-1,
1765570256989,InferenceEngine,4983896139603681267,inference_done,1765570256494,-1,-1,-1,-1,-1,7,300,300,34.05,-1,-1,-1,-1,-1,-1,-1,-1,-1,-1,-1,-1,-1,-1,-1,
1765570257036,InferenceEngine,4983896139603681267,inference_done,1765570256537,-1,-1,-1,-1,-1,7,300,300,34.05,-1,-1,-1,-1,-1,-1,-1,-1,-1,-1,-1,-1,-1,-1,-1,
1765570257074,InferenceEngine,4983896139603681267,inference_done,1765570256581,-1,-1,-1,-1,-1,7,300,300,34.05,-1,-1,-1,-1,-1,-1,-1,-1,-1,-1,-1,-1,-1,-1,-1,
1765570257122,InferenceEngine,4983896139603681267,inference_done,1765570256626,-1,-1,-1,-1,-1,7,300,300,34.3,-1,-1,-1,-1,-1,-1,-1,-1,-1,-1,-1,-1,-1,-1,-1,
1765570257171,InferenceEngine,4983896139603681267,inference_done,1765570256669,-1,-1,-1,-1,-1,8,300,300,33.8,-1,-1,-1,-1,-1,-1,-1,-1,-1,-1,-1,-1,-1,-1,-1,
1765570257210,InferenceEngine,4983896139603681267,inference_done,1765570256715,-1,-1,-1,-1,-1,7,300,300,34.05,-1,-1,-1,-1,-1,-1,-1,-1,-1,-1,-1,-1,-1,-1,-1,
1765570257258,InferenceEngine,4983896139603681267,inference_done,1765570256759,-1,-1,-1,-1,-1,8,300,300,34.3,-1,-1,-1,-1,-1,-1,-1,-1,-1,-1,-1,-1,-1,-1,-1,
1765570257297,InferenceEngine,4983896139603681267,inference_done,1765570256802,-1,-1,-1,-1,-1,8,300,300,34.05,-1,-1,-1,-1,-1,-1,-1,-1,-1,-1,-1,-1,-1,-1,-1,
1765570257345,InferenceEngine,4983896139603681267,inference_done,1765570256847,-1,-1,-1,-1,-1,7,300,300,34.05,-1,-1,-1,-1,-1,-1,-1,-1,-1,-1,-1,-1,-1,-1,-1,
1765570257384,InferenceEngine,4983896139603681267,inference_done,1765570256890,-1,-1,-1,-1,-1,8,300,300,33.8,-1,-1,-1,-1,-1,-1,-1,-1,-1,-1,-1,-1,-1,-1,-1,
1765570257432,InferenceEngine,4983896139603681267,inference_done,1765570256934,-1,-1,-1,-1,-1,7,300,300,33.8,-1,-1,-1,-1,-1,-1,-1,-1,-1,-1,-1,-1,-1,-1,-1,
1765570257470,InferenceEngine,4983896139603681267,inference_done,1765570256978,-1,-1,-1,-1,-1,7,300,300,33.8,-1,-1,-1,-1,-1,-1,-1,-1,-1,-1,-1,-1,-1,-1,-1,
1765570257518,InferenceEngine,4983896139603681267,inference_done,1765570257022,-1,-1,-1,-1,-1,7,300,300,33.8,-1,-1,-1,-1,-1,-1,-1,-1,-1,-1,-1,-1,-1,-1,-1,
1765570257566,InferenceEngine,4983896139603681267,inference_done,1765570257067,-1,-1,-1,-1,-1,7,300,300,33.8,-1,-1,-1,-1,-1,-1,-1,-1,-1,-1,-1,-1,-1,-1,-1,
1765570257655,InferenceEngine,4983896139603681267,inference_done,1765570257112,-1,-1,-1,-1,-1,8,300,300,34.05,-1,-1,-1,-1,-1,-1,-1,-1,-1,-1,-1,-1,-1,-1,-1,
1765570257663,InferenceEngine,4983896139603681267,inference_done,1765570257155,-1,-1,-1,-1,-1,7,300,300,34.05,-1,-1,-1,-1,-1,-1,-1,-1,-1,-1,-1,-1,-1,-1,-1,
1765570257691,InferenceEngine,4983896139603681267,inference_done,1765570257199,-1,-1,-1,-1,-1,7,300,300,34.05,-1,-1,-1,-1,-1,-1,-1,-1,-1,-1,-1,-1,-1,-1,-1,
1765570257739,InferenceEngine,4983896139603681267,inference_done,1765570257243,-1,-1,-1,-1,-1,7,300,300,33.8,-1,-1,-1,-1,-1,-1,-1,-1,-1,-1,-1,-1,-1,-1,-1,
1765570257789,InferenceEngine,4983896139603681267,inference_done,1765570257287,-1,-1,-1,-1,-1,7,300,300,33.55,-1,-1,-1,-1,-1,-1,-1,-1,-1,-1,-1,-1,-1,-1,-1,
1765570257827,InferenceEngine,4983896139603681267,inference_done,1765570257332,-1,-1,-1,-1,-1,8,300,300,34.05,-1,-1,-1,-1,-1,-1,-1,-1,-1,-1,-1,-1,-1,-1,-1,
1765570257876,InferenceEngine,4983896139603681267,inference_done,1765570257377,-1,-1,-1,-1,-1,7,300,300,33.8,-1,-1,-1,-1,-1,-1,-1,-1,-1,-1,-1,-1,-1,-1,-1,
1765570257914,InferenceEngine,4983896139603681267,inference_done,1765570257421,-1,-1,-1,-1,-1,7,300,300,34.05,-1,-1,-1,-1,-1,-1,-1,-1,-1,-1,-1,-1,-1,-1,-1,
1765570257963,InferenceEngine,4983896139603681267,inference_done,1765570257465,-1,-1,-1,-1,-1,7,300,300,33.8,-1,-1,-1,-1,-1,-1,-1,-1,-1,-1,-1,-1,-1,-1,-1,
1765570258001,InferenceEngine,4983896139603681267,inference_done,1765570257508,-1,-1,-1,-1,-1,7,300,300,33.8,-1,-1,-1,-1,-1,-1,-1,-1,-1,-1,-1,-1,-1,-1,-1,
1765570258049,InferenceEngine,4983896139603681267,inference_done,1765570257552,-1,-1,-1,-1,-1,7,300,300,34.05,-1,-1,-1,-1,-1,-1,-1,-1,-1,-1,-1,-1,-1,-1,-1,
1765570258087,InferenceEngine,4983896139603681267,inference_done,1765570257596,-1,-1,-1,-1,-1,7,300,300,33.55,-1,-1,-1,-1,-1,-1,-1,-1,-1,-1,-1,-1,-1,-1,-1,
1765570258136,InferenceEngine,4983896139603681267,inference_done,1765570257640,-1,-1,-1,-1,-1,8,300,300,33.55,-1,-1,-1,-1,-1,-1,-1,-1,-1,-1,-1,-1,-1,-1,-1,
1765570258184,InferenceEngine,4983896139603681267,inference_done,1765570257684,-1,-1,-1,-1,-1,7,300,300,33.8,-1,-1,-1,-1,-1,-1,-1,-1,-1,-1,-1,-1,-1,-1,-1,
1765570258222,InferenceEngine,4983896139603681267,inference_done,1765570257729,-1,-1,-1,-1,-1,8,300,300,34.05,-1,-1,-1,-1,-1,-1,-1,-1,-1,-1,-1,-1,-1,-1,-1,
1765570258270,InferenceEngine,4983896139603681267,inference_done,1765570257774,-1,-1,-1,-1,-1,7,300,300,33.8,-1,-1,-1,-1,-1,-1,-1,-1,-1,-1,-1,-1,-1,-1,-1,
1765570258319,InferenceEngine,4983896139603681267,inference_done,1765570257817,-1,-1,-1,-1,-1,7,300,300,33.8,-1,-1,-1,-1,-1,-1,-1,-1,-1,-1,-1,-1,-1,-1,-1,
1765570258357,InferenceEngine,4983896139603681267,inference_done,1765570257862,-1,-1,-1,-1,-1,8,300,300,33.8,-1,-1,-1,-1,-1,-1,-1,-1,-1,-1,-1,-1,-1,-1,-1,
1765570258406,InferenceEngine,4983896139603681267,inference_done,1765570257905,-1,-1,-1,-1,-1,7,300,300,34.05,-1,-1,-1,-1,-1,-1,-1,-1,-1,-1,-1,-1,-1,-1,-1,
1765570258445,InferenceEngine,4983896139603681267,inference_done,1765570257949,-1,-1,-1,-1,-1,8,300,300,33.8,-1,-1,-1,-1,-1,-1,-1,-1,-1,-1,-1,-1,-1,-1,-1,
1765570258493,InferenceEngine,4983896139603681267,inference_done,1765570257993,-1,-1,-1,-1,-1,7,300,300,34.05,-1,-1,-1,-1,-1,-1,-1,-1,-1,-1,-1,-1,-1,-1,-1,
1765570258532,InferenceEngine,4983896139603681267,inference_done,1765570258037,-1,-1,-1,-1,-1,8,300,300,33.8,-1,-1,-1,-1,-1,-1,-1,-1,-1,-1,-1,-1,-1,-1,-1,
1765570258581,InferenceEngine,4983896139603681267,inference_done,1765570258083,-1,-1,-1,-1,-1,7,300,300,33.8,-1,-1,-1,-1,-1,-1,-1,-1,-1,-1,-1,-1,-1,-1,-1,
1765570258620,InferenceEngine,4983896139603681267,inference_done,1765570258126,-1,-1,-1,-1,-1,8,300,300,34.3,-1,-1,-1,-1,-1,-1,-1,-1,-1,-1,-1,-1,-1,-1,-1,
1765570258668,InferenceEngine,4983896139603681267,inference_done,1765570258171,-1,-1,-1,-1,-1,7,300,300,33.8,-1,-1,-1,-1,-1,-1,-1,-1,-1,-1,-1,-1,-1,-1,-1,
1765570258707,InferenceEngine,4983896139603681267,inference_done,1765570258214,-1,-1,-1,-1,-1,8,300,300,34.05,-1,-1,-1,-1,-1,-1,-1,-1,-1,-1,-1,-1,-1,-1,-1,
1765570258755,InferenceEngine,4983896139603681267,inference_done,1765570258258,-1,-1,-1,-1,-1,7,300,300,33.8,-1,-1,-1,-1,-1,-1,-1,-1,-1,-1,-1,-1,-1,-1,-1,
1765570258794,InferenceEngine,4983896139603681267,inference_done,1765570258302,-1,-1,-1,-1,-1,8,300,300,33.8,-1,-1,-1,-1,-1,-1,-1,-1,-1,-1,-1,-1,-1,-1,-1,
1765570258843,InferenceEngine,4983896139603681267,inference_done,1765570258346,-1,-1,-1,-1,-1,7,300,300,33.8,-1,-1,-1,-1,-1,-1,-1,-1,-1,-1,-1,-1,-1,-1,-1,
1765570258891,InferenceEngine,4983896139603681267,inference_done,1765570258390,-1,-1,-1,-1,-1,7,300,300,33.8,-1,-1,-1,-1,-1,-1,-1,-1,-1,-1,-1,-1,-1,-1,-1,
1765570258929,InferenceEngine,4983896139603681267,inference_done,1765570258436,-1,-1,-1,-1,-1,7,300,300,34.05,-1,-1,-1,-1,-1,-1,-1,-1,-1,-1,-1,-1,-1,-1,-1,
1765570258977,InferenceEngine,4983896139603681267,inference_done,1765570258480,-1,-1,-1,-1,-1,7,300,300,34.05,-1,-1,-1,-1,-1,-1,-1,-1,-1,-1,-1,-1,-1,-1,-1,
1765570259016,InferenceEngine,4983896139603681267,inference_done,1765570258524,-1,-1,-1,-1,-1,8,300,300,34.05,-1,-1,-1,-1,-1,-1,-1,-1,-1,-1,-1,-1,-1,-1,-1,
1765570259065,InferenceEngine,4983896139603681267,inference_done,1765570258568,-1,-1,-1,-1,-1,8,300,300,33.8,-1,-1,-1,-1,-1,-1,-1,-1,-1,-1,-1,-1,-1,-1,-1,
1765570259102,InferenceEngine,4983896139603681267,inference_done,1765570258611,-1,-1,-1,-1,-1,7,300,300,33.55,-1,-1,-1,-1,-1,-1,-1,-1,-1,-1,-1,-1,-1,-1,-1,
1765570259150,InferenceEngine,4983896139603681267,inference_done,1765570258655,-1,-1,-1,-1,-1,7,300,300,34.05,-1,-1,-1,-1,-1,-1,-1,-1,-1,-1,-1,-1,-1,-1,-1,
1765570259198,InferenceEngine,4983896139603681267,inference_done,1765570258699,-1,-1,-1,-1,-1,7,300,300,33.8,-1,-1,-1,-1,-1,-1,-1,-1,-1,-1,-1,-1,-1,-1,-1,
1765570259237,InferenceEngine,4983896139603681267,inference_done,1765570258744,-1,-1,-1,-1,-1,8,300,300,34.05,-1,-1,-1,-1,-1,-1,-1,-1,-1,-1,-1,-1,-1,-1,-1,
1765570259285,InferenceEngine,4983896139603681267,inference_done,1765570258789,-1,-1,-1,-1,-1,7,300,300,33.8,-1,-1,-1,-1,-1,-1,-1,-1,-1,-1,-1,-1,-1,-1,-1,
1765570259323,InferenceEngine,4983896139603681267,inference_done,1765570258833,-1,-1,-1,-1,-1,7,300,300,34.05,-1,-1,-1,-1,-1,-1,-1,-1,-1,-1,-1,-1,-1,-1,-1,
1765570259373,InferenceEngine,4983896139603681267,inference_done,1765570258876,-1,-1,-1,-1,-1,9,300,300,34.05,-1,-1,-1,-1,-1,-1,-1,-1,-1,-1,-1,-1,-1,-1,-1,
1765570259411,InferenceEngine,4983896139603681267,inference_done,1765570258921,-1,-1,-1,-1,-1,7,300,300,33.8,-1,-1,-1,-1,-1,-1,-1,-1,-1,-1,-1,-1,-1,-1,-1,
1765570259460,InferenceEngine,4983896139603681267,inference_done,1765570258964,-1,-1,-1,-1,-1,8,300,300,33.8,-1,-1,-1,-1,-1,-1,-1,-1,-1,-1,-1,-1,-1,-1,-1,
1765570259498,InferenceEngine,4983896139603681267,inference_done,1765570259008,-1,-1,-1,-1,-1,7,300,300,33.55,-1,-1,-1,-1,-1,-1,-1,-1,-1,-1,-1,-1,-1,-1,-1,
1765570259546,InferenceEngine,4983896139603681267,inference_done,1765570259053,-1,-1,-1,-1,-1,7,300,300,34.05,-1,-1,-1,-1,-1,-1,-1,-1,-1,-1,-1,-1,-1,-1,-1,
1765570259594,InferenceEngine,4983896139603681267,inference_done,1765570259097,-1,-1,-1,-1,-1,7,300,300,34.05,-1,-1,-1,-1,-1,-1,-1,-1,-1,-1,-1,-1,-1,-1,-1,
1765570259633,InferenceEngine,4983896139603681267,inference_done,1765570259142,-1,-1,-1,-1,-1,8,300,300,34.05,-1,-1,-1,-1,-1,-1,-1,-1,-1,-1,-1,-1,-1,-1,-1,
1765570259681,InferenceEngine,4983896139603681267,inference_done,1765570259186,-1,-1,-1,-1,-1,7,300,300,33.8,-1,-1,-1,-1,-1,-1,-1,-1,-1,-1,-1,-1,-1,-1,-1,
1765570259729,InferenceEngine,4983896139603681267,inference_done,1765570259229,-1,-1,-1,-1,-1,7,300,300,33.8,-1,-1,-1,-1,-1,-1,-1,-1,-1,-1,-1,-1,-1,-1,-1,
1765570259767,InferenceEngine,4983896139603681267,inference_done,1765570259274,-1,-1,-1,-1,-1,7,300,300,33.55,-1,-1,-1,-1,-1,-1,-1,-1,-1,-1,-1,-1,-1,-1,-1,
1765570259816,InferenceEngine,4983896139603681267,inference_done,1765570259317,-1,-1,-1,-1,-1,7,300,300,34.05,-1,-1,-1,-1,-1,-1,-1,-1,-1,-1,-1,-1,-1,-1,-1,
1765570259854,InferenceEngine,4983896139603681267,inference_done,1765570259361,-1,-1,-1,-1,-1,7,300,300,33.8,-1,-1,-1,-1,-1,-1,-1,-1,-1,-1,-1,-1,-1,-1,-1,
1765570259902,InferenceEngine,4983896139603681267,inference_done,1765570259406,-1,-1,-1,-1,-1,7,300,300,33.55,-1,-1,-1,-1,-1,-1,-1,-1,-1,-1,-1,-1,-1,-1,-1,
1765570259940,InferenceEngine,4983896139603681267,inference_done,1765570259450,-1,-1,-1,-1,-1,7,300,300,33.8,-1,-1,-1,-1,-1,-1,-1,-1,-1,-1,-1,-1,-1,-1,-1,
1765570259988,InferenceEngine,4983896139603681267,inference_done,1765570259495,-1,-1,-1,-1,-1,7,300,300,34.3,-1,-1,-1,-1,-1,-1,-1,-1,-1,-1,-1,-1,-1,-1,-1,
1765570260036,InferenceEngine,4983896139603681267,inference_done,1765570259538,-1,-1,-1,-1,-1,7,300,300,33.8,-1,-1,-1,-1,-1,-1,-1,-1,-1,-1,-1,-1,-1,-1,-1,
